[2026-08-10T22:11:10.359+0000] {manager.py:487} INFO - Processing files using up to 2 processes at a time 
[2026-08-10T22:11:10.360+0000] {manager.py:488} INFO - Process each file at most once every 30 seconds
[2026-08-10T22:11:10.360+0000] {manager.py:489} INFO - Checking for new files in /opt/airflow/dags every 20 seconds
[2026-08-10T22:11:10.360+0000] {manager.py:755} INFO - Searching for files in /opt/airflow/dags
[2026-08-10T22:11:10.360+0000] {manager.py:758} INFO - There are 0 files in /opt/airflow/dags
[2026-08-10T22:11:30.466+0000] {manager.py:755} INFO - Searching for files in /opt/airflow/dags
[2026-08-10T22:11:30.468+0000] {manager.py:758} INFO - There are 0 files in /opt/airflow/dags
[2026-08-10T22:11:50.607+0000] {manager.py:755} INFO - Searching for files in /opt/airflow/dags
[2026-08-10T22:11:50.609+0000] {manager.py:758} INFO - There are 0 files in /opt/airflow/dags
[2026-08-10T22:12:10.753+0000] {manager.py:755} INFO - Searching for files in /opt/airflow/dags
[2026-08-10T22:12:10.755+0000] {manager.py:758} INFO - There are 0 files in /opt/airflow/dags
[2026-08-10T22:12:30.896+0000] {manager.py:755} INFO - Searching for files in /opt/airflow/dags
[2026-08-10T22:12:30.898+0000] {manager.py:758} INFO - There are 0 files in /opt/airflow/dags
[2026-08-10T22:12:34.852+0000] {manager.py:469} INFO - Exiting gracefully upon receiving signal 15
[2026-08-10T22:14:03.473+0000] {manager.py:487} INFO - Processing files using up to 2 processes at a time 
[2026-08-10T22:14:03.474+0000] {manager.py:488} INFO - Process each file at most once every 30 seconds
[2026-08-10T22:14:03.474+0000] {manager.py:489} INFO - Checking for new files in /opt/airflow/dags every 20 seconds
[2026-08-10T22:14:03.474+0000] {manager.py:755} INFO - Searching for files in /opt/airflow/dags
[2026-08-10T22:14:03.475+0000] {manager.py:758} INFO - There are 0 files in /opt/airflow/dags
[2026-08-10T22:14:23.607+0000] {manager.py:755} INFO - Searching for files in /opt/airflow/dags
[2026-08-10T22:14:23.607+0000] {manager.py:758} INFO - There are 0 files in /opt/airflow/dags
[2026-08-10T22:14:43.759+0000] {manager.py:755} INFO - Searching for files in /opt/airflow/dags
[2026-08-10T22:14:43.761+0000] {manager.py:758} INFO - There are 0 files in /opt/airflow/dags
[2026-08-10T22:15:03.927+0000] {manager.py:755} INFO - Searching for files in /opt/airflow/dags
[2026-08-10T22:15:03.928+0000] {manager.py:758} INFO - There are 0 files in /opt/airflow/dags
[2026-08-10T22:15:24.078+0000] {manager.py:755} INFO - Searching for files in /opt/airflow/dags
[2026-08-10T22:15:24.080+0000] {manager.py:758} INFO - There are 0 files in /opt/airflow/dags
[2026-08-10T22:15:44.221+0000] {manager.py:755} INFO - Searching for files in /opt/airflow/dags
[2026-08-10T22:15:44.226+0000] {manager.py:758} INFO - There are 1 files in /opt/airflow/dags
[2026-08-10T22:15:50.591+0000] {manager.py:469} INFO - Exiting gracefully upon receiving signal 15
[2026-08-10T22:21:31.732+0000] {manager.py:487} INFO - Processing files using up to 2 processes at a time 
[2026-08-10T22:21:31.733+0000] {manager.py:488} INFO - Process each file at most once every 30 seconds
[2026-08-10T22:21:31.733+0000] {manager.py:489} INFO - Checking for new files in /opt/airflow/dags every 20 seconds
[2026-08-10T22:21:31.733+0000] {manager.py:755} INFO - Searching for files in /opt/airflow/dags
[2026-08-10T22:21:31.735+0000] {manager.py:758} INFO - There are 1 files in /opt/airflow/dags
[2026-08-10T22:21:31.783+0000] {manager.py:887} INFO - 
================================================================================
DAG File Processing Stats

File Path                       PID  Runtime      # DAGs    # Errors  Last Runtime    Last Run
----------------------------  -----  ---------  --------  ----------  --------------  ----------
/opt/airflow/dags/airflow.py    118  0.02s             0           0
================================================================================
[2026-08-10T22:21:51.920+0000] {manager.py:755} INFO - Searching for files in /opt/airflow/dags
[2026-08-10T22:21:51.927+0000] {manager.py:758} INFO - There are 1 files in /opt/airflow/dags
[2026-08-10T22:22:01.994+0000] {manager.py:887} INFO - 
================================================================================
DAG File Processing Stats

File Path                       PID  Runtime      # DAGs    # Errors  Last Runtime    Last Run
----------------------------  -----  ---------  --------  ----------  --------------  -------------------
/opt/airflow/dags/airflow.py    126  0.00s             0           1  0.03s           2026-08-10T22:21:31
================================================================================
[2026-08-10T22:22:12.065+0000] {manager.py:755} INFO - Searching for files in /opt/airflow/dags
[2026-08-10T22:22:12.069+0000] {manager.py:758} INFO - There are 1 files in /opt/airflow/dags
[2026-08-10T22:22:32.200+0000] {manager.py:755} INFO - Searching for files in /opt/airflow/dags
[2026-08-10T22:22:32.204+0000] {manager.py:758} INFO - There are 1 files in /opt/airflow/dags
[2026-08-10T22:22:32.214+0000] {manager.py:887} INFO - 
================================================================================
DAG File Processing Stats

File Path                       PID  Runtime      # DAGs    # Errors  Last Runtime    Last Run
----------------------------  -----  ---------  --------  ----------  --------------  -------------------
/opt/airflow/dags/airflow.py    134  0.00s             0           1  0.03s           2026-08-10T22:22:02
================================================================================
[2026-08-10T22:22:45.151+0000] {manager.py:469} INFO - Exiting gracefully upon receiving signal 15
[2026-08-10T22:24:38.382+0000] {manager.py:487} INFO - Processing files using up to 2 processes at a time 
[2026-08-10T22:24:38.382+0000] {manager.py:488} INFO - Process each file at most once every 30 seconds
[2026-08-10T22:24:38.382+0000] {manager.py:489} INFO - Checking for new files in /opt/airflow/dags every 20 seconds
[2026-08-10T22:24:38.382+0000] {manager.py:755} INFO - Searching for files in /opt/airflow/dags
[2026-08-10T22:24:38.383+0000] {manager.py:758} INFO - There are 0 files in /opt/airflow/dags
[2026-08-10T22:24:52.106+0000] {manager.py:469} INFO - Exiting gracefully upon receiving signal 15
[2026-08-10T22:25:24.472+0000] {manager.py:487} INFO - Processing files using up to 2 processes at a time 
[2026-08-10T22:25:24.472+0000] {manager.py:488} INFO - Process each file at most once every 30 seconds
[2026-08-10T22:25:24.473+0000] {manager.py:489} INFO - Checking for new files in /opt/airflow/dags every 20 seconds
[2026-08-10T22:25:24.473+0000] {manager.py:755} INFO - Searching for files in /opt/airflow/dags
[2026-08-10T22:25:24.476+0000] {manager.py:758} INFO - There are 0 files in /opt/airflow/dags
[2026-08-10T22:25:39.812+0000] {manager.py:469} INFO - Exiting gracefully upon receiving signal 15
[2026-08-10T22:26:33.345+0000] {manager.py:487} INFO - Processing files using up to 2 processes at a time 
[2026-08-10T22:26:33.345+0000] {manager.py:488} INFO - Process each file at most once every 30 seconds
[2026-08-10T22:26:33.345+0000] {manager.py:489} INFO - Checking for new files in /opt/airflow/dags every 20 seconds
[2026-08-10T22:26:33.345+0000] {manager.py:755} INFO - Searching for files in /opt/airflow/dags
[2026-08-10T22:26:33.346+0000] {manager.py:758} INFO - There are 0 files in /opt/airflow/dags
[2026-08-10T22:26:53.507+0000] {manager.py:755} INFO - Searching for files in /opt/airflow/dags
[2026-08-10T22:26:53.511+0000] {manager.py:758} INFO - There are 0 files in /opt/airflow/dags
[2026-08-10T22:27:13.674+0000] {manager.py:755} INFO - Searching for files in /opt/airflow/dags
[2026-08-10T22:27:13.678+0000] {manager.py:758} INFO - There are 0 files in /opt/airflow/dags
[2026-08-10T22:27:33.838+0000] {manager.py:755} INFO - Searching for files in /opt/airflow/dags
[2026-08-10T22:27:33.841+0000] {manager.py:758} INFO - There are 0 files in /opt/airflow/dags
[2026-08-10T22:27:54.005+0000] {manager.py:755} INFO - Searching for files in /opt/airflow/dags
[2026-08-10T22:27:54.008+0000] {manager.py:758} INFO - There are 0 files in /opt/airflow/dags
[2026-08-10T22:27:59.614+0000] {manager.py:469} INFO - Exiting gracefully upon receiving signal 15
[2026-08-10T22:28:26.511+0000] {manager.py:487} INFO - Processing files using up to 2 processes at a time 
[2026-08-10T22:28:26.511+0000] {manager.py:488} INFO - Process each file at most once every 30 seconds
[2026-08-10T22:28:26.511+0000] {manager.py:489} INFO - Checking for new files in /opt/airflow/dags every 20 seconds
[2026-08-10T22:28:26.511+0000] {manager.py:755} INFO - Searching for files in /opt/airflow/dags
[2026-08-10T22:28:26.512+0000] {manager.py:758} INFO - There are 0 files in /opt/airflow/dags
[2026-08-10T22:28:46.673+0000] {manager.py:755} INFO - Searching for files in /opt/airflow/dags
[2026-08-10T22:28:46.678+0000] {manager.py:758} INFO - There are 0 files in /opt/airflow/dags
[2026-08-10T22:29:06.809+0000] {manager.py:755} INFO - Searching for files in /opt/airflow/dags
[2026-08-10T22:29:06.812+0000] {manager.py:758} INFO - There are 0 files in /opt/airflow/dags
[2026-08-10T22:29:26.959+0000] {manager.py:755} INFO - Searching for files in /opt/airflow/dags
[2026-08-10T22:29:26.961+0000] {manager.py:758} INFO - There are 0 files in /opt/airflow/dags
[2026-08-10T22:29:47.090+0000] {manager.py:755} INFO - Searching for files in /opt/airflow/dags
[2026-08-10T22:29:47.092+0000] {manager.py:758} INFO - There are 0 files in /opt/airflow/dags
[2026-08-10T22:30:07.234+0000] {manager.py:755} INFO - Searching for files in /opt/airflow/dags
[2026-08-10T22:30:07.238+0000] {manager.py:758} INFO - There are 1 files in /opt/airflow/dags
[2026-08-10T22:30:25.279+0000] {manager.py:469} INFO - Exiting gracefully upon receiving signal 15
[2026-08-10T22:31:22.603+0000] {manager.py:487} INFO - Processing files using up to 2 processes at a time 
[2026-08-10T22:31:22.603+0000] {manager.py:488} INFO - Process each file at most once every 30 seconds
[2026-08-10T22:31:22.603+0000] {manager.py:489} INFO - Checking for new files in /opt/airflow/dags every 20 seconds
[2026-08-10T22:31:22.604+0000] {manager.py:755} INFO - Searching for files in /opt/airflow/dags
[2026-08-10T22:31:22.606+0000] {manager.py:758} INFO - There are 1 files in /opt/airflow/dags
[2026-08-10T22:31:22.657+0000] {manager.py:887} INFO - 
================================================================================
DAG File Processing Stats

File Path                       PID  Runtime      # DAGs    # Errors  Last Runtime    Last Run
----------------------------  -----  ---------  --------  ----------  --------------  ----------
/opt/airflow/dags/airflow.py    117  0.02s             0           0
================================================================================
[2026-08-10T22:31:42.771+0000] {manager.py:755} INFO - Searching for files in /opt/airflow/dags
[2026-08-10T22:31:42.775+0000] {manager.py:758} INFO - There are 1 files in /opt/airflow/dags
[2026-08-10T22:31:52.870+0000] {manager.py:887} INFO - 
================================================================================
DAG File Processing Stats

File Path                       PID  Runtime      # DAGs    # Errors  Last Runtime    Last Run
----------------------------  -----  ---------  --------  ----------  --------------  -------------------
/opt/airflow/dags/airflow.py    126  0.00s             0           1  0.03s           2026-08-10T22:31:22
================================================================================
[2026-08-10T22:31:59.120+0000] {manager.py:469} INFO - Exiting gracefully upon receiving signal 15
[2026-08-10T22:37:03.437+0000] {manager.py:487} INFO - Processing files using up to 2 processes at a time 
[2026-08-10T22:37:03.437+0000] {manager.py:488} INFO - Process each file at most once every 30 seconds
[2026-08-10T22:37:03.437+0000] {manager.py:489} INFO - Checking for new files in /opt/airflow/dags every 20 seconds
[2026-08-10T22:37:03.437+0000] {manager.py:755} INFO - Searching for files in /opt/airflow/dags
[2026-08-10T22:37:03.439+0000] {manager.py:758} INFO - There are 1 files in /opt/airflow/dags
[2026-08-10T22:37:03.496+0000] {manager.py:887} INFO - 
================================================================================
DAG File Processing Stats

File Path                       PID  Runtime      # DAGs    # Errors  Last Runtime    Last Run
----------------------------  -----  ---------  --------  ----------  --------------  ----------
/opt/airflow/dags/airflow.py    112  0.03s             0           0
================================================================================
[2026-08-10T22:37:23.616+0000] {manager.py:755} INFO - Searching for files in /opt/airflow/dags
[2026-08-10T22:37:23.623+0000] {manager.py:758} INFO - There are 1 files in /opt/airflow/dags
[2026-08-10T22:37:33.693+0000] {manager.py:887} INFO - 
================================================================================
DAG File Processing Stats

File Path                       PID  Runtime      # DAGs    # Errors  Last Runtime    Last Run
----------------------------  -----  ---------  --------  ----------  --------------  -------------------
/opt/airflow/dags/airflow.py    127  0.00s             0           1  0.03s           2026-08-10T22:37:03
================================================================================
[2026-08-10T22:37:43.757+0000] {manager.py:755} INFO - Searching for files in /opt/airflow/dags
[2026-08-10T22:37:43.771+0000] {manager.py:758} INFO - There are 1 files in /opt/airflow/dags
[2026-08-10T22:38:03.925+0000] {manager.py:755} INFO - Searching for files in /opt/airflow/dags
[2026-08-10T22:38:03.929+0000] {manager.py:758} INFO - There are 1 files in /opt/airflow/dags
[2026-08-10T22:38:03.941+0000] {manager.py:887} INFO - 
================================================================================
DAG File Processing Stats

File Path                       PID  Runtime      # DAGs    # Errors  Last Runtime    Last Run
----------------------------  -----  ---------  --------  ----------  --------------  -------------------
/opt/airflow/dags/airflow.py    135  0.00s             0           1  0.02s           2026-08-10T22:37:33
================================================================================
[2026-08-10T22:38:24.112+0000] {manager.py:755} INFO - Searching for files in /opt/airflow/dags
[2026-08-10T22:38:24.118+0000] {manager.py:758} INFO - There are 1 files in /opt/airflow/dags
[2026-08-10T22:38:34.227+0000] {manager.py:887} INFO - 
================================================================================
DAG File Processing Stats

File Path                       PID  Runtime      # DAGs    # Errors  Last Runtime    Last Run
----------------------------  -----  ---------  --------  ----------  --------------  -------------------
/opt/airflow/dags/airflow.py    143  0.01s             0           1  0.04s           2026-08-10T22:38:03
================================================================================
[2026-08-10T22:38:44.323+0000] {manager.py:755} INFO - Searching for files in /opt/airflow/dags
[2026-08-10T22:38:44.330+0000] {manager.py:758} INFO - There are 1 files in /opt/airflow/dags
[2026-08-10T22:39:04.493+0000] {manager.py:755} INFO - Searching for files in /opt/airflow/dags
[2026-08-10T22:39:04.500+0000] {manager.py:758} INFO - There are 1 files in /opt/airflow/dags
[2026-08-10T22:39:04.514+0000] {manager.py:887} INFO - 
================================================================================
DAG File Processing Stats

File Path                       PID  Runtime      # DAGs    # Errors  Last Runtime    Last Run
----------------------------  -----  ---------  --------  ----------  --------------  -------------------
/opt/airflow/dags/airflow.py    151  0.00s             0           1  0.04s           2026-08-10T22:38:34
================================================================================
[2026-08-10T22:39:24.693+0000] {manager.py:755} INFO - Searching for files in /opt/airflow/dags
[2026-08-10T22:39:24.697+0000] {manager.py:758} INFO - There are 1 files in /opt/airflow/dags
[2026-08-10T22:39:34.779+0000] {manager.py:887} INFO - 
================================================================================
DAG File Processing Stats

File Path                       PID  Runtime      # DAGs    # Errors  Last Runtime    Last Run
----------------------------  -----  ---------  --------  ----------  --------------  -------------------
/opt/airflow/dags/airflow.py    159  0.01s             0           1  0.03s           2026-08-10T22:39:04
================================================================================
[2026-08-10T22:39:44.853+0000] {manager.py:755} INFO - Searching for files in /opt/airflow/dags
[2026-08-10T22:39:44.859+0000] {manager.py:758} INFO - There are 1 files in /opt/airflow/dags
[2026-08-10T22:40:04.116+0000] {manager.py:469} INFO - Exiting gracefully upon receiving signal 15
[2026-08-10T22:40:52.131+0000] {manager.py:487} INFO - Processing files using up to 2 processes at a time 
[2026-08-10T22:40:52.131+0000] {manager.py:488} INFO - Process each file at most once every 30 seconds
[2026-08-10T22:40:52.131+0000] {manager.py:489} INFO - Checking for new files in /opt/airflow/dags every 20 seconds
[2026-08-10T22:40:52.131+0000] {manager.py:755} INFO - Searching for files in /opt/airflow/dags
[2026-08-10T22:40:52.133+0000] {manager.py:758} INFO - There are 1 files in /opt/airflow/dags
[2026-08-10T22:40:52.185+0000] {manager.py:887} INFO - 
================================================================================
DAG File Processing Stats

File Path                       PID  Runtime      # DAGs    # Errors  Last Runtime    Last Run
----------------------------  -----  ---------  --------  ----------  --------------  ----------
/opt/airflow/dags/airflow.py    110  0.02s             0           0
================================================================================
[2026-08-10T22:41:12.292+0000] {manager.py:755} INFO - Searching for files in /opt/airflow/dags
[2026-08-10T22:41:12.300+0000] {manager.py:758} INFO - There are 1 files in /opt/airflow/dags
[2026-08-10T22:41:22.381+0000] {manager.py:887} INFO - 
================================================================================
DAG File Processing Stats

File Path                       PID  Runtime      # DAGs    # Errors  Last Runtime    Last Run
----------------------------  -----  ---------  --------  ----------  --------------  -------------------
/opt/airflow/dags/airflow.py    117  0.00s             0           1  0.03s           2026-08-10T22:40:52
================================================================================
[2026-08-10T22:41:32.450+0000] {manager.py:755} INFO - Searching for files in /opt/airflow/dags
[2026-08-10T22:41:32.453+0000] {manager.py:758} INFO - There are 1 files in /opt/airflow/dags
[2026-08-10T22:41:48.974+0000] {manager.py:469} INFO - Exiting gracefully upon receiving signal 15
[2026-08-10T22:43:02.547+0000] {manager.py:487} INFO - Processing files using up to 2 processes at a time 
[2026-08-10T22:43:02.549+0000] {manager.py:488} INFO - Process each file at most once every 30 seconds
[2026-08-10T22:43:02.549+0000] {manager.py:489} INFO - Checking for new files in /opt/airflow/dags every 20 seconds
[2026-08-10T22:43:02.549+0000] {manager.py:755} INFO - Searching for files in /opt/airflow/dags
[2026-08-10T22:43:02.556+0000] {manager.py:758} INFO - There are 1 files in /opt/airflow/dags
[2026-08-10T22:43:02.611+0000] {manager.py:887} INFO - 
================================================================================
DAG File Processing Stats

File Path                       PID  Runtime      # DAGs    # Errors  Last Runtime    Last Run
----------------------------  -----  ---------  --------  ----------  --------------  ----------
/opt/airflow/dags/airflow.py    111  0.02s             0           0
================================================================================
[2026-08-10T22:43:22.291+0000] {manager.py:469} INFO - Exiting gracefully upon receiving signal 15
[2026-08-10T22:45:06.195+0000] {manager.py:487} INFO - Processing files using up to 2 processes at a time 
[2026-08-10T22:45:06.195+0000] {manager.py:488} INFO - Process each file at most once every 30 seconds
[2026-08-10T22:45:06.195+0000] {manager.py:489} INFO - Checking for new files in /opt/airflow/dags every 20 seconds
[2026-08-10T22:45:06.195+0000] {manager.py:755} INFO - Searching for files in /opt/airflow/dags
[2026-08-10T22:45:06.197+0000] {manager.py:758} INFO - There are 1 files in /opt/airflow/dags
[2026-08-10T22:45:06.249+0000] {manager.py:887} INFO - 
================================================================================
DAG File Processing Stats

File Path                       PID  Runtime      # DAGs    # Errors  Last Runtime    Last Run
----------------------------  -----  ---------  --------  ----------  --------------  ----------
/opt/airflow/dags/airflow.py    110  0.02s             0           0
================================================================================
[2026-08-10T22:45:26.377+0000] {manager.py:755} INFO - Searching for files in /opt/airflow/dags
[2026-08-10T22:45:26.380+0000] {manager.py:758} INFO - There are 1 files in /opt/airflow/dags
[2026-08-10T22:45:36.443+0000] {manager.py:887} INFO - 
================================================================================
DAG File Processing Stats

File Path                       PID  Runtime      # DAGs    # Errors  Last Runtime    Last Run
----------------------------  -----  ---------  --------  ----------  --------------  -------------------
/opt/airflow/dags/airflow.py    117  0.01s             0           1  0.03s           2026-08-10T22:45:06
================================================================================
[2026-08-10T22:45:46.532+0000] {manager.py:755} INFO - Searching for files in /opt/airflow/dags
[2026-08-10T22:45:46.540+0000] {manager.py:758} INFO - There are 1 files in /opt/airflow/dags
[2026-08-10T22:46:06.729+0000] {manager.py:755} INFO - Searching for files in /opt/airflow/dags
[2026-08-10T22:46:06.734+0000] {manager.py:758} INFO - There are 1 files in /opt/airflow/dags
[2026-08-10T22:46:06.749+0000] {manager.py:887} INFO - 
================================================================================
DAG File Processing Stats

File Path                       PID  Runtime      # DAGs    # Errors  Last Runtime    Last Run
----------------------------  -----  ---------  --------  ----------  --------------  -------------------
/opt/airflow/dags/airflow.py    124  0.00s             0           1  0.04s           2026-08-10T22:45:36
================================================================================
[2026-08-10T22:46:26.934+0000] {manager.py:755} INFO - Searching for files in /opt/airflow/dags
[2026-08-10T22:46:26.940+0000] {manager.py:758} INFO - There are 1 files in /opt/airflow/dags
[2026-08-10T22:46:34.918+0000] {manager.py:469} INFO - Exiting gracefully upon receiving signal 15
[2026-08-10T22:47:35.988+0000] {manager.py:487} INFO - Processing files using up to 2 processes at a time 
[2026-08-10T22:47:35.988+0000] {manager.py:488} INFO - Process each file at most once every 30 seconds
[2026-08-10T22:47:35.988+0000] {manager.py:489} INFO - Checking for new files in /opt/airflow/dags every 20 seconds
[2026-08-10T22:47:35.988+0000] {manager.py:755} INFO - Searching for files in /opt/airflow/dags
[2026-08-10T22:47:35.990+0000] {manager.py:758} INFO - There are 1 files in /opt/airflow/dags
[2026-08-10T22:47:36.049+0000] {manager.py:887} INFO - 
================================================================================
DAG File Processing Stats

File Path                       PID  Runtime      # DAGs    # Errors  Last Runtime    Last Run
----------------------------  -----  ---------  --------  ----------  --------------  ----------
/opt/airflow/dags/airflow.py    112  0.02s             0           0
================================================================================
[2026-08-10T22:47:56.175+0000] {manager.py:755} INFO - Searching for files in /opt/airflow/dags
[2026-08-10T22:47:56.179+0000] {manager.py:758} INFO - There are 1 files in /opt/airflow/dags
[2026-08-10T22:48:06.259+0000] {manager.py:887} INFO - 
================================================================================
DAG File Processing Stats

File Path                       PID  Runtime      # DAGs    # Errors  Last Runtime    Last Run
----------------------------  -----  ---------  --------  ----------  --------------  -------------------
/opt/airflow/dags/airflow.py    119  0.00s             0           1  0.03s           2026-08-10T22:47:36
================================================================================
[2026-08-10T22:48:16.332+0000] {manager.py:755} INFO - Searching for files in /opt/airflow/dags
[2026-08-10T22:48:16.337+0000] {manager.py:758} INFO - There are 1 files in /opt/airflow/dags
[2026-08-10T22:48:36.481+0000] {manager.py:755} INFO - Searching for files in /opt/airflow/dags
[2026-08-10T22:48:36.484+0000] {manager.py:758} INFO - There are 1 files in /opt/airflow/dags
[2026-08-10T22:48:36.491+0000] {manager.py:887} INFO - 
================================================================================
DAG File Processing Stats

File Path                       PID  Runtime      # DAGs    # Errors  Last Runtime    Last Run
----------------------------  -----  ---------  --------  ----------  --------------  -------------------
/opt/airflow/dags/airflow.py    126  0.00s             0           1  0.02s           2026-08-10T22:48:06
================================================================================
[2026-08-10T22:48:56.648+0000] {manager.py:755} INFO - Searching for files in /opt/airflow/dags
[2026-08-10T22:48:56.654+0000] {manager.py:758} INFO - There are 1 files in /opt/airflow/dags
[2026-08-10T22:49:06.719+0000] {manager.py:887} INFO - 
================================================================================
DAG File Processing Stats

File Path                     PID    Runtime      # DAGs    # Errors  Last Runtime    Last Run
----------------------------  -----  ---------  --------  ----------  --------------  -------------------
/opt/airflow/dags/airflow.py                           0           1  0.07s           2026-08-10T22:48:59
================================================================================
[2026-08-10T22:49:16.777+0000] {manager.py:755} INFO - Searching for files in /opt/airflow/dags
[2026-08-10T22:49:16.783+0000] {manager.py:758} INFO - There are 1 files in /opt/airflow/dags
[2026-08-10T22:49:19.236+0000] {manager.py:469} INFO - Exiting gracefully upon receiving signal 15
[2026-08-10T22:50:10.236+0000] {manager.py:487} INFO - Processing files using up to 2 processes at a time 
[2026-08-10T22:50:10.236+0000] {manager.py:488} INFO - Process each file at most once every 30 seconds
[2026-08-10T22:50:10.236+0000] {manager.py:489} INFO - Checking for new files in /opt/airflow/dags every 20 seconds
[2026-08-10T22:50:10.236+0000] {manager.py:755} INFO - Searching for files in /opt/airflow/dags
[2026-08-10T22:50:10.239+0000] {manager.py:758} INFO - There are 1 files in /opt/airflow/dags
[2026-08-10T22:50:10.294+0000] {manager.py:887} INFO - 
================================================================================
DAG File Processing Stats

File Path                       PID  Runtime      # DAGs    # Errors  Last Runtime    Last Run
----------------------------  -----  ---------  --------  ----------  --------------  ----------
/opt/airflow/dags/airflow.py    112  0.02s             0           0
================================================================================
[2026-08-10T22:50:30.433+0000] {manager.py:755} INFO - Searching for files in /opt/airflow/dags
[2026-08-10T22:50:30.439+0000] {manager.py:758} INFO - There are 1 files in /opt/airflow/dags
[2026-08-10T22:50:40.508+0000] {manager.py:887} INFO - 
================================================================================
DAG File Processing Stats

File Path                     PID    Runtime      # DAGs    # Errors  Last Runtime    Last Run
----------------------------  -----  ---------  --------  ----------  --------------  -------------------
/opt/airflow/dags/airflow.py                           0           1  0.30s           2026-08-10T22:50:10
================================================================================
[2026-08-10T22:50:50.893+0000] {manager.py:755} INFO - Searching for files in /opt/airflow/dags
[2026-08-10T22:50:50.900+0000] {manager.py:758} INFO - There are 1 files in /opt/airflow/dags
[2026-08-10T22:51:07.500+0000] {manager.py:469} INFO - Exiting gracefully upon receiving signal 15
[2026-08-10T22:51:54.156+0000] {manager.py:487} INFO - Processing files using up to 2 processes at a time 
[2026-08-10T22:51:54.156+0000] {manager.py:488} INFO - Process each file at most once every 30 seconds
[2026-08-10T22:51:54.156+0000] {manager.py:489} INFO - Checking for new files in /opt/airflow/dags every 20 seconds
[2026-08-10T22:51:54.156+0000] {manager.py:755} INFO - Searching for files in /opt/airflow/dags
[2026-08-10T22:51:54.159+0000] {manager.py:758} INFO - There are 1 files in /opt/airflow/dags
[2026-08-10T22:51:54.215+0000] {manager.py:887} INFO - 
================================================================================
DAG File Processing Stats

File Path                       PID  Runtime      # DAGs    # Errors  Last Runtime    Last Run
----------------------------  -----  ---------  --------  ----------  --------------  ----------
/opt/airflow/dags/airflow.py    112  0.02s             0           0
================================================================================
[2026-08-10T22:52:14.335+0000] {manager.py:755} INFO - Searching for files in /opt/airflow/dags
[2026-08-10T22:52:14.342+0000] {manager.py:758} INFO - There are 1 files in /opt/airflow/dags
[2026-08-10T22:52:24.422+0000] {manager.py:887} INFO - 
================================================================================
DAG File Processing Stats

File Path                     PID    Runtime      # DAGs    # Errors  Last Runtime    Last Run
----------------------------  -----  ---------  --------  ----------  --------------  -------------------
/opt/airflow/dags/airflow.py                           0           1  0.41s           2026-08-10T22:51:54
================================================================================
[2026-08-10T22:52:34.882+0000] {manager.py:755} INFO - Searching for files in /opt/airflow/dags
[2026-08-10T22:52:34.887+0000] {manager.py:758} INFO - There are 1 files in /opt/airflow/dags
[2026-08-10T22:52:55.072+0000] {manager.py:755} INFO - Searching for files in /opt/airflow/dags
[2026-08-10T22:52:55.079+0000] {manager.py:758} INFO - There are 1 files in /opt/airflow/dags
[2026-08-10T22:52:55.093+0000] {manager.py:887} INFO - 
================================================================================
DAG File Processing Stats

File Path                       PID  Runtime      # DAGs    # Errors  Last Runtime    Last Run
----------------------------  -----  ---------  --------  ----------  --------------  -------------------
/opt/airflow/dags/airflow.py    126  0.00s             0           1  0.09s           2026-08-10T22:52:24
================================================================================
[2026-08-10T22:53:15.271+0000] {manager.py:755} INFO - Searching for files in /opt/airflow/dags
[2026-08-10T22:53:15.276+0000] {manager.py:758} INFO - There are 1 files in /opt/airflow/dags
[2026-08-10T22:53:25.385+0000] {manager.py:887} INFO - 
================================================================================
DAG File Processing Stats

File Path                       PID  Runtime      # DAGs    # Errors  Last Runtime    Last Run
----------------------------  -----  ---------  --------  ----------  --------------  -------------------
/opt/airflow/dags/airflow.py    133  0.01s             0           1  0.09s           2026-08-10T22:52:55
================================================================================
[2026-08-10T22:53:35.474+0000] {manager.py:755} INFO - Searching for files in /opt/airflow/dags
[2026-08-10T22:53:35.480+0000] {manager.py:758} INFO - There are 1 files in /opt/airflow/dags
[2026-08-10T22:53:55.698+0000] {manager.py:755} INFO - Searching for files in /opt/airflow/dags
[2026-08-10T22:53:55.704+0000] {manager.py:758} INFO - There are 1 files in /opt/airflow/dags
[2026-08-10T22:53:55.711+0000] {manager.py:887} INFO - 
================================================================================
DAG File Processing Stats

File Path                     PID    Runtime      # DAGs    # Errors  Last Runtime    Last Run
----------------------------  -----  ---------  --------  ----------  --------------  -------------------
/opt/airflow/dags/airflow.py                           1           0  0.27s           2026-08-10T22:53:54
================================================================================
[2026-08-10T22:54:00.020+0000] {manager.py:469} INFO - Exiting gracefully upon receiving signal 15
[2026-08-10T22:55:09.293+0000] {manager.py:487} INFO - Processing files using up to 2 processes at a time 
[2026-08-10T22:55:09.293+0000] {manager.py:488} INFO - Process each file at most once every 30 seconds
[2026-08-10T22:55:09.293+0000] {manager.py:489} INFO - Checking for new files in /opt/airflow/dags every 20 seconds
[2026-08-10T22:55:09.293+0000] {manager.py:755} INFO - Searching for files in /opt/airflow/dags
[2026-08-10T22:55:09.296+0000] {manager.py:758} INFO - There are 1 files in /opt/airflow/dags
[2026-08-10T22:55:09.357+0000] {manager.py:887} INFO - 
================================================================================
DAG File Processing Stats

File Path                       PID  Runtime      # DAGs    # Errors  Last Runtime    Last Run
----------------------------  -----  ---------  --------  ----------  --------------  ----------
/opt/airflow/dags/airflow.py    110  0.02s             0           0
================================================================================
[2026-08-10T22:55:29.491+0000] {manager.py:755} INFO - Searching for files in /opt/airflow/dags
[2026-08-10T22:55:29.495+0000] {manager.py:758} INFO - There are 1 files in /opt/airflow/dags
[2026-08-10T22:55:39.553+0000] {manager.py:887} INFO - 
================================================================================
DAG File Processing Stats

File Path                     PID    Runtime      # DAGs    # Errors  Last Runtime    Last Run
----------------------------  -----  ---------  --------  ----------  --------------  -------------------
/opt/airflow/dags/airflow.py                           1           0  0.40s           2026-08-10T22:55:09
================================================================================
[2026-08-10T22:55:50.080+0000] {manager.py:755} INFO - Searching for files in /opt/airflow/dags
[2026-08-10T22:55:50.087+0000] {manager.py:758} INFO - There are 1 files in /opt/airflow/dags
[2026-08-10T22:56:10.284+0000] {manager.py:755} INFO - Searching for files in /opt/airflow/dags
[2026-08-10T22:56:10.289+0000] {manager.py:758} INFO - There are 1 files in /opt/airflow/dags
[2026-08-10T22:56:10.297+0000] {manager.py:887} INFO - 
================================================================================
DAG File Processing Stats

File Path                       PID  Runtime      # DAGs    # Errors  Last Runtime    Last Run
----------------------------  -----  ---------  --------  ----------  --------------  -------------------
/opt/airflow/dags/airflow.py    124  0.00s             1           0  0.17s           2026-08-10T22:55:40
================================================================================
[2026-08-10T22:56:30.531+0000] {manager.py:755} INFO - Searching for files in /opt/airflow/dags
[2026-08-10T22:56:30.537+0000] {manager.py:758} INFO - There are 1 files in /opt/airflow/dags
[2026-08-10T22:56:40.625+0000] {manager.py:887} INFO - 
================================================================================
DAG File Processing Stats

File Path                       PID  Runtime      # DAGs    # Errors  Last Runtime    Last Run
----------------------------  -----  ---------  --------  ----------  --------------  -------------------
/opt/airflow/dags/airflow.py    131  0.01s             1           0  0.16s           2026-08-10T22:56:10
================================================================================
[2026-08-10T22:56:50.780+0000] {manager.py:755} INFO - Searching for files in /opt/airflow/dags
[2026-08-10T22:56:50.787+0000] {manager.py:758} INFO - There are 1 files in /opt/airflow/dags
[2026-08-10T22:57:10.998+0000] {manager.py:755} INFO - Searching for files in /opt/airflow/dags
[2026-08-10T22:57:11.005+0000] {manager.py:758} INFO - There are 1 files in /opt/airflow/dags
[2026-08-10T22:57:11.020+0000] {manager.py:887} INFO - 
================================================================================
DAG File Processing Stats

File Path                       PID  Runtime      # DAGs    # Errors  Last Runtime    Last Run
----------------------------  -----  ---------  --------  ----------  --------------  -------------------
/opt/airflow/dags/airflow.py    138  0.01s             1           0  0.17s           2026-08-10T22:56:40
================================================================================
[2026-08-10T22:57:31.232+0000] {manager.py:755} INFO - Searching for files in /opt/airflow/dags
[2026-08-10T22:57:31.239+0000] {manager.py:758} INFO - There are 1 files in /opt/airflow/dags
[2026-08-10T22:57:41.350+0000] {manager.py:887} INFO - 
================================================================================
DAG File Processing Stats

File Path                       PID  Runtime      # DAGs    # Errors  Last Runtime    Last Run
----------------------------  -----  ---------  --------  ----------  --------------  -------------------
/opt/airflow/dags/airflow.py    145  0.00s             1           0  0.10s           2026-08-10T22:57:11
================================================================================
[2026-08-10T22:57:51.448+0000] {manager.py:755} INFO - Searching for files in /opt/airflow/dags
[2026-08-10T22:57:51.455+0000] {manager.py:758} INFO - There are 1 files in /opt/airflow/dags
[2026-08-10T22:58:11.630+0000] {manager.py:755} INFO - Searching for files in /opt/airflow/dags
[2026-08-10T22:58:11.632+0000] {manager.py:758} INFO - There are 1 files in /opt/airflow/dags
[2026-08-10T22:58:11.638+0000] {manager.py:887} INFO - 
================================================================================
DAG File Processing Stats

File Path                       PID  Runtime      # DAGs    # Errors  Last Runtime    Last Run
----------------------------  -----  ---------  --------  ----------  --------------  -------------------
/opt/airflow/dags/airflow.py    152  0.00s             1           0  0.17s           2026-08-10T22:57:41
================================================================================
[2026-08-10T22:58:31.842+0000] {manager.py:755} INFO - Searching for files in /opt/airflow/dags
[2026-08-10T22:58:31.846+0000] {manager.py:758} INFO - There are 1 files in /opt/airflow/dags
[2026-08-10T22:58:41.921+0000] {manager.py:887} INFO - 
================================================================================
DAG File Processing Stats

File Path                       PID  Runtime      # DAGs    # Errors  Last Runtime    Last Run
----------------------------  -----  ---------  --------  ----------  --------------  -------------------
/opt/airflow/dags/airflow.py    159  0.00s             1           0  0.16s           2026-08-10T22:58:11
================================================================================
[2026-08-10T22:58:52.101+0000] {manager.py:755} INFO - Searching for files in /opt/airflow/dags
[2026-08-10T22:58:52.108+0000] {manager.py:758} INFO - There are 1 files in /opt/airflow/dags
[2026-08-10T22:59:12.288+0000] {manager.py:755} INFO - Searching for files in /opt/airflow/dags
[2026-08-10T22:59:12.295+0000] {manager.py:758} INFO - There are 1 files in /opt/airflow/dags
[2026-08-10T22:59:12.306+0000] {manager.py:887} INFO - 
================================================================================
DAG File Processing Stats

File Path                       PID  Runtime      # DAGs    # Errors  Last Runtime    Last Run
----------------------------  -----  ---------  --------  ----------  --------------  -------------------
/opt/airflow/dags/airflow.py    166  0.00s             1           0  0.15s           2026-08-10T22:58:42
================================================================================
[2026-08-10T22:59:32.479+0000] {manager.py:755} INFO - Searching for files in /opt/airflow/dags
[2026-08-10T22:59:32.486+0000] {manager.py:758} INFO - There are 1 files in /opt/airflow/dags
[2026-08-10T22:59:42.585+0000] {manager.py:887} INFO - 
================================================================================
DAG File Processing Stats

File Path                       PID  Runtime      # DAGs    # Errors  Last Runtime    Last Run
----------------------------  -----  ---------  --------  ----------  --------------  -------------------
/opt/airflow/dags/airflow.py    173  0.00s             1           0  0.15s           2026-08-10T22:59:12
================================================================================
[2026-08-10T22:59:52.758+0000] {manager.py:755} INFO - Searching for files in /opt/airflow/dags
[2026-08-10T22:59:52.764+0000] {manager.py:758} INFO - There are 1 files in /opt/airflow/dags
[2026-08-10T23:00:12.950+0000] {manager.py:755} INFO - Searching for files in /opt/airflow/dags
[2026-08-10T23:00:12.958+0000] {manager.py:758} INFO - There are 1 files in /opt/airflow/dags
[2026-08-10T23:00:12.971+0000] {manager.py:887} INFO - 
================================================================================
DAG File Processing Stats

File Path                       PID  Runtime      # DAGs    # Errors  Last Runtime    Last Run
----------------------------  -----  ---------  --------  ----------  --------------  -------------------
/opt/airflow/dags/airflow.py    180  0.00s             1           0  0.11s           2026-08-10T22:59:42
================================================================================
[2026-08-10T23:00:33.157+0000] {manager.py:755} INFO - Searching for files in /opt/airflow/dags
[2026-08-10T23:00:33.164+0000] {manager.py:758} INFO - There are 1 files in /opt/airflow/dags
[2026-08-10T23:00:43.269+0000] {manager.py:887} INFO - 
================================================================================
DAG File Processing Stats

File Path                       PID  Runtime      # DAGs    # Errors  Last Runtime    Last Run
----------------------------  -----  ---------  --------  ----------  --------------  -------------------
/opt/airflow/dags/airflow.py    187  0.00s             1           0  0.17s           2026-08-10T23:00:13
================================================================================
[2026-08-10T23:00:53.478+0000] {manager.py:755} INFO - Searching for files in /opt/airflow/dags
[2026-08-10T23:00:53.485+0000] {manager.py:758} INFO - There are 1 files in /opt/airflow/dags
[2026-08-10T23:01:13.683+0000] {manager.py:755} INFO - Searching for files in /opt/airflow/dags
[2026-08-10T23:01:13.685+0000] {manager.py:758} INFO - There are 1 files in /opt/airflow/dags
[2026-08-10T23:01:13.691+0000] {manager.py:887} INFO - 
================================================================================
DAG File Processing Stats

File Path                       PID  Runtime      # DAGs    # Errors  Last Runtime    Last Run
----------------------------  -----  ---------  --------  ----------  --------------  -------------------
/opt/airflow/dags/airflow.py    194  0.00s             1           0  0.14s           2026-08-10T23:00:43
================================================================================
[2026-08-10T23:01:33.861+0000] {manager.py:755} INFO - Searching for files in /opt/airflow/dags
[2026-08-10T23:01:33.869+0000] {manager.py:758} INFO - There are 1 files in /opt/airflow/dags
[2026-08-10T23:01:43.988+0000] {manager.py:887} INFO - 
================================================================================
DAG File Processing Stats

File Path                       PID  Runtime      # DAGs    # Errors  Last Runtime    Last Run
----------------------------  -----  ---------  --------  ----------  --------------  -------------------
/opt/airflow/dags/airflow.py    201  0.01s             1           0  0.14s           2026-08-10T23:01:13
================================================================================
[2026-08-10T23:01:54.126+0000] {manager.py:755} INFO - Searching for files in /opt/airflow/dags
[2026-08-10T23:01:54.131+0000] {manager.py:758} INFO - There are 1 files in /opt/airflow/dags
[2026-08-10T23:02:14.290+0000] {manager.py:755} INFO - Searching for files in /opt/airflow/dags
[2026-08-10T23:02:14.296+0000] {manager.py:758} INFO - There are 1 files in /opt/airflow/dags
[2026-08-10T23:02:14.308+0000] {manager.py:887} INFO - 
================================================================================
DAG File Processing Stats

File Path                       PID  Runtime      # DAGs    # Errors  Last Runtime    Last Run
----------------------------  -----  ---------  --------  ----------  --------------  -------------------
/opt/airflow/dags/airflow.py    208  0.00s             1           0  0.19s           2026-08-10T23:01:44
================================================================================
[2026-08-10T23:02:34.492+0000] {manager.py:755} INFO - Searching for files in /opt/airflow/dags
[2026-08-10T23:02:34.499+0000] {manager.py:758} INFO - There are 1 files in /opt/airflow/dags
[2026-08-10T23:02:44.583+0000] {manager.py:887} INFO - 
================================================================================
DAG File Processing Stats

File Path                       PID  Runtime      # DAGs    # Errors  Last Runtime    Last Run
----------------------------  -----  ---------  --------  ----------  --------------  -------------------
/opt/airflow/dags/airflow.py    215  0.00s             1           0  0.10s           2026-08-10T23:02:14
================================================================================
[2026-08-10T23:02:54.658+0000] {manager.py:755} INFO - Searching for files in /opt/airflow/dags
[2026-08-10T23:02:54.662+0000] {manager.py:758} INFO - There are 1 files in /opt/airflow/dags
[2026-08-10T23:03:14.816+0000] {manager.py:755} INFO - Searching for files in /opt/airflow/dags
[2026-08-10T23:03:14.822+0000] {manager.py:758} INFO - There are 1 files in /opt/airflow/dags
[2026-08-10T23:03:14.832+0000] {manager.py:887} INFO - 
================================================================================
DAG File Processing Stats

File Path                       PID  Runtime      # DAGs    # Errors  Last Runtime    Last Run
----------------------------  -----  ---------  --------  ----------  --------------  -------------------
/opt/airflow/dags/airflow.py    222  0.00s             1           0  0.10s           2026-08-10T23:02:44
================================================================================
[2026-08-10T23:03:35.065+0000] {manager.py:755} INFO - Searching for files in /opt/airflow/dags
[2026-08-10T23:03:35.072+0000] {manager.py:758} INFO - There are 1 files in /opt/airflow/dags
[2026-08-10T23:03:45.185+0000] {manager.py:887} INFO - 
================================================================================
DAG File Processing Stats

File Path                       PID  Runtime      # DAGs    # Errors  Last Runtime    Last Run
----------------------------  -----  ---------  --------  ----------  --------------  -------------------
/opt/airflow/dags/airflow.py    229  0.01s             1           0  0.15s           2026-08-10T23:03:14
================================================================================
[2026-08-10T23:03:55.271+0000] {manager.py:755} INFO - Searching for files in /opt/airflow/dags
[2026-08-10T23:03:55.276+0000] {manager.py:758} INFO - There are 1 files in /opt/airflow/dags
[2026-08-10T23:04:15.471+0000] {manager.py:755} INFO - Searching for files in /opt/airflow/dags
[2026-08-10T23:04:15.477+0000] {manager.py:758} INFO - There are 1 files in /opt/airflow/dags
[2026-08-10T23:04:15.487+0000] {manager.py:887} INFO - 
================================================================================
DAG File Processing Stats

File Path                       PID  Runtime      # DAGs    # Errors  Last Runtime    Last Run
----------------------------  -----  ---------  --------  ----------  --------------  -------------------
/opt/airflow/dags/airflow.py    236  0.00s             1           0  0.19s           2026-08-10T23:03:45
================================================================================
[2026-08-10T23:04:35.741+0000] {manager.py:755} INFO - Searching for files in /opt/airflow/dags
[2026-08-10T23:04:35.749+0000] {manager.py:758} INFO - There are 1 files in /opt/airflow/dags
[2026-08-10T23:04:45.868+0000] {manager.py:887} INFO - 
================================================================================
DAG File Processing Stats

File Path                       PID  Runtime      # DAGs    # Errors  Last Runtime    Last Run
----------------------------  -----  ---------  --------  ----------  --------------  -------------------
/opt/airflow/dags/airflow.py    243  0.01s             1           0  0.15s           2026-08-10T23:04:15
================================================================================
[2026-08-10T23:04:55.971+0000] {manager.py:755} INFO - Searching for files in /opt/airflow/dags
[2026-08-10T23:04:55.978+0000] {manager.py:758} INFO - There are 1 files in /opt/airflow/dags
[2026-08-10T23:05:16.175+0000] {manager.py:755} INFO - Searching for files in /opt/airflow/dags
[2026-08-10T23:05:16.184+0000] {manager.py:758} INFO - There are 1 files in /opt/airflow/dags
[2026-08-10T23:05:16.197+0000] {manager.py:887} INFO - 
================================================================================
DAG File Processing Stats

File Path                       PID  Runtime      # DAGs    # Errors  Last Runtime    Last Run
----------------------------  -----  ---------  --------  ----------  --------------  -------------------
/opt/airflow/dags/airflow.py    250  0.00s             1           0  0.12s           2026-08-10T23:04:45
================================================================================
[2026-08-10T23:05:36.367+0000] {manager.py:755} INFO - Searching for files in /opt/airflow/dags
[2026-08-10T23:05:36.373+0000] {manager.py:758} INFO - There are 1 files in /opt/airflow/dags
[2026-08-10T23:05:46.493+0000] {manager.py:887} INFO - 
================================================================================
DAG File Processing Stats

File Path                       PID  Runtime      # DAGs    # Errors  Last Runtime    Last Run
----------------------------  -----  ---------  --------  ----------  --------------  -------------------
/opt/airflow/dags/airflow.py    257  0.01s             1           0  0.10s           2026-08-10T23:05:16
================================================================================
[2026-08-10T23:05:56.592+0000] {manager.py:755} INFO - Searching for files in /opt/airflow/dags
[2026-08-10T23:05:56.599+0000] {manager.py:758} INFO - There are 1 files in /opt/airflow/dags
[2026-08-10T23:06:16.806+0000] {manager.py:755} INFO - Searching for files in /opt/airflow/dags
[2026-08-10T23:06:16.814+0000] {manager.py:758} INFO - There are 1 files in /opt/airflow/dags
[2026-08-10T23:06:16.829+0000] {manager.py:887} INFO - 
================================================================================
DAG File Processing Stats

File Path                       PID  Runtime      # DAGs    # Errors  Last Runtime    Last Run
----------------------------  -----  ---------  --------  ----------  --------------  -------------------
/opt/airflow/dags/airflow.py    264  0.01s             1           0  0.18s           2026-08-10T23:05:46
================================================================================
[2026-08-10T23:06:37.034+0000] {manager.py:755} INFO - Searching for files in /opt/airflow/dags
[2026-08-10T23:06:37.039+0000] {manager.py:758} INFO - There are 1 files in /opt/airflow/dags
[2026-08-10T23:06:47.140+0000] {manager.py:887} INFO - 
================================================================================
DAG File Processing Stats

File Path                       PID  Runtime      # DAGs    # Errors  Last Runtime    Last Run
----------------------------  -----  ---------  --------  ----------  --------------  -------------------
/opt/airflow/dags/airflow.py    271  0.01s             1           0  0.18s           2026-08-10T23:06:17
================================================================================
[2026-08-10T23:06:57.324+0000] {manager.py:755} INFO - Searching for files in /opt/airflow/dags
[2026-08-10T23:06:57.329+0000] {manager.py:758} INFO - There are 1 files in /opt/airflow/dags
[2026-08-10T23:07:17.509+0000] {manager.py:755} INFO - Searching for files in /opt/airflow/dags
[2026-08-10T23:07:17.517+0000] {manager.py:758} INFO - There are 1 files in /opt/airflow/dags
[2026-08-10T23:07:17.529+0000] {manager.py:887} INFO - 
================================================================================
DAG File Processing Stats

File Path                       PID  Runtime      # DAGs    # Errors  Last Runtime    Last Run
----------------------------  -----  ---------  --------  ----------  --------------  -------------------
/opt/airflow/dags/airflow.py    278  0.00s             1           0  0.16s           2026-08-10T23:06:47
================================================================================
[2026-08-10T23:07:37.706+0000] {manager.py:755} INFO - Searching for files in /opt/airflow/dags
[2026-08-10T23:07:37.713+0000] {manager.py:758} INFO - There are 1 files in /opt/airflow/dags
[2026-08-10T23:07:47.824+0000] {manager.py:887} INFO - 
================================================================================
DAG File Processing Stats

File Path                       PID  Runtime      # DAGs    # Errors  Last Runtime    Last Run
----------------------------  -----  ---------  --------  ----------  --------------  -------------------
/opt/airflow/dags/airflow.py    286  0.01s             1           0  0.09s           2026-08-10T23:07:17
================================================================================
[2026-08-10T23:07:57.919+0000] {manager.py:755} INFO - Searching for files in /opt/airflow/dags
[2026-08-10T23:07:57.927+0000] {manager.py:758} INFO - There are 1 files in /opt/airflow/dags
[2026-08-10T23:08:18.142+0000] {manager.py:755} INFO - Searching for files in /opt/airflow/dags
[2026-08-10T23:08:18.149+0000] {manager.py:758} INFO - There are 1 files in /opt/airflow/dags
[2026-08-10T23:08:18.153+0000] {manager.py:887} INFO - 
================================================================================
DAG File Processing Stats

File Path                     PID    Runtime      # DAGs    # Errors  Last Runtime    Last Run
----------------------------  -----  ---------  --------  ----------  --------------  -------------------
/opt/airflow/dags/airflow.py                           1           0  0.16s           2026-08-10T23:08:17
================================================================================
[2026-08-10T23:08:22.144+0000] {manager.py:469} INFO - Exiting gracefully upon receiving signal 15
[2026-08-10T23:09:50.834+0000] {manager.py:487} INFO - Processing files using up to 2 processes at a time 
[2026-08-10T23:09:50.835+0000] {manager.py:488} INFO - Process each file at most once every 30 seconds
[2026-08-10T23:09:50.835+0000] {manager.py:489} INFO - Checking for new files in /opt/airflow/dags every 20 seconds
[2026-08-10T23:09:50.835+0000] {manager.py:755} INFO - Searching for files in /opt/airflow/dags
[2026-08-10T23:09:50.838+0000] {manager.py:758} INFO - There are 1 files in /opt/airflow/dags
[2026-08-10T23:09:50.900+0000] {manager.py:887} INFO - 
================================================================================
DAG File Processing Stats

File Path                       PID  Runtime      # DAGs    # Errors  Last Runtime    Last Run
----------------------------  -----  ---------  --------  ----------  --------------  ----------
/opt/airflow/dags/airflow.py    118  0.02s             0           0
================================================================================
[2026-08-10T23:10:11.040+0000] {manager.py:755} INFO - Searching for files in /opt/airflow/dags
[2026-08-10T23:10:11.045+0000] {manager.py:758} INFO - There are 1 files in /opt/airflow/dags
[2026-08-10T23:10:21.112+0000] {manager.py:887} INFO - 
================================================================================
DAG File Processing Stats

File Path                     PID    Runtime      # DAGs    # Errors  Last Runtime    Last Run
----------------------------  -----  ---------  --------  ----------  --------------  -------------------
/opt/airflow/dags/airflow.py                           1           0  0.39s           2026-08-10T23:09:51
================================================================================
[2026-08-10T23:10:31.590+0000] {manager.py:755} INFO - Searching for files in /opt/airflow/dags
[2026-08-10T23:10:31.598+0000] {manager.py:758} INFO - There are 1 files in /opt/airflow/dags
[2026-08-10T23:10:51.769+0000] {manager.py:755} INFO - Searching for files in /opt/airflow/dags
[2026-08-10T23:10:51.774+0000] {manager.py:758} INFO - There are 1 files in /opt/airflow/dags
[2026-08-10T23:10:51.789+0000] {manager.py:887} INFO - 
================================================================================
DAG File Processing Stats

File Path                       PID  Runtime      # DAGs    # Errors  Last Runtime    Last Run
----------------------------  -----  ---------  --------  ----------  --------------  -------------------
/opt/airflow/dags/airflow.py    133  0.01s             1           0  0.16s           2026-08-10T23:10:21
================================================================================
[2026-08-10T23:11:11.996+0000] {manager.py:755} INFO - Searching for files in /opt/airflow/dags
[2026-08-10T23:11:12.003+0000] {manager.py:758} INFO - There are 1 files in /opt/airflow/dags
[2026-08-10T23:11:22.093+0000] {manager.py:887} INFO - 
================================================================================
DAG File Processing Stats

File Path                       PID  Runtime      # DAGs    # Errors  Last Runtime    Last Run
----------------------------  -----  ---------  --------  ----------  --------------  -------------------
/opt/airflow/dags/airflow.py    140  0.01s             1           0  0.20s           2026-08-10T23:10:51
================================================================================
[2026-08-10T23:11:32.282+0000] {manager.py:755} INFO - Searching for files in /opt/airflow/dags
[2026-08-10T23:11:32.289+0000] {manager.py:758} INFO - There are 1 files in /opt/airflow/dags
[2026-08-10T23:11:52.476+0000] {manager.py:755} INFO - Searching for files in /opt/airflow/dags
[2026-08-10T23:11:52.482+0000] {manager.py:758} INFO - There are 1 files in /opt/airflow/dags
[2026-08-10T23:11:52.496+0000] {manager.py:887} INFO - 
================================================================================
DAG File Processing Stats

File Path                       PID  Runtime      # DAGs    # Errors  Last Runtime    Last Run
----------------------------  -----  ---------  --------  ----------  --------------  -------------------
/opt/airflow/dags/airflow.py    147  0.00s             1           0  0.16s           2026-08-10T23:11:22
================================================================================
[2026-08-10T23:12:12.771+0000] {manager.py:755} INFO - Searching for files in /opt/airflow/dags
[2026-08-10T23:12:12.778+0000] {manager.py:758} INFO - There are 1 files in /opt/airflow/dags
[2026-08-10T23:12:22.868+0000] {manager.py:887} INFO - 
================================================================================
DAG File Processing Stats

File Path                     PID    Runtime      # DAGs    # Errors  Last Runtime    Last Run
----------------------------  -----  ---------  --------  ----------  --------------  -------------------
/opt/airflow/dags/airflow.py                           1           0  0.10s           2026-08-10T23:12:05
================================================================================
[2026-08-10T23:12:32.947+0000] {manager.py:755} INFO - Searching for files in /opt/airflow/dags
[2026-08-10T23:12:32.954+0000] {manager.py:758} INFO - There are 1 files in /opt/airflow/dags
[2026-08-10T23:12:53.129+0000] {manager.py:755} INFO - Searching for files in /opt/airflow/dags
[2026-08-10T23:12:53.134+0000] {manager.py:758} INFO - There are 1 files in /opt/airflow/dags
[2026-08-10T23:12:53.140+0000] {manager.py:887} INFO - 
================================================================================
DAG File Processing Stats

File Path                     PID    Runtime      # DAGs    # Errors  Last Runtime    Last Run
----------------------------  -----  ---------  --------  ----------  --------------  -------------------
/opt/airflow/dags/airflow.py                           1           0  0.19s           2026-08-10T23:12:36
================================================================================
[2026-08-10T23:13:13.474+0000] {manager.py:755} INFO - Searching for files in /opt/airflow/dags
[2026-08-10T23:13:13.481+0000] {manager.py:758} INFO - There are 1 files in /opt/airflow/dags
[2026-08-10T23:13:23.573+0000] {manager.py:887} INFO - 
================================================================================
DAG File Processing Stats

File Path                     PID    Runtime      # DAGs    # Errors  Last Runtime    Last Run
----------------------------  -----  ---------  --------  ----------  --------------  -------------------
/opt/airflow/dags/airflow.py                           1           0  0.17s           2026-08-10T23:13:06
================================================================================
[2026-08-10T23:13:33.673+0000] {manager.py:755} INFO - Searching for files in /opt/airflow/dags
[2026-08-10T23:13:33.680+0000] {manager.py:758} INFO - There are 1 files in /opt/airflow/dags
[2026-08-10T23:13:53.881+0000] {manager.py:755} INFO - Searching for files in /opt/airflow/dags
[2026-08-10T23:13:53.884+0000] {manager.py:758} INFO - There are 1 files in /opt/airflow/dags
[2026-08-10T23:13:53.889+0000] {manager.py:887} INFO - 
================================================================================
DAG File Processing Stats

File Path                     PID    Runtime      # DAGs    # Errors  Last Runtime    Last Run
----------------------------  -----  ---------  --------  ----------  --------------  -------------------
/opt/airflow/dags/airflow.py                           1           0  0.19s           2026-08-10T23:13:36
================================================================================
[2026-08-10T23:14:14.203+0000] {manager.py:755} INFO - Searching for files in /opt/airflow/dags
[2026-08-10T23:14:14.210+0000] {manager.py:758} INFO - There are 1 files in /opt/airflow/dags
[2026-08-10T23:14:24.304+0000] {manager.py:887} INFO - 
================================================================================
DAG File Processing Stats

File Path                     PID    Runtime      # DAGs    # Errors  Last Runtime    Last Run
----------------------------  -----  ---------  --------  ----------  --------------  -------------------
/opt/airflow/dags/airflow.py                           1           0  0.17s           2026-08-10T23:14:07
================================================================================
[2026-08-10T23:14:34.385+0000] {manager.py:755} INFO - Searching for files in /opt/airflow/dags
[2026-08-10T23:14:34.391+0000] {manager.py:758} INFO - There are 1 files in /opt/airflow/dags
[2026-08-10T23:14:54.587+0000] {manager.py:755} INFO - Searching for files in /opt/airflow/dags
[2026-08-10T23:14:54.591+0000] {manager.py:758} INFO - There are 1 files in /opt/airflow/dags
[2026-08-10T23:14:54.594+0000] {manager.py:887} INFO - 
================================================================================
DAG File Processing Stats

File Path                     PID    Runtime      # DAGs    # Errors  Last Runtime    Last Run
----------------------------  -----  ---------  --------  ----------  --------------  -------------------
/opt/airflow/dags/airflow.py                           1           0  0.11s           2026-08-10T23:14:37
================================================================================
[2026-08-10T23:15:14.804+0000] {manager.py:755} INFO - Searching for files in /opt/airflow/dags
[2026-08-10T23:15:14.810+0000] {manager.py:758} INFO - There are 1 files in /opt/airflow/dags
[2026-08-10T23:15:25.010+0000] {manager.py:887} INFO - 
================================================================================
DAG File Processing Stats

File Path                     PID    Runtime      # DAGs    # Errors  Last Runtime    Last Run
----------------------------  -----  ---------  --------  ----------  --------------  -------------------
/opt/airflow/dags/airflow.py                           1           0  0.16s           2026-08-10T23:15:22
================================================================================
[2026-08-10T23:15:35.118+0000] {manager.py:755} INFO - Searching for files in /opt/airflow/dags
[2026-08-10T23:15:35.125+0000] {manager.py:758} INFO - There are 1 files in /opt/airflow/dags
[2026-08-10T23:15:55.332+0000] {manager.py:755} INFO - Searching for files in /opt/airflow/dags
[2026-08-10T23:15:55.337+0000] {manager.py:758} INFO - There are 1 files in /opt/airflow/dags
[2026-08-10T23:15:55.343+0000] {manager.py:887} INFO - 
================================================================================
DAG File Processing Stats

File Path                     PID    Runtime      # DAGs    # Errors  Last Runtime    Last Run
----------------------------  -----  ---------  --------  ----------  --------------  -------------------
/opt/airflow/dags/airflow.py                           1           0  0.17s           2026-08-10T23:15:52
================================================================================
[2026-08-10T23:16:15.500+0000] {manager.py:755} INFO - Searching for files in /opt/airflow/dags
[2026-08-10T23:16:15.508+0000] {manager.py:758} INFO - There are 1 files in /opt/airflow/dags
[2026-08-10T23:16:25.771+0000] {manager.py:887} INFO - 
================================================================================
DAG File Processing Stats

File Path                     PID    Runtime      # DAGs    # Errors  Last Runtime    Last Run
----------------------------  -----  ---------  --------  ----------  --------------  -------------------
/opt/airflow/dags/airflow.py                           1           0  0.19s           2026-08-10T23:16:22
================================================================================
[2026-08-10T23:16:35.866+0000] {manager.py:755} INFO - Searching for files in /opt/airflow/dags
[2026-08-10T23:16:35.873+0000] {manager.py:758} INFO - There are 1 files in /opt/airflow/dags
[2026-08-10T23:16:56.069+0000] {manager.py:755} INFO - Searching for files in /opt/airflow/dags
[2026-08-10T23:16:56.076+0000] {manager.py:758} INFO - There are 1 files in /opt/airflow/dags
[2026-08-10T23:16:56.083+0000] {manager.py:887} INFO - 
================================================================================
DAG File Processing Stats

File Path                     PID    Runtime      # DAGs    # Errors  Last Runtime    Last Run
----------------------------  -----  ---------  --------  ----------  --------------  -------------------
/opt/airflow/dags/airflow.py                           1           0  0.11s           2026-08-10T23:16:53
================================================================================
[2026-08-10T23:17:16.254+0000] {manager.py:755} INFO - Searching for files in /opt/airflow/dags
[2026-08-10T23:17:16.260+0000] {manager.py:758} INFO - There are 1 files in /opt/airflow/dags
[2026-08-10T23:17:26.385+0000] {manager.py:887} INFO - 
================================================================================
DAG File Processing Stats

File Path                     PID    Runtime      # DAGs    # Errors  Last Runtime    Last Run
----------------------------  -----  ---------  --------  ----------  --------------  -------------------
/opt/airflow/dags/airflow.py                           1           0  0.10s           2026-08-10T23:17:23
================================================================================
[2026-08-10T23:17:36.466+0000] {manager.py:755} INFO - Searching for files in /opt/airflow/dags
[2026-08-10T23:17:36.473+0000] {manager.py:758} INFO - There are 1 files in /opt/airflow/dags
[2026-08-10T23:17:56.705+0000] {manager.py:755} INFO - Searching for files in /opt/airflow/dags
[2026-08-10T23:17:56.712+0000] {manager.py:758} INFO - There are 1 files in /opt/airflow/dags
[2026-08-10T23:17:56.719+0000] {manager.py:887} INFO - 
================================================================================
DAG File Processing Stats

File Path                     PID    Runtime      # DAGs    # Errors  Last Runtime    Last Run
----------------------------  -----  ---------  --------  ----------  --------------  -------------------
/opt/airflow/dags/airflow.py                           1           0  0.17s           2026-08-10T23:17:53
================================================================================
[2026-08-10T23:18:16.896+0000] {manager.py:755} INFO - Searching for files in /opt/airflow/dags
[2026-08-10T23:18:16.903+0000] {manager.py:758} INFO - There are 1 files in /opt/airflow/dags
[2026-08-10T23:18:27.073+0000] {manager.py:887} INFO - 
================================================================================
DAG File Processing Stats

File Path                     PID    Runtime      # DAGs    # Errors  Last Runtime    Last Run
----------------------------  -----  ---------  --------  ----------  --------------  -------------------
/opt/airflow/dags/airflow.py                           1           0  0.17s           2026-08-10T23:18:24
================================================================================
[2026-08-10T23:18:37.160+0000] {manager.py:755} INFO - Searching for files in /opt/airflow/dags
[2026-08-10T23:18:37.165+0000] {manager.py:758} INFO - There are 1 files in /opt/airflow/dags
[2026-08-10T23:18:57.388+0000] {manager.py:755} INFO - Searching for files in /opt/airflow/dags
[2026-08-10T23:18:57.394+0000] {manager.py:758} INFO - There are 1 files in /opt/airflow/dags
[2026-08-10T23:18:57.400+0000] {manager.py:887} INFO - 
================================================================================
DAG File Processing Stats

File Path                     PID    Runtime      # DAGs    # Errors  Last Runtime    Last Run
----------------------------  -----  ---------  --------  ----------  --------------  -------------------
/opt/airflow/dags/airflow.py                           1           0  0.16s           2026-08-10T23:18:54
================================================================================
[2026-08-10T23:19:17.599+0000] {manager.py:755} INFO - Searching for files in /opt/airflow/dags
[2026-08-10T23:19:17.606+0000] {manager.py:758} INFO - There are 1 files in /opt/airflow/dags
[2026-08-10T23:19:27.745+0000] {manager.py:887} INFO - 
================================================================================
DAG File Processing Stats

File Path                     PID    Runtime      # DAGs    # Errors  Last Runtime    Last Run
----------------------------  -----  ---------  --------  ----------  --------------  -------------------
/opt/airflow/dags/airflow.py                           1           0  0.11s           2026-08-10T23:19:24
================================================================================
[2026-08-10T23:19:37.832+0000] {manager.py:755} INFO - Searching for files in /opt/airflow/dags
[2026-08-10T23:19:37.838+0000] {manager.py:758} INFO - There are 1 files in /opt/airflow/dags
[2026-08-10T23:19:58.014+0000] {manager.py:755} INFO - Searching for files in /opt/airflow/dags
[2026-08-10T23:19:58.021+0000] {manager.py:758} INFO - There are 1 files in /opt/airflow/dags
[2026-08-10T23:19:58.027+0000] {manager.py:887} INFO - 
================================================================================
DAG File Processing Stats

File Path                     PID    Runtime      # DAGs    # Errors  Last Runtime    Last Run
----------------------------  -----  ---------  --------  ----------  --------------  -------------------
/opt/airflow/dags/airflow.py                           1           0  0.10s           2026-08-10T23:19:55
================================================================================
[2026-08-10T23:20:18.169+0000] {manager.py:755} INFO - Searching for files in /opt/airflow/dags
[2026-08-10T23:20:18.176+0000] {manager.py:758} INFO - There are 1 files in /opt/airflow/dags
[2026-08-10T23:20:28.265+0000] {manager.py:887} INFO - 
================================================================================
DAG File Processing Stats

File Path                     PID    Runtime      # DAGs    # Errors  Last Runtime    Last Run
----------------------------  -----  ---------  --------  ----------  --------------  -------------------
/opt/airflow/dags/airflow.py                           1           0  0.17s           2026-08-10T23:20:25
================================================================================
[2026-08-10T23:20:38.336+0000] {manager.py:755} INFO - Searching for files in /opt/airflow/dags
[2026-08-10T23:20:38.340+0000] {manager.py:758} INFO - There are 1 files in /opt/airflow/dags
[2026-08-10T23:20:58.514+0000] {manager.py:755} INFO - Searching for files in /opt/airflow/dags
[2026-08-10T23:20:58.519+0000] {manager.py:758} INFO - There are 1 files in /opt/airflow/dags
[2026-08-10T23:20:58.526+0000] {manager.py:887} INFO - 
================================================================================
DAG File Processing Stats

File Path                     PID    Runtime      # DAGs    # Errors  Last Runtime    Last Run
----------------------------  -----  ---------  --------  ----------  --------------  -------------------
/opt/airflow/dags/airflow.py                           1           0  0.16s           2026-08-10T23:20:55
================================================================================
[2026-08-10T23:21:18.671+0000] {manager.py:755} INFO - Searching for files in /opt/airflow/dags
[2026-08-10T23:21:18.677+0000] {manager.py:758} INFO - There are 1 files in /opt/airflow/dags
[2026-08-10T23:21:28.896+0000] {manager.py:887} INFO - 
================================================================================
DAG File Processing Stats

File Path                     PID    Runtime      # DAGs    # Errors  Last Runtime    Last Run
----------------------------  -----  ---------  --------  ----------  --------------  -------------------
/opt/airflow/dags/airflow.py                           1           0  0.15s           2026-08-10T23:21:25
================================================================================
[2026-08-10T23:21:38.980+0000] {manager.py:755} INFO - Searching for files in /opt/airflow/dags
[2026-08-10T23:21:38.987+0000] {manager.py:758} INFO - There are 1 files in /opt/airflow/dags
[2026-08-10T23:21:59.175+0000] {manager.py:755} INFO - Searching for files in /opt/airflow/dags
[2026-08-10T23:21:59.181+0000] {manager.py:758} INFO - There are 1 files in /opt/airflow/dags
[2026-08-10T23:21:59.188+0000] {manager.py:887} INFO - 
================================================================================
DAG File Processing Stats

File Path                     PID    Runtime      # DAGs    # Errors  Last Runtime    Last Run
----------------------------  -----  ---------  --------  ----------  --------------  -------------------
/opt/airflow/dags/airflow.py                           1           0  0.10s           2026-08-10T23:21:56
================================================================================
[2026-08-10T23:22:19.379+0000] {manager.py:755} INFO - Searching for files in /opt/airflow/dags
[2026-08-10T23:22:19.385+0000] {manager.py:758} INFO - There are 1 files in /opt/airflow/dags
[2026-08-10T23:22:29.502+0000] {manager.py:887} INFO - 
================================================================================
DAG File Processing Stats

File Path                     PID    Runtime      # DAGs    # Errors  Last Runtime    Last Run
----------------------------  -----  ---------  --------  ----------  --------------  -------------------
/opt/airflow/dags/airflow.py                           1           0  0.10s           2026-08-10T23:22:26
================================================================================
[2026-08-10T23:22:39.599+0000] {manager.py:755} INFO - Searching for files in /opt/airflow/dags
[2026-08-10T23:22:39.606+0000] {manager.py:758} INFO - There are 1 files in /opt/airflow/dags
[2026-08-10T23:22:59.848+0000] {manager.py:755} INFO - Searching for files in /opt/airflow/dags
[2026-08-10T23:22:59.853+0000] {manager.py:758} INFO - There are 1 files in /opt/airflow/dags
[2026-08-10T23:22:59.860+0000] {manager.py:887} INFO - 
================================================================================
DAG File Processing Stats

File Path                     PID    Runtime      # DAGs    # Errors  Last Runtime    Last Run
----------------------------  -----  ---------  --------  ----------  --------------  -------------------
/opt/airflow/dags/airflow.py                           1           0  0.17s           2026-08-10T23:22:56
================================================================================
[2026-08-10T23:23:20.099+0000] {manager.py:755} INFO - Searching for files in /opt/airflow/dags
[2026-08-10T23:23:20.105+0000] {manager.py:758} INFO - There are 1 files in /opt/airflow/dags
[2026-08-10T23:23:30.266+0000] {manager.py:887} INFO - 
================================================================================
DAG File Processing Stats

File Path                     PID    Runtime      # DAGs    # Errors  Last Runtime    Last Run
----------------------------  -----  ---------  --------  ----------  --------------  -------------------
/opt/airflow/dags/airflow.py                           1           0  0.16s           2026-08-10T23:23:27
================================================================================
[2026-08-10T23:23:40.382+0000] {manager.py:755} INFO - Searching for files in /opt/airflow/dags
[2026-08-10T23:23:40.389+0000] {manager.py:758} INFO - There are 1 files in /opt/airflow/dags
[2026-08-10T23:24:00.650+0000] {manager.py:755} INFO - Searching for files in /opt/airflow/dags
[2026-08-10T23:24:00.656+0000] {manager.py:758} INFO - There are 1 files in /opt/airflow/dags
[2026-08-10T23:24:00.663+0000] {manager.py:887} INFO - 
================================================================================
DAG File Processing Stats

File Path                     PID    Runtime      # DAGs    # Errors  Last Runtime    Last Run
----------------------------  -----  ---------  --------  ----------  --------------  -------------------
/opt/airflow/dags/airflow.py                           1           0  0.17s           2026-08-10T23:23:57
================================================================================
[2026-08-10T23:24:20.851+0000] {manager.py:755} INFO - Searching for files in /opt/airflow/dags
[2026-08-10T23:24:20.858+0000] {manager.py:758} INFO - There are 1 files in /opt/airflow/dags
[2026-08-10T23:24:31.085+0000] {manager.py:887} INFO - 
================================================================================
DAG File Processing Stats

File Path                     PID    Runtime      # DAGs    # Errors  Last Runtime    Last Run
----------------------------  -----  ---------  --------  ----------  --------------  -------------------
/opt/airflow/dags/airflow.py                           1           0  0.16s           2026-08-10T23:24:28
================================================================================
[2026-08-10T23:24:41.193+0000] {manager.py:755} INFO - Searching for files in /opt/airflow/dags
[2026-08-10T23:24:41.201+0000] {manager.py:758} INFO - There are 1 files in /opt/airflow/dags
[2026-08-10T23:25:01.456+0000] {manager.py:755} INFO - Searching for files in /opt/airflow/dags
[2026-08-10T23:25:01.463+0000] {manager.py:758} INFO - There are 1 files in /opt/airflow/dags
[2026-08-10T23:25:01.469+0000] {manager.py:887} INFO - 
================================================================================
DAG File Processing Stats

File Path                     PID    Runtime      # DAGs    # Errors  Last Runtime    Last Run
----------------------------  -----  ---------  --------  ----------  --------------  -------------------
/opt/airflow/dags/airflow.py                           1           0  0.12s           2026-08-10T23:24:58
================================================================================
[2026-08-10T23:25:21.687+0000] {manager.py:755} INFO - Searching for files in /opt/airflow/dags
[2026-08-10T23:25:21.693+0000] {manager.py:758} INFO - There are 1 files in /opt/airflow/dags
[2026-08-10T23:25:31.801+0000] {manager.py:887} INFO - 
================================================================================
DAG File Processing Stats

File Path                     PID    Runtime      # DAGs    # Errors  Last Runtime    Last Run
----------------------------  -----  ---------  --------  ----------  --------------  -------------------
/opt/airflow/dags/airflow.py                           1           0  0.17s           2026-08-10T23:25:28
================================================================================
[2026-08-10T23:25:41.908+0000] {manager.py:755} INFO - Searching for files in /opt/airflow/dags
[2026-08-10T23:25:41.915+0000] {manager.py:758} INFO - There are 1 files in /opt/airflow/dags
[2026-08-10T23:26:02.273+0000] {manager.py:755} INFO - Searching for files in /opt/airflow/dags
[2026-08-10T23:26:02.280+0000] {manager.py:758} INFO - There are 1 files in /opt/airflow/dags
[2026-08-10T23:26:02.287+0000] {manager.py:887} INFO - 
================================================================================
DAG File Processing Stats

File Path                     PID    Runtime      # DAGs    # Errors  Last Runtime    Last Run
----------------------------  -----  ---------  --------  ----------  --------------  -------------------
/opt/airflow/dags/airflow.py                           1           0  0.17s           2026-08-10T23:25:59
================================================================================
[2026-08-10T23:26:22.532+0000] {manager.py:755} INFO - Searching for files in /opt/airflow/dags
[2026-08-10T23:26:22.539+0000] {manager.py:758} INFO - There are 1 files in /opt/airflow/dags
[2026-08-10T23:26:32.691+0000] {manager.py:887} INFO - 
================================================================================
DAG File Processing Stats

File Path                     PID    Runtime      # DAGs    # Errors  Last Runtime    Last Run
----------------------------  -----  ---------  --------  ----------  --------------  -------------------
/opt/airflow/dags/airflow.py                           1           0  0.16s           2026-08-10T23:26:29
================================================================================
[2026-08-10T23:26:42.796+0000] {manager.py:755} INFO - Searching for files in /opt/airflow/dags
[2026-08-10T23:26:42.798+0000] {manager.py:758} INFO - There are 1 files in /opt/airflow/dags
[2026-08-10T23:27:03.112+0000] {manager.py:755} INFO - Searching for files in /opt/airflow/dags
[2026-08-10T23:27:03.118+0000] {manager.py:758} INFO - There are 1 files in /opt/airflow/dags
[2026-08-10T23:27:03.124+0000] {manager.py:887} INFO - 
================================================================================
DAG File Processing Stats

File Path                     PID    Runtime      # DAGs    # Errors  Last Runtime    Last Run
----------------------------  -----  ---------  --------  ----------  --------------  -------------------
/opt/airflow/dags/airflow.py                           1           0  0.16s           2026-08-10T23:27:00
================================================================================
[2026-08-10T23:27:23.355+0000] {manager.py:755} INFO - Searching for files in /opt/airflow/dags
[2026-08-10T23:27:23.360+0000] {manager.py:758} INFO - There are 1 files in /opt/airflow/dags
[2026-08-10T23:27:33.485+0000] {manager.py:887} INFO - 
================================================================================
DAG File Processing Stats

File Path                     PID    Runtime      # DAGs    # Errors  Last Runtime    Last Run
----------------------------  -----  ---------  --------  ----------  --------------  -------------------
/opt/airflow/dags/airflow.py                           1           0  0.15s           2026-08-10T23:27:30
================================================================================
[2026-08-10T23:27:43.582+0000] {manager.py:755} INFO - Searching for files in /opt/airflow/dags
[2026-08-10T23:27:43.589+0000] {manager.py:758} INFO - There are 1 files in /opt/airflow/dags
[2026-08-10T23:28:03.867+0000] {manager.py:755} INFO - Searching for files in /opt/airflow/dags
[2026-08-10T23:28:03.873+0000] {manager.py:758} INFO - There are 1 files in /opt/airflow/dags
[2026-08-10T23:28:03.880+0000] {manager.py:887} INFO - 
================================================================================
DAG File Processing Stats

File Path                     PID    Runtime      # DAGs    # Errors  Last Runtime    Last Run
----------------------------  -----  ---------  --------  ----------  --------------  -------------------
/opt/airflow/dags/airflow.py                           1           0  0.16s           2026-08-10T23:28:00
================================================================================
[2026-08-10T23:28:24.060+0000] {manager.py:755} INFO - Searching for files in /opt/airflow/dags
[2026-08-10T23:28:24.067+0000] {manager.py:758} INFO - There are 1 files in /opt/airflow/dags
[2026-08-10T23:28:34.261+0000] {manager.py:887} INFO - 
================================================================================
DAG File Processing Stats

File Path                     PID    Runtime      # DAGs    # Errors  Last Runtime    Last Run
----------------------------  -----  ---------  --------  ----------  --------------  -------------------
/opt/airflow/dags/airflow.py                           1           0  0.16s           2026-08-10T23:28:31
================================================================================
[2026-08-10T23:28:44.355+0000] {manager.py:755} INFO - Searching for files in /opt/airflow/dags
[2026-08-10T23:28:44.360+0000] {manager.py:758} INFO - There are 1 files in /opt/airflow/dags
[2026-08-10T23:29:04.600+0000] {manager.py:755} INFO - Searching for files in /opt/airflow/dags
[2026-08-10T23:29:04.606+0000] {manager.py:758} INFO - There are 1 files in /opt/airflow/dags
[2026-08-10T23:29:04.612+0000] {manager.py:887} INFO - 
================================================================================
DAG File Processing Stats

File Path                     PID    Runtime      # DAGs    # Errors  Last Runtime    Last Run
----------------------------  -----  ---------  --------  ----------  --------------  -------------------
/opt/airflow/dags/airflow.py                           1           0  0.17s           2026-08-10T23:29:01
================================================================================
[2026-08-10T23:29:24.784+0000] {manager.py:755} INFO - Searching for files in /opt/airflow/dags
[2026-08-10T23:29:24.792+0000] {manager.py:758} INFO - There are 1 files in /opt/airflow/dags
[2026-08-10T23:29:34.930+0000] {manager.py:887} INFO - 
================================================================================
DAG File Processing Stats

File Path                     PID    Runtime      # DAGs    # Errors  Last Runtime    Last Run
----------------------------  -----  ---------  --------  ----------  --------------  -------------------
/opt/airflow/dags/airflow.py                           1           0  0.11s           2026-08-10T23:29:31
================================================================================
[2026-08-10T23:29:45.025+0000] {manager.py:755} INFO - Searching for files in /opt/airflow/dags
[2026-08-10T23:29:45.029+0000] {manager.py:758} INFO - There are 1 files in /opt/airflow/dags
[2026-08-10T23:30:05.281+0000] {manager.py:755} INFO - Searching for files in /opt/airflow/dags
[2026-08-10T23:30:05.285+0000] {manager.py:758} INFO - There are 1 files in /opt/airflow/dags
[2026-08-10T23:30:05.291+0000] {manager.py:887} INFO - 
================================================================================
DAG File Processing Stats

File Path                     PID    Runtime      # DAGs    # Errors  Last Runtime    Last Run
----------------------------  -----  ---------  --------  ----------  --------------  -------------------
/opt/airflow/dags/airflow.py                           1           0  0.17s           2026-08-10T23:30:02
================================================================================
[2026-08-10T23:30:25.509+0000] {manager.py:755} INFO - Searching for files in /opt/airflow/dags
[2026-08-10T23:30:25.516+0000] {manager.py:758} INFO - There are 1 files in /opt/airflow/dags
[2026-08-10T23:30:35.659+0000] {manager.py:887} INFO - 
================================================================================
DAG File Processing Stats

File Path                     PID    Runtime      # DAGs    # Errors  Last Runtime    Last Run
----------------------------  -----  ---------  --------  ----------  --------------  -------------------
/opt/airflow/dags/airflow.py                           1           0  0.16s           2026-08-10T23:30:32
================================================================================
[2026-08-10T23:30:45.781+0000] {manager.py:755} INFO - Searching for files in /opt/airflow/dags
[2026-08-10T23:30:45.788+0000] {manager.py:758} INFO - There are 1 files in /opt/airflow/dags
[2026-08-10T23:31:06.026+0000] {manager.py:755} INFO - Searching for files in /opt/airflow/dags
[2026-08-10T23:31:06.031+0000] {manager.py:758} INFO - There are 1 files in /opt/airflow/dags
[2026-08-10T23:31:06.037+0000] {manager.py:887} INFO - 
================================================================================
DAG File Processing Stats

File Path                     PID    Runtime      # DAGs    # Errors  Last Runtime    Last Run
----------------------------  -----  ---------  --------  ----------  --------------  -------------------
/opt/airflow/dags/airflow.py                           1           0  0.18s           2026-08-10T23:31:03
================================================================================
[2026-08-10T23:31:26.239+0000] {manager.py:755} INFO - Searching for files in /opt/airflow/dags
[2026-08-10T23:31:26.245+0000] {manager.py:758} INFO - There are 1 files in /opt/airflow/dags
[2026-08-10T23:31:36.476+0000] {manager.py:887} INFO - 
================================================================================
DAG File Processing Stats

File Path                     PID    Runtime      # DAGs    # Errors  Last Runtime    Last Run
----------------------------  -----  ---------  --------  ----------  --------------  -------------------
/opt/airflow/dags/airflow.py                           1           0  0.16s           2026-08-10T23:31:33
================================================================================
[2026-08-10T23:31:46.597+0000] {manager.py:755} INFO - Searching for files in /opt/airflow/dags
[2026-08-10T23:31:46.605+0000] {manager.py:758} INFO - There are 1 files in /opt/airflow/dags
[2026-08-10T23:32:06.829+0000] {manager.py:755} INFO - Searching for files in /opt/airflow/dags
[2026-08-10T23:32:06.835+0000] {manager.py:758} INFO - There are 1 files in /opt/airflow/dags
[2026-08-10T23:32:06.840+0000] {manager.py:887} INFO - 
================================================================================
DAG File Processing Stats

File Path                     PID    Runtime      # DAGs    # Errors  Last Runtime    Last Run
----------------------------  -----  ---------  --------  ----------  --------------  -------------------
/opt/airflow/dags/airflow.py                           1           0  0.11s           2026-08-10T23:32:03
================================================================================
[2026-08-10T23:32:27.069+0000] {manager.py:755} INFO - Searching for files in /opt/airflow/dags
[2026-08-10T23:32:27.076+0000] {manager.py:758} INFO - There are 1 files in /opt/airflow/dags
[2026-08-10T23:32:37.207+0000] {manager.py:887} INFO - 
================================================================================
DAG File Processing Stats

File Path                     PID    Runtime      # DAGs    # Errors  Last Runtime    Last Run
----------------------------  -----  ---------  --------  ----------  --------------  -------------------
/opt/airflow/dags/airflow.py                           1           0  0.16s           2026-08-10T23:32:34
================================================================================
[2026-08-10T23:32:47.294+0000] {manager.py:755} INFO - Searching for files in /opt/airflow/dags
[2026-08-10T23:32:47.302+0000] {manager.py:758} INFO - There are 1 files in /opt/airflow/dags
[2026-08-10T23:33:07.475+0000] {manager.py:755} INFO - Searching for files in /opt/airflow/dags
[2026-08-10T23:33:07.480+0000] {manager.py:758} INFO - There are 1 files in /opt/airflow/dags
[2026-08-10T23:33:07.485+0000] {manager.py:887} INFO - 
================================================================================
DAG File Processing Stats

File Path                     PID    Runtime      # DAGs    # Errors  Last Runtime    Last Run
----------------------------  -----  ---------  --------  ----------  --------------  -------------------
/opt/airflow/dags/airflow.py                           1           0  0.16s           2026-08-10T23:33:04
================================================================================
[2026-08-10T23:33:27.703+0000] {manager.py:755} INFO - Searching for files in /opt/airflow/dags
[2026-08-10T23:33:27.708+0000] {manager.py:758} INFO - There are 1 files in /opt/airflow/dags
[2026-08-10T23:33:37.928+0000] {manager.py:887} INFO - 
================================================================================
DAG File Processing Stats

File Path                     PID    Runtime      # DAGs    # Errors  Last Runtime    Last Run
----------------------------  -----  ---------  --------  ----------  --------------  -------------------
/opt/airflow/dags/airflow.py                           1           0  0.16s           2026-08-10T23:33:34
================================================================================
[2026-08-10T23:33:48.070+0000] {manager.py:755} INFO - Searching for files in /opt/airflow/dags
[2026-08-10T23:33:48.078+0000] {manager.py:758} INFO - There are 1 files in /opt/airflow/dags
[2026-08-10T23:34:08.323+0000] {manager.py:755} INFO - Searching for files in /opt/airflow/dags
[2026-08-10T23:34:08.329+0000] {manager.py:758} INFO - There are 1 files in /opt/airflow/dags
[2026-08-10T23:34:08.336+0000] {manager.py:887} INFO - 
================================================================================
DAG File Processing Stats

File Path                     PID    Runtime      # DAGs    # Errors  Last Runtime    Last Run
----------------------------  -----  ---------  --------  ----------  --------------  -------------------
/opt/airflow/dags/airflow.py                           1           0  0.17s           2026-08-10T23:34:05
================================================================================
[2026-08-10T23:34:28.537+0000] {manager.py:755} INFO - Searching for files in /opt/airflow/dags
[2026-08-10T23:34:28.543+0000] {manager.py:758} INFO - There are 1 files in /opt/airflow/dags
[2026-08-10T23:34:38.704+0000] {manager.py:887} INFO - 
================================================================================
DAG File Processing Stats

File Path                     PID    Runtime      # DAGs    # Errors  Last Runtime    Last Run
----------------------------  -----  ---------  --------  ----------  --------------  -------------------
/opt/airflow/dags/airflow.py                           1           0  0.11s           2026-08-10T23:34:35
================================================================================
[2026-08-10T23:34:48.819+0000] {manager.py:755} INFO - Searching for files in /opt/airflow/dags
[2026-08-10T23:34:48.826+0000] {manager.py:758} INFO - There are 1 files in /opt/airflow/dags
[2026-08-10T23:35:09.094+0000] {manager.py:755} INFO - Searching for files in /opt/airflow/dags
[2026-08-10T23:35:09.100+0000] {manager.py:758} INFO - There are 1 files in /opt/airflow/dags
[2026-08-10T23:35:09.106+0000] {manager.py:887} INFO - 
================================================================================
DAG File Processing Stats

File Path                     PID    Runtime      # DAGs    # Errors  Last Runtime    Last Run
----------------------------  -----  ---------  --------  ----------  --------------  -------------------
/opt/airflow/dags/airflow.py                           1           0  0.16s           2026-08-10T23:35:06
================================================================================
[2026-08-10T23:35:29.328+0000] {manager.py:755} INFO - Searching for files in /opt/airflow/dags
[2026-08-10T23:35:29.335+0000] {manager.py:758} INFO - There are 1 files in /opt/airflow/dags
[2026-08-10T23:35:39.511+0000] {manager.py:887} INFO - 
================================================================================
DAG File Processing Stats

File Path                     PID    Runtime      # DAGs    # Errors  Last Runtime    Last Run
----------------------------  -----  ---------  --------  ----------  --------------  -------------------
/opt/airflow/dags/airflow.py                           1           0  0.16s           2026-08-10T23:35:36
================================================================================
[2026-08-10T23:35:49.645+0000] {manager.py:755} INFO - Searching for files in /opt/airflow/dags
[2026-08-10T23:35:49.653+0000] {manager.py:758} INFO - There are 1 files in /opt/airflow/dags
[2026-08-10T23:36:09.888+0000] {manager.py:755} INFO - Searching for files in /opt/airflow/dags
[2026-08-10T23:36:09.894+0000] {manager.py:758} INFO - There are 1 files in /opt/airflow/dags
[2026-08-10T23:36:09.901+0000] {manager.py:887} INFO - 
================================================================================
DAG File Processing Stats

File Path                     PID    Runtime      # DAGs    # Errors  Last Runtime    Last Run
----------------------------  -----  ---------  --------  ----------  --------------  -------------------
/opt/airflow/dags/airflow.py                           1           0  0.17s           2026-08-10T23:36:06
================================================================================
[2026-08-10T23:36:30.124+0000] {manager.py:755} INFO - Searching for files in /opt/airflow/dags
[2026-08-10T23:36:30.132+0000] {manager.py:758} INFO - There are 1 files in /opt/airflow/dags
[2026-08-10T23:36:40.295+0000] {manager.py:887} INFO - 
================================================================================
DAG File Processing Stats

File Path                     PID    Runtime      # DAGs    # Errors  Last Runtime    Last Run
----------------------------  -----  ---------  --------  ----------  --------------  -------------------
/opt/airflow/dags/airflow.py                           1           0  0.16s           2026-08-10T23:36:37
================================================================================
[2026-08-10T23:36:50.376+0000] {manager.py:755} INFO - Searching for files in /opt/airflow/dags
[2026-08-10T23:36:50.380+0000] {manager.py:758} INFO - There are 1 files in /opt/airflow/dags
[2026-08-10T23:37:10.572+0000] {manager.py:755} INFO - Searching for files in /opt/airflow/dags
[2026-08-10T23:37:10.577+0000] {manager.py:758} INFO - There are 1 files in /opt/airflow/dags
[2026-08-10T23:37:10.584+0000] {manager.py:887} INFO - 
================================================================================
DAG File Processing Stats

File Path                     PID    Runtime      # DAGs    # Errors  Last Runtime    Last Run
----------------------------  -----  ---------  --------  ----------  --------------  -------------------
/opt/airflow/dags/airflow.py                           1           0  0.10s           2026-08-10T23:37:07
================================================================================
[2026-08-10T23:37:30.809+0000] {manager.py:755} INFO - Searching for files in /opt/airflow/dags
[2026-08-10T23:37:30.815+0000] {manager.py:758} INFO - There are 1 files in /opt/airflow/dags
[2026-08-10T23:37:40.956+0000] {manager.py:887} INFO - 
================================================================================
DAG File Processing Stats

File Path                     PID    Runtime      # DAGs    # Errors  Last Runtime    Last Run
----------------------------  -----  ---------  --------  ----------  --------------  -------------------
/opt/airflow/dags/airflow.py                           1           0  0.20s           2026-08-10T23:37:38
================================================================================
[2026-08-10T23:37:51.051+0000] {manager.py:755} INFO - Searching for files in /opt/airflow/dags
[2026-08-10T23:37:51.059+0000] {manager.py:758} INFO - There are 1 files in /opt/airflow/dags
[2026-08-10T23:38:11.366+0000] {manager.py:755} INFO - Searching for files in /opt/airflow/dags
[2026-08-10T23:38:11.371+0000] {manager.py:758} INFO - There are 1 files in /opt/airflow/dags
[2026-08-10T23:38:11.378+0000] {manager.py:887} INFO - 
================================================================================
DAG File Processing Stats

File Path                     PID    Runtime      # DAGs    # Errors  Last Runtime    Last Run
----------------------------  -----  ---------  --------  ----------  --------------  -------------------
/opt/airflow/dags/airflow.py                           1           0  0.17s           2026-08-10T23:38:08
================================================================================
[2026-08-10T23:38:31.568+0000] {manager.py:755} INFO - Searching for files in /opt/airflow/dags
[2026-08-10T23:38:31.577+0000] {manager.py:758} INFO - There are 1 files in /opt/airflow/dags
[2026-08-10T23:38:41.707+0000] {manager.py:887} INFO - 
================================================================================
DAG File Processing Stats

File Path                     PID    Runtime      # DAGs    # Errors  Last Runtime    Last Run
----------------------------  -----  ---------  --------  ----------  --------------  -------------------
/opt/airflow/dags/airflow.py                           1           0  0.17s           2026-08-10T23:38:38
================================================================================
[2026-08-10T23:38:51.802+0000] {manager.py:755} INFO - Searching for files in /opt/airflow/dags
[2026-08-10T23:38:51.809+0000] {manager.py:758} INFO - There are 1 files in /opt/airflow/dags
[2026-08-10T23:39:12.071+0000] {manager.py:755} INFO - Searching for files in /opt/airflow/dags
[2026-08-10T23:39:12.077+0000] {manager.py:758} INFO - There are 1 files in /opt/airflow/dags
[2026-08-10T23:39:12.083+0000] {manager.py:887} INFO - 
================================================================================
DAG File Processing Stats

File Path                     PID    Runtime      # DAGs    # Errors  Last Runtime    Last Run
----------------------------  -----  ---------  --------  ----------  --------------  -------------------
/opt/airflow/dags/airflow.py                           0           1  0.15s           2026-08-10T23:39:09
================================================================================
[2026-08-10T23:39:32.249+0000] {manager.py:755} INFO - Searching for files in /opt/airflow/dags
[2026-08-10T23:39:32.251+0000] {manager.py:758} INFO - There are 1 files in /opt/airflow/dags
[2026-08-10T23:39:42.363+0000] {manager.py:887} INFO - 
================================================================================
DAG File Processing Stats

File Path                     PID    Runtime      # DAGs    # Errors  Last Runtime    Last Run
----------------------------  -----  ---------  --------  ----------  --------------  -------------------
/opt/airflow/dags/airflow.py                           0           1  0.16s           2026-08-10T23:39:39
================================================================================
[2026-08-10T23:39:52.489+0000] {manager.py:755} INFO - Searching for files in /opt/airflow/dags
[2026-08-10T23:39:52.496+0000] {manager.py:758} INFO - There are 1 files in /opt/airflow/dags
[2026-08-10T23:40:12.731+0000] {manager.py:755} INFO - Searching for files in /opt/airflow/dags
[2026-08-10T23:40:12.738+0000] {manager.py:758} INFO - There are 1 files in /opt/airflow/dags
[2026-08-10T23:40:12.745+0000] {manager.py:887} INFO - 
================================================================================
DAG File Processing Stats

File Path                     PID    Runtime      # DAGs    # Errors  Last Runtime    Last Run
----------------------------  -----  ---------  --------  ----------  --------------  -------------------
/opt/airflow/dags/airflow.py                           1           0  0.17s           2026-08-10T23:40:09
================================================================================
[2026-08-10T23:40:32.930+0000] {manager.py:755} INFO - Searching for files in /opt/airflow/dags
[2026-08-10T23:40:32.937+0000] {manager.py:758} INFO - There are 1 files in /opt/airflow/dags
[2026-08-10T23:40:43.069+0000] {manager.py:887} INFO - 
================================================================================
DAG File Processing Stats

File Path                     PID    Runtime      # DAGs    # Errors  Last Runtime    Last Run
----------------------------  -----  ---------  --------  ----------  --------------  -------------------
/opt/airflow/dags/airflow.py                           1           0  0.18s           2026-08-10T23:40:40
================================================================================
[2026-08-10T23:40:53.167+0000] {manager.py:755} INFO - Searching for files in /opt/airflow/dags
[2026-08-10T23:40:53.175+0000] {manager.py:758} INFO - There are 1 files in /opt/airflow/dags
[2026-08-10T23:41:13.437+0000] {manager.py:755} INFO - Searching for files in /opt/airflow/dags
[2026-08-10T23:41:13.444+0000] {manager.py:758} INFO - There are 1 files in /opt/airflow/dags
[2026-08-10T23:41:13.453+0000] {manager.py:887} INFO - 
================================================================================
DAG File Processing Stats

File Path                     PID    Runtime      # DAGs    # Errors  Last Runtime    Last Run
----------------------------  -----  ---------  --------  ----------  --------------  -------------------
/opt/airflow/dags/airflow.py                           1           0  0.16s           2026-08-10T23:41:10
================================================================================
[2026-08-10T23:41:33.654+0000] {manager.py:755} INFO - Searching for files in /opt/airflow/dags
[2026-08-10T23:41:33.662+0000] {manager.py:758} INFO - There are 1 files in /opt/airflow/dags
[2026-08-10T23:41:43.779+0000] {manager.py:887} INFO - 
================================================================================
DAG File Processing Stats

File Path                     PID    Runtime      # DAGs    # Errors  Last Runtime    Last Run
----------------------------  -----  ---------  --------  ----------  --------------  -------------------
/opt/airflow/dags/airflow.py                           1           0  0.19s           2026-08-10T23:41:36
================================================================================
[2026-08-10T23:41:53.864+0000] {manager.py:755} INFO - Searching for files in /opt/airflow/dags
[2026-08-10T23:41:53.870+0000] {manager.py:758} INFO - There are 1 files in /opt/airflow/dags
[2026-08-10T23:42:14.175+0000] {manager.py:755} INFO - Searching for files in /opt/airflow/dags
[2026-08-10T23:42:14.180+0000] {manager.py:758} INFO - There are 1 files in /opt/airflow/dags
[2026-08-10T23:42:14.183+0000] {manager.py:887} INFO - 
================================================================================
DAG File Processing Stats

File Path                     PID    Runtime      # DAGs    # Errors  Last Runtime    Last Run
----------------------------  -----  ---------  --------  ----------  --------------  -------------------
/opt/airflow/dags/airflow.py                           1           0  0.23s           2026-08-10T23:42:07
================================================================================
[2026-08-10T23:42:34.335+0000] {manager.py:755} INFO - Searching for files in /opt/airflow/dags
[2026-08-10T23:42:34.339+0000] {manager.py:758} INFO - There are 1 files in /opt/airflow/dags
[2026-08-10T23:42:44.475+0000] {manager.py:887} INFO - 
================================================================================
DAG File Processing Stats

File Path                     PID    Runtime      # DAGs    # Errors  Last Runtime    Last Run
----------------------------  -----  ---------  --------  ----------  --------------  -------------------
/opt/airflow/dags/airflow.py                           1           0  0.17s           2026-08-10T23:42:37
================================================================================
[2026-08-10T23:42:54.554+0000] {manager.py:755} INFO - Searching for files in /opt/airflow/dags
[2026-08-10T23:42:54.559+0000] {manager.py:758} INFO - There are 1 files in /opt/airflow/dags
[2026-08-10T23:43:14.787+0000] {manager.py:755} INFO - Searching for files in /opt/airflow/dags
[2026-08-10T23:43:14.795+0000] {manager.py:758} INFO - There are 1 files in /opt/airflow/dags
[2026-08-10T23:43:14.802+0000] {manager.py:887} INFO - 
================================================================================
DAG File Processing Stats

File Path                     PID    Runtime      # DAGs    # Errors  Last Runtime    Last Run
----------------------------  -----  ---------  --------  ----------  --------------  -------------------
/opt/airflow/dags/airflow.py                           1           0  0.18s           2026-08-10T23:43:07
================================================================================
[2026-08-10T23:43:34.979+0000] {manager.py:755} INFO - Searching for files in /opt/airflow/dags
[2026-08-10T23:43:34.985+0000] {manager.py:758} INFO - There are 1 files in /opt/airflow/dags
[2026-08-10T23:43:45.160+0000] {manager.py:887} INFO - 
================================================================================
DAG File Processing Stats

File Path                     PID    Runtime      # DAGs    # Errors  Last Runtime    Last Run
----------------------------  -----  ---------  --------  ----------  --------------  -------------------
/opt/airflow/dags/airflow.py                           1           0  0.21s           2026-08-10T23:43:38
================================================================================
[2026-08-10T23:43:55.245+0000] {manager.py:755} INFO - Searching for files in /opt/airflow/dags
[2026-08-10T23:43:55.255+0000] {manager.py:758} INFO - There are 1 files in /opt/airflow/dags
[2026-08-10T23:44:15.512+0000] {manager.py:755} INFO - Searching for files in /opt/airflow/dags
[2026-08-10T23:44:15.518+0000] {manager.py:758} INFO - There are 1 files in /opt/airflow/dags
[2026-08-10T23:44:15.525+0000] {manager.py:887} INFO - 
================================================================================
DAG File Processing Stats

File Path                     PID    Runtime      # DAGs    # Errors  Last Runtime    Last Run
----------------------------  -----  ---------  --------  ----------  --------------  -------------------
/opt/airflow/dags/airflow.py                           1           0  0.19s           2026-08-10T23:44:08
================================================================================
[2026-08-10T23:44:35.686+0000] {manager.py:755} INFO - Searching for files in /opt/airflow/dags
[2026-08-10T23:44:35.689+0000] {manager.py:758} INFO - There are 1 files in /opt/airflow/dags
[2026-08-10T23:44:45.896+0000] {manager.py:887} INFO - 
================================================================================
DAG File Processing Stats

File Path                     PID    Runtime      # DAGs    # Errors  Last Runtime    Last Run
----------------------------  -----  ---------  --------  ----------  --------------  -------------------
/opt/airflow/dags/airflow.py                           1           0  0.16s           2026-08-10T23:44:38
================================================================================
[2026-08-10T23:44:55.988+0000] {manager.py:755} INFO - Searching for files in /opt/airflow/dags
[2026-08-10T23:44:55.995+0000] {manager.py:758} INFO - There are 1 files in /opt/airflow/dags
[2026-08-10T23:45:16.210+0000] {manager.py:755} INFO - Searching for files in /opt/airflow/dags
[2026-08-10T23:45:16.217+0000] {manager.py:758} INFO - There are 1 files in /opt/airflow/dags
[2026-08-10T23:45:16.223+0000] {manager.py:887} INFO - 
================================================================================
DAG File Processing Stats

File Path                     PID    Runtime      # DAGs    # Errors  Last Runtime    Last Run
----------------------------  -----  ---------  --------  ----------  --------------  -------------------
/opt/airflow/dags/airflow.py                           1           0  0.16s           2026-08-10T23:45:09
================================================================================
[2026-08-10T23:45:36.372+0000] {manager.py:755} INFO - Searching for files in /opt/airflow/dags
[2026-08-10T23:45:36.377+0000] {manager.py:758} INFO - There are 1 files in /opt/airflow/dags
[2026-08-10T23:45:46.574+0000] {manager.py:887} INFO - 
================================================================================
DAG File Processing Stats

File Path                     PID    Runtime      # DAGs    # Errors  Last Runtime    Last Run
----------------------------  -----  ---------  --------  ----------  --------------  -------------------
/opt/airflow/dags/airflow.py                           1           0  0.21s           2026-08-10T23:45:39
================================================================================
[2026-08-10T23:45:56.665+0000] {manager.py:755} INFO - Searching for files in /opt/airflow/dags
[2026-08-10T23:45:56.672+0000] {manager.py:758} INFO - There are 1 files in /opt/airflow/dags
[2026-08-10T23:46:16.880+0000] {manager.py:755} INFO - Searching for files in /opt/airflow/dags
[2026-08-10T23:46:16.885+0000] {manager.py:758} INFO - There are 1 files in /opt/airflow/dags
[2026-08-10T23:46:16.891+0000] {manager.py:887} INFO - 
================================================================================
DAG File Processing Stats

File Path                     PID    Runtime      # DAGs    # Errors  Last Runtime    Last Run
----------------------------  -----  ---------  --------  ----------  --------------  -------------------
/opt/airflow/dags/airflow.py                           1           0  0.16s           2026-08-10T23:46:09
================================================================================
[2026-08-10T23:46:37.052+0000] {manager.py:755} INFO - Searching for files in /opt/airflow/dags
[2026-08-10T23:46:37.060+0000] {manager.py:758} INFO - There are 1 files in /opt/airflow/dags
[2026-08-10T23:46:47.215+0000] {manager.py:887} INFO - 
================================================================================
DAG File Processing Stats

File Path                     PID    Runtime      # DAGs    # Errors  Last Runtime    Last Run
----------------------------  -----  ---------  --------  ----------  --------------  -------------------
/opt/airflow/dags/airflow.py                           1           0  0.17s           2026-08-10T23:46:40
================================================================================
[2026-08-10T23:46:57.298+0000] {manager.py:755} INFO - Searching for files in /opt/airflow/dags
[2026-08-10T23:46:57.307+0000] {manager.py:758} INFO - There are 1 files in /opt/airflow/dags
[2026-08-10T23:47:17.529+0000] {manager.py:755} INFO - Searching for files in /opt/airflow/dags
[2026-08-10T23:47:17.533+0000] {manager.py:758} INFO - There are 1 files in /opt/airflow/dags
[2026-08-10T23:47:17.537+0000] {manager.py:887} INFO - 
================================================================================
DAG File Processing Stats

File Path                     PID    Runtime      # DAGs    # Errors  Last Runtime    Last Run
----------------------------  -----  ---------  --------  ----------  --------------  -------------------
/opt/airflow/dags/airflow.py                           1           0  0.16s           2026-08-10T23:47:10
================================================================================
[2026-08-10T23:47:37.733+0000] {manager.py:755} INFO - Searching for files in /opt/airflow/dags
[2026-08-10T23:47:37.741+0000] {manager.py:758} INFO - There are 1 files in /opt/airflow/dags
[2026-08-10T23:47:47.901+0000] {manager.py:887} INFO - 
================================================================================
DAG File Processing Stats

File Path                     PID    Runtime      # DAGs    # Errors  Last Runtime    Last Run
----------------------------  -----  ---------  --------  ----------  --------------  -------------------
/opt/airflow/dags/airflow.py                           1           0  0.17s           2026-08-10T23:47:40
================================================================================
[2026-08-10T23:47:57.994+0000] {manager.py:755} INFO - Searching for files in /opt/airflow/dags
[2026-08-10T23:47:58.000+0000] {manager.py:758} INFO - There are 1 files in /opt/airflow/dags
[2026-08-10T23:48:18.213+0000] {manager.py:755} INFO - Searching for files in /opt/airflow/dags
[2026-08-10T23:48:18.218+0000] {manager.py:758} INFO - There are 1 files in /opt/airflow/dags
[2026-08-10T23:48:18.221+0000] {manager.py:887} INFO - 
================================================================================
DAG File Processing Stats

File Path                     PID    Runtime      # DAGs    # Errors  Last Runtime    Last Run
----------------------------  -----  ---------  --------  ----------  --------------  -------------------
/opt/airflow/dags/airflow.py                           1           0  0.14s           2026-08-10T23:48:11
================================================================================
[2026-08-10T23:48:38.400+0000] {manager.py:755} INFO - Searching for files in /opt/airflow/dags
[2026-08-10T23:48:38.408+0000] {manager.py:758} INFO - There are 1 files in /opt/airflow/dags
[2026-08-10T23:48:48.567+0000] {manager.py:887} INFO - 
================================================================================
DAG File Processing Stats

File Path                     PID    Runtime      # DAGs    # Errors  Last Runtime    Last Run
----------------------------  -----  ---------  --------  ----------  --------------  -------------------
/opt/airflow/dags/airflow.py                           1           0  0.20s           2026-08-10T23:48:41
================================================================================
[2026-08-10T23:48:58.650+0000] {manager.py:755} INFO - Searching for files in /opt/airflow/dags
[2026-08-10T23:48:58.654+0000] {manager.py:758} INFO - There are 1 files in /opt/airflow/dags
[2026-08-10T23:49:18.937+0000] {manager.py:755} INFO - Searching for files in /opt/airflow/dags
[2026-08-10T23:49:18.942+0000] {manager.py:758} INFO - There are 1 files in /opt/airflow/dags
[2026-08-10T23:49:18.947+0000] {manager.py:887} INFO - 
================================================================================
DAG File Processing Stats

File Path                     PID    Runtime      # DAGs    # Errors  Last Runtime    Last Run
----------------------------  -----  ---------  --------  ----------  --------------  -------------------
/opt/airflow/dags/airflow.py                           1           0  0.17s           2026-08-10T23:49:11
================================================================================
[2026-08-10T23:49:39.189+0000] {manager.py:755} INFO - Searching for files in /opt/airflow/dags
[2026-08-10T23:49:39.197+0000] {manager.py:758} INFO - There are 1 files in /opt/airflow/dags
[2026-08-10T23:49:49.347+0000] {manager.py:887} INFO - 
================================================================================
DAG File Processing Stats

File Path                     PID    Runtime      # DAGs    # Errors  Last Runtime    Last Run
----------------------------  -----  ---------  --------  ----------  --------------  -------------------
/opt/airflow/dags/airflow.py                           1           0  0.19s           2026-08-10T23:49:42
================================================================================
[2026-08-10T23:49:59.439+0000] {manager.py:755} INFO - Searching for files in /opt/airflow/dags
[2026-08-10T23:49:59.444+0000] {manager.py:758} INFO - There are 1 files in /opt/airflow/dags
[2026-08-10T23:50:19.797+0000] {manager.py:755} INFO - Searching for files in /opt/airflow/dags
[2026-08-10T23:50:19.800+0000] {manager.py:758} INFO - There are 1 files in /opt/airflow/dags
[2026-08-10T23:50:19.803+0000] {manager.py:887} INFO - 
================================================================================
DAG File Processing Stats

File Path                     PID    Runtime      # DAGs    # Errors  Last Runtime    Last Run
----------------------------  -----  ---------  --------  ----------  --------------  -------------------
/opt/airflow/dags/airflow.py                           1           0  0.16s           2026-08-10T23:50:12
================================================================================
[2026-08-10T23:50:40.058+0000] {manager.py:755} INFO - Searching for files in /opt/airflow/dags
[2026-08-10T23:50:40.067+0000] {manager.py:758} INFO - There are 1 files in /opt/airflow/dags
[2026-08-10T23:50:50.202+0000] {manager.py:887} INFO - 
================================================================================
DAG File Processing Stats

File Path                     PID    Runtime      # DAGs    # Errors  Last Runtime    Last Run
----------------------------  -----  ---------  --------  ----------  --------------  -------------------
/opt/airflow/dags/airflow.py                           1           0  0.17s           2026-08-10T23:50:43
================================================================================
[2026-08-10T23:51:00.322+0000] {manager.py:755} INFO - Searching for files in /opt/airflow/dags
[2026-08-10T23:51:00.327+0000] {manager.py:758} INFO - There are 1 files in /opt/airflow/dags
[2026-08-10T23:51:20.659+0000] {manager.py:755} INFO - Searching for files in /opt/airflow/dags
[2026-08-10T23:51:20.666+0000] {manager.py:758} INFO - There are 1 files in /opt/airflow/dags
[2026-08-10T23:51:20.672+0000] {manager.py:887} INFO - 
================================================================================
DAG File Processing Stats

File Path                     PID    Runtime      # DAGs    # Errors  Last Runtime    Last Run
----------------------------  -----  ---------  --------  ----------  --------------  -------------------
/opt/airflow/dags/airflow.py                           1           0  0.16s           2026-08-10T23:51:13
================================================================================
[2026-08-10T23:51:40.876+0000] {manager.py:755} INFO - Searching for files in /opt/airflow/dags
[2026-08-10T23:51:40.882+0000] {manager.py:758} INFO - There are 1 files in /opt/airflow/dags
[2026-08-10T23:51:51.004+0000] {manager.py:887} INFO - 
================================================================================
DAG File Processing Stats

File Path                     PID    Runtime      # DAGs    # Errors  Last Runtime    Last Run
----------------------------  -----  ---------  --------  ----------  --------------  -------------------
/opt/airflow/dags/airflow.py                           1           0  0.19s           2026-08-10T23:51:44
================================================================================
[2026-08-10T23:52:01.113+0000] {manager.py:755} INFO - Searching for files in /opt/airflow/dags
[2026-08-10T23:52:01.120+0000] {manager.py:758} INFO - There are 1 files in /opt/airflow/dags
[2026-08-10T23:52:21.449+0000] {manager.py:755} INFO - Searching for files in /opt/airflow/dags
[2026-08-10T23:52:21.455+0000] {manager.py:758} INFO - There are 1 files in /opt/airflow/dags
[2026-08-10T23:52:21.461+0000] {manager.py:887} INFO - 
================================================================================
DAG File Processing Stats

File Path                     PID    Runtime      # DAGs    # Errors  Last Runtime    Last Run
----------------------------  -----  ---------  --------  ----------  --------------  -------------------
/opt/airflow/dags/airflow.py                           1           0  0.16s           2026-08-10T23:52:14
================================================================================
[2026-08-10T23:52:41.676+0000] {manager.py:755} INFO - Searching for files in /opt/airflow/dags
[2026-08-10T23:52:41.680+0000] {manager.py:758} INFO - There are 1 files in /opt/airflow/dags
[2026-08-10T23:52:51.799+0000] {manager.py:887} INFO - 
================================================================================
DAG File Processing Stats

File Path                     PID    Runtime      # DAGs    # Errors  Last Runtime    Last Run
----------------------------  -----  ---------  --------  ----------  --------------  -------------------
/opt/airflow/dags/airflow.py                           1           0  0.17s           2026-08-10T23:52:44
================================================================================
[2026-08-10T23:53:01.933+0000] {manager.py:755} INFO - Searching for files in /opt/airflow/dags
[2026-08-10T23:53:01.939+0000] {manager.py:758} INFO - There are 1 files in /opt/airflow/dags
[2026-08-10T23:53:22.244+0000] {manager.py:755} INFO - Searching for files in /opt/airflow/dags
[2026-08-10T23:53:22.250+0000] {manager.py:758} INFO - There are 1 files in /opt/airflow/dags
[2026-08-10T23:53:22.257+0000] {manager.py:887} INFO - 
================================================================================
DAG File Processing Stats

File Path                     PID    Runtime      # DAGs    # Errors  Last Runtime    Last Run
----------------------------  -----  ---------  --------  ----------  --------------  -------------------
/opt/airflow/dags/airflow.py                           1           0  0.17s           2026-08-10T23:53:15
================================================================================
[2026-08-10T23:53:42.443+0000] {manager.py:755} INFO - Searching for files in /opt/airflow/dags
[2026-08-10T23:53:42.450+0000] {manager.py:758} INFO - There are 1 files in /opt/airflow/dags
[2026-08-10T23:53:52.558+0000] {manager.py:887} INFO - 
================================================================================
DAG File Processing Stats

File Path                     PID    Runtime      # DAGs    # Errors  Last Runtime    Last Run
----------------------------  -----  ---------  --------  ----------  --------------  -------------------
/opt/airflow/dags/airflow.py                           1           0  0.19s           2026-08-10T23:53:45
================================================================================
[2026-08-10T23:54:02.643+0000] {manager.py:755} INFO - Searching for files in /opt/airflow/dags
[2026-08-10T23:54:02.651+0000] {manager.py:758} INFO - There are 1 files in /opt/airflow/dags
[2026-08-10T23:54:22.997+0000] {manager.py:755} INFO - Searching for files in /opt/airflow/dags
[2026-08-10T23:54:23.003+0000] {manager.py:758} INFO - There are 1 files in /opt/airflow/dags
[2026-08-10T23:54:23.010+0000] {manager.py:887} INFO - 
================================================================================
DAG File Processing Stats

File Path                     PID    Runtime      # DAGs    # Errors  Last Runtime    Last Run
----------------------------  -----  ---------  --------  ----------  --------------  -------------------
/opt/airflow/dags/airflow.py                           1           0  0.15s           2026-08-10T23:54:15
================================================================================
[2026-08-10T23:54:43.200+0000] {manager.py:755} INFO - Searching for files in /opt/airflow/dags
[2026-08-10T23:54:43.207+0000] {manager.py:758} INFO - There are 1 files in /opt/airflow/dags
[2026-08-10T23:54:53.298+0000] {manager.py:887} INFO - 
================================================================================
DAG File Processing Stats

File Path                     PID    Runtime      # DAGs    # Errors  Last Runtime    Last Run
----------------------------  -----  ---------  --------  ----------  --------------  -------------------
/opt/airflow/dags/airflow.py                           1           0  0.19s           2026-08-10T23:54:46
================================================================================
[2026-08-10T23:55:03.386+0000] {manager.py:755} INFO - Searching for files in /opt/airflow/dags
[2026-08-10T23:55:03.390+0000] {manager.py:758} INFO - There are 1 files in /opt/airflow/dags
[2026-08-10T23:55:23.739+0000] {manager.py:755} INFO - Searching for files in /opt/airflow/dags
[2026-08-10T23:55:23.744+0000] {manager.py:758} INFO - There are 1 files in /opt/airflow/dags
[2026-08-10T23:55:23.751+0000] {manager.py:887} INFO - 
================================================================================
DAG File Processing Stats

File Path                     PID    Runtime      # DAGs    # Errors  Last Runtime    Last Run
----------------------------  -----  ---------  --------  ----------  --------------  -------------------
/opt/airflow/dags/airflow.py                           1           0  0.16s           2026-08-10T23:55:16
================================================================================
[2026-08-10T23:55:43.931+0000] {manager.py:755} INFO - Searching for files in /opt/airflow/dags
[2026-08-10T23:55:43.939+0000] {manager.py:758} INFO - There are 1 files in /opt/airflow/dags
[2026-08-10T23:55:54.033+0000] {manager.py:887} INFO - 
================================================================================
DAG File Processing Stats

File Path                     PID    Runtime      # DAGs    # Errors  Last Runtime    Last Run
----------------------------  -----  ---------  --------  ----------  --------------  -------------------
/opt/airflow/dags/airflow.py                           1           0  0.16s           2026-08-10T23:55:47
================================================================================
[2026-08-10T23:56:04.109+0000] {manager.py:755} INFO - Searching for files in /opt/airflow/dags
[2026-08-10T23:56:04.116+0000] {manager.py:758} INFO - There are 1 files in /opt/airflow/dags
[2026-08-10T23:56:24.407+0000] {manager.py:755} INFO - Searching for files in /opt/airflow/dags
[2026-08-10T23:56:24.414+0000] {manager.py:758} INFO - There are 1 files in /opt/airflow/dags
[2026-08-10T23:56:24.421+0000] {manager.py:887} INFO - 
================================================================================
DAG File Processing Stats

File Path                     PID    Runtime      # DAGs    # Errors  Last Runtime    Last Run
----------------------------  -----  ---------  --------  ----------  --------------  -------------------
/opt/airflow/dags/airflow.py                           1           0  0.16s           2026-08-10T23:56:17
================================================================================
[2026-08-10T23:56:44.592+0000] {manager.py:755} INFO - Searching for files in /opt/airflow/dags
[2026-08-10T23:56:44.600+0000] {manager.py:758} INFO - There are 1 files in /opt/airflow/dags
[2026-08-10T23:56:54.705+0000] {manager.py:887} INFO - 
================================================================================
DAG File Processing Stats

File Path                     PID    Runtime      # DAGs    # Errors  Last Runtime    Last Run
----------------------------  -----  ---------  --------  ----------  --------------  -------------------
/opt/airflow/dags/airflow.py                           1           0  0.16s           2026-08-10T23:56:47
================================================================================
[2026-08-10T23:57:04.793+0000] {manager.py:755} INFO - Searching for files in /opt/airflow/dags
[2026-08-10T23:57:04.799+0000] {manager.py:758} INFO - There are 1 files in /opt/airflow/dags
[2026-08-10T23:57:25.071+0000] {manager.py:755} INFO - Searching for files in /opt/airflow/dags
[2026-08-10T23:57:25.078+0000] {manager.py:758} INFO - There are 1 files in /opt/airflow/dags
[2026-08-10T23:57:25.084+0000] {manager.py:887} INFO - 
================================================================================
DAG File Processing Stats

File Path                     PID    Runtime      # DAGs    # Errors  Last Runtime    Last Run
----------------------------  -----  ---------  --------  ----------  --------------  -------------------
/opt/airflow/dags/airflow.py                           1           0  0.17s           2026-08-10T23:57:18
================================================================================
[2026-08-10T23:57:45.266+0000] {manager.py:755} INFO - Searching for files in /opt/airflow/dags
[2026-08-10T23:57:45.270+0000] {manager.py:758} INFO - There are 1 files in /opt/airflow/dags
[2026-08-10T23:57:55.367+0000] {manager.py:887} INFO - 
================================================================================
DAG File Processing Stats

File Path                     PID    Runtime      # DAGs    # Errors  Last Runtime    Last Run
----------------------------  -----  ---------  --------  ----------  --------------  -------------------
/opt/airflow/dags/airflow.py                           1           0  0.17s           2026-08-10T23:57:48
================================================================================
[2026-08-10T23:58:05.455+0000] {manager.py:755} INFO - Searching for files in /opt/airflow/dags
[2026-08-10T23:58:05.461+0000] {manager.py:758} INFO - There are 1 files in /opt/airflow/dags
[2026-08-10T23:58:25.732+0000] {manager.py:755} INFO - Searching for files in /opt/airflow/dags
[2026-08-10T23:58:25.735+0000] {manager.py:758} INFO - There are 1 files in /opt/airflow/dags
[2026-08-10T23:58:25.738+0000] {manager.py:887} INFO - 
================================================================================
DAG File Processing Stats

File Path                     PID    Runtime      # DAGs    # Errors  Last Runtime    Last Run
----------------------------  -----  ---------  --------  ----------  --------------  -------------------
/opt/airflow/dags/airflow.py                           1           0  0.15s           2026-08-10T23:58:18
================================================================================
[2026-08-10T23:58:45.907+0000] {manager.py:755} INFO - Searching for files in /opt/airflow/dags
[2026-08-10T23:58:45.914+0000] {manager.py:758} INFO - There are 1 files in /opt/airflow/dags
[2026-08-10T23:58:56.053+0000] {manager.py:887} INFO - 
================================================================================
DAG File Processing Stats

File Path                     PID    Runtime      # DAGs    # Errors  Last Runtime    Last Run
----------------------------  -----  ---------  --------  ----------  --------------  -------------------
/opt/airflow/dags/airflow.py                           1           0  0.17s           2026-08-10T23:58:49
================================================================================
[2026-08-10T23:59:06.127+0000] {manager.py:755} INFO - Searching for files in /opt/airflow/dags
[2026-08-10T23:59:06.131+0000] {manager.py:758} INFO - There are 1 files in /opt/airflow/dags
[2026-08-10T23:59:26.437+0000] {manager.py:755} INFO - Searching for files in /opt/airflow/dags
[2026-08-10T23:59:26.443+0000] {manager.py:758} INFO - There are 1 files in /opt/airflow/dags
[2026-08-10T23:59:26.450+0000] {manager.py:887} INFO - 
================================================================================
DAG File Processing Stats

File Path                     PID    Runtime      # DAGs    # Errors  Last Runtime    Last Run
----------------------------  -----  ---------  --------  ----------  --------------  -------------------
/opt/airflow/dags/airflow.py                           1           0  0.17s           2026-08-10T23:59:19
================================================================================
[2026-08-10T23:59:46.639+0000] {manager.py:755} INFO - Searching for files in /opt/airflow/dags
[2026-08-10T23:59:46.647+0000] {manager.py:758} INFO - There are 1 files in /opt/airflow/dags
[2026-08-10T23:59:56.751+0000] {manager.py:887} INFO - 
================================================================================
DAG File Processing Stats

File Path                     PID    Runtime      # DAGs    # Errors  Last Runtime    Last Run
----------------------------  -----  ---------  --------  ----------  --------------  -------------------
/opt/airflow/dags/airflow.py                           1           0  0.19s           2026-08-10T23:59:49
================================================================================
[2026-08-11T00:00:06.839+0000] {manager.py:755} INFO - Searching for files in /opt/airflow/dags
[2026-08-11T00:00:06.847+0000] {manager.py:758} INFO - There are 1 files in /opt/airflow/dags
[2026-08-11T00:00:27.172+0000] {manager.py:755} INFO - Searching for files in /opt/airflow/dags
[2026-08-11T00:00:27.179+0000] {manager.py:758} INFO - There are 1 files in /opt/airflow/dags
[2026-08-11T00:00:27.186+0000] {manager.py:887} INFO - 
================================================================================
DAG File Processing Stats

File Path                     PID    Runtime      # DAGs    # Errors  Last Runtime    Last Run
----------------------------  -----  ---------  --------  ----------  --------------  -------------------
/opt/airflow/dags/airflow.py                           1           0  0.18s           2026-08-11T00:00:20
================================================================================
[2026-08-11T00:00:47.337+0000] {manager.py:755} INFO - Searching for files in /opt/airflow/dags
[2026-08-11T00:00:47.345+0000] {manager.py:758} INFO - There are 1 files in /opt/airflow/dags
[2026-08-11T00:00:57.439+0000] {manager.py:887} INFO - 
================================================================================
DAG File Processing Stats

File Path                     PID    Runtime      # DAGs    # Errors  Last Runtime    Last Run
----------------------------  -----  ---------  --------  ----------  --------------  -------------------
/opt/airflow/dags/airflow.py                           1           0  0.17s           2026-08-11T00:00:50
================================================================================
[2026-08-11T00:01:07.498+0000] {manager.py:755} INFO - Searching for files in /opt/airflow/dags
[2026-08-11T00:01:07.500+0000] {manager.py:758} INFO - There are 1 files in /opt/airflow/dags
[2026-08-11T00:01:27.663+0000] {manager.py:755} INFO - Searching for files in /opt/airflow/dags
[2026-08-11T00:01:27.668+0000] {manager.py:758} INFO - There are 1 files in /opt/airflow/dags
[2026-08-11T00:01:27.674+0000] {manager.py:887} INFO - 
================================================================================
DAG File Processing Stats

File Path                     PID    Runtime      # DAGs    # Errors  Last Runtime    Last Run
----------------------------  -----  ---------  --------  ----------  --------------  -------------------
/opt/airflow/dags/airflow.py                           1           0  0.16s           2026-08-11T00:01:20
================================================================================
[2026-08-11T00:01:47.859+0000] {manager.py:755} INFO - Searching for files in /opt/airflow/dags
[2026-08-11T00:01:47.868+0000] {manager.py:758} INFO - There are 1 files in /opt/airflow/dags
[2026-08-11T00:01:58.073+0000] {manager.py:887} INFO - 
================================================================================
DAG File Processing Stats

File Path                     PID    Runtime      # DAGs    # Errors  Last Runtime    Last Run
----------------------------  -----  ---------  --------  ----------  --------------  -------------------
/opt/airflow/dags/airflow.py                           1           0  0.20s           2026-08-11T00:01:51
================================================================================
[2026-08-11T00:02:08.177+0000] {manager.py:755} INFO - Searching for files in /opt/airflow/dags
[2026-08-11T00:02:08.185+0000] {manager.py:758} INFO - There are 1 files in /opt/airflow/dags
[2026-08-11T00:02:28.379+0000] {manager.py:755} INFO - Searching for files in /opt/airflow/dags
[2026-08-11T00:02:28.385+0000] {manager.py:758} INFO - There are 1 files in /opt/airflow/dags
[2026-08-11T00:02:28.392+0000] {manager.py:887} INFO - 
================================================================================
DAG File Processing Stats

File Path                     PID    Runtime      # DAGs    # Errors  Last Runtime    Last Run
----------------------------  -----  ---------  --------  ----------  --------------  -------------------
/opt/airflow/dags/airflow.py                           1           0  0.18s           2026-08-11T00:02:21
================================================================================
[2026-08-11T00:02:48.571+0000] {manager.py:755} INFO - Searching for files in /opt/airflow/dags
[2026-08-11T00:02:48.578+0000] {manager.py:758} INFO - There are 1 files in /opt/airflow/dags
[2026-08-11T00:02:58.791+0000] {manager.py:887} INFO - 
================================================================================
DAG File Processing Stats

File Path                     PID    Runtime      # DAGs    # Errors  Last Runtime    Last Run
----------------------------  -----  ---------  --------  ----------  --------------  -------------------
/opt/airflow/dags/airflow.py                           1           0  0.20s           2026-08-11T00:02:51
================================================================================
[2026-08-11T00:03:08.875+0000] {manager.py:755} INFO - Searching for files in /opt/airflow/dags
[2026-08-11T00:03:08.880+0000] {manager.py:758} INFO - There are 1 files in /opt/airflow/dags
[2026-08-11T00:03:29.090+0000] {manager.py:755} INFO - Searching for files in /opt/airflow/dags
[2026-08-11T00:03:29.098+0000] {manager.py:758} INFO - There are 1 files in /opt/airflow/dags
[2026-08-11T00:03:29.105+0000] {manager.py:887} INFO - 
================================================================================
DAG File Processing Stats

File Path                     PID    Runtime      # DAGs    # Errors  Last Runtime    Last Run
----------------------------  -----  ---------  --------  ----------  --------------  -------------------
/opt/airflow/dags/airflow.py                           1           0  0.17s           2026-08-11T00:03:22
================================================================================
[2026-08-11T00:03:49.271+0000] {manager.py:755} INFO - Searching for files in /opt/airflow/dags
[2026-08-11T00:03:49.278+0000] {manager.py:758} INFO - There are 1 files in /opt/airflow/dags
[2026-08-11T00:03:59.501+0000] {manager.py:887} INFO - 
================================================================================
DAG File Processing Stats

File Path                     PID    Runtime      # DAGs    # Errors  Last Runtime    Last Run
----------------------------  -----  ---------  --------  ----------  --------------  -------------------
/opt/airflow/dags/airflow.py                           1           0  0.19s           2026-08-11T00:03:52
================================================================================
[2026-08-11T00:04:09.596+0000] {manager.py:755} INFO - Searching for files in /opt/airflow/dags
[2026-08-11T00:04:09.603+0000] {manager.py:758} INFO - There are 1 files in /opt/airflow/dags
[2026-08-11T00:04:29.844+0000] {manager.py:755} INFO - Searching for files in /opt/airflow/dags
[2026-08-11T00:04:29.847+0000] {manager.py:758} INFO - There are 1 files in /opt/airflow/dags
[2026-08-11T00:04:29.851+0000] {manager.py:887} INFO - 
================================================================================
DAG File Processing Stats

File Path                     PID    Runtime      # DAGs    # Errors  Last Runtime    Last Run
----------------------------  -----  ---------  --------  ----------  --------------  -------------------
/opt/airflow/dags/airflow.py                           1           0  0.19s           2026-08-11T00:04:22
================================================================================
[2026-08-11T00:04:50.034+0000] {manager.py:755} INFO - Searching for files in /opt/airflow/dags
[2026-08-11T00:04:50.042+0000] {manager.py:758} INFO - There are 1 files in /opt/airflow/dags
[2026-08-11T00:05:00.185+0000] {manager.py:887} INFO - 
================================================================================
DAG File Processing Stats

File Path                     PID    Runtime      # DAGs    # Errors  Last Runtime    Last Run
----------------------------  -----  ---------  --------  ----------  --------------  -------------------
/opt/airflow/dags/airflow.py                           1           0  0.17s           2026-08-11T00:04:53
================================================================================
[2026-08-11T00:05:10.268+0000] {manager.py:755} INFO - Searching for files in /opt/airflow/dags
[2026-08-11T00:05:10.274+0000] {manager.py:758} INFO - There are 1 files in /opt/airflow/dags
[2026-08-11T00:05:30.531+0000] {manager.py:755} INFO - Searching for files in /opt/airflow/dags
[2026-08-11T00:05:30.537+0000] {manager.py:758} INFO - There are 1 files in /opt/airflow/dags
[2026-08-11T00:05:30.544+0000] {manager.py:887} INFO - 
================================================================================
DAG File Processing Stats

File Path                     PID    Runtime      # DAGs    # Errors  Last Runtime    Last Run
----------------------------  -----  ---------  --------  ----------  --------------  -------------------
/opt/airflow/dags/airflow.py                           1           0  0.17s           2026-08-11T00:05:23
================================================================================
[2026-08-11T00:05:50.711+0000] {manager.py:755} INFO - Searching for files in /opt/airflow/dags
[2026-08-11T00:05:50.714+0000] {manager.py:758} INFO - There are 1 files in /opt/airflow/dags
[2026-08-11T00:06:00.829+0000] {manager.py:887} INFO - 
================================================================================
DAG File Processing Stats

File Path                     PID    Runtime      # DAGs    # Errors  Last Runtime    Last Run
----------------------------  -----  ---------  --------  ----------  --------------  -------------------
/opt/airflow/dags/airflow.py                           1           0  0.18s           2026-08-11T00:05:53
================================================================================
[2026-08-11T00:06:10.909+0000] {manager.py:755} INFO - Searching for files in /opt/airflow/dags
[2026-08-11T00:06:10.912+0000] {manager.py:758} INFO - There are 1 files in /opt/airflow/dags
[2026-08-11T00:06:31.244+0000] {manager.py:755} INFO - Searching for files in /opt/airflow/dags
[2026-08-11T00:06:31.251+0000] {manager.py:758} INFO - There are 1 files in /opt/airflow/dags
[2026-08-11T00:06:31.258+0000] {manager.py:887} INFO - 
================================================================================
DAG File Processing Stats

File Path                     PID    Runtime      # DAGs    # Errors  Last Runtime    Last Run
----------------------------  -----  ---------  --------  ----------  --------------  -------------------
/opt/airflow/dags/airflow.py                           1           0  0.17s           2026-08-11T00:06:24
================================================================================
[2026-08-11T00:06:51.442+0000] {manager.py:755} INFO - Searching for files in /opt/airflow/dags
[2026-08-11T00:06:51.450+0000] {manager.py:758} INFO - There are 1 files in /opt/airflow/dags
[2026-08-11T00:07:01.582+0000] {manager.py:887} INFO - 
================================================================================
DAG File Processing Stats

File Path                     PID    Runtime      # DAGs    # Errors  Last Runtime    Last Run
----------------------------  -----  ---------  --------  ----------  --------------  -------------------
/opt/airflow/dags/airflow.py                           1           0  0.20s           2026-08-11T00:06:54
================================================================================
[2026-08-11T00:07:11.675+0000] {manager.py:755} INFO - Searching for files in /opt/airflow/dags
[2026-08-11T00:07:11.685+0000] {manager.py:758} INFO - There are 1 files in /opt/airflow/dags
[2026-08-11T00:07:32.024+0000] {manager.py:755} INFO - Searching for files in /opt/airflow/dags
[2026-08-11T00:07:32.030+0000] {manager.py:758} INFO - There are 1 files in /opt/airflow/dags
[2026-08-11T00:07:32.039+0000] {manager.py:887} INFO - 
================================================================================
DAG File Processing Stats

File Path                     PID    Runtime      # DAGs    # Errors  Last Runtime    Last Run
----------------------------  -----  ---------  --------  ----------  --------------  -------------------
/opt/airflow/dags/airflow.py                           1           0  0.18s           2026-08-11T00:07:24
================================================================================
[2026-08-11T00:07:52.238+0000] {manager.py:755} INFO - Searching for files in /opt/airflow/dags
[2026-08-11T00:07:52.247+0000] {manager.py:758} INFO - There are 1 files in /opt/airflow/dags
[2026-08-11T00:08:02.355+0000] {manager.py:887} INFO - 
================================================================================
DAG File Processing Stats

File Path                     PID    Runtime      # DAGs    # Errors  Last Runtime    Last Run
----------------------------  -----  ---------  --------  ----------  --------------  -------------------
/opt/airflow/dags/airflow.py                           1           0  0.23s           2026-08-11T00:07:55
================================================================================
[2026-08-11T00:08:12.440+0000] {manager.py:755} INFO - Searching for files in /opt/airflow/dags
[2026-08-11T00:08:12.448+0000] {manager.py:758} INFO - There are 1 files in /opt/airflow/dags
[2026-08-11T00:08:32.632+0000] {manager.py:755} INFO - Searching for files in /opt/airflow/dags
[2026-08-11T00:08:32.639+0000] {manager.py:758} INFO - There are 1 files in /opt/airflow/dags
[2026-08-11T00:08:32.646+0000] {manager.py:887} INFO - 
================================================================================
DAG File Processing Stats

File Path                     PID    Runtime      # DAGs    # Errors  Last Runtime    Last Run
----------------------------  -----  ---------  --------  ----------  --------------  -------------------
/opt/airflow/dags/airflow.py                           1           0  0.17s           2026-08-11T00:08:25
================================================================================
[2026-08-11T00:08:52.820+0000] {manager.py:755} INFO - Searching for files in /opt/airflow/dags
[2026-08-11T00:08:52.828+0000] {manager.py:758} INFO - There are 1 files in /opt/airflow/dags
[2026-08-11T00:09:03.070+0000] {manager.py:887} INFO - 
================================================================================
DAG File Processing Stats

File Path                     PID    Runtime      # DAGs    # Errors  Last Runtime    Last Run
----------------------------  -----  ---------  --------  ----------  --------------  -------------------
/opt/airflow/dags/airflow.py                           1           0  0.17s           2026-08-11T00:08:56
================================================================================
[2026-08-11T00:09:13.137+0000] {manager.py:755} INFO - Searching for files in /opt/airflow/dags
[2026-08-11T00:09:13.144+0000] {manager.py:758} INFO - There are 1 files in /opt/airflow/dags
[2026-08-11T00:09:33.326+0000] {manager.py:755} INFO - Searching for files in /opt/airflow/dags
[2026-08-11T00:09:33.331+0000] {manager.py:758} INFO - There are 1 files in /opt/airflow/dags
[2026-08-11T00:09:33.337+0000] {manager.py:887} INFO - 
================================================================================
DAG File Processing Stats

File Path                     PID    Runtime      # DAGs    # Errors  Last Runtime    Last Run
----------------------------  -----  ---------  --------  ----------  --------------  -------------------
/opt/airflow/dags/airflow.py                           1           0  0.18s           2026-08-11T00:09:26
================================================================================
[2026-08-11T00:09:53.501+0000] {manager.py:755} INFO - Searching for files in /opt/airflow/dags
[2026-08-11T00:09:53.506+0000] {manager.py:758} INFO - There are 1 files in /opt/airflow/dags
[2026-08-11T00:10:03.733+0000] {manager.py:887} INFO - 
================================================================================
DAG File Processing Stats

File Path                     PID    Runtime      # DAGs    # Errors  Last Runtime    Last Run
----------------------------  -----  ---------  --------  ----------  --------------  -------------------
/opt/airflow/dags/airflow.py                           1           0  0.20s           2026-08-11T00:09:56
================================================================================
[2026-08-11T00:10:13.820+0000] {manager.py:755} INFO - Searching for files in /opt/airflow/dags
[2026-08-11T00:10:13.827+0000] {manager.py:758} INFO - There are 1 files in /opt/airflow/dags
[2026-08-11T00:10:33.994+0000] {manager.py:755} INFO - Searching for files in /opt/airflow/dags
[2026-08-11T00:10:33.998+0000] {manager.py:758} INFO - There are 1 files in /opt/airflow/dags
[2026-08-11T00:10:34.001+0000] {manager.py:887} INFO - 
================================================================================
DAG File Processing Stats

File Path                     PID    Runtime      # DAGs    # Errors  Last Runtime    Last Run
----------------------------  -----  ---------  --------  ----------  --------------  -------------------
/opt/airflow/dags/airflow.py                           1           0  0.16s           2026-08-11T00:10:27
================================================================================
[2026-08-11T00:10:54.188+0000] {manager.py:755} INFO - Searching for files in /opt/airflow/dags
[2026-08-11T00:10:54.196+0000] {manager.py:758} INFO - There are 1 files in /opt/airflow/dags
[2026-08-11T00:11:04.327+0000] {manager.py:887} INFO - 
================================================================================
DAG File Processing Stats

File Path                     PID    Runtime      # DAGs    # Errors  Last Runtime    Last Run
----------------------------  -----  ---------  --------  ----------  --------------  -------------------
/opt/airflow/dags/airflow.py                           1           0  0.22s           2026-08-11T00:10:57
================================================================================
[2026-08-11T00:11:14.401+0000] {manager.py:755} INFO - Searching for files in /opt/airflow/dags
[2026-08-11T00:11:14.404+0000] {manager.py:758} INFO - There are 1 files in /opt/airflow/dags
[2026-08-11T00:11:34.565+0000] {manager.py:755} INFO - Searching for files in /opt/airflow/dags
[2026-08-11T00:11:34.570+0000] {manager.py:758} INFO - There are 1 files in /opt/airflow/dags
[2026-08-11T00:11:34.576+0000] {manager.py:887} INFO - 
================================================================================
DAG File Processing Stats

File Path                     PID    Runtime      # DAGs    # Errors  Last Runtime    Last Run
----------------------------  -----  ---------  --------  ----------  --------------  -------------------
/opt/airflow/dags/airflow.py                           1           0  0.18s           2026-08-11T00:11:27
================================================================================
[2026-08-11T00:11:54.745+0000] {manager.py:755} INFO - Searching for files in /opt/airflow/dags
[2026-08-11T00:11:54.749+0000] {manager.py:758} INFO - There are 1 files in /opt/airflow/dags
[2026-08-11T00:12:04.954+0000] {manager.py:887} INFO - 
================================================================================
DAG File Processing Stats

File Path                     PID    Runtime      # DAGs    # Errors  Last Runtime    Last Run
----------------------------  -----  ---------  --------  ----------  --------------  -------------------
/opt/airflow/dags/airflow.py                           1           0  0.17s           2026-08-11T00:11:57
================================================================================
[2026-08-11T00:12:15.061+0000] {manager.py:755} INFO - Searching for files in /opt/airflow/dags
[2026-08-11T00:12:15.068+0000] {manager.py:758} INFO - There are 1 files in /opt/airflow/dags
[2026-08-11T00:12:35.274+0000] {manager.py:755} INFO - Searching for files in /opt/airflow/dags
[2026-08-11T00:12:35.277+0000] {manager.py:758} INFO - There are 1 files in /opt/airflow/dags
[2026-08-11T00:12:35.283+0000] {manager.py:887} INFO - 
================================================================================
DAG File Processing Stats

File Path                     PID    Runtime      # DAGs    # Errors  Last Runtime    Last Run
----------------------------  -----  ---------  --------  ----------  --------------  -------------------
/opt/airflow/dags/airflow.py                           1           0  0.20s           2026-08-11T00:12:28
================================================================================
[2026-08-11T00:12:55.466+0000] {manager.py:755} INFO - Searching for files in /opt/airflow/dags
[2026-08-11T00:12:55.472+0000] {manager.py:758} INFO - There are 1 files in /opt/airflow/dags
[2026-08-11T00:13:05.699+0000] {manager.py:887} INFO - 
================================================================================
DAG File Processing Stats

File Path                     PID    Runtime      # DAGs    # Errors  Last Runtime    Last Run
----------------------------  -----  ---------  --------  ----------  --------------  -------------------
/opt/airflow/dags/airflow.py                           1           0  0.16s           2026-08-11T00:12:58
================================================================================
[2026-08-11T00:13:15.784+0000] {manager.py:755} INFO - Searching for files in /opt/airflow/dags
[2026-08-11T00:13:15.790+0000] {manager.py:758} INFO - There are 1 files in /opt/airflow/dags
[2026-08-11T00:13:35.978+0000] {manager.py:755} INFO - Searching for files in /opt/airflow/dags
[2026-08-11T00:13:35.982+0000] {manager.py:758} INFO - There are 1 files in /opt/airflow/dags
[2026-08-11T00:13:35.986+0000] {manager.py:887} INFO - 
================================================================================
DAG File Processing Stats

File Path                     PID    Runtime      # DAGs    # Errors  Last Runtime    Last Run
----------------------------  -----  ---------  --------  ----------  --------------  -------------------
/opt/airflow/dags/airflow.py                           1           0  0.18s           2026-08-11T00:13:29
================================================================================
[2026-08-11T00:13:56.177+0000] {manager.py:755} INFO - Searching for files in /opt/airflow/dags
[2026-08-11T00:13:56.184+0000] {manager.py:758} INFO - There are 1 files in /opt/airflow/dags
[2026-08-11T00:14:06.363+0000] {manager.py:887} INFO - 
================================================================================
DAG File Processing Stats

File Path                     PID    Runtime      # DAGs    # Errors  Last Runtime    Last Run
----------------------------  -----  ---------  --------  ----------  --------------  -------------------
/opt/airflow/dags/airflow.py                           1           0  0.19s           2026-08-11T00:13:59
================================================================================
[2026-08-11T00:14:16.426+0000] {manager.py:755} INFO - Searching for files in /opt/airflow/dags
[2026-08-11T00:14:16.432+0000] {manager.py:758} INFO - There are 1 files in /opt/airflow/dags
[2026-08-11T00:14:36.646+0000] {manager.py:755} INFO - Searching for files in /opt/airflow/dags
[2026-08-11T00:14:36.651+0000] {manager.py:758} INFO - There are 1 files in /opt/airflow/dags
[2026-08-11T00:14:36.657+0000] {manager.py:887} INFO - 
================================================================================
DAG File Processing Stats

File Path                     PID    Runtime      # DAGs    # Errors  Last Runtime    Last Run
----------------------------  -----  ---------  --------  ----------  --------------  -------------------
/opt/airflow/dags/airflow.py                           1           0  0.14s           2026-08-11T00:14:29
================================================================================
[2026-08-11T00:14:56.828+0000] {manager.py:755} INFO - Searching for files in /opt/airflow/dags
[2026-08-11T00:14:56.835+0000] {manager.py:758} INFO - There are 1 files in /opt/airflow/dags
[2026-08-11T00:15:06.942+0000] {manager.py:887} INFO - 
================================================================================
DAG File Processing Stats

File Path                     PID    Runtime      # DAGs    # Errors  Last Runtime    Last Run
----------------------------  -----  ---------  --------  ----------  --------------  -------------------
/opt/airflow/dags/airflow.py                           1           0  0.17s           2026-08-11T00:15:00
================================================================================
[2026-08-11T00:15:17.030+0000] {manager.py:755} INFO - Searching for files in /opt/airflow/dags
[2026-08-11T00:15:17.039+0000] {manager.py:758} INFO - There are 1 files in /opt/airflow/dags
[2026-08-11T00:15:37.341+0000] {manager.py:755} INFO - Searching for files in /opt/airflow/dags
[2026-08-11T00:15:37.346+0000] {manager.py:758} INFO - There are 1 files in /opt/airflow/dags
[2026-08-11T00:15:37.358+0000] {manager.py:887} INFO - 
================================================================================
DAG File Processing Stats

File Path                     PID    Runtime      # DAGs    # Errors  Last Runtime    Last Run
----------------------------  -----  ---------  --------  ----------  --------------  -------------------
/opt/airflow/dags/airflow.py                           1           0  0.18s           2026-08-11T00:15:30
================================================================================
[2026-08-11T00:15:57.559+0000] {manager.py:755} INFO - Searching for files in /opt/airflow/dags
[2026-08-11T00:15:57.566+0000] {manager.py:758} INFO - There are 1 files in /opt/airflow/dags
[2026-08-11T00:16:07.678+0000] {manager.py:887} INFO - 
================================================================================
DAG File Processing Stats

File Path                     PID    Runtime      # DAGs    # Errors  Last Runtime    Last Run
----------------------------  -----  ---------  --------  ----------  --------------  -------------------
/opt/airflow/dags/airflow.py                           1           0  0.18s           2026-08-11T00:16:00
================================================================================
[2026-08-11T00:16:17.781+0000] {manager.py:755} INFO - Searching for files in /opt/airflow/dags
[2026-08-11T00:16:17.788+0000] {manager.py:758} INFO - There are 1 files in /opt/airflow/dags
[2026-08-11T00:16:38.082+0000] {manager.py:755} INFO - Searching for files in /opt/airflow/dags
[2026-08-11T00:16:38.090+0000] {manager.py:758} INFO - There are 1 files in /opt/airflow/dags
[2026-08-11T00:16:38.098+0000] {manager.py:887} INFO - 
================================================================================
DAG File Processing Stats

File Path                     PID    Runtime      # DAGs    # Errors  Last Runtime    Last Run
----------------------------  -----  ---------  --------  ----------  --------------  -------------------
/opt/airflow/dags/airflow.py                           1           0  0.17s           2026-08-11T00:16:31
================================================================================
[2026-08-11T00:16:58.276+0000] {manager.py:755} INFO - Searching for files in /opt/airflow/dags
[2026-08-11T00:16:58.283+0000] {manager.py:758} INFO - There are 1 files in /opt/airflow/dags
[2026-08-11T00:17:08.375+0000] {manager.py:887} INFO - 
================================================================================
DAG File Processing Stats

File Path                     PID    Runtime      # DAGs    # Errors  Last Runtime    Last Run
----------------------------  -----  ---------  --------  ----------  --------------  -------------------
/opt/airflow/dags/airflow.py                           1           0  0.18s           2026-08-11T00:17:01
================================================================================
[2026-08-11T00:17:18.465+0000] {manager.py:755} INFO - Searching for files in /opt/airflow/dags
[2026-08-11T00:17:18.471+0000] {manager.py:758} INFO - There are 1 files in /opt/airflow/dags
[2026-08-11T00:17:38.793+0000] {manager.py:755} INFO - Searching for files in /opt/airflow/dags
[2026-08-11T00:17:38.800+0000] {manager.py:758} INFO - There are 1 files in /opt/airflow/dags
[2026-08-11T00:17:38.807+0000] {manager.py:887} INFO - 
================================================================================
DAG File Processing Stats

File Path                     PID    Runtime      # DAGs    # Errors  Last Runtime    Last Run
----------------------------  -----  ---------  --------  ----------  --------------  -------------------
/opt/airflow/dags/airflow.py                           1           0  0.16s           2026-08-11T00:17:31
================================================================================
[2026-08-11T00:17:59.002+0000] {manager.py:755} INFO - Searching for files in /opt/airflow/dags
[2026-08-11T00:17:59.009+0000] {manager.py:758} INFO - There are 1 files in /opt/airflow/dags
[2026-08-11T00:18:09.124+0000] {manager.py:887} INFO - 
================================================================================
DAG File Processing Stats

File Path                     PID    Runtime      # DAGs    # Errors  Last Runtime    Last Run
----------------------------  -----  ---------  --------  ----------  --------------  -------------------
/opt/airflow/dags/airflow.py                           1           0  0.16s           2026-08-11T00:18:02
================================================================================
[2026-08-11T00:18:19.206+0000] {manager.py:755} INFO - Searching for files in /opt/airflow/dags
[2026-08-11T00:18:19.214+0000] {manager.py:758} INFO - There are 1 files in /opt/airflow/dags
[2026-08-11T00:18:39.488+0000] {manager.py:755} INFO - Searching for files in /opt/airflow/dags
[2026-08-11T00:18:39.493+0000] {manager.py:758} INFO - There are 1 files in /opt/airflow/dags
[2026-08-11T00:18:39.499+0000] {manager.py:887} INFO - 
================================================================================
DAG File Processing Stats

File Path                     PID    Runtime      # DAGs    # Errors  Last Runtime    Last Run
----------------------------  -----  ---------  --------  ----------  --------------  -------------------
/opt/airflow/dags/airflow.py                           1           0  0.15s           2026-08-11T00:18:32
================================================================================
[2026-08-11T00:18:59.656+0000] {manager.py:755} INFO - Searching for files in /opt/airflow/dags
[2026-08-11T00:18:59.661+0000] {manager.py:758} INFO - There are 1 files in /opt/airflow/dags
[2026-08-11T00:19:09.751+0000] {manager.py:887} INFO - 
================================================================================
DAG File Processing Stats

File Path                     PID    Runtime      # DAGs    # Errors  Last Runtime    Last Run
----------------------------  -----  ---------  --------  ----------  --------------  -------------------
/opt/airflow/dags/airflow.py                           1           0  0.19s           2026-08-11T00:19:02
================================================================================
[2026-08-11T00:19:19.847+0000] {manager.py:755} INFO - Searching for files in /opt/airflow/dags
[2026-08-11T00:19:19.852+0000] {manager.py:758} INFO - There are 1 files in /opt/airflow/dags
[2026-08-11T00:19:40.025+0000] {manager.py:755} INFO - Searching for files in /opt/airflow/dags
[2026-08-11T00:19:40.030+0000] {manager.py:758} INFO - There are 1 files in /opt/airflow/dags
[2026-08-11T00:19:40.034+0000] {manager.py:887} INFO - 
================================================================================
DAG File Processing Stats

File Path                     PID    Runtime      # DAGs    # Errors  Last Runtime    Last Run
----------------------------  -----  ---------  --------  ----------  --------------  -------------------
/opt/airflow/dags/airflow.py                           1           0  0.16s           2026-08-11T00:19:33
================================================================================
[2026-08-11T00:20:00.219+0000] {manager.py:755} INFO - Searching for files in /opt/airflow/dags
[2026-08-11T00:20:00.223+0000] {manager.py:758} INFO - There are 1 files in /opt/airflow/dags
[2026-08-11T00:20:10.388+0000] {manager.py:887} INFO - 
================================================================================
DAG File Processing Stats

File Path                     PID    Runtime      # DAGs    # Errors  Last Runtime    Last Run
----------------------------  -----  ---------  --------  ----------  --------------  -------------------
/opt/airflow/dags/airflow.py                           1           0  0.20s           2026-08-11T00:20:03
================================================================================
[2026-08-11T00:20:20.496+0000] {manager.py:755} INFO - Searching for files in /opt/airflow/dags
[2026-08-11T00:20:20.504+0000] {manager.py:758} INFO - There are 1 files in /opt/airflow/dags
[2026-08-11T00:20:40.789+0000] {manager.py:755} INFO - Searching for files in /opt/airflow/dags
[2026-08-11T00:20:40.795+0000] {manager.py:758} INFO - There are 1 files in /opt/airflow/dags
[2026-08-11T00:20:40.802+0000] {manager.py:887} INFO - 
================================================================================
DAG File Processing Stats

File Path                     PID    Runtime      # DAGs    # Errors  Last Runtime    Last Run
----------------------------  -----  ---------  --------  ----------  --------------  -------------------
/opt/airflow/dags/airflow.py                           1           0  0.16s           2026-08-11T00:20:33
================================================================================
[2026-08-11T00:21:00.983+0000] {manager.py:755} INFO - Searching for files in /opt/airflow/dags
[2026-08-11T00:21:00.991+0000] {manager.py:758} INFO - There are 1 files in /opt/airflow/dags
[2026-08-11T00:21:11.104+0000] {manager.py:887} INFO - 
================================================================================
DAG File Processing Stats

File Path                     PID    Runtime      # DAGs    # Errors  Last Runtime    Last Run
----------------------------  -----  ---------  --------  ----------  --------------  -------------------
/opt/airflow/dags/airflow.py                           1           0  0.16s           2026-08-11T00:21:04
================================================================================
[2026-08-11T00:21:21.204+0000] {manager.py:755} INFO - Searching for files in /opt/airflow/dags
[2026-08-11T00:21:21.212+0000] {manager.py:758} INFO - There are 1 files in /opt/airflow/dags
[2026-08-11T00:21:41.460+0000] {manager.py:755} INFO - Searching for files in /opt/airflow/dags
[2026-08-11T00:21:41.465+0000] {manager.py:758} INFO - There are 1 files in /opt/airflow/dags
[2026-08-11T00:21:41.472+0000] {manager.py:887} INFO - 
================================================================================
DAG File Processing Stats

File Path                     PID    Runtime      # DAGs    # Errors  Last Runtime    Last Run
----------------------------  -----  ---------  --------  ----------  --------------  -------------------
/opt/airflow/dags/airflow.py                           1           0  0.17s           2026-08-11T00:21:34
================================================================================
[2026-08-11T00:22:01.657+0000] {manager.py:755} INFO - Searching for files in /opt/airflow/dags
[2026-08-11T00:22:01.664+0000] {manager.py:758} INFO - There are 1 files in /opt/airflow/dags
[2026-08-11T00:22:11.759+0000] {manager.py:887} INFO - 
================================================================================
DAG File Processing Stats

File Path                     PID    Runtime      # DAGs    # Errors  Last Runtime    Last Run
----------------------------  -----  ---------  --------  ----------  --------------  -------------------
/opt/airflow/dags/airflow.py                           1           0  0.16s           2026-08-11T00:22:04
================================================================================
[2026-08-11T00:22:21.842+0000] {manager.py:755} INFO - Searching for files in /opt/airflow/dags
[2026-08-11T00:22:21.849+0000] {manager.py:758} INFO - There are 1 files in /opt/airflow/dags
[2026-08-11T00:22:42.115+0000] {manager.py:755} INFO - Searching for files in /opt/airflow/dags
[2026-08-11T00:22:42.118+0000] {manager.py:758} INFO - There are 1 files in /opt/airflow/dags
[2026-08-11T00:22:42.123+0000] {manager.py:887} INFO - 
================================================================================
DAG File Processing Stats

File Path                     PID    Runtime      # DAGs    # Errors  Last Runtime    Last Run
----------------------------  -----  ---------  --------  ----------  --------------  -------------------
/opt/airflow/dags/airflow.py                           1           0  0.22s           2026-08-11T00:22:35
================================================================================
[2026-08-11T00:23:02.315+0000] {manager.py:755} INFO - Searching for files in /opt/airflow/dags
[2026-08-11T00:23:02.323+0000] {manager.py:758} INFO - There are 1 files in /opt/airflow/dags
[2026-08-11T00:23:12.465+0000] {manager.py:887} INFO - 
================================================================================
DAG File Processing Stats

File Path                     PID    Runtime      # DAGs    # Errors  Last Runtime    Last Run
----------------------------  -----  ---------  --------  ----------  --------------  -------------------
/opt/airflow/dags/airflow.py                           1           0  0.17s           2026-08-11T00:23:05
================================================================================
[2026-08-11T00:23:22.546+0000] {manager.py:755} INFO - Searching for files in /opt/airflow/dags
[2026-08-11T00:23:22.553+0000] {manager.py:758} INFO - There are 1 files in /opt/airflow/dags
[2026-08-11T00:23:42.806+0000] {manager.py:755} INFO - Searching for files in /opt/airflow/dags
[2026-08-11T00:23:42.811+0000] {manager.py:758} INFO - There are 1 files in /opt/airflow/dags
[2026-08-11T00:23:42.816+0000] {manager.py:887} INFO - 
================================================================================
DAG File Processing Stats

File Path                     PID    Runtime      # DAGs    # Errors  Last Runtime    Last Run
----------------------------  -----  ---------  --------  ----------  --------------  -------------------
/opt/airflow/dags/airflow.py                           1           0  0.16s           2026-08-11T00:23:35
================================================================================
[2026-08-11T00:24:02.997+0000] {manager.py:755} INFO - Searching for files in /opt/airflow/dags
[2026-08-11T00:24:03.003+0000] {manager.py:758} INFO - There are 1 files in /opt/airflow/dags
[2026-08-11T00:24:13.111+0000] {manager.py:887} INFO - 
================================================================================
DAG File Processing Stats

File Path                     PID    Runtime      # DAGs    # Errors  Last Runtime    Last Run
----------------------------  -----  ---------  --------  ----------  --------------  -------------------
/opt/airflow/dags/airflow.py                           1           0  0.17s           2026-08-11T00:24:06
================================================================================
[2026-08-11T00:24:23.190+0000] {manager.py:755} INFO - Searching for files in /opt/airflow/dags
[2026-08-11T00:24:23.197+0000] {manager.py:758} INFO - There are 1 files in /opt/airflow/dags
[2026-08-11T00:24:43.484+0000] {manager.py:755} INFO - Searching for files in /opt/airflow/dags
[2026-08-11T00:24:43.491+0000] {manager.py:758} INFO - There are 1 files in /opt/airflow/dags
[2026-08-11T00:24:43.496+0000] {manager.py:887} INFO - 
================================================================================
DAG File Processing Stats

File Path                     PID    Runtime      # DAGs    # Errors  Last Runtime    Last Run
----------------------------  -----  ---------  --------  ----------  --------------  -------------------
/opt/airflow/dags/airflow.py                           1           0  0.15s           2026-08-11T00:24:36
================================================================================
[2026-08-11T00:25:03.666+0000] {manager.py:755} INFO - Searching for files in /opt/airflow/dags
[2026-08-11T00:25:03.669+0000] {manager.py:758} INFO - There are 1 files in /opt/airflow/dags
[2026-08-11T00:25:13.772+0000] {manager.py:887} INFO - 
================================================================================
DAG File Processing Stats

File Path                     PID    Runtime      # DAGs    # Errors  Last Runtime    Last Run
----------------------------  -----  ---------  --------  ----------  --------------  -------------------
/opt/airflow/dags/airflow.py                           1           0  0.16s           2026-08-11T00:25:06
================================================================================
[2026-08-11T00:25:23.871+0000] {manager.py:755} INFO - Searching for files in /opt/airflow/dags
[2026-08-11T00:25:23.878+0000] {manager.py:758} INFO - There are 1 files in /opt/airflow/dags
[2026-08-11T00:25:44.144+0000] {manager.py:755} INFO - Searching for files in /opt/airflow/dags
[2026-08-11T00:25:44.150+0000] {manager.py:758} INFO - There are 1 files in /opt/airflow/dags
[2026-08-11T00:25:44.157+0000] {manager.py:887} INFO - 
================================================================================
DAG File Processing Stats

File Path                     PID    Runtime      # DAGs    # Errors  Last Runtime    Last Run
----------------------------  -----  ---------  --------  ----------  --------------  -------------------
/opt/airflow/dags/airflow.py                           1           0  0.19s           2026-08-11T00:25:37
================================================================================
[2026-08-11T00:26:04.337+0000] {manager.py:755} INFO - Searching for files in /opt/airflow/dags
[2026-08-11T00:26:04.344+0000] {manager.py:758} INFO - There are 1 files in /opt/airflow/dags
[2026-08-11T00:26:14.463+0000] {manager.py:887} INFO - 
================================================================================
DAG File Processing Stats

File Path                     PID    Runtime      # DAGs    # Errors  Last Runtime    Last Run
----------------------------  -----  ---------  --------  ----------  --------------  -------------------
/opt/airflow/dags/airflow.py                           1           0  0.17s           2026-08-11T00:26:07
================================================================================
[2026-08-11T00:26:24.553+0000] {manager.py:755} INFO - Searching for files in /opt/airflow/dags
[2026-08-11T00:26:24.561+0000] {manager.py:758} INFO - There are 1 files in /opt/airflow/dags
[2026-08-11T00:26:44.851+0000] {manager.py:755} INFO - Searching for files in /opt/airflow/dags
[2026-08-11T00:26:44.855+0000] {manager.py:758} INFO - There are 1 files in /opt/airflow/dags
[2026-08-11T00:26:44.862+0000] {manager.py:887} INFO - 
================================================================================
DAG File Processing Stats

File Path                     PID    Runtime      # DAGs    # Errors  Last Runtime    Last Run
----------------------------  -----  ---------  --------  ----------  --------------  -------------------
/opt/airflow/dags/airflow.py                           1           0  0.16s           2026-08-11T00:26:37
================================================================================
[2026-08-11T00:27:05.020+0000] {manager.py:755} INFO - Searching for files in /opt/airflow/dags
[2026-08-11T00:27:05.025+0000] {manager.py:758} INFO - There are 1 files in /opt/airflow/dags
[2026-08-11T00:27:15.132+0000] {manager.py:887} INFO - 
================================================================================
DAG File Processing Stats

File Path                     PID    Runtime      # DAGs    # Errors  Last Runtime    Last Run
----------------------------  -----  ---------  --------  ----------  --------------  -------------------
/opt/airflow/dags/airflow.py                           1           0  0.16s           2026-08-11T00:27:08
================================================================================
[2026-08-11T00:27:25.214+0000] {manager.py:755} INFO - Searching for files in /opt/airflow/dags
[2026-08-11T00:27:25.218+0000] {manager.py:758} INFO - There are 1 files in /opt/airflow/dags
[2026-08-11T00:27:45.488+0000] {manager.py:755} INFO - Searching for files in /opt/airflow/dags
[2026-08-11T00:27:45.493+0000] {manager.py:758} INFO - There are 1 files in /opt/airflow/dags
[2026-08-11T00:27:45.499+0000] {manager.py:887} INFO - 
================================================================================
DAG File Processing Stats

File Path                     PID    Runtime      # DAGs    # Errors  Last Runtime    Last Run
----------------------------  -----  ---------  --------  ----------  --------------  -------------------
/opt/airflow/dags/airflow.py                           1           0  0.16s           2026-08-11T00:27:38
================================================================================
[2026-08-11T00:28:05.656+0000] {manager.py:755} INFO - Searching for files in /opt/airflow/dags
[2026-08-11T00:28:05.663+0000] {manager.py:758} INFO - There are 1 files in /opt/airflow/dags
[2026-08-11T00:28:15.770+0000] {manager.py:887} INFO - 
================================================================================
DAG File Processing Stats

File Path                     PID    Runtime      # DAGs    # Errors  Last Runtime    Last Run
----------------------------  -----  ---------  --------  ----------  --------------  -------------------
/opt/airflow/dags/airflow.py                           1           0  0.16s           2026-08-11T00:28:08
================================================================================
[2026-08-11T00:28:25.862+0000] {manager.py:755} INFO - Searching for files in /opt/airflow/dags
[2026-08-11T00:28:25.868+0000] {manager.py:758} INFO - There are 1 files in /opt/airflow/dags
[2026-08-11T00:28:46.189+0000] {manager.py:755} INFO - Searching for files in /opt/airflow/dags
[2026-08-11T00:28:46.195+0000] {manager.py:758} INFO - There are 1 files in /opt/airflow/dags
[2026-08-11T00:28:46.202+0000] {manager.py:887} INFO - 
================================================================================
DAG File Processing Stats

File Path                     PID    Runtime      # DAGs    # Errors  Last Runtime    Last Run
----------------------------  -----  ---------  --------  ----------  --------------  -------------------
/opt/airflow/dags/airflow.py                           1           0  0.16s           2026-08-11T00:28:39
================================================================================
[2026-08-11T00:29:06.387+0000] {manager.py:755} INFO - Searching for files in /opt/airflow/dags
[2026-08-11T00:29:06.393+0000] {manager.py:758} INFO - There are 1 files in /opt/airflow/dags
[2026-08-11T00:29:16.490+0000] {manager.py:887} INFO - 
================================================================================
DAG File Processing Stats

File Path                     PID    Runtime      # DAGs    # Errors  Last Runtime    Last Run
----------------------------  -----  ---------  --------  ----------  --------------  -------------------
/opt/airflow/dags/airflow.py                           1           0  0.19s           2026-08-11T00:29:09
================================================================================
[2026-08-11T00:29:26.581+0000] {manager.py:755} INFO - Searching for files in /opt/airflow/dags
[2026-08-11T00:29:26.584+0000] {manager.py:758} INFO - There are 1 files in /opt/airflow/dags
[2026-08-11T00:29:46.928+0000] {manager.py:755} INFO - Searching for files in /opt/airflow/dags
[2026-08-11T00:29:46.936+0000] {manager.py:758} INFO - There are 1 files in /opt/airflow/dags
[2026-08-11T00:29:46.944+0000] {manager.py:887} INFO - 
================================================================================
DAG File Processing Stats

File Path                     PID    Runtime      # DAGs    # Errors  Last Runtime    Last Run
----------------------------  -----  ---------  --------  ----------  --------------  -------------------
/opt/airflow/dags/airflow.py                           1           0  0.17s           2026-08-11T00:29:39
================================================================================
[2026-08-11T00:30:07.119+0000] {manager.py:755} INFO - Searching for files in /opt/airflow/dags
[2026-08-11T00:30:07.127+0000] {manager.py:758} INFO - There are 1 files in /opt/airflow/dags
[2026-08-11T00:30:17.241+0000] {manager.py:887} INFO - 
================================================================================
DAG File Processing Stats

File Path                     PID    Runtime      # DAGs    # Errors  Last Runtime    Last Run
----------------------------  -----  ---------  --------  ----------  --------------  -------------------
/opt/airflow/dags/airflow.py                           1           0  0.21s           2026-08-11T00:30:10
================================================================================
[2026-08-11T00:30:27.320+0000] {manager.py:755} INFO - Searching for files in /opt/airflow/dags
[2026-08-11T00:30:27.326+0000] {manager.py:758} INFO - There are 1 files in /opt/airflow/dags
[2026-08-11T00:30:47.660+0000] {manager.py:755} INFO - Searching for files in /opt/airflow/dags
[2026-08-11T00:30:47.665+0000] {manager.py:758} INFO - There are 1 files in /opt/airflow/dags
[2026-08-11T00:30:47.671+0000] {manager.py:887} INFO - 
================================================================================
DAG File Processing Stats

File Path                     PID    Runtime      # DAGs    # Errors  Last Runtime    Last Run
----------------------------  -----  ---------  --------  ----------  --------------  -------------------
/opt/airflow/dags/airflow.py                           1           0  0.17s           2026-08-11T00:30:40
================================================================================
[2026-08-11T00:31:07.826+0000] {manager.py:755} INFO - Searching for files in /opt/airflow/dags
[2026-08-11T00:31:07.832+0000] {manager.py:758} INFO - There are 1 files in /opt/airflow/dags
[2026-08-11T00:31:17.945+0000] {manager.py:887} INFO - 
================================================================================
DAG File Processing Stats

File Path                     PID    Runtime      # DAGs    # Errors  Last Runtime    Last Run
----------------------------  -----  ---------  --------  ----------  --------------  -------------------
/opt/airflow/dags/airflow.py                           1           0  0.17s           2026-08-11T00:31:11
================================================================================
[2026-08-11T00:31:28.040+0000] {manager.py:755} INFO - Searching for files in /opt/airflow/dags
[2026-08-11T00:31:28.048+0000] {manager.py:758} INFO - There are 1 files in /opt/airflow/dags
[2026-08-11T00:31:48.319+0000] {manager.py:755} INFO - Searching for files in /opt/airflow/dags
[2026-08-11T00:31:48.321+0000] {manager.py:758} INFO - There are 1 files in /opt/airflow/dags
[2026-08-11T00:31:48.325+0000] {manager.py:887} INFO - 
================================================================================
DAG File Processing Stats

File Path                     PID    Runtime      # DAGs    # Errors  Last Runtime    Last Run
----------------------------  -----  ---------  --------  ----------  --------------  -------------------
/opt/airflow/dags/airflow.py                           1           0  0.16s           2026-08-11T00:31:41
================================================================================
[2026-08-11T00:32:08.479+0000] {manager.py:755} INFO - Searching for files in /opt/airflow/dags
[2026-08-11T00:32:08.483+0000] {manager.py:758} INFO - There are 1 files in /opt/airflow/dags
[2026-08-11T00:32:18.585+0000] {manager.py:887} INFO - 
================================================================================
DAG File Processing Stats

File Path                     PID    Runtime      # DAGs    # Errors  Last Runtime    Last Run
----------------------------  -----  ---------  --------  ----------  --------------  -------------------
/opt/airflow/dags/airflow.py                           1           0  0.17s           2026-08-11T00:32:11
================================================================================
[2026-08-11T00:32:28.677+0000] {manager.py:755} INFO - Searching for files in /opt/airflow/dags
[2026-08-11T00:32:28.683+0000] {manager.py:758} INFO - There are 1 files in /opt/airflow/dags
[2026-08-11T00:32:48.989+0000] {manager.py:755} INFO - Searching for files in /opt/airflow/dags
[2026-08-11T00:32:48.995+0000] {manager.py:758} INFO - There are 1 files in /opt/airflow/dags
[2026-08-11T00:32:49.002+0000] {manager.py:887} INFO - 
================================================================================
DAG File Processing Stats

File Path                     PID    Runtime      # DAGs    # Errors  Last Runtime    Last Run
----------------------------  -----  ---------  --------  ----------  --------------  -------------------
/opt/airflow/dags/airflow.py                           1           0  0.16s           2026-08-11T00:32:41
================================================================================
[2026-08-11T00:33:09.168+0000] {manager.py:755} INFO - Searching for files in /opt/airflow/dags
[2026-08-11T00:33:09.175+0000] {manager.py:758} INFO - There are 1 files in /opt/airflow/dags
[2026-08-11T00:33:19.273+0000] {manager.py:887} INFO - 
================================================================================
DAG File Processing Stats

File Path                     PID    Runtime      # DAGs    # Errors  Last Runtime    Last Run
----------------------------  -----  ---------  --------  ----------  --------------  -------------------
/opt/airflow/dags/airflow.py                           1           0  0.19s           2026-08-11T00:33:12
================================================================================
[2026-08-11T00:33:29.376+0000] {manager.py:755} INFO - Searching for files in /opt/airflow/dags
[2026-08-11T00:33:29.379+0000] {manager.py:758} INFO - There are 1 files in /opt/airflow/dags
[2026-08-11T00:33:49.722+0000] {manager.py:755} INFO - Searching for files in /opt/airflow/dags
[2026-08-11T00:33:49.728+0000] {manager.py:758} INFO - There are 1 files in /opt/airflow/dags
[2026-08-11T00:33:49.736+0000] {manager.py:887} INFO - 
================================================================================
DAG File Processing Stats

File Path                     PID    Runtime      # DAGs    # Errors  Last Runtime    Last Run
----------------------------  -----  ---------  --------  ----------  --------------  -------------------
/opt/airflow/dags/airflow.py                           1           0  0.17s           2026-08-11T00:33:42
================================================================================
[2026-08-11T00:34:09.913+0000] {manager.py:755} INFO - Searching for files in /opt/airflow/dags
[2026-08-11T00:34:09.919+0000] {manager.py:758} INFO - There are 1 files in /opt/airflow/dags
[2026-08-11T00:34:20.024+0000] {manager.py:887} INFO - 
================================================================================
DAG File Processing Stats

File Path                     PID    Runtime      # DAGs    # Errors  Last Runtime    Last Run
----------------------------  -----  ---------  --------  ----------  --------------  -------------------
/opt/airflow/dags/airflow.py                           1           0  0.16s           2026-08-11T00:34:13
================================================================================
[2026-08-11T00:34:30.110+0000] {manager.py:755} INFO - Searching for files in /opt/airflow/dags
[2026-08-11T00:34:30.120+0000] {manager.py:758} INFO - There are 1 files in /opt/airflow/dags
[2026-08-11T00:34:50.420+0000] {manager.py:755} INFO - Searching for files in /opt/airflow/dags
[2026-08-11T00:34:50.427+0000] {manager.py:758} INFO - There are 1 files in /opt/airflow/dags
[2026-08-11T00:34:50.434+0000] {manager.py:887} INFO - 
================================================================================
DAG File Processing Stats

File Path                     PID    Runtime      # DAGs    # Errors  Last Runtime    Last Run
----------------------------  -----  ---------  --------  ----------  --------------  -------------------
/opt/airflow/dags/airflow.py                           1           0  0.16s           2026-08-11T00:34:43
================================================================================
[2026-08-11T00:35:10.609+0000] {manager.py:755} INFO - Searching for files in /opt/airflow/dags
[2026-08-11T00:35:10.614+0000] {manager.py:758} INFO - There are 1 files in /opt/airflow/dags
[2026-08-11T00:35:20.721+0000] {manager.py:887} INFO - 
================================================================================
DAG File Processing Stats

File Path                     PID    Runtime      # DAGs    # Errors  Last Runtime    Last Run
----------------------------  -----  ---------  --------  ----------  --------------  -------------------
/opt/airflow/dags/airflow.py                           1           0  0.16s           2026-08-11T00:35:13
================================================================================
[2026-08-11T00:35:30.815+0000] {manager.py:755} INFO - Searching for files in /opt/airflow/dags
[2026-08-11T00:35:30.822+0000] {manager.py:758} INFO - There are 1 files in /opt/airflow/dags
[2026-08-11T00:35:51.107+0000] {manager.py:755} INFO - Searching for files in /opt/airflow/dags
[2026-08-11T00:35:51.113+0000] {manager.py:758} INFO - There are 1 files in /opt/airflow/dags
[2026-08-11T00:35:51.120+0000] {manager.py:887} INFO - 
================================================================================
DAG File Processing Stats

File Path                     PID    Runtime      # DAGs    # Errors  Last Runtime    Last Run
----------------------------  -----  ---------  --------  ----------  --------------  -------------------
/opt/airflow/dags/airflow.py                           1           0  0.17s           2026-08-11T00:35:44
================================================================================
[2026-08-11T00:36:11.262+0000] {manager.py:755} INFO - Searching for files in /opt/airflow/dags
[2026-08-11T00:36:11.270+0000] {manager.py:758} INFO - There are 1 files in /opt/airflow/dags
[2026-08-11T00:36:21.370+0000] {manager.py:887} INFO - 
================================================================================
DAG File Processing Stats

File Path                     PID    Runtime      # DAGs    # Errors  Last Runtime    Last Run
----------------------------  -----  ---------  --------  ----------  --------------  -------------------
/opt/airflow/dags/airflow.py                           1           0  0.15s           2026-08-11T00:36:14
================================================================================
[2026-08-11T00:36:31.447+0000] {manager.py:755} INFO - Searching for files in /opt/airflow/dags
[2026-08-11T00:36:31.454+0000] {manager.py:758} INFO - There are 1 files in /opt/airflow/dags
[2026-08-11T00:36:51.761+0000] {manager.py:755} INFO - Searching for files in /opt/airflow/dags
[2026-08-11T00:36:51.766+0000] {manager.py:758} INFO - There are 1 files in /opt/airflow/dags
[2026-08-11T00:36:51.772+0000] {manager.py:887} INFO - 
================================================================================
DAG File Processing Stats

File Path                     PID    Runtime      # DAGs    # Errors  Last Runtime    Last Run
----------------------------  -----  ---------  --------  ----------  --------------  -------------------
/opt/airflow/dags/airflow.py                           1           0  0.17s           2026-08-11T00:36:44
================================================================================
[2026-08-11T00:37:11.941+0000] {manager.py:755} INFO - Searching for files in /opt/airflow/dags
[2026-08-11T00:37:11.946+0000] {manager.py:758} INFO - There are 1 files in /opt/airflow/dags
[2026-08-11T00:37:22.048+0000] {manager.py:887} INFO - 
================================================================================
DAG File Processing Stats

File Path                     PID    Runtime      # DAGs    # Errors  Last Runtime    Last Run
----------------------------  -----  ---------  --------  ----------  --------------  -------------------
/opt/airflow/dags/airflow.py                           1           0  0.17s           2026-08-11T00:37:15
================================================================================
[2026-08-11T00:37:32.136+0000] {manager.py:755} INFO - Searching for files in /opt/airflow/dags
[2026-08-11T00:37:32.142+0000] {manager.py:758} INFO - There are 1 files in /opt/airflow/dags
[2026-08-11T00:37:52.462+0000] {manager.py:755} INFO - Searching for files in /opt/airflow/dags
[2026-08-11T00:37:52.469+0000] {manager.py:758} INFO - There are 1 files in /opt/airflow/dags
[2026-08-11T00:37:52.476+0000] {manager.py:887} INFO - 
================================================================================
DAG File Processing Stats

File Path                     PID    Runtime      # DAGs    # Errors  Last Runtime    Last Run
----------------------------  -----  ---------  --------  ----------  --------------  -------------------
/opt/airflow/dags/airflow.py                           1           0  0.17s           2026-08-11T00:37:45
================================================================================
[2026-08-11T00:38:12.695+0000] {manager.py:755} INFO - Searching for files in /opt/airflow/dags
[2026-08-11T00:38:12.702+0000] {manager.py:758} INFO - There are 1 files in /opt/airflow/dags
[2026-08-11T00:38:22.816+0000] {manager.py:887} INFO - 
================================================================================
DAG File Processing Stats

File Path                     PID    Runtime      # DAGs    # Errors  Last Runtime    Last Run
----------------------------  -----  ---------  --------  ----------  --------------  -------------------
/opt/airflow/dags/airflow.py                           1           0  0.16s           2026-08-11T00:38:15
================================================================================
[2026-08-11T00:38:32.919+0000] {manager.py:755} INFO - Searching for files in /opt/airflow/dags
[2026-08-11T00:38:32.925+0000] {manager.py:758} INFO - There are 1 files in /opt/airflow/dags
[2026-08-11T00:38:53.198+0000] {manager.py:755} INFO - Searching for files in /opt/airflow/dags
[2026-08-11T00:38:53.200+0000] {manager.py:758} INFO - There are 1 files in /opt/airflow/dags
[2026-08-11T00:38:53.203+0000] {manager.py:887} INFO - 
================================================================================
DAG File Processing Stats

File Path                     PID    Runtime      # DAGs    # Errors  Last Runtime    Last Run
----------------------------  -----  ---------  --------  ----------  --------------  -------------------
/opt/airflow/dags/airflow.py                           1           0  0.15s           2026-08-11T00:38:46
================================================================================
[2026-08-11T00:39:13.392+0000] {manager.py:755} INFO - Searching for files in /opt/airflow/dags
[2026-08-11T00:39:13.399+0000] {manager.py:758} INFO - There are 1 files in /opt/airflow/dags
[2026-08-11T00:39:23.482+0000] {manager.py:887} INFO - 
================================================================================
DAG File Processing Stats

File Path                     PID    Runtime      # DAGs    # Errors  Last Runtime    Last Run
----------------------------  -----  ---------  --------  ----------  --------------  -------------------
/opt/airflow/dags/airflow.py                           1           0  0.16s           2026-08-11T00:39:16
================================================================================
[2026-08-11T00:39:33.554+0000] {manager.py:755} INFO - Searching for files in /opt/airflow/dags
[2026-08-11T00:39:33.560+0000] {manager.py:758} INFO - There are 1 files in /opt/airflow/dags
[2026-08-11T00:39:53.864+0000] {manager.py:755} INFO - Searching for files in /opt/airflow/dags
[2026-08-11T00:39:53.881+0000] {manager.py:758} INFO - There are 1 files in /opt/airflow/dags
[2026-08-11T00:39:53.888+0000] {manager.py:887} INFO - 
================================================================================
DAG File Processing Stats

File Path                     PID    Runtime      # DAGs    # Errors  Last Runtime    Last Run
----------------------------  -----  ---------  --------  ----------  --------------  -------------------
/opt/airflow/dags/airflow.py                           1           0  0.16s           2026-08-11T00:39:46
================================================================================
[2026-08-11T00:40:14.049+0000] {manager.py:755} INFO - Searching for files in /opt/airflow/dags
[2026-08-11T00:40:14.053+0000] {manager.py:758} INFO - There are 1 files in /opt/airflow/dags
[2026-08-11T00:40:24.158+0000] {manager.py:887} INFO - 
================================================================================
DAG File Processing Stats

File Path                     PID    Runtime      # DAGs    # Errors  Last Runtime    Last Run
----------------------------  -----  ---------  --------  ----------  --------------  -------------------
/opt/airflow/dags/airflow.py                           1           0  0.16s           2026-08-11T00:40:17
================================================================================
[2026-08-11T00:40:34.244+0000] {manager.py:755} INFO - Searching for files in /opt/airflow/dags
[2026-08-11T00:40:34.248+0000] {manager.py:758} INFO - There are 1 files in /opt/airflow/dags
[2026-08-11T00:40:54.542+0000] {manager.py:755} INFO - Searching for files in /opt/airflow/dags
[2026-08-11T00:40:54.548+0000] {manager.py:758} INFO - There are 1 files in /opt/airflow/dags
[2026-08-11T00:40:54.555+0000] {manager.py:887} INFO - 
================================================================================
DAG File Processing Stats

File Path                     PID    Runtime      # DAGs    # Errors  Last Runtime    Last Run
----------------------------  -----  ---------  --------  ----------  --------------  -------------------
/opt/airflow/dags/airflow.py                           1           0  0.17s           2026-08-11T00:40:47
================================================================================
[2026-08-11T00:41:14.748+0000] {manager.py:755} INFO - Searching for files in /opt/airflow/dags
[2026-08-11T00:41:14.755+0000] {manager.py:758} INFO - There are 1 files in /opt/airflow/dags
[2026-08-11T00:41:24.884+0000] {manager.py:887} INFO - 
================================================================================
DAG File Processing Stats

File Path                     PID    Runtime      # DAGs    # Errors  Last Runtime    Last Run
----------------------------  -----  ---------  --------  ----------  --------------  -------------------
/opt/airflow/dags/airflow.py                           1           0  0.17s           2026-08-11T00:41:17
================================================================================
[2026-08-11T00:41:34.970+0000] {manager.py:755} INFO - Searching for files in /opt/airflow/dags
[2026-08-11T00:41:34.977+0000] {manager.py:758} INFO - There are 1 files in /opt/airflow/dags
[2026-08-11T00:41:55.255+0000] {manager.py:755} INFO - Searching for files in /opt/airflow/dags
[2026-08-11T00:41:55.260+0000] {manager.py:758} INFO - There are 1 files in /opt/airflow/dags
[2026-08-11T00:41:55.266+0000] {manager.py:887} INFO - 
================================================================================
DAG File Processing Stats

File Path                     PID    Runtime      # DAGs    # Errors  Last Runtime    Last Run
----------------------------  -----  ---------  --------  ----------  --------------  -------------------
/opt/airflow/dags/airflow.py                           1           0  0.16s           2026-08-11T00:41:48
================================================================================
[2026-08-11T00:42:15.410+0000] {manager.py:755} INFO - Searching for files in /opt/airflow/dags
[2026-08-11T00:42:15.415+0000] {manager.py:758} INFO - There are 1 files in /opt/airflow/dags
[2026-08-11T00:42:25.542+0000] {manager.py:887} INFO - 
================================================================================
DAG File Processing Stats

File Path                     PID    Runtime      # DAGs    # Errors  Last Runtime    Last Run
----------------------------  -----  ---------  --------  ----------  --------------  -------------------
/opt/airflow/dags/airflow.py                           1           0  0.18s           2026-08-11T00:42:18
================================================================================
[2026-08-11T00:42:35.622+0000] {manager.py:755} INFO - Searching for files in /opt/airflow/dags
[2026-08-11T00:42:35.629+0000] {manager.py:758} INFO - There are 1 files in /opt/airflow/dags
[2026-08-11T00:42:55.953+0000] {manager.py:755} INFO - Searching for files in /opt/airflow/dags
[2026-08-11T00:42:55.959+0000] {manager.py:758} INFO - There are 1 files in /opt/airflow/dags
[2026-08-11T00:42:55.966+0000] {manager.py:887} INFO - 
================================================================================
DAG File Processing Stats

File Path                     PID    Runtime      # DAGs    # Errors  Last Runtime    Last Run
----------------------------  -----  ---------  --------  ----------  --------------  -------------------
/opt/airflow/dags/airflow.py                           1           0  0.21s           2026-08-11T00:42:48
================================================================================
[2026-08-11T00:43:16.166+0000] {manager.py:755} INFO - Searching for files in /opt/airflow/dags
[2026-08-11T00:43:16.172+0000] {manager.py:758} INFO - There are 1 files in /opt/airflow/dags
[2026-08-11T00:43:26.265+0000] {manager.py:887} INFO - 
================================================================================
DAG File Processing Stats

File Path                     PID    Runtime      # DAGs    # Errors  Last Runtime    Last Run
----------------------------  -----  ---------  --------  ----------  --------------  -------------------
/opt/airflow/dags/airflow.py                           1           0  0.16s           2026-08-11T00:43:19
================================================================================
[2026-08-11T00:43:36.338+0000] {manager.py:755} INFO - Searching for files in /opt/airflow/dags
[2026-08-11T00:43:36.345+0000] {manager.py:758} INFO - There are 1 files in /opt/airflow/dags
[2026-08-11T00:43:56.629+0000] {manager.py:755} INFO - Searching for files in /opt/airflow/dags
[2026-08-11T00:43:56.636+0000] {manager.py:758} INFO - There are 1 files in /opt/airflow/dags
[2026-08-11T00:43:56.645+0000] {manager.py:887} INFO - 
================================================================================
DAG File Processing Stats

File Path                     PID    Runtime      # DAGs    # Errors  Last Runtime    Last Run
----------------------------  -----  ---------  --------  ----------  --------------  -------------------
/opt/airflow/dags/airflow.py                           1           0  0.19s           2026-08-11T00:43:49
================================================================================
[2026-08-11T00:44:16.783+0000] {manager.py:755} INFO - Searching for files in /opt/airflow/dags
[2026-08-11T00:44:16.785+0000] {manager.py:758} INFO - There are 1 files in /opt/airflow/dags
[2026-08-11T00:44:26.885+0000] {manager.py:887} INFO - 
================================================================================
DAG File Processing Stats

File Path                     PID    Runtime      # DAGs    # Errors  Last Runtime    Last Run
----------------------------  -----  ---------  --------  ----------  --------------  -------------------
/opt/airflow/dags/airflow.py                           1           0  0.19s           2026-08-11T00:44:19
================================================================================
[2026-08-11T00:44:36.953+0000] {manager.py:755} INFO - Searching for files in /opt/airflow/dags
[2026-08-11T00:44:36.960+0000] {manager.py:758} INFO - There are 1 files in /opt/airflow/dags
[2026-08-11T00:44:57.295+0000] {manager.py:755} INFO - Searching for files in /opt/airflow/dags
[2026-08-11T00:44:57.301+0000] {manager.py:758} INFO - There are 1 files in /opt/airflow/dags
[2026-08-11T00:44:57.308+0000] {manager.py:887} INFO - 
================================================================================
DAG File Processing Stats

File Path                     PID    Runtime      # DAGs    # Errors  Last Runtime    Last Run
----------------------------  -----  ---------  --------  ----------  --------------  -------------------
/opt/airflow/dags/airflow.py                           1           0  0.19s           2026-08-11T00:44:50
================================================================================
[2026-08-11T00:45:17.468+0000] {manager.py:755} INFO - Searching for files in /opt/airflow/dags
[2026-08-11T00:45:17.473+0000] {manager.py:758} INFO - There are 1 files in /opt/airflow/dags
[2026-08-11T00:45:27.581+0000] {manager.py:887} INFO - 
================================================================================
DAG File Processing Stats

File Path                     PID    Runtime      # DAGs    # Errors  Last Runtime    Last Run
----------------------------  -----  ---------  --------  ----------  --------------  -------------------
/opt/airflow/dags/airflow.py                           1           0  0.16s           2026-08-11T00:45:20
================================================================================
[2026-08-11T00:45:37.644+0000] {manager.py:755} INFO - Searching for files in /opt/airflow/dags
[2026-08-11T00:45:37.651+0000] {manager.py:758} INFO - There are 1 files in /opt/airflow/dags
[2026-08-11T00:45:57.968+0000] {manager.py:755} INFO - Searching for files in /opt/airflow/dags
[2026-08-11T00:45:57.974+0000] {manager.py:758} INFO - There are 1 files in /opt/airflow/dags
[2026-08-11T00:45:57.980+0000] {manager.py:887} INFO - 
================================================================================
DAG File Processing Stats

File Path                     PID    Runtime      # DAGs    # Errors  Last Runtime    Last Run
----------------------------  -----  ---------  --------  ----------  --------------  -------------------
/opt/airflow/dags/airflow.py                           1           0  0.16s           2026-08-11T00:45:50
================================================================================
[2026-08-11T00:46:18.171+0000] {manager.py:755} INFO - Searching for files in /opt/airflow/dags
[2026-08-11T00:46:18.178+0000] {manager.py:758} INFO - There are 1 files in /opt/airflow/dags
[2026-08-11T00:46:28.286+0000] {manager.py:887} INFO - 
================================================================================
DAG File Processing Stats

File Path                     PID    Runtime      # DAGs    # Errors  Last Runtime    Last Run
----------------------------  -----  ---------  --------  ----------  --------------  -------------------
/opt/airflow/dags/airflow.py                           1           0  0.16s           2026-08-11T00:46:21
================================================================================
[2026-08-11T00:46:38.370+0000] {manager.py:755} INFO - Searching for files in /opt/airflow/dags
[2026-08-11T00:46:38.377+0000] {manager.py:758} INFO - There are 1 files in /opt/airflow/dags
[2026-08-11T00:46:58.627+0000] {manager.py:755} INFO - Searching for files in /opt/airflow/dags
[2026-08-11T00:46:58.632+0000] {manager.py:758} INFO - There are 1 files in /opt/airflow/dags
[2026-08-11T00:46:58.639+0000] {manager.py:887} INFO - 
================================================================================
DAG File Processing Stats

File Path                     PID    Runtime      # DAGs    # Errors  Last Runtime    Last Run
----------------------------  -----  ---------  --------  ----------  --------------  -------------------
/opt/airflow/dags/airflow.py                           1           0  0.18s           2026-08-11T00:46:51
================================================================================
[2026-08-11T00:47:18.790+0000] {manager.py:755} INFO - Searching for files in /opt/airflow/dags
[2026-08-11T00:47:18.794+0000] {manager.py:758} INFO - There are 1 files in /opt/airflow/dags
[2026-08-11T00:47:28.895+0000] {manager.py:887} INFO - 
================================================================================
DAG File Processing Stats

File Path                     PID    Runtime      # DAGs    # Errors  Last Runtime    Last Run
----------------------------  -----  ---------  --------  ----------  --------------  -------------------
/opt/airflow/dags/airflow.py                           1           0  0.17s           2026-08-11T00:47:21
================================================================================
[2026-08-11T00:47:38.969+0000] {manager.py:755} INFO - Searching for files in /opt/airflow/dags
[2026-08-11T00:47:38.976+0000] {manager.py:758} INFO - There are 1 files in /opt/airflow/dags
[2026-08-11T00:47:59.260+0000] {manager.py:755} INFO - Searching for files in /opt/airflow/dags
[2026-08-11T00:47:59.268+0000] {manager.py:758} INFO - There are 1 files in /opt/airflow/dags
[2026-08-11T00:47:59.275+0000] {manager.py:887} INFO - 
================================================================================
DAG File Processing Stats

File Path                     PID    Runtime      # DAGs    # Errors  Last Runtime    Last Run
----------------------------  -----  ---------  --------  ----------  --------------  -------------------
/opt/airflow/dags/airflow.py                           1           0  0.20s           2026-08-11T00:47:52
================================================================================
[2026-08-11T00:48:19.440+0000] {manager.py:755} INFO - Searching for files in /opt/airflow/dags
[2026-08-11T00:48:19.446+0000] {manager.py:758} INFO - There are 1 files in /opt/airflow/dags
[2026-08-11T00:48:29.551+0000] {manager.py:887} INFO - 
================================================================================
DAG File Processing Stats

File Path                     PID    Runtime      # DAGs    # Errors  Last Runtime    Last Run
----------------------------  -----  ---------  --------  ----------  --------------  -------------------
/opt/airflow/dags/airflow.py                           1           0  0.16s           2026-08-11T00:48:22
================================================================================
[2026-08-11T00:48:39.633+0000] {manager.py:755} INFO - Searching for files in /opt/airflow/dags
[2026-08-11T00:48:39.641+0000] {manager.py:758} INFO - There are 1 files in /opt/airflow/dags
[2026-08-11T00:48:59.893+0000] {manager.py:755} INFO - Searching for files in /opt/airflow/dags
[2026-08-11T00:48:59.900+0000] {manager.py:758} INFO - There are 1 files in /opt/airflow/dags
[2026-08-11T00:48:59.907+0000] {manager.py:887} INFO - 
================================================================================
DAG File Processing Stats

File Path                     PID    Runtime      # DAGs    # Errors  Last Runtime    Last Run
----------------------------  -----  ---------  --------  ----------  --------------  -------------------
/opt/airflow/dags/airflow.py                           1           0  0.16s           2026-08-11T00:48:52
================================================================================
[2026-08-11T00:49:20.064+0000] {manager.py:755} INFO - Searching for files in /opt/airflow/dags
[2026-08-11T00:49:20.065+0000] {manager.py:758} INFO - There are 1 files in /opt/airflow/dags
[2026-08-11T00:49:30.155+0000] {manager.py:887} INFO - 
================================================================================
DAG File Processing Stats

File Path                     PID    Runtime      # DAGs    # Errors  Last Runtime    Last Run
----------------------------  -----  ---------  --------  ----------  --------------  -------------------
/opt/airflow/dags/airflow.py                           1           0  0.16s           2026-08-11T00:49:23
================================================================================
[2026-08-11T00:49:40.231+0000] {manager.py:755} INFO - Searching for files in /opt/airflow/dags
[2026-08-11T00:49:40.237+0000] {manager.py:758} INFO - There are 1 files in /opt/airflow/dags
[2026-08-11T00:50:00.502+0000] {manager.py:755} INFO - Searching for files in /opt/airflow/dags
[2026-08-11T00:50:00.506+0000] {manager.py:758} INFO - There are 1 files in /opt/airflow/dags
[2026-08-11T00:50:00.511+0000] {manager.py:887} INFO - 
================================================================================
DAG File Processing Stats

File Path                     PID    Runtime      # DAGs    # Errors  Last Runtime    Last Run
----------------------------  -----  ---------  --------  ----------  --------------  -------------------
/opt/airflow/dags/airflow.py                           1           0  0.18s           2026-08-11T00:49:53
================================================================================
[2026-08-11T00:50:20.661+0000] {manager.py:755} INFO - Searching for files in /opt/airflow/dags
[2026-08-11T00:50:20.667+0000] {manager.py:758} INFO - There are 1 files in /opt/airflow/dags
[2026-08-11T00:50:30.806+0000] {manager.py:887} INFO - 
================================================================================
DAG File Processing Stats

File Path                     PID    Runtime      # DAGs    # Errors  Last Runtime    Last Run
----------------------------  -----  ---------  --------  ----------  --------------  -------------------
/opt/airflow/dags/airflow.py                           1           0  0.16s           2026-08-11T00:50:23
================================================================================
[2026-08-11T00:50:40.888+0000] {manager.py:755} INFO - Searching for files in /opt/airflow/dags
[2026-08-11T00:50:40.893+0000] {manager.py:758} INFO - There are 1 files in /opt/airflow/dags
[2026-08-11T00:51:01.128+0000] {manager.py:755} INFO - Searching for files in /opt/airflow/dags
[2026-08-11T00:51:01.134+0000] {manager.py:758} INFO - There are 1 files in /opt/airflow/dags
[2026-08-11T00:51:01.141+0000] {manager.py:887} INFO - 
================================================================================
DAG File Processing Stats

File Path                     PID    Runtime      # DAGs    # Errors  Last Runtime    Last Run
----------------------------  -----  ---------  --------  ----------  --------------  -------------------
/opt/airflow/dags/airflow.py                           1           0  0.18s           2026-08-11T00:50:54
================================================================================
[2026-08-11T00:51:21.319+0000] {manager.py:755} INFO - Searching for files in /opt/airflow/dags
[2026-08-11T00:51:21.324+0000] {manager.py:758} INFO - There are 1 files in /opt/airflow/dags
[2026-08-11T00:51:31.504+0000] {manager.py:887} INFO - 
================================================================================
DAG File Processing Stats

File Path                     PID    Runtime      # DAGs    # Errors  Last Runtime    Last Run
----------------------------  -----  ---------  --------  ----------  --------------  -------------------
/opt/airflow/dags/airflow.py                           1           0  0.16s           2026-08-11T00:51:24
================================================================================
[2026-08-11T00:51:41.584+0000] {manager.py:755} INFO - Searching for files in /opt/airflow/dags
[2026-08-11T00:51:41.590+0000] {manager.py:758} INFO - There are 1 files in /opt/airflow/dags
[2026-08-11T00:52:01.790+0000] {manager.py:755} INFO - Searching for files in /opt/airflow/dags
[2026-08-11T00:52:01.795+0000] {manager.py:758} INFO - There are 1 files in /opt/airflow/dags
[2026-08-11T00:52:01.802+0000] {manager.py:887} INFO - 
================================================================================
DAG File Processing Stats

File Path                     PID    Runtime      # DAGs    # Errors  Last Runtime    Last Run
----------------------------  -----  ---------  --------  ----------  --------------  -------------------
/opt/airflow/dags/airflow.py                           1           0  0.17s           2026-08-11T00:51:54
================================================================================
[2026-08-11T00:52:21.974+0000] {manager.py:755} INFO - Searching for files in /opt/airflow/dags
[2026-08-11T00:52:21.981+0000] {manager.py:758} INFO - There are 1 files in /opt/airflow/dags
[2026-08-11T00:52:32.158+0000] {manager.py:887} INFO - 
================================================================================
DAG File Processing Stats

File Path                     PID    Runtime      # DAGs    # Errors  Last Runtime    Last Run
----------------------------  -----  ---------  --------  ----------  --------------  -------------------
/opt/airflow/dags/airflow.py                           1           0  0.17s           2026-08-11T00:52:25
================================================================================
[2026-08-11T00:52:42.240+0000] {manager.py:755} INFO - Searching for files in /opt/airflow/dags
[2026-08-11T00:52:42.243+0000] {manager.py:758} INFO - There are 1 files in /opt/airflow/dags
[2026-08-11T00:53:02.457+0000] {manager.py:755} INFO - Searching for files in /opt/airflow/dags
[2026-08-11T00:53:02.464+0000] {manager.py:758} INFO - There are 1 files in /opt/airflow/dags
[2026-08-11T00:53:02.471+0000] {manager.py:887} INFO - 
================================================================================
DAG File Processing Stats

File Path                     PID    Runtime      # DAGs    # Errors  Last Runtime    Last Run
----------------------------  -----  ---------  --------  ----------  --------------  -------------------
/opt/airflow/dags/airflow.py                           1           0  0.18s           2026-08-11T00:52:55
================================================================================
[2026-08-11T00:53:22.638+0000] {manager.py:755} INFO - Searching for files in /opt/airflow/dags
[2026-08-11T00:53:22.645+0000] {manager.py:758} INFO - There are 1 files in /opt/airflow/dags
[2026-08-11T00:53:32.798+0000] {manager.py:887} INFO - 
================================================================================
DAG File Processing Stats

File Path                     PID    Runtime      # DAGs    # Errors  Last Runtime    Last Run
----------------------------  -----  ---------  --------  ----------  --------------  -------------------
/opt/airflow/dags/airflow.py                           1           0  0.17s           2026-08-11T00:53:25
================================================================================
[2026-08-11T00:53:42.891+0000] {manager.py:755} INFO - Searching for files in /opt/airflow/dags
[2026-08-11T00:53:42.899+0000] {manager.py:758} INFO - There are 1 files in /opt/airflow/dags
[2026-08-11T00:54:03.146+0000] {manager.py:755} INFO - Searching for files in /opt/airflow/dags
[2026-08-11T00:54:03.154+0000] {manager.py:758} INFO - There are 1 files in /opt/airflow/dags
[2026-08-11T00:54:03.162+0000] {manager.py:887} INFO - 
================================================================================
DAG File Processing Stats

File Path                     PID    Runtime      # DAGs    # Errors  Last Runtime    Last Run
----------------------------  -----  ---------  --------  ----------  --------------  -------------------
/opt/airflow/dags/airflow.py                           1           0  0.16s           2026-08-11T00:53:56
================================================================================
[2026-08-11T00:54:23.314+0000] {manager.py:755} INFO - Searching for files in /opt/airflow/dags
[2026-08-11T00:54:23.323+0000] {manager.py:758} INFO - There are 1 files in /opt/airflow/dags
[2026-08-11T00:54:33.423+0000] {manager.py:887} INFO - 
================================================================================
DAG File Processing Stats

File Path                     PID    Runtime      # DAGs    # Errors  Last Runtime    Last Run
----------------------------  -----  ---------  --------  ----------  --------------  -------------------
/opt/airflow/dags/airflow.py                           1           0  0.18s           2026-08-11T00:54:26
================================================================================
[2026-08-11T00:54:43.494+0000] {manager.py:755} INFO - Searching for files in /opt/airflow/dags
[2026-08-11T00:54:43.499+0000] {manager.py:758} INFO - There are 1 files in /opt/airflow/dags
[2026-08-11T00:55:03.752+0000] {manager.py:755} INFO - Searching for files in /opt/airflow/dags
[2026-08-11T00:55:03.755+0000] {manager.py:758} INFO - There are 1 files in /opt/airflow/dags
[2026-08-11T00:55:03.759+0000] {manager.py:887} INFO - 
================================================================================
DAG File Processing Stats

File Path                     PID    Runtime      # DAGs    # Errors  Last Runtime    Last Run
----------------------------  -----  ---------  --------  ----------  --------------  -------------------
/opt/airflow/dags/airflow.py                           1           0  0.18s           2026-08-11T00:54:56
================================================================================
[2026-08-11T00:55:23.923+0000] {manager.py:755} INFO - Searching for files in /opt/airflow/dags
[2026-08-11T00:55:23.931+0000] {manager.py:758} INFO - There are 1 files in /opt/airflow/dags
[2026-08-11T00:55:34.053+0000] {manager.py:887} INFO - 
================================================================================
DAG File Processing Stats

File Path                     PID    Runtime      # DAGs    # Errors  Last Runtime    Last Run
----------------------------  -----  ---------  --------  ----------  --------------  -------------------
/opt/airflow/dags/airflow.py                           1           0  0.17s           2026-08-11T00:55:27
================================================================================
[2026-08-11T00:55:44.122+0000] {manager.py:755} INFO - Searching for files in /opt/airflow/dags
[2026-08-11T00:55:44.128+0000] {manager.py:758} INFO - There are 1 files in /opt/airflow/dags
[2026-08-11T00:56:04.410+0000] {manager.py:755} INFO - Searching for files in /opt/airflow/dags
[2026-08-11T00:56:04.417+0000] {manager.py:758} INFO - There are 1 files in /opt/airflow/dags
[2026-08-11T00:56:04.424+0000] {manager.py:887} INFO - 
================================================================================
DAG File Processing Stats

File Path                     PID    Runtime      # DAGs    # Errors  Last Runtime    Last Run
----------------------------  -----  ---------  --------  ----------  --------------  -------------------
/opt/airflow/dags/airflow.py                           1           0  0.19s           2026-08-11T00:55:57
================================================================================
[2026-08-11T00:56:24.595+0000] {manager.py:755} INFO - Searching for files in /opt/airflow/dags
[2026-08-11T00:56:24.603+0000] {manager.py:758} INFO - There are 1 files in /opt/airflow/dags
[2026-08-11T00:56:34.710+0000] {manager.py:887} INFO - 
================================================================================
DAG File Processing Stats

File Path                     PID    Runtime      # DAGs    # Errors  Last Runtime    Last Run
----------------------------  -----  ---------  --------  ----------  --------------  -------------------
/opt/airflow/dags/airflow.py                           1           0  0.17s           2026-08-11T00:56:27
================================================================================
[2026-08-11T00:56:44.804+0000] {manager.py:755} INFO - Searching for files in /opt/airflow/dags
[2026-08-11T00:56:44.811+0000] {manager.py:758} INFO - There are 1 files in /opt/airflow/dags
[2026-08-11T00:57:05.075+0000] {manager.py:755} INFO - Searching for files in /opt/airflow/dags
[2026-08-11T00:57:05.082+0000] {manager.py:758} INFO - There are 1 files in /opt/airflow/dags
[2026-08-11T00:57:05.089+0000] {manager.py:887} INFO - 
================================================================================
DAG File Processing Stats

File Path                     PID    Runtime      # DAGs    # Errors  Last Runtime    Last Run
----------------------------  -----  ---------  --------  ----------  --------------  -------------------
/opt/airflow/dags/airflow.py                           1           0  0.17s           2026-08-11T00:56:58
================================================================================
[2026-08-11T00:57:25.260+0000] {manager.py:755} INFO - Searching for files in /opt/airflow/dags
[2026-08-11T00:57:25.265+0000] {manager.py:758} INFO - There are 1 files in /opt/airflow/dags
[2026-08-11T00:57:35.386+0000] {manager.py:887} INFO - 
================================================================================
DAG File Processing Stats

File Path                     PID    Runtime      # DAGs    # Errors  Last Runtime    Last Run
----------------------------  -----  ---------  --------  ----------  --------------  -------------------
/opt/airflow/dags/airflow.py                           1           0  0.20s           2026-08-11T00:57:28
================================================================================
[2026-08-11T00:57:45.450+0000] {manager.py:755} INFO - Searching for files in /opt/airflow/dags
[2026-08-11T00:57:45.455+0000] {manager.py:758} INFO - There are 1 files in /opt/airflow/dags
[2026-08-11T00:58:05.792+0000] {manager.py:755} INFO - Searching for files in /opt/airflow/dags
[2026-08-11T00:58:05.796+0000] {manager.py:758} INFO - There are 1 files in /opt/airflow/dags
[2026-08-11T00:58:05.802+0000] {manager.py:887} INFO - 
================================================================================
DAG File Processing Stats

File Path                     PID    Runtime      # DAGs    # Errors  Last Runtime    Last Run
----------------------------  -----  ---------  --------  ----------  --------------  -------------------
/opt/airflow/dags/airflow.py                           1           0  0.22s           2026-08-11T00:57:58
================================================================================
[2026-08-11T00:58:25.965+0000] {manager.py:755} INFO - Searching for files in /opt/airflow/dags
[2026-08-11T00:58:25.972+0000] {manager.py:758} INFO - There are 1 files in /opt/airflow/dags
[2026-08-11T00:58:36.079+0000] {manager.py:887} INFO - 
================================================================================
DAG File Processing Stats

File Path                     PID    Runtime      # DAGs    # Errors  Last Runtime    Last Run
----------------------------  -----  ---------  --------  ----------  --------------  -------------------
/opt/airflow/dags/airflow.py                           1           0  0.16s           2026-08-11T00:58:29
================================================================================
[2026-08-11T00:58:46.165+0000] {manager.py:755} INFO - Searching for files in /opt/airflow/dags
[2026-08-11T00:58:46.171+0000] {manager.py:758} INFO - There are 1 files in /opt/airflow/dags
[2026-08-11T00:59:06.430+0000] {manager.py:755} INFO - Searching for files in /opt/airflow/dags
[2026-08-11T00:59:06.436+0000] {manager.py:758} INFO - There are 1 files in /opt/airflow/dags
[2026-08-11T00:59:06.443+0000] {manager.py:887} INFO - 
================================================================================
DAG File Processing Stats

File Path                     PID    Runtime      # DAGs    # Errors  Last Runtime    Last Run
----------------------------  -----  ---------  --------  ----------  --------------  -------------------
/opt/airflow/dags/airflow.py                           1           0  0.16s           2026-08-11T00:58:59
================================================================================
[2026-08-11T00:59:26.574+0000] {manager.py:755} INFO - Searching for files in /opt/airflow/dags
[2026-08-11T00:59:26.581+0000] {manager.py:758} INFO - There are 1 files in /opt/airflow/dags
[2026-08-11T00:59:36.687+0000] {manager.py:887} INFO - 
================================================================================
DAG File Processing Stats

File Path                     PID    Runtime      # DAGs    # Errors  Last Runtime    Last Run
----------------------------  -----  ---------  --------  ----------  --------------  -------------------
/opt/airflow/dags/airflow.py                           1           0  0.17s           2026-08-11T00:59:29
================================================================================
[2026-08-11T00:59:46.761+0000] {manager.py:755} INFO - Searching for files in /opt/airflow/dags
[2026-08-11T00:59:46.765+0000] {manager.py:758} INFO - There are 1 files in /opt/airflow/dags
[2026-08-11T01:00:07.073+0000] {manager.py:755} INFO - Searching for files in /opt/airflow/dags
[2026-08-11T01:00:07.079+0000] {manager.py:758} INFO - There are 1 files in /opt/airflow/dags
[2026-08-11T01:00:07.085+0000] {manager.py:887} INFO - 
================================================================================
DAG File Processing Stats

File Path                     PID    Runtime      # DAGs    # Errors  Last Runtime    Last Run
----------------------------  -----  ---------  --------  ----------  --------------  -------------------
/opt/airflow/dags/airflow.py                           1           0  0.17s           2026-08-11T01:00:00
================================================================================
[2026-08-11T01:00:27.259+0000] {manager.py:755} INFO - Searching for files in /opt/airflow/dags
[2026-08-11T01:00:27.265+0000] {manager.py:758} INFO - There are 1 files in /opt/airflow/dags
[2026-08-11T01:00:37.358+0000] {manager.py:887} INFO - 
================================================================================
DAG File Processing Stats

File Path                     PID    Runtime      # DAGs    # Errors  Last Runtime    Last Run
----------------------------  -----  ---------  --------  ----------  --------------  -------------------
/opt/airflow/dags/airflow.py                           1           0  0.16s           2026-08-11T01:00:30
================================================================================
[2026-08-11T01:00:47.422+0000] {manager.py:755} INFO - Searching for files in /opt/airflow/dags
[2026-08-11T01:00:47.429+0000] {manager.py:758} INFO - There are 1 files in /opt/airflow/dags
[2026-08-11T01:01:07.776+0000] {manager.py:755} INFO - Searching for files in /opt/airflow/dags
[2026-08-11T01:01:07.783+0000] {manager.py:758} INFO - There are 1 files in /opt/airflow/dags
[2026-08-11T01:01:07.790+0000] {manager.py:887} INFO - 
================================================================================
DAG File Processing Stats

File Path                     PID    Runtime      # DAGs    # Errors  Last Runtime    Last Run
----------------------------  -----  ---------  --------  ----------  --------------  -------------------
/opt/airflow/dags/airflow.py                           1           0  0.16s           2026-08-11T01:01:00
================================================================================
[2026-08-11T01:01:27.976+0000] {manager.py:755} INFO - Searching for files in /opt/airflow/dags
[2026-08-11T01:01:27.983+0000] {manager.py:758} INFO - There are 1 files in /opt/airflow/dags
[2026-08-11T01:01:38.082+0000] {manager.py:887} INFO - 
================================================================================
DAG File Processing Stats

File Path                     PID    Runtime      # DAGs    # Errors  Last Runtime    Last Run
----------------------------  -----  ---------  --------  ----------  --------------  -------------------
/opt/airflow/dags/airflow.py                           1           0  0.16s           2026-08-11T01:01:31
================================================================================
[2026-08-11T01:01:48.165+0000] {manager.py:755} INFO - Searching for files in /opt/airflow/dags
[2026-08-11T01:01:48.172+0000] {manager.py:758} INFO - There are 1 files in /opt/airflow/dags
[2026-08-11T01:02:08.459+0000] {manager.py:755} INFO - Searching for files in /opt/airflow/dags
[2026-08-11T01:02:08.465+0000] {manager.py:758} INFO - There are 1 files in /opt/airflow/dags
[2026-08-11T01:02:08.472+0000] {manager.py:887} INFO - 
================================================================================
DAG File Processing Stats

File Path                     PID    Runtime      # DAGs    # Errors  Last Runtime    Last Run
----------------------------  -----  ---------  --------  ----------  --------------  -------------------
/opt/airflow/dags/airflow.py                           1           0  0.17s           2026-08-11T01:02:01
================================================================================
[2026-08-11T01:02:28.633+0000] {manager.py:755} INFO - Searching for files in /opt/airflow/dags
[2026-08-11T01:02:28.641+0000] {manager.py:758} INFO - There are 1 files in /opt/airflow/dags
[2026-08-11T01:02:38.752+0000] {manager.py:887} INFO - 
================================================================================
DAG File Processing Stats

File Path                     PID    Runtime      # DAGs    # Errors  Last Runtime    Last Run
----------------------------  -----  ---------  --------  ----------  --------------  -------------------
/opt/airflow/dags/airflow.py                           1           0  0.17s           2026-08-11T01:02:31
================================================================================
[2026-08-11T01:02:48.824+0000] {manager.py:755} INFO - Searching for files in /opt/airflow/dags
[2026-08-11T01:02:48.831+0000] {manager.py:758} INFO - There are 1 files in /opt/airflow/dags
[2026-08-11T01:03:09.111+0000] {manager.py:755} INFO - Searching for files in /opt/airflow/dags
[2026-08-11T01:03:09.117+0000] {manager.py:758} INFO - There are 1 files in /opt/airflow/dags
[2026-08-11T01:03:09.124+0000] {manager.py:887} INFO - 
================================================================================
DAG File Processing Stats

File Path                     PID    Runtime      # DAGs    # Errors  Last Runtime    Last Run
----------------------------  -----  ---------  --------  ----------  --------------  -------------------
/opt/airflow/dags/airflow.py                           1           0  0.20s           2026-08-11T01:03:02
================================================================================
[2026-08-11T01:03:29.289+0000] {manager.py:755} INFO - Searching for files in /opt/airflow/dags
[2026-08-11T01:03:29.296+0000] {manager.py:758} INFO - There are 1 files in /opt/airflow/dags
[2026-08-11T01:03:39.378+0000] {manager.py:887} INFO - 
================================================================================
DAG File Processing Stats

File Path                     PID    Runtime      # DAGs    # Errors  Last Runtime    Last Run
----------------------------  -----  ---------  --------  ----------  --------------  -------------------
/opt/airflow/dags/airflow.py                           1           0  0.15s           2026-08-11T01:03:32
================================================================================
[2026-08-11T01:03:49.435+0000] {manager.py:755} INFO - Searching for files in /opt/airflow/dags
[2026-08-11T01:03:49.438+0000] {manager.py:758} INFO - There are 1 files in /opt/airflow/dags
[2026-08-11T01:04:09.769+0000] {manager.py:755} INFO - Searching for files in /opt/airflow/dags
[2026-08-11T01:04:09.777+0000] {manager.py:758} INFO - There are 1 files in /opt/airflow/dags
[2026-08-11T01:04:09.785+0000] {manager.py:887} INFO - 
================================================================================
DAG File Processing Stats

File Path                     PID    Runtime      # DAGs    # Errors  Last Runtime    Last Run
----------------------------  -----  ---------  --------  ----------  --------------  -------------------
/opt/airflow/dags/airflow.py                           1           0  0.19s           2026-08-11T01:04:02
================================================================================
[2026-08-11T01:04:29.964+0000] {manager.py:755} INFO - Searching for files in /opt/airflow/dags
[2026-08-11T01:04:29.970+0000] {manager.py:758} INFO - There are 1 files in /opt/airflow/dags
[2026-08-11T01:04:40.084+0000] {manager.py:887} INFO - 
================================================================================
DAG File Processing Stats

File Path                     PID    Runtime      # DAGs    # Errors  Last Runtime    Last Run
----------------------------  -----  ---------  --------  ----------  --------------  -------------------
/opt/airflow/dags/airflow.py                           1           0  0.16s           2026-08-11T01:04:33
================================================================================
[2026-08-11T01:04:50.176+0000] {manager.py:755} INFO - Searching for files in /opt/airflow/dags
[2026-08-11T01:04:50.178+0000] {manager.py:758} INFO - There are 1 files in /opt/airflow/dags
[2026-08-11T01:05:10.435+0000] {manager.py:755} INFO - Searching for files in /opt/airflow/dags
[2026-08-11T01:05:10.439+0000] {manager.py:758} INFO - There are 1 files in /opt/airflow/dags
[2026-08-11T01:05:10.445+0000] {manager.py:887} INFO - 
================================================================================
DAG File Processing Stats

File Path                     PID    Runtime      # DAGs    # Errors  Last Runtime    Last Run
----------------------------  -----  ---------  --------  ----------  --------------  -------------------
/opt/airflow/dags/airflow.py                           1           0  0.17s           2026-08-11T01:05:03
================================================================================
[2026-08-11T01:05:30.613+0000] {manager.py:755} INFO - Searching for files in /opt/airflow/dags
[2026-08-11T01:05:30.616+0000] {manager.py:758} INFO - There are 1 files in /opt/airflow/dags
[2026-08-11T01:05:40.721+0000] {manager.py:887} INFO - 
================================================================================
DAG File Processing Stats

File Path                     PID    Runtime      # DAGs    # Errors  Last Runtime    Last Run
----------------------------  -----  ---------  --------  ----------  --------------  -------------------
/opt/airflow/dags/airflow.py                           1           0  0.15s           2026-08-11T01:05:33
================================================================================
[2026-08-11T01:05:50.805+0000] {manager.py:755} INFO - Searching for files in /opt/airflow/dags
[2026-08-11T01:05:50.812+0000] {manager.py:758} INFO - There are 1 files in /opt/airflow/dags
[2026-08-11T01:06:11.089+0000] {manager.py:755} INFO - Searching for files in /opt/airflow/dags
[2026-08-11T01:06:11.096+0000] {manager.py:758} INFO - There are 1 files in /opt/airflow/dags
[2026-08-11T01:06:11.103+0000] {manager.py:887} INFO - 
================================================================================
DAG File Processing Stats

File Path                     PID    Runtime      # DAGs    # Errors  Last Runtime    Last Run
----------------------------  -----  ---------  --------  ----------  --------------  -------------------
/opt/airflow/dags/airflow.py                           1           0  0.19s           2026-08-11T01:06:04
================================================================================
[2026-08-11T01:06:31.270+0000] {manager.py:755} INFO - Searching for files in /opt/airflow/dags
[2026-08-11T01:06:31.277+0000] {manager.py:758} INFO - There are 1 files in /opt/airflow/dags
[2026-08-11T01:06:41.372+0000] {manager.py:887} INFO - 
================================================================================
DAG File Processing Stats

File Path                     PID    Runtime      # DAGs    # Errors  Last Runtime    Last Run
----------------------------  -----  ---------  --------  ----------  --------------  -------------------
/opt/airflow/dags/airflow.py                           1           0  0.17s           2026-08-11T01:06:34
================================================================================
[2026-08-11T01:06:51.461+0000] {manager.py:755} INFO - Searching for files in /opt/airflow/dags
[2026-08-11T01:06:51.465+0000] {manager.py:758} INFO - There are 1 files in /opt/airflow/dags
[2026-08-11T01:07:11.743+0000] {manager.py:755} INFO - Searching for files in /opt/airflow/dags
[2026-08-11T01:07:11.750+0000] {manager.py:758} INFO - There are 1 files in /opt/airflow/dags
[2026-08-11T01:07:11.756+0000] {manager.py:887} INFO - 
================================================================================
DAG File Processing Stats

File Path                     PID    Runtime      # DAGs    # Errors  Last Runtime    Last Run
----------------------------  -----  ---------  --------  ----------  --------------  -------------------
/opt/airflow/dags/airflow.py                           1           0  0.17s           2026-08-11T01:07:04
================================================================================
[2026-08-11T01:07:31.949+0000] {manager.py:755} INFO - Searching for files in /opt/airflow/dags
[2026-08-11T01:07:31.954+0000] {manager.py:758} INFO - There are 1 files in /opt/airflow/dags
[2026-08-11T01:07:42.064+0000] {manager.py:887} INFO - 
================================================================================
DAG File Processing Stats

File Path                     PID    Runtime      # DAGs    # Errors  Last Runtime    Last Run
----------------------------  -----  ---------  --------  ----------  --------------  -------------------
/opt/airflow/dags/airflow.py                           1           0  0.16s           2026-08-11T01:07:35
================================================================================
[2026-08-11T01:07:52.154+0000] {manager.py:755} INFO - Searching for files in /opt/airflow/dags
[2026-08-11T01:07:52.159+0000] {manager.py:758} INFO - There are 1 files in /opt/airflow/dags
[2026-08-11T01:08:12.382+0000] {manager.py:755} INFO - Searching for files in /opt/airflow/dags
[2026-08-11T01:08:12.389+0000] {manager.py:758} INFO - There are 1 files in /opt/airflow/dags
[2026-08-11T01:08:12.395+0000] {manager.py:887} INFO - 
================================================================================
DAG File Processing Stats

File Path                     PID    Runtime      # DAGs    # Errors  Last Runtime    Last Run
----------------------------  -----  ---------  --------  ----------  --------------  -------------------
/opt/airflow/dags/airflow.py                           1           0  0.19s           2026-08-11T01:08:05
================================================================================
[2026-08-11T01:08:32.563+0000] {manager.py:755} INFO - Searching for files in /opt/airflow/dags
[2026-08-11T01:08:32.569+0000] {manager.py:758} INFO - There are 1 files in /opt/airflow/dags
[2026-08-11T01:08:42.678+0000] {manager.py:887} INFO - 
================================================================================
DAG File Processing Stats

File Path                     PID    Runtime      # DAGs    # Errors  Last Runtime    Last Run
----------------------------  -----  ---------  --------  ----------  --------------  -------------------
/opt/airflow/dags/airflow.py                           1           0  0.18s           2026-08-11T01:08:35
================================================================================
[2026-08-11T01:08:52.747+0000] {manager.py:755} INFO - Searching for files in /opt/airflow/dags
[2026-08-11T01:08:52.752+0000] {manager.py:758} INFO - There are 1 files in /opt/airflow/dags
[2026-08-11T01:09:13.054+0000] {manager.py:755} INFO - Searching for files in /opt/airflow/dags
[2026-08-11T01:09:13.061+0000] {manager.py:758} INFO - There are 1 files in /opt/airflow/dags
[2026-08-11T01:09:13.068+0000] {manager.py:887} INFO - 
================================================================================
DAG File Processing Stats

File Path                     PID    Runtime      # DAGs    # Errors  Last Runtime    Last Run
----------------------------  -----  ---------  --------  ----------  --------------  -------------------
/opt/airflow/dags/airflow.py                           1           0  0.17s           2026-08-11T01:09:06
================================================================================
[2026-08-11T01:09:33.241+0000] {manager.py:755} INFO - Searching for files in /opt/airflow/dags
[2026-08-11T01:09:33.246+0000] {manager.py:758} INFO - There are 1 files in /opt/airflow/dags
[2026-08-11T01:09:43.354+0000] {manager.py:887} INFO - 
================================================================================
DAG File Processing Stats

File Path                     PID    Runtime      # DAGs    # Errors  Last Runtime    Last Run
----------------------------  -----  ---------  --------  ----------  --------------  -------------------
/opt/airflow/dags/airflow.py                           1           0  0.16s           2026-08-11T01:09:36
================================================================================
[2026-08-11T01:09:53.442+0000] {manager.py:755} INFO - Searching for files in /opt/airflow/dags
[2026-08-11T01:09:53.450+0000] {manager.py:758} INFO - There are 1 files in /opt/airflow/dags
[2026-08-11T01:10:13.740+0000] {manager.py:755} INFO - Searching for files in /opt/airflow/dags
[2026-08-11T01:10:13.746+0000] {manager.py:758} INFO - There are 1 files in /opt/airflow/dags
[2026-08-11T01:10:13.753+0000] {manager.py:887} INFO - 
================================================================================
DAG File Processing Stats

File Path                     PID    Runtime      # DAGs    # Errors  Last Runtime    Last Run
----------------------------  -----  ---------  --------  ----------  --------------  -------------------
/opt/airflow/dags/airflow.py                           1           0  0.21s           2026-08-11T01:10:06
================================================================================
[2026-08-11T01:10:33.912+0000] {manager.py:755} INFO - Searching for files in /opt/airflow/dags
[2026-08-11T01:10:33.920+0000] {manager.py:758} INFO - There are 1 files in /opt/airflow/dags
[2026-08-11T01:10:44.034+0000] {manager.py:887} INFO - 
================================================================================
DAG File Processing Stats

File Path                     PID    Runtime      # DAGs    # Errors  Last Runtime    Last Run
----------------------------  -----  ---------  --------  ----------  --------------  -------------------
/opt/airflow/dags/airflow.py                           1           0  0.21s           2026-08-11T01:10:37
================================================================================
[2026-08-11T01:10:54.109+0000] {manager.py:755} INFO - Searching for files in /opt/airflow/dags
[2026-08-11T01:10:54.114+0000] {manager.py:758} INFO - There are 1 files in /opt/airflow/dags
[2026-08-11T01:11:14.445+0000] {manager.py:755} INFO - Searching for files in /opt/airflow/dags
[2026-08-11T01:11:14.450+0000] {manager.py:758} INFO - There are 1 files in /opt/airflow/dags
[2026-08-11T01:11:14.457+0000] {manager.py:887} INFO - 
================================================================================
DAG File Processing Stats

File Path                     PID    Runtime      # DAGs    # Errors  Last Runtime    Last Run
----------------------------  -----  ---------  --------  ----------  --------------  -------------------
/opt/airflow/dags/airflow.py                           1           0  0.17s           2026-08-11T01:11:07
================================================================================
[2026-08-11T01:11:34.625+0000] {manager.py:755} INFO - Searching for files in /opt/airflow/dags
[2026-08-11T01:11:34.632+0000] {manager.py:758} INFO - There are 1 files in /opt/airflow/dags
[2026-08-11T01:11:44.761+0000] {manager.py:887} INFO - 
================================================================================
DAG File Processing Stats

File Path                     PID    Runtime      # DAGs    # Errors  Last Runtime    Last Run
----------------------------  -----  ---------  --------  ----------  --------------  -------------------
/opt/airflow/dags/airflow.py                           1           0  0.20s           2026-08-11T01:11:37
================================================================================
[2026-08-11T01:11:54.850+0000] {manager.py:755} INFO - Searching for files in /opt/airflow/dags
[2026-08-11T01:11:54.858+0000] {manager.py:758} INFO - There are 1 files in /opt/airflow/dags
[2026-08-11T01:12:15.158+0000] {manager.py:755} INFO - Searching for files in /opt/airflow/dags
[2026-08-11T01:12:15.165+0000] {manager.py:758} INFO - There are 1 files in /opt/airflow/dags
[2026-08-11T01:12:15.173+0000] {manager.py:887} INFO - 
================================================================================
DAG File Processing Stats

File Path                     PID    Runtime      # DAGs    # Errors  Last Runtime    Last Run
----------------------------  -----  ---------  --------  ----------  --------------  -------------------
/opt/airflow/dags/airflow.py                           1           0  0.18s           2026-08-11T01:12:08
================================================================================
[2026-08-11T01:12:35.327+0000] {manager.py:755} INFO - Searching for files in /opt/airflow/dags
[2026-08-11T01:12:35.334+0000] {manager.py:758} INFO - There are 1 files in /opt/airflow/dags
[2026-08-11T01:12:45.425+0000] {manager.py:887} INFO - 
================================================================================
DAG File Processing Stats

File Path                     PID    Runtime      # DAGs    # Errors  Last Runtime    Last Run
----------------------------  -----  ---------  --------  ----------  --------------  -------------------
/opt/airflow/dags/airflow.py                           1           0  0.17s           2026-08-11T01:12:38
================================================================================
[2026-08-11T01:12:55.495+0000] {manager.py:755} INFO - Searching for files in /opt/airflow/dags
[2026-08-11T01:12:55.501+0000] {manager.py:758} INFO - There are 1 files in /opt/airflow/dags
[2026-08-11T01:13:15.828+0000] {manager.py:755} INFO - Searching for files in /opt/airflow/dags
[2026-08-11T01:13:15.833+0000] {manager.py:758} INFO - There are 1 files in /opt/airflow/dags
[2026-08-11T01:13:15.840+0000] {manager.py:887} INFO - 
================================================================================
DAG File Processing Stats

File Path                     PID    Runtime      # DAGs    # Errors  Last Runtime    Last Run
----------------------------  -----  ---------  --------  ----------  --------------  -------------------
/opt/airflow/dags/airflow.py                           1           0  0.16s           2026-08-11T01:13:08
================================================================================
[2026-08-11T01:13:36.011+0000] {manager.py:755} INFO - Searching for files in /opt/airflow/dags
[2026-08-11T01:13:36.017+0000] {manager.py:758} INFO - There are 1 files in /opt/airflow/dags
[2026-08-11T01:13:46.114+0000] {manager.py:887} INFO - 
================================================================================
DAG File Processing Stats

File Path                     PID    Runtime      # DAGs    # Errors  Last Runtime    Last Run
----------------------------  -----  ---------  --------  ----------  --------------  -------------------
/opt/airflow/dags/airflow.py                           1           0  0.16s           2026-08-11T01:13:39
================================================================================
[2026-08-11T01:13:56.200+0000] {manager.py:755} INFO - Searching for files in /opt/airflow/dags
[2026-08-11T01:13:56.207+0000] {manager.py:758} INFO - There are 1 files in /opt/airflow/dags
[2026-08-11T01:14:16.479+0000] {manager.py:755} INFO - Searching for files in /opt/airflow/dags
[2026-08-11T01:14:16.485+0000] {manager.py:758} INFO - There are 1 files in /opt/airflow/dags
[2026-08-11T01:14:16.492+0000] {manager.py:887} INFO - 
================================================================================
DAG File Processing Stats

File Path                     PID    Runtime      # DAGs    # Errors  Last Runtime    Last Run
----------------------------  -----  ---------  --------  ----------  --------------  -------------------
/opt/airflow/dags/airflow.py                           1           0  0.17s           2026-08-11T01:14:09
================================================================================
[2026-08-11T01:14:36.646+0000] {manager.py:755} INFO - Searching for files in /opt/airflow/dags
[2026-08-11T01:14:36.648+0000] {manager.py:758} INFO - There are 1 files in /opt/airflow/dags
[2026-08-11T01:14:46.754+0000] {manager.py:887} INFO - 
================================================================================
DAG File Processing Stats

File Path                     PID    Runtime      # DAGs    # Errors  Last Runtime    Last Run
----------------------------  -----  ---------  --------  ----------  --------------  -------------------
/opt/airflow/dags/airflow.py                           1           0  0.17s           2026-08-11T01:14:39
================================================================================
[2026-08-11T01:14:56.813+0000] {manager.py:755} INFO - Searching for files in /opt/airflow/dags
[2026-08-11T01:14:56.818+0000] {manager.py:758} INFO - There are 1 files in /opt/airflow/dags
[2026-08-11T01:15:17.095+0000] {manager.py:755} INFO - Searching for files in /opt/airflow/dags
[2026-08-11T01:15:17.101+0000] {manager.py:758} INFO - There are 1 files in /opt/airflow/dags
[2026-08-11T01:15:17.107+0000] {manager.py:887} INFO - 
================================================================================
DAG File Processing Stats

File Path                     PID    Runtime      # DAGs    # Errors  Last Runtime    Last Run
----------------------------  -----  ---------  --------  ----------  --------------  -------------------
/opt/airflow/dags/airflow.py                           1           0  0.17s           2026-08-11T01:15:10
================================================================================
[2026-08-11T01:15:37.296+0000] {manager.py:755} INFO - Searching for files in /opt/airflow/dags
[2026-08-11T01:15:37.300+0000] {manager.py:758} INFO - There are 1 files in /opt/airflow/dags
[2026-08-11T01:15:47.394+0000] {manager.py:887} INFO - 
================================================================================
DAG File Processing Stats

File Path                     PID    Runtime      # DAGs    # Errors  Last Runtime    Last Run
----------------------------  -----  ---------  --------  ----------  --------------  -------------------
/opt/airflow/dags/airflow.py                           1           0  0.20s           2026-08-11T01:15:40
================================================================================
[2026-08-11T01:15:57.484+0000] {manager.py:755} INFO - Searching for files in /opt/airflow/dags
[2026-08-11T01:15:57.491+0000] {manager.py:758} INFO - There are 1 files in /opt/airflow/dags
[2026-08-11T01:16:17.809+0000] {manager.py:755} INFO - Searching for files in /opt/airflow/dags
[2026-08-11T01:16:17.814+0000] {manager.py:758} INFO - There are 1 files in /opt/airflow/dags
[2026-08-11T01:16:17.820+0000] {manager.py:887} INFO - 
================================================================================
DAG File Processing Stats

File Path                     PID    Runtime      # DAGs    # Errors  Last Runtime    Last Run
----------------------------  -----  ---------  --------  ----------  --------------  -------------------
/opt/airflow/dags/airflow.py                           1           0  0.17s           2026-08-11T01:16:10
================================================================================
[2026-08-11T01:16:38.003+0000] {manager.py:755} INFO - Searching for files in /opt/airflow/dags
[2026-08-11T01:16:38.010+0000] {manager.py:758} INFO - There are 1 files in /opt/airflow/dags
[2026-08-11T01:16:48.118+0000] {manager.py:887} INFO - 
================================================================================
DAG File Processing Stats

File Path                     PID    Runtime      # DAGs    # Errors  Last Runtime    Last Run
----------------------------  -----  ---------  --------  ----------  --------------  -------------------
/opt/airflow/dags/airflow.py                           1           0  0.17s           2026-08-11T01:16:41
================================================================================
[2026-08-11T01:16:58.214+0000] {manager.py:755} INFO - Searching for files in /opt/airflow/dags
[2026-08-11T01:16:58.219+0000] {manager.py:758} INFO - There are 1 files in /opt/airflow/dags
[2026-08-11T01:17:18.453+0000] {manager.py:755} INFO - Searching for files in /opt/airflow/dags
[2026-08-11T01:17:18.456+0000] {manager.py:758} INFO - There are 1 files in /opt/airflow/dags
[2026-08-11T01:17:18.460+0000] {manager.py:887} INFO - 
================================================================================
DAG File Processing Stats

File Path                     PID    Runtime      # DAGs    # Errors  Last Runtime    Last Run
----------------------------  -----  ---------  --------  ----------  --------------  -------------------
/opt/airflow/dags/airflow.py                           1           0  0.16s           2026-08-11T01:17:11
================================================================================
[2026-08-11T01:17:38.619+0000] {manager.py:755} INFO - Searching for files in /opt/airflow/dags
[2026-08-11T01:17:38.624+0000] {manager.py:758} INFO - There are 1 files in /opt/airflow/dags
[2026-08-11T01:17:48.758+0000] {manager.py:887} INFO - 
================================================================================
DAG File Processing Stats

File Path                     PID    Runtime      # DAGs    # Errors  Last Runtime    Last Run
----------------------------  -----  ---------  --------  ----------  --------------  -------------------
/opt/airflow/dags/airflow.py                           1           0  0.20s           2026-08-11T01:17:41
================================================================================
[2026-08-11T01:17:58.829+0000] {manager.py:755} INFO - Searching for files in /opt/airflow/dags
[2026-08-11T01:17:58.836+0000] {manager.py:758} INFO - There are 1 files in /opt/airflow/dags
[2026-08-11T01:18:19.101+0000] {manager.py:755} INFO - Searching for files in /opt/airflow/dags
[2026-08-11T01:18:19.104+0000] {manager.py:758} INFO - There are 1 files in /opt/airflow/dags
[2026-08-11T01:18:19.107+0000] {manager.py:887} INFO - 
================================================================================
DAG File Processing Stats

File Path                     PID    Runtime      # DAGs    # Errors  Last Runtime    Last Run
----------------------------  -----  ---------  --------  ----------  --------------  -------------------
/opt/airflow/dags/airflow.py                           1           0  0.19s           2026-08-11T01:18:12
================================================================================
[2026-08-11T01:18:39.264+0000] {manager.py:755} INFO - Searching for files in /opt/airflow/dags
[2026-08-11T01:18:39.270+0000] {manager.py:758} INFO - There are 1 files in /opt/airflow/dags
[2026-08-11T01:18:49.407+0000] {manager.py:887} INFO - 
================================================================================
DAG File Processing Stats

File Path                     PID    Runtime      # DAGs    # Errors  Last Runtime    Last Run
----------------------------  -----  ---------  --------  ----------  --------------  -------------------
/opt/airflow/dags/airflow.py                           1           0  0.16s           2026-08-11T01:18:42
================================================================================
[2026-08-11T01:18:59.488+0000] {manager.py:755} INFO - Searching for files in /opt/airflow/dags
[2026-08-11T01:18:59.495+0000] {manager.py:758} INFO - There are 1 files in /opt/airflow/dags
[2026-08-11T01:19:19.716+0000] {manager.py:755} INFO - Searching for files in /opt/airflow/dags
[2026-08-11T01:19:19.721+0000] {manager.py:758} INFO - There are 1 files in /opt/airflow/dags
[2026-08-11T01:19:19.727+0000] {manager.py:887} INFO - 
================================================================================
DAG File Processing Stats

File Path                     PID    Runtime      # DAGs    # Errors  Last Runtime    Last Run
----------------------------  -----  ---------  --------  ----------  --------------  -------------------
/opt/airflow/dags/airflow.py                           1           0  0.17s           2026-08-11T01:19:12
================================================================================
[2026-08-11T01:19:39.924+0000] {manager.py:755} INFO - Searching for files in /opt/airflow/dags
[2026-08-11T01:19:39.932+0000] {manager.py:758} INFO - There are 1 files in /opt/airflow/dags
[2026-08-11T01:19:50.048+0000] {manager.py:887} INFO - 
================================================================================
DAG File Processing Stats

File Path                     PID    Runtime      # DAGs    # Errors  Last Runtime    Last Run
----------------------------  -----  ---------  --------  ----------  --------------  -------------------
/opt/airflow/dags/airflow.py                           1           0  0.16s           2026-08-11T01:19:43
================================================================================
[2026-08-11T01:20:00.127+0000] {manager.py:755} INFO - Searching for files in /opt/airflow/dags
[2026-08-11T01:20:00.133+0000] {manager.py:758} INFO - There are 1 files in /opt/airflow/dags
[2026-08-11T01:20:20.417+0000] {manager.py:755} INFO - Searching for files in /opt/airflow/dags
[2026-08-11T01:20:20.421+0000] {manager.py:758} INFO - There are 1 files in /opt/airflow/dags
[2026-08-11T01:20:20.427+0000] {manager.py:887} INFO - 
================================================================================
DAG File Processing Stats

File Path                     PID    Runtime      # DAGs    # Errors  Last Runtime    Last Run
----------------------------  -----  ---------  --------  ----------  --------------  -------------------
/opt/airflow/dags/airflow.py                           1           0  0.17s           2026-08-11T01:20:13
================================================================================
[2026-08-11T01:20:40.577+0000] {manager.py:755} INFO - Searching for files in /opt/airflow/dags
[2026-08-11T01:20:40.584+0000] {manager.py:758} INFO - There are 1 files in /opt/airflow/dags
[2026-08-11T01:20:50.682+0000] {manager.py:887} INFO - 
================================================================================
DAG File Processing Stats

File Path                     PID    Runtime      # DAGs    # Errors  Last Runtime    Last Run
----------------------------  -----  ---------  --------  ----------  --------------  -------------------
/opt/airflow/dags/airflow.py                           1           0  0.17s           2026-08-11T01:20:43
================================================================================
[2026-08-11T01:21:00.771+0000] {manager.py:755} INFO - Searching for files in /opt/airflow/dags
[2026-08-11T01:21:00.777+0000] {manager.py:758} INFO - There are 1 files in /opt/airflow/dags
[2026-08-11T01:21:21.094+0000] {manager.py:755} INFO - Searching for files in /opt/airflow/dags
[2026-08-11T01:21:21.100+0000] {manager.py:758} INFO - There are 1 files in /opt/airflow/dags
[2026-08-11T01:21:21.107+0000] {manager.py:887} INFO - 
================================================================================
DAG File Processing Stats

File Path                     PID    Runtime      # DAGs    # Errors  Last Runtime    Last Run
----------------------------  -----  ---------  --------  ----------  --------------  -------------------
/opt/airflow/dags/airflow.py                           1           0  0.17s           2026-08-11T01:21:14
================================================================================
[2026-08-11T01:21:41.247+0000] {manager.py:755} INFO - Searching for files in /opt/airflow/dags
[2026-08-11T01:21:41.254+0000] {manager.py:758} INFO - There are 1 files in /opt/airflow/dags
[2026-08-11T01:21:51.358+0000] {manager.py:887} INFO - 
================================================================================
DAG File Processing Stats

File Path                     PID    Runtime      # DAGs    # Errors  Last Runtime    Last Run
----------------------------  -----  ---------  --------  ----------  --------------  -------------------
/opt/airflow/dags/airflow.py                           1           0  0.19s           2026-08-11T01:21:44
================================================================================
[2026-08-11T01:22:01.438+0000] {manager.py:755} INFO - Searching for files in /opt/airflow/dags
[2026-08-11T01:22:01.445+0000] {manager.py:758} INFO - There are 1 files in /opt/airflow/dags
[2026-08-11T01:22:21.709+0000] {manager.py:755} INFO - Searching for files in /opt/airflow/dags
[2026-08-11T01:22:21.714+0000] {manager.py:758} INFO - There are 1 files in /opt/airflow/dags
[2026-08-11T01:22:21.719+0000] {manager.py:887} INFO - 
================================================================================
DAG File Processing Stats

File Path                     PID    Runtime      # DAGs    # Errors  Last Runtime    Last Run
----------------------------  -----  ---------  --------  ----------  --------------  -------------------
/opt/airflow/dags/airflow.py                           1           0  0.20s           2026-08-11T01:22:14
================================================================================
[2026-08-11T01:22:41.870+0000] {manager.py:755} INFO - Searching for files in /opt/airflow/dags
[2026-08-11T01:22:41.875+0000] {manager.py:758} INFO - There are 1 files in /opt/airflow/dags
[2026-08-11T01:22:52.030+0000] {manager.py:887} INFO - 
================================================================================
DAG File Processing Stats

File Path                     PID    Runtime      # DAGs    # Errors  Last Runtime    Last Run
----------------------------  -----  ---------  --------  ----------  --------------  -------------------
/opt/airflow/dags/airflow.py                           1           0  0.21s           2026-08-11T01:22:45
================================================================================
[2026-08-11T01:23:02.087+0000] {manager.py:755} INFO - Searching for files in /opt/airflow/dags
[2026-08-11T01:23:02.094+0000] {manager.py:758} INFO - There are 1 files in /opt/airflow/dags
[2026-08-11T01:23:22.256+0000] {manager.py:755} INFO - Searching for files in /opt/airflow/dags
[2026-08-11T01:23:22.261+0000] {manager.py:758} INFO - There are 1 files in /opt/airflow/dags
[2026-08-11T01:23:22.267+0000] {manager.py:887} INFO - 
================================================================================
DAG File Processing Stats

File Path                     PID    Runtime      # DAGs    # Errors  Last Runtime    Last Run
----------------------------  -----  ---------  --------  ----------  --------------  -------------------
/opt/airflow/dags/airflow.py                           1           0  0.17s           2026-08-11T01:23:15
================================================================================
[2026-08-11T01:23:42.429+0000] {manager.py:755} INFO - Searching for files in /opt/airflow/dags
[2026-08-11T01:23:42.436+0000] {manager.py:758} INFO - There are 1 files in /opt/airflow/dags
[2026-08-11T01:23:52.650+0000] {manager.py:887} INFO - 
================================================================================
DAG File Processing Stats

File Path                     PID    Runtime      # DAGs    # Errors  Last Runtime    Last Run
----------------------------  -----  ---------  --------  ----------  --------------  -------------------
/opt/airflow/dags/airflow.py                           1           0  0.17s           2026-08-11T01:23:45
================================================================================
[2026-08-11T01:24:02.732+0000] {manager.py:755} INFO - Searching for files in /opt/airflow/dags
[2026-08-11T01:24:02.740+0000] {manager.py:758} INFO - There are 1 files in /opt/airflow/dags
[2026-08-11T01:24:22.948+0000] {manager.py:755} INFO - Searching for files in /opt/airflow/dags
[2026-08-11T01:24:22.954+0000] {manager.py:758} INFO - There are 1 files in /opt/airflow/dags
[2026-08-11T01:24:22.959+0000] {manager.py:887} INFO - 
================================================================================
DAG File Processing Stats

File Path                     PID    Runtime      # DAGs    # Errors  Last Runtime    Last Run
----------------------------  -----  ---------  --------  ----------  --------------  -------------------
/opt/airflow/dags/airflow.py                           1           0  0.16s           2026-08-11T01:24:16
================================================================================
[2026-08-11T01:24:43.137+0000] {manager.py:755} INFO - Searching for files in /opt/airflow/dags
[2026-08-11T01:24:43.142+0000] {manager.py:758} INFO - There are 1 files in /opt/airflow/dags
[2026-08-11T01:24:53.308+0000] {manager.py:887} INFO - 
================================================================================
DAG File Processing Stats

File Path                     PID    Runtime      # DAGs    # Errors  Last Runtime    Last Run
----------------------------  -----  ---------  --------  ----------  --------------  -------------------
/opt/airflow/dags/airflow.py                           1           0  0.18s           2026-08-11T01:24:46
================================================================================
[2026-08-11T01:25:03.385+0000] {manager.py:755} INFO - Searching for files in /opt/airflow/dags
[2026-08-11T01:25:03.390+0000] {manager.py:758} INFO - There are 1 files in /opt/airflow/dags
[2026-08-11T01:25:23.635+0000] {manager.py:755} INFO - Searching for files in /opt/airflow/dags
[2026-08-11T01:25:23.642+0000] {manager.py:758} INFO - There are 1 files in /opt/airflow/dags
[2026-08-11T01:25:23.649+0000] {manager.py:887} INFO - 
================================================================================
DAG File Processing Stats

File Path                     PID    Runtime      # DAGs    # Errors  Last Runtime    Last Run
----------------------------  -----  ---------  --------  ----------  --------------  -------------------
/opt/airflow/dags/airflow.py                           1           0  0.17s           2026-08-11T01:25:16
================================================================================
[2026-08-11T01:25:43.834+0000] {manager.py:755} INFO - Searching for files in /opt/airflow/dags
[2026-08-11T01:25:43.844+0000] {manager.py:758} INFO - There are 1 files in /opt/airflow/dags
[2026-08-11T01:25:53.988+0000] {manager.py:887} INFO - 
================================================================================
DAG File Processing Stats

File Path                     PID    Runtime      # DAGs    # Errors  Last Runtime    Last Run
----------------------------  -----  ---------  --------  ----------  --------------  -------------------
/opt/airflow/dags/airflow.py                           1           0  0.17s           2026-08-11T01:25:47
================================================================================
[2026-08-11T01:26:04.068+0000] {manager.py:755} INFO - Searching for files in /opt/airflow/dags
[2026-08-11T01:26:04.075+0000] {manager.py:758} INFO - There are 1 files in /opt/airflow/dags
[2026-08-11T01:26:24.318+0000] {manager.py:755} INFO - Searching for files in /opt/airflow/dags
[2026-08-11T01:26:24.322+0000] {manager.py:758} INFO - There are 1 files in /opt/airflow/dags
[2026-08-11T01:26:24.329+0000] {manager.py:887} INFO - 
================================================================================
DAG File Processing Stats

File Path                     PID    Runtime      # DAGs    # Errors  Last Runtime    Last Run
----------------------------  -----  ---------  --------  ----------  --------------  -------------------
/opt/airflow/dags/airflow.py                           1           0  0.24s           2026-08-11T01:26:17
================================================================================
[2026-08-11T01:26:44.490+0000] {manager.py:755} INFO - Searching for files in /opt/airflow/dags
[2026-08-11T01:26:44.498+0000] {manager.py:758} INFO - There are 1 files in /opt/airflow/dags
[2026-08-11T01:26:54.731+0000] {manager.py:887} INFO - 
================================================================================
DAG File Processing Stats

File Path                     PID    Runtime      # DAGs    # Errors  Last Runtime    Last Run
----------------------------  -----  ---------  --------  ----------  --------------  -------------------
/opt/airflow/dags/airflow.py                           1           0  0.22s           2026-08-11T01:26:47
================================================================================
[2026-08-11T01:27:04.791+0000] {manager.py:755} INFO - Searching for files in /opt/airflow/dags
[2026-08-11T01:27:04.798+0000] {manager.py:758} INFO - There are 1 files in /opt/airflow/dags
[2026-08-11T01:27:24.974+0000] {manager.py:755} INFO - Searching for files in /opt/airflow/dags
[2026-08-11T01:27:24.980+0000] {manager.py:758} INFO - There are 1 files in /opt/airflow/dags
[2026-08-11T01:27:24.986+0000] {manager.py:887} INFO - 
================================================================================
DAG File Processing Stats

File Path                     PID    Runtime      # DAGs    # Errors  Last Runtime    Last Run
----------------------------  -----  ---------  --------  ----------  --------------  -------------------
/opt/airflow/dags/airflow.py                           1           0  0.16s           2026-08-11T01:27:18
================================================================================
[2026-08-11T01:27:45.115+0000] {manager.py:755} INFO - Searching for files in /opt/airflow/dags
[2026-08-11T01:27:45.123+0000] {manager.py:758} INFO - There are 1 files in /opt/airflow/dags
[2026-08-11T01:27:55.370+0000] {manager.py:887} INFO - 
================================================================================
DAG File Processing Stats

File Path                     PID    Runtime      # DAGs    # Errors  Last Runtime    Last Run
----------------------------  -----  ---------  --------  ----------  --------------  -------------------
/opt/airflow/dags/airflow.py                           1           0  0.16s           2026-08-11T01:27:48
================================================================================
[2026-08-11T01:28:05.454+0000] {manager.py:755} INFO - Searching for files in /opt/airflow/dags
[2026-08-11T01:28:05.460+0000] {manager.py:758} INFO - There are 1 files in /opt/airflow/dags
[2026-08-11T01:28:25.653+0000] {manager.py:755} INFO - Searching for files in /opt/airflow/dags
[2026-08-11T01:28:25.659+0000] {manager.py:758} INFO - There are 1 files in /opt/airflow/dags
[2026-08-11T01:28:25.667+0000] {manager.py:887} INFO - 
================================================================================
DAG File Processing Stats

File Path                     PID    Runtime      # DAGs    # Errors  Last Runtime    Last Run
----------------------------  -----  ---------  --------  ----------  --------------  -------------------
/opt/airflow/dags/airflow.py                           1           0  0.16s           2026-08-11T01:28:18
================================================================================
[2026-08-11T01:28:45.825+0000] {manager.py:755} INFO - Searching for files in /opt/airflow/dags
[2026-08-11T01:28:45.831+0000] {manager.py:758} INFO - There are 1 files in /opt/airflow/dags
[2026-08-11T01:28:56.003+0000] {manager.py:887} INFO - 
================================================================================
DAG File Processing Stats

File Path                     PID    Runtime      # DAGs    # Errors  Last Runtime    Last Run
----------------------------  -----  ---------  --------  ----------  --------------  -------------------
/opt/airflow/dags/airflow.py                           1           0  0.18s           2026-08-11T01:28:49
================================================================================
[2026-08-11T01:29:06.084+0000] {manager.py:755} INFO - Searching for files in /opt/airflow/dags
[2026-08-11T01:29:06.092+0000] {manager.py:758} INFO - There are 1 files in /opt/airflow/dags
[2026-08-11T01:29:26.301+0000] {manager.py:755} INFO - Searching for files in /opt/airflow/dags
[2026-08-11T01:29:26.307+0000] {manager.py:758} INFO - There are 1 files in /opt/airflow/dags
[2026-08-11T01:29:26.313+0000] {manager.py:887} INFO - 
================================================================================
DAG File Processing Stats

File Path                     PID    Runtime      # DAGs    # Errors  Last Runtime    Last Run
----------------------------  -----  ---------  --------  ----------  --------------  -------------------
/opt/airflow/dags/airflow.py                           1           0  0.16s           2026-08-11T01:29:19
================================================================================
[2026-08-11T01:29:46.492+0000] {manager.py:755} INFO - Searching for files in /opt/airflow/dags
[2026-08-11T01:29:46.499+0000] {manager.py:758} INFO - There are 1 files in /opt/airflow/dags
[2026-08-11T01:29:56.651+0000] {manager.py:887} INFO - 
================================================================================
DAG File Processing Stats

File Path                     PID    Runtime      # DAGs    # Errors  Last Runtime    Last Run
----------------------------  -----  ---------  --------  ----------  --------------  -------------------
/opt/airflow/dags/airflow.py                           1           0  0.18s           2026-08-11T01:29:49
================================================================================
[2026-08-11T01:30:06.726+0000] {manager.py:755} INFO - Searching for files in /opt/airflow/dags
[2026-08-11T01:30:06.733+0000] {manager.py:758} INFO - There are 1 files in /opt/airflow/dags
[2026-08-11T01:30:26.996+0000] {manager.py:755} INFO - Searching for files in /opt/airflow/dags
[2026-08-11T01:30:27.001+0000] {manager.py:758} INFO - There are 1 files in /opt/airflow/dags
[2026-08-11T01:30:27.008+0000] {manager.py:887} INFO - 
================================================================================
DAG File Processing Stats

File Path                     PID    Runtime      # DAGs    # Errors  Last Runtime    Last Run
----------------------------  -----  ---------  --------  ----------  --------------  -------------------
/opt/airflow/dags/airflow.py                           1           0  0.20s           2026-08-11T01:30:20
================================================================================
[2026-08-11T01:30:47.164+0000] {manager.py:755} INFO - Searching for files in /opt/airflow/dags
[2026-08-11T01:30:47.172+0000] {manager.py:758} INFO - There are 1 files in /opt/airflow/dags
[2026-08-11T01:30:57.310+0000] {manager.py:887} INFO - 
================================================================================
DAG File Processing Stats

File Path                     PID    Runtime      # DAGs    # Errors  Last Runtime    Last Run
----------------------------  -----  ---------  --------  ----------  --------------  -------------------
/opt/airflow/dags/airflow.py                           1           0  0.24s           2026-08-11T01:30:50
================================================================================
[2026-08-11T01:31:07.392+0000] {manager.py:755} INFO - Searching for files in /opt/airflow/dags
[2026-08-11T01:31:07.397+0000] {manager.py:758} INFO - There are 1 files in /opt/airflow/dags
[2026-08-11T01:31:27.742+0000] {manager.py:755} INFO - Searching for files in /opt/airflow/dags
[2026-08-11T01:31:27.748+0000] {manager.py:758} INFO - There are 1 files in /opt/airflow/dags
[2026-08-11T01:31:27.755+0000] {manager.py:887} INFO - 
================================================================================
DAG File Processing Stats

File Path                     PID    Runtime      # DAGs    # Errors  Last Runtime    Last Run
----------------------------  -----  ---------  --------  ----------  --------------  -------------------
/opt/airflow/dags/airflow.py                           1           0  0.17s           2026-08-11T01:31:26
================================================================================
[2026-08-11T01:31:47.903+0000] {manager.py:755} INFO - Searching for files in /opt/airflow/dags
[2026-08-11T01:31:47.911+0000] {manager.py:758} INFO - There are 1 files in /opt/airflow/dags
[2026-08-11T01:31:58.115+0000] {manager.py:887} INFO - 
================================================================================
DAG File Processing Stats

File Path                     PID    Runtime      # DAGs    # Errors  Last Runtime    Last Run
----------------------------  -----  ---------  --------  ----------  --------------  -------------------
/opt/airflow/dags/airflow.py                           1           0  0.20s           2026-08-11T01:31:50
================================================================================
[2026-08-11T01:32:08.293+0000] {manager.py:755} INFO - Searching for files in /opt/airflow/dags
[2026-08-11T01:32:08.295+0000] {manager.py:758} INFO - There are 1 files in /opt/airflow/dags
[2026-08-11T01:32:28.629+0000] {manager.py:755} INFO - Searching for files in /opt/airflow/dags
[2026-08-11T01:32:28.636+0000] {manager.py:758} INFO - There are 1 files in /opt/airflow/dags
[2026-08-11T01:32:28.643+0000] {manager.py:887} INFO - 
================================================================================
DAG File Processing Stats

File Path                     PID    Runtime      # DAGs    # Errors  Last Runtime    Last Run
----------------------------  -----  ---------  --------  ----------  --------------  -------------------
/opt/airflow/dags/airflow.py                           0           1  0.15s           2026-08-11T01:32:14
================================================================================
[2026-08-11T01:32:48.818+0000] {manager.py:755} INFO - Searching for files in /opt/airflow/dags
[2026-08-11T01:32:48.823+0000] {manager.py:758} INFO - There are 1 files in /opt/airflow/dags
[2026-08-11T01:32:59.049+0000] {manager.py:887} INFO - 
================================================================================
DAG File Processing Stats

File Path                     PID    Runtime      # DAGs    # Errors  Last Runtime    Last Run
----------------------------  -----  ---------  --------  ----------  --------------  -------------------
/opt/airflow/dags/airflow.py                           0           1  0.15s           2026-08-11T01:32:54
================================================================================
[2026-08-11T01:33:09.133+0000] {manager.py:755} INFO - Searching for files in /opt/airflow/dags
[2026-08-11T01:33:09.141+0000] {manager.py:758} INFO - There are 1 files in /opt/airflow/dags
[2026-08-11T01:33:29.335+0000] {manager.py:755} INFO - Searching for files in /opt/airflow/dags
[2026-08-11T01:33:29.339+0000] {manager.py:758} INFO - There are 1 files in /opt/airflow/dags
[2026-08-11T01:33:29.344+0000] {manager.py:887} INFO - 
================================================================================
DAG File Processing Stats

File Path                     PID    Runtime      # DAGs    # Errors  Last Runtime    Last Run
----------------------------  -----  ---------  --------  ----------  --------------  -------------------
/opt/airflow/dags/airflow.py                           0           1  0.16s           2026-08-11T01:33:00
================================================================================
[2026-08-11T01:33:49.588+0000] {manager.py:755} INFO - Searching for files in /opt/airflow/dags
[2026-08-11T01:33:49.598+0000] {manager.py:758} INFO - There are 1 files in /opt/airflow/dags
[2026-08-11T01:33:59.699+0000] {manager.py:887} INFO - 
================================================================================
DAG File Processing Stats

File Path                     PID    Runtime      # DAGs    # Errors  Last Runtime    Last Run
----------------------------  -----  ---------  --------  ----------  --------------  -------------------
/opt/airflow/dags/airflow.py                           0           1  0.16s           2026-08-11T01:33:30
================================================================================
[2026-08-11T01:34:09.809+0000] {manager.py:755} INFO - Searching for files in /opt/airflow/dags
[2026-08-11T01:34:09.817+0000] {manager.py:758} INFO - There are 1 files in /opt/airflow/dags
[2026-08-11T01:34:29.992+0000] {manager.py:755} INFO - Searching for files in /opt/airflow/dags
[2026-08-11T01:34:29.996+0000] {manager.py:758} INFO - There are 1 files in /opt/airflow/dags
[2026-08-11T01:34:30.002+0000] {manager.py:887} INFO - 
================================================================================
DAG File Processing Stats

File Path                     PID    Runtime      # DAGs    # Errors  Last Runtime    Last Run
----------------------------  -----  ---------  --------  ----------  --------------  -------------------
/opt/airflow/dags/airflow.py                           0           1  0.19s           2026-08-11T01:34:00
================================================================================
[2026-08-11T01:34:50.507+0000] {manager.py:755} INFO - Searching for files in /opt/airflow/dags
[2026-08-11T01:34:50.513+0000] {manager.py:758} INFO - There are 1 files in /opt/airflow/dags
[2026-08-11T01:35:00.619+0000] {manager.py:887} INFO - 
================================================================================
DAG File Processing Stats

File Path                     PID    Runtime      # DAGs    # Errors  Last Runtime    Last Run
----------------------------  -----  ---------  --------  ----------  --------------  -------------------
/opt/airflow/dags/airflow.py                           0           1  0.15s           2026-08-11T01:34:48
================================================================================
[2026-08-11T01:35:10.713+0000] {manager.py:755} INFO - Searching for files in /opt/airflow/dags
[2026-08-11T01:35:10.716+0000] {manager.py:758} INFO - There are 1 files in /opt/airflow/dags
[2026-08-11T01:35:30.997+0000] {manager.py:755} INFO - Searching for files in /opt/airflow/dags
[2026-08-11T01:35:31.005+0000] {manager.py:758} INFO - There are 1 files in /opt/airflow/dags
[2026-08-11T01:35:31.012+0000] {manager.py:887} INFO - 
================================================================================
DAG File Processing Stats

File Path                     PID    Runtime      # DAGs    # Errors  Last Runtime    Last Run
----------------------------  -----  ---------  --------  ----------  --------------  -------------------
/opt/airflow/dags/airflow.py                           0           1  0.15s           2026-08-11T01:35:18
================================================================================
[2026-08-11T01:35:51.196+0000] {manager.py:755} INFO - Searching for files in /opt/airflow/dags
[2026-08-11T01:35:51.204+0000] {manager.py:758} INFO - There are 1 files in /opt/airflow/dags
[2026-08-11T01:36:01.297+0000] {manager.py:887} INFO - 
================================================================================
DAG File Processing Stats

File Path                     PID    Runtime      # DAGs    # Errors  Last Runtime    Last Run
----------------------------  -----  ---------  --------  ----------  --------------  -------------------
/opt/airflow/dags/airflow.py                           0           1  0.16s           2026-08-11T01:35:49
================================================================================
[2026-08-11T01:36:11.389+0000] {manager.py:755} INFO - Searching for files in /opt/airflow/dags
[2026-08-11T01:36:11.394+0000] {manager.py:758} INFO - There are 1 files in /opt/airflow/dags
[2026-08-11T01:36:31.611+0000] {manager.py:755} INFO - Searching for files in /opt/airflow/dags
[2026-08-11T01:36:31.617+0000] {manager.py:758} INFO - There are 1 files in /opt/airflow/dags
[2026-08-11T01:36:31.625+0000] {manager.py:887} INFO - 
================================================================================
DAG File Processing Stats

File Path                     PID    Runtime      # DAGs    # Errors  Last Runtime    Last Run
----------------------------  -----  ---------  --------  ----------  --------------  -------------------
/opt/airflow/dags/airflow.py                           0           1  0.15s           2026-08-11T01:36:19
================================================================================
[2026-08-11T01:36:51.828+0000] {manager.py:755} INFO - Searching for files in /opt/airflow/dags
[2026-08-11T01:36:51.833+0000] {manager.py:758} INFO - There are 1 files in /opt/airflow/dags
[2026-08-11T01:37:01.930+0000] {manager.py:887} INFO - 
================================================================================
DAG File Processing Stats

File Path                     PID    Runtime      # DAGs    # Errors  Last Runtime    Last Run
----------------------------  -----  ---------  --------  ----------  --------------  -------------------
/opt/airflow/dags/airflow.py                           0           1  0.16s           2026-08-11T01:36:49
================================================================================
[2026-08-11T01:37:12.026+0000] {manager.py:755} INFO - Searching for files in /opt/airflow/dags
[2026-08-11T01:37:12.033+0000] {manager.py:758} INFO - There are 1 files in /opt/airflow/dags
[2026-08-11T01:37:32.433+0000] {manager.py:755} INFO - Searching for files in /opt/airflow/dags
[2026-08-11T01:37:32.441+0000] {manager.py:758} INFO - There are 1 files in /opt/airflow/dags
[2026-08-11T01:37:32.449+0000] {manager.py:887} INFO - 
================================================================================
DAG File Processing Stats

File Path                     PID    Runtime      # DAGs    # Errors  Last Runtime    Last Run
----------------------------  -----  ---------  --------  ----------  --------------  -------------------
/opt/airflow/dags/airflow.py                           0           1  0.17s           2026-08-11T01:37:30
================================================================================
[2026-08-11T01:37:52.611+0000] {manager.py:755} INFO - Searching for files in /opt/airflow/dags
[2026-08-11T01:37:52.618+0000] {manager.py:758} INFO - There are 1 files in /opt/airflow/dags
[2026-08-11T01:38:02.725+0000] {manager.py:887} INFO - 
================================================================================
DAG File Processing Stats

File Path                     PID    Runtime      # DAGs    # Errors  Last Runtime    Last Run
----------------------------  -----  ---------  --------  ----------  --------------  -------------------
/opt/airflow/dags/airflow.py                           0           1  0.18s           2026-08-11T01:38:00
================================================================================
[2026-08-11T01:38:12.798+0000] {manager.py:755} INFO - Searching for files in /opt/airflow/dags
[2026-08-11T01:38:12.804+0000] {manager.py:758} INFO - There are 1 files in /opt/airflow/dags
[2026-08-11T01:38:32.954+0000] {manager.py:755} INFO - Searching for files in /opt/airflow/dags
[2026-08-11T01:38:32.962+0000] {manager.py:758} INFO - There are 1 files in /opt/airflow/dags
[2026-08-11T01:38:32.969+0000] {manager.py:887} INFO - 
================================================================================
DAG File Processing Stats

File Path                     PID    Runtime      # DAGs    # Errors  Last Runtime    Last Run
----------------------------  -----  ---------  --------  ----------  --------------  -------------------
/opt/airflow/dags/airflow.py                           0           1  0.14s           2026-08-11T01:38:31
================================================================================
[2026-08-11T01:38:53.403+0000] {manager.py:755} INFO - Searching for files in /opt/airflow/dags
[2026-08-11T01:38:53.411+0000] {manager.py:758} INFO - There are 1 files in /opt/airflow/dags
[2026-08-11T01:39:03.553+0000] {manager.py:887} INFO - 
================================================================================
DAG File Processing Stats

File Path                     PID    Runtime      # DAGs    # Errors  Last Runtime    Last Run
----------------------------  -----  ---------  --------  ----------  --------------  -------------------
/opt/airflow/dags/airflow.py                           0           1  0.16s           2026-08-11T01:39:01
================================================================================
[2026-08-11T01:39:13.791+0000] {manager.py:755} INFO - Searching for files in /opt/airflow/dags
[2026-08-11T01:39:13.801+0000] {manager.py:758} INFO - There are 1 files in /opt/airflow/dags
[2026-08-11T01:39:34.090+0000] {manager.py:755} INFO - Searching for files in /opt/airflow/dags
[2026-08-11T01:39:34.096+0000] {manager.py:758} INFO - There are 1 files in /opt/airflow/dags
[2026-08-11T01:39:34.103+0000] {manager.py:887} INFO - 
================================================================================
DAG File Processing Stats

File Path                     PID    Runtime      # DAGs    # Errors  Last Runtime    Last Run
----------------------------  -----  ---------  --------  ----------  --------------  -------------------
/opt/airflow/dags/airflow.py                           0           1  0.17s           2026-08-11T01:39:15
================================================================================
[2026-08-11T01:39:54.268+0000] {manager.py:755} INFO - Searching for files in /opt/airflow/dags
[2026-08-11T01:39:54.271+0000] {manager.py:758} INFO - There are 1 files in /opt/airflow/dags
[2026-08-11T01:40:04.360+0000] {manager.py:887} INFO - 
================================================================================
DAG File Processing Stats

File Path                     PID    Runtime      # DAGs    # Errors  Last Runtime    Last Run
----------------------------  -----  ---------  --------  ----------  --------------  -------------------
/opt/airflow/dags/airflow.py                           0           1  0.16s           2026-08-11T01:39:46
================================================================================
[2026-08-11T01:40:14.424+0000] {manager.py:755} INFO - Searching for files in /opt/airflow/dags
[2026-08-11T01:40:14.432+0000] {manager.py:758} INFO - There are 1 files in /opt/airflow/dags
[2026-08-11T01:40:34.683+0000] {manager.py:755} INFO - Searching for files in /opt/airflow/dags
[2026-08-11T01:40:34.690+0000] {manager.py:758} INFO - There are 1 files in /opt/airflow/dags
[2026-08-11T01:40:34.699+0000] {manager.py:887} INFO - 
================================================================================
DAG File Processing Stats

File Path                     PID    Runtime      # DAGs    # Errors  Last Runtime    Last Run
----------------------------  -----  ---------  --------  ----------  --------------  -------------------
/opt/airflow/dags/airflow.py                           0           1  0.17s           2026-08-11T01:40:16
================================================================================
[2026-08-11T01:40:54.911+0000] {manager.py:755} INFO - Searching for files in /opt/airflow/dags
[2026-08-11T01:40:54.917+0000] {manager.py:758} INFO - There are 1 files in /opt/airflow/dags
[2026-08-11T01:41:05.008+0000] {manager.py:887} INFO - 
================================================================================
DAG File Processing Stats

File Path                     PID    Runtime      # DAGs    # Errors  Last Runtime    Last Run
----------------------------  -----  ---------  --------  ----------  --------------  -------------------
/opt/airflow/dags/airflow.py                           0           1  0.02s           2026-08-11T01:40:52
================================================================================
[2026-08-11T01:41:15.087+0000] {manager.py:755} INFO - Searching for files in /opt/airflow/dags
[2026-08-11T01:41:15.092+0000] {manager.py:758} INFO - There are 1 files in /opt/airflow/dags
[2026-08-11T01:41:35.263+0000] {manager.py:755} INFO - Searching for files in /opt/airflow/dags
[2026-08-11T01:41:35.269+0000] {manager.py:758} INFO - There are 1 files in /opt/airflow/dags
[2026-08-11T01:41:35.277+0000] {manager.py:887} INFO - 
================================================================================
DAG File Processing Stats

File Path                     PID    Runtime      # DAGs    # Errors  Last Runtime    Last Run
----------------------------  -----  ---------  --------  ----------  --------------  -------------------
/opt/airflow/dags/airflow.py                           0           1  0.02s           2026-08-11T01:41:23
================================================================================
[2026-08-11T01:41:55.421+0000] {manager.py:755} INFO - Searching for files in /opt/airflow/dags
[2026-08-11T01:41:55.427+0000] {manager.py:758} INFO - There are 1 files in /opt/airflow/dags
[2026-08-11T01:42:05.507+0000] {manager.py:887} INFO - 
================================================================================
DAG File Processing Stats

File Path                     PID    Runtime      # DAGs    # Errors  Last Runtime    Last Run
----------------------------  -----  ---------  --------  ----------  --------------  -------------------
/opt/airflow/dags/airflow.py                           0           1  0.03s           2026-08-11T01:41:53
================================================================================
[2026-08-11T01:42:15.586+0000] {manager.py:755} INFO - Searching for files in /opt/airflow/dags
[2026-08-11T01:42:15.595+0000] {manager.py:758} INFO - There are 1 files in /opt/airflow/dags
[2026-08-11T01:42:35.745+0000] {manager.py:755} INFO - Searching for files in /opt/airflow/dags
[2026-08-11T01:42:35.751+0000] {manager.py:758} INFO - There are 1 files in /opt/airflow/dags
[2026-08-11T01:42:35.755+0000] {manager.py:887} INFO - 
================================================================================
DAG File Processing Stats

File Path                     PID    Runtime      # DAGs    # Errors  Last Runtime    Last Run
----------------------------  -----  ---------  --------  ----------  --------------  -------------------
/opt/airflow/dags/airflow.py                           0           1  0.03s           2026-08-11T01:42:23
================================================================================
[2026-08-11T01:42:55.931+0000] {manager.py:755} INFO - Searching for files in /opt/airflow/dags
[2026-08-11T01:42:55.939+0000] {manager.py:758} INFO - There are 1 files in /opt/airflow/dags
[2026-08-11T01:43:06.033+0000] {manager.py:887} INFO - 
================================================================================
DAG File Processing Stats

File Path                     PID    Runtime      # DAGs    # Errors  Last Runtime    Last Run
----------------------------  -----  ---------  --------  ----------  --------------  -------------------
/opt/airflow/dags/airflow.py                           0           1  0.02s           2026-08-11T01:42:53
================================================================================
[2026-08-11T01:43:16.127+0000] {manager.py:755} INFO - Searching for files in /opt/airflow/dags
[2026-08-11T01:43:16.134+0000] {manager.py:758} INFO - There are 1 files in /opt/airflow/dags
[2026-08-11T01:43:36.302+0000] {manager.py:755} INFO - Searching for files in /opt/airflow/dags
[2026-08-11T01:43:36.309+0000] {manager.py:758} INFO - There are 1 files in /opt/airflow/dags
[2026-08-11T01:43:36.316+0000] {manager.py:887} INFO - 
================================================================================
DAG File Processing Stats

File Path                     PID    Runtime      # DAGs    # Errors  Last Runtime    Last Run
----------------------------  -----  ---------  --------  ----------  --------------  -------------------
/opt/airflow/dags/airflow.py                           0           1  0.02s           2026-08-11T01:43:24
================================================================================
[2026-08-11T01:43:56.515+0000] {manager.py:755} INFO - Searching for files in /opt/airflow/dags
[2026-08-11T01:43:56.522+0000] {manager.py:758} INFO - There are 1 files in /opt/airflow/dags
[2026-08-11T01:44:06.676+0000] {manager.py:887} INFO - 
================================================================================
DAG File Processing Stats

File Path                       PID  Runtime      # DAGs    # Errors  Last Runtime    Last Run
----------------------------  -----  ---------  --------  ----------  --------------  -------------------
/opt/airflow/dags/airflow.py   2306  0.00s             0           1  0.04s           2026-08-11T01:44:04
================================================================================
[2026-08-11T01:44:16.772+0000] {manager.py:755} INFO - Searching for files in /opt/airflow/dags
[2026-08-11T01:44:16.780+0000] {manager.py:758} INFO - There are 1 files in /opt/airflow/dags
[2026-08-11T01:44:36.945+0000] {manager.py:755} INFO - Searching for files in /opt/airflow/dags
[2026-08-11T01:44:36.950+0000] {manager.py:758} INFO - There are 1 files in /opt/airflow/dags
[2026-08-11T01:44:36.958+0000] {manager.py:887} INFO - 
================================================================================
DAG File Processing Stats

File Path                       PID  Runtime      # DAGs    # Errors  Last Runtime    Last Run
----------------------------  -----  ---------  --------  ----------  --------------  -------------------
/opt/airflow/dags/airflow.py   2313  0.00s             0           1  0.04s           2026-08-11T01:44:06
================================================================================
[2026-08-11T01:44:57.113+0000] {manager.py:755} INFO - Searching for files in /opt/airflow/dags
[2026-08-11T01:44:57.118+0000] {manager.py:758} INFO - There are 1 files in /opt/airflow/dags
[2026-08-11T01:45:07.230+0000] {manager.py:887} INFO - 
================================================================================
DAG File Processing Stats

File Path                       PID  Runtime      # DAGs    # Errors  Last Runtime    Last Run
----------------------------  -----  ---------  --------  ----------  --------------  -------------------
/opt/airflow/dags/airflow.py   2321  0.01s             0           1  0.02s           2026-08-11T01:44:36
================================================================================
[2026-08-11T01:45:17.329+0000] {manager.py:755} INFO - Searching for files in /opt/airflow/dags
[2026-08-11T01:45:17.336+0000] {manager.py:758} INFO - There are 1 files in /opt/airflow/dags
[2026-08-11T01:45:37.512+0000] {manager.py:755} INFO - Searching for files in /opt/airflow/dags
[2026-08-11T01:45:37.516+0000] {manager.py:758} INFO - There are 1 files in /opt/airflow/dags
[2026-08-11T01:45:37.523+0000] {manager.py:887} INFO - 
================================================================================
DAG File Processing Stats

File Path                       PID  Runtime      # DAGs    # Errors  Last Runtime    Last Run
----------------------------  -----  ---------  --------  ----------  --------------  -------------------
/opt/airflow/dags/airflow.py   2328  0.00s             0           1  0.04s           2026-08-11T01:45:07
================================================================================
[2026-08-11T01:45:57.728+0000] {manager.py:755} INFO - Searching for files in /opt/airflow/dags
[2026-08-11T01:45:57.732+0000] {manager.py:758} INFO - There are 1 files in /opt/airflow/dags
[2026-08-11T01:46:07.840+0000] {manager.py:887} INFO - 
================================================================================
DAG File Processing Stats

File Path                     PID    Runtime      # DAGs    # Errors  Last Runtime    Last Run
----------------------------  -----  ---------  --------  ----------  --------------  -------------------
/opt/airflow/dags/airflow.py                           0           1  0.03s           2026-08-11T01:46:02
================================================================================
[2026-08-11T01:46:17.942+0000] {manager.py:755} INFO - Searching for files in /opt/airflow/dags
[2026-08-11T01:46:17.948+0000] {manager.py:758} INFO - There are 1 files in /opt/airflow/dags
[2026-08-11T01:46:30.507+0000] {manager.py:469} INFO - Exiting gracefully upon receiving signal 15
[2026-08-11T01:47:13.376+0000] {manager.py:487} INFO - Processing files using up to 2 processes at a time 
[2026-08-11T01:47:13.376+0000] {manager.py:488} INFO - Process each file at most once every 30 seconds
[2026-08-11T01:47:13.376+0000] {manager.py:489} INFO - Checking for new files in /opt/airflow/dags every 20 seconds
[2026-08-11T01:47:13.376+0000] {manager.py:755} INFO - Searching for files in /opt/airflow/dags
[2026-08-11T01:47:13.378+0000] {manager.py:758} INFO - There are 1 files in /opt/airflow/dags
[2026-08-11T01:47:13.422+0000] {manager.py:887} INFO - 
================================================================================
DAG File Processing Stats

File Path                       PID  Runtime      # DAGs    # Errors  Last Runtime    Last Run
----------------------------  -----  ---------  --------  ----------  --------------  ----------
/opt/airflow/dags/airflow.py    106  0.03s             0           0
================================================================================
[2026-08-11T01:47:33.560+0000] {manager.py:755} INFO - Searching for files in /opt/airflow/dags
[2026-08-11T01:47:33.565+0000] {manager.py:758} INFO - There are 1 files in /opt/airflow/dags
[2026-08-11T01:47:43.700+0000] {manager.py:887} INFO - 
================================================================================
DAG File Processing Stats

File Path                     PID    Runtime      # DAGs    # Errors  Last Runtime    Last Run
----------------------------  -----  ---------  --------  ----------  --------------  -------------------
/opt/airflow/dags/airflow.py                           0           1  0.04s           2026-08-11T01:47:39
================================================================================
[2026-08-11T01:47:53.790+0000] {manager.py:755} INFO - Searching for files in /opt/airflow/dags
[2026-08-11T01:47:53.797+0000] {manager.py:758} INFO - There are 1 files in /opt/airflow/dags
[2026-08-11T01:48:13.991+0000] {manager.py:755} INFO - Searching for files in /opt/airflow/dags
[2026-08-11T01:48:13.995+0000] {manager.py:758} INFO - There are 1 files in /opt/airflow/dags
[2026-08-11T01:48:14.006+0000] {manager.py:887} INFO - 
================================================================================
DAG File Processing Stats

File Path                       PID  Runtime      # DAGs    # Errors  Last Runtime    Last Run
----------------------------  -----  ---------  --------  ----------  --------------  -------------------
/opt/airflow/dags/airflow.py    123  0.00s             0           1  0.04s           2026-08-11T01:47:44
================================================================================
[2026-08-11T01:48:28.282+0000] {manager.py:469} INFO - Exiting gracefully upon receiving signal 15
[2026-08-11T01:49:23.717+0000] {manager.py:487} INFO - Processing files using up to 2 processes at a time 
[2026-08-11T01:49:23.717+0000] {manager.py:488} INFO - Process each file at most once every 30 seconds
[2026-08-11T01:49:23.717+0000] {manager.py:489} INFO - Checking for new files in /opt/airflow/dags every 20 seconds
[2026-08-11T01:49:23.717+0000] {manager.py:755} INFO - Searching for files in /opt/airflow/dags
[2026-08-11T01:49:23.720+0000] {manager.py:758} INFO - There are 1 files in /opt/airflow/dags
[2026-08-11T01:49:23.778+0000] {manager.py:887} INFO - 
================================================================================
DAG File Processing Stats

File Path                       PID  Runtime      # DAGs    # Errors  Last Runtime    Last Run
----------------------------  -----  ---------  --------  ----------  --------------  ----------
/opt/airflow/dags/airflow.py    111  0.02s             0           0
================================================================================
[2026-08-11T01:49:43.917+0000] {manager.py:755} INFO - Searching for files in /opt/airflow/dags
[2026-08-11T01:49:43.924+0000] {manager.py:758} INFO - There are 1 files in /opt/airflow/dags
[2026-08-11T01:49:54.014+0000] {manager.py:887} INFO - 
================================================================================
DAG File Processing Stats

File Path                       PID  Runtime      # DAGs    # Errors  Last Runtime    Last Run
----------------------------  -----  ---------  --------  ----------  --------------  -------------------
/opt/airflow/dags/airflow.py    118  0.00s             0           1  0.23s           2026-08-11T01:49:23
================================================================================
[2026-08-11T01:50:04.094+0000] {manager.py:755} INFO - Searching for files in /opt/airflow/dags
[2026-08-11T01:50:04.101+0000] {manager.py:758} INFO - There are 1 files in /opt/airflow/dags
[2026-08-11T01:50:24.281+0000] {manager.py:755} INFO - Searching for files in /opt/airflow/dags
[2026-08-11T01:50:24.287+0000] {manager.py:758} INFO - There are 1 files in /opt/airflow/dags
[2026-08-11T01:50:24.299+0000] {manager.py:887} INFO - 
================================================================================
DAG File Processing Stats

File Path                       PID  Runtime      # DAGs    # Errors  Last Runtime    Last Run
----------------------------  -----  ---------  --------  ----------  --------------  -------------------
/opt/airflow/dags/airflow.py    125  0.00s             0           1  0.09s           2026-08-11T01:49:54
================================================================================
[2026-08-11T01:50:44.460+0000] {manager.py:755} INFO - Searching for files in /opt/airflow/dags
[2026-08-11T01:50:44.466+0000] {manager.py:758} INFO - There are 1 files in /opt/airflow/dags
[2026-08-11T01:50:54.561+0000] {manager.py:887} INFO - 
================================================================================
DAG File Processing Stats

File Path                       PID  Runtime      # DAGs    # Errors  Last Runtime    Last Run
----------------------------  -----  ---------  --------  ----------  --------------  -------------------
/opt/airflow/dags/airflow.py    132  0.01s             0           1  0.08s           2026-08-11T01:50:24
================================================================================
[2026-08-11T01:51:04.663+0000] {manager.py:755} INFO - Searching for files in /opt/airflow/dags
[2026-08-11T01:51:04.670+0000] {manager.py:758} INFO - There are 1 files in /opt/airflow/dags
[2026-08-11T01:51:24.827+0000] {manager.py:755} INFO - Searching for files in /opt/airflow/dags
[2026-08-11T01:51:24.834+0000] {manager.py:758} INFO - There are 1 files in /opt/airflow/dags
[2026-08-11T01:51:24.847+0000] {manager.py:887} INFO - 
================================================================================
DAG File Processing Stats

File Path                       PID  Runtime      # DAGs    # Errors  Last Runtime    Last Run
----------------------------  -----  ---------  --------  ----------  --------------  -------------------
/opt/airflow/dags/airflow.py    140  0.00s             0           1  0.09s           2026-08-11T01:50:54
================================================================================
[2026-08-11T01:51:45.047+0000] {manager.py:755} INFO - Searching for files in /opt/airflow/dags
[2026-08-11T01:51:45.054+0000] {manager.py:758} INFO - There are 1 files in /opt/airflow/dags
[2026-08-11T01:51:55.145+0000] {manager.py:887} INFO - 
================================================================================
DAG File Processing Stats

File Path                       PID  Runtime      # DAGs    # Errors  Last Runtime    Last Run
----------------------------  -----  ---------  --------  ----------  --------------  -------------------
/opt/airflow/dags/airflow.py    147  0.00s             0           1  0.08s           2026-08-11T01:51:24
================================================================================
[2026-08-11T01:52:05.234+0000] {manager.py:755} INFO - Searching for files in /opt/airflow/dags
[2026-08-11T01:52:05.241+0000] {manager.py:758} INFO - There are 1 files in /opt/airflow/dags
[2026-08-11T01:52:25.412+0000] {manager.py:755} INFO - Searching for files in /opt/airflow/dags
[2026-08-11T01:52:25.415+0000] {manager.py:758} INFO - There are 1 files in /opt/airflow/dags
[2026-08-11T01:52:25.421+0000] {manager.py:887} INFO - 
================================================================================
DAG File Processing Stats

File Path                       PID  Runtime      # DAGs    # Errors  Last Runtime    Last Run
----------------------------  -----  ---------  --------  ----------  --------------  -------------------
/opt/airflow/dags/airflow.py    154  0.00s             0           1  0.08s           2026-08-11T01:51:55
================================================================================
[2026-08-11T01:52:45.603+0000] {manager.py:755} INFO - Searching for files in /opt/airflow/dags
[2026-08-11T01:52:45.610+0000] {manager.py:758} INFO - There are 1 files in /opt/airflow/dags
[2026-08-11T01:52:55.721+0000] {manager.py:887} INFO - 
================================================================================
DAG File Processing Stats

File Path                       PID  Runtime      # DAGs    # Errors  Last Runtime    Last Run
----------------------------  -----  ---------  --------  ----------  --------------  -------------------
/opt/airflow/dags/airflow.py    161  0.01s             0           1  0.07s           2026-08-11T01:52:25
================================================================================
[2026-08-11T01:53:05.806+0000] {manager.py:755} INFO - Searching for files in /opt/airflow/dags
[2026-08-11T01:53:05.813+0000] {manager.py:758} INFO - There are 1 files in /opt/airflow/dags
[2026-08-11T01:53:26.001+0000] {manager.py:755} INFO - Searching for files in /opt/airflow/dags
[2026-08-11T01:53:26.005+0000] {manager.py:758} INFO - There are 1 files in /opt/airflow/dags
[2026-08-11T01:53:26.013+0000] {manager.py:887} INFO - 
================================================================================
DAG File Processing Stats

File Path                       PID  Runtime      # DAGs    # Errors  Last Runtime    Last Run
----------------------------  -----  ---------  --------  ----------  --------------  -------------------
/opt/airflow/dags/airflow.py    168  0.00s             0           1  0.09s           2026-08-11T01:52:55
================================================================================
[2026-08-11T01:53:46.187+0000] {manager.py:755} INFO - Searching for files in /opt/airflow/dags
[2026-08-11T01:53:46.191+0000] {manager.py:758} INFO - There are 1 files in /opt/airflow/dags
[2026-08-11T01:53:56.279+0000] {manager.py:887} INFO - 
================================================================================
DAG File Processing Stats

File Path                       PID  Runtime      # DAGs    # Errors  Last Runtime    Last Run
----------------------------  -----  ---------  --------  ----------  --------------  -------------------
/opt/airflow/dags/airflow.py    175  0.00s             0           1  0.07s           2026-08-11T01:53:26
================================================================================
[2026-08-11T01:54:06.387+0000] {manager.py:755} INFO - Searching for files in /opt/airflow/dags
[2026-08-11T01:54:06.394+0000] {manager.py:758} INFO - There are 1 files in /opt/airflow/dags
[2026-08-11T01:54:26.600+0000] {manager.py:755} INFO - Searching for files in /opt/airflow/dags
[2026-08-11T01:54:26.608+0000] {manager.py:758} INFO - There are 1 files in /opt/airflow/dags
[2026-08-11T01:54:26.619+0000] {manager.py:887} INFO - 
================================================================================
DAG File Processing Stats

File Path                       PID  Runtime      # DAGs    # Errors  Last Runtime    Last Run
----------------------------  -----  ---------  --------  ----------  --------------  -------------------
/opt/airflow/dags/airflow.py    182  0.00s             0           1  0.08s           2026-08-11T01:53:56
================================================================================
[2026-08-11T01:54:46.802+0000] {manager.py:755} INFO - Searching for files in /opt/airflow/dags
[2026-08-11T01:54:46.810+0000] {manager.py:758} INFO - There are 1 files in /opt/airflow/dags
[2026-08-11T01:54:56.920+0000] {manager.py:887} INFO - 
================================================================================
DAG File Processing Stats

File Path                       PID  Runtime      # DAGs    # Errors  Last Runtime    Last Run
----------------------------  -----  ---------  --------  ----------  --------------  -------------------
/opt/airflow/dags/airflow.py    189  0.00s             0           1  0.08s           2026-08-11T01:54:26
================================================================================
[2026-08-11T01:55:07.034+0000] {manager.py:755} INFO - Searching for files in /opt/airflow/dags
[2026-08-11T01:55:07.040+0000] {manager.py:758} INFO - There are 1 files in /opt/airflow/dags
[2026-08-11T01:55:27.236+0000] {manager.py:755} INFO - Searching for files in /opt/airflow/dags
[2026-08-11T01:55:27.240+0000] {manager.py:758} INFO - There are 1 files in /opt/airflow/dags
[2026-08-11T01:55:27.248+0000] {manager.py:887} INFO - 
================================================================================
DAG File Processing Stats

File Path                       PID  Runtime      # DAGs    # Errors  Last Runtime    Last Run
----------------------------  -----  ---------  --------  ----------  --------------  -------------------
/opt/airflow/dags/airflow.py    196  0.00s             0           1  0.10s           2026-08-11T01:54:57
================================================================================
[2026-08-11T01:55:47.421+0000] {manager.py:755} INFO - Searching for files in /opt/airflow/dags
[2026-08-11T01:55:47.426+0000] {manager.py:758} INFO - There are 1 files in /opt/airflow/dags
[2026-08-11T01:55:57.532+0000] {manager.py:887} INFO - 
================================================================================
DAG File Processing Stats

File Path                       PID  Runtime      # DAGs    # Errors  Last Runtime    Last Run
----------------------------  -----  ---------  --------  ----------  --------------  -------------------
/opt/airflow/dags/airflow.py    203  0.01s             0           1  0.07s           2026-08-11T01:55:27
================================================================================
[2026-08-11T01:56:07.630+0000] {manager.py:755} INFO - Searching for files in /opt/airflow/dags
[2026-08-11T01:56:07.634+0000] {manager.py:758} INFO - There are 1 files in /opt/airflow/dags
[2026-08-11T01:56:27.864+0000] {manager.py:755} INFO - Searching for files in /opt/airflow/dags
[2026-08-11T01:56:27.870+0000] {manager.py:758} INFO - There are 1 files in /opt/airflow/dags
[2026-08-11T01:56:27.883+0000] {manager.py:887} INFO - 
================================================================================
DAG File Processing Stats

File Path                       PID  Runtime      # DAGs    # Errors  Last Runtime    Last Run
----------------------------  -----  ---------  --------  ----------  --------------  -------------------
/opt/airflow/dags/airflow.py    210  0.00s             0           1  0.09s           2026-08-11T01:55:57
================================================================================
[2026-08-11T01:56:48.072+0000] {manager.py:755} INFO - Searching for files in /opt/airflow/dags
[2026-08-11T01:56:48.080+0000] {manager.py:758} INFO - There are 1 files in /opt/airflow/dags
[2026-08-11T01:56:58.210+0000] {manager.py:887} INFO - 
================================================================================
DAG File Processing Stats

File Path                       PID  Runtime      # DAGs    # Errors  Last Runtime    Last Run
----------------------------  -----  ---------  --------  ----------  --------------  -------------------
/opt/airflow/dags/airflow.py    217  0.01s             0           1  0.09s           2026-08-11T01:56:27
================================================================================
[2026-08-11T01:57:08.361+0000] {manager.py:755} INFO - Searching for files in /opt/airflow/dags
[2026-08-11T01:57:08.368+0000] {manager.py:758} INFO - There are 1 files in /opt/airflow/dags
[2026-08-11T01:57:28.544+0000] {manager.py:755} INFO - Searching for files in /opt/airflow/dags
[2026-08-11T01:57:28.549+0000] {manager.py:758} INFO - There are 1 files in /opt/airflow/dags
[2026-08-11T01:57:28.559+0000] {manager.py:887} INFO - 
================================================================================
DAG File Processing Stats

File Path                       PID  Runtime      # DAGs    # Errors  Last Runtime    Last Run
----------------------------  -----  ---------  --------  ----------  --------------  -------------------
/opt/airflow/dags/airflow.py    224  0.00s             0           1  0.10s           2026-08-11T01:56:58
================================================================================
[2026-08-11T01:57:48.762+0000] {manager.py:755} INFO - Searching for files in /opt/airflow/dags
[2026-08-11T01:57:48.769+0000] {manager.py:758} INFO - There are 1 files in /opt/airflow/dags
[2026-08-11T01:57:58.915+0000] {manager.py:887} INFO - 
================================================================================
DAG File Processing Stats

File Path                       PID  Runtime      # DAGs    # Errors  Last Runtime    Last Run
----------------------------  -----  ---------  --------  ----------  --------------  -------------------
/opt/airflow/dags/airflow.py    231  0.01s             0           1  0.07s           2026-08-11T01:57:28
================================================================================
[2026-08-11T01:58:09.022+0000] {manager.py:755} INFO - Searching for files in /opt/airflow/dags
[2026-08-11T01:58:09.028+0000] {manager.py:758} INFO - There are 1 files in /opt/airflow/dags
[2026-08-11T01:58:29.250+0000] {manager.py:755} INFO - Searching for files in /opt/airflow/dags
[2026-08-11T01:58:29.256+0000] {manager.py:758} INFO - There are 1 files in /opt/airflow/dags
[2026-08-11T01:58:29.269+0000] {manager.py:887} INFO - 
================================================================================
DAG File Processing Stats

File Path                       PID  Runtime      # DAGs    # Errors  Last Runtime    Last Run
----------------------------  -----  ---------  --------  ----------  --------------  -------------------
/opt/airflow/dags/airflow.py    238  0.00s             0           1  0.09s           2026-08-11T01:57:58
================================================================================
[2026-08-11T01:58:49.482+0000] {manager.py:755} INFO - Searching for files in /opt/airflow/dags
[2026-08-11T01:58:49.490+0000] {manager.py:758} INFO - There are 1 files in /opt/airflow/dags
[2026-08-11T01:58:59.597+0000] {manager.py:887} INFO - 
================================================================================
DAG File Processing Stats

File Path                       PID  Runtime      # DAGs    # Errors  Last Runtime    Last Run
----------------------------  -----  ---------  --------  ----------  --------------  -------------------
/opt/airflow/dags/airflow.py    245  0.01s             0           1  0.08s           2026-08-11T01:58:29
================================================================================
[2026-08-11T01:59:09.696+0000] {manager.py:755} INFO - Searching for files in /opt/airflow/dags
[2026-08-11T01:59:09.702+0000] {manager.py:758} INFO - There are 1 files in /opt/airflow/dags
[2026-08-11T01:59:29.927+0000] {manager.py:755} INFO - Searching for files in /opt/airflow/dags
[2026-08-11T01:59:29.932+0000] {manager.py:758} INFO - There are 1 files in /opt/airflow/dags
[2026-08-11T01:59:29.943+0000] {manager.py:887} INFO - 
================================================================================
DAG File Processing Stats

File Path                       PID  Runtime      # DAGs    # Errors  Last Runtime    Last Run
----------------------------  -----  ---------  --------  ----------  --------------  -------------------
/opt/airflow/dags/airflow.py    253  0.00s             0           1  0.09s           2026-08-11T01:58:59
================================================================================
[2026-08-11T01:59:50.132+0000] {manager.py:755} INFO - Searching for files in /opt/airflow/dags
[2026-08-11T01:59:50.139+0000] {manager.py:758} INFO - There are 1 files in /opt/airflow/dags
[2026-08-11T02:00:00.271+0000] {manager.py:887} INFO - 
================================================================================
DAG File Processing Stats

File Path                       PID  Runtime      # DAGs    # Errors  Last Runtime    Last Run
----------------------------  -----  ---------  --------  ----------  --------------  -------------------
/opt/airflow/dags/airflow.py    260  0.00s             0           1  0.08s           2026-08-11T01:59:30
================================================================================
[2026-08-11T02:00:10.374+0000] {manager.py:755} INFO - Searching for files in /opt/airflow/dags
[2026-08-11T02:00:10.378+0000] {manager.py:758} INFO - There are 1 files in /opt/airflow/dags
[2026-08-11T02:00:30.601+0000] {manager.py:755} INFO - Searching for files in /opt/airflow/dags
[2026-08-11T02:00:30.605+0000] {manager.py:758} INFO - There are 1 files in /opt/airflow/dags
[2026-08-11T02:00:30.622+0000] {manager.py:887} INFO - 
================================================================================
DAG File Processing Stats

File Path                       PID  Runtime      # DAGs    # Errors  Last Runtime    Last Run
----------------------------  -----  ---------  --------  ----------  --------------  -------------------
/opt/airflow/dags/airflow.py    267  0.01s             0           1  0.10s           2026-08-11T02:00:00
================================================================================
[2026-08-11T02:00:50.819+0000] {manager.py:755} INFO - Searching for files in /opt/airflow/dags
[2026-08-11T02:00:50.827+0000] {manager.py:758} INFO - There are 1 files in /opt/airflow/dags
[2026-08-11T02:01:00.938+0000] {manager.py:887} INFO - 
================================================================================
DAG File Processing Stats

File Path                       PID  Runtime      # DAGs    # Errors  Last Runtime    Last Run
----------------------------  -----  ---------  --------  ----------  --------------  -------------------
/opt/airflow/dags/airflow.py    274  0.01s             0           1  0.09s           2026-08-11T02:00:30
================================================================================
[2026-08-11T02:01:11.031+0000] {manager.py:755} INFO - Searching for files in /opt/airflow/dags
[2026-08-11T02:01:11.037+0000] {manager.py:758} INFO - There are 1 files in /opt/airflow/dags
[2026-08-11T02:01:31.225+0000] {manager.py:755} INFO - Searching for files in /opt/airflow/dags
[2026-08-11T02:01:31.231+0000] {manager.py:758} INFO - There are 1 files in /opt/airflow/dags
[2026-08-11T02:01:31.242+0000] {manager.py:887} INFO - 
================================================================================
DAG File Processing Stats

File Path                       PID  Runtime      # DAGs    # Errors  Last Runtime    Last Run
----------------------------  -----  ---------  --------  ----------  --------------  -------------------
/opt/airflow/dags/airflow.py    281  0.00s             0           1  0.09s           2026-08-11T02:01:01
================================================================================
[2026-08-11T02:01:51.405+0000] {manager.py:755} INFO - Searching for files in /opt/airflow/dags
[2026-08-11T02:01:51.411+0000] {manager.py:758} INFO - There are 1 files in /opt/airflow/dags
[2026-08-11T02:02:01.517+0000] {manager.py:887} INFO - 
================================================================================
DAG File Processing Stats

File Path                       PID  Runtime      # DAGs    # Errors  Last Runtime    Last Run
----------------------------  -----  ---------  --------  ----------  --------------  -------------------
/opt/airflow/dags/airflow.py    289  0.01s             0           1  0.08s           2026-08-11T02:01:31
================================================================================
[2026-08-11T02:02:11.616+0000] {manager.py:755} INFO - Searching for files in /opt/airflow/dags
[2026-08-11T02:02:11.619+0000] {manager.py:758} INFO - There are 1 files in /opt/airflow/dags
[2026-08-11T02:02:31.822+0000] {manager.py:755} INFO - Searching for files in /opt/airflow/dags
[2026-08-11T02:02:31.826+0000] {manager.py:758} INFO - There are 1 files in /opt/airflow/dags
[2026-08-11T02:02:31.837+0000] {manager.py:887} INFO - 
================================================================================
DAG File Processing Stats

File Path                       PID  Runtime      # DAGs    # Errors  Last Runtime    Last Run
----------------------------  -----  ---------  --------  ----------  --------------  -------------------
/opt/airflow/dags/airflow.py    296  0.00s             0           1  0.09s           2026-08-11T02:02:01
================================================================================
[2026-08-11T02:02:52.032+0000] {manager.py:755} INFO - Searching for files in /opt/airflow/dags
[2026-08-11T02:02:52.039+0000] {manager.py:758} INFO - There are 1 files in /opt/airflow/dags
[2026-08-11T02:03:02.155+0000] {manager.py:887} INFO - 
================================================================================
DAG File Processing Stats

File Path                       PID  Runtime      # DAGs    # Errors  Last Runtime    Last Run
----------------------------  -----  ---------  --------  ----------  --------------  -------------------
/opt/airflow/dags/airflow.py    303  0.01s             0           1  0.08s           2026-08-11T02:02:31
================================================================================
[2026-08-11T02:03:12.260+0000] {manager.py:755} INFO - Searching for files in /opt/airflow/dags
[2026-08-11T02:03:12.267+0000] {manager.py:758} INFO - There are 1 files in /opt/airflow/dags
[2026-08-11T02:03:32.479+0000] {manager.py:755} INFO - Searching for files in /opt/airflow/dags
[2026-08-11T02:03:32.484+0000] {manager.py:758} INFO - There are 1 files in /opt/airflow/dags
[2026-08-11T02:03:32.498+0000] {manager.py:887} INFO - 
================================================================================
DAG File Processing Stats

File Path                       PID  Runtime      # DAGs    # Errors  Last Runtime    Last Run
----------------------------  -----  ---------  --------  ----------  --------------  -------------------
/opt/airflow/dags/airflow.py    310  0.00s             0           1  0.09s           2026-08-11T02:03:02
================================================================================
[2026-08-11T02:03:52.691+0000] {manager.py:755} INFO - Searching for files in /opt/airflow/dags
[2026-08-11T02:03:52.699+0000] {manager.py:758} INFO - There are 1 files in /opt/airflow/dags
[2026-08-11T02:04:02.825+0000] {manager.py:887} INFO - 
================================================================================
DAG File Processing Stats

File Path                       PID  Runtime      # DAGs    # Errors  Last Runtime    Last Run
----------------------------  -----  ---------  --------  ----------  --------------  -------------------
/opt/airflow/dags/airflow.py    317  0.01s             0           1  0.09s           2026-08-11T02:03:32
================================================================================
[2026-08-11T02:04:12.927+0000] {manager.py:755} INFO - Searching for files in /opt/airflow/dags
[2026-08-11T02:04:12.935+0000] {manager.py:758} INFO - There are 1 files in /opt/airflow/dags
[2026-08-11T02:04:33.132+0000] {manager.py:755} INFO - Searching for files in /opt/airflow/dags
[2026-08-11T02:04:33.139+0000] {manager.py:758} INFO - There are 1 files in /opt/airflow/dags
[2026-08-11T02:04:33.152+0000] {manager.py:887} INFO - 
================================================================================
DAG File Processing Stats

File Path                       PID  Runtime      # DAGs    # Errors  Last Runtime    Last Run
----------------------------  -----  ---------  --------  ----------  --------------  -------------------
/opt/airflow/dags/airflow.py    324  0.00s             0           1  0.09s           2026-08-11T02:04:02
================================================================================
[2026-08-11T02:04:53.352+0000] {manager.py:755} INFO - Searching for files in /opt/airflow/dags
[2026-08-11T02:04:53.359+0000] {manager.py:758} INFO - There are 1 files in /opt/airflow/dags
[2026-08-11T02:05:03.467+0000] {manager.py:887} INFO - 
================================================================================
DAG File Processing Stats

File Path                       PID  Runtime      # DAGs    # Errors  Last Runtime    Last Run
----------------------------  -----  ---------  --------  ----------  --------------  -------------------
/opt/airflow/dags/airflow.py    332  0.01s             0           1  0.08s           2026-08-11T02:04:33
================================================================================
[2026-08-11T02:05:13.584+0000] {manager.py:755} INFO - Searching for files in /opt/airflow/dags
[2026-08-11T02:05:13.591+0000] {manager.py:758} INFO - There are 1 files in /opt/airflow/dags
[2026-08-11T02:05:33.844+0000] {manager.py:755} INFO - Searching for files in /opt/airflow/dags
[2026-08-11T02:05:33.849+0000] {manager.py:758} INFO - There are 1 files in /opt/airflow/dags
[2026-08-11T02:05:33.863+0000] {manager.py:887} INFO - 
================================================================================
DAG File Processing Stats

File Path                       PID  Runtime      # DAGs    # Errors  Last Runtime    Last Run
----------------------------  -----  ---------  --------  ----------  --------------  -------------------
/opt/airflow/dags/airflow.py    339  0.01s             0           1  0.09s           2026-08-11T02:05:03
================================================================================
[2026-08-11T02:05:54.081+0000] {manager.py:755} INFO - Searching for files in /opt/airflow/dags
[2026-08-11T02:05:54.090+0000] {manager.py:758} INFO - There are 1 files in /opt/airflow/dags
[2026-08-11T02:06:04.214+0000] {manager.py:887} INFO - 
================================================================================
DAG File Processing Stats

File Path                       PID  Runtime      # DAGs    # Errors  Last Runtime    Last Run
----------------------------  -----  ---------  --------  ----------  --------------  -------------------
/opt/airflow/dags/airflow.py    346  0.01s             0           1  0.08s           2026-08-11T02:05:33
================================================================================
[2026-08-11T02:06:14.317+0000] {manager.py:755} INFO - Searching for files in /opt/airflow/dags
[2026-08-11T02:06:14.322+0000] {manager.py:758} INFO - There are 1 files in /opt/airflow/dags
[2026-08-11T02:06:34.484+0000] {manager.py:755} INFO - Searching for files in /opt/airflow/dags
[2026-08-11T02:06:34.488+0000] {manager.py:758} INFO - There are 1 files in /opt/airflow/dags
[2026-08-11T02:06:34.498+0000] {manager.py:887} INFO - 
================================================================================
DAG File Processing Stats

File Path                       PID  Runtime      # DAGs    # Errors  Last Runtime    Last Run
----------------------------  -----  ---------  --------  ----------  --------------  -------------------
/opt/airflow/dags/airflow.py    353  0.00s             0           1  0.11s           2026-08-11T02:06:04
================================================================================
[2026-08-11T02:06:54.734+0000] {manager.py:755} INFO - Searching for files in /opt/airflow/dags
[2026-08-11T02:06:54.742+0000] {manager.py:758} INFO - There are 1 files in /opt/airflow/dags
[2026-08-11T02:07:04.876+0000] {manager.py:887} INFO - 
================================================================================
DAG File Processing Stats

File Path                       PID  Runtime      # DAGs    # Errors  Last Runtime    Last Run
----------------------------  -----  ---------  --------  ----------  --------------  -------------------
/opt/airflow/dags/airflow.py    360  0.01s             0           1  0.08s           2026-08-11T02:06:34
================================================================================
[2026-08-11T02:07:14.980+0000] {manager.py:755} INFO - Searching for files in /opt/airflow/dags
[2026-08-11T02:07:14.983+0000] {manager.py:758} INFO - There are 1 files in /opt/airflow/dags
[2026-08-11T02:07:35.183+0000] {manager.py:755} INFO - Searching for files in /opt/airflow/dags
[2026-08-11T02:07:35.189+0000] {manager.py:758} INFO - There are 1 files in /opt/airflow/dags
[2026-08-11T02:07:35.204+0000] {manager.py:887} INFO - 
================================================================================
DAG File Processing Stats

File Path                       PID  Runtime      # DAGs    # Errors  Last Runtime    Last Run
----------------------------  -----  ---------  --------  ----------  --------------  -------------------
/opt/airflow/dags/airflow.py    367  0.01s             0           1  0.10s           2026-08-11T02:07:04
================================================================================
[2026-08-11T02:07:55.370+0000] {manager.py:755} INFO - Searching for files in /opt/airflow/dags
[2026-08-11T02:07:55.377+0000] {manager.py:758} INFO - There are 1 files in /opt/airflow/dags
[2026-08-11T02:08:05.477+0000] {manager.py:887} INFO - 
================================================================================
DAG File Processing Stats

File Path                       PID  Runtime      # DAGs    # Errors  Last Runtime    Last Run
----------------------------  -----  ---------  --------  ----------  --------------  -------------------
/opt/airflow/dags/airflow.py    374  0.01s             0           1  0.10s           2026-08-11T02:07:35
================================================================================
[2026-08-11T02:08:15.610+0000] {manager.py:755} INFO - Searching for files in /opt/airflow/dags
[2026-08-11T02:08:15.616+0000] {manager.py:758} INFO - There are 1 files in /opt/airflow/dags
[2026-08-11T02:08:35.798+0000] {manager.py:755} INFO - Searching for files in /opt/airflow/dags
[2026-08-11T02:08:35.802+0000] {manager.py:758} INFO - There are 1 files in /opt/airflow/dags
[2026-08-11T02:08:35.809+0000] {manager.py:887} INFO - 
================================================================================
DAG File Processing Stats

File Path                       PID  Runtime      # DAGs    # Errors  Last Runtime    Last Run
----------------------------  -----  ---------  --------  ----------  --------------  -------------------
/opt/airflow/dags/airflow.py    381  0.00s             0           1  0.10s           2026-08-11T02:08:05
================================================================================
[2026-08-11T02:08:55.980+0000] {manager.py:755} INFO - Searching for files in /opt/airflow/dags
[2026-08-11T02:08:55.984+0000] {manager.py:758} INFO - There are 1 files in /opt/airflow/dags
[2026-08-11T02:09:06.110+0000] {manager.py:887} INFO - 
================================================================================
DAG File Processing Stats

File Path                       PID  Runtime      # DAGs    # Errors  Last Runtime    Last Run
----------------------------  -----  ---------  --------  ----------  --------------  -------------------
/opt/airflow/dags/airflow.py    389  0.01s             0           1  0.24s           2026-08-11T02:08:36
================================================================================
[2026-08-11T02:09:16.222+0000] {manager.py:755} INFO - Searching for files in /opt/airflow/dags
[2026-08-11T02:09:16.228+0000] {manager.py:758} INFO - There are 1 files in /opt/airflow/dags
[2026-08-11T02:09:36.422+0000] {manager.py:755} INFO - Searching for files in /opt/airflow/dags
[2026-08-11T02:09:36.428+0000] {manager.py:758} INFO - There are 1 files in /opt/airflow/dags
[2026-08-11T02:09:36.446+0000] {manager.py:887} INFO - 
================================================================================
DAG File Processing Stats

File Path                       PID  Runtime      # DAGs    # Errors  Last Runtime    Last Run
----------------------------  -----  ---------  --------  ----------  --------------  -------------------
/opt/airflow/dags/airflow.py    395  0.01s             0           1  0.09s           2026-08-11T02:09:06
================================================================================
[2026-08-11T02:09:56.632+0000] {manager.py:755} INFO - Searching for files in /opt/airflow/dags
[2026-08-11T02:09:56.641+0000] {manager.py:758} INFO - There are 1 files in /opt/airflow/dags
[2026-08-11T02:10:06.772+0000] {manager.py:887} INFO - 
================================================================================
DAG File Processing Stats

File Path                       PID  Runtime      # DAGs    # Errors  Last Runtime    Last Run
----------------------------  -----  ---------  --------  ----------  --------------  -------------------
/opt/airflow/dags/airflow.py    402  0.00s             0           1  0.17s           2026-08-11T02:09:36
================================================================================
[2026-08-11T02:10:16.886+0000] {manager.py:755} INFO - Searching for files in /opt/airflow/dags
[2026-08-11T02:10:16.893+0000] {manager.py:758} INFO - There are 1 files in /opt/airflow/dags
[2026-08-11T02:10:37.121+0000] {manager.py:755} INFO - Searching for files in /opt/airflow/dags
[2026-08-11T02:10:37.128+0000] {manager.py:758} INFO - There are 1 files in /opt/airflow/dags
[2026-08-11T02:10:37.142+0000] {manager.py:887} INFO - 
================================================================================
DAG File Processing Stats

File Path                       PID  Runtime      # DAGs    # Errors  Last Runtime    Last Run
----------------------------  -----  ---------  --------  ----------  --------------  -------------------
/opt/airflow/dags/airflow.py    409  0.00s             0           1  0.08s           2026-08-11T02:10:06
================================================================================
[2026-08-11T02:10:57.348+0000] {manager.py:755} INFO - Searching for files in /opt/airflow/dags
[2026-08-11T02:10:57.356+0000] {manager.py:758} INFO - There are 1 files in /opt/airflow/dags
[2026-08-11T02:11:07.480+0000] {manager.py:887} INFO - 
================================================================================
DAG File Processing Stats

File Path                       PID  Runtime      # DAGs    # Errors  Last Runtime    Last Run
----------------------------  -----  ---------  --------  ----------  --------------  -------------------
/opt/airflow/dags/airflow.py    416  0.00s             0           1  0.09s           2026-08-11T02:10:37
================================================================================
[2026-08-11T02:11:17.581+0000] {manager.py:755} INFO - Searching for files in /opt/airflow/dags
[2026-08-11T02:11:17.585+0000] {manager.py:758} INFO - There are 1 files in /opt/airflow/dags
[2026-08-11T02:11:37.790+0000] {manager.py:755} INFO - Searching for files in /opt/airflow/dags
[2026-08-11T02:11:37.794+0000] {manager.py:758} INFO - There are 1 files in /opt/airflow/dags
[2026-08-11T02:11:37.810+0000] {manager.py:887} INFO - 
================================================================================
DAG File Processing Stats

File Path                       PID  Runtime      # DAGs    # Errors  Last Runtime    Last Run
----------------------------  -----  ---------  --------  ----------  --------------  -------------------
/opt/airflow/dags/airflow.py    423  0.01s             0           1  0.17s           2026-08-11T02:11:07
================================================================================
[2026-08-11T02:11:58.015+0000] {manager.py:755} INFO - Searching for files in /opt/airflow/dags
[2026-08-11T02:11:58.023+0000] {manager.py:758} INFO - There are 1 files in /opt/airflow/dags
[2026-08-11T02:12:08.115+0000] {manager.py:887} INFO - 
================================================================================
DAG File Processing Stats

File Path                       PID  Runtime      # DAGs    # Errors  Last Runtime    Last Run
----------------------------  -----  ---------  --------  ----------  --------------  -------------------
/opt/airflow/dags/airflow.py    430  0.00s             0           1  0.10s           2026-08-11T02:11:37
================================================================================
[2026-08-11T02:12:18.221+0000] {manager.py:755} INFO - Searching for files in /opt/airflow/dags
[2026-08-11T02:12:18.227+0000] {manager.py:758} INFO - There are 1 files in /opt/airflow/dags
[2026-08-11T02:12:38.428+0000] {manager.py:755} INFO - Searching for files in /opt/airflow/dags
[2026-08-11T02:12:38.433+0000] {manager.py:758} INFO - There are 1 files in /opt/airflow/dags
[2026-08-11T02:12:38.446+0000] {manager.py:887} INFO - 
================================================================================
DAG File Processing Stats

File Path                       PID  Runtime      # DAGs    # Errors  Last Runtime    Last Run
----------------------------  -----  ---------  --------  ----------  --------------  -------------------
/opt/airflow/dags/airflow.py    437  0.00s             0           1  0.16s           2026-08-11T02:12:08
================================================================================
[2026-08-11T02:12:58.635+0000] {manager.py:755} INFO - Searching for files in /opt/airflow/dags
[2026-08-11T02:12:58.638+0000] {manager.py:758} INFO - There are 1 files in /opt/airflow/dags
[2026-08-11T02:13:08.757+0000] {manager.py:887} INFO - 
================================================================================
DAG File Processing Stats

File Path                       PID  Runtime      # DAGs    # Errors  Last Runtime    Last Run
----------------------------  -----  ---------  --------  ----------  --------------  -------------------
/opt/airflow/dags/airflow.py    445  0.00s             0           1  0.09s           2026-08-11T02:12:38
================================================================================
[2026-08-11T02:13:18.889+0000] {manager.py:755} INFO - Searching for files in /opt/airflow/dags
[2026-08-11T02:13:18.895+0000] {manager.py:758} INFO - There are 1 files in /opt/airflow/dags
[2026-08-11T02:13:39.092+0000] {manager.py:755} INFO - Searching for files in /opt/airflow/dags
[2026-08-11T02:13:39.098+0000] {manager.py:758} INFO - There are 1 files in /opt/airflow/dags
[2026-08-11T02:13:39.109+0000] {manager.py:887} INFO - 
================================================================================
DAG File Processing Stats

File Path                       PID  Runtime      # DAGs    # Errors  Last Runtime    Last Run
----------------------------  -----  ---------  --------  ----------  --------------  -------------------
/opt/airflow/dags/airflow.py    452  0.00s             0           1  0.09s           2026-08-11T02:13:08
================================================================================
[2026-08-11T02:13:59.331+0000] {manager.py:755} INFO - Searching for files in /opt/airflow/dags
[2026-08-11T02:13:59.335+0000] {manager.py:758} INFO - There are 1 files in /opt/airflow/dags
[2026-08-11T02:14:09.430+0000] {manager.py:887} INFO - 
================================================================================
DAG File Processing Stats

File Path                       PID  Runtime      # DAGs    # Errors  Last Runtime    Last Run
----------------------------  -----  ---------  --------  ----------  --------------  -------------------
/opt/airflow/dags/airflow.py    459  0.00s             0           1  0.14s           2026-08-11T02:13:39
================================================================================
[2026-08-11T02:14:19.517+0000] {manager.py:755} INFO - Searching for files in /opt/airflow/dags
[2026-08-11T02:14:19.523+0000] {manager.py:758} INFO - There are 1 files in /opt/airflow/dags
[2026-08-11T02:14:39.697+0000] {manager.py:755} INFO - Searching for files in /opt/airflow/dags
[2026-08-11T02:14:39.702+0000] {manager.py:758} INFO - There are 1 files in /opt/airflow/dags
[2026-08-11T02:14:39.713+0000] {manager.py:887} INFO - 
================================================================================
DAG File Processing Stats

File Path                       PID  Runtime      # DAGs    # Errors  Last Runtime    Last Run
----------------------------  -----  ---------  --------  ----------  --------------  -------------------
/opt/airflow/dags/airflow.py    466  0.00s             0           1  0.08s           2026-08-11T02:14:09
================================================================================
[2026-08-11T02:14:59.941+0000] {manager.py:755} INFO - Searching for files in /opt/airflow/dags
[2026-08-11T02:14:59.948+0000] {manager.py:758} INFO - There are 1 files in /opt/airflow/dags
[2026-08-11T02:15:10.038+0000] {manager.py:887} INFO - 
================================================================================
DAG File Processing Stats

File Path                       PID  Runtime      # DAGs    # Errors  Last Runtime    Last Run
----------------------------  -----  ---------  --------  ----------  --------------  -------------------
/opt/airflow/dags/airflow.py    473  0.00s             0           1  0.14s           2026-08-11T02:14:39
================================================================================
[2026-08-11T02:15:20.159+0000] {manager.py:755} INFO - Searching for files in /opt/airflow/dags
[2026-08-11T02:15:20.166+0000] {manager.py:758} INFO - There are 1 files in /opt/airflow/dags
[2026-08-11T02:15:40.330+0000] {manager.py:755} INFO - Searching for files in /opt/airflow/dags
[2026-08-11T02:15:40.335+0000] {manager.py:758} INFO - There are 1 files in /opt/airflow/dags
[2026-08-11T02:15:40.345+0000] {manager.py:887} INFO - 
================================================================================
DAG File Processing Stats

File Path                       PID  Runtime      # DAGs    # Errors  Last Runtime    Last Run
----------------------------  -----  ---------  --------  ----------  --------------  -------------------
/opt/airflow/dags/airflow.py    481  0.00s             0           1  0.09s           2026-08-11T02:15:10
================================================================================
[2026-08-11T02:16:00.528+0000] {manager.py:755} INFO - Searching for files in /opt/airflow/dags
[2026-08-11T02:16:00.536+0000] {manager.py:758} INFO - There are 1 files in /opt/airflow/dags
[2026-08-11T02:16:10.637+0000] {manager.py:887} INFO - 
================================================================================
DAG File Processing Stats

File Path                       PID  Runtime      # DAGs    # Errors  Last Runtime    Last Run
----------------------------  -----  ---------  --------  ----------  --------------  -------------------
/opt/airflow/dags/airflow.py    488  0.00s             0           1  0.08s           2026-08-11T02:15:40
================================================================================
[2026-08-11T02:16:20.718+0000] {manager.py:755} INFO - Searching for files in /opt/airflow/dags
[2026-08-11T02:16:20.725+0000] {manager.py:758} INFO - There are 1 files in /opt/airflow/dags
[2026-08-11T02:16:40.902+0000] {manager.py:755} INFO - Searching for files in /opt/airflow/dags
[2026-08-11T02:16:40.907+0000] {manager.py:758} INFO - There are 1 files in /opt/airflow/dags
[2026-08-11T02:16:40.918+0000] {manager.py:887} INFO - 
================================================================================
DAG File Processing Stats

File Path                       PID  Runtime      # DAGs    # Errors  Last Runtime    Last Run
----------------------------  -----  ---------  --------  ----------  --------------  -------------------
/opt/airflow/dags/airflow.py    495  0.00s             0           1  0.15s           2026-08-11T02:16:10
================================================================================
[2026-08-11T02:17:01.089+0000] {manager.py:755} INFO - Searching for files in /opt/airflow/dags
[2026-08-11T02:17:01.093+0000] {manager.py:758} INFO - There are 1 files in /opt/airflow/dags
[2026-08-11T02:17:11.182+0000] {manager.py:887} INFO - 
================================================================================
DAG File Processing Stats

File Path                       PID  Runtime      # DAGs    # Errors  Last Runtime    Last Run
----------------------------  -----  ---------  --------  ----------  --------------  -------------------
/opt/airflow/dags/airflow.py    502  0.00s             0           1  0.08s           2026-08-11T02:16:40
================================================================================
[2026-08-11T02:17:21.331+0000] {manager.py:755} INFO - Searching for files in /opt/airflow/dags
[2026-08-11T02:17:21.339+0000] {manager.py:758} INFO - There are 1 files in /opt/airflow/dags
[2026-08-11T02:17:41.524+0000] {manager.py:755} INFO - Searching for files in /opt/airflow/dags
[2026-08-11T02:17:41.531+0000] {manager.py:758} INFO - There are 1 files in /opt/airflow/dags
[2026-08-11T02:17:41.543+0000] {manager.py:887} INFO - 
================================================================================
DAG File Processing Stats

File Path                       PID  Runtime      # DAGs    # Errors  Last Runtime    Last Run
----------------------------  -----  ---------  --------  ----------  --------------  -------------------
/opt/airflow/dags/airflow.py    509  0.00s             0           1  0.14s           2026-08-11T02:17:11
================================================================================
[2026-08-11T02:18:01.802+0000] {manager.py:755} INFO - Searching for files in /opt/airflow/dags
[2026-08-11T02:18:01.807+0000] {manager.py:758} INFO - There are 1 files in /opt/airflow/dags
[2026-08-11T02:18:11.942+0000] {manager.py:887} INFO - 
================================================================================
DAG File Processing Stats

File Path                       PID  Runtime      # DAGs    # Errors  Last Runtime    Last Run
----------------------------  -----  ---------  --------  ----------  --------------  -------------------
/opt/airflow/dags/airflow.py    516  0.00s             0           1  0.08s           2026-08-11T02:17:41
================================================================================
[2026-08-11T02:18:22.040+0000] {manager.py:755} INFO - Searching for files in /opt/airflow/dags
[2026-08-11T02:18:22.047+0000] {manager.py:758} INFO - There are 1 files in /opt/airflow/dags
[2026-08-11T02:18:42.257+0000] {manager.py:755} INFO - Searching for files in /opt/airflow/dags
[2026-08-11T02:18:42.262+0000] {manager.py:758} INFO - There are 1 files in /opt/airflow/dags
[2026-08-11T02:18:42.273+0000] {manager.py:887} INFO - 
================================================================================
DAG File Processing Stats

File Path                       PID  Runtime      # DAGs    # Errors  Last Runtime    Last Run
----------------------------  -----  ---------  --------  ----------  --------------  -------------------
/opt/airflow/dags/airflow.py    524  0.00s             0           1  0.09s           2026-08-11T02:18:12
================================================================================
[2026-08-11T02:19:02.489+0000] {manager.py:755} INFO - Searching for files in /opt/airflow/dags
[2026-08-11T02:19:02.496+0000] {manager.py:758} INFO - There are 1 files in /opt/airflow/dags
[2026-08-11T02:19:12.612+0000] {manager.py:887} INFO - 
================================================================================
DAG File Processing Stats

File Path                       PID  Runtime      # DAGs    # Errors  Last Runtime    Last Run
----------------------------  -----  ---------  --------  ----------  --------------  -------------------
/opt/airflow/dags/airflow.py    531  0.00s             0           1  0.17s           2026-08-11T02:18:42
================================================================================
[2026-08-11T02:19:22.807+0000] {manager.py:755} INFO - Searching for files in /opt/airflow/dags
[2026-08-11T02:19:22.814+0000] {manager.py:758} INFO - There are 1 files in /opt/airflow/dags
[2026-08-11T03:22:59.225+0000] {manager.py:755} INFO - Searching for files in /opt/airflow/dags
[2026-08-11T03:22:59.234+0000] {manager.py:758} INFO - There are 1 files in /opt/airflow/dags
[2026-08-11T03:23:10.357+0000] {manager.py:887} INFO - 
================================================================================
DAG File Processing Stats

File Path                     PID    Runtime      # DAGs    # Errors  Last Runtime    Last Run
----------------------------  -----  ---------  --------  ----------  --------------  -------------------
/opt/airflow/dags/airflow.py                           0           1  0.30s           2026-08-11T03:22:59
================================================================================
[2026-08-11T03:23:19.429+0000] {manager.py:755} INFO - Searching for files in /opt/airflow/dags
[2026-08-11T03:23:19.437+0000] {manager.py:758} INFO - There are 1 files in /opt/airflow/dags
[2026-08-11T03:55:17.856+0000] {manager.py:755} INFO - Searching for files in /opt/airflow/dags
[2026-08-11T03:55:17.859+0000] {manager.py:758} INFO - There are 1 files in /opt/airflow/dags
[2026-08-11T03:55:29.980+0000] {manager.py:887} INFO - 
================================================================================
DAG File Processing Stats

File Path                     PID    Runtime      # DAGs    # Errors  Last Runtime    Last Run
----------------------------  -----  ---------  --------  ----------  --------------  -------------------
/opt/airflow/dags/airflow.py                           0           1  0.09s           2026-08-11T03:55:17
================================================================================
[2026-08-11T03:55:38.059+0000] {manager.py:755} INFO - Searching for files in /opt/airflow/dags
[2026-08-11T03:55:38.065+0000] {manager.py:758} INFO - There are 1 files in /opt/airflow/dags
[2026-08-11T04:04:54.478+0000] {manager.py:755} INFO - Searching for files in /opt/airflow/dags
[2026-08-11T04:04:54.484+0000] {manager.py:758} INFO - There are 1 files in /opt/airflow/dags
[2026-08-11T04:05:06.613+0000] {manager.py:887} INFO - 
================================================================================
DAG File Processing Stats

File Path                     PID    Runtime      # DAGs    # Errors  Last Runtime    Last Run
----------------------------  -----  ---------  --------  ----------  --------------  -------------------
/opt/airflow/dags/airflow.py                           0           1  0.15s           2026-08-11T04:04:54
================================================================================
[2026-08-11T04:05:14.683+0000] {manager.py:755} INFO - Searching for files in /opt/airflow/dags
[2026-08-11T04:05:14.690+0000] {manager.py:758} INFO - There are 1 files in /opt/airflow/dags
[2026-08-11T04:05:34.886+0000] {manager.py:755} INFO - Searching for files in /opt/airflow/dags
[2026-08-11T04:05:34.889+0000] {manager.py:758} INFO - There are 1 files in /opt/airflow/dags
[2026-08-11T04:05:36.908+0000] {manager.py:887} INFO - 
================================================================================
DAG File Processing Stats

File Path                     PID    Runtime      # DAGs    # Errors  Last Runtime    Last Run
----------------------------  -----  ---------  --------  ----------  --------------  -------------------
/opt/airflow/dags/airflow.py                           0           1  0.24s           2026-08-11T04:05:25
================================================================================
[2026-08-11T04:05:55.037+0000] {manager.py:755} INFO - Searching for files in /opt/airflow/dags
[2026-08-11T04:05:55.043+0000] {manager.py:758} INFO - There are 1 files in /opt/airflow/dags
[2026-08-11T04:06:07.131+0000] {manager.py:887} INFO - 
================================================================================
DAG File Processing Stats

File Path                     PID    Runtime      # DAGs    # Errors  Last Runtime    Last Run
----------------------------  -----  ---------  --------  ----------  --------------  -------------------
/opt/airflow/dags/airflow.py                           0           1  0.08s           2026-08-11T04:05:55
================================================================================
[2026-08-11T04:06:15.175+0000] {manager.py:755} INFO - Searching for files in /opt/airflow/dags
[2026-08-11T04:06:15.178+0000] {manager.py:758} INFO - There are 1 files in /opt/airflow/dags
[2026-08-11T04:06:35.356+0000] {manager.py:755} INFO - Searching for files in /opt/airflow/dags
[2026-08-11T04:06:35.364+0000] {manager.py:758} INFO - There are 1 files in /opt/airflow/dags
[2026-08-11T04:06:37.383+0000] {manager.py:887} INFO - 
================================================================================
DAG File Processing Stats

File Path                     PID    Runtime      # DAGs    # Errors  Last Runtime    Last Run
----------------------------  -----  ---------  --------  ----------  --------------  -------------------
/opt/airflow/dags/airflow.py                           0           1  0.15s           2026-08-11T04:06:25
================================================================================
[2026-08-11T04:06:55.516+0000] {manager.py:755} INFO - Searching for files in /opt/airflow/dags
[2026-08-11T04:06:55.521+0000] {manager.py:758} INFO - There are 1 files in /opt/airflow/dags
[2026-08-11T04:07:07.665+0000] {manager.py:887} INFO - 
================================================================================
DAG File Processing Stats

File Path                     PID    Runtime      # DAGs    # Errors  Last Runtime    Last Run
----------------------------  -----  ---------  --------  ----------  --------------  -------------------
/opt/airflow/dags/airflow.py                           0           1  0.08s           2026-08-11T04:06:55
================================================================================
[2026-08-11T04:07:15.726+0000] {manager.py:755} INFO - Searching for files in /opt/airflow/dags
[2026-08-11T04:07:15.732+0000] {manager.py:758} INFO - There are 1 files in /opt/airflow/dags
[2026-08-11T04:07:35.909+0000] {manager.py:755} INFO - Searching for files in /opt/airflow/dags
[2026-08-11T04:07:35.915+0000] {manager.py:758} INFO - There are 1 files in /opt/airflow/dags
[2026-08-11T04:07:37.940+0000] {manager.py:887} INFO - 
================================================================================
DAG File Processing Stats

File Path                     PID    Runtime      # DAGs    # Errors  Last Runtime    Last Run
----------------------------  -----  ---------  --------  ----------  --------------  -------------------
/opt/airflow/dags/airflow.py                           0           1  0.10s           2026-08-11T04:07:25
================================================================================
[2026-08-11T04:07:56.072+0000] {manager.py:755} INFO - Searching for files in /opt/airflow/dags
[2026-08-11T04:07:56.077+0000] {manager.py:758} INFO - There are 1 files in /opt/airflow/dags
[2026-08-11T04:08:08.187+0000] {manager.py:887} INFO - 
================================================================================
DAG File Processing Stats

File Path                     PID    Runtime      # DAGs    # Errors  Last Runtime    Last Run
----------------------------  -----  ---------  --------  ----------  --------------  -------------------
/opt/airflow/dags/airflow.py                           0           1  0.18s           2026-08-11T04:07:56
================================================================================
[2026-08-11T04:08:16.260+0000] {manager.py:755} INFO - Searching for files in /opt/airflow/dags
[2026-08-11T04:08:16.268+0000] {manager.py:758} INFO - There are 1 files in /opt/airflow/dags
[2026-08-11T04:08:36.553+0000] {manager.py:755} INFO - Searching for files in /opt/airflow/dags
[2026-08-11T04:08:36.560+0000] {manager.py:758} INFO - There are 1 files in /opt/airflow/dags
[2026-08-11T04:08:38.589+0000] {manager.py:887} INFO - 
================================================================================
DAG File Processing Stats

File Path                     PID    Runtime      # DAGs    # Errors  Last Runtime    Last Run
----------------------------  -----  ---------  --------  ----------  --------------  -------------------
/opt/airflow/dags/airflow.py                           0           1  0.17s           2026-08-11T04:08:26
================================================================================
[2026-08-11T04:08:56.716+0000] {manager.py:755} INFO - Searching for files in /opt/airflow/dags
[2026-08-11T04:08:56.719+0000] {manager.py:758} INFO - There are 1 files in /opt/airflow/dags
[2026-08-11T04:09:08.814+0000] {manager.py:887} INFO - 
================================================================================
DAG File Processing Stats

File Path                     PID    Runtime      # DAGs    # Errors  Last Runtime    Last Run
----------------------------  -----  ---------  --------  ----------  --------------  -------------------
/opt/airflow/dags/airflow.py                           0           1  0.15s           2026-08-11T04:08:56
================================================================================
[2026-08-11T04:09:16.877+0000] {manager.py:755} INFO - Searching for files in /opt/airflow/dags
[2026-08-11T04:09:16.884+0000] {manager.py:758} INFO - There are 1 files in /opt/airflow/dags
[2026-08-11T04:09:37.129+0000] {manager.py:755} INFO - Searching for files in /opt/airflow/dags
[2026-08-11T04:09:37.136+0000] {manager.py:758} INFO - There are 1 files in /opt/airflow/dags
[2026-08-11T04:09:39.157+0000] {manager.py:887} INFO - 
================================================================================
DAG File Processing Stats

File Path                     PID    Runtime      # DAGs    # Errors  Last Runtime    Last Run
----------------------------  -----  ---------  --------  ----------  --------------  -------------------
/opt/airflow/dags/airflow.py                           0           1  0.10s           2026-08-11T04:09:27
================================================================================
[2026-08-11T04:09:57.291+0000] {manager.py:755} INFO - Searching for files in /opt/airflow/dags
[2026-08-11T04:09:57.294+0000] {manager.py:758} INFO - There are 1 files in /opt/airflow/dags
[2026-08-11T04:10:09.392+0000] {manager.py:887} INFO - 
================================================================================
DAG File Processing Stats

File Path                     PID    Runtime      # DAGs    # Errors  Last Runtime    Last Run
----------------------------  -----  ---------  --------  ----------  --------------  -------------------
/opt/airflow/dags/airflow.py                           0           1  0.09s           2026-08-11T04:09:57
================================================================================
[2026-08-11T04:10:17.441+0000] {manager.py:755} INFO - Searching for files in /opt/airflow/dags
[2026-08-11T04:10:17.448+0000] {manager.py:758} INFO - There are 1 files in /opt/airflow/dags
[2026-08-11T04:10:37.649+0000] {manager.py:755} INFO - Searching for files in /opt/airflow/dags
[2026-08-11T04:10:37.656+0000] {manager.py:758} INFO - There are 1 files in /opt/airflow/dags
[2026-08-11T04:10:39.674+0000] {manager.py:887} INFO - 
================================================================================
DAG File Processing Stats

File Path                     PID    Runtime      # DAGs    # Errors  Last Runtime    Last Run
----------------------------  -----  ---------  --------  ----------  --------------  -------------------
/opt/airflow/dags/airflow.py                           0           1  0.22s           2026-08-11T04:10:27
================================================================================
[2026-08-11T04:10:57.831+0000] {manager.py:755} INFO - Searching for files in /opt/airflow/dags
[2026-08-11T04:10:57.837+0000] {manager.py:758} INFO - There are 1 files in /opt/airflow/dags
[2026-08-11T04:11:09.947+0000] {manager.py:887} INFO - 
================================================================================
DAG File Processing Stats

File Path                     PID    Runtime      # DAGs    # Errors  Last Runtime    Last Run
----------------------------  -----  ---------  --------  ----------  --------------  -------------------
/opt/airflow/dags/airflow.py                           0           1  0.09s           2026-08-11T04:10:57
================================================================================
[2026-08-11T04:11:18.003+0000] {manager.py:755} INFO - Searching for files in /opt/airflow/dags
[2026-08-11T04:11:18.008+0000] {manager.py:758} INFO - There are 1 files in /opt/airflow/dags
[2026-08-11T04:11:38.204+0000] {manager.py:755} INFO - Searching for files in /opt/airflow/dags
[2026-08-11T04:11:38.208+0000] {manager.py:758} INFO - There are 1 files in /opt/airflow/dags
[2026-08-11T04:11:40.228+0000] {manager.py:887} INFO - 
================================================================================
DAG File Processing Stats

File Path                     PID    Runtime      # DAGs    # Errors  Last Runtime    Last Run
----------------------------  -----  ---------  --------  ----------  --------------  -------------------
/opt/airflow/dags/airflow.py                           0           1  0.17s           2026-08-11T04:11:28
================================================================================
[2026-08-11T04:11:58.362+0000] {manager.py:755} INFO - Searching for files in /opt/airflow/dags
[2026-08-11T04:11:58.366+0000] {manager.py:758} INFO - There are 1 files in /opt/airflow/dags
[2026-08-11T04:12:10.528+0000] {manager.py:887} INFO - 
================================================================================
DAG File Processing Stats

File Path                     PID    Runtime      # DAGs    # Errors  Last Runtime    Last Run
----------------------------  -----  ---------  --------  ----------  --------------  -------------------
/opt/airflow/dags/airflow.py                           0           1  0.13s           2026-08-11T04:11:58
================================================================================
[2026-08-11T04:12:18.591+0000] {manager.py:755} INFO - Searching for files in /opt/airflow/dags
[2026-08-11T04:12:18.598+0000] {manager.py:758} INFO - There are 1 files in /opt/airflow/dags
[2026-08-11T04:12:38.762+0000] {manager.py:755} INFO - Searching for files in /opt/airflow/dags
[2026-08-11T04:12:38.765+0000] {manager.py:758} INFO - There are 1 files in /opt/airflow/dags
[2026-08-11T04:12:40.781+0000] {manager.py:887} INFO - 
================================================================================
DAG File Processing Stats

File Path                     PID    Runtime      # DAGs    # Errors  Last Runtime    Last Run
----------------------------  -----  ---------  --------  ----------  --------------  -------------------
/opt/airflow/dags/airflow.py                           0           1  0.09s           2026-08-11T04:12:28
================================================================================
[2026-08-11T04:12:58.919+0000] {manager.py:755} INFO - Searching for files in /opt/airflow/dags
[2026-08-11T04:12:58.922+0000] {manager.py:758} INFO - There are 1 files in /opt/airflow/dags
[2026-08-11T04:13:11.066+0000] {manager.py:887} INFO - 
================================================================================
DAG File Processing Stats

File Path                     PID    Runtime      # DAGs    # Errors  Last Runtime    Last Run
----------------------------  -----  ---------  --------  ----------  --------------  -------------------
/opt/airflow/dags/airflow.py                           0           1  0.19s           2026-08-11T04:12:59
================================================================================
[2026-08-11T04:13:19.125+0000] {manager.py:755} INFO - Searching for files in /opt/airflow/dags
[2026-08-11T04:13:19.133+0000] {manager.py:758} INFO - There are 1 files in /opt/airflow/dags
[2026-08-11T04:13:39.419+0000] {manager.py:755} INFO - Searching for files in /opt/airflow/dags
[2026-08-11T04:13:39.427+0000] {manager.py:758} INFO - There are 1 files in /opt/airflow/dags
[2026-08-11T04:13:41.445+0000] {manager.py:887} INFO - 
================================================================================
DAG File Processing Stats

File Path                     PID    Runtime      # DAGs    # Errors  Last Runtime    Last Run
----------------------------  -----  ---------  --------  ----------  --------------  -------------------
/opt/airflow/dags/airflow.py                           0           1  0.20s           2026-08-11T04:13:29
================================================================================
[2026-08-11T04:13:59.595+0000] {manager.py:755} INFO - Searching for files in /opt/airflow/dags
[2026-08-11T04:13:59.600+0000] {manager.py:758} INFO - There are 1 files in /opt/airflow/dags
[2026-08-11T04:14:11.755+0000] {manager.py:887} INFO - 
================================================================================
DAG File Processing Stats

File Path                     PID    Runtime      # DAGs    # Errors  Last Runtime    Last Run
----------------------------  -----  ---------  --------  ----------  --------------  -------------------
/opt/airflow/dags/airflow.py                           0           1  0.19s           2026-08-11T04:13:59
================================================================================
[2026-08-11T04:14:19.819+0000] {manager.py:755} INFO - Searching for files in /opt/airflow/dags
[2026-08-11T04:14:19.824+0000] {manager.py:758} INFO - There are 1 files in /opt/airflow/dags
[2026-08-11T04:14:40.017+0000] {manager.py:755} INFO - Searching for files in /opt/airflow/dags
[2026-08-11T04:14:40.025+0000] {manager.py:758} INFO - There are 1 files in /opt/airflow/dags
[2026-08-11T04:14:42.049+0000] {manager.py:887} INFO - 
================================================================================
DAG File Processing Stats

File Path                     PID    Runtime      # DAGs    # Errors  Last Runtime    Last Run
----------------------------  -----  ---------  --------  ----------  --------------  -------------------
/opt/airflow/dags/airflow.py                           0           1  0.09s           2026-08-11T04:14:29
================================================================================
[2026-08-11T04:15:00.197+0000] {manager.py:755} INFO - Searching for files in /opt/airflow/dags
[2026-08-11T04:15:00.204+0000] {manager.py:758} INFO - There are 1 files in /opt/airflow/dags
[2026-08-11T04:15:12.333+0000] {manager.py:887} INFO - 
================================================================================
DAG File Processing Stats

File Path                     PID    Runtime      # DAGs    # Errors  Last Runtime    Last Run
----------------------------  -----  ---------  --------  ----------  --------------  -------------------
/opt/airflow/dags/airflow.py                           0           1  0.17s           2026-08-11T04:15:00
================================================================================
[2026-08-11T04:15:20.395+0000] {manager.py:755} INFO - Searching for files in /opt/airflow/dags
[2026-08-11T04:15:20.402+0000] {manager.py:758} INFO - There are 1 files in /opt/airflow/dags
[2026-08-11T04:15:40.701+0000] {manager.py:755} INFO - Searching for files in /opt/airflow/dags
[2026-08-11T04:15:40.711+0000] {manager.py:758} INFO - There are 1 files in /opt/airflow/dags
[2026-08-11T04:15:42.741+0000] {manager.py:887} INFO - 
================================================================================
DAG File Processing Stats

File Path                     PID    Runtime      # DAGs    # Errors  Last Runtime    Last Run
----------------------------  -----  ---------  --------  ----------  --------------  -------------------
/opt/airflow/dags/airflow.py                           0           1  0.21s           2026-08-11T04:15:30
================================================================================
[2026-08-11T04:16:00.879+0000] {manager.py:755} INFO - Searching for files in /opt/airflow/dags
[2026-08-11T04:16:00.884+0000] {manager.py:758} INFO - There are 1 files in /opt/airflow/dags
[2026-08-11T04:16:13.001+0000] {manager.py:887} INFO - 
================================================================================
DAG File Processing Stats

File Path                     PID    Runtime      # DAGs    # Errors  Last Runtime    Last Run
----------------------------  -----  ---------  --------  ----------  --------------  -------------------
/opt/airflow/dags/airflow.py                           0           1  0.21s           2026-08-11T04:16:01
================================================================================
[2026-08-11T04:16:21.059+0000] {manager.py:755} INFO - Searching for files in /opt/airflow/dags
[2026-08-11T04:16:21.065+0000] {manager.py:758} INFO - There are 1 files in /opt/airflow/dags
[2026-08-11T04:16:41.375+0000] {manager.py:755} INFO - Searching for files in /opt/airflow/dags
[2026-08-11T04:16:41.380+0000] {manager.py:758} INFO - There are 1 files in /opt/airflow/dags
[2026-08-11T04:16:43.398+0000] {manager.py:887} INFO - 
================================================================================
DAG File Processing Stats

File Path                     PID    Runtime      # DAGs    # Errors  Last Runtime    Last Run
----------------------------  -----  ---------  --------  ----------  --------------  -------------------
/opt/airflow/dags/airflow.py                           0           1  0.16s           2026-08-11T04:16:31
================================================================================
[2026-08-11T04:17:01.537+0000] {manager.py:755} INFO - Searching for files in /opt/airflow/dags
[2026-08-11T04:17:01.542+0000] {manager.py:758} INFO - There are 1 files in /opt/airflow/dags
[2026-08-11T04:17:13.663+0000] {manager.py:887} INFO - 
================================================================================
DAG File Processing Stats

File Path                     PID    Runtime      # DAGs    # Errors  Last Runtime    Last Run
----------------------------  -----  ---------  --------  ----------  --------------  -------------------
/opt/airflow/dags/airflow.py                           0           1  0.11s           2026-08-11T04:17:01
================================================================================
[2026-08-11T04:17:21.715+0000] {manager.py:755} INFO - Searching for files in /opt/airflow/dags
[2026-08-11T04:17:21.720+0000] {manager.py:758} INFO - There are 1 files in /opt/airflow/dags
[2026-08-11T04:17:41.891+0000] {manager.py:755} INFO - Searching for files in /opt/airflow/dags
[2026-08-11T04:17:41.895+0000] {manager.py:758} INFO - There are 1 files in /opt/airflow/dags
[2026-08-11T04:17:43.913+0000] {manager.py:887} INFO - 
================================================================================
DAG File Processing Stats

File Path                     PID    Runtime      # DAGs    # Errors  Last Runtime    Last Run
----------------------------  -----  ---------  --------  ----------  --------------  -------------------
/opt/airflow/dags/airflow.py                           0           1  0.21s           2026-08-11T04:17:31
================================================================================
[2026-08-11T04:18:02.038+0000] {manager.py:755} INFO - Searching for files in /opt/airflow/dags
[2026-08-11T04:18:02.041+0000] {manager.py:758} INFO - There are 1 files in /opt/airflow/dags
[2026-08-11T04:18:14.262+0000] {manager.py:887} INFO - 
================================================================================
DAG File Processing Stats

File Path                     PID    Runtime      # DAGs    # Errors  Last Runtime    Last Run
----------------------------  -----  ---------  --------  ----------  --------------  -------------------
/opt/airflow/dags/airflow.py                           0           1  0.19s           2026-08-11T04:18:02
================================================================================
[2026-08-11T04:18:22.312+0000] {manager.py:755} INFO - Searching for files in /opt/airflow/dags
[2026-08-11T04:18:22.318+0000] {manager.py:758} INFO - There are 1 files in /opt/airflow/dags
[2026-08-11T04:18:42.465+0000] {manager.py:755} INFO - Searching for files in /opt/airflow/dags
[2026-08-11T04:18:42.473+0000] {manager.py:758} INFO - There are 1 files in /opt/airflow/dags
[2026-08-11T04:18:44.493+0000] {manager.py:887} INFO - 
================================================================================
DAG File Processing Stats

File Path                     PID    Runtime      # DAGs    # Errors  Last Runtime    Last Run
----------------------------  -----  ---------  --------  ----------  --------------  -------------------
/opt/airflow/dags/airflow.py                           0           1  0.17s           2026-08-11T04:18:32
================================================================================
[2026-08-11T04:19:02.598+0000] {manager.py:755} INFO - Searching for files in /opt/airflow/dags
[2026-08-11T04:19:02.603+0000] {manager.py:758} INFO - There are 1 files in /opt/airflow/dags
[2026-08-11T04:19:14.695+0000] {manager.py:887} INFO - 
================================================================================
DAG File Processing Stats

File Path                     PID    Runtime      # DAGs    # Errors  Last Runtime    Last Run
----------------------------  -----  ---------  --------  ----------  --------------  -------------------
/opt/airflow/dags/airflow.py                           0           1  0.09s           2026-08-11T04:19:02
================================================================================
[2026-08-11T04:19:22.739+0000] {manager.py:755} INFO - Searching for files in /opt/airflow/dags
[2026-08-11T04:19:22.746+0000] {manager.py:758} INFO - There are 1 files in /opt/airflow/dags
[2026-08-11T04:19:42.937+0000] {manager.py:755} INFO - Searching for files in /opt/airflow/dags
[2026-08-11T04:19:42.942+0000] {manager.py:758} INFO - There are 1 files in /opt/airflow/dags
[2026-08-11T04:19:44.968+0000] {manager.py:887} INFO - 
================================================================================
DAG File Processing Stats

File Path                     PID    Runtime      # DAGs    # Errors  Last Runtime    Last Run
----------------------------  -----  ---------  --------  ----------  --------------  -------------------
/opt/airflow/dags/airflow.py                           0           1  0.09s           2026-08-11T04:19:32
================================================================================
[2026-08-11T04:20:03.092+0000] {manager.py:755} INFO - Searching for files in /opt/airflow/dags
[2026-08-11T04:20:03.097+0000] {manager.py:758} INFO - There are 1 files in /opt/airflow/dags
[2026-08-11T04:20:15.193+0000] {manager.py:887} INFO - 
================================================================================
DAG File Processing Stats

File Path                     PID    Runtime      # DAGs    # Errors  Last Runtime    Last Run
----------------------------  -----  ---------  --------  ----------  --------------  -------------------
/opt/airflow/dags/airflow.py                           0           1  0.17s           2026-08-11T04:20:03
================================================================================
[2026-08-11T04:20:23.251+0000] {manager.py:755} INFO - Searching for files in /opt/airflow/dags
[2026-08-11T04:20:23.256+0000] {manager.py:758} INFO - There are 1 files in /opt/airflow/dags
[2026-08-11T04:20:43.545+0000] {manager.py:755} INFO - Searching for files in /opt/airflow/dags
[2026-08-11T04:20:43.550+0000] {manager.py:758} INFO - There are 1 files in /opt/airflow/dags
[2026-08-11T04:20:45.569+0000] {manager.py:887} INFO - 
================================================================================
DAG File Processing Stats

File Path                     PID    Runtime      # DAGs    # Errors  Last Runtime    Last Run
----------------------------  -----  ---------  --------  ----------  --------------  -------------------
/opt/airflow/dags/airflow.py                           0           1  0.17s           2026-08-11T04:20:33
================================================================================
[2026-08-11T04:21:03.714+0000] {manager.py:755} INFO - Searching for files in /opt/airflow/dags
[2026-08-11T04:21:03.719+0000] {manager.py:758} INFO - There are 1 files in /opt/airflow/dags
[2026-08-11T04:21:15.821+0000] {manager.py:887} INFO - 
================================================================================
DAG File Processing Stats

File Path                     PID    Runtime      # DAGs    # Errors  Last Runtime    Last Run
----------------------------  -----  ---------  --------  ----------  --------------  -------------------
/opt/airflow/dags/airflow.py                           0           1  0.21s           2026-08-11T04:21:03
================================================================================
[2026-08-11T04:21:23.881+0000] {manager.py:755} INFO - Searching for files in /opt/airflow/dags
[2026-08-11T04:21:23.888+0000] {manager.py:758} INFO - There are 1 files in /opt/airflow/dags
[2026-08-11T04:21:44.195+0000] {manager.py:755} INFO - Searching for files in /opt/airflow/dags
[2026-08-11T04:21:44.200+0000] {manager.py:758} INFO - There are 1 files in /opt/airflow/dags
[2026-08-11T04:21:46.219+0000] {manager.py:887} INFO - 
================================================================================
DAG File Processing Stats

File Path                     PID    Runtime      # DAGs    # Errors  Last Runtime    Last Run
----------------------------  -----  ---------  --------  ----------  --------------  -------------------
/opt/airflow/dags/airflow.py                           0           1  0.18s           2026-08-11T04:21:34
================================================================================
[2026-08-11T04:22:04.341+0000] {manager.py:755} INFO - Searching for files in /opt/airflow/dags
[2026-08-11T04:22:04.344+0000] {manager.py:758} INFO - There are 1 files in /opt/airflow/dags
[2026-08-11T04:22:16.453+0000] {manager.py:887} INFO - 
================================================================================
DAG File Processing Stats

File Path                     PID    Runtime      # DAGs    # Errors  Last Runtime    Last Run
----------------------------  -----  ---------  --------  ----------  --------------  -------------------
/opt/airflow/dags/airflow.py                           0           1  0.08s           2026-08-11T04:22:04
================================================================================
[2026-08-11T04:22:24.505+0000] {manager.py:755} INFO - Searching for files in /opt/airflow/dags
[2026-08-11T04:22:24.510+0000] {manager.py:758} INFO - There are 1 files in /opt/airflow/dags
[2026-08-11T04:22:44.660+0000] {manager.py:755} INFO - Searching for files in /opt/airflow/dags
[2026-08-11T04:22:44.666+0000] {manager.py:758} INFO - There are 1 files in /opt/airflow/dags
[2026-08-11T04:22:46.691+0000] {manager.py:887} INFO - 
================================================================================
DAG File Processing Stats

File Path                     PID    Runtime      # DAGs    # Errors  Last Runtime    Last Run
----------------------------  -----  ---------  --------  ----------  --------------  -------------------
/opt/airflow/dags/airflow.py                           0           1  0.15s           2026-08-11T04:22:34
================================================================================
[2026-08-11T04:23:04.818+0000] {manager.py:755} INFO - Searching for files in /opt/airflow/dags
[2026-08-11T04:23:04.825+0000] {manager.py:758} INFO - There are 1 files in /opt/airflow/dags
[2026-08-11T04:23:17.013+0000] {manager.py:887} INFO - 
================================================================================
DAG File Processing Stats

File Path                     PID    Runtime      # DAGs    # Errors  Last Runtime    Last Run
----------------------------  -----  ---------  --------  ----------  --------------  -------------------
/opt/airflow/dags/airflow.py                           0           1  0.18s           2026-08-11T04:23:05
================================================================================
[2026-08-11T04:23:25.075+0000] {manager.py:755} INFO - Searching for files in /opt/airflow/dags
[2026-08-11T04:23:25.079+0000] {manager.py:758} INFO - There are 1 files in /opt/airflow/dags
[2026-08-11T04:23:45.301+0000] {manager.py:755} INFO - Searching for files in /opt/airflow/dags
[2026-08-11T04:23:45.308+0000] {manager.py:758} INFO - There are 1 files in /opt/airflow/dags
[2026-08-11T04:23:47.337+0000] {manager.py:887} INFO - 
================================================================================
DAG File Processing Stats

File Path                     PID    Runtime      # DAGs    # Errors  Last Runtime    Last Run
----------------------------  -----  ---------  --------  ----------  --------------  -------------------
/opt/airflow/dags/airflow.py                           0           1  0.16s           2026-08-11T04:23:35
================================================================================
[2026-08-11T04:24:05.493+0000] {manager.py:755} INFO - Searching for files in /opt/airflow/dags
[2026-08-11T04:24:05.498+0000] {manager.py:758} INFO - There are 1 files in /opt/airflow/dags
[2026-08-11T04:24:17.691+0000] {manager.py:887} INFO - 
================================================================================
DAG File Processing Stats

File Path                     PID    Runtime      # DAGs    # Errors  Last Runtime    Last Run
----------------------------  -----  ---------  --------  ----------  --------------  -------------------
/opt/airflow/dags/airflow.py                           0           1  0.10s           2026-08-11T04:24:05
================================================================================
[2026-08-11T04:24:25.774+0000] {manager.py:755} INFO - Searching for files in /opt/airflow/dags
[2026-08-11T04:24:25.780+0000] {manager.py:758} INFO - There are 1 files in /opt/airflow/dags
[2026-08-11T04:24:45.942+0000] {manager.py:755} INFO - Searching for files in /opt/airflow/dags
[2026-08-11T04:24:45.947+0000] {manager.py:758} INFO - There are 1 files in /opt/airflow/dags
[2026-08-11T04:24:47.960+0000] {manager.py:887} INFO - 
================================================================================
DAG File Processing Stats

File Path                     PID    Runtime      # DAGs    # Errors  Last Runtime    Last Run
----------------------------  -----  ---------  --------  ----------  --------------  -------------------
/opt/airflow/dags/airflow.py                           0           1  0.10s           2026-08-11T04:24:35
================================================================================
[2026-08-11T04:25:06.091+0000] {manager.py:755} INFO - Searching for files in /opt/airflow/dags
[2026-08-11T04:25:06.097+0000] {manager.py:758} INFO - There are 1 files in /opt/airflow/dags
[2026-08-11T04:25:18.264+0000] {manager.py:887} INFO - 
================================================================================
DAG File Processing Stats

File Path                     PID    Runtime      # DAGs    # Errors  Last Runtime    Last Run
----------------------------  -----  ---------  --------  ----------  --------------  -------------------
/opt/airflow/dags/airflow.py                           0           1  0.25s           2026-08-11T04:25:06
================================================================================
[2026-08-11T04:25:26.435+0000] {manager.py:755} INFO - Searching for files in /opt/airflow/dags
[2026-08-11T04:25:26.440+0000] {manager.py:758} INFO - There are 1 files in /opt/airflow/dags
[2026-08-11T04:25:46.650+0000] {manager.py:755} INFO - Searching for files in /opt/airflow/dags
[2026-08-11T04:25:46.655+0000] {manager.py:758} INFO - There are 1 files in /opt/airflow/dags
[2026-08-11T04:25:48.674+0000] {manager.py:887} INFO - 
================================================================================
DAG File Processing Stats

File Path                     PID    Runtime      # DAGs    # Errors  Last Runtime    Last Run
----------------------------  -----  ---------  --------  ----------  --------------  -------------------
/opt/airflow/dags/airflow.py                           0           1  0.17s           2026-08-11T04:25:36
================================================================================
[2026-08-11T04:26:06.833+0000] {manager.py:755} INFO - Searching for files in /opt/airflow/dags
[2026-08-11T04:26:06.838+0000] {manager.py:758} INFO - There are 1 files in /opt/airflow/dags
[2026-08-11T04:26:19.062+0000] {manager.py:887} INFO - 
================================================================================
DAG File Processing Stats

File Path                     PID    Runtime      # DAGs    # Errors  Last Runtime    Last Run
----------------------------  -----  ---------  --------  ----------  --------------  -------------------
/opt/airflow/dags/airflow.py                           0           1  0.18s           2026-08-11T04:26:07
================================================================================
[2026-08-11T04:26:27.124+0000] {manager.py:755} INFO - Searching for files in /opt/airflow/dags
[2026-08-11T04:26:27.129+0000] {manager.py:758} INFO - There are 1 files in /opt/airflow/dags
[2026-08-11T04:26:47.313+0000] {manager.py:755} INFO - Searching for files in /opt/airflow/dags
[2026-08-11T04:26:47.318+0000] {manager.py:758} INFO - There are 1 files in /opt/airflow/dags
[2026-08-11T04:26:49.348+0000] {manager.py:887} INFO - 
================================================================================
DAG File Processing Stats

File Path                     PID    Runtime      # DAGs    # Errors  Last Runtime    Last Run
----------------------------  -----  ---------  --------  ----------  --------------  -------------------
/opt/airflow/dags/airflow.py                           0           1  0.09s           2026-08-11T04:26:37
================================================================================
[2026-08-11T04:27:07.514+0000] {manager.py:755} INFO - Searching for files in /opt/airflow/dags
[2026-08-11T04:27:07.518+0000] {manager.py:758} INFO - There are 1 files in /opt/airflow/dags
[2026-08-11T04:27:19.622+0000] {manager.py:887} INFO - 
================================================================================
DAG File Processing Stats

File Path                     PID    Runtime      # DAGs    # Errors  Last Runtime    Last Run
----------------------------  -----  ---------  --------  ----------  --------------  -------------------
/opt/airflow/dags/airflow.py                           0           1  0.21s           2026-08-11T04:27:07
================================================================================
[2026-08-11T04:27:27.692+0000] {manager.py:755} INFO - Searching for files in /opt/airflow/dags
[2026-08-11T04:27:27.696+0000] {manager.py:758} INFO - There are 1 files in /opt/airflow/dags
[2026-08-11T04:27:47.866+0000] {manager.py:755} INFO - Searching for files in /opt/airflow/dags
[2026-08-11T04:27:47.871+0000] {manager.py:758} INFO - There are 1 files in /opt/airflow/dags
[2026-08-11T04:27:49.894+0000] {manager.py:887} INFO - 
================================================================================
DAG File Processing Stats

File Path                     PID    Runtime      # DAGs    # Errors  Last Runtime    Last Run
----------------------------  -----  ---------  --------  ----------  --------------  -------------------
/opt/airflow/dags/airflow.py                           0           1  0.17s           2026-08-11T04:27:37
================================================================================
[2026-08-11T04:28:08.057+0000] {manager.py:755} INFO - Searching for files in /opt/airflow/dags
[2026-08-11T04:28:08.064+0000] {manager.py:758} INFO - There are 1 files in /opt/airflow/dags
[2026-08-11T04:28:20.292+0000] {manager.py:887} INFO - 
================================================================================
DAG File Processing Stats

File Path                     PID    Runtime      # DAGs    # Errors  Last Runtime    Last Run
----------------------------  -----  ---------  --------  ----------  --------------  -------------------
/opt/airflow/dags/airflow.py                           0           1  0.18s           2026-08-11T04:28:08
================================================================================
[2026-08-11T04:28:28.356+0000] {manager.py:755} INFO - Searching for files in /opt/airflow/dags
[2026-08-11T04:28:28.361+0000] {manager.py:758} INFO - There are 1 files in /opt/airflow/dags
[2026-08-11T04:28:48.555+0000] {manager.py:755} INFO - Searching for files in /opt/airflow/dags
[2026-08-11T04:28:48.559+0000] {manager.py:758} INFO - There are 1 files in /opt/airflow/dags
[2026-08-11T04:28:50.594+0000] {manager.py:887} INFO - 
================================================================================
DAG File Processing Stats

File Path                     PID    Runtime      # DAGs    # Errors  Last Runtime    Last Run
----------------------------  -----  ---------  --------  ----------  --------------  -------------------
/opt/airflow/dags/airflow.py                           0           1  0.17s           2026-08-11T04:28:38
================================================================================
[2026-08-11T04:29:08.726+0000] {manager.py:755} INFO - Searching for files in /opt/airflow/dags
[2026-08-11T04:29:08.731+0000] {manager.py:758} INFO - There are 1 files in /opt/airflow/dags
[2026-08-11T04:29:20.847+0000] {manager.py:887} INFO - 
================================================================================
DAG File Processing Stats

File Path                     PID    Runtime      # DAGs    # Errors  Last Runtime    Last Run
----------------------------  -----  ---------  --------  ----------  --------------  -------------------
/opt/airflow/dags/airflow.py                           0           1  0.08s           2026-08-11T04:29:08
================================================================================
[2026-08-11T04:29:28.925+0000] {manager.py:755} INFO - Searching for files in /opt/airflow/dags
[2026-08-11T04:29:28.932+0000] {manager.py:758} INFO - There are 1 files in /opt/airflow/dags
[2026-08-11T04:29:49.128+0000] {manager.py:755} INFO - Searching for files in /opt/airflow/dags
[2026-08-11T04:29:49.135+0000] {manager.py:758} INFO - There are 1 files in /opt/airflow/dags
[2026-08-11T04:29:51.164+0000] {manager.py:887} INFO - 
================================================================================
DAG File Processing Stats

File Path                     PID    Runtime      # DAGs    # Errors  Last Runtime    Last Run
----------------------------  -----  ---------  --------  ----------  --------------  -------------------
/opt/airflow/dags/airflow.py                           0           1  0.17s           2026-08-11T04:29:39
================================================================================
[2026-08-11T04:30:09.342+0000] {manager.py:755} INFO - Searching for files in /opt/airflow/dags
[2026-08-11T04:30:09.347+0000] {manager.py:758} INFO - There are 1 files in /opt/airflow/dags
[2026-08-11T04:30:21.485+0000] {manager.py:887} INFO - 
================================================================================
DAG File Processing Stats

File Path                     PID    Runtime      # DAGs    # Errors  Last Runtime    Last Run
----------------------------  -----  ---------  --------  ----------  --------------  -------------------
/opt/airflow/dags/airflow.py                           0           1  0.16s           2026-08-11T04:30:09
================================================================================
[2026-08-11T04:30:29.565+0000] {manager.py:755} INFO - Searching for files in /opt/airflow/dags
[2026-08-11T04:30:29.570+0000] {manager.py:758} INFO - There are 1 files in /opt/airflow/dags
[2026-08-11T04:30:49.906+0000] {manager.py:755} INFO - Searching for files in /opt/airflow/dags
[2026-08-11T04:30:49.909+0000] {manager.py:758} INFO - There are 1 files in /opt/airflow/dags
[2026-08-11T04:30:51.927+0000] {manager.py:887} INFO - 
================================================================================
DAG File Processing Stats

File Path                     PID    Runtime      # DAGs    # Errors  Last Runtime    Last Run
----------------------------  -----  ---------  --------  ----------  --------------  -------------------
/opt/airflow/dags/airflow.py                           0           1  0.14s           2026-08-11T04:30:39
================================================================================
[2026-08-11T05:55:00.094+0000] {manager.py:755} INFO - Searching for files in /opt/airflow/dags
[2026-08-11T05:55:00.099+0000] {manager.py:758} INFO - There are 1 files in /opt/airflow/dags
[2026-08-11T05:55:20.294+0000] {manager.py:755} INFO - Searching for files in /opt/airflow/dags
[2026-08-11T05:55:20.303+0000] {manager.py:758} INFO - There are 1 files in /opt/airflow/dags
[2026-08-11T05:55:27.380+0000] {manager.py:887} INFO - 
================================================================================
DAG File Processing Stats

File Path                     PID    Runtime      # DAGs    # Errors  Last Runtime    Last Run
----------------------------  -----  ---------  --------  ----------  --------------  -------------------
/opt/airflow/dags/airflow.py                           0           1  0.34s           2026-08-11T05:55:00
================================================================================
[2026-08-11T05:55:40.855+0000] {manager.py:755} INFO - Searching for files in /opt/airflow/dags
[2026-08-11T05:55:40.859+0000] {manager.py:758} INFO - There are 1 files in /opt/airflow/dags
[2026-08-11T05:55:58.271+0000] {manager.py:887} INFO - 
================================================================================
DAG File Processing Stats

File Path                     PID    Runtime      # DAGs    # Errors  Last Runtime    Last Run
----------------------------  -----  ---------  --------  ----------  --------------  -------------------
/opt/airflow/dags/airflow.py                           0           1  0.17s           2026-08-11T05:55:30
================================================================================
[2026-08-11T06:25:18.944+0000] {manager.py:755} INFO - Searching for files in /opt/airflow/dags
[2026-08-11T06:25:18.950+0000] {manager.py:758} INFO - There are 1 files in /opt/airflow/dags
[2026-08-11T06:25:39.455+0000] {manager.py:755} INFO - Searching for files in /opt/airflow/dags
[2026-08-11T06:25:39.462+0000] {manager.py:758} INFO - There are 1 files in /opt/airflow/dags
[2026-08-11T06:25:47.549+0000] {manager.py:887} INFO - 
================================================================================
DAG File Processing Stats

File Path                     PID    Runtime      # DAGs    # Errors  Last Runtime    Last Run
----------------------------  -----  ---------  --------  ----------  --------------  -------------------
/opt/airflow/dags/airflow.py                           0           1  0.17s           2026-08-11T06:25:19
================================================================================
[2026-08-11T06:31:22.023+0000] {manager.py:755} INFO - Searching for files in /opt/airflow/dags
[2026-08-11T06:31:22.028+0000] {manager.py:758} INFO - There are 1 files in /opt/airflow/dags
[2026-08-11T06:31:42.247+0000] {manager.py:755} INFO - Searching for files in /opt/airflow/dags
[2026-08-11T06:31:42.255+0000] {manager.py:758} INFO - There are 1 files in /opt/airflow/dags
[2026-08-11T06:31:51.338+0000] {manager.py:887} INFO - 
================================================================================
DAG File Processing Stats

File Path                     PID    Runtime      # DAGs    # Errors  Last Runtime    Last Run
----------------------------  -----  ---------  --------  ----------  --------------  -------------------
/opt/airflow/dags/airflow.py                           0           1  0.47s           2026-08-11T06:31:22
================================================================================
[2026-08-11T06:32:02.901+0000] {manager.py:755} INFO - Searching for files in /opt/airflow/dags
[2026-08-11T06:32:02.909+0000] {manager.py:758} INFO - There are 1 files in /opt/airflow/dags
[2026-08-11T06:32:21.368+0000] {manager.py:887} INFO - 
================================================================================
DAG File Processing Stats

File Path                     PID    Runtime      # DAGs    # Errors  Last Runtime    Last Run
----------------------------  -----  ---------  --------  ----------  --------------  -------------------
/opt/airflow/dags/airflow.py                           0           1  0.17s           2026-08-11T06:31:52
================================================================================
[2026-08-11T07:21:52.638+0000] {manager.py:755} INFO - Searching for files in /opt/airflow/dags
[2026-08-11T07:21:52.643+0000] {manager.py:758} INFO - There are 1 files in /opt/airflow/dags
[2026-08-11T07:22:12.875+0000] {manager.py:755} INFO - Searching for files in /opt/airflow/dags
[2026-08-11T07:22:12.880+0000] {manager.py:758} INFO - There are 1 files in /opt/airflow/dags
[2026-08-11T07:32:48.636+0000] {manager.py:755} INFO - Searching for files in /opt/airflow/dags
[2026-08-11T07:32:48.641+0000] {manager.py:758} INFO - There are 1 files in /opt/airflow/dags
[2026-08-11T07:32:48.653+0000] {manager.py:887} INFO - 
================================================================================
DAG File Processing Stats

File Path                       PID  Runtime      # DAGs    # Errors  Last Runtime    Last Run
----------------------------  -----  ---------  --------  ----------  --------------  -------------------
/opt/airflow/dags/airflow.py    961  0.00s             0           1  0.25s           2026-08-11T07:21:52
================================================================================
[2026-08-11T07:33:09.017+0000] {manager.py:755} INFO - Searching for files in /opt/airflow/dags
[2026-08-11T07:33:09.027+0000] {manager.py:758} INFO - There are 1 files in /opt/airflow/dags
[2026-08-11T08:23:23.486+0000] {manager.py:755} INFO - Searching for files in /opt/airflow/dags
[2026-08-11T08:23:23.490+0000] {manager.py:758} INFO - There are 1 files in /opt/airflow/dags
[2026-08-11T08:23:23.506+0000] {manager.py:887} INFO - 
================================================================================
DAG File Processing Stats

File Path                       PID  Runtime      # DAGs    # Errors  Last Runtime    Last Run
----------------------------  -----  ---------  --------  ----------  --------------  -------------------
/opt/airflow/dags/airflow.py    968  0.01s             0           1  0.18s           2026-08-11T07:32:48
================================================================================
[2026-08-11T08:23:43.690+0000] {manager.py:755} INFO - Searching for files in /opt/airflow/dags
[2026-08-11T08:23:43.699+0000] {manager.py:758} INFO - There are 1 files in /opt/airflow/dags
[2026-08-11T10:01:11.378+0000] {manager.py:755} INFO - Searching for files in /opt/airflow/dags
[2026-08-11T10:01:11.382+0000] {manager.py:758} INFO - There are 1 files in /opt/airflow/dags
[2026-08-11T10:01:11.560+0000] {manager.py:887} INFO - 
================================================================================
DAG File Processing Stats

File Path                     PID    Runtime      # DAGs    # Errors  Last Runtime    Last Run
----------------------------  -----  ---------  --------  ----------  --------------  -------------------
/opt/airflow/dags/airflow.py                           0           1  0.17s           2026-08-11T10:01:11
================================================================================
[2026-08-11T10:01:31.705+0000] {manager.py:755} INFO - Searching for files in /opt/airflow/dags
[2026-08-11T10:01:31.712+0000] {manager.py:758} INFO - There are 1 files in /opt/airflow/dags
[2026-08-11T10:33:16.741+0000] {manager.py:755} INFO - Searching for files in /opt/airflow/dags
[2026-08-11T10:33:16.744+0000] {manager.py:758} INFO - There are 1 files in /opt/airflow/dags
[2026-08-11T10:33:16.751+0000] {manager.py:887} INFO - 
================================================================================
DAG File Processing Stats

File Path                       PID  Runtime      # DAGs    # Errors  Last Runtime    Last Run
----------------------------  -----  ---------  --------  ----------  --------------  -------------------
/opt/airflow/dags/airflow.py    982  0.00s             0           1  0.17s           2026-08-11T10:01:11
================================================================================
[2026-08-11T10:33:36.978+0000] {manager.py:755} INFO - Searching for files in /opt/airflow/dags
[2026-08-11T10:33:36.981+0000] {manager.py:758} INFO - There are 1 files in /opt/airflow/dags
[2026-08-11T10:33:47.113+0000] {manager.py:887} INFO - 
================================================================================
DAG File Processing Stats

File Path                       PID  Runtime      # DAGs    # Errors  Last Runtime    Last Run
----------------------------  -----  ---------  --------  ----------  --------------  -------------------
/opt/airflow/dags/airflow.py    989  0.00s             0           1  0.19s           2026-08-11T10:33:16
================================================================================
[2026-08-11T10:33:57.303+0000] {manager.py:755} INFO - Searching for files in /opt/airflow/dags
[2026-08-11T10:33:57.309+0000] {manager.py:758} INFO - There are 1 files in /opt/airflow/dags
[2026-08-11T11:20:21.849+0000] {manager.py:755} INFO - Searching for files in /opt/airflow/dags
[2026-08-11T11:20:21.854+0000] {manager.py:758} INFO - There are 1 files in /opt/airflow/dags
[2026-08-11T11:20:22.876+0000] {manager.py:887} INFO - 
================================================================================
DAG File Processing Stats

File Path                     PID    Runtime      # DAGs    # Errors  Last Runtime    Last Run
----------------------------  -----  ---------  --------  ----------  --------------  -------------------
/opt/airflow/dags/airflow.py                           0           1  0.19s           2026-08-11T11:20:22
================================================================================
[2026-08-11T11:20:42.054+0000] {manager.py:755} INFO - Searching for files in /opt/airflow/dags
[2026-08-11T11:20:42.061+0000] {manager.py:758} INFO - There are 1 files in /opt/airflow/dags
[2026-08-11T11:20:53.331+0000] {manager.py:887} INFO - 
================================================================================
DAG File Processing Stats

File Path                     PID    Runtime      # DAGs    # Errors  Last Runtime    Last Run
----------------------------  -----  ---------  --------  ----------  --------------  -------------------
/opt/airflow/dags/airflow.py                           0           1  0.17s           2026-08-11T11:20:52
================================================================================
[2026-08-11T11:21:02.440+0000] {manager.py:755} INFO - Searching for files in /opt/airflow/dags
[2026-08-11T11:21:02.443+0000] {manager.py:758} INFO - There are 1 files in /opt/airflow/dags
[2026-08-11T13:00:20.546+0000] {manager.py:755} INFO - Searching for files in /opt/airflow/dags
[2026-08-11T13:00:20.549+0000] {manager.py:758} INFO - There are 1 files in /opt/airflow/dags
[2026-08-11T13:00:21.798+0000] {manager.py:887} INFO - 
================================================================================
DAG File Processing Stats

File Path                     PID    Runtime      # DAGs    # Errors  Last Runtime    Last Run
----------------------------  -----  ---------  --------  ----------  --------------  -------------------
/opt/airflow/dags/airflow.py                           0           1  0.23s           2026-08-11T13:00:20
================================================================================
[2026-08-11T13:00:40.829+0000] {manager.py:755} INFO - Searching for files in /opt/airflow/dags
[2026-08-11T13:00:40.838+0000] {manager.py:758} INFO - There are 1 files in /opt/airflow/dags
[2026-08-11T13:22:01.208+0000] {manager.py:755} INFO - Searching for files in /opt/airflow/dags
[2026-08-11T13:22:01.213+0000] {manager.py:758} INFO - There are 1 files in /opt/airflow/dags
[2026-08-11T13:22:03.305+0000] {manager.py:887} INFO - 
================================================================================
DAG File Processing Stats

File Path                     PID    Runtime      # DAGs    # Errors  Last Runtime    Last Run
----------------------------  -----  ---------  --------  ----------  --------------  -------------------
/opt/airflow/dags/airflow.py                           0           1  0.19s           2026-08-11T13:22:01
================================================================================
[2026-08-11T13:22:21.442+0000] {manager.py:755} INFO - Searching for files in /opt/airflow/dags
[2026-08-11T13:22:21.452+0000] {manager.py:758} INFO - There are 1 files in /opt/airflow/dags
[2026-08-11T13:38:55.533+0000] {manager.py:755} INFO - Searching for files in /opt/airflow/dags
[2026-08-11T13:38:55.536+0000] {manager.py:758} INFO - There are 1 files in /opt/airflow/dags
[2026-08-11T13:38:57.668+0000] {manager.py:887} INFO - 
================================================================================
DAG File Processing Stats

File Path                     PID    Runtime      # DAGs    # Errors  Last Runtime    Last Run
----------------------------  -----  ---------  --------  ----------  --------------  -------------------
/opt/airflow/dags/airflow.py                           0           1  0.22s           2026-08-11T13:38:55
================================================================================
[2026-08-11T13:39:15.829+0000] {manager.py:755} INFO - Searching for files in /opt/airflow/dags
[2026-08-11T13:39:15.835+0000] {manager.py:758} INFO - There are 1 files in /opt/airflow/dags
[2026-08-11T14:22:58.847+0000] {manager.py:755} INFO - Searching for files in /opt/airflow/dags
[2026-08-11T14:22:58.851+0000] {manager.py:758} INFO - There are 1 files in /opt/airflow/dags
[2026-08-11T14:23:01.886+0000] {manager.py:887} INFO - 
================================================================================
DAG File Processing Stats

File Path                     PID    Runtime      # DAGs    # Errors  Last Runtime    Last Run
----------------------------  -----  ---------  --------  ----------  --------------  -------------------
/opt/airflow/dags/airflow.py                           0           1  0.17s           2026-08-11T14:22:59
================================================================================
[2026-08-11T14:23:19.041+0000] {manager.py:755} INFO - Searching for files in /opt/airflow/dags
[2026-08-11T14:23:19.049+0000] {manager.py:758} INFO - There are 1 files in /opt/airflow/dags
[2026-08-11T14:37:59.069+0000] {manager.py:755} INFO - Searching for files in /opt/airflow/dags
[2026-08-11T14:37:59.073+0000] {manager.py:758} INFO - There are 1 files in /opt/airflow/dags
[2026-08-11T14:38:02.258+0000] {manager.py:887} INFO - 
================================================================================
DAG File Processing Stats

File Path                     PID    Runtime      # DAGs    # Errors  Last Runtime    Last Run
----------------------------  -----  ---------  --------  ----------  --------------  -------------------
/opt/airflow/dags/airflow.py                           0           1  0.20s           2026-08-11T14:37:59
================================================================================
[2026-08-11T14:38:19.430+0000] {manager.py:755} INFO - Searching for files in /opt/airflow/dags
[2026-08-11T14:38:19.439+0000] {manager.py:758} INFO - There are 1 files in /opt/airflow/dags
[2026-08-11T14:38:32.614+0000] {manager.py:887} INFO - 
================================================================================
DAG File Processing Stats

File Path                     PID    Runtime      # DAGs    # Errors  Last Runtime    Last Run
----------------------------  -----  ---------  --------  ----------  --------------  -------------------
/opt/airflow/dags/airflow.py                           0           1  0.16s           2026-08-11T14:38:29
================================================================================
[2026-08-11T14:38:39.706+0000] {manager.py:755} INFO - Searching for files in /opt/airflow/dags
[2026-08-11T14:38:39.715+0000] {manager.py:758} INFO - There are 1 files in /opt/airflow/dags
[2026-08-11T15:23:45.261+0000] {manager.py:755} INFO - Searching for files in /opt/airflow/dags
[2026-08-11T15:23:45.266+0000] {manager.py:758} INFO - There are 1 files in /opt/airflow/dags
[2026-08-11T15:23:49.437+0000] {manager.py:887} INFO - 
================================================================================
DAG File Processing Stats

File Path                     PID    Runtime      # DAGs    # Errors  Last Runtime    Last Run
----------------------------  -----  ---------  --------  ----------  --------------  -------------------
/opt/airflow/dags/airflow.py                           0           1  0.42s           2026-08-11T15:23:45
================================================================================
[2026-08-11T15:24:05.598+0000] {manager.py:755} INFO - Searching for files in /opt/airflow/dags
[2026-08-11T15:24:05.605+0000] {manager.py:758} INFO - There are 1 files in /opt/airflow/dags
[2026-08-11T15:24:20.049+0000] {manager.py:887} INFO - 
================================================================================
DAG File Processing Stats

File Path                     PID    Runtime      # DAGs    # Errors  Last Runtime    Last Run
----------------------------  -----  ---------  --------  ----------  --------------  -------------------
/opt/airflow/dags/airflow.py                           0           1  0.16s           2026-08-11T15:24:16
================================================================================
[2026-08-11T15:24:26.112+0000] {manager.py:755} INFO - Searching for files in /opt/airflow/dags
[2026-08-11T15:24:26.119+0000] {manager.py:758} INFO - There are 1 files in /opt/airflow/dags
[2026-08-11T16:24:43.329+0000] {manager.py:755} INFO - Searching for files in /opt/airflow/dags
[2026-08-11T16:24:43.334+0000] {manager.py:758} INFO - There are 1 files in /opt/airflow/dags
[2026-08-11T16:24:48.495+0000] {manager.py:887} INFO - 
================================================================================
DAG File Processing Stats

File Path                     PID    Runtime      # DAGs    # Errors  Last Runtime    Last Run
----------------------------  -----  ---------  --------  ----------  --------------  -------------------
/opt/airflow/dags/airflow.py                           0           1  0.19s           2026-08-11T16:24:43
================================================================================
[2026-08-11T16:25:03.660+0000] {manager.py:755} INFO - Searching for files in /opt/airflow/dags
[2026-08-11T16:25:03.668+0000] {manager.py:758} INFO - There are 1 files in /opt/airflow/dags
[2026-08-11T16:25:18.819+0000] {manager.py:887} INFO - 
================================================================================
DAG File Processing Stats

File Path                     PID    Runtime      # DAGs    # Errors  Last Runtime    Last Run
----------------------------  -----  ---------  --------  ----------  --------------  -------------------
/opt/airflow/dags/airflow.py                           0           1  0.13s           2026-08-11T16:25:13
================================================================================
[2026-08-11T16:25:23.881+0000] {manager.py:755} INFO - Searching for files in /opt/airflow/dags
[2026-08-11T16:25:23.887+0000] {manager.py:758} INFO - There are 1 files in /opt/airflow/dags
[2026-08-11T17:14:17.418+0000] {manager.py:755} INFO - Searching for files in /opt/airflow/dags
[2026-08-11T17:14:17.422+0000] {manager.py:758} INFO - There are 1 files in /opt/airflow/dags
[2026-08-11T17:14:23.487+0000] {manager.py:887} INFO - 
================================================================================
DAG File Processing Stats

File Path                     PID    Runtime      # DAGs    # Errors  Last Runtime    Last Run
----------------------------  -----  ---------  --------  ----------  --------------  -------------------
/opt/airflow/dags/airflow.py                           0           1  0.23s           2026-08-11T17:14:17
================================================================================
[2026-08-11T17:14:37.656+0000] {manager.py:755} INFO - Searching for files in /opt/airflow/dags
[2026-08-11T17:14:37.663+0000] {manager.py:758} INFO - There are 1 files in /opt/airflow/dags
[2026-08-11T17:26:11.426+0000] {manager.py:755} INFO - Searching for files in /opt/airflow/dags
[2026-08-11T17:26:11.428+0000] {manager.py:758} INFO - There are 1 files in /opt/airflow/dags
[2026-08-11T17:26:17.504+0000] {manager.py:887} INFO - 
================================================================================
DAG File Processing Stats

File Path                     PID    Runtime      # DAGs    # Errors  Last Runtime    Last Run
----------------------------  -----  ---------  --------  ----------  --------------  -------------------
/opt/airflow/dags/airflow.py                           0           1  0.18s           2026-08-11T17:26:11
================================================================================
[2026-08-11T17:26:31.634+0000] {manager.py:755} INFO - Searching for files in /opt/airflow/dags
[2026-08-11T17:26:31.638+0000] {manager.py:758} INFO - There are 1 files in /opt/airflow/dags
[2026-08-11T18:00:17.364+0000] {manager.py:755} INFO - Searching for files in /opt/airflow/dags
[2026-08-11T18:00:17.369+0000] {manager.py:758} INFO - There are 1 files in /opt/airflow/dags
[2026-08-11T18:00:23.611+0000] {manager.py:887} INFO - 
================================================================================
DAG File Processing Stats

File Path                     PID    Runtime      # DAGs    # Errors  Last Runtime    Last Run
----------------------------  -----  ---------  --------  ----------  --------------  -------------------
/opt/airflow/dags/airflow.py                           0           1  0.21s           2026-08-11T18:00:17
================================================================================
[2026-08-11T18:00:37.813+0000] {manager.py:755} INFO - Searching for files in /opt/airflow/dags
[2026-08-11T18:00:37.819+0000] {manager.py:758} INFO - There are 1 files in /opt/airflow/dags
[2026-08-11T18:27:09.220+0000] {manager.py:755} INFO - Searching for files in /opt/airflow/dags
[2026-08-11T18:27:09.222+0000] {manager.py:758} INFO - There are 1 files in /opt/airflow/dags
[2026-08-11T18:27:16.313+0000] {manager.py:887} INFO - 
================================================================================
DAG File Processing Stats

File Path                     PID    Runtime      # DAGs    # Errors  Last Runtime    Last Run
----------------------------  -----  ---------  --------  ----------  --------------  -------------------
/opt/airflow/dags/airflow.py                           0           1  0.18s           2026-08-11T18:27:09
================================================================================
[2026-08-11T18:27:29.468+0000] {manager.py:755} INFO - Searching for files in /opt/airflow/dags
[2026-08-11T18:27:29.473+0000] {manager.py:758} INFO - There are 1 files in /opt/airflow/dags
[2026-08-11T18:59:29.169+0000] {manager.py:755} INFO - Searching for files in /opt/airflow/dags
[2026-08-11T18:59:29.172+0000] {manager.py:758} INFO - There are 1 files in /opt/airflow/dags
[2026-08-11T18:59:36.390+0000] {manager.py:887} INFO - 
================================================================================
DAG File Processing Stats

File Path                     PID    Runtime      # DAGs    # Errors  Last Runtime    Last Run
----------------------------  -----  ---------  --------  ----------  --------------  -------------------
/opt/airflow/dags/airflow.py                           0           1  0.25s           2026-08-11T18:59:29
================================================================================
[2026-08-11T18:59:49.539+0000] {manager.py:755} INFO - Searching for files in /opt/airflow/dags
[2026-08-11T18:59:49.543+0000] {manager.py:758} INFO - There are 1 files in /opt/airflow/dags
[2026-08-11T19:28:06.887+0000] {manager.py:755} INFO - Searching for files in /opt/airflow/dags
[2026-08-11T19:28:06.890+0000] {manager.py:758} INFO - There are 1 files in /opt/airflow/dags
[2026-08-11T19:28:15.046+0000] {manager.py:887} INFO - 
================================================================================
DAG File Processing Stats

File Path                     PID    Runtime      # DAGs    # Errors  Last Runtime    Last Run
----------------------------  -----  ---------  --------  ----------  --------------  -------------------
/opt/airflow/dags/airflow.py                           0           1  0.15s           2026-08-11T19:28:07
================================================================================
[2026-08-11T19:28:27.165+0000] {manager.py:755} INFO - Searching for files in /opt/airflow/dags
[2026-08-11T19:28:27.173+0000] {manager.py:758} INFO - There are 1 files in /opt/airflow/dags
[2026-08-11T19:32:21.236+0000] {manager.py:755} INFO - Searching for files in /opt/airflow/dags
[2026-08-11T19:32:21.240+0000] {manager.py:758} INFO - There are 1 files in /opt/airflow/dags
[2026-08-11T19:32:29.382+0000] {manager.py:887} INFO - 
================================================================================
DAG File Processing Stats

File Path                     PID    Runtime      # DAGs    # Errors  Last Runtime    Last Run
----------------------------  -----  ---------  --------  ----------  --------------  -------------------
/opt/airflow/dags/airflow.py                           0           1  0.31s           2026-08-11T19:32:21
================================================================================
[2026-08-11T19:32:41.482+0000] {manager.py:755} INFO - Searching for files in /opt/airflow/dags
[2026-08-11T19:32:41.489+0000] {manager.py:758} INFO - There are 1 files in /opt/airflow/dags
[2026-08-11T19:32:59.665+0000] {manager.py:887} INFO - 
================================================================================
DAG File Processing Stats

File Path                     PID    Runtime      # DAGs    # Errors  Last Runtime    Last Run
----------------------------  -----  ---------  --------  ----------  --------------  -------------------
/opt/airflow/dags/airflow.py                           0           1  0.17s           2026-08-11T19:32:51
================================================================================
[2026-08-11T19:33:01.689+0000] {manager.py:755} INFO - Searching for files in /opt/airflow/dags
[2026-08-11T19:33:01.697+0000] {manager.py:758} INFO - There are 1 files in /opt/airflow/dags
[2026-08-11T19:33:21.897+0000] {manager.py:755} INFO - Searching for files in /opt/airflow/dags
[2026-08-11T19:33:21.903+0000] {manager.py:758} INFO - There are 1 files in /opt/airflow/dags
[2026-08-11T19:33:30.058+0000] {manager.py:887} INFO - 
================================================================================
DAG File Processing Stats

File Path                     PID    Runtime      # DAGs    # Errors  Last Runtime    Last Run
----------------------------  -----  ---------  --------  ----------  --------------  -------------------
/opt/airflow/dags/airflow.py                           0           1  0.21s           2026-08-11T19:33:22
================================================================================
[2026-08-11T19:33:42.185+0000] {manager.py:755} INFO - Searching for files in /opt/airflow/dags
[2026-08-11T19:33:42.192+0000] {manager.py:758} INFO - There are 1 files in /opt/airflow/dags
[2026-08-11T19:34:00.399+0000] {manager.py:887} INFO - 
================================================================================
DAG File Processing Stats

File Path                     PID    Runtime      # DAGs    # Errors  Last Runtime    Last Run
----------------------------  -----  ---------  --------  ----------  --------------  -------------------
/opt/airflow/dags/airflow.py                           0           1  0.16s           2026-08-11T19:33:52
================================================================================
[2026-08-11T19:34:02.416+0000] {manager.py:755} INFO - Searching for files in /opt/airflow/dags
[2026-08-11T19:34:02.423+0000] {manager.py:758} INFO - There are 1 files in /opt/airflow/dags
[2026-08-11T19:34:22.597+0000] {manager.py:755} INFO - Searching for files in /opt/airflow/dags
[2026-08-11T19:34:22.603+0000] {manager.py:758} INFO - There are 1 files in /opt/airflow/dags
[2026-08-11T19:34:30.733+0000] {manager.py:887} INFO - 
================================================================================
DAG File Processing Stats

File Path                     PID    Runtime      # DAGs    # Errors  Last Runtime    Last Run
----------------------------  -----  ---------  --------  ----------  --------------  -------------------
/opt/airflow/dags/airflow.py                           0           1  0.16s           2026-08-11T19:34:22
================================================================================
[2026-08-11T19:34:42.838+0000] {manager.py:755} INFO - Searching for files in /opt/airflow/dags
[2026-08-11T19:34:42.843+0000] {manager.py:758} INFO - There are 1 files in /opt/airflow/dags
[2026-08-11T19:35:01.048+0000] {manager.py:887} INFO - 
================================================================================
DAG File Processing Stats

File Path                     PID    Runtime      # DAGs    # Errors  Last Runtime    Last Run
----------------------------  -----  ---------  --------  ----------  --------------  -------------------
/opt/airflow/dags/airflow.py                           0           1  0.20s           2026-08-11T19:34:53
================================================================================
[2026-08-11T19:35:03.063+0000] {manager.py:755} INFO - Searching for files in /opt/airflow/dags
[2026-08-11T19:35:03.071+0000] {manager.py:758} INFO - There are 1 files in /opt/airflow/dags
[2026-08-11T19:35:23.221+0000] {manager.py:755} INFO - Searching for files in /opt/airflow/dags
[2026-08-11T19:35:23.228+0000] {manager.py:758} INFO - There are 1 files in /opt/airflow/dags
[2026-08-11T19:35:31.440+0000] {manager.py:887} INFO - 
================================================================================
DAG File Processing Stats

File Path                     PID    Runtime      # DAGs    # Errors  Last Runtime    Last Run
----------------------------  -----  ---------  --------  ----------  --------------  -------------------
/opt/airflow/dags/airflow.py                           0           1  0.15s           2026-08-11T19:35:23
================================================================================
[2026-08-11T19:35:43.527+0000] {manager.py:755} INFO - Searching for files in /opt/airflow/dags
[2026-08-11T19:35:43.536+0000] {manager.py:758} INFO - There are 1 files in /opt/airflow/dags
[2026-08-11T19:36:01.705+0000] {manager.py:887} INFO - 
================================================================================
DAG File Processing Stats

File Path                     PID    Runtime      # DAGs    # Errors  Last Runtime    Last Run
----------------------------  -----  ---------  --------  ----------  --------------  -------------------
/opt/airflow/dags/airflow.py                           0           1  0.16s           2026-08-11T19:35:53
================================================================================
[2026-08-11T19:36:03.721+0000] {manager.py:755} INFO - Searching for files in /opt/airflow/dags
[2026-08-11T19:36:03.726+0000] {manager.py:758} INFO - There are 1 files in /opt/airflow/dags
[2026-08-11T19:36:23.908+0000] {manager.py:755} INFO - Searching for files in /opt/airflow/dags
[2026-08-11T19:36:23.914+0000] {manager.py:758} INFO - There are 1 files in /opt/airflow/dags
[2026-08-11T19:36:32.076+0000] {manager.py:887} INFO - 
================================================================================
DAG File Processing Stats

File Path                     PID    Runtime      # DAGs    # Errors  Last Runtime    Last Run
----------------------------  -----  ---------  --------  ----------  --------------  -------------------
/opt/airflow/dags/airflow.py                           0           1  0.16s           2026-08-11T19:36:24
================================================================================
[2026-08-11T19:36:44.175+0000] {manager.py:755} INFO - Searching for files in /opt/airflow/dags
[2026-08-11T19:36:44.183+0000] {manager.py:758} INFO - There are 1 files in /opt/airflow/dags
[2026-08-11T19:37:02.357+0000] {manager.py:887} INFO - 
================================================================================
DAG File Processing Stats

File Path                     PID    Runtime      # DAGs    # Errors  Last Runtime    Last Run
----------------------------  -----  ---------  --------  ----------  --------------  -------------------
/opt/airflow/dags/airflow.py                           0           1  0.31s           2026-08-11T19:36:54
================================================================================
[2026-08-11T19:37:04.369+0000] {manager.py:755} INFO - Searching for files in /opt/airflow/dags
[2026-08-11T19:37:04.372+0000] {manager.py:758} INFO - There are 1 files in /opt/airflow/dags
[2026-08-11T19:37:24.567+0000] {manager.py:755} INFO - Searching for files in /opt/airflow/dags
[2026-08-11T19:37:24.574+0000] {manager.py:758} INFO - There are 1 files in /opt/airflow/dags
[2026-08-11T19:37:32.937+0000] {manager.py:887} INFO - 
================================================================================
DAG File Processing Stats

File Path                     PID    Runtime      # DAGs    # Errors  Last Runtime    Last Run
----------------------------  -----  ---------  --------  ----------  --------------  -------------------
/opt/airflow/dags/airflow.py                           0           1  0.16s           2026-08-11T19:37:25
================================================================================
[2026-08-11T19:37:45.046+0000] {manager.py:755} INFO - Searching for files in /opt/airflow/dags
[2026-08-11T19:37:45.054+0000] {manager.py:758} INFO - There are 1 files in /opt/airflow/dags
[2026-08-11T19:38:03.331+0000] {manager.py:887} INFO - 
================================================================================
DAG File Processing Stats

File Path                     PID    Runtime      # DAGs    # Errors  Last Runtime    Last Run
----------------------------  -----  ---------  --------  ----------  --------------  -------------------
/opt/airflow/dags/airflow.py                           0           1  0.19s           2026-08-11T19:37:55
================================================================================
[2026-08-11T19:38:05.349+0000] {manager.py:755} INFO - Searching for files in /opt/airflow/dags
[2026-08-11T19:38:05.355+0000] {manager.py:758} INFO - There are 1 files in /opt/airflow/dags
[2026-08-11T19:38:25.547+0000] {manager.py:755} INFO - Searching for files in /opt/airflow/dags
[2026-08-11T19:38:25.550+0000] {manager.py:758} INFO - There are 1 files in /opt/airflow/dags
[2026-08-11T19:38:33.685+0000] {manager.py:887} INFO - 
================================================================================
DAG File Processing Stats

File Path                     PID    Runtime      # DAGs    # Errors  Last Runtime    Last Run
----------------------------  -----  ---------  --------  ----------  --------------  -------------------
/opt/airflow/dags/airflow.py                           0           1  0.14s           2026-08-11T19:38:25
================================================================================
[2026-08-11T19:38:45.819+0000] {manager.py:755} INFO - Searching for files in /opt/airflow/dags
[2026-08-11T19:38:45.824+0000] {manager.py:758} INFO - There are 1 files in /opt/airflow/dags
[2026-08-11T19:39:04.051+0000] {manager.py:887} INFO - 
================================================================================
DAG File Processing Stats

File Path                     PID    Runtime      # DAGs    # Errors  Last Runtime    Last Run
----------------------------  -----  ---------  --------  ----------  --------------  -------------------
/opt/airflow/dags/airflow.py                           0           1  0.16s           2026-08-11T19:38:56
================================================================================
[2026-08-11T19:39:06.075+0000] {manager.py:755} INFO - Searching for files in /opt/airflow/dags
[2026-08-11T19:39:06.081+0000] {manager.py:758} INFO - There are 1 files in /opt/airflow/dags
[2026-08-11T19:39:26.292+0000] {manager.py:755} INFO - Searching for files in /opt/airflow/dags
[2026-08-11T19:39:26.299+0000] {manager.py:758} INFO - There are 1 files in /opt/airflow/dags
[2026-08-11T19:39:34.419+0000] {manager.py:887} INFO - 
================================================================================
DAG File Processing Stats

File Path                     PID    Runtime      # DAGs    # Errors  Last Runtime    Last Run
----------------------------  -----  ---------  --------  ----------  --------------  -------------------
/opt/airflow/dags/airflow.py                           0           1  0.14s           2026-08-11T19:39:26
================================================================================
[2026-08-11T19:39:46.539+0000] {manager.py:755} INFO - Searching for files in /opt/airflow/dags
[2026-08-11T19:39:46.547+0000] {manager.py:758} INFO - There are 1 files in /opt/airflow/dags
[2026-08-11T19:40:04.823+0000] {manager.py:887} INFO - 
================================================================================
DAG File Processing Stats

File Path                     PID    Runtime      # DAGs    # Errors  Last Runtime    Last Run
----------------------------  -----  ---------  --------  ----------  --------------  -------------------
/opt/airflow/dags/airflow.py                           0           1  0.15s           2026-08-11T19:39:56
================================================================================
[2026-08-11T19:40:06.848+0000] {manager.py:755} INFO - Searching for files in /opt/airflow/dags
[2026-08-11T19:40:06.855+0000] {manager.py:758} INFO - There are 1 files in /opt/airflow/dags
[2026-08-11T19:40:27.056+0000] {manager.py:755} INFO - Searching for files in /opt/airflow/dags
[2026-08-11T19:40:27.062+0000] {manager.py:758} INFO - There are 1 files in /opt/airflow/dags
[2026-08-11T19:40:35.167+0000] {manager.py:887} INFO - 
================================================================================
DAG File Processing Stats

File Path                     PID    Runtime      # DAGs    # Errors  Last Runtime    Last Run
----------------------------  -----  ---------  --------  ----------  --------------  -------------------
/opt/airflow/dags/airflow.py                           0           1  0.14s           2026-08-11T19:40:27
================================================================================
[2026-08-11T19:40:47.281+0000] {manager.py:755} INFO - Searching for files in /opt/airflow/dags
[2026-08-11T19:40:47.288+0000] {manager.py:758} INFO - There are 1 files in /opt/airflow/dags
[2026-08-11T19:41:05.541+0000] {manager.py:887} INFO - 
================================================================================
DAG File Processing Stats

File Path                     PID    Runtime      # DAGs    # Errors  Last Runtime    Last Run
----------------------------  -----  ---------  --------  ----------  --------------  -------------------
/opt/airflow/dags/airflow.py                           0           1  0.23s           2026-08-11T19:40:57
================================================================================
[2026-08-11T19:41:07.553+0000] {manager.py:755} INFO - Searching for files in /opt/airflow/dags
[2026-08-11T19:41:07.557+0000] {manager.py:758} INFO - There are 1 files in /opt/airflow/dags
[2026-08-11T19:41:27.706+0000] {manager.py:755} INFO - Searching for files in /opt/airflow/dags
[2026-08-11T19:41:27.713+0000] {manager.py:758} INFO - There are 1 files in /opt/airflow/dags
[2026-08-11T19:41:35.842+0000] {manager.py:887} INFO - 
================================================================================
DAG File Processing Stats

File Path                     PID    Runtime      # DAGs    # Errors  Last Runtime    Last Run
----------------------------  -----  ---------  --------  ----------  --------------  -------------------
/opt/airflow/dags/airflow.py                           0           1  0.18s           2026-08-11T19:41:27
================================================================================
[2026-08-11T19:41:47.924+0000] {manager.py:755} INFO - Searching for files in /opt/airflow/dags
[2026-08-11T19:41:47.930+0000] {manager.py:758} INFO - There are 1 files in /opt/airflow/dags
[2026-08-11T19:42:06.187+0000] {manager.py:887} INFO - 
================================================================================
DAG File Processing Stats

File Path                     PID    Runtime      # DAGs    # Errors  Last Runtime    Last Run
----------------------------  -----  ---------  --------  ----------  --------------  -------------------
/opt/airflow/dags/airflow.py                           0           1  0.16s           2026-08-11T19:41:58
================================================================================
[2026-08-11T19:42:08.200+0000] {manager.py:755} INFO - Searching for files in /opt/airflow/dags
[2026-08-11T19:42:08.207+0000] {manager.py:758} INFO - There are 1 files in /opt/airflow/dags
[2026-08-11T19:42:28.380+0000] {manager.py:755} INFO - Searching for files in /opt/airflow/dags
[2026-08-11T19:42:28.384+0000] {manager.py:758} INFO - There are 1 files in /opt/airflow/dags
[2026-08-11T19:42:36.467+0000] {manager.py:887} INFO - 
================================================================================
DAG File Processing Stats

File Path                     PID    Runtime      # DAGs    # Errors  Last Runtime    Last Run
----------------------------  -----  ---------  --------  ----------  --------------  -------------------
/opt/airflow/dags/airflow.py                           0           1  0.20s           2026-08-11T19:42:28
================================================================================
[2026-08-11T19:42:48.572+0000] {manager.py:755} INFO - Searching for files in /opt/airflow/dags
[2026-08-11T19:42:48.578+0000] {manager.py:758} INFO - There are 1 files in /opt/airflow/dags
[2026-08-11T19:43:06.871+0000] {manager.py:887} INFO - 
================================================================================
DAG File Processing Stats

File Path                     PID    Runtime      # DAGs    # Errors  Last Runtime    Last Run
----------------------------  -----  ---------  --------  ----------  --------------  -------------------
/opt/airflow/dags/airflow.py                           0           1  0.27s           2026-08-11T19:42:58
================================================================================
[2026-08-11T19:43:08.891+0000] {manager.py:755} INFO - Searching for files in /opt/airflow/dags
[2026-08-11T19:43:08.898+0000] {manager.py:758} INFO - There are 1 files in /opt/airflow/dags
[2026-08-11T19:43:29.072+0000] {manager.py:755} INFO - Searching for files in /opt/airflow/dags
[2026-08-11T19:43:29.079+0000] {manager.py:758} INFO - There are 1 files in /opt/airflow/dags
[2026-08-11T19:43:37.273+0000] {manager.py:887} INFO - 
================================================================================
DAG File Processing Stats

File Path                     PID    Runtime      # DAGs    # Errors  Last Runtime    Last Run
----------------------------  -----  ---------  --------  ----------  --------------  -------------------
/opt/airflow/dags/airflow.py                           0           1  0.16s           2026-08-11T19:43:29
================================================================================
[2026-08-11T19:43:49.364+0000] {manager.py:755} INFO - Searching for files in /opt/airflow/dags
[2026-08-11T19:43:49.369+0000] {manager.py:758} INFO - There are 1 files in /opt/airflow/dags
[2026-08-11T19:44:07.526+0000] {manager.py:887} INFO - 
================================================================================
DAG File Processing Stats

File Path                     PID    Runtime      # DAGs    # Errors  Last Runtime    Last Run
----------------------------  -----  ---------  --------  ----------  --------------  -------------------
/opt/airflow/dags/airflow.py                           0           1  0.19s           2026-08-11T19:43:59
================================================================================
[2026-08-11T19:44:09.541+0000] {manager.py:755} INFO - Searching for files in /opt/airflow/dags
[2026-08-11T19:44:09.548+0000] {manager.py:758} INFO - There are 1 files in /opt/airflow/dags
[2026-08-11T19:44:29.707+0000] {manager.py:755} INFO - Searching for files in /opt/airflow/dags
[2026-08-11T19:44:29.713+0000] {manager.py:758} INFO - There are 1 files in /opt/airflow/dags
[2026-08-11T19:44:37.907+0000] {manager.py:887} INFO - 
================================================================================
DAG File Processing Stats

File Path                     PID    Runtime      # DAGs    # Errors  Last Runtime    Last Run
----------------------------  -----  ---------  --------  ----------  --------------  -------------------
/opt/airflow/dags/airflow.py                           0           1  0.15s           2026-08-11T19:44:29
================================================================================
[2026-08-11T19:44:49.995+0000] {manager.py:755} INFO - Searching for files in /opt/airflow/dags
[2026-08-11T19:44:50.003+0000] {manager.py:758} INFO - There are 1 files in /opt/airflow/dags
[2026-08-11T19:45:08.165+0000] {manager.py:887} INFO - 
================================================================================
DAG File Processing Stats

File Path                     PID    Runtime      # DAGs    # Errors  Last Runtime    Last Run
----------------------------  -----  ---------  --------  ----------  --------------  -------------------
/opt/airflow/dags/airflow.py                           0           1  0.36s           2026-08-11T19:45:00
================================================================================
[2026-08-11T19:45:10.179+0000] {manager.py:755} INFO - Searching for files in /opt/airflow/dags
[2026-08-11T19:45:10.185+0000] {manager.py:758} INFO - There are 1 files in /opt/airflow/dags
[2026-08-11T19:45:30.357+0000] {manager.py:755} INFO - Searching for files in /opt/airflow/dags
[2026-08-11T19:45:30.363+0000] {manager.py:758} INFO - There are 1 files in /opt/airflow/dags
[2026-08-11T19:45:38.723+0000] {manager.py:887} INFO - 
================================================================================
DAG File Processing Stats

File Path                     PID    Runtime      # DAGs    # Errors  Last Runtime    Last Run
----------------------------  -----  ---------  --------  ----------  --------------  -------------------
/opt/airflow/dags/airflow.py                           0           1  0.17s           2026-08-11T19:45:30
================================================================================
[2026-08-11T19:45:50.819+0000] {manager.py:755} INFO - Searching for files in /opt/airflow/dags
[2026-08-11T19:45:50.826+0000] {manager.py:758} INFO - There are 1 files in /opt/airflow/dags
[2026-08-11T19:46:09.079+0000] {manager.py:887} INFO - 
================================================================================
DAG File Processing Stats

File Path                     PID    Runtime      # DAGs    # Errors  Last Runtime    Last Run
----------------------------  -----  ---------  --------  ----------  --------------  -------------------
/opt/airflow/dags/airflow.py                           0           1  0.19s           2026-08-11T19:46:01
================================================================================
[2026-08-11T19:46:11.096+0000] {manager.py:755} INFO - Searching for files in /opt/airflow/dags
[2026-08-11T19:46:11.103+0000] {manager.py:758} INFO - There are 1 files in /opt/airflow/dags
[2026-08-11T19:46:31.267+0000] {manager.py:755} INFO - Searching for files in /opt/airflow/dags
[2026-08-11T19:46:31.273+0000] {manager.py:758} INFO - There are 1 files in /opt/airflow/dags
[2026-08-11T19:46:39.347+0000] {manager.py:887} INFO - 
================================================================================
DAG File Processing Stats

File Path                     PID    Runtime      # DAGs    # Errors  Last Runtime    Last Run
----------------------------  -----  ---------  --------  ----------  --------------  -------------------
/opt/airflow/dags/airflow.py                           0           1  0.16s           2026-08-11T19:46:31
================================================================================
[2026-08-11T19:46:51.443+0000] {manager.py:755} INFO - Searching for files in /opt/airflow/dags
[2026-08-11T19:46:51.448+0000] {manager.py:758} INFO - There are 1 files in /opt/airflow/dags
[2026-08-11T19:47:09.731+0000] {manager.py:887} INFO - 
================================================================================
DAG File Processing Stats

File Path                     PID    Runtime      # DAGs    # Errors  Last Runtime    Last Run
----------------------------  -----  ---------  --------  ----------  --------------  -------------------
/opt/airflow/dags/airflow.py                           0           1  0.32s           2026-08-11T19:47:01
================================================================================
[2026-08-11T19:47:11.747+0000] {manager.py:755} INFO - Searching for files in /opt/airflow/dags
[2026-08-11T19:47:11.754+0000] {manager.py:758} INFO - There are 1 files in /opt/airflow/dags
[2026-08-11T19:47:31.906+0000] {manager.py:755} INFO - Searching for files in /opt/airflow/dags
[2026-08-11T19:47:31.911+0000] {manager.py:758} INFO - There are 1 files in /opt/airflow/dags
[2026-08-11T19:47:40.115+0000] {manager.py:887} INFO - 
================================================================================
DAG File Processing Stats

File Path                     PID    Runtime      # DAGs    # Errors  Last Runtime    Last Run
----------------------------  -----  ---------  --------  ----------  --------------  -------------------
/opt/airflow/dags/airflow.py                           0           1  0.18s           2026-08-11T19:47:32
================================================================================
[2026-08-11T19:47:52.217+0000] {manager.py:755} INFO - Searching for files in /opt/airflow/dags
[2026-08-11T19:47:52.221+0000] {manager.py:758} INFO - There are 1 files in /opt/airflow/dags
[2026-08-11T19:48:10.406+0000] {manager.py:887} INFO - 
================================================================================
DAG File Processing Stats

File Path                     PID    Runtime      # DAGs    # Errors  Last Runtime    Last Run
----------------------------  -----  ---------  --------  ----------  --------------  -------------------
/opt/airflow/dags/airflow.py                           0           1  0.26s           2026-08-11T19:48:02
================================================================================
[2026-08-11T19:48:12.424+0000] {manager.py:755} INFO - Searching for files in /opt/airflow/dags
[2026-08-11T19:48:12.429+0000] {manager.py:758} INFO - There are 1 files in /opt/airflow/dags
[2026-08-11T19:48:32.577+0000] {manager.py:755} INFO - Searching for files in /opt/airflow/dags
[2026-08-11T19:48:32.585+0000] {manager.py:758} INFO - There are 1 files in /opt/airflow/dags
[2026-08-11T19:48:40.661+0000] {manager.py:887} INFO - 
================================================================================
DAG File Processing Stats

File Path                     PID    Runtime      # DAGs    # Errors  Last Runtime    Last Run
----------------------------  -----  ---------  --------  ----------  --------------  -------------------
/opt/airflow/dags/airflow.py                           0           1  0.18s           2026-08-11T19:48:32
================================================================================
[2026-08-11T19:48:52.727+0000] {manager.py:755} INFO - Searching for files in /opt/airflow/dags
[2026-08-11T19:48:52.731+0000] {manager.py:758} INFO - There are 1 files in /opt/airflow/dags
[2026-08-11T19:49:11.022+0000] {manager.py:887} INFO - 
================================================================================
DAG File Processing Stats

File Path                     PID    Runtime      # DAGs    # Errors  Last Runtime    Last Run
----------------------------  -----  ---------  --------  ----------  --------------  -------------------
/opt/airflow/dags/airflow.py                           0           1  0.23s           2026-08-11T19:49:03
================================================================================
[2026-08-11T19:49:13.035+0000] {manager.py:755} INFO - Searching for files in /opt/airflow/dags
[2026-08-11T19:49:13.041+0000] {manager.py:758} INFO - There are 1 files in /opt/airflow/dags
[2026-08-11T19:49:33.213+0000] {manager.py:755} INFO - Searching for files in /opt/airflow/dags
[2026-08-11T19:49:33.219+0000] {manager.py:758} INFO - There are 1 files in /opt/airflow/dags
[2026-08-11T19:49:41.311+0000] {manager.py:887} INFO - 
================================================================================
DAG File Processing Stats

File Path                     PID    Runtime      # DAGs    # Errors  Last Runtime    Last Run
----------------------------  -----  ---------  --------  ----------  --------------  -------------------
/opt/airflow/dags/airflow.py                           0           1  0.19s           2026-08-11T19:49:33
================================================================================
[2026-08-11T19:49:53.413+0000] {manager.py:755} INFO - Searching for files in /opt/airflow/dags
[2026-08-11T19:49:53.416+0000] {manager.py:758} INFO - There are 1 files in /opt/airflow/dags
[2026-08-11T19:50:11.730+0000] {manager.py:887} INFO - 
================================================================================
DAG File Processing Stats

File Path                     PID    Runtime      # DAGs    # Errors  Last Runtime    Last Run
----------------------------  -----  ---------  --------  ----------  --------------  -------------------
/opt/airflow/dags/airflow.py                           0           1  0.20s           2026-08-11T19:50:03
================================================================================
[2026-08-11T19:50:13.747+0000] {manager.py:755} INFO - Searching for files in /opt/airflow/dags
[2026-08-11T19:50:13.749+0000] {manager.py:758} INFO - There are 1 files in /opt/airflow/dags
[2026-08-11T19:50:33.931+0000] {manager.py:755} INFO - Searching for files in /opt/airflow/dags
[2026-08-11T19:50:33.938+0000] {manager.py:758} INFO - There are 1 files in /opt/airflow/dags
[2026-08-11T19:50:42.009+0000] {manager.py:887} INFO - 
================================================================================
DAG File Processing Stats

File Path                     PID    Runtime      # DAGs    # Errors  Last Runtime    Last Run
----------------------------  -----  ---------  --------  ----------  --------------  -------------------
/opt/airflow/dags/airflow.py                           0           1  0.22s           2026-08-11T19:50:34
================================================================================
[2026-08-11T19:50:54.106+0000] {manager.py:755} INFO - Searching for files in /opt/airflow/dags
[2026-08-11T19:50:54.113+0000] {manager.py:758} INFO - There are 1 files in /opt/airflow/dags
[2026-08-11T19:51:12.443+0000] {manager.py:887} INFO - 
================================================================================
DAG File Processing Stats

File Path                     PID    Runtime      # DAGs    # Errors  Last Runtime    Last Run
----------------------------  -----  ---------  --------  ----------  --------------  -------------------
/opt/airflow/dags/airflow.py                           0           1  0.23s           2026-08-11T19:51:04
================================================================================
[2026-08-11T19:51:14.466+0000] {manager.py:755} INFO - Searching for files in /opt/airflow/dags
[2026-08-11T19:51:14.472+0000] {manager.py:758} INFO - There are 1 files in /opt/airflow/dags
[2026-08-11T19:51:34.639+0000] {manager.py:755} INFO - Searching for files in /opt/airflow/dags
[2026-08-11T19:51:34.643+0000] {manager.py:758} INFO - There are 1 files in /opt/airflow/dags
[2026-08-11T19:51:42.725+0000] {manager.py:887} INFO - 
================================================================================
DAG File Processing Stats

File Path                     PID    Runtime      # DAGs    # Errors  Last Runtime    Last Run
----------------------------  -----  ---------  --------  ----------  --------------  -------------------
/opt/airflow/dags/airflow.py                           0           1  0.18s           2026-08-11T19:51:34
================================================================================
[2026-08-11T19:51:54.835+0000] {manager.py:755} INFO - Searching for files in /opt/airflow/dags
[2026-08-11T19:51:54.843+0000] {manager.py:758} INFO - There are 1 files in /opt/airflow/dags
[2026-08-11T19:52:13.077+0000] {manager.py:887} INFO - 
================================================================================
DAG File Processing Stats

File Path                     PID    Runtime      # DAGs    # Errors  Last Runtime    Last Run
----------------------------  -----  ---------  --------  ----------  --------------  -------------------
/opt/airflow/dags/airflow.py                           0           1  0.23s           2026-08-11T19:52:05
================================================================================
[2026-08-11T19:52:15.088+0000] {manager.py:755} INFO - Searching for files in /opt/airflow/dags
[2026-08-11T19:52:15.093+0000] {manager.py:758} INFO - There are 1 files in /opt/airflow/dags
[2026-08-11T19:52:35.257+0000] {manager.py:755} INFO - Searching for files in /opt/airflow/dags
[2026-08-11T19:52:35.263+0000] {manager.py:758} INFO - There are 1 files in /opt/airflow/dags
[2026-08-11T19:52:43.401+0000] {manager.py:887} INFO - 
================================================================================
DAG File Processing Stats

File Path                     PID    Runtime      # DAGs    # Errors  Last Runtime    Last Run
----------------------------  -----  ---------  --------  ----------  --------------  -------------------
/opt/airflow/dags/airflow.py                           0           1  0.20s           2026-08-11T19:52:35
================================================================================
[2026-08-11T19:52:55.494+0000] {manager.py:755} INFO - Searching for files in /opt/airflow/dags
[2026-08-11T19:52:55.497+0000] {manager.py:758} INFO - There are 1 files in /opt/airflow/dags
[2026-08-11T19:53:13.701+0000] {manager.py:887} INFO - 
================================================================================
DAG File Processing Stats

File Path                     PID    Runtime      # DAGs    # Errors  Last Runtime    Last Run
----------------------------  -----  ---------  --------  ----------  --------------  -------------------
/opt/airflow/dags/airflow.py                           0           1  0.22s           2026-08-11T19:53:05
================================================================================
[2026-08-11T19:53:15.711+0000] {manager.py:755} INFO - Searching for files in /opt/airflow/dags
[2026-08-11T19:53:15.714+0000] {manager.py:758} INFO - There are 1 files in /opt/airflow/dags
[2026-08-11T19:53:35.841+0000] {manager.py:755} INFO - Searching for files in /opt/airflow/dags
[2026-08-11T19:53:35.844+0000] {manager.py:758} INFO - There are 1 files in /opt/airflow/dags
[2026-08-11T19:53:43.897+0000] {manager.py:887} INFO - 
================================================================================
DAG File Processing Stats

File Path                     PID    Runtime      # DAGs    # Errors  Last Runtime    Last Run
----------------------------  -----  ---------  --------  ----------  --------------  -------------------
/opt/airflow/dags/airflow.py                           0           1  0.16s           2026-08-11T19:53:36
================================================================================
[2026-08-11T19:53:55.980+0000] {manager.py:755} INFO - Searching for files in /opt/airflow/dags
[2026-08-11T19:53:55.984+0000] {manager.py:758} INFO - There are 1 files in /opt/airflow/dags
[2026-08-11T19:54:14.268+0000] {manager.py:887} INFO - 
================================================================================
DAG File Processing Stats

File Path                     PID    Runtime      # DAGs    # Errors  Last Runtime    Last Run
----------------------------  -----  ---------  --------  ----------  --------------  -------------------
/opt/airflow/dags/airflow.py                           0           1  0.18s           2026-08-11T19:54:06
================================================================================
[2026-08-11T19:54:16.284+0000] {manager.py:755} INFO - Searching for files in /opt/airflow/dags
[2026-08-11T19:54:16.289+0000] {manager.py:758} INFO - There are 1 files in /opt/airflow/dags
[2026-08-11T19:54:36.455+0000] {manager.py:755} INFO - Searching for files in /opt/airflow/dags
[2026-08-11T19:54:36.460+0000] {manager.py:758} INFO - There are 1 files in /opt/airflow/dags
[2026-08-11T19:54:44.537+0000] {manager.py:887} INFO - 
================================================================================
DAG File Processing Stats

File Path                     PID    Runtime      # DAGs    # Errors  Last Runtime    Last Run
----------------------------  -----  ---------  --------  ----------  --------------  -------------------
/opt/airflow/dags/airflow.py                           0           1  0.17s           2026-08-11T19:54:36
================================================================================
[2026-08-11T19:54:56.632+0000] {manager.py:755} INFO - Searching for files in /opt/airflow/dags
[2026-08-11T19:54:56.638+0000] {manager.py:758} INFO - There are 1 files in /opt/airflow/dags
[2026-08-11T19:55:14.868+0000] {manager.py:887} INFO - 
================================================================================
DAG File Processing Stats

File Path                     PID    Runtime      # DAGs    # Errors  Last Runtime    Last Run
----------------------------  -----  ---------  --------  ----------  --------------  -------------------
/opt/airflow/dags/airflow.py                           0           1  0.17s           2026-08-11T19:55:06
================================================================================
[2026-08-11T19:55:16.882+0000] {manager.py:755} INFO - Searching for files in /opt/airflow/dags
[2026-08-11T19:55:16.886+0000] {manager.py:758} INFO - There are 1 files in /opt/airflow/dags
[2026-08-11T19:55:37.020+0000] {manager.py:755} INFO - Searching for files in /opt/airflow/dags
[2026-08-11T19:55:37.024+0000] {manager.py:758} INFO - There are 1 files in /opt/airflow/dags
[2026-08-11T19:55:45.149+0000] {manager.py:887} INFO - 
================================================================================
DAG File Processing Stats

File Path                     PID    Runtime      # DAGs    # Errors  Last Runtime    Last Run
----------------------------  -----  ---------  --------  ----------  --------------  -------------------
/opt/airflow/dags/airflow.py                           0           1  0.20s           2026-08-11T19:55:37
================================================================================
[2026-08-11T19:55:57.235+0000] {manager.py:755} INFO - Searching for files in /opt/airflow/dags
[2026-08-11T19:55:57.240+0000] {manager.py:758} INFO - There are 1 files in /opt/airflow/dags
[2026-08-11T19:56:15.514+0000] {manager.py:887} INFO - 
================================================================================
DAG File Processing Stats

File Path                     PID    Runtime      # DAGs    # Errors  Last Runtime    Last Run
----------------------------  -----  ---------  --------  ----------  --------------  -------------------
/opt/airflow/dags/airflow.py                           0           1  0.17s           2026-08-11T19:56:07
================================================================================
[2026-08-11T19:56:17.539+0000] {manager.py:755} INFO - Searching for files in /opt/airflow/dags
[2026-08-11T19:56:17.546+0000] {manager.py:758} INFO - There are 1 files in /opt/airflow/dags
[2026-08-11T19:56:37.711+0000] {manager.py:755} INFO - Searching for files in /opt/airflow/dags
[2026-08-11T19:56:37.718+0000] {manager.py:758} INFO - There are 1 files in /opt/airflow/dags
[2026-08-11T19:56:45.799+0000] {manager.py:887} INFO - 
================================================================================
DAG File Processing Stats

File Path                     PID    Runtime      # DAGs    # Errors  Last Runtime    Last Run
----------------------------  -----  ---------  --------  ----------  --------------  -------------------
/opt/airflow/dags/airflow.py                           0           1  0.15s           2026-08-11T19:56:37
================================================================================
[2026-08-11T19:56:57.910+0000] {manager.py:755} INFO - Searching for files in /opt/airflow/dags
[2026-08-11T19:56:57.917+0000] {manager.py:758} INFO - There are 1 files in /opt/airflow/dags
[2026-08-11T19:57:16.145+0000] {manager.py:887} INFO - 
================================================================================
DAG File Processing Stats

File Path                     PID    Runtime      # DAGs    # Errors  Last Runtime    Last Run
----------------------------  -----  ---------  --------  ----------  --------------  -------------------
/opt/airflow/dags/airflow.py                           0           1  0.16s           2026-08-11T19:57:08
================================================================================
[2026-08-11T19:57:18.160+0000] {manager.py:755} INFO - Searching for files in /opt/airflow/dags
[2026-08-11T19:57:18.165+0000] {manager.py:758} INFO - There are 1 files in /opt/airflow/dags
[2026-08-11T19:57:38.351+0000] {manager.py:755} INFO - Searching for files in /opt/airflow/dags
[2026-08-11T19:57:38.356+0000] {manager.py:758} INFO - There are 1 files in /opt/airflow/dags
[2026-08-11T19:57:46.450+0000] {manager.py:887} INFO - 
================================================================================
DAG File Processing Stats

File Path                     PID    Runtime      # DAGs    # Errors  Last Runtime    Last Run
----------------------------  -----  ---------  --------  ----------  --------------  -------------------
/opt/airflow/dags/airflow.py                           0           1  0.19s           2026-08-11T19:57:38
================================================================================
[2026-08-11T19:57:58.545+0000] {manager.py:755} INFO - Searching for files in /opt/airflow/dags
[2026-08-11T19:57:58.553+0000] {manager.py:758} INFO - There are 1 files in /opt/airflow/dags
[2026-08-11T19:58:16.824+0000] {manager.py:887} INFO - 
================================================================================
DAG File Processing Stats

File Path                     PID    Runtime      # DAGs    # Errors  Last Runtime    Last Run
----------------------------  -----  ---------  --------  ----------  --------------  -------------------
/opt/airflow/dags/airflow.py                           0           1  0.17s           2026-08-11T19:58:08
================================================================================
[2026-08-11T19:58:18.842+0000] {manager.py:755} INFO - Searching for files in /opt/airflow/dags
[2026-08-11T19:58:18.849+0000] {manager.py:758} INFO - There are 1 files in /opt/airflow/dags
[2026-08-11T19:58:38.991+0000] {manager.py:755} INFO - Searching for files in /opt/airflow/dags
[2026-08-11T19:58:38.998+0000] {manager.py:758} INFO - There are 1 files in /opt/airflow/dags
[2026-08-11T19:58:47.081+0000] {manager.py:887} INFO - 
================================================================================
DAG File Processing Stats

File Path                     PID    Runtime      # DAGs    # Errors  Last Runtime    Last Run
----------------------------  -----  ---------  --------  ----------  --------------  -------------------
/opt/airflow/dags/airflow.py                           0           1  0.15s           2026-08-11T19:58:39
================================================================================
[2026-08-11T19:58:59.182+0000] {manager.py:755} INFO - Searching for files in /opt/airflow/dags
[2026-08-11T19:58:59.185+0000] {manager.py:758} INFO - There are 1 files in /opt/airflow/dags
[2026-08-11T19:59:17.359+0000] {manager.py:887} INFO - 
================================================================================
DAG File Processing Stats

File Path                     PID    Runtime      # DAGs    # Errors  Last Runtime    Last Run
----------------------------  -----  ---------  --------  ----------  --------------  -------------------
/opt/airflow/dags/airflow.py                           0           1  0.18s           2026-08-11T19:59:09
================================================================================
[2026-08-11T19:59:19.372+0000] {manager.py:755} INFO - Searching for files in /opt/airflow/dags
[2026-08-11T19:59:19.376+0000] {manager.py:758} INFO - There are 1 files in /opt/airflow/dags
[2026-08-11T19:59:39.502+0000] {manager.py:755} INFO - Searching for files in /opt/airflow/dags
[2026-08-11T19:59:39.505+0000] {manager.py:758} INFO - There are 1 files in /opt/airflow/dags
[2026-08-11T19:59:47.571+0000] {manager.py:887} INFO - 
================================================================================
DAG File Processing Stats

File Path                     PID    Runtime      # DAGs    # Errors  Last Runtime    Last Run
----------------------------  -----  ---------  --------  ----------  --------------  -------------------
/opt/airflow/dags/airflow.py                           0           1  0.17s           2026-08-11T19:59:39
================================================================================
[2026-08-11T19:59:59.647+0000] {manager.py:755} INFO - Searching for files in /opt/airflow/dags
[2026-08-11T19:59:59.651+0000] {manager.py:758} INFO - There are 1 files in /opt/airflow/dags
[2026-08-11T20:00:17.941+0000] {manager.py:887} INFO - 
================================================================================
DAG File Processing Stats

File Path                     PID    Runtime      # DAGs    # Errors  Last Runtime    Last Run
----------------------------  -----  ---------  --------  ----------  --------------  -------------------
/opt/airflow/dags/airflow.py                           0           1  0.22s           2026-08-11T20:00:09
================================================================================
[2026-08-11T20:00:19.958+0000] {manager.py:755} INFO - Searching for files in /opt/airflow/dags
[2026-08-11T20:00:19.962+0000] {manager.py:758} INFO - There are 1 files in /opt/airflow/dags
[2026-08-11T20:00:40.118+0000] {manager.py:755} INFO - Searching for files in /opt/airflow/dags
[2026-08-11T20:00:40.126+0000] {manager.py:758} INFO - There are 1 files in /opt/airflow/dags
[2026-08-11T20:00:48.195+0000] {manager.py:887} INFO - 
================================================================================
DAG File Processing Stats

File Path                     PID    Runtime      # DAGs    # Errors  Last Runtime    Last Run
----------------------------  -----  ---------  --------  ----------  --------------  -------------------
/opt/airflow/dags/airflow.py                           0           1  0.21s           2026-08-11T20:00:40
================================================================================
[2026-08-11T20:01:00.283+0000] {manager.py:755} INFO - Searching for files in /opt/airflow/dags
[2026-08-11T20:01:00.290+0000] {manager.py:758} INFO - There are 1 files in /opt/airflow/dags
[2026-08-11T20:01:18.617+0000] {manager.py:887} INFO - 
================================================================================
DAG File Processing Stats

File Path                     PID    Runtime      # DAGs    # Errors  Last Runtime    Last Run
----------------------------  -----  ---------  --------  ----------  --------------  -------------------
/opt/airflow/dags/airflow.py                           0           1  0.24s           2026-08-11T20:01:10
================================================================================
[2026-08-11T20:01:20.638+0000] {manager.py:755} INFO - Searching for files in /opt/airflow/dags
[2026-08-11T20:01:20.644+0000] {manager.py:758} INFO - There are 1 files in /opt/airflow/dags
[2026-08-11T20:01:40.813+0000] {manager.py:755} INFO - Searching for files in /opt/airflow/dags
[2026-08-11T20:01:40.821+0000] {manager.py:758} INFO - There are 1 files in /opt/airflow/dags
[2026-08-11T20:01:48.903+0000] {manager.py:887} INFO - 
================================================================================
DAG File Processing Stats

File Path                     PID    Runtime      # DAGs    # Errors  Last Runtime    Last Run
----------------------------  -----  ---------  --------  ----------  --------------  -------------------
/opt/airflow/dags/airflow.py                           0           1  0.15s           2026-08-11T20:01:40
================================================================================
[2026-08-11T20:02:01.019+0000] {manager.py:755} INFO - Searching for files in /opt/airflow/dags
[2026-08-11T20:02:01.027+0000] {manager.py:758} INFO - There are 1 files in /opt/airflow/dags
[2026-08-11T20:02:19.247+0000] {manager.py:887} INFO - 
================================================================================
DAG File Processing Stats

File Path                     PID    Runtime      # DAGs    # Errors  Last Runtime    Last Run
----------------------------  -----  ---------  --------  ----------  --------------  -------------------
/opt/airflow/dags/airflow.py                           0           1  0.16s           2026-08-11T20:02:11
================================================================================
[2026-08-11T20:02:21.280+0000] {manager.py:755} INFO - Searching for files in /opt/airflow/dags
[2026-08-11T20:02:21.286+0000] {manager.py:758} INFO - There are 1 files in /opt/airflow/dags
[2026-08-11T20:02:41.458+0000] {manager.py:755} INFO - Searching for files in /opt/airflow/dags
[2026-08-11T20:02:41.465+0000] {manager.py:758} INFO - There are 1 files in /opt/airflow/dags
[2026-08-11T20:02:49.550+0000] {manager.py:887} INFO - 
================================================================================
DAG File Processing Stats

File Path                     PID    Runtime      # DAGs    # Errors  Last Runtime    Last Run
----------------------------  -----  ---------  --------  ----------  --------------  -------------------
/opt/airflow/dags/airflow.py                           0           1  0.16s           2026-08-11T20:02:41
================================================================================
[2026-08-11T20:03:01.652+0000] {manager.py:755} INFO - Searching for files in /opt/airflow/dags
[2026-08-11T20:03:01.660+0000] {manager.py:758} INFO - There are 1 files in /opt/airflow/dags
[2026-08-11T20:03:19.885+0000] {manager.py:887} INFO - 
================================================================================
DAG File Processing Stats

File Path                     PID    Runtime      # DAGs    # Errors  Last Runtime    Last Run
----------------------------  -----  ---------  --------  ----------  --------------  -------------------
/opt/airflow/dags/airflow.py                           0           1  0.21s           2026-08-11T20:03:11
================================================================================
[2026-08-11T20:03:21.897+0000] {manager.py:755} INFO - Searching for files in /opt/airflow/dags
[2026-08-11T20:03:21.904+0000] {manager.py:758} INFO - There are 1 files in /opt/airflow/dags
[2026-08-11T20:03:42.073+0000] {manager.py:755} INFO - Searching for files in /opt/airflow/dags
[2026-08-11T20:03:42.078+0000] {manager.py:758} INFO - There are 1 files in /opt/airflow/dags
[2026-08-11T20:03:50.222+0000] {manager.py:887} INFO - 
================================================================================
DAG File Processing Stats

File Path                     PID    Runtime      # DAGs    # Errors  Last Runtime    Last Run
----------------------------  -----  ---------  --------  ----------  --------------  -------------------
/opt/airflow/dags/airflow.py                           0           1  0.16s           2026-08-11T20:03:42
================================================================================
[2026-08-11T20:04:02.329+0000] {manager.py:755} INFO - Searching for files in /opt/airflow/dags
[2026-08-11T20:04:02.339+0000] {manager.py:758} INFO - There are 1 files in /opt/airflow/dags
[2026-08-11T20:04:20.534+0000] {manager.py:887} INFO - 
================================================================================
DAG File Processing Stats

File Path                     PID    Runtime      # DAGs    # Errors  Last Runtime    Last Run
----------------------------  -----  ---------  --------  ----------  --------------  -------------------
/opt/airflow/dags/airflow.py                           0           1  0.21s           2026-08-11T20:04:12
================================================================================
[2026-08-11T20:04:22.550+0000] {manager.py:755} INFO - Searching for files in /opt/airflow/dags
[2026-08-11T20:04:22.557+0000] {manager.py:758} INFO - There are 1 files in /opt/airflow/dags
[2026-08-11T20:04:42.752+0000] {manager.py:755} INFO - Searching for files in /opt/airflow/dags
[2026-08-11T20:04:42.758+0000] {manager.py:758} INFO - There are 1 files in /opt/airflow/dags
[2026-08-11T20:04:50.971+0000] {manager.py:887} INFO - 
================================================================================
DAG File Processing Stats

File Path                     PID    Runtime      # DAGs    # Errors  Last Runtime    Last Run
----------------------------  -----  ---------  --------  ----------  --------------  -------------------
/opt/airflow/dags/airflow.py                           0           1  0.16s           2026-08-11T20:04:42
================================================================================
[2026-08-11T20:05:03.072+0000] {manager.py:755} INFO - Searching for files in /opt/airflow/dags
[2026-08-11T20:05:03.080+0000] {manager.py:758} INFO - There are 1 files in /opt/airflow/dags
[2026-08-11T20:05:21.237+0000] {manager.py:887} INFO - 
================================================================================
DAG File Processing Stats

File Path                     PID    Runtime      # DAGs    # Errors  Last Runtime    Last Run
----------------------------  -----  ---------  --------  ----------  --------------  -------------------
/opt/airflow/dags/airflow.py                           0           1  0.19s           2026-08-11T20:05:13
================================================================================
[2026-08-11T20:05:23.258+0000] {manager.py:755} INFO - Searching for files in /opt/airflow/dags
[2026-08-11T20:05:23.265+0000] {manager.py:758} INFO - There are 1 files in /opt/airflow/dags
[2026-08-11T20:05:43.450+0000] {manager.py:755} INFO - Searching for files in /opt/airflow/dags
[2026-08-11T20:05:43.455+0000] {manager.py:758} INFO - There are 1 files in /opt/airflow/dags
[2026-08-11T20:05:51.700+0000] {manager.py:887} INFO - 
================================================================================
DAG File Processing Stats

File Path                     PID    Runtime      # DAGs    # Errors  Last Runtime    Last Run
----------------------------  -----  ---------  --------  ----------  --------------  -------------------
/opt/airflow/dags/airflow.py                           0           1  0.19s           2026-08-11T20:05:43
================================================================================
[2026-08-11T20:06:03.813+0000] {manager.py:755} INFO - Searching for files in /opt/airflow/dags
[2026-08-11T20:06:03.820+0000] {manager.py:758} INFO - There are 1 files in /opt/airflow/dags
[2026-08-11T20:06:21.953+0000] {manager.py:887} INFO - 
================================================================================
DAG File Processing Stats

File Path                     PID    Runtime      # DAGs    # Errors  Last Runtime    Last Run
----------------------------  -----  ---------  --------  ----------  --------------  -------------------
/opt/airflow/dags/airflow.py                           0           1  0.17s           2026-08-11T20:06:14
================================================================================
[2026-08-11T20:06:23.966+0000] {manager.py:755} INFO - Searching for files in /opt/airflow/dags
[2026-08-11T20:06:23.973+0000] {manager.py:758} INFO - There are 1 files in /opt/airflow/dags
[2026-08-11T20:06:44.130+0000] {manager.py:755} INFO - Searching for files in /opt/airflow/dags
[2026-08-11T20:06:44.136+0000] {manager.py:758} INFO - There are 1 files in /opt/airflow/dags
[2026-08-11T20:06:52.347+0000] {manager.py:887} INFO - 
================================================================================
DAG File Processing Stats

File Path                     PID    Runtime      # DAGs    # Errors  Last Runtime    Last Run
----------------------------  -----  ---------  --------  ----------  --------------  -------------------
/opt/airflow/dags/airflow.py                           0           1  0.16s           2026-08-11T20:06:44
================================================================================
[2026-08-11T20:07:04.434+0000] {manager.py:755} INFO - Searching for files in /opt/airflow/dags
[2026-08-11T20:07:04.443+0000] {manager.py:758} INFO - There are 1 files in /opt/airflow/dags
[2026-08-11T20:07:22.604+0000] {manager.py:887} INFO - 
================================================================================
DAG File Processing Stats

File Path                     PID    Runtime      # DAGs    # Errors  Last Runtime    Last Run
----------------------------  -----  ---------  --------  ----------  --------------  -------------------
/opt/airflow/dags/airflow.py                           0           1  0.22s           2026-08-11T20:07:14
================================================================================
[2026-08-11T20:07:24.623+0000] {manager.py:755} INFO - Searching for files in /opt/airflow/dags
[2026-08-11T20:07:24.630+0000] {manager.py:758} INFO - There are 1 files in /opt/airflow/dags
[2026-08-11T20:07:44.790+0000] {manager.py:755} INFO - Searching for files in /opt/airflow/dags
[2026-08-11T20:07:44.794+0000] {manager.py:758} INFO - There are 1 files in /opt/airflow/dags
[2026-08-11T20:07:52.869+0000] {manager.py:887} INFO - 
================================================================================
DAG File Processing Stats

File Path                     PID    Runtime      # DAGs    # Errors  Last Runtime    Last Run
----------------------------  -----  ---------  --------  ----------  --------------  -------------------
/opt/airflow/dags/airflow.py                           0           1  0.18s           2026-08-11T20:07:44
================================================================================
[2026-08-11T20:08:04.982+0000] {manager.py:755} INFO - Searching for files in /opt/airflow/dags
[2026-08-11T20:08:04.992+0000] {manager.py:758} INFO - There are 1 files in /opt/airflow/dags
[2026-08-11T20:08:23.240+0000] {manager.py:887} INFO - 
================================================================================
DAG File Processing Stats

File Path                     PID    Runtime      # DAGs    # Errors  Last Runtime    Last Run
----------------------------  -----  ---------  --------  ----------  --------------  -------------------
/opt/airflow/dags/airflow.py                           0           1  0.25s           2026-08-11T20:08:15
================================================================================
[2026-08-11T20:08:25.262+0000] {manager.py:755} INFO - Searching for files in /opt/airflow/dags
[2026-08-11T20:08:25.269+0000] {manager.py:758} INFO - There are 1 files in /opt/airflow/dags
[2026-08-11T20:08:45.463+0000] {manager.py:755} INFO - Searching for files in /opt/airflow/dags
[2026-08-11T20:08:45.471+0000] {manager.py:758} INFO - There are 1 files in /opt/airflow/dags
[2026-08-11T20:08:53.623+0000] {manager.py:887} INFO - 
================================================================================
DAG File Processing Stats

File Path                     PID    Runtime      # DAGs    # Errors  Last Runtime    Last Run
----------------------------  -----  ---------  --------  ----------  --------------  -------------------
/opt/airflow/dags/airflow.py                           0           1  0.18s           2026-08-11T20:08:45
================================================================================
[2026-08-11T20:09:05.743+0000] {manager.py:755} INFO - Searching for files in /opt/airflow/dags
[2026-08-11T20:09:05.752+0000] {manager.py:758} INFO - There are 1 files in /opt/airflow/dags
[2026-08-11T20:09:23.929+0000] {manager.py:887} INFO - 
================================================================================
DAG File Processing Stats

File Path                     PID    Runtime      # DAGs    # Errors  Last Runtime    Last Run
----------------------------  -----  ---------  --------  ----------  --------------  -------------------
/opt/airflow/dags/airflow.py                           0           1  0.23s           2026-08-11T20:09:16
================================================================================
[2026-08-11T20:09:25.941+0000] {manager.py:755} INFO - Searching for files in /opt/airflow/dags
[2026-08-11T20:09:25.945+0000] {manager.py:758} INFO - There are 1 files in /opt/airflow/dags
[2026-08-11T20:09:46.104+0000] {manager.py:755} INFO - Searching for files in /opt/airflow/dags
[2026-08-11T20:09:46.113+0000] {manager.py:758} INFO - There are 1 files in /opt/airflow/dags
[2026-08-11T20:09:54.190+0000] {manager.py:887} INFO - 
================================================================================
DAG File Processing Stats

File Path                     PID    Runtime      # DAGs    # Errors  Last Runtime    Last Run
----------------------------  -----  ---------  --------  ----------  --------------  -------------------
/opt/airflow/dags/airflow.py                           0           1  0.17s           2026-08-11T20:09:46
================================================================================
[2026-08-11T20:10:06.288+0000] {manager.py:755} INFO - Searching for files in /opt/airflow/dags
[2026-08-11T20:10:06.295+0000] {manager.py:758} INFO - There are 1 files in /opt/airflow/dags
[2026-08-11T20:10:24.579+0000] {manager.py:887} INFO - 
================================================================================
DAG File Processing Stats

File Path                     PID    Runtime      # DAGs    # Errors  Last Runtime    Last Run
----------------------------  -----  ---------  --------  ----------  --------------  -------------------
/opt/airflow/dags/airflow.py                           0           1  0.17s           2026-08-11T20:10:16
================================================================================
[2026-08-11T20:10:26.596+0000] {manager.py:755} INFO - Searching for files in /opt/airflow/dags
[2026-08-11T20:10:26.604+0000] {manager.py:758} INFO - There are 1 files in /opt/airflow/dags
[2026-08-11T20:10:46.788+0000] {manager.py:755} INFO - Searching for files in /opt/airflow/dags
[2026-08-11T20:10:46.794+0000] {manager.py:758} INFO - There are 1 files in /opt/airflow/dags
[2026-08-11T20:10:54.876+0000] {manager.py:887} INFO - 
================================================================================
DAG File Processing Stats

File Path                     PID    Runtime      # DAGs    # Errors  Last Runtime    Last Run
----------------------------  -----  ---------  --------  ----------  --------------  -------------------
/opt/airflow/dags/airflow.py                           0           1  0.17s           2026-08-11T20:10:46
================================================================================
[2026-08-11T20:11:06.970+0000] {manager.py:755} INFO - Searching for files in /opt/airflow/dags
[2026-08-11T20:11:06.980+0000] {manager.py:758} INFO - There are 1 files in /opt/airflow/dags
[2026-08-11T20:11:25.264+0000] {manager.py:887} INFO - 
================================================================================
DAG File Processing Stats

File Path                     PID    Runtime      # DAGs    # Errors  Last Runtime    Last Run
----------------------------  -----  ---------  --------  ----------  --------------  -------------------
/opt/airflow/dags/airflow.py                           0           1  0.33s           2026-08-11T20:11:17
================================================================================
[2026-08-11T20:11:27.276+0000] {manager.py:755} INFO - Searching for files in /opt/airflow/dags
[2026-08-11T20:11:27.279+0000] {manager.py:758} INFO - There are 1 files in /opt/airflow/dags
[2026-08-11T20:11:47.461+0000] {manager.py:755} INFO - Searching for files in /opt/airflow/dags
[2026-08-11T20:11:47.464+0000] {manager.py:758} INFO - There are 1 files in /opt/airflow/dags
[2026-08-11T20:11:55.523+0000] {manager.py:887} INFO - 
================================================================================
DAG File Processing Stats

File Path                     PID    Runtime      # DAGs    # Errors  Last Runtime    Last Run
----------------------------  -----  ---------  --------  ----------  --------------  -------------------
/opt/airflow/dags/airflow.py                           0           1  0.15s           2026-08-11T20:11:47
================================================================================
[2026-08-11T20:12:07.604+0000] {manager.py:755} INFO - Searching for files in /opt/airflow/dags
[2026-08-11T20:12:07.610+0000] {manager.py:758} INFO - There are 1 files in /opt/airflow/dags
[2026-08-11T20:12:25.874+0000] {manager.py:887} INFO - 
================================================================================
DAG File Processing Stats

File Path                     PID    Runtime      # DAGs    # Errors  Last Runtime    Last Run
----------------------------  -----  ---------  --------  ----------  --------------  -------------------
/opt/airflow/dags/airflow.py                           0           1  0.16s           2026-08-11T20:12:17
================================================================================
[2026-08-11T20:12:27.898+0000] {manager.py:755} INFO - Searching for files in /opt/airflow/dags
[2026-08-11T20:12:27.906+0000] {manager.py:758} INFO - There are 1 files in /opt/airflow/dags
[2026-08-11T20:12:48.102+0000] {manager.py:755} INFO - Searching for files in /opt/airflow/dags
[2026-08-11T20:12:48.110+0000] {manager.py:758} INFO - There are 1 files in /opt/airflow/dags
[2026-08-11T20:12:56.261+0000] {manager.py:887} INFO - 
================================================================================
DAG File Processing Stats

File Path                     PID    Runtime      # DAGs    # Errors  Last Runtime    Last Run
----------------------------  -----  ---------  --------  ----------  --------------  -------------------
/opt/airflow/dags/airflow.py                           0           1  0.17s           2026-08-11T20:12:48
================================================================================
[2026-08-11T20:13:08.362+0000] {manager.py:755} INFO - Searching for files in /opt/airflow/dags
[2026-08-11T20:13:08.370+0000] {manager.py:758} INFO - There are 1 files in /opt/airflow/dags
[2026-08-11T20:13:26.661+0000] {manager.py:887} INFO - 
================================================================================
DAG File Processing Stats

File Path                     PID    Runtime      # DAGs    # Errors  Last Runtime    Last Run
----------------------------  -----  ---------  --------  ----------  --------------  -------------------
/opt/airflow/dags/airflow.py                           0           1  0.22s           2026-08-11T20:13:18
================================================================================
[2026-08-11T20:13:28.681+0000] {manager.py:755} INFO - Searching for files in /opt/airflow/dags
[2026-08-11T20:13:28.688+0000] {manager.py:758} INFO - There are 1 files in /opt/airflow/dags
[2026-08-11T20:13:48.876+0000] {manager.py:755} INFO - Searching for files in /opt/airflow/dags
[2026-08-11T20:13:48.884+0000] {manager.py:758} INFO - There are 1 files in /opt/airflow/dags
[2026-08-11T20:13:56.992+0000] {manager.py:887} INFO - 
================================================================================
DAG File Processing Stats

File Path                     PID    Runtime      # DAGs    # Errors  Last Runtime    Last Run
----------------------------  -----  ---------  --------  ----------  --------------  -------------------
/opt/airflow/dags/airflow.py                           0           1  0.16s           2026-08-11T20:13:49
================================================================================
[2026-08-11T20:14:09.361+0000] {manager.py:755} INFO - Searching for files in /opt/airflow/dags
[2026-08-11T20:14:09.369+0000] {manager.py:758} INFO - There are 1 files in /opt/airflow/dags
[2026-08-11T20:14:27.538+0000] {manager.py:887} INFO - 
================================================================================
DAG File Processing Stats

File Path                     PID    Runtime      # DAGs    # Errors  Last Runtime    Last Run
----------------------------  -----  ---------  --------  ----------  --------------  -------------------
/opt/airflow/dags/airflow.py                           0           1  0.17s           2026-08-11T20:14:03
================================================================================
[2026-08-11T20:14:29.558+0000] {manager.py:755} INFO - Searching for files in /opt/airflow/dags
[2026-08-11T20:14:29.565+0000] {manager.py:758} INFO - There are 1 files in /opt/airflow/dags
[2026-08-11T20:14:49.752+0000] {manager.py:755} INFO - Searching for files in /opt/airflow/dags
[2026-08-11T20:14:49.761+0000] {manager.py:758} INFO - There are 1 files in /opt/airflow/dags
[2026-08-11T20:14:57.837+0000] {manager.py:887} INFO - 
================================================================================
DAG File Processing Stats

File Path                     PID    Runtime      # DAGs    # Errors  Last Runtime    Last Run
----------------------------  -----  ---------  --------  ----------  --------------  -------------------
/opt/airflow/dags/airflow.py                           0           1  0.16s           2026-08-11T20:14:33
================================================================================
[2026-08-11T20:15:10.028+0000] {manager.py:755} INFO - Searching for files in /opt/airflow/dags
[2026-08-11T20:15:10.037+0000] {manager.py:758} INFO - There are 1 files in /opt/airflow/dags
[2026-08-11T20:15:28.188+0000] {manager.py:887} INFO - 
================================================================================
DAG File Processing Stats

File Path                     PID    Runtime      # DAGs    # Errors  Last Runtime    Last Run
----------------------------  -----  ---------  --------  ----------  --------------  -------------------
/opt/airflow/dags/airflow.py                           0           1  0.16s           2026-08-11T20:15:04
================================================================================
[2026-08-11T20:15:30.199+0000] {manager.py:755} INFO - Searching for files in /opt/airflow/dags
[2026-08-11T20:15:30.207+0000] {manager.py:758} INFO - There are 1 files in /opt/airflow/dags
[2026-08-11T20:15:50.391+0000] {manager.py:755} INFO - Searching for files in /opt/airflow/dags
[2026-08-11T20:15:50.401+0000] {manager.py:758} INFO - There are 1 files in /opt/airflow/dags
[2026-08-11T20:15:58.478+0000] {manager.py:887} INFO - 
================================================================================
DAG File Processing Stats

File Path                     PID    Runtime      # DAGs    # Errors  Last Runtime    Last Run
----------------------------  -----  ---------  --------  ----------  --------------  -------------------
/opt/airflow/dags/airflow.py                           0           1  0.15s           2026-08-11T20:15:34
================================================================================
[2026-08-11T20:16:10.679+0000] {manager.py:755} INFO - Searching for files in /opt/airflow/dags
[2026-08-11T20:16:10.685+0000] {manager.py:758} INFO - There are 1 files in /opt/airflow/dags
[2026-08-11T20:16:28.868+0000] {manager.py:887} INFO - 
================================================================================
DAG File Processing Stats

File Path                     PID    Runtime      # DAGs    # Errors  Last Runtime    Last Run
----------------------------  -----  ---------  --------  ----------  --------------  -------------------
/opt/airflow/dags/airflow.py                           0           1  0.15s           2026-08-11T20:16:04
================================================================================
[2026-08-11T20:16:30.884+0000] {manager.py:755} INFO - Searching for files in /opt/airflow/dags
[2026-08-11T20:16:30.887+0000] {manager.py:758} INFO - There are 1 files in /opt/airflow/dags
[2026-08-11T20:16:51.121+0000] {manager.py:755} INFO - Searching for files in /opt/airflow/dags
[2026-08-11T20:16:51.130+0000] {manager.py:758} INFO - There are 1 files in /opt/airflow/dags
[2026-08-11T20:16:59.219+0000] {manager.py:887} INFO - 
================================================================================
DAG File Processing Stats

File Path                     PID    Runtime      # DAGs    # Errors  Last Runtime    Last Run
----------------------------  -----  ---------  --------  ----------  --------------  -------------------
/opt/airflow/dags/airflow.py                           0           1  0.20s           2026-08-11T20:16:35
================================================================================
[2026-08-11T20:17:11.373+0000] {manager.py:755} INFO - Searching for files in /opt/airflow/dags
[2026-08-11T20:17:11.381+0000] {manager.py:758} INFO - There are 1 files in /opt/airflow/dags
[2026-08-11T20:17:29.524+0000] {manager.py:887} INFO - 
================================================================================
DAG File Processing Stats

File Path                     PID    Runtime      # DAGs    # Errors  Last Runtime    Last Run
----------------------------  -----  ---------  --------  ----------  --------------  -------------------
/opt/airflow/dags/airflow.py                           0           1  0.16s           2026-08-11T20:17:05
================================================================================
[2026-08-11T20:17:31.536+0000] {manager.py:755} INFO - Searching for files in /opt/airflow/dags
[2026-08-11T20:17:31.542+0000] {manager.py:758} INFO - There are 1 files in /opt/airflow/dags
[2026-08-11T20:17:51.794+0000] {manager.py:755} INFO - Searching for files in /opt/airflow/dags
[2026-08-11T20:17:51.801+0000] {manager.py:758} INFO - There are 1 files in /opt/airflow/dags
[2026-08-11T20:17:59.873+0000] {manager.py:887} INFO - 
================================================================================
DAG File Processing Stats

File Path                     PID    Runtime      # DAGs    # Errors  Last Runtime    Last Run
----------------------------  -----  ---------  --------  ----------  --------------  -------------------
/opt/airflow/dags/airflow.py                           0           1  0.16s           2026-08-11T20:17:35
================================================================================
[2026-08-11T20:18:11.989+0000] {manager.py:755} INFO - Searching for files in /opt/airflow/dags
[2026-08-11T20:18:11.997+0000] {manager.py:758} INFO - There are 1 files in /opt/airflow/dags
[2026-08-11T20:18:30.144+0000] {manager.py:887} INFO - 
================================================================================
DAG File Processing Stats

File Path                     PID    Runtime      # DAGs    # Errors  Last Runtime    Last Run
----------------------------  -----  ---------  --------  ----------  --------------  -------------------
/opt/airflow/dags/airflow.py                           0           1  0.22s           2026-08-11T20:18:06
================================================================================
[2026-08-11T20:18:32.166+0000] {manager.py:755} INFO - Searching for files in /opt/airflow/dags
[2026-08-11T20:18:32.174+0000] {manager.py:758} INFO - There are 1 files in /opt/airflow/dags
[2026-08-11T20:18:52.322+0000] {manager.py:755} INFO - Searching for files in /opt/airflow/dags
[2026-08-11T20:18:52.330+0000] {manager.py:758} INFO - There are 1 files in /opt/airflow/dags
[2026-08-11T20:19:00.409+0000] {manager.py:887} INFO - 
================================================================================
DAG File Processing Stats

File Path                     PID    Runtime      # DAGs    # Errors  Last Runtime    Last Run
----------------------------  -----  ---------  --------  ----------  --------------  -------------------
/opt/airflow/dags/airflow.py                           0           1  0.16s           2026-08-11T20:18:36
================================================================================
[2026-08-11T20:19:12.653+0000] {manager.py:755} INFO - Searching for files in /opt/airflow/dags
[2026-08-11T20:19:12.663+0000] {manager.py:758} INFO - There are 1 files in /opt/airflow/dags
[2026-08-11T20:19:30.833+0000] {manager.py:887} INFO - 
================================================================================
DAG File Processing Stats

File Path                     PID    Runtime      # DAGs    # Errors  Last Runtime    Last Run
----------------------------  -----  ---------  --------  ----------  --------------  -------------------
/opt/airflow/dags/airflow.py                           0           1  0.16s           2026-08-11T20:19:06
================================================================================
[2026-08-11T20:19:32.853+0000] {manager.py:755} INFO - Searching for files in /opt/airflow/dags
[2026-08-11T20:19:32.862+0000] {manager.py:758} INFO - There are 1 files in /opt/airflow/dags
[2026-08-11T20:19:53.061+0000] {manager.py:755} INFO - Searching for files in /opt/airflow/dags
[2026-08-11T20:19:53.068+0000] {manager.py:758} INFO - There are 1 files in /opt/airflow/dags
[2026-08-11T20:20:01.150+0000] {manager.py:887} INFO - 
================================================================================
DAG File Processing Stats

File Path                     PID    Runtime      # DAGs    # Errors  Last Runtime    Last Run
----------------------------  -----  ---------  --------  ----------  --------------  -------------------
/opt/airflow/dags/airflow.py                           0           1  0.20s           2026-08-11T20:19:37
================================================================================
[2026-08-11T20:20:13.248+0000] {manager.py:755} INFO - Searching for files in /opt/airflow/dags
[2026-08-11T20:20:13.257+0000] {manager.py:758} INFO - There are 1 files in /opt/airflow/dags
[2026-08-11T20:20:31.427+0000] {manager.py:887} INFO - 
================================================================================
DAG File Processing Stats

File Path                     PID    Runtime      # DAGs    # Errors  Last Runtime    Last Run
----------------------------  -----  ---------  --------  ----------  --------------  -------------------
/opt/airflow/dags/airflow.py                           0           1  0.15s           2026-08-11T20:20:07
================================================================================
[2026-08-11T20:20:33.442+0000] {manager.py:755} INFO - Searching for files in /opt/airflow/dags
[2026-08-11T20:20:33.450+0000] {manager.py:758} INFO - There are 1 files in /opt/airflow/dags
[2026-08-11T20:20:53.729+0000] {manager.py:755} INFO - Searching for files in /opt/airflow/dags
[2026-08-11T20:20:53.737+0000] {manager.py:758} INFO - There are 1 files in /opt/airflow/dags
[2026-08-11T20:21:01.805+0000] {manager.py:887} INFO - 
================================================================================
DAG File Processing Stats

File Path                     PID    Runtime      # DAGs    # Errors  Last Runtime    Last Run
----------------------------  -----  ---------  --------  ----------  --------------  -------------------
/opt/airflow/dags/airflow.py                           0           1  0.15s           2026-08-11T20:20:37
================================================================================
[2026-08-11T20:21:13.915+0000] {manager.py:755} INFO - Searching for files in /opt/airflow/dags
[2026-08-11T20:21:13.922+0000] {manager.py:758} INFO - There are 1 files in /opt/airflow/dags
[2026-08-11T20:21:32.084+0000] {manager.py:887} INFO - 
================================================================================
DAG File Processing Stats

File Path                     PID    Runtime      # DAGs    # Errors  Last Runtime    Last Run
----------------------------  -----  ---------  --------  ----------  --------------  -------------------
/opt/airflow/dags/airflow.py                           0           1  0.17s           2026-08-11T20:21:08
================================================================================
[2026-08-11T20:21:34.096+0000] {manager.py:755} INFO - Searching for files in /opt/airflow/dags
[2026-08-11T20:21:34.103+0000] {manager.py:758} INFO - There are 1 files in /opt/airflow/dags
[2026-08-11T20:21:54.370+0000] {manager.py:755} INFO - Searching for files in /opt/airflow/dags
[2026-08-11T20:21:54.376+0000] {manager.py:758} INFO - There are 1 files in /opt/airflow/dags
[2026-08-11T20:22:02.449+0000] {manager.py:887} INFO - 
================================================================================
DAG File Processing Stats

File Path                     PID    Runtime      # DAGs    # Errors  Last Runtime    Last Run
----------------------------  -----  ---------  --------  ----------  --------------  -------------------
/opt/airflow/dags/airflow.py                           0           1  0.19s           2026-08-11T20:21:38
================================================================================
[2026-08-11T20:22:14.594+0000] {manager.py:755} INFO - Searching for files in /opt/airflow/dags
[2026-08-11T20:22:14.607+0000] {manager.py:758} INFO - There are 1 files in /opt/airflow/dags
[2026-08-11T20:22:32.772+0000] {manager.py:887} INFO - 
================================================================================
DAG File Processing Stats

File Path                     PID    Runtime      # DAGs    # Errors  Last Runtime    Last Run
----------------------------  -----  ---------  --------  ----------  --------------  -------------------
/opt/airflow/dags/airflow.py                           0           1  0.18s           2026-08-11T20:22:08
================================================================================
[2026-08-11T20:22:34.788+0000] {manager.py:755} INFO - Searching for files in /opt/airflow/dags
[2026-08-11T20:22:34.801+0000] {manager.py:758} INFO - There are 1 files in /opt/airflow/dags
[2026-08-11T20:22:55.045+0000] {manager.py:755} INFO - Searching for files in /opt/airflow/dags
[2026-08-11T20:22:55.055+0000] {manager.py:758} INFO - There are 1 files in /opt/airflow/dags
[2026-08-11T20:23:03.140+0000] {manager.py:887} INFO - 
================================================================================
DAG File Processing Stats

File Path                     PID    Runtime      # DAGs    # Errors  Last Runtime    Last Run
----------------------------  -----  ---------  --------  ----------  --------------  -------------------
/opt/airflow/dags/airflow.py                           0           1  0.17s           2026-08-11T20:22:39
================================================================================
[2026-08-11T20:23:15.300+0000] {manager.py:755} INFO - Searching for files in /opt/airflow/dags
[2026-08-11T20:23:15.305+0000] {manager.py:758} INFO - There are 1 files in /opt/airflow/dags
[2026-08-11T20:23:33.461+0000] {manager.py:887} INFO - 
================================================================================
DAG File Processing Stats

File Path                     PID    Runtime      # DAGs    # Errors  Last Runtime    Last Run
----------------------------  -----  ---------  --------  ----------  --------------  -------------------
/opt/airflow/dags/airflow.py                           0           1  0.23s           2026-08-11T20:23:09
================================================================================
[2026-08-11T20:23:35.481+0000] {manager.py:755} INFO - Searching for files in /opt/airflow/dags
[2026-08-11T20:23:35.490+0000] {manager.py:758} INFO - There are 1 files in /opt/airflow/dags
[2026-08-11T20:23:55.781+0000] {manager.py:755} INFO - Searching for files in /opt/airflow/dags
[2026-08-11T20:23:55.792+0000] {manager.py:758} INFO - There are 1 files in /opt/airflow/dags
[2026-08-11T20:24:03.871+0000] {manager.py:887} INFO - 
================================================================================
DAG File Processing Stats

File Path                     PID    Runtime      # DAGs    # Errors  Last Runtime    Last Run
----------------------------  -----  ---------  --------  ----------  --------------  -------------------
/opt/airflow/dags/airflow.py                           0           1  0.18s           2026-08-11T20:23:39
================================================================================
[2026-08-11T20:24:15.994+0000] {manager.py:755} INFO - Searching for files in /opt/airflow/dags
[2026-08-11T20:24:16.004+0000] {manager.py:758} INFO - There are 1 files in /opt/airflow/dags
[2026-08-11T20:24:34.153+0000] {manager.py:887} INFO - 
================================================================================
DAG File Processing Stats

File Path                     PID    Runtime      # DAGs    # Errors  Last Runtime    Last Run
----------------------------  -----  ---------  --------  ----------  --------------  -------------------
/opt/airflow/dags/airflow.py                           0           1  0.16s           2026-08-11T20:24:10
================================================================================
[2026-08-11T20:24:36.173+0000] {manager.py:755} INFO - Searching for files in /opt/airflow/dags
[2026-08-11T20:24:36.192+0000] {manager.py:758} INFO - There are 1 files in /opt/airflow/dags
[2026-08-11T20:24:56.467+0000] {manager.py:755} INFO - Searching for files in /opt/airflow/dags
[2026-08-11T20:24:56.492+0000] {manager.py:758} INFO - There are 1 files in /opt/airflow/dags
[2026-08-11T20:25:04.568+0000] {manager.py:887} INFO - 
================================================================================
DAG File Processing Stats

File Path                     PID    Runtime      # DAGs    # Errors  Last Runtime    Last Run
----------------------------  -----  ---------  --------  ----------  --------------  -------------------
/opt/airflow/dags/airflow.py                           0           1  0.17s           2026-08-11T20:24:40
================================================================================
[2026-08-11T20:25:16.683+0000] {manager.py:755} INFO - Searching for files in /opt/airflow/dags
[2026-08-11T20:25:16.699+0000] {manager.py:758} INFO - There are 1 files in /opt/airflow/dags
[2026-08-11T20:25:34.862+0000] {manager.py:887} INFO - 
================================================================================
DAG File Processing Stats

File Path                     PID    Runtime      # DAGs    # Errors  Last Runtime    Last Run
----------------------------  -----  ---------  --------  ----------  --------------  -------------------
/opt/airflow/dags/airflow.py                           0           1  0.24s           2026-08-11T20:25:10
================================================================================
[2026-08-11T20:25:36.879+0000] {manager.py:755} INFO - Searching for files in /opt/airflow/dags
[2026-08-11T20:25:36.893+0000] {manager.py:758} INFO - There are 1 files in /opt/airflow/dags
[2026-08-11T20:25:57.232+0000] {manager.py:755} INFO - Searching for files in /opt/airflow/dags
[2026-08-11T20:25:57.246+0000] {manager.py:758} INFO - There are 1 files in /opt/airflow/dags
[2026-08-11T20:26:05.322+0000] {manager.py:887} INFO - 
================================================================================
DAG File Processing Stats

File Path                     PID    Runtime      # DAGs    # Errors  Last Runtime    Last Run
----------------------------  -----  ---------  --------  ----------  --------------  -------------------
/opt/airflow/dags/airflow.py                           0           1  0.17s           2026-08-11T20:25:41
================================================================================
[2026-08-11T20:26:17.434+0000] {manager.py:755} INFO - Searching for files in /opt/airflow/dags
[2026-08-11T20:26:17.441+0000] {manager.py:758} INFO - There are 1 files in /opt/airflow/dags
[2026-08-11T20:26:35.588+0000] {manager.py:887} INFO - 
================================================================================
DAG File Processing Stats

File Path                     PID    Runtime      # DAGs    # Errors  Last Runtime    Last Run
----------------------------  -----  ---------  --------  ----------  --------------  -------------------
/opt/airflow/dags/airflow.py                           0           1  0.17s           2026-08-11T20:26:11
================================================================================
[2026-08-11T20:26:37.607+0000] {manager.py:755} INFO - Searching for files in /opt/airflow/dags
[2026-08-11T20:26:37.622+0000] {manager.py:758} INFO - There are 1 files in /opt/airflow/dags
[2026-08-11T20:26:57.902+0000] {manager.py:755} INFO - Searching for files in /opt/airflow/dags
[2026-08-11T20:26:57.919+0000] {manager.py:758} INFO - There are 1 files in /opt/airflow/dags
[2026-08-11T20:27:06.001+0000] {manager.py:887} INFO - 
================================================================================
DAG File Processing Stats

File Path                     PID    Runtime      # DAGs    # Errors  Last Runtime    Last Run
----------------------------  -----  ---------  --------  ----------  --------------  -------------------
/opt/airflow/dags/airflow.py                           0           1  0.16s           2026-08-11T20:26:41
================================================================================
[2026-08-11T20:27:18.138+0000] {manager.py:755} INFO - Searching for files in /opt/airflow/dags
[2026-08-11T20:27:18.153+0000] {manager.py:758} INFO - There are 1 files in /opt/airflow/dags
[2026-08-11T20:27:36.307+0000] {manager.py:887} INFO - 
================================================================================
DAG File Processing Stats

File Path                     PID    Runtime      # DAGs    # Errors  Last Runtime    Last Run
----------------------------  -----  ---------  --------  ----------  --------------  -------------------
/opt/airflow/dags/airflow.py                           0           1  0.24s           2026-08-11T20:27:12
================================================================================
[2026-08-11T20:27:38.323+0000] {manager.py:755} INFO - Searching for files in /opt/airflow/dags
[2026-08-11T20:27:38.335+0000] {manager.py:758} INFO - There are 1 files in /opt/airflow/dags
[2026-08-11T20:27:58.668+0000] {manager.py:755} INFO - Searching for files in /opt/airflow/dags
[2026-08-11T20:27:58.676+0000] {manager.py:758} INFO - There are 1 files in /opt/airflow/dags
[2026-08-11T20:28:06.769+0000] {manager.py:887} INFO - 
================================================================================
DAG File Processing Stats

File Path                     PID    Runtime      # DAGs    # Errors  Last Runtime    Last Run
----------------------------  -----  ---------  --------  ----------  --------------  -------------------
/opt/airflow/dags/airflow.py                           0           1  0.18s           2026-08-11T20:27:42
================================================================================
[2026-08-11T20:28:18.901+0000] {manager.py:755} INFO - Searching for files in /opt/airflow/dags
[2026-08-11T20:28:18.909+0000] {manager.py:758} INFO - There are 1 files in /opt/airflow/dags
[2026-08-11T20:28:37.085+0000] {manager.py:887} INFO - 
================================================================================
DAG File Processing Stats

File Path                     PID    Runtime      # DAGs    # Errors  Last Runtime    Last Run
----------------------------  -----  ---------  --------  ----------  --------------  -------------------
/opt/airflow/dags/airflow.py                           0           1  0.18s           2026-08-11T20:28:13
================================================================================
[2026-08-11T20:28:39.106+0000] {manager.py:755} INFO - Searching for files in /opt/airflow/dags
[2026-08-11T20:28:39.113+0000] {manager.py:758} INFO - There are 1 files in /opt/airflow/dags
[2026-08-11T20:28:59.320+0000] {manager.py:755} INFO - Searching for files in /opt/airflow/dags
[2026-08-11T20:28:59.328+0000] {manager.py:758} INFO - There are 1 files in /opt/airflow/dags
[2026-08-11T20:29:07.394+0000] {manager.py:887} INFO - 
================================================================================
DAG File Processing Stats

File Path                     PID    Runtime      # DAGs    # Errors  Last Runtime    Last Run
----------------------------  -----  ---------  --------  ----------  --------------  -------------------
/opt/airflow/dags/airflow.py                           0           1  0.21s           2026-08-11T20:28:43
================================================================================
[2026-08-11T20:29:19.660+0000] {manager.py:755} INFO - Searching for files in /opt/airflow/dags
[2026-08-11T20:29:19.664+0000] {manager.py:758} INFO - There are 1 files in /opt/airflow/dags
[2026-08-11T20:29:37.823+0000] {manager.py:887} INFO - 
================================================================================
DAG File Processing Stats

File Path                     PID    Runtime      # DAGs    # Errors  Last Runtime    Last Run
----------------------------  -----  ---------  --------  ----------  --------------  -------------------
/opt/airflow/dags/airflow.py                           0           1  0.20s           2026-08-11T20:29:13
================================================================================
[2026-08-11T20:29:39.837+0000] {manager.py:755} INFO - Searching for files in /opt/airflow/dags
[2026-08-11T20:29:39.842+0000] {manager.py:758} INFO - There are 1 files in /opt/airflow/dags
[2026-08-11T20:30:00.044+0000] {manager.py:755} INFO - Searching for files in /opt/airflow/dags
[2026-08-11T20:30:00.050+0000] {manager.py:758} INFO - There are 1 files in /opt/airflow/dags
[2026-08-11T20:30:08.134+0000] {manager.py:887} INFO - 
================================================================================
DAG File Processing Stats

File Path                     PID    Runtime      # DAGs    # Errors  Last Runtime    Last Run
----------------------------  -----  ---------  --------  ----------  --------------  -------------------
/opt/airflow/dags/airflow.py                           0           1  0.19s           2026-08-11T20:29:44
================================================================================
[2026-08-11T20:30:20.363+0000] {manager.py:755} INFO - Searching for files in /opt/airflow/dags
[2026-08-11T20:30:20.371+0000] {manager.py:758} INFO - There are 1 files in /opt/airflow/dags
[2026-08-11T20:30:38.521+0000] {manager.py:887} INFO - 
================================================================================
DAG File Processing Stats

File Path                     PID    Runtime      # DAGs    # Errors  Last Runtime    Last Run
----------------------------  -----  ---------  --------  ----------  --------------  -------------------
/opt/airflow/dags/airflow.py                           0           1  0.27s           2026-08-11T20:30:14
================================================================================
[2026-08-11T20:30:40.543+0000] {manager.py:755} INFO - Searching for files in /opt/airflow/dags
[2026-08-11T20:30:40.549+0000] {manager.py:758} INFO - There are 1 files in /opt/airflow/dags
[2026-08-11T20:31:00.782+0000] {manager.py:755} INFO - Searching for files in /opt/airflow/dags
[2026-08-11T20:31:00.790+0000] {manager.py:758} INFO - There are 1 files in /opt/airflow/dags
[2026-08-11T20:31:08.861+0000] {manager.py:887} INFO - 
================================================================================
DAG File Processing Stats

File Path                     PID    Runtime      # DAGs    # Errors  Last Runtime    Last Run
----------------------------  -----  ---------  --------  ----------  --------------  -------------------
/opt/airflow/dags/airflow.py                           0           1  0.16s           2026-08-11T20:30:44
================================================================================
[2026-08-11T20:31:21.006+0000] {manager.py:755} INFO - Searching for files in /opt/airflow/dags
[2026-08-11T20:31:21.012+0000] {manager.py:758} INFO - There are 1 files in /opt/airflow/dags
[2026-08-11T20:31:39.168+0000] {manager.py:887} INFO - 
================================================================================
DAG File Processing Stats

File Path                     PID    Runtime      # DAGs    # Errors  Last Runtime    Last Run
----------------------------  -----  ---------  --------  ----------  --------------  -------------------
/opt/airflow/dags/airflow.py                           0           1  0.19s           2026-08-11T20:31:15
================================================================================
[2026-08-11T20:31:41.184+0000] {manager.py:755} INFO - Searching for files in /opt/airflow/dags
[2026-08-11T20:31:41.191+0000] {manager.py:758} INFO - There are 1 files in /opt/airflow/dags
[2026-08-11T20:32:01.496+0000] {manager.py:755} INFO - Searching for files in /opt/airflow/dags
[2026-08-11T20:32:01.504+0000] {manager.py:758} INFO - There are 1 files in /opt/airflow/dags
[2026-08-11T20:32:09.592+0000] {manager.py:887} INFO - 
================================================================================
DAG File Processing Stats

File Path                     PID    Runtime      # DAGs    # Errors  Last Runtime    Last Run
----------------------------  -----  ---------  --------  ----------  --------------  -------------------
/opt/airflow/dags/airflow.py                           0           1  0.21s           2026-08-11T20:31:45
================================================================================
[2026-08-11T20:32:21.702+0000] {manager.py:755} INFO - Searching for files in /opt/airflow/dags
[2026-08-11T20:32:21.708+0000] {manager.py:758} INFO - There are 1 files in /opt/airflow/dags
[2026-08-11T20:32:39.878+0000] {manager.py:887} INFO - 
================================================================================
DAG File Processing Stats

File Path                     PID    Runtime      # DAGs    # Errors  Last Runtime    Last Run
----------------------------  -----  ---------  --------  ----------  --------------  -------------------
/opt/airflow/dags/airflow.py                           0           1  0.15s           2026-08-11T20:32:15
================================================================================
[2026-08-11T20:32:41.903+0000] {manager.py:755} INFO - Searching for files in /opt/airflow/dags
[2026-08-11T20:32:41.910+0000] {manager.py:758} INFO - There are 1 files in /opt/airflow/dags
[2026-08-11T20:33:02.148+0000] {manager.py:755} INFO - Searching for files in /opt/airflow/dags
[2026-08-11T20:33:02.156+0000] {manager.py:758} INFO - There are 1 files in /opt/airflow/dags
[2026-08-11T20:33:10.231+0000] {manager.py:887} INFO - 
================================================================================
DAG File Processing Stats

File Path                     PID    Runtime      # DAGs    # Errors  Last Runtime    Last Run
----------------------------  -----  ---------  --------  ----------  --------------  -------------------
/opt/airflow/dags/airflow.py                           0           1  0.16s           2026-08-11T20:32:46
================================================================================
[2026-08-11T20:33:22.359+0000] {manager.py:755} INFO - Searching for files in /opt/airflow/dags
[2026-08-11T20:33:22.365+0000] {manager.py:758} INFO - There are 1 files in /opt/airflow/dags
[2026-08-11T20:33:40.530+0000] {manager.py:887} INFO - 
================================================================================
DAG File Processing Stats

File Path                     PID    Runtime      # DAGs    # Errors  Last Runtime    Last Run
----------------------------  -----  ---------  --------  ----------  --------------  -------------------
/opt/airflow/dags/airflow.py                           0           1  0.20s           2026-08-11T20:33:16
================================================================================
[2026-08-11T20:33:42.549+0000] {manager.py:755} INFO - Searching for files in /opt/airflow/dags
[2026-08-11T20:33:42.553+0000] {manager.py:758} INFO - There are 1 files in /opt/airflow/dags
[2026-08-11T20:34:02.878+0000] {manager.py:755} INFO - Searching for files in /opt/airflow/dags
[2026-08-11T20:34:02.885+0000] {manager.py:758} INFO - There are 1 files in /opt/airflow/dags
[2026-08-11T20:34:10.964+0000] {manager.py:887} INFO - 
================================================================================
DAG File Processing Stats

File Path                     PID    Runtime      # DAGs    # Errors  Last Runtime    Last Run
----------------------------  -----  ---------  --------  ----------  --------------  -------------------
/opt/airflow/dags/airflow.py                           0           1  0.17s           2026-08-11T20:33:46
================================================================================
[2026-08-11T20:34:23.086+0000] {manager.py:755} INFO - Searching for files in /opt/airflow/dags
[2026-08-11T20:34:23.094+0000] {manager.py:758} INFO - There are 1 files in /opt/airflow/dags
[2026-08-11T20:34:41.250+0000] {manager.py:887} INFO - 
================================================================================
DAG File Processing Stats

File Path                     PID    Runtime      # DAGs    # Errors  Last Runtime    Last Run
----------------------------  -----  ---------  --------  ----------  --------------  -------------------
/opt/airflow/dags/airflow.py                           0           1  0.21s           2026-08-11T20:34:17
================================================================================
[2026-08-11T20:34:43.267+0000] {manager.py:755} INFO - Searching for files in /opt/airflow/dags
[2026-08-11T20:34:43.273+0000] {manager.py:758} INFO - There are 1 files in /opt/airflow/dags
[2026-08-11T20:35:03.621+0000] {manager.py:755} INFO - Searching for files in /opt/airflow/dags
[2026-08-11T20:35:03.629+0000] {manager.py:758} INFO - There are 1 files in /opt/airflow/dags
[2026-08-11T20:35:11.706+0000] {manager.py:887} INFO - 
================================================================================
DAG File Processing Stats

File Path                     PID    Runtime      # DAGs    # Errors  Last Runtime    Last Run
----------------------------  -----  ---------  --------  ----------  --------------  -------------------
/opt/airflow/dags/airflow.py                           0           1  0.19s           2026-08-11T20:34:47
================================================================================
[2026-08-11T20:35:23.824+0000] {manager.py:755} INFO - Searching for files in /opt/airflow/dags
[2026-08-11T20:35:23.830+0000] {manager.py:758} INFO - There are 1 files in /opt/airflow/dags
[2026-08-11T20:35:41.984+0000] {manager.py:887} INFO - 
================================================================================
DAG File Processing Stats

File Path                     PID    Runtime      # DAGs    # Errors  Last Runtime    Last Run
----------------------------  -----  ---------  --------  ----------  --------------  -------------------
/opt/airflow/dags/airflow.py                           0           1  0.15s           2026-08-11T20:35:17
================================================================================
[2026-08-11T20:35:44.002+0000] {manager.py:755} INFO - Searching for files in /opt/airflow/dags
[2026-08-11T20:35:44.010+0000] {manager.py:758} INFO - There are 1 files in /opt/airflow/dags
[2026-08-11T20:36:04.285+0000] {manager.py:755} INFO - Searching for files in /opt/airflow/dags
[2026-08-11T20:36:04.288+0000] {manager.py:758} INFO - There are 1 files in /opt/airflow/dags
[2026-08-11T20:36:12.359+0000] {manager.py:887} INFO - 
================================================================================
DAG File Processing Stats

File Path                     PID    Runtime      # DAGs    # Errors  Last Runtime    Last Run
----------------------------  -----  ---------  --------  ----------  --------------  -------------------
/opt/airflow/dags/airflow.py                           0           1  0.16s           2026-08-11T20:35:48
================================================================================
[2026-08-11T20:36:24.468+0000] {manager.py:755} INFO - Searching for files in /opt/airflow/dags
[2026-08-11T20:36:24.475+0000] {manager.py:758} INFO - There are 1 files in /opt/airflow/dags
[2026-08-11T20:36:42.648+0000] {manager.py:887} INFO - 
================================================================================
DAG File Processing Stats

File Path                     PID    Runtime      # DAGs    # Errors  Last Runtime    Last Run
----------------------------  -----  ---------  --------  ----------  --------------  -------------------
/opt/airflow/dags/airflow.py                           0           1  0.18s           2026-08-11T20:36:18
================================================================================
[2026-08-11T20:36:44.670+0000] {manager.py:755} INFO - Searching for files in /opt/airflow/dags
[2026-08-11T20:36:44.677+0000] {manager.py:758} INFO - There are 1 files in /opt/airflow/dags
[2026-08-11T20:37:04.983+0000] {manager.py:755} INFO - Searching for files in /opt/airflow/dags
[2026-08-11T20:37:04.992+0000] {manager.py:758} INFO - There are 1 files in /opt/airflow/dags
[2026-08-11T20:37:13.057+0000] {manager.py:887} INFO - 
================================================================================
DAG File Processing Stats

File Path                     PID    Runtime      # DAGs    # Errors  Last Runtime    Last Run
----------------------------  -----  ---------  --------  ----------  --------------  -------------------
/opt/airflow/dags/airflow.py                           0           1  0.15s           2026-08-11T20:36:48
================================================================================
[2026-08-11T20:37:25.168+0000] {manager.py:755} INFO - Searching for files in /opt/airflow/dags
[2026-08-11T20:37:25.175+0000] {manager.py:758} INFO - There are 1 files in /opt/airflow/dags
[2026-08-11T20:37:43.316+0000] {manager.py:887} INFO - 
================================================================================
DAG File Processing Stats

File Path                     PID    Runtime      # DAGs    # Errors  Last Runtime    Last Run
----------------------------  -----  ---------  --------  ----------  --------------  -------------------
/opt/airflow/dags/airflow.py                           0           1  0.18s           2026-08-11T20:37:19
================================================================================
[2026-08-11T20:37:45.329+0000] {manager.py:755} INFO - Searching for files in /opt/airflow/dags
[2026-08-11T20:37:45.333+0000] {manager.py:758} INFO - There are 1 files in /opt/airflow/dags
[2026-08-11T20:38:05.691+0000] {manager.py:755} INFO - Searching for files in /opt/airflow/dags
[2026-08-11T20:38:05.699+0000] {manager.py:758} INFO - There are 1 files in /opt/airflow/dags
[2026-08-11T20:38:13.780+0000] {manager.py:887} INFO - 
================================================================================
DAG File Processing Stats

File Path                     PID    Runtime      # DAGs    # Errors  Last Runtime    Last Run
----------------------------  -----  ---------  --------  ----------  --------------  -------------------
/opt/airflow/dags/airflow.py                           0           1  0.18s           2026-08-11T20:37:49
================================================================================
[2026-08-11T20:38:25.897+0000] {manager.py:755} INFO - Searching for files in /opt/airflow/dags
[2026-08-11T20:38:25.902+0000] {manager.py:758} INFO - There are 1 files in /opt/airflow/dags
[2026-08-11T20:38:44.058+0000] {manager.py:887} INFO - 
================================================================================
DAG File Processing Stats

File Path                     PID    Runtime      # DAGs    # Errors  Last Runtime    Last Run
----------------------------  -----  ---------  --------  ----------  --------------  -------------------
/opt/airflow/dags/airflow.py                           0           1  0.18s           2026-08-11T20:38:20
================================================================================
[2026-08-11T20:38:46.078+0000] {manager.py:755} INFO - Searching for files in /opt/airflow/dags
[2026-08-11T20:38:46.085+0000] {manager.py:758} INFO - There are 1 files in /opt/airflow/dags
[2026-08-11T20:39:06.397+0000] {manager.py:755} INFO - Searching for files in /opt/airflow/dags
[2026-08-11T20:39:06.405+0000] {manager.py:758} INFO - There are 1 files in /opt/airflow/dags
[2026-08-11T20:39:14.481+0000] {manager.py:887} INFO - 
================================================================================
DAG File Processing Stats

File Path                     PID    Runtime      # DAGs    # Errors  Last Runtime    Last Run
----------------------------  -----  ---------  --------  ----------  --------------  -------------------
/opt/airflow/dags/airflow.py                           0           1  0.17s           2026-08-11T20:38:50
================================================================================
[2026-08-11T20:39:26.599+0000] {manager.py:755} INFO - Searching for files in /opt/airflow/dags
[2026-08-11T20:39:26.606+0000] {manager.py:758} INFO - There are 1 files in /opt/airflow/dags
[2026-08-11T20:39:44.768+0000] {manager.py:887} INFO - 
================================================================================
DAG File Processing Stats

File Path                     PID    Runtime      # DAGs    # Errors  Last Runtime    Last Run
----------------------------  -----  ---------  --------  ----------  --------------  -------------------
/opt/airflow/dags/airflow.py                           0           1  0.20s           2026-08-11T20:39:20
================================================================================
[2026-08-11T20:39:46.790+0000] {manager.py:755} INFO - Searching for files in /opt/airflow/dags
[2026-08-11T20:39:46.796+0000] {manager.py:758} INFO - There are 1 files in /opt/airflow/dags
[2026-08-11T20:40:07.137+0000] {manager.py:755} INFO - Searching for files in /opt/airflow/dags
[2026-08-11T20:40:07.147+0000] {manager.py:758} INFO - There are 1 files in /opt/airflow/dags
[2026-08-11T20:40:15.226+0000] {manager.py:887} INFO - 
================================================================================
DAG File Processing Stats

File Path                     PID    Runtime      # DAGs    # Errors  Last Runtime    Last Run
----------------------------  -----  ---------  --------  ----------  --------------  -------------------
/opt/airflow/dags/airflow.py                           0           1  0.14s           2026-08-11T20:39:50
================================================================================
[2026-08-11T20:40:27.353+0000] {manager.py:755} INFO - Searching for files in /opt/airflow/dags
[2026-08-11T20:40:27.359+0000] {manager.py:758} INFO - There are 1 files in /opt/airflow/dags
[2026-08-11T20:40:45.506+0000] {manager.py:887} INFO - 
================================================================================
DAG File Processing Stats

File Path                     PID    Runtime      # DAGs    # Errors  Last Runtime    Last Run
----------------------------  -----  ---------  --------  ----------  --------------  -------------------
/opt/airflow/dags/airflow.py                           0           1  0.17s           2026-08-11T20:40:21
================================================================================
[2026-08-11T20:40:47.526+0000] {manager.py:755} INFO - Searching for files in /opt/airflow/dags
[2026-08-11T20:40:47.533+0000] {manager.py:758} INFO - There are 1 files in /opt/airflow/dags
[2026-08-11T20:41:07.838+0000] {manager.py:755} INFO - Searching for files in /opt/airflow/dags
[2026-08-11T20:41:07.847+0000] {manager.py:758} INFO - There are 1 files in /opt/airflow/dags
[2026-08-11T20:41:15.913+0000] {manager.py:887} INFO - 
================================================================================
DAG File Processing Stats

File Path                     PID    Runtime      # DAGs    # Errors  Last Runtime    Last Run
----------------------------  -----  ---------  --------  ----------  --------------  -------------------
/opt/airflow/dags/airflow.py                           0           1  0.16s           2026-08-11T20:40:51
================================================================================
[2026-08-11T20:41:28.036+0000] {manager.py:755} INFO - Searching for files in /opt/airflow/dags
[2026-08-11T20:41:28.043+0000] {manager.py:758} INFO - There are 1 files in /opt/airflow/dags
[2026-08-11T20:41:46.173+0000] {manager.py:887} INFO - 
================================================================================
DAG File Processing Stats

File Path                     PID    Runtime      # DAGs    # Errors  Last Runtime    Last Run
----------------------------  -----  ---------  --------  ----------  --------------  -------------------
/opt/airflow/dags/airflow.py                           0           1  0.24s           2026-08-11T20:41:22
================================================================================
[2026-08-11T20:41:48.196+0000] {manager.py:755} INFO - Searching for files in /opt/airflow/dags
[2026-08-11T20:41:48.203+0000] {manager.py:758} INFO - There are 1 files in /opt/airflow/dags
[2026-08-11T20:42:08.367+0000] {manager.py:755} INFO - Searching for files in /opt/airflow/dags
[2026-08-11T20:42:08.373+0000] {manager.py:758} INFO - There are 1 files in /opt/airflow/dags
[2026-08-11T20:42:16.425+0000] {manager.py:887} INFO - 
================================================================================
DAG File Processing Stats

File Path                     PID    Runtime      # DAGs    # Errors  Last Runtime    Last Run
----------------------------  -----  ---------  --------  ----------  --------------  -------------------
/opt/airflow/dags/airflow.py                           0           1  0.15s           2026-08-11T20:41:52
================================================================================
[2026-08-11T20:42:28.683+0000] {manager.py:755} INFO - Searching for files in /opt/airflow/dags
[2026-08-11T20:42:28.689+0000] {manager.py:758} INFO - There are 1 files in /opt/airflow/dags
[2026-08-11T20:42:46.838+0000] {manager.py:887} INFO - 
================================================================================
DAG File Processing Stats

File Path                     PID    Runtime      # DAGs    # Errors  Last Runtime    Last Run
----------------------------  -----  ---------  --------  ----------  --------------  -------------------
/opt/airflow/dags/airflow.py                           0           1  0.16s           2026-08-11T20:42:22
================================================================================
[2026-08-11T20:42:48.858+0000] {manager.py:755} INFO - Searching for files in /opt/airflow/dags
[2026-08-11T20:42:48.865+0000] {manager.py:758} INFO - There are 1 files in /opt/airflow/dags
[2026-08-11T20:43:09.067+0000] {manager.py:755} INFO - Searching for files in /opt/airflow/dags
[2026-08-11T20:43:09.073+0000] {manager.py:758} INFO - There are 1 files in /opt/airflow/dags
[2026-08-11T20:43:17.148+0000] {manager.py:887} INFO - 
================================================================================
DAG File Processing Stats

File Path                     PID    Runtime      # DAGs    # Errors  Last Runtime    Last Run
----------------------------  -----  ---------  --------  ----------  --------------  -------------------
/opt/airflow/dags/airflow.py                           0           1  0.18s           2026-08-11T20:42:53
================================================================================
[2026-08-11T20:43:29.389+0000] {manager.py:755} INFO - Searching for files in /opt/airflow/dags
[2026-08-11T20:43:29.395+0000] {manager.py:758} INFO - There are 1 files in /opt/airflow/dags
[2026-08-11T20:43:47.505+0000] {manager.py:887} INFO - 
================================================================================
DAG File Processing Stats

File Path                     PID    Runtime      # DAGs    # Errors  Last Runtime    Last Run
----------------------------  -----  ---------  --------  ----------  --------------  -------------------
/opt/airflow/dags/airflow.py                           0           1  0.17s           2026-08-11T20:43:23
================================================================================
[2026-08-11T20:43:49.519+0000] {manager.py:755} INFO - Searching for files in /opt/airflow/dags
[2026-08-11T20:43:49.526+0000] {manager.py:758} INFO - There are 1 files in /opt/airflow/dags
[2026-08-11T20:44:09.708+0000] {manager.py:755} INFO - Searching for files in /opt/airflow/dags
[2026-08-11T20:44:09.716+0000] {manager.py:758} INFO - There are 1 files in /opt/airflow/dags
[2026-08-11T20:44:17.791+0000] {manager.py:887} INFO - 
================================================================================
DAG File Processing Stats

File Path                     PID    Runtime      # DAGs    # Errors  Last Runtime    Last Run
----------------------------  -----  ---------  --------  ----------  --------------  -------------------
/opt/airflow/dags/airflow.py                           0           1  0.16s           2026-08-11T20:43:53
================================================================================
[2026-08-11T20:44:30.001+0000] {manager.py:755} INFO - Searching for files in /opt/airflow/dags
[2026-08-11T20:44:30.009+0000] {manager.py:758} INFO - There are 1 files in /opt/airflow/dags
[2026-08-11T20:44:48.160+0000] {manager.py:887} INFO - 
================================================================================
DAG File Processing Stats

File Path                     PID    Runtime      # DAGs    # Errors  Last Runtime    Last Run
----------------------------  -----  ---------  --------  ----------  --------------  -------------------
/opt/airflow/dags/airflow.py                           0           1  0.16s           2026-08-11T20:44:24
================================================================================
[2026-08-11T20:44:50.173+0000] {manager.py:755} INFO - Searching for files in /opt/airflow/dags
[2026-08-11T20:44:50.179+0000] {manager.py:758} INFO - There are 1 files in /opt/airflow/dags
[2026-08-11T20:45:10.377+0000] {manager.py:755} INFO - Searching for files in /opt/airflow/dags
[2026-08-11T20:45:10.384+0000] {manager.py:758} INFO - There are 1 files in /opt/airflow/dags
[2026-08-11T20:45:18.460+0000] {manager.py:887} INFO - 
================================================================================
DAG File Processing Stats

File Path                     PID    Runtime      # DAGs    # Errors  Last Runtime    Last Run
----------------------------  -----  ---------  --------  ----------  --------------  -------------------
/opt/airflow/dags/airflow.py                           0           1  0.21s           2026-08-11T20:44:54
================================================================================
[2026-08-11T20:45:30.702+0000] {manager.py:755} INFO - Searching for files in /opt/airflow/dags
[2026-08-11T20:45:30.709+0000] {manager.py:758} INFO - There are 1 files in /opt/airflow/dags
[2026-08-11T20:45:48.876+0000] {manager.py:887} INFO - 
================================================================================
DAG File Processing Stats

File Path                     PID    Runtime      # DAGs    # Errors  Last Runtime    Last Run
----------------------------  -----  ---------  --------  ----------  --------------  -------------------
/opt/airflow/dags/airflow.py                           0           1  0.21s           2026-08-11T20:45:24
================================================================================
[2026-08-11T20:45:50.887+0000] {manager.py:755} INFO - Searching for files in /opt/airflow/dags
[2026-08-11T20:45:50.889+0000] {manager.py:758} INFO - There are 1 files in /opt/airflow/dags
[2026-08-11T20:46:11.066+0000] {manager.py:755} INFO - Searching for files in /opt/airflow/dags
[2026-08-11T20:46:11.075+0000] {manager.py:758} INFO - There are 1 files in /opt/airflow/dags
[2026-08-11T20:46:19.150+0000] {manager.py:887} INFO - 
================================================================================
DAG File Processing Stats

File Path                     PID    Runtime      # DAGs    # Errors  Last Runtime    Last Run
----------------------------  -----  ---------  --------  ----------  --------------  -------------------
/opt/airflow/dags/airflow.py                           0           1  0.14s           2026-08-11T20:45:55
================================================================================
[2026-08-11T20:46:31.344+0000] {manager.py:755} INFO - Searching for files in /opt/airflow/dags
[2026-08-11T20:46:31.349+0000] {manager.py:758} INFO - There are 1 files in /opt/airflow/dags
[2026-08-11T20:46:49.504+0000] {manager.py:887} INFO - 
================================================================================
DAG File Processing Stats

File Path                     PID    Runtime      # DAGs    # Errors  Last Runtime    Last Run
----------------------------  -----  ---------  --------  ----------  --------------  -------------------
/opt/airflow/dags/airflow.py                           0           1  0.18s           2026-08-11T20:46:25
================================================================================
[2026-08-11T20:46:51.517+0000] {manager.py:755} INFO - Searching for files in /opt/airflow/dags
[2026-08-11T20:46:51.519+0000] {manager.py:758} INFO - There are 1 files in /opt/airflow/dags
[2026-08-11T20:47:11.692+0000] {manager.py:755} INFO - Searching for files in /opt/airflow/dags
[2026-08-11T20:47:11.698+0000] {manager.py:758} INFO - There are 1 files in /opt/airflow/dags
[2026-08-11T20:47:19.761+0000] {manager.py:887} INFO - 
================================================================================
DAG File Processing Stats

File Path                     PID    Runtime      # DAGs    # Errors  Last Runtime    Last Run
----------------------------  -----  ---------  --------  ----------  --------------  -------------------
/opt/airflow/dags/airflow.py                           0           1  0.17s           2026-08-11T20:46:55
================================================================================
[2026-08-11T20:47:31.987+0000] {manager.py:755} INFO - Searching for files in /opt/airflow/dags
[2026-08-11T20:47:31.994+0000] {manager.py:758} INFO - There are 1 files in /opt/airflow/dags
[2026-08-11T20:47:50.171+0000] {manager.py:887} INFO - 
================================================================================
DAG File Processing Stats

File Path                     PID    Runtime      # DAGs    # Errors  Last Runtime    Last Run
----------------------------  -----  ---------  --------  ----------  --------------  -------------------
/opt/airflow/dags/airflow.py                           0           1  0.16s           2026-08-11T20:47:25
================================================================================
[2026-08-11T20:47:52.197+0000] {manager.py:755} INFO - Searching for files in /opt/airflow/dags
[2026-08-11T20:47:52.204+0000] {manager.py:758} INFO - There are 1 files in /opt/airflow/dags
[2026-08-11T20:48:12.399+0000] {manager.py:755} INFO - Searching for files in /opt/airflow/dags
[2026-08-11T20:48:12.408+0000] {manager.py:758} INFO - There are 1 files in /opt/airflow/dags
[2026-08-11T20:48:20.487+0000] {manager.py:887} INFO - 
================================================================================
DAG File Processing Stats

File Path                     PID    Runtime      # DAGs    # Errors  Last Runtime    Last Run
----------------------------  -----  ---------  --------  ----------  --------------  -------------------
/opt/airflow/dags/airflow.py                           0           1  0.20s           2026-08-11T20:47:56
================================================================================
[2026-08-11T20:48:32.709+0000] {manager.py:755} INFO - Searching for files in /opt/airflow/dags
[2026-08-11T20:48:32.717+0000] {manager.py:758} INFO - There are 1 files in /opt/airflow/dags
[2026-08-11T20:48:50.882+0000] {manager.py:887} INFO - 
================================================================================
DAG File Processing Stats

File Path                     PID    Runtime      # DAGs    # Errors  Last Runtime    Last Run
----------------------------  -----  ---------  --------  ----------  --------------  -------------------
/opt/airflow/dags/airflow.py                           0           1  0.17s           2026-08-11T20:48:26
================================================================================
[2026-08-11T20:48:52.893+0000] {manager.py:755} INFO - Searching for files in /opt/airflow/dags
[2026-08-11T20:48:52.897+0000] {manager.py:758} INFO - There are 1 files in /opt/airflow/dags
[2026-08-11T20:49:13.072+0000] {manager.py:755} INFO - Searching for files in /opt/airflow/dags
[2026-08-11T20:49:13.081+0000] {manager.py:758} INFO - There are 1 files in /opt/airflow/dags
[2026-08-11T20:49:21.151+0000] {manager.py:887} INFO - 
================================================================================
DAG File Processing Stats

File Path                     PID    Runtime      # DAGs    # Errors  Last Runtime    Last Run
----------------------------  -----  ---------  --------  ----------  --------------  -------------------
/opt/airflow/dags/airflow.py                           0           1  0.18s           2026-08-11T20:48:57
================================================================================
[2026-08-11T20:49:33.364+0000] {manager.py:755} INFO - Searching for files in /opt/airflow/dags
[2026-08-11T20:49:33.368+0000] {manager.py:758} INFO - There are 1 files in /opt/airflow/dags
[2026-08-11T20:49:51.507+0000] {manager.py:887} INFO - 
================================================================================
DAG File Processing Stats

File Path                     PID    Runtime      # DAGs    # Errors  Last Runtime    Last Run
----------------------------  -----  ---------  --------  ----------  --------------  -------------------
/opt/airflow/dags/airflow.py                           0           1  0.15s           2026-08-11T20:49:27
================================================================================
[2026-08-11T20:49:53.525+0000] {manager.py:755} INFO - Searching for files in /opt/airflow/dags
[2026-08-11T20:49:53.529+0000] {manager.py:758} INFO - There are 1 files in /opt/airflow/dags
[2026-08-11T20:50:13.701+0000] {manager.py:755} INFO - Searching for files in /opt/airflow/dags
[2026-08-11T20:50:13.707+0000] {manager.py:758} INFO - There are 1 files in /opt/airflow/dags
[2026-08-11T20:50:21.775+0000] {manager.py:887} INFO - 
================================================================================
DAG File Processing Stats

File Path                     PID    Runtime      # DAGs    # Errors  Last Runtime    Last Run
----------------------------  -----  ---------  --------  ----------  --------------  -------------------
/opt/airflow/dags/airflow.py                           0           1  0.21s           2026-08-11T20:49:57
================================================================================
[2026-08-11T20:50:34.018+0000] {manager.py:755} INFO - Searching for files in /opt/airflow/dags
[2026-08-11T20:50:34.024+0000] {manager.py:758} INFO - There are 1 files in /opt/airflow/dags
[2026-08-11T20:50:52.202+0000] {manager.py:887} INFO - 
================================================================================
DAG File Processing Stats

File Path                     PID    Runtime      # DAGs    # Errors  Last Runtime    Last Run
----------------------------  -----  ---------  --------  ----------  --------------  -------------------
/opt/airflow/dags/airflow.py                           0           1  0.18s           2026-08-11T20:50:28
================================================================================
[2026-08-11T20:50:54.219+0000] {manager.py:755} INFO - Searching for files in /opt/airflow/dags
[2026-08-11T20:50:54.225+0000] {manager.py:758} INFO - There are 1 files in /opt/airflow/dags
[2026-08-11T20:51:14.409+0000] {manager.py:755} INFO - Searching for files in /opt/airflow/dags
[2026-08-11T20:51:14.415+0000] {manager.py:758} INFO - There are 1 files in /opt/airflow/dags
[2026-08-11T20:51:22.483+0000] {manager.py:887} INFO - 
================================================================================
DAG File Processing Stats

File Path                     PID    Runtime      # DAGs    # Errors  Last Runtime    Last Run
----------------------------  -----  ---------  --------  ----------  --------------  -------------------
/opt/airflow/dags/airflow.py                           0           1  0.16s           2026-08-11T20:50:58
================================================================================
[2026-08-11T20:51:34.687+0000] {manager.py:755} INFO - Searching for files in /opt/airflow/dags
[2026-08-11T20:51:34.692+0000] {manager.py:758} INFO - There are 1 files in /opt/airflow/dags
[2026-08-11T20:51:52.818+0000] {manager.py:887} INFO - 
================================================================================
DAG File Processing Stats

File Path                     PID    Runtime      # DAGs    # Errors  Last Runtime    Last Run
----------------------------  -----  ---------  --------  ----------  --------------  -------------------
/opt/airflow/dags/airflow.py                           0           1  0.19s           2026-08-11T20:51:28
================================================================================
[2026-08-11T20:51:54.842+0000] {manager.py:755} INFO - Searching for files in /opt/airflow/dags
[2026-08-11T20:51:54.846+0000] {manager.py:758} INFO - There are 1 files in /opt/airflow/dags
[2026-08-11T20:52:15.025+0000] {manager.py:755} INFO - Searching for files in /opt/airflow/dags
[2026-08-11T20:52:15.030+0000] {manager.py:758} INFO - There are 1 files in /opt/airflow/dags
[2026-08-11T20:52:23.084+0000] {manager.py:887} INFO - 
================================================================================
DAG File Processing Stats

File Path                     PID    Runtime      # DAGs    # Errors  Last Runtime    Last Run
----------------------------  -----  ---------  --------  ----------  --------------  -------------------
/opt/airflow/dags/airflow.py                           0           1  0.19s           2026-08-11T20:51:59
================================================================================
[2026-08-11T20:52:35.327+0000] {manager.py:755} INFO - Searching for files in /opt/airflow/dags
[2026-08-11T20:52:35.332+0000] {manager.py:758} INFO - There are 1 files in /opt/airflow/dags
[2026-08-11T20:52:53.463+0000] {manager.py:887} INFO - 
================================================================================
DAG File Processing Stats

File Path                     PID    Runtime      # DAGs    # Errors  Last Runtime    Last Run
----------------------------  -----  ---------  --------  ----------  --------------  -------------------
/opt/airflow/dags/airflow.py                           0           1  0.17s           2026-08-11T20:52:29
================================================================================
[2026-08-11T20:52:55.477+0000] {manager.py:755} INFO - Searching for files in /opt/airflow/dags
[2026-08-11T20:52:55.479+0000] {manager.py:758} INFO - There are 1 files in /opt/airflow/dags
[2026-08-11T20:53:15.655+0000] {manager.py:755} INFO - Searching for files in /opt/airflow/dags
[2026-08-11T20:53:15.663+0000] {manager.py:758} INFO - There are 1 files in /opt/airflow/dags
[2026-08-11T20:53:23.731+0000] {manager.py:887} INFO - 
================================================================================
DAG File Processing Stats

File Path                     PID    Runtime      # DAGs    # Errors  Last Runtime    Last Run
----------------------------  -----  ---------  --------  ----------  --------------  -------------------
/opt/airflow/dags/airflow.py                           0           1  0.18s           2026-08-11T20:52:59
================================================================================
[2026-08-11T20:53:35.945+0000] {manager.py:755} INFO - Searching for files in /opt/airflow/dags
[2026-08-11T20:53:35.951+0000] {manager.py:758} INFO - There are 1 files in /opt/airflow/dags
[2026-08-11T20:53:54.115+0000] {manager.py:887} INFO - 
================================================================================
DAG File Processing Stats

File Path                     PID    Runtime      # DAGs    # Errors  Last Runtime    Last Run
----------------------------  -----  ---------  --------  ----------  --------------  -------------------
/opt/airflow/dags/airflow.py                           0           1  0.20s           2026-08-11T20:53:29
================================================================================
[2026-08-11T20:53:56.132+0000] {manager.py:755} INFO - Searching for files in /opt/airflow/dags
[2026-08-11T20:53:56.137+0000] {manager.py:758} INFO - There are 1 files in /opt/airflow/dags
[2026-08-11T20:54:16.314+0000] {manager.py:755} INFO - Searching for files in /opt/airflow/dags
[2026-08-11T20:54:16.319+0000] {manager.py:758} INFO - There are 1 files in /opt/airflow/dags
[2026-08-11T20:54:24.386+0000] {manager.py:887} INFO - 
================================================================================
DAG File Processing Stats

File Path                     PID    Runtime      # DAGs    # Errors  Last Runtime    Last Run
----------------------------  -----  ---------  --------  ----------  --------------  -------------------
/opt/airflow/dags/airflow.py                           0           1  0.18s           2026-08-11T20:54:00
================================================================================
[2026-08-11T20:54:36.602+0000] {manager.py:755} INFO - Searching for files in /opt/airflow/dags
[2026-08-11T20:54:36.605+0000] {manager.py:758} INFO - There are 1 files in /opt/airflow/dags
[2026-08-11T20:54:54.758+0000] {manager.py:887} INFO - 
================================================================================
DAG File Processing Stats

File Path                     PID    Runtime      # DAGs    # Errors  Last Runtime    Last Run
----------------------------  -----  ---------  --------  ----------  --------------  -------------------
/opt/airflow/dags/airflow.py                           0           1  0.21s           2026-08-11T20:54:30
================================================================================
[2026-08-11T20:54:56.772+0000] {manager.py:755} INFO - Searching for files in /opt/airflow/dags
[2026-08-11T20:54:56.778+0000] {manager.py:758} INFO - There are 1 files in /opt/airflow/dags
[2026-08-11T20:55:17.020+0000] {manager.py:755} INFO - Searching for files in /opt/airflow/dags
[2026-08-11T20:55:17.027+0000] {manager.py:758} INFO - There are 1 files in /opt/airflow/dags
[2026-08-11T20:55:25.099+0000] {manager.py:887} INFO - 
================================================================================
DAG File Processing Stats

File Path                     PID    Runtime      # DAGs    # Errors  Last Runtime    Last Run
----------------------------  -----  ---------  --------  ----------  --------------  -------------------
/opt/airflow/dags/airflow.py                           0           1  0.17s           2026-08-11T20:55:00
================================================================================
[2026-08-11T20:55:37.229+0000] {manager.py:755} INFO - Searching for files in /opt/airflow/dags
[2026-08-11T20:55:37.237+0000] {manager.py:758} INFO - There are 1 files in /opt/airflow/dags
[2026-08-11T20:55:55.394+0000] {manager.py:887} INFO - 
================================================================================
DAG File Processing Stats

File Path                     PID    Runtime      # DAGs    # Errors  Last Runtime    Last Run
----------------------------  -----  ---------  --------  ----------  --------------  -------------------
/opt/airflow/dags/airflow.py                           0           1  0.17s           2026-08-11T20:55:31
================================================================================
[2026-08-11T20:55:57.412+0000] {manager.py:755} INFO - Searching for files in /opt/airflow/dags
[2026-08-11T20:55:57.417+0000] {manager.py:758} INFO - There are 1 files in /opt/airflow/dags
[2026-08-11T20:56:17.664+0000] {manager.py:755} INFO - Searching for files in /opt/airflow/dags
[2026-08-11T20:56:17.669+0000] {manager.py:758} INFO - There are 1 files in /opt/airflow/dags
[2026-08-11T20:56:25.734+0000] {manager.py:887} INFO - 
================================================================================
DAG File Processing Stats

File Path                     PID    Runtime      # DAGs    # Errors  Last Runtime    Last Run
----------------------------  -----  ---------  --------  ----------  --------------  -------------------
/opt/airflow/dags/airflow.py                           0           1  0.20s           2026-08-11T20:56:01
================================================================================
[2026-08-11T20:56:37.890+0000] {manager.py:755} INFO - Searching for files in /opt/airflow/dags
[2026-08-11T20:56:37.898+0000] {manager.py:758} INFO - There are 1 files in /opt/airflow/dags
[2026-08-11T20:56:56.053+0000] {manager.py:887} INFO - 
================================================================================
DAG File Processing Stats

File Path                     PID    Runtime      # DAGs    # Errors  Last Runtime    Last Run
----------------------------  -----  ---------  --------  ----------  --------------  -------------------
/opt/airflow/dags/airflow.py                           0           1  0.20s           2026-08-11T20:56:31
================================================================================
[2026-08-11T20:56:58.063+0000] {manager.py:755} INFO - Searching for files in /opt/airflow/dags
[2026-08-11T20:56:58.066+0000] {manager.py:758} INFO - There are 1 files in /opt/airflow/dags
[2026-08-11T20:57:18.254+0000] {manager.py:755} INFO - Searching for files in /opt/airflow/dags
[2026-08-11T20:57:18.257+0000] {manager.py:758} INFO - There are 1 files in /opt/airflow/dags
[2026-08-11T20:57:26.305+0000] {manager.py:887} INFO - 
================================================================================
DAG File Processing Stats

File Path                     PID    Runtime      # DAGs    # Errors  Last Runtime    Last Run
----------------------------  -----  ---------  --------  ----------  --------------  -------------------
/opt/airflow/dags/airflow.py                           0           1  0.19s           2026-08-11T20:57:02
================================================================================
[2026-08-11T20:57:38.504+0000] {manager.py:755} INFO - Searching for files in /opt/airflow/dags
[2026-08-11T20:57:38.512+0000] {manager.py:758} INFO - There are 1 files in /opt/airflow/dags
[2026-08-11T20:57:56.686+0000] {manager.py:887} INFO - 
================================================================================
DAG File Processing Stats

File Path                     PID    Runtime      # DAGs    # Errors  Last Runtime    Last Run
----------------------------  -----  ---------  --------  ----------  --------------  -------------------
/opt/airflow/dags/airflow.py                           0           1  0.15s           2026-08-11T20:57:32
================================================================================
[2026-08-11T20:57:58.710+0000] {manager.py:755} INFO - Searching for files in /opt/airflow/dags
[2026-08-11T20:57:58.718+0000] {manager.py:758} INFO - There are 1 files in /opt/airflow/dags
[2026-08-11T20:58:18.958+0000] {manager.py:755} INFO - Searching for files in /opt/airflow/dags
[2026-08-11T20:58:18.964+0000] {manager.py:758} INFO - There are 1 files in /opt/airflow/dags
[2026-08-11T20:58:27.034+0000] {manager.py:887} INFO - 
================================================================================
DAG File Processing Stats

File Path                     PID    Runtime      # DAGs    # Errors  Last Runtime    Last Run
----------------------------  -----  ---------  --------  ----------  --------------  -------------------
/opt/airflow/dags/airflow.py                           0           1  0.25s           2026-08-11T20:58:03
================================================================================
[2026-08-11T20:58:39.240+0000] {manager.py:755} INFO - Searching for files in /opt/airflow/dags
[2026-08-11T20:58:39.243+0000] {manager.py:758} INFO - There are 1 files in /opt/airflow/dags
[2026-08-11T20:58:57.400+0000] {manager.py:887} INFO - 
================================================================================
DAG File Processing Stats

File Path                     PID    Runtime      # DAGs    # Errors  Last Runtime    Last Run
----------------------------  -----  ---------  --------  ----------  --------------  -------------------
/opt/airflow/dags/airflow.py                           0           1  0.23s           2026-08-11T20:58:33
================================================================================
[2026-08-11T20:58:59.422+0000] {manager.py:755} INFO - Searching for files in /opt/airflow/dags
[2026-08-11T20:58:59.430+0000] {manager.py:758} INFO - There are 1 files in /opt/airflow/dags
[2026-08-11T20:59:19.714+0000] {manager.py:755} INFO - Searching for files in /opt/airflow/dags
[2026-08-11T20:59:19.721+0000] {manager.py:758} INFO - There are 1 files in /opt/airflow/dags
[2026-08-11T20:59:27.807+0000] {manager.py:887} INFO - 
================================================================================
DAG File Processing Stats

File Path                     PID    Runtime      # DAGs    # Errors  Last Runtime    Last Run
----------------------------  -----  ---------  --------  ----------  --------------  -------------------
/opt/airflow/dags/airflow.py                           0           1  0.32s           2026-08-11T20:59:03
================================================================================
[2026-08-11T20:59:39.928+0000] {manager.py:755} INFO - Searching for files in /opt/airflow/dags
[2026-08-11T20:59:39.934+0000] {manager.py:758} INFO - There are 1 files in /opt/airflow/dags
[2026-08-11T20:59:58.111+0000] {manager.py:887} INFO - 
================================================================================
DAG File Processing Stats

File Path                     PID    Runtime      # DAGs    # Errors  Last Runtime    Last Run
----------------------------  -----  ---------  --------  ----------  --------------  -------------------
/opt/airflow/dags/airflow.py                           0           1  0.15s           2026-08-11T20:59:34
================================================================================
[2026-08-11T21:00:00.132+0000] {manager.py:755} INFO - Searching for files in /opt/airflow/dags
[2026-08-11T21:00:00.138+0000] {manager.py:758} INFO - There are 1 files in /opt/airflow/dags
[2026-08-11T21:00:20.353+0000] {manager.py:755} INFO - Searching for files in /opt/airflow/dags
[2026-08-11T21:00:20.358+0000] {manager.py:758} INFO - There are 1 files in /opt/airflow/dags
[2026-08-11T21:00:28.432+0000] {manager.py:887} INFO - 
================================================================================
DAG File Processing Stats

File Path                     PID    Runtime      # DAGs    # Errors  Last Runtime    Last Run
----------------------------  -----  ---------  --------  ----------  --------------  -------------------
/opt/airflow/dags/airflow.py                           0           1  0.18s           2026-08-11T21:00:04
================================================================================
[2026-08-11T21:00:40.625+0000] {manager.py:755} INFO - Searching for files in /opt/airflow/dags
[2026-08-11T21:00:40.630+0000] {manager.py:758} INFO - There are 1 files in /opt/airflow/dags
[2026-08-11T21:00:58.776+0000] {manager.py:887} INFO - 
================================================================================
DAG File Processing Stats

File Path                     PID    Runtime      # DAGs    # Errors  Last Runtime    Last Run
----------------------------  -----  ---------  --------  ----------  --------------  -------------------
/opt/airflow/dags/airflow.py                           0           1  0.25s           2026-08-11T21:00:34
================================================================================
[2026-08-11T21:01:00.796+0000] {manager.py:755} INFO - Searching for files in /opt/airflow/dags
[2026-08-11T21:01:00.801+0000] {manager.py:758} INFO - There are 1 files in /opt/airflow/dags
[2026-08-11T21:01:21.047+0000] {manager.py:755} INFO - Searching for files in /opt/airflow/dags
[2026-08-11T21:01:21.054+0000] {manager.py:758} INFO - There are 1 files in /opt/airflow/dags
[2026-08-11T21:01:29.129+0000] {manager.py:887} INFO - 
================================================================================
DAG File Processing Stats

File Path                     PID    Runtime      # DAGs    # Errors  Last Runtime    Last Run
----------------------------  -----  ---------  --------  ----------  --------------  -------------------
/opt/airflow/dags/airflow.py                           0           1  0.16s           2026-08-11T21:01:04
================================================================================
[2026-08-11T21:01:41.224+0000] {manager.py:755} INFO - Searching for files in /opt/airflow/dags
[2026-08-11T21:01:41.229+0000] {manager.py:758} INFO - There are 1 files in /opt/airflow/dags
[2026-08-11T21:01:59.355+0000] {manager.py:887} INFO - 
================================================================================
DAG File Processing Stats

File Path                     PID    Runtime      # DAGs    # Errors  Last Runtime    Last Run
----------------------------  -----  ---------  --------  ----------  --------------  -------------------
/opt/airflow/dags/airflow.py                           0           1  0.17s           2026-08-11T21:01:35
================================================================================
[2026-08-11T21:02:01.364+0000] {manager.py:755} INFO - Searching for files in /opt/airflow/dags
[2026-08-11T21:02:01.368+0000] {manager.py:758} INFO - There are 1 files in /opt/airflow/dags
[2026-08-11T21:02:21.705+0000] {manager.py:755} INFO - Searching for files in /opt/airflow/dags
[2026-08-11T21:02:21.710+0000] {manager.py:758} INFO - There are 1 files in /opt/airflow/dags
[2026-08-11T21:02:29.795+0000] {manager.py:887} INFO - 
================================================================================
DAG File Processing Stats

File Path                     PID    Runtime      # DAGs    # Errors  Last Runtime    Last Run
----------------------------  -----  ---------  --------  ----------  --------------  -------------------
/opt/airflow/dags/airflow.py                           0           1  0.29s           2026-08-11T21:02:05
================================================================================
[2026-08-11T21:02:42.002+0000] {manager.py:755} INFO - Searching for files in /opt/airflow/dags
[2026-08-11T21:02:42.008+0000] {manager.py:758} INFO - There are 1 files in /opt/airflow/dags
[2026-08-11T21:03:00.164+0000] {manager.py:887} INFO - 
================================================================================
DAG File Processing Stats

File Path                     PID    Runtime      # DAGs    # Errors  Last Runtime    Last Run
----------------------------  -----  ---------  --------  ----------  --------------  -------------------
/opt/airflow/dags/airflow.py                           0           1  0.20s           2026-08-11T21:02:36
================================================================================
[2026-08-11T21:03:02.183+0000] {manager.py:755} INFO - Searching for files in /opt/airflow/dags
[2026-08-11T21:03:02.188+0000] {manager.py:758} INFO - There are 1 files in /opt/airflow/dags
[2026-08-11T21:03:22.427+0000] {manager.py:755} INFO - Searching for files in /opt/airflow/dags
[2026-08-11T21:03:22.433+0000] {manager.py:758} INFO - There are 1 files in /opt/airflow/dags
[2026-08-11T21:03:30.519+0000] {manager.py:887} INFO - 
================================================================================
DAG File Processing Stats

File Path                     PID    Runtime      # DAGs    # Errors  Last Runtime    Last Run
----------------------------  -----  ---------  --------  ----------  --------------  -------------------
/opt/airflow/dags/airflow.py                           0           1  0.14s           2026-08-11T21:03:06
================================================================================
[2026-08-11T21:03:42.653+0000] {manager.py:755} INFO - Searching for files in /opt/airflow/dags
[2026-08-11T21:03:42.659+0000] {manager.py:758} INFO - There are 1 files in /opt/airflow/dags
[2026-08-11T21:04:00.789+0000] {manager.py:887} INFO - 
================================================================================
DAG File Processing Stats

File Path                     PID    Runtime      # DAGs    # Errors  Last Runtime    Last Run
----------------------------  -----  ---------  --------  ----------  --------------  -------------------
/opt/airflow/dags/airflow.py                           0           1  0.20s           2026-08-11T21:03:36
================================================================================
[2026-08-11T21:04:02.808+0000] {manager.py:755} INFO - Searching for files in /opt/airflow/dags
[2026-08-11T21:04:02.815+0000] {manager.py:758} INFO - There are 1 files in /opt/airflow/dags
[2026-08-11T21:04:23.133+0000] {manager.py:755} INFO - Searching for files in /opt/airflow/dags
[2026-08-11T21:04:23.138+0000] {manager.py:758} INFO - There are 1 files in /opt/airflow/dags
[2026-08-11T21:04:31.222+0000] {manager.py:887} INFO - 
================================================================================
DAG File Processing Stats

File Path                     PID    Runtime      # DAGs    # Errors  Last Runtime    Last Run
----------------------------  -----  ---------  --------  ----------  --------------  -------------------
/opt/airflow/dags/airflow.py                           0           1  0.16s           2026-08-11T21:04:07
================================================================================
[2026-08-11T21:04:43.358+0000] {manager.py:755} INFO - Searching for files in /opt/airflow/dags
[2026-08-11T21:04:43.366+0000] {manager.py:758} INFO - There are 1 files in /opt/airflow/dags
[2026-08-11T21:05:01.550+0000] {manager.py:887} INFO - 
================================================================================
DAG File Processing Stats

File Path                     PID    Runtime      # DAGs    # Errors  Last Runtime    Last Run
----------------------------  -----  ---------  --------  ----------  --------------  -------------------
/opt/airflow/dags/airflow.py                           0           1  0.16s           2026-08-11T21:04:37
================================================================================
[2026-08-11T21:05:03.579+0000] {manager.py:755} INFO - Searching for files in /opt/airflow/dags
[2026-08-11T21:05:03.586+0000] {manager.py:758} INFO - There are 1 files in /opt/airflow/dags
[2026-08-11T21:05:23.778+0000] {manager.py:755} INFO - Searching for files in /opt/airflow/dags
[2026-08-11T21:05:23.782+0000] {manager.py:758} INFO - There are 1 files in /opt/airflow/dags
[2026-08-11T21:05:31.851+0000] {manager.py:887} INFO - 
================================================================================
DAG File Processing Stats

File Path                     PID    Runtime      # DAGs    # Errors  Last Runtime    Last Run
----------------------------  -----  ---------  --------  ----------  --------------  -------------------
/opt/airflow/dags/airflow.py                           0           1  0.17s           2026-08-11T21:05:07
================================================================================
[2026-08-11T21:05:43.937+0000] {manager.py:755} INFO - Searching for files in /opt/airflow/dags
[2026-08-11T21:05:43.941+0000] {manager.py:758} INFO - There are 1 files in /opt/airflow/dags
[2026-08-11T21:06:02.067+0000] {manager.py:887} INFO - 
================================================================================
DAG File Processing Stats

File Path                     PID    Runtime      # DAGs    # Errors  Last Runtime    Last Run
----------------------------  -----  ---------  --------  ----------  --------------  -------------------
/opt/airflow/dags/airflow.py                           0           1  0.15s           2026-08-11T21:05:38
================================================================================
[2026-08-11T21:06:04.077+0000] {manager.py:755} INFO - Searching for files in /opt/airflow/dags
[2026-08-11T21:06:04.081+0000] {manager.py:758} INFO - There are 1 files in /opt/airflow/dags
[2026-08-11T21:06:24.394+0000] {manager.py:755} INFO - Searching for files in /opt/airflow/dags
[2026-08-11T21:06:24.402+0000] {manager.py:758} INFO - There are 1 files in /opt/airflow/dags
[2026-08-11T21:06:32.493+0000] {manager.py:887} INFO - 
================================================================================
DAG File Processing Stats

File Path                     PID    Runtime      # DAGs    # Errors  Last Runtime    Last Run
----------------------------  -----  ---------  --------  ----------  --------------  -------------------
/opt/airflow/dags/airflow.py                           0           1  0.15s           2026-08-11T21:06:08
================================================================================
[2026-08-11T21:06:44.627+0000] {manager.py:755} INFO - Searching for files in /opt/airflow/dags
[2026-08-11T21:06:44.634+0000] {manager.py:758} INFO - There are 1 files in /opt/airflow/dags
[2026-08-11T21:07:02.775+0000] {manager.py:887} INFO - 
================================================================================
DAG File Processing Stats

File Path                     PID    Runtime      # DAGs    # Errors  Last Runtime    Last Run
----------------------------  -----  ---------  --------  ----------  --------------  -------------------
/opt/airflow/dags/airflow.py                           0           1  0.19s           2026-08-11T21:06:38
================================================================================
[2026-08-11T21:07:04.797+0000] {manager.py:755} INFO - Searching for files in /opt/airflow/dags
[2026-08-11T21:07:04.804+0000] {manager.py:758} INFO - There are 1 files in /opt/airflow/dags
[2026-08-11T21:07:25.135+0000] {manager.py:755} INFO - Searching for files in /opt/airflow/dags
[2026-08-11T21:07:25.142+0000] {manager.py:758} INFO - There are 1 files in /opt/airflow/dags
[2026-08-11T21:07:33.227+0000] {manager.py:887} INFO - 
================================================================================
DAG File Processing Stats

File Path                     PID    Runtime      # DAGs    # Errors  Last Runtime    Last Run
----------------------------  -----  ---------  --------  ----------  --------------  -------------------
/opt/airflow/dags/airflow.py                           0           1  0.15s           2026-08-11T21:07:09
================================================================================
[2026-08-11T21:07:45.351+0000] {manager.py:755} INFO - Searching for files in /opt/airflow/dags
[2026-08-11T21:07:45.359+0000] {manager.py:758} INFO - There are 1 files in /opt/airflow/dags
[2026-08-11T21:08:03.517+0000] {manager.py:887} INFO - 
================================================================================
DAG File Processing Stats

File Path                     PID    Runtime      # DAGs    # Errors  Last Runtime    Last Run
----------------------------  -----  ---------  --------  ----------  --------------  -------------------
/opt/airflow/dags/airflow.py                           0           1  0.15s           2026-08-11T21:07:39
================================================================================
[2026-08-11T21:08:05.537+0000] {manager.py:755} INFO - Searching for files in /opt/airflow/dags
[2026-08-11T21:08:05.544+0000] {manager.py:758} INFO - There are 1 files in /opt/airflow/dags
[2026-08-11T21:08:25.749+0000] {manager.py:755} INFO - Searching for files in /opt/airflow/dags
[2026-08-11T21:08:25.756+0000] {manager.py:758} INFO - There are 1 files in /opt/airflow/dags
[2026-08-11T21:08:33.834+0000] {manager.py:887} INFO - 
================================================================================
DAG File Processing Stats

File Path                     PID    Runtime      # DAGs    # Errors  Last Runtime    Last Run
----------------------------  -----  ---------  --------  ----------  --------------  -------------------
/opt/airflow/dags/airflow.py                           0           1  0.14s           2026-08-11T21:08:09
================================================================================
[2026-08-11T21:08:46.008+0000] {manager.py:755} INFO - Searching for files in /opt/airflow/dags
[2026-08-11T21:08:46.016+0000] {manager.py:758} INFO - There are 1 files in /opt/airflow/dags
[2026-08-11T21:09:04.197+0000] {manager.py:887} INFO - 
================================================================================
DAG File Processing Stats

File Path                     PID    Runtime      # DAGs    # Errors  Last Runtime    Last Run
----------------------------  -----  ---------  --------  ----------  --------------  -------------------
/opt/airflow/dags/airflow.py                           0           1  0.15s           2026-08-11T21:08:40
================================================================================
[2026-08-11T21:09:06.220+0000] {manager.py:755} INFO - Searching for files in /opt/airflow/dags
[2026-08-11T21:09:06.227+0000] {manager.py:758} INFO - There are 1 files in /opt/airflow/dags
[2026-08-11T21:09:26.450+0000] {manager.py:755} INFO - Searching for files in /opt/airflow/dags
[2026-08-11T21:09:26.458+0000] {manager.py:758} INFO - There are 1 files in /opt/airflow/dags
[2026-08-11T21:09:34.538+0000] {manager.py:887} INFO - 
================================================================================
DAG File Processing Stats

File Path                     PID    Runtime      # DAGs    # Errors  Last Runtime    Last Run
----------------------------  -----  ---------  --------  ----------  --------------  -------------------
/opt/airflow/dags/airflow.py                           0           1  0.15s           2026-08-11T21:09:10
================================================================================
[2026-08-11T21:09:46.675+0000] {manager.py:755} INFO - Searching for files in /opt/airflow/dags
[2026-08-11T21:09:46.683+0000] {manager.py:758} INFO - There are 1 files in /opt/airflow/dags
[2026-08-11T21:10:04.833+0000] {manager.py:887} INFO - 
================================================================================
DAG File Processing Stats

File Path                     PID    Runtime      # DAGs    # Errors  Last Runtime    Last Run
----------------------------  -----  ---------  --------  ----------  --------------  -------------------
/opt/airflow/dags/airflow.py                           0           1  0.17s           2026-08-11T21:09:40
================================================================================
[2026-08-11T21:10:06.851+0000] {manager.py:755} INFO - Searching for files in /opt/airflow/dags
[2026-08-11T21:10:06.859+0000] {manager.py:758} INFO - There are 1 files in /opt/airflow/dags
[2026-08-11T21:10:27.173+0000] {manager.py:755} INFO - Searching for files in /opt/airflow/dags
[2026-08-11T21:10:27.176+0000] {manager.py:758} INFO - There are 1 files in /opt/airflow/dags
[2026-08-11T21:10:35.241+0000] {manager.py:887} INFO - 
================================================================================
DAG File Processing Stats

File Path                     PID    Runtime      # DAGs    # Errors  Last Runtime    Last Run
----------------------------  -----  ---------  --------  ----------  --------------  -------------------
/opt/airflow/dags/airflow.py                           0           1  0.20s           2026-08-11T21:10:11
================================================================================
[2026-08-11T21:10:47.406+0000] {manager.py:755} INFO - Searching for files in /opt/airflow/dags
[2026-08-11T21:10:47.413+0000] {manager.py:758} INFO - There are 1 files in /opt/airflow/dags
[2026-08-11T21:11:05.571+0000] {manager.py:887} INFO - 
================================================================================
DAG File Processing Stats

File Path                     PID    Runtime      # DAGs    # Errors  Last Runtime    Last Run
----------------------------  -----  ---------  --------  ----------  --------------  -------------------
/opt/airflow/dags/airflow.py                           0           1  0.15s           2026-08-11T21:10:41
================================================================================
[2026-08-11T21:11:07.593+0000] {manager.py:755} INFO - Searching for files in /opt/airflow/dags
[2026-08-11T21:11:07.598+0000] {manager.py:758} INFO - There are 1 files in /opt/airflow/dags
[2026-08-11T21:11:27.920+0000] {manager.py:755} INFO - Searching for files in /opt/airflow/dags
[2026-08-11T21:11:27.925+0000] {manager.py:758} INFO - There are 1 files in /opt/airflow/dags
[2026-08-11T21:11:36.018+0000] {manager.py:887} INFO - 
================================================================================
DAG File Processing Stats

File Path                     PID    Runtime      # DAGs    # Errors  Last Runtime    Last Run
----------------------------  -----  ---------  --------  ----------  --------------  -------------------
/opt/airflow/dags/airflow.py                           0           1  0.16s           2026-08-11T21:11:11
================================================================================
[2026-08-11T21:11:48.156+0000] {manager.py:755} INFO - Searching for files in /opt/airflow/dags
[2026-08-11T21:11:48.165+0000] {manager.py:758} INFO - There are 1 files in /opt/airflow/dags
[2026-08-11T21:12:06.325+0000] {manager.py:887} INFO - 
================================================================================
DAG File Processing Stats

File Path                     PID    Runtime      # DAGs    # Errors  Last Runtime    Last Run
----------------------------  -----  ---------  --------  ----------  --------------  -------------------
/opt/airflow/dags/airflow.py                           0           1  0.15s           2026-08-11T21:11:42
================================================================================
[2026-08-11T21:12:08.340+0000] {manager.py:755} INFO - Searching for files in /opt/airflow/dags
[2026-08-11T21:12:08.345+0000] {manager.py:758} INFO - There are 1 files in /opt/airflow/dags
[2026-08-11T21:12:28.574+0000] {manager.py:755} INFO - Searching for files in /opt/airflow/dags
[2026-08-11T21:12:28.583+0000] {manager.py:758} INFO - There are 1 files in /opt/airflow/dags
[2026-08-11T21:12:36.646+0000] {manager.py:887} INFO - 
================================================================================
DAG File Processing Stats

File Path                     PID    Runtime      # DAGs    # Errors  Last Runtime    Last Run
----------------------------  -----  ---------  --------  ----------  --------------  -------------------
/opt/airflow/dags/airflow.py                           0           1  0.15s           2026-08-11T21:12:12
================================================================================
[2026-08-11T21:12:48.780+0000] {manager.py:755} INFO - Searching for files in /opt/airflow/dags
[2026-08-11T21:12:48.787+0000] {manager.py:758} INFO - There are 1 files in /opt/airflow/dags
[2026-08-11T21:13:06.965+0000] {manager.py:887} INFO - 
================================================================================
DAG File Processing Stats

File Path                     PID    Runtime      # DAGs    # Errors  Last Runtime    Last Run
----------------------------  -----  ---------  --------  ----------  --------------  -------------------
/opt/airflow/dags/airflow.py                           0           1  0.15s           2026-08-11T21:12:42
================================================================================
[2026-08-11T21:13:08.975+0000] {manager.py:755} INFO - Searching for files in /opt/airflow/dags
[2026-08-11T21:13:08.979+0000] {manager.py:758} INFO - There are 1 files in /opt/airflow/dags
[2026-08-11T21:13:29.226+0000] {manager.py:755} INFO - Searching for files in /opt/airflow/dags
[2026-08-11T21:13:29.232+0000] {manager.py:758} INFO - There are 1 files in /opt/airflow/dags
[2026-08-11T21:13:37.313+0000] {manager.py:887} INFO - 
================================================================================
DAG File Processing Stats

File Path                     PID    Runtime      # DAGs    # Errors  Last Runtime    Last Run
----------------------------  -----  ---------  --------  ----------  --------------  -------------------
/opt/airflow/dags/airflow.py                           0           1  0.16s           2026-08-11T21:13:13
================================================================================
[2026-08-11T21:13:49.474+0000] {manager.py:755} INFO - Searching for files in /opt/airflow/dags
[2026-08-11T21:13:49.481+0000] {manager.py:758} INFO - There are 1 files in /opt/airflow/dags
[2026-08-11T21:14:07.634+0000] {manager.py:887} INFO - 
================================================================================
DAG File Processing Stats

File Path                     PID    Runtime      # DAGs    # Errors  Last Runtime    Last Run
----------------------------  -----  ---------  --------  ----------  --------------  -------------------
/opt/airflow/dags/airflow.py                           0           1  0.16s           2026-08-11T21:13:43
================================================================================
[2026-08-11T21:14:09.651+0000] {manager.py:755} INFO - Searching for files in /opt/airflow/dags
[2026-08-11T21:14:09.653+0000] {manager.py:758} INFO - There are 1 files in /opt/airflow/dags
[2026-08-11T21:14:29.860+0000] {manager.py:755} INFO - Searching for files in /opt/airflow/dags
[2026-08-11T21:14:29.868+0000] {manager.py:758} INFO - There are 1 files in /opt/airflow/dags
[2026-08-11T21:14:37.949+0000] {manager.py:887} INFO - 
================================================================================
DAG File Processing Stats

File Path                     PID    Runtime      # DAGs    # Errors  Last Runtime    Last Run
----------------------------  -----  ---------  --------  ----------  --------------  -------------------
/opt/airflow/dags/airflow.py                           0           1  0.15s           2026-08-11T21:14:13
================================================================================
[2026-08-11T21:14:50.120+0000] {manager.py:755} INFO - Searching for files in /opt/airflow/dags
[2026-08-11T21:14:50.128+0000] {manager.py:758} INFO - There are 1 files in /opt/airflow/dags
[2026-08-11T21:15:08.282+0000] {manager.py:887} INFO - 
================================================================================
DAG File Processing Stats

File Path                     PID    Runtime      # DAGs    # Errors  Last Runtime    Last Run
----------------------------  -----  ---------  --------  ----------  --------------  -------------------
/opt/airflow/dags/airflow.py                           0           1  0.16s           2026-08-11T21:14:44
================================================================================
[2026-08-11T21:15:10.296+0000] {manager.py:755} INFO - Searching for files in /opt/airflow/dags
[2026-08-11T21:15:10.304+0000] {manager.py:758} INFO - There are 1 files in /opt/airflow/dags
[2026-08-11T21:15:30.526+0000] {manager.py:755} INFO - Searching for files in /opt/airflow/dags
[2026-08-11T21:15:30.534+0000] {manager.py:758} INFO - There are 1 files in /opt/airflow/dags
[2026-08-11T21:15:38.613+0000] {manager.py:887} INFO - 
================================================================================
DAG File Processing Stats

File Path                     PID    Runtime      # DAGs    # Errors  Last Runtime    Last Run
----------------------------  -----  ---------  --------  ----------  --------------  -------------------
/opt/airflow/dags/airflow.py                           0           1  0.20s           2026-08-11T21:15:14
================================================================================
[2026-08-11T21:15:50.836+0000] {manager.py:755} INFO - Searching for files in /opt/airflow/dags
[2026-08-11T21:15:50.845+0000] {manager.py:758} INFO - There are 1 files in /opt/airflow/dags
[2026-08-11T21:16:09.001+0000] {manager.py:887} INFO - 
================================================================================
DAG File Processing Stats

File Path                     PID    Runtime      # DAGs    # Errors  Last Runtime    Last Run
----------------------------  -----  ---------  --------  ----------  --------------  -------------------
/opt/airflow/dags/airflow.py                           0           1  0.15s           2026-08-11T21:15:44
================================================================================
[2026-08-11T21:16:11.016+0000] {manager.py:755} INFO - Searching for files in /opt/airflow/dags
[2026-08-11T21:16:11.022+0000] {manager.py:758} INFO - There are 1 files in /opt/airflow/dags
[2026-08-11T21:16:31.208+0000] {manager.py:755} INFO - Searching for files in /opt/airflow/dags
[2026-08-11T21:16:31.212+0000] {manager.py:758} INFO - There are 1 files in /opt/airflow/dags
[2026-08-11T21:16:39.278+0000] {manager.py:887} INFO - 
================================================================================
DAG File Processing Stats

File Path                     PID    Runtime      # DAGs    # Errors  Last Runtime    Last Run
----------------------------  -----  ---------  --------  ----------  --------------  -------------------
/opt/airflow/dags/airflow.py                           0           1  0.15s           2026-08-11T21:16:15
================================================================================
[2026-08-11T21:16:51.511+0000] {manager.py:755} INFO - Searching for files in /opt/airflow/dags
[2026-08-11T21:16:51.517+0000] {manager.py:758} INFO - There are 1 files in /opt/airflow/dags
[2026-08-11T21:17:09.696+0000] {manager.py:887} INFO - 
================================================================================
DAG File Processing Stats

File Path                     PID    Runtime      # DAGs    # Errors  Last Runtime    Last Run
----------------------------  -----  ---------  --------  ----------  --------------  -------------------
/opt/airflow/dags/airflow.py                           0           1  0.16s           2026-08-11T21:16:45
================================================================================
[2026-08-11T21:17:11.722+0000] {manager.py:755} INFO - Searching for files in /opt/airflow/dags
[2026-08-11T21:17:11.731+0000] {manager.py:758} INFO - There are 1 files in /opt/airflow/dags
[2026-08-11T21:17:31.964+0000] {manager.py:755} INFO - Searching for files in /opt/airflow/dags
[2026-08-11T21:17:31.971+0000] {manager.py:758} INFO - There are 1 files in /opt/airflow/dags
[2026-08-11T21:17:40.056+0000] {manager.py:887} INFO - 
================================================================================
DAG File Processing Stats

File Path                     PID    Runtime      # DAGs    # Errors  Last Runtime    Last Run
----------------------------  -----  ---------  --------  ----------  --------------  -------------------
/opt/airflow/dags/airflow.py                           0           1  0.19s           2026-08-11T21:17:15
================================================================================
[2026-08-11T21:17:52.314+0000] {manager.py:755} INFO - Searching for files in /opt/airflow/dags
[2026-08-11T21:17:52.322+0000] {manager.py:758} INFO - There are 1 files in /opt/airflow/dags
[2026-08-11T21:18:10.519+0000] {manager.py:887} INFO - 
================================================================================
DAG File Processing Stats

File Path                     PID    Runtime      # DAGs    # Errors  Last Runtime    Last Run
----------------------------  -----  ---------  --------  ----------  --------------  -------------------
/opt/airflow/dags/airflow.py                           0           1  0.15s           2026-08-11T21:17:46
================================================================================
[2026-08-11T21:18:12.534+0000] {manager.py:755} INFO - Searching for files in /opt/airflow/dags
[2026-08-11T21:18:12.539+0000] {manager.py:758} INFO - There are 1 files in /opt/airflow/dags
[2026-08-11T21:18:32.747+0000] {manager.py:755} INFO - Searching for files in /opt/airflow/dags
[2026-08-11T21:18:32.752+0000] {manager.py:758} INFO - There are 1 files in /opt/airflow/dags
[2026-08-11T21:18:40.838+0000] {manager.py:887} INFO - 
================================================================================
DAG File Processing Stats

File Path                     PID    Runtime      # DAGs    # Errors  Last Runtime    Last Run
----------------------------  -----  ---------  --------  ----------  --------------  -------------------
/opt/airflow/dags/airflow.py                           0           1  0.15s           2026-08-11T21:18:16
================================================================================
[2026-08-11T21:18:53.073+0000] {manager.py:755} INFO - Searching for files in /opt/airflow/dags
[2026-08-11T21:18:53.080+0000] {manager.py:758} INFO - There are 1 files in /opt/airflow/dags
[2026-08-11T21:19:11.277+0000] {manager.py:887} INFO - 
================================================================================
DAG File Processing Stats

File Path                     PID    Runtime      # DAGs    # Errors  Last Runtime    Last Run
----------------------------  -----  ---------  --------  ----------  --------------  -------------------
/opt/airflow/dags/airflow.py                           0           1  0.14s           2026-08-11T21:18:47
================================================================================
[2026-08-11T21:19:13.307+0000] {manager.py:755} INFO - Searching for files in /opt/airflow/dags
[2026-08-11T21:19:13.313+0000] {manager.py:758} INFO - There are 1 files in /opt/airflow/dags
[2026-08-11T21:19:33.526+0000] {manager.py:755} INFO - Searching for files in /opt/airflow/dags
[2026-08-11T21:19:33.532+0000] {manager.py:758} INFO - There are 1 files in /opt/airflow/dags
[2026-08-11T21:19:41.624+0000] {manager.py:887} INFO - 
================================================================================
DAG File Processing Stats

File Path                     PID    Runtime      # DAGs    # Errors  Last Runtime    Last Run
----------------------------  -----  ---------  --------  ----------  --------------  -------------------
/opt/airflow/dags/airflow.py                           0           1  0.16s           2026-08-11T21:19:17
================================================================================
[2026-08-11T21:19:53.850+0000] {manager.py:755} INFO - Searching for files in /opt/airflow/dags
[2026-08-11T21:19:53.857+0000] {manager.py:758} INFO - There are 1 files in /opt/airflow/dags
[2026-08-11T21:20:12.050+0000] {manager.py:887} INFO - 
================================================================================
DAG File Processing Stats

File Path                     PID    Runtime      # DAGs    # Errors  Last Runtime    Last Run
----------------------------  -----  ---------  --------  ----------  --------------  -------------------
/opt/airflow/dags/airflow.py                           0           1  0.15s           2026-08-11T21:19:47
================================================================================
[2026-08-11T21:20:14.076+0000] {manager.py:755} INFO - Searching for files in /opt/airflow/dags
[2026-08-11T21:20:14.083+0000] {manager.py:758} INFO - There are 1 files in /opt/airflow/dags
[2026-08-11T21:20:34.309+0000] {manager.py:755} INFO - Searching for files in /opt/airflow/dags
[2026-08-11T21:20:34.317+0000] {manager.py:758} INFO - There are 1 files in /opt/airflow/dags
[2026-08-11T21:20:42.404+0000] {manager.py:887} INFO - 
================================================================================
DAG File Processing Stats

File Path                     PID    Runtime      # DAGs    # Errors  Last Runtime    Last Run
----------------------------  -----  ---------  --------  ----------  --------------  -------------------
/opt/airflow/dags/airflow.py                           0           1  0.19s           2026-08-11T21:20:18
================================================================================
[2026-08-11T21:20:54.627+0000] {manager.py:755} INFO - Searching for files in /opt/airflow/dags
[2026-08-11T21:20:54.634+0000] {manager.py:758} INFO - There are 1 files in /opt/airflow/dags
[2026-08-11T21:21:12.840+0000] {manager.py:887} INFO - 
================================================================================
DAG File Processing Stats

File Path                     PID    Runtime      # DAGs    # Errors  Last Runtime    Last Run
----------------------------  -----  ---------  --------  ----------  --------------  -------------------
/opt/airflow/dags/airflow.py                           0           1  0.18s           2026-08-11T21:20:48
================================================================================
[2026-08-11T21:21:14.858+0000] {manager.py:755} INFO - Searching for files in /opt/airflow/dags
[2026-08-11T21:21:14.865+0000] {manager.py:758} INFO - There are 1 files in /opt/airflow/dags
[2026-08-11T21:21:35.108+0000] {manager.py:755} INFO - Searching for files in /opt/airflow/dags
[2026-08-11T21:21:35.113+0000] {manager.py:758} INFO - There are 1 files in /opt/airflow/dags
[2026-08-11T21:21:43.183+0000] {manager.py:887} INFO - 
================================================================================
DAG File Processing Stats

File Path                     PID    Runtime      # DAGs    # Errors  Last Runtime    Last Run
----------------------------  -----  ---------  --------  ----------  --------------  -------------------
/opt/airflow/dags/airflow.py                           0           1  0.15s           2026-08-11T21:21:19
================================================================================
[2026-08-11T21:21:55.352+0000] {manager.py:755} INFO - Searching for files in /opt/airflow/dags
[2026-08-11T21:21:55.356+0000] {manager.py:758} INFO - There are 1 files in /opt/airflow/dags
[2026-08-11T21:22:13.508+0000] {manager.py:887} INFO - 
================================================================================
DAG File Processing Stats

File Path                     PID    Runtime      # DAGs    # Errors  Last Runtime    Last Run
----------------------------  -----  ---------  --------  ----------  --------------  -------------------
/opt/airflow/dags/airflow.py                           0           1  0.14s           2026-08-11T21:21:49
================================================================================
[2026-08-11T21:22:15.528+0000] {manager.py:755} INFO - Searching for files in /opt/airflow/dags
[2026-08-11T21:22:15.535+0000] {manager.py:758} INFO - There are 1 files in /opt/airflow/dags
[2026-08-11T21:22:35.770+0000] {manager.py:755} INFO - Searching for files in /opt/airflow/dags
[2026-08-11T21:22:35.778+0000] {manager.py:758} INFO - There are 1 files in /opt/airflow/dags
[2026-08-11T21:22:43.852+0000] {manager.py:887} INFO - 
================================================================================
DAG File Processing Stats

File Path                     PID    Runtime      # DAGs    # Errors  Last Runtime    Last Run
----------------------------  -----  ---------  --------  ----------  --------------  -------------------
/opt/airflow/dags/airflow.py                           0           1  0.16s           2026-08-11T21:22:19
================================================================================
[2026-08-11T21:22:56.017+0000] {manager.py:755} INFO - Searching for files in /opt/airflow/dags
[2026-08-11T21:22:56.023+0000] {manager.py:758} INFO - There are 1 files in /opt/airflow/dags
[2026-08-11T21:23:14.192+0000] {manager.py:887} INFO - 
================================================================================
DAG File Processing Stats

File Path                     PID    Runtime      # DAGs    # Errors  Last Runtime    Last Run
----------------------------  -----  ---------  --------  ----------  --------------  -------------------
/opt/airflow/dags/airflow.py                           0           1  0.18s           2026-08-11T21:22:50
================================================================================
[2026-08-11T21:23:16.206+0000] {manager.py:755} INFO - Searching for files in /opt/airflow/dags
[2026-08-11T21:23:16.213+0000] {manager.py:758} INFO - There are 1 files in /opt/airflow/dags
[2026-08-11T21:23:36.448+0000] {manager.py:755} INFO - Searching for files in /opt/airflow/dags
[2026-08-11T21:23:36.456+0000] {manager.py:758} INFO - There are 1 files in /opt/airflow/dags
[2026-08-11T21:23:44.533+0000] {manager.py:887} INFO - 
================================================================================
DAG File Processing Stats

File Path                     PID    Runtime      # DAGs    # Errors  Last Runtime    Last Run
----------------------------  -----  ---------  --------  ----------  --------------  -------------------
/opt/airflow/dags/airflow.py                           0           1  0.26s           2026-08-11T21:23:20
================================================================================
[2026-08-11T21:23:56.792+0000] {manager.py:755} INFO - Searching for files in /opt/airflow/dags
[2026-08-11T21:23:56.798+0000] {manager.py:758} INFO - There are 1 files in /opt/airflow/dags
[2026-08-11T21:24:14.987+0000] {manager.py:887} INFO - 
================================================================================
DAG File Processing Stats

File Path                     PID    Runtime      # DAGs    # Errors  Last Runtime    Last Run
----------------------------  -----  ---------  --------  ----------  --------------  -------------------
/opt/airflow/dags/airflow.py                           0           1  0.16s           2026-08-11T21:23:50
================================================================================
[2026-08-11T21:24:17.006+0000] {manager.py:755} INFO - Searching for files in /opt/airflow/dags
[2026-08-11T21:24:17.013+0000] {manager.py:758} INFO - There are 1 files in /opt/airflow/dags
