[2026-08-12T00:00:03.322+0000] {processor.py:157} INFO - Started process (PID=5065) to work on /opt/airflow/dags/airflow.py
[2026-08-12T00:00:03.322+0000] {processor.py:829} INFO - Processing file /opt/airflow/dags/airflow.py for tasks to queue
[2026-08-12T00:00:03.325+0000] {logging_mixin.py:151} INFO - [2026-08-12T00:00:03.325+0000] {dagbag.py:536} INFO - Filling up the DagBag from /opt/airflow/dags/airflow.py
[2026-08-12T00:00:03.394+0000] {logging_mixin.py:151} INFO - [2026-08-12T00:00:03.393+0000] {dagbag.py:346} ERROR - Failed to import: /opt/airflow/dags/airflow.py
Traceback (most recent call last):
  File "/home/airflow/.local/lib/python3.8/site-packages/airflow/models/dagbag.py", line 342, in parse
    loader.exec_module(new_module)
  File "<frozen importlib._bootstrap_external>", line 843, in exec_module
  File "<frozen importlib._bootstrap>", line 219, in _call_with_frames_removed
  File "/opt/airflow/dags/airflow.py", line 23, in <module>
    from data_preprocessing_scripts.preprocessing import preprocess_data
ModuleNotFoundError: No module named 'data_preprocessing_scripts'
[2026-08-12T00:00:03.394+0000] {processor.py:841} WARNING - No viable dags retrieved from /opt/airflow/dags/airflow.py
[2026-08-12T00:00:03.407+0000] {processor.py:179} INFO - Processing /opt/airflow/dags/airflow.py took 0.088 seconds
[2026-08-12T00:00:33.435+0000] {processor.py:157} INFO - Started process (PID=5073) to work on /opt/airflow/dags/airflow.py
[2026-08-12T00:00:33.436+0000] {processor.py:829} INFO - Processing file /opt/airflow/dags/airflow.py for tasks to queue
[2026-08-12T00:00:33.437+0000] {logging_mixin.py:151} INFO - [2026-08-12T00:00:33.437+0000] {dagbag.py:536} INFO - Filling up the DagBag from /opt/airflow/dags/airflow.py
[2026-08-12T00:00:33.495+0000] {logging_mixin.py:151} INFO - [2026-08-12T00:00:33.494+0000] {dagbag.py:346} ERROR - Failed to import: /opt/airflow/dags/airflow.py
Traceback (most recent call last):
  File "/home/airflow/.local/lib/python3.8/site-packages/airflow/models/dagbag.py", line 342, in parse
    loader.exec_module(new_module)
  File "<frozen importlib._bootstrap_external>", line 843, in exec_module
  File "<frozen importlib._bootstrap>", line 219, in _call_with_frames_removed
  File "/opt/airflow/dags/airflow.py", line 23, in <module>
    from data_preprocessing_scripts.preprocessing import preprocess_data
ModuleNotFoundError: No module named 'data_preprocessing_scripts'
[2026-08-12T00:00:33.495+0000] {processor.py:841} WARNING - No viable dags retrieved from /opt/airflow/dags/airflow.py
[2026-08-12T00:00:33.505+0000] {processor.py:179} INFO - Processing /opt/airflow/dags/airflow.py took 0.072 seconds
[2026-08-12T00:01:03.670+0000] {processor.py:157} INFO - Started process (PID=5081) to work on /opt/airflow/dags/airflow.py
[2026-08-12T00:01:03.672+0000] {processor.py:829} INFO - Processing file /opt/airflow/dags/airflow.py for tasks to queue
[2026-08-12T00:01:03.675+0000] {logging_mixin.py:151} INFO - [2026-08-12T00:01:03.675+0000] {dagbag.py:536} INFO - Filling up the DagBag from /opt/airflow/dags/airflow.py
[2026-08-12T00:01:03.754+0000] {logging_mixin.py:151} INFO - [2026-08-12T00:01:03.753+0000] {dagbag.py:346} ERROR - Failed to import: /opt/airflow/dags/airflow.py
Traceback (most recent call last):
  File "/home/airflow/.local/lib/python3.8/site-packages/airflow/models/dagbag.py", line 342, in parse
    loader.exec_module(new_module)
  File "<frozen importlib._bootstrap_external>", line 843, in exec_module
  File "<frozen importlib._bootstrap>", line 219, in _call_with_frames_removed
  File "/opt/airflow/dags/airflow.py", line 23, in <module>
    from data_preprocessing_scripts.preprocessing import preprocess_data
ModuleNotFoundError: No module named 'data_preprocessing_scripts'
[2026-08-12T00:01:03.754+0000] {processor.py:841} WARNING - No viable dags retrieved from /opt/airflow/dags/airflow.py
[2026-08-12T00:01:03.763+0000] {processor.py:179} INFO - Processing /opt/airflow/dags/airflow.py took 0.098 seconds
[2026-08-12T00:01:33.946+0000] {processor.py:157} INFO - Started process (PID=5089) to work on /opt/airflow/dags/airflow.py
[2026-08-12T00:01:33.947+0000] {processor.py:829} INFO - Processing file /opt/airflow/dags/airflow.py for tasks to queue
[2026-08-12T00:01:33.951+0000] {logging_mixin.py:151} INFO - [2026-08-12T00:01:33.950+0000] {dagbag.py:536} INFO - Filling up the DagBag from /opt/airflow/dags/airflow.py
[2026-08-12T00:01:34.017+0000] {logging_mixin.py:151} INFO - [2026-08-12T00:01:34.016+0000] {dagbag.py:346} ERROR - Failed to import: /opt/airflow/dags/airflow.py
Traceback (most recent call last):
  File "/home/airflow/.local/lib/python3.8/site-packages/airflow/models/dagbag.py", line 342, in parse
    loader.exec_module(new_module)
  File "<frozen importlib._bootstrap_external>", line 843, in exec_module
  File "<frozen importlib._bootstrap>", line 219, in _call_with_frames_removed
  File "/opt/airflow/dags/airflow.py", line 23, in <module>
    from data_preprocessing_scripts.preprocessing import preprocess_data
ModuleNotFoundError: No module named 'data_preprocessing_scripts'
[2026-08-12T00:01:34.017+0000] {processor.py:841} WARNING - No viable dags retrieved from /opt/airflow/dags/airflow.py
[2026-08-12T00:01:34.027+0000] {processor.py:179} INFO - Processing /opt/airflow/dags/airflow.py took 0.086 seconds
[2026-08-12T00:02:04.326+0000] {processor.py:157} INFO - Started process (PID=5097) to work on /opt/airflow/dags/airflow.py
[2026-08-12T00:02:04.327+0000] {processor.py:829} INFO - Processing file /opt/airflow/dags/airflow.py for tasks to queue
[2026-08-12T00:02:04.330+0000] {logging_mixin.py:151} INFO - [2026-08-12T00:02:04.330+0000] {dagbag.py:536} INFO - Filling up the DagBag from /opt/airflow/dags/airflow.py
[2026-08-12T00:02:04.407+0000] {logging_mixin.py:151} INFO - [2026-08-12T00:02:04.406+0000] {dagbag.py:346} ERROR - Failed to import: /opt/airflow/dags/airflow.py
Traceback (most recent call last):
  File "/home/airflow/.local/lib/python3.8/site-packages/airflow/models/dagbag.py", line 342, in parse
    loader.exec_module(new_module)
  File "<frozen importlib._bootstrap_external>", line 843, in exec_module
  File "<frozen importlib._bootstrap>", line 219, in _call_with_frames_removed
  File "/opt/airflow/dags/airflow.py", line 23, in <module>
    from data_preprocessing_scripts.preprocessing import preprocess_data
ModuleNotFoundError: No module named 'data_preprocessing_scripts'
[2026-08-12T00:02:04.407+0000] {processor.py:841} WARNING - No viable dags retrieved from /opt/airflow/dags/airflow.py
[2026-08-12T00:02:04.417+0000] {processor.py:179} INFO - Processing /opt/airflow/dags/airflow.py took 0.095 seconds
[2026-08-12T00:02:34.630+0000] {processor.py:157} INFO - Started process (PID=5105) to work on /opt/airflow/dags/airflow.py
[2026-08-12T00:02:34.631+0000] {processor.py:829} INFO - Processing file /opt/airflow/dags/airflow.py for tasks to queue
[2026-08-12T00:02:34.635+0000] {logging_mixin.py:151} INFO - [2026-08-12T00:02:34.635+0000] {dagbag.py:536} INFO - Filling up the DagBag from /opt/airflow/dags/airflow.py
[2026-08-12T00:02:34.705+0000] {logging_mixin.py:151} INFO - [2026-08-12T00:02:34.704+0000] {dagbag.py:346} ERROR - Failed to import: /opt/airflow/dags/airflow.py
Traceback (most recent call last):
  File "/home/airflow/.local/lib/python3.8/site-packages/airflow/models/dagbag.py", line 342, in parse
    loader.exec_module(new_module)
  File "<frozen importlib._bootstrap_external>", line 843, in exec_module
  File "<frozen importlib._bootstrap>", line 219, in _call_with_frames_removed
  File "/opt/airflow/dags/airflow.py", line 23, in <module>
    from data_preprocessing_scripts.preprocessing import preprocess_data
ModuleNotFoundError: No module named 'data_preprocessing_scripts'
[2026-08-12T00:02:34.705+0000] {processor.py:841} WARNING - No viable dags retrieved from /opt/airflow/dags/airflow.py
[2026-08-12T00:02:34.715+0000] {processor.py:179} INFO - Processing /opt/airflow/dags/airflow.py took 0.090 seconds
[2026-08-12T00:03:04.898+0000] {processor.py:157} INFO - Started process (PID=5113) to work on /opt/airflow/dags/airflow.py
[2026-08-12T00:03:04.899+0000] {processor.py:829} INFO - Processing file /opt/airflow/dags/airflow.py for tasks to queue
[2026-08-12T00:03:04.901+0000] {logging_mixin.py:151} INFO - [2026-08-12T00:03:04.900+0000] {dagbag.py:536} INFO - Filling up the DagBag from /opt/airflow/dags/airflow.py
[2026-08-12T00:03:04.995+0000] {logging_mixin.py:151} INFO - [2026-08-12T00:03:04.994+0000] {dagbag.py:346} ERROR - Failed to import: /opt/airflow/dags/airflow.py
Traceback (most recent call last):
  File "/home/airflow/.local/lib/python3.8/site-packages/airflow/models/dagbag.py", line 342, in parse
    loader.exec_module(new_module)
  File "<frozen importlib._bootstrap_external>", line 843, in exec_module
  File "<frozen importlib._bootstrap>", line 219, in _call_with_frames_removed
  File "/opt/airflow/dags/airflow.py", line 23, in <module>
    from data_preprocessing_scripts.preprocessing import preprocess_data
ModuleNotFoundError: No module named 'data_preprocessing_scripts'
[2026-08-12T00:03:04.995+0000] {processor.py:841} WARNING - No viable dags retrieved from /opt/airflow/dags/airflow.py
[2026-08-12T00:03:05.009+0000] {processor.py:179} INFO - Processing /opt/airflow/dags/airflow.py took 0.114 seconds
[2026-08-12T00:03:35.203+0000] {processor.py:157} INFO - Started process (PID=5121) to work on /opt/airflow/dags/airflow.py
[2026-08-12T00:03:35.204+0000] {processor.py:829} INFO - Processing file /opt/airflow/dags/airflow.py for tasks to queue
[2026-08-12T00:03:35.208+0000] {logging_mixin.py:151} INFO - [2026-08-12T00:03:35.208+0000] {dagbag.py:536} INFO - Filling up the DagBag from /opt/airflow/dags/airflow.py
[2026-08-12T00:03:35.273+0000] {logging_mixin.py:151} INFO - [2026-08-12T00:03:35.273+0000] {dagbag.py:346} ERROR - Failed to import: /opt/airflow/dags/airflow.py
Traceback (most recent call last):
  File "/home/airflow/.local/lib/python3.8/site-packages/airflow/models/dagbag.py", line 342, in parse
    loader.exec_module(new_module)
  File "<frozen importlib._bootstrap_external>", line 843, in exec_module
  File "<frozen importlib._bootstrap>", line 219, in _call_with_frames_removed
  File "/opt/airflow/dags/airflow.py", line 23, in <module>
    from data_preprocessing_scripts.preprocessing import preprocess_data
ModuleNotFoundError: No module named 'data_preprocessing_scripts'
[2026-08-12T00:03:35.274+0000] {processor.py:841} WARNING - No viable dags retrieved from /opt/airflow/dags/airflow.py
[2026-08-12T00:03:35.282+0000] {processor.py:179} INFO - Processing /opt/airflow/dags/airflow.py took 0.087 seconds
[2026-08-12T00:04:05.567+0000] {processor.py:157} INFO - Started process (PID=5129) to work on /opt/airflow/dags/airflow.py
[2026-08-12T00:04:05.568+0000] {processor.py:829} INFO - Processing file /opt/airflow/dags/airflow.py for tasks to queue
[2026-08-12T00:04:05.570+0000] {logging_mixin.py:151} INFO - [2026-08-12T00:04:05.570+0000] {dagbag.py:536} INFO - Filling up the DagBag from /opt/airflow/dags/airflow.py
[2026-08-12T00:04:05.635+0000] {logging_mixin.py:151} INFO - [2026-08-12T00:04:05.634+0000] {dagbag.py:346} ERROR - Failed to import: /opt/airflow/dags/airflow.py
Traceback (most recent call last):
  File "/home/airflow/.local/lib/python3.8/site-packages/airflow/models/dagbag.py", line 342, in parse
    loader.exec_module(new_module)
  File "<frozen importlib._bootstrap_external>", line 843, in exec_module
  File "<frozen importlib._bootstrap>", line 219, in _call_with_frames_removed
  File "/opt/airflow/dags/airflow.py", line 23, in <module>
    from data_preprocessing_scripts.preprocessing import preprocess_data
ModuleNotFoundError: No module named 'data_preprocessing_scripts'
[2026-08-12T00:04:05.635+0000] {processor.py:841} WARNING - No viable dags retrieved from /opt/airflow/dags/airflow.py
[2026-08-12T00:04:05.644+0000] {processor.py:179} INFO - Processing /opt/airflow/dags/airflow.py took 0.082 seconds
[2026-08-12T00:04:35.846+0000] {processor.py:157} INFO - Started process (PID=5137) to work on /opt/airflow/dags/airflow.py
[2026-08-12T00:04:35.847+0000] {processor.py:829} INFO - Processing file /opt/airflow/dags/airflow.py for tasks to queue
[2026-08-12T00:04:35.849+0000] {logging_mixin.py:151} INFO - [2026-08-12T00:04:35.849+0000] {dagbag.py:536} INFO - Filling up the DagBag from /opt/airflow/dags/airflow.py
[2026-08-12T00:04:35.914+0000] {logging_mixin.py:151} INFO - [2026-08-12T00:04:35.913+0000] {dagbag.py:346} ERROR - Failed to import: /opt/airflow/dags/airflow.py
Traceback (most recent call last):
  File "/home/airflow/.local/lib/python3.8/site-packages/airflow/models/dagbag.py", line 342, in parse
    loader.exec_module(new_module)
  File "<frozen importlib._bootstrap_external>", line 843, in exec_module
  File "<frozen importlib._bootstrap>", line 219, in _call_with_frames_removed
  File "/opt/airflow/dags/airflow.py", line 23, in <module>
    from data_preprocessing_scripts.preprocessing import preprocess_data
ModuleNotFoundError: No module named 'data_preprocessing_scripts'
[2026-08-12T00:04:35.914+0000] {processor.py:841} WARNING - No viable dags retrieved from /opt/airflow/dags/airflow.py
[2026-08-12T00:04:35.923+0000] {processor.py:179} INFO - Processing /opt/airflow/dags/airflow.py took 0.079 seconds
[2026-08-12T00:05:06.150+0000] {processor.py:157} INFO - Started process (PID=5145) to work on /opt/airflow/dags/airflow.py
[2026-08-12T00:05:06.151+0000] {processor.py:829} INFO - Processing file /opt/airflow/dags/airflow.py for tasks to queue
[2026-08-12T00:05:06.154+0000] {logging_mixin.py:151} INFO - [2026-08-12T00:05:06.154+0000] {dagbag.py:536} INFO - Filling up the DagBag from /opt/airflow/dags/airflow.py
[2026-08-12T00:05:06.234+0000] {logging_mixin.py:151} INFO - [2026-08-12T00:05:06.233+0000] {dagbag.py:346} ERROR - Failed to import: /opt/airflow/dags/airflow.py
Traceback (most recent call last):
  File "/home/airflow/.local/lib/python3.8/site-packages/airflow/models/dagbag.py", line 342, in parse
    loader.exec_module(new_module)
  File "<frozen importlib._bootstrap_external>", line 843, in exec_module
  File "<frozen importlib._bootstrap>", line 219, in _call_with_frames_removed
  File "/opt/airflow/dags/airflow.py", line 23, in <module>
    from data_preprocessing_scripts.preprocessing import preprocess_data
ModuleNotFoundError: No module named 'data_preprocessing_scripts'
[2026-08-12T00:05:06.234+0000] {processor.py:841} WARNING - No viable dags retrieved from /opt/airflow/dags/airflow.py
[2026-08-12T00:05:06.243+0000] {processor.py:179} INFO - Processing /opt/airflow/dags/airflow.py took 0.095 seconds
[2026-08-12T00:05:36.396+0000] {processor.py:157} INFO - Started process (PID=5153) to work on /opt/airflow/dags/airflow.py
[2026-08-12T00:05:36.397+0000] {processor.py:829} INFO - Processing file /opt/airflow/dags/airflow.py for tasks to queue
[2026-08-12T00:05:36.398+0000] {logging_mixin.py:151} INFO - [2026-08-12T00:05:36.398+0000] {dagbag.py:536} INFO - Filling up the DagBag from /opt/airflow/dags/airflow.py
[2026-08-12T00:05:36.455+0000] {logging_mixin.py:151} INFO - [2026-08-12T00:05:36.454+0000] {dagbag.py:346} ERROR - Failed to import: /opt/airflow/dags/airflow.py
Traceback (most recent call last):
  File "/home/airflow/.local/lib/python3.8/site-packages/airflow/models/dagbag.py", line 342, in parse
    loader.exec_module(new_module)
  File "<frozen importlib._bootstrap_external>", line 843, in exec_module
  File "<frozen importlib._bootstrap>", line 219, in _call_with_frames_removed
  File "/opt/airflow/dags/airflow.py", line 23, in <module>
    from data_preprocessing_scripts.preprocessing import preprocess_data
ModuleNotFoundError: No module named 'data_preprocessing_scripts'
[2026-08-12T00:05:36.455+0000] {processor.py:841} WARNING - No viable dags retrieved from /opt/airflow/dags/airflow.py
[2026-08-12T00:05:36.466+0000] {processor.py:179} INFO - Processing /opt/airflow/dags/airflow.py took 0.071 seconds
[2026-08-12T00:06:06.698+0000] {processor.py:157} INFO - Started process (PID=5161) to work on /opt/airflow/dags/airflow.py
[2026-08-12T00:06:06.699+0000] {processor.py:829} INFO - Processing file /opt/airflow/dags/airflow.py for tasks to queue
[2026-08-12T00:06:06.702+0000] {logging_mixin.py:151} INFO - [2026-08-12T00:06:06.702+0000] {dagbag.py:536} INFO - Filling up the DagBag from /opt/airflow/dags/airflow.py
[2026-08-12T00:06:06.837+0000] {logging_mixin.py:151} INFO - [2026-08-12T00:06:06.833+0000] {dagbag.py:346} ERROR - Failed to import: /opt/airflow/dags/airflow.py
Traceback (most recent call last):
  File "/home/airflow/.local/lib/python3.8/site-packages/airflow/models/dagbag.py", line 342, in parse
    loader.exec_module(new_module)
  File "<frozen importlib._bootstrap_external>", line 843, in exec_module
  File "<frozen importlib._bootstrap>", line 219, in _call_with_frames_removed
  File "/opt/airflow/dags/airflow.py", line 23, in <module>
    from data_preprocessing_scripts.preprocessing import preprocess_data
ModuleNotFoundError: No module named 'data_preprocessing_scripts'
[2026-08-12T00:06:06.837+0000] {processor.py:841} WARNING - No viable dags retrieved from /opt/airflow/dags/airflow.py
[2026-08-12T00:06:06.850+0000] {processor.py:179} INFO - Processing /opt/airflow/dags/airflow.py took 0.156 seconds
[2026-08-12T00:06:36.976+0000] {processor.py:157} INFO - Started process (PID=5169) to work on /opt/airflow/dags/airflow.py
[2026-08-12T00:06:36.977+0000] {processor.py:829} INFO - Processing file /opt/airflow/dags/airflow.py for tasks to queue
[2026-08-12T00:06:36.979+0000] {logging_mixin.py:151} INFO - [2026-08-12T00:06:36.979+0000] {dagbag.py:536} INFO - Filling up the DagBag from /opt/airflow/dags/airflow.py
[2026-08-12T00:06:37.042+0000] {logging_mixin.py:151} INFO - [2026-08-12T00:06:37.041+0000] {dagbag.py:346} ERROR - Failed to import: /opt/airflow/dags/airflow.py
Traceback (most recent call last):
  File "/home/airflow/.local/lib/python3.8/site-packages/airflow/models/dagbag.py", line 342, in parse
    loader.exec_module(new_module)
  File "<frozen importlib._bootstrap_external>", line 843, in exec_module
  File "<frozen importlib._bootstrap>", line 219, in _call_with_frames_removed
  File "/opt/airflow/dags/airflow.py", line 23, in <module>
    from data_preprocessing_scripts.preprocessing import preprocess_data
ModuleNotFoundError: No module named 'data_preprocessing_scripts'
[2026-08-12T00:06:37.042+0000] {processor.py:841} WARNING - No viable dags retrieved from /opt/airflow/dags/airflow.py
[2026-08-12T00:06:37.051+0000] {processor.py:179} INFO - Processing /opt/airflow/dags/airflow.py took 0.077 seconds
[2026-08-12T00:07:07.326+0000] {processor.py:157} INFO - Started process (PID=5177) to work on /opt/airflow/dags/airflow.py
[2026-08-12T00:07:07.327+0000] {processor.py:829} INFO - Processing file /opt/airflow/dags/airflow.py for tasks to queue
[2026-08-12T00:07:07.329+0000] {logging_mixin.py:151} INFO - [2026-08-12T00:07:07.328+0000] {dagbag.py:536} INFO - Filling up the DagBag from /opt/airflow/dags/airflow.py
[2026-08-12T00:07:07.396+0000] {logging_mixin.py:151} INFO - [2026-08-12T00:07:07.395+0000] {dagbag.py:346} ERROR - Failed to import: /opt/airflow/dags/airflow.py
Traceback (most recent call last):
  File "/home/airflow/.local/lib/python3.8/site-packages/airflow/models/dagbag.py", line 342, in parse
    loader.exec_module(new_module)
  File "<frozen importlib._bootstrap_external>", line 843, in exec_module
  File "<frozen importlib._bootstrap>", line 219, in _call_with_frames_removed
  File "/opt/airflow/dags/airflow.py", line 23, in <module>
    from data_preprocessing_scripts.preprocessing import preprocess_data
ModuleNotFoundError: No module named 'data_preprocessing_scripts'
[2026-08-12T00:07:07.396+0000] {processor.py:841} WARNING - No viable dags retrieved from /opt/airflow/dags/airflow.py
[2026-08-12T00:07:07.406+0000] {processor.py:179} INFO - Processing /opt/airflow/dags/airflow.py took 0.085 seconds
[2026-08-12T00:07:37.617+0000] {processor.py:157} INFO - Started process (PID=5185) to work on /opt/airflow/dags/airflow.py
[2026-08-12T00:07:37.618+0000] {processor.py:829} INFO - Processing file /opt/airflow/dags/airflow.py for tasks to queue
[2026-08-12T00:07:37.621+0000] {logging_mixin.py:151} INFO - [2026-08-12T00:07:37.620+0000] {dagbag.py:536} INFO - Filling up the DagBag from /opt/airflow/dags/airflow.py
[2026-08-12T00:07:37.696+0000] {logging_mixin.py:151} INFO - [2026-08-12T00:07:37.696+0000] {dagbag.py:346} ERROR - Failed to import: /opt/airflow/dags/airflow.py
Traceback (most recent call last):
  File "/home/airflow/.local/lib/python3.8/site-packages/airflow/models/dagbag.py", line 342, in parse
    loader.exec_module(new_module)
  File "<frozen importlib._bootstrap_external>", line 843, in exec_module
  File "<frozen importlib._bootstrap>", line 219, in _call_with_frames_removed
  File "/opt/airflow/dags/airflow.py", line 23, in <module>
    from data_preprocessing_scripts.preprocessing import preprocess_data
ModuleNotFoundError: No module named 'data_preprocessing_scripts'
[2026-08-12T00:07:37.697+0000] {processor.py:841} WARNING - No viable dags retrieved from /opt/airflow/dags/airflow.py
[2026-08-12T00:07:37.705+0000] {processor.py:179} INFO - Processing /opt/airflow/dags/airflow.py took 0.093 seconds
[2026-08-12T00:08:07.916+0000] {processor.py:157} INFO - Started process (PID=5193) to work on /opt/airflow/dags/airflow.py
[2026-08-12T00:08:07.917+0000] {processor.py:829} INFO - Processing file /opt/airflow/dags/airflow.py for tasks to queue
[2026-08-12T00:08:07.919+0000] {logging_mixin.py:151} INFO - [2026-08-12T00:08:07.919+0000] {dagbag.py:536} INFO - Filling up the DagBag from /opt/airflow/dags/airflow.py
[2026-08-12T00:08:07.986+0000] {logging_mixin.py:151} INFO - [2026-08-12T00:08:07.985+0000] {dagbag.py:346} ERROR - Failed to import: /opt/airflow/dags/airflow.py
Traceback (most recent call last):
  File "/home/airflow/.local/lib/python3.8/site-packages/airflow/models/dagbag.py", line 342, in parse
    loader.exec_module(new_module)
  File "<frozen importlib._bootstrap_external>", line 843, in exec_module
  File "<frozen importlib._bootstrap>", line 219, in _call_with_frames_removed
  File "/opt/airflow/dags/airflow.py", line 23, in <module>
    from data_preprocessing_scripts.preprocessing import preprocess_data
ModuleNotFoundError: No module named 'data_preprocessing_scripts'
[2026-08-12T00:08:07.986+0000] {processor.py:841} WARNING - No viable dags retrieved from /opt/airflow/dags/airflow.py
[2026-08-12T00:08:07.995+0000] {processor.py:179} INFO - Processing /opt/airflow/dags/airflow.py took 0.083 seconds
[2026-08-12T00:08:38.191+0000] {processor.py:157} INFO - Started process (PID=5201) to work on /opt/airflow/dags/airflow.py
[2026-08-12T00:08:38.192+0000] {processor.py:829} INFO - Processing file /opt/airflow/dags/airflow.py for tasks to queue
[2026-08-12T00:08:38.195+0000] {logging_mixin.py:151} INFO - [2026-08-12T00:08:38.195+0000] {dagbag.py:536} INFO - Filling up the DagBag from /opt/airflow/dags/airflow.py
[2026-08-12T00:08:38.255+0000] {logging_mixin.py:151} INFO - [2026-08-12T00:08:38.255+0000] {dagbag.py:346} ERROR - Failed to import: /opt/airflow/dags/airflow.py
Traceback (most recent call last):
  File "/home/airflow/.local/lib/python3.8/site-packages/airflow/models/dagbag.py", line 342, in parse
    loader.exec_module(new_module)
  File "<frozen importlib._bootstrap_external>", line 843, in exec_module
  File "<frozen importlib._bootstrap>", line 219, in _call_with_frames_removed
  File "/opt/airflow/dags/airflow.py", line 23, in <module>
    from data_preprocessing_scripts.preprocessing import preprocess_data
ModuleNotFoundError: No module named 'data_preprocessing_scripts'
[2026-08-12T00:08:38.256+0000] {processor.py:841} WARNING - No viable dags retrieved from /opt/airflow/dags/airflow.py
[2026-08-12T00:08:38.264+0000] {processor.py:179} INFO - Processing /opt/airflow/dags/airflow.py took 0.077 seconds
[2026-08-12T00:09:08.491+0000] {processor.py:157} INFO - Started process (PID=5209) to work on /opt/airflow/dags/airflow.py
[2026-08-12T00:09:08.492+0000] {processor.py:829} INFO - Processing file /opt/airflow/dags/airflow.py for tasks to queue
[2026-08-12T00:09:08.495+0000] {logging_mixin.py:151} INFO - [2026-08-12T00:09:08.494+0000] {dagbag.py:536} INFO - Filling up the DagBag from /opt/airflow/dags/airflow.py
[2026-08-12T00:09:08.560+0000] {logging_mixin.py:151} INFO - [2026-08-12T00:09:08.560+0000] {dagbag.py:346} ERROR - Failed to import: /opt/airflow/dags/airflow.py
Traceback (most recent call last):
  File "/home/airflow/.local/lib/python3.8/site-packages/airflow/models/dagbag.py", line 342, in parse
    loader.exec_module(new_module)
  File "<frozen importlib._bootstrap_external>", line 843, in exec_module
  File "<frozen importlib._bootstrap>", line 219, in _call_with_frames_removed
  File "/opt/airflow/dags/airflow.py", line 23, in <module>
    from data_preprocessing_scripts.preprocessing import preprocess_data
ModuleNotFoundError: No module named 'data_preprocessing_scripts'
[2026-08-12T00:09:08.561+0000] {processor.py:841} WARNING - No viable dags retrieved from /opt/airflow/dags/airflow.py
[2026-08-12T00:09:08.569+0000] {processor.py:179} INFO - Processing /opt/airflow/dags/airflow.py took 0.082 seconds
[2026-08-12T00:09:38.708+0000] {processor.py:157} INFO - Started process (PID=5217) to work on /opt/airflow/dags/airflow.py
[2026-08-12T00:09:38.709+0000] {processor.py:829} INFO - Processing file /opt/airflow/dags/airflow.py for tasks to queue
[2026-08-12T00:09:38.714+0000] {logging_mixin.py:151} INFO - [2026-08-12T00:09:38.713+0000] {dagbag.py:536} INFO - Filling up the DagBag from /opt/airflow/dags/airflow.py
[2026-08-12T00:09:38.784+0000] {logging_mixin.py:151} INFO - [2026-08-12T00:09:38.783+0000] {dagbag.py:346} ERROR - Failed to import: /opt/airflow/dags/airflow.py
Traceback (most recent call last):
  File "/home/airflow/.local/lib/python3.8/site-packages/airflow/models/dagbag.py", line 342, in parse
    loader.exec_module(new_module)
  File "<frozen importlib._bootstrap_external>", line 843, in exec_module
  File "<frozen importlib._bootstrap>", line 219, in _call_with_frames_removed
  File "/opt/airflow/dags/airflow.py", line 23, in <module>
    from data_preprocessing_scripts.preprocessing import preprocess_data
ModuleNotFoundError: No module named 'data_preprocessing_scripts'
[2026-08-12T00:09:38.784+0000] {processor.py:841} WARNING - No viable dags retrieved from /opt/airflow/dags/airflow.py
[2026-08-12T00:09:38.794+0000] {processor.py:179} INFO - Processing /opt/airflow/dags/airflow.py took 0.090 seconds
[2026-08-12T00:10:08.984+0000] {processor.py:157} INFO - Started process (PID=5225) to work on /opt/airflow/dags/airflow.py
[2026-08-12T00:10:08.985+0000] {processor.py:829} INFO - Processing file /opt/airflow/dags/airflow.py for tasks to queue
[2026-08-12T00:10:08.987+0000] {logging_mixin.py:151} INFO - [2026-08-12T00:10:08.986+0000] {dagbag.py:536} INFO - Filling up the DagBag from /opt/airflow/dags/airflow.py
[2026-08-12T00:10:09.054+0000] {logging_mixin.py:151} INFO - [2026-08-12T00:10:09.053+0000] {dagbag.py:346} ERROR - Failed to import: /opt/airflow/dags/airflow.py
Traceback (most recent call last):
  File "/home/airflow/.local/lib/python3.8/site-packages/airflow/models/dagbag.py", line 342, in parse
    loader.exec_module(new_module)
  File "<frozen importlib._bootstrap_external>", line 843, in exec_module
  File "<frozen importlib._bootstrap>", line 219, in _call_with_frames_removed
  File "/opt/airflow/dags/airflow.py", line 23, in <module>
    from data_preprocessing_scripts.preprocessing import preprocess_data
ModuleNotFoundError: No module named 'data_preprocessing_scripts'
[2026-08-12T00:10:09.054+0000] {processor.py:841} WARNING - No viable dags retrieved from /opt/airflow/dags/airflow.py
[2026-08-12T00:10:09.067+0000] {processor.py:179} INFO - Processing /opt/airflow/dags/airflow.py took 0.087 seconds
[2026-08-12T00:10:39.120+0000] {processor.py:157} INFO - Started process (PID=5233) to work on /opt/airflow/dags/airflow.py
[2026-08-12T00:10:39.120+0000] {processor.py:829} INFO - Processing file /opt/airflow/dags/airflow.py for tasks to queue
[2026-08-12T00:10:39.122+0000] {logging_mixin.py:151} INFO - [2026-08-12T00:10:39.121+0000] {dagbag.py:536} INFO - Filling up the DagBag from /opt/airflow/dags/airflow.py
[2026-08-12T00:10:39.192+0000] {logging_mixin.py:151} INFO - [2026-08-12T00:10:39.191+0000] {dagbag.py:346} ERROR - Failed to import: /opt/airflow/dags/airflow.py
Traceback (most recent call last):
  File "/home/airflow/.local/lib/python3.8/site-packages/airflow/models/dagbag.py", line 342, in parse
    loader.exec_module(new_module)
  File "<frozen importlib._bootstrap_external>", line 843, in exec_module
  File "<frozen importlib._bootstrap>", line 219, in _call_with_frames_removed
  File "/opt/airflow/dags/airflow.py", line 23, in <module>
    from data_preprocessing_scripts.preprocessing import preprocess_data
ModuleNotFoundError: No module named 'data_preprocessing_scripts'
[2026-08-12T00:10:39.192+0000] {processor.py:841} WARNING - No viable dags retrieved from /opt/airflow/dags/airflow.py
[2026-08-12T00:10:39.200+0000] {processor.py:179} INFO - Processing /opt/airflow/dags/airflow.py took 0.082 seconds
[2026-08-12T00:11:09.275+0000] {processor.py:157} INFO - Started process (PID=5241) to work on /opt/airflow/dags/airflow.py
[2026-08-12T00:11:09.277+0000] {processor.py:829} INFO - Processing file /opt/airflow/dags/airflow.py for tasks to queue
[2026-08-12T00:11:09.279+0000] {logging_mixin.py:151} INFO - [2026-08-12T00:11:09.279+0000] {dagbag.py:536} INFO - Filling up the DagBag from /opt/airflow/dags/airflow.py
[2026-08-12T00:11:09.342+0000] {logging_mixin.py:151} INFO - [2026-08-12T00:11:09.342+0000] {dagbag.py:346} ERROR - Failed to import: /opt/airflow/dags/airflow.py
Traceback (most recent call last):
  File "/home/airflow/.local/lib/python3.8/site-packages/airflow/models/dagbag.py", line 342, in parse
    loader.exec_module(new_module)
  File "<frozen importlib._bootstrap_external>", line 843, in exec_module
  File "<frozen importlib._bootstrap>", line 219, in _call_with_frames_removed
  File "/opt/airflow/dags/airflow.py", line 23, in <module>
    from data_preprocessing_scripts.preprocessing import preprocess_data
ModuleNotFoundError: No module named 'data_preprocessing_scripts'
[2026-08-12T00:11:09.343+0000] {processor.py:841} WARNING - No viable dags retrieved from /opt/airflow/dags/airflow.py
[2026-08-12T00:11:09.353+0000] {processor.py:179} INFO - Processing /opt/airflow/dags/airflow.py took 0.082 seconds
[2026-08-12T00:11:39.599+0000] {processor.py:157} INFO - Started process (PID=5249) to work on /opt/airflow/dags/airflow.py
[2026-08-12T00:11:39.600+0000] {processor.py:829} INFO - Processing file /opt/airflow/dags/airflow.py for tasks to queue
[2026-08-12T00:11:39.602+0000] {logging_mixin.py:151} INFO - [2026-08-12T00:11:39.602+0000] {dagbag.py:536} INFO - Filling up the DagBag from /opt/airflow/dags/airflow.py
[2026-08-12T00:11:39.666+0000] {logging_mixin.py:151} INFO - [2026-08-12T00:11:39.666+0000] {dagbag.py:346} ERROR - Failed to import: /opt/airflow/dags/airflow.py
Traceback (most recent call last):
  File "/home/airflow/.local/lib/python3.8/site-packages/airflow/models/dagbag.py", line 342, in parse
    loader.exec_module(new_module)
  File "<frozen importlib._bootstrap_external>", line 843, in exec_module
  File "<frozen importlib._bootstrap>", line 219, in _call_with_frames_removed
  File "/opt/airflow/dags/airflow.py", line 23, in <module>
    from data_preprocessing_scripts.preprocessing import preprocess_data
ModuleNotFoundError: No module named 'data_preprocessing_scripts'
[2026-08-12T00:11:39.667+0000] {processor.py:841} WARNING - No viable dags retrieved from /opt/airflow/dags/airflow.py
[2026-08-12T00:11:39.676+0000] {processor.py:179} INFO - Processing /opt/airflow/dags/airflow.py took 0.081 seconds
[2026-08-12T00:12:09.903+0000] {processor.py:157} INFO - Started process (PID=5257) to work on /opt/airflow/dags/airflow.py
[2026-08-12T00:12:09.904+0000] {processor.py:829} INFO - Processing file /opt/airflow/dags/airflow.py for tasks to queue
[2026-08-12T00:12:09.906+0000] {logging_mixin.py:151} INFO - [2026-08-12T00:12:09.906+0000] {dagbag.py:536} INFO - Filling up the DagBag from /opt/airflow/dags/airflow.py
[2026-08-12T00:12:09.981+0000] {logging_mixin.py:151} INFO - [2026-08-12T00:12:09.980+0000] {dagbag.py:346} ERROR - Failed to import: /opt/airflow/dags/airflow.py
Traceback (most recent call last):
  File "/home/airflow/.local/lib/python3.8/site-packages/airflow/models/dagbag.py", line 342, in parse
    loader.exec_module(new_module)
  File "<frozen importlib._bootstrap_external>", line 843, in exec_module
  File "<frozen importlib._bootstrap>", line 219, in _call_with_frames_removed
  File "/opt/airflow/dags/airflow.py", line 23, in <module>
    from data_preprocessing_scripts.preprocessing import preprocess_data
ModuleNotFoundError: No module named 'data_preprocessing_scripts'
[2026-08-12T00:12:09.981+0000] {processor.py:841} WARNING - No viable dags retrieved from /opt/airflow/dags/airflow.py
[2026-08-12T00:12:09.990+0000] {processor.py:179} INFO - Processing /opt/airflow/dags/airflow.py took 0.092 seconds
[2026-08-12T00:12:40.165+0000] {processor.py:157} INFO - Started process (PID=5265) to work on /opt/airflow/dags/airflow.py
[2026-08-12T00:12:40.167+0000] {processor.py:829} INFO - Processing file /opt/airflow/dags/airflow.py for tasks to queue
[2026-08-12T00:12:40.169+0000] {logging_mixin.py:151} INFO - [2026-08-12T00:12:40.169+0000] {dagbag.py:536} INFO - Filling up the DagBag from /opt/airflow/dags/airflow.py
[2026-08-12T00:12:40.238+0000] {logging_mixin.py:151} INFO - [2026-08-12T00:12:40.238+0000] {dagbag.py:346} ERROR - Failed to import: /opt/airflow/dags/airflow.py
Traceback (most recent call last):
  File "/home/airflow/.local/lib/python3.8/site-packages/airflow/models/dagbag.py", line 342, in parse
    loader.exec_module(new_module)
  File "<frozen importlib._bootstrap_external>", line 843, in exec_module
  File "<frozen importlib._bootstrap>", line 219, in _call_with_frames_removed
  File "/opt/airflow/dags/airflow.py", line 23, in <module>
    from data_preprocessing_scripts.preprocessing import preprocess_data
ModuleNotFoundError: No module named 'data_preprocessing_scripts'
[2026-08-12T00:12:40.239+0000] {processor.py:841} WARNING - No viable dags retrieved from /opt/airflow/dags/airflow.py
[2026-08-12T00:12:40.247+0000] {processor.py:179} INFO - Processing /opt/airflow/dags/airflow.py took 0.086 seconds
[2026-08-12T00:13:10.488+0000] {processor.py:157} INFO - Started process (PID=5273) to work on /opt/airflow/dags/airflow.py
[2026-08-12T00:13:10.489+0000] {processor.py:829} INFO - Processing file /opt/airflow/dags/airflow.py for tasks to queue
[2026-08-12T00:13:10.491+0000] {logging_mixin.py:151} INFO - [2026-08-12T00:13:10.491+0000] {dagbag.py:536} INFO - Filling up the DagBag from /opt/airflow/dags/airflow.py
[2026-08-12T00:13:10.552+0000] {logging_mixin.py:151} INFO - [2026-08-12T00:13:10.551+0000] {dagbag.py:346} ERROR - Failed to import: /opt/airflow/dags/airflow.py
Traceback (most recent call last):
  File "/home/airflow/.local/lib/python3.8/site-packages/airflow/models/dagbag.py", line 342, in parse
    loader.exec_module(new_module)
  File "<frozen importlib._bootstrap_external>", line 843, in exec_module
  File "<frozen importlib._bootstrap>", line 219, in _call_with_frames_removed
  File "/opt/airflow/dags/airflow.py", line 23, in <module>
    from data_preprocessing_scripts.preprocessing import preprocess_data
ModuleNotFoundError: No module named 'data_preprocessing_scripts'
[2026-08-12T00:13:10.552+0000] {processor.py:841} WARNING - No viable dags retrieved from /opt/airflow/dags/airflow.py
[2026-08-12T00:13:10.560+0000] {processor.py:179} INFO - Processing /opt/airflow/dags/airflow.py took 0.075 seconds
[2026-08-12T00:13:40.817+0000] {processor.py:157} INFO - Started process (PID=5281) to work on /opt/airflow/dags/airflow.py
[2026-08-12T00:13:40.818+0000] {processor.py:829} INFO - Processing file /opt/airflow/dags/airflow.py for tasks to queue
[2026-08-12T00:13:40.821+0000] {logging_mixin.py:151} INFO - [2026-08-12T00:13:40.821+0000] {dagbag.py:536} INFO - Filling up the DagBag from /opt/airflow/dags/airflow.py
[2026-08-12T00:13:40.893+0000] {logging_mixin.py:151} INFO - [2026-08-12T00:13:40.892+0000] {dagbag.py:346} ERROR - Failed to import: /opt/airflow/dags/airflow.py
Traceback (most recent call last):
  File "/home/airflow/.local/lib/python3.8/site-packages/airflow/models/dagbag.py", line 342, in parse
    loader.exec_module(new_module)
  File "<frozen importlib._bootstrap_external>", line 843, in exec_module
  File "<frozen importlib._bootstrap>", line 219, in _call_with_frames_removed
  File "/opt/airflow/dags/airflow.py", line 23, in <module>
    from data_preprocessing_scripts.preprocessing import preprocess_data
ModuleNotFoundError: No module named 'data_preprocessing_scripts'
[2026-08-12T00:13:40.893+0000] {processor.py:841} WARNING - No viable dags retrieved from /opt/airflow/dags/airflow.py
[2026-08-12T00:13:40.902+0000] {processor.py:179} INFO - Processing /opt/airflow/dags/airflow.py took 0.089 seconds
[2026-08-12T00:14:11.082+0000] {processor.py:157} INFO - Started process (PID=5289) to work on /opt/airflow/dags/airflow.py
[2026-08-12T00:14:11.083+0000] {processor.py:829} INFO - Processing file /opt/airflow/dags/airflow.py for tasks to queue
[2026-08-12T00:14:11.085+0000] {logging_mixin.py:151} INFO - [2026-08-12T00:14:11.085+0000] {dagbag.py:536} INFO - Filling up the DagBag from /opt/airflow/dags/airflow.py
[2026-08-12T00:14:11.145+0000] {logging_mixin.py:151} INFO - [2026-08-12T00:14:11.144+0000] {dagbag.py:346} ERROR - Failed to import: /opt/airflow/dags/airflow.py
Traceback (most recent call last):
  File "/home/airflow/.local/lib/python3.8/site-packages/airflow/models/dagbag.py", line 342, in parse
    loader.exec_module(new_module)
  File "<frozen importlib._bootstrap_external>", line 843, in exec_module
  File "<frozen importlib._bootstrap>", line 219, in _call_with_frames_removed
  File "/opt/airflow/dags/airflow.py", line 23, in <module>
    from data_preprocessing_scripts.preprocessing import preprocess_data
ModuleNotFoundError: No module named 'data_preprocessing_scripts'
[2026-08-12T00:14:11.145+0000] {processor.py:841} WARNING - No viable dags retrieved from /opt/airflow/dags/airflow.py
[2026-08-12T00:14:11.153+0000] {processor.py:179} INFO - Processing /opt/airflow/dags/airflow.py took 0.074 seconds
[2026-08-12T00:14:41.352+0000] {processor.py:157} INFO - Started process (PID=5297) to work on /opt/airflow/dags/airflow.py
[2026-08-12T00:14:41.353+0000] {processor.py:829} INFO - Processing file /opt/airflow/dags/airflow.py for tasks to queue
[2026-08-12T00:14:41.355+0000] {logging_mixin.py:151} INFO - [2026-08-12T00:14:41.355+0000] {dagbag.py:536} INFO - Filling up the DagBag from /opt/airflow/dags/airflow.py
[2026-08-12T00:14:41.412+0000] {logging_mixin.py:151} INFO - [2026-08-12T00:14:41.412+0000] {dagbag.py:346} ERROR - Failed to import: /opt/airflow/dags/airflow.py
Traceback (most recent call last):
  File "/home/airflow/.local/lib/python3.8/site-packages/airflow/models/dagbag.py", line 342, in parse
    loader.exec_module(new_module)
  File "<frozen importlib._bootstrap_external>", line 843, in exec_module
  File "<frozen importlib._bootstrap>", line 219, in _call_with_frames_removed
  File "/opt/airflow/dags/airflow.py", line 23, in <module>
    from data_preprocessing_scripts.preprocessing import preprocess_data
ModuleNotFoundError: No module named 'data_preprocessing_scripts'
[2026-08-12T00:14:41.412+0000] {processor.py:841} WARNING - No viable dags retrieved from /opt/airflow/dags/airflow.py
[2026-08-12T00:14:41.420+0000] {processor.py:179} INFO - Processing /opt/airflow/dags/airflow.py took 0.071 seconds
[2026-08-12T00:15:11.627+0000] {processor.py:157} INFO - Started process (PID=5306) to work on /opt/airflow/dags/airflow.py
[2026-08-12T00:15:11.628+0000] {processor.py:829} INFO - Processing file /opt/airflow/dags/airflow.py for tasks to queue
[2026-08-12T00:15:11.631+0000] {logging_mixin.py:151} INFO - [2026-08-12T00:15:11.630+0000] {dagbag.py:536} INFO - Filling up the DagBag from /opt/airflow/dags/airflow.py
[2026-08-12T00:15:11.689+0000] {logging_mixin.py:151} INFO - [2026-08-12T00:15:11.688+0000] {dagbag.py:346} ERROR - Failed to import: /opt/airflow/dags/airflow.py
Traceback (most recent call last):
  File "/home/airflow/.local/lib/python3.8/site-packages/airflow/models/dagbag.py", line 342, in parse
    loader.exec_module(new_module)
  File "<frozen importlib._bootstrap_external>", line 843, in exec_module
  File "<frozen importlib._bootstrap>", line 219, in _call_with_frames_removed
  File "/opt/airflow/dags/airflow.py", line 23, in <module>
    from data_preprocessing_scripts.preprocessing import preprocess_data
ModuleNotFoundError: No module named 'data_preprocessing_scripts'
[2026-08-12T00:15:11.689+0000] {processor.py:841} WARNING - No viable dags retrieved from /opt/airflow/dags/airflow.py
[2026-08-12T00:15:11.698+0000] {processor.py:179} INFO - Processing /opt/airflow/dags/airflow.py took 0.074 seconds
[2026-08-12T00:15:41.907+0000] {processor.py:157} INFO - Started process (PID=5314) to work on /opt/airflow/dags/airflow.py
[2026-08-12T00:15:41.908+0000] {processor.py:829} INFO - Processing file /opt/airflow/dags/airflow.py for tasks to queue
[2026-08-12T00:15:41.910+0000] {logging_mixin.py:151} INFO - [2026-08-12T00:15:41.910+0000] {dagbag.py:536} INFO - Filling up the DagBag from /opt/airflow/dags/airflow.py
[2026-08-12T00:15:41.969+0000] {logging_mixin.py:151} INFO - [2026-08-12T00:15:41.969+0000] {dagbag.py:346} ERROR - Failed to import: /opt/airflow/dags/airflow.py
Traceback (most recent call last):
  File "/home/airflow/.local/lib/python3.8/site-packages/airflow/models/dagbag.py", line 342, in parse
    loader.exec_module(new_module)
  File "<frozen importlib._bootstrap_external>", line 843, in exec_module
  File "<frozen importlib._bootstrap>", line 219, in _call_with_frames_removed
  File "/opt/airflow/dags/airflow.py", line 23, in <module>
    from data_preprocessing_scripts.preprocessing import preprocess_data
ModuleNotFoundError: No module named 'data_preprocessing_scripts'
[2026-08-12T00:15:41.969+0000] {processor.py:841} WARNING - No viable dags retrieved from /opt/airflow/dags/airflow.py
[2026-08-12T00:15:41.977+0000] {processor.py:179} INFO - Processing /opt/airflow/dags/airflow.py took 0.073 seconds
[2026-08-12T00:16:12.237+0000] {processor.py:157} INFO - Started process (PID=5322) to work on /opt/airflow/dags/airflow.py
[2026-08-12T00:16:12.238+0000] {processor.py:829} INFO - Processing file /opt/airflow/dags/airflow.py for tasks to queue
[2026-08-12T00:16:12.240+0000] {logging_mixin.py:151} INFO - [2026-08-12T00:16:12.239+0000] {dagbag.py:536} INFO - Filling up the DagBag from /opt/airflow/dags/airflow.py
[2026-08-12T00:16:12.301+0000] {logging_mixin.py:151} INFO - [2026-08-12T00:16:12.300+0000] {dagbag.py:346} ERROR - Failed to import: /opt/airflow/dags/airflow.py
Traceback (most recent call last):
  File "/home/airflow/.local/lib/python3.8/site-packages/airflow/models/dagbag.py", line 342, in parse
    loader.exec_module(new_module)
  File "<frozen importlib._bootstrap_external>", line 843, in exec_module
  File "<frozen importlib._bootstrap>", line 219, in _call_with_frames_removed
  File "/opt/airflow/dags/airflow.py", line 23, in <module>
    from data_preprocessing_scripts.preprocessing import preprocess_data
ModuleNotFoundError: No module named 'data_preprocessing_scripts'
[2026-08-12T00:16:12.301+0000] {processor.py:841} WARNING - No viable dags retrieved from /opt/airflow/dags/airflow.py
[2026-08-12T00:16:12.309+0000] {processor.py:179} INFO - Processing /opt/airflow/dags/airflow.py took 0.075 seconds
[2026-08-12T00:16:42.521+0000] {processor.py:157} INFO - Started process (PID=5330) to work on /opt/airflow/dags/airflow.py
[2026-08-12T00:16:42.521+0000] {processor.py:829} INFO - Processing file /opt/airflow/dags/airflow.py for tasks to queue
[2026-08-12T00:16:42.524+0000] {logging_mixin.py:151} INFO - [2026-08-12T00:16:42.523+0000] {dagbag.py:536} INFO - Filling up the DagBag from /opt/airflow/dags/airflow.py
[2026-08-12T00:16:42.595+0000] {logging_mixin.py:151} INFO - [2026-08-12T00:16:42.595+0000] {dagbag.py:346} ERROR - Failed to import: /opt/airflow/dags/airflow.py
Traceback (most recent call last):
  File "/home/airflow/.local/lib/python3.8/site-packages/airflow/models/dagbag.py", line 342, in parse
    loader.exec_module(new_module)
  File "<frozen importlib._bootstrap_external>", line 843, in exec_module
  File "<frozen importlib._bootstrap>", line 219, in _call_with_frames_removed
  File "/opt/airflow/dags/airflow.py", line 23, in <module>
    from data_preprocessing_scripts.preprocessing import preprocess_data
ModuleNotFoundError: No module named 'data_preprocessing_scripts'
[2026-08-12T00:16:42.596+0000] {processor.py:841} WARNING - No viable dags retrieved from /opt/airflow/dags/airflow.py
[2026-08-12T00:16:42.604+0000] {processor.py:179} INFO - Processing /opt/airflow/dags/airflow.py took 0.086 seconds
[2026-08-12T00:17:12.814+0000] {processor.py:157} INFO - Started process (PID=5338) to work on /opt/airflow/dags/airflow.py
[2026-08-12T00:17:12.816+0000] {processor.py:829} INFO - Processing file /opt/airflow/dags/airflow.py for tasks to queue
[2026-08-12T00:17:12.818+0000] {logging_mixin.py:151} INFO - [2026-08-12T00:17:12.818+0000] {dagbag.py:536} INFO - Filling up the DagBag from /opt/airflow/dags/airflow.py
[2026-08-12T00:17:12.885+0000] {logging_mixin.py:151} INFO - [2026-08-12T00:17:12.884+0000] {dagbag.py:346} ERROR - Failed to import: /opt/airflow/dags/airflow.py
Traceback (most recent call last):
  File "/home/airflow/.local/lib/python3.8/site-packages/airflow/models/dagbag.py", line 342, in parse
    loader.exec_module(new_module)
  File "<frozen importlib._bootstrap_external>", line 843, in exec_module
  File "<frozen importlib._bootstrap>", line 219, in _call_with_frames_removed
  File "/opt/airflow/dags/airflow.py", line 23, in <module>
    from data_preprocessing_scripts.preprocessing import preprocess_data
ModuleNotFoundError: No module named 'data_preprocessing_scripts'
[2026-08-12T00:17:12.885+0000] {processor.py:841} WARNING - No viable dags retrieved from /opt/airflow/dags/airflow.py
[2026-08-12T00:17:12.894+0000] {processor.py:179} INFO - Processing /opt/airflow/dags/airflow.py took 0.084 seconds
[2026-08-12T00:17:43.050+0000] {processor.py:157} INFO - Started process (PID=5346) to work on /opt/airflow/dags/airflow.py
[2026-08-12T00:17:43.052+0000] {processor.py:829} INFO - Processing file /opt/airflow/dags/airflow.py for tasks to queue
[2026-08-12T00:17:43.055+0000] {logging_mixin.py:151} INFO - [2026-08-12T00:17:43.054+0000] {dagbag.py:536} INFO - Filling up the DagBag from /opt/airflow/dags/airflow.py
[2026-08-12T00:17:43.123+0000] {logging_mixin.py:151} INFO - [2026-08-12T00:17:43.122+0000] {dagbag.py:346} ERROR - Failed to import: /opt/airflow/dags/airflow.py
Traceback (most recent call last):
  File "/home/airflow/.local/lib/python3.8/site-packages/airflow/models/dagbag.py", line 342, in parse
    loader.exec_module(new_module)
  File "<frozen importlib._bootstrap_external>", line 843, in exec_module
  File "<frozen importlib._bootstrap>", line 219, in _call_with_frames_removed
  File "/opt/airflow/dags/airflow.py", line 23, in <module>
    from data_preprocessing_scripts.preprocessing import preprocess_data
ModuleNotFoundError: No module named 'data_preprocessing_scripts'
[2026-08-12T00:17:43.123+0000] {processor.py:841} WARNING - No viable dags retrieved from /opt/airflow/dags/airflow.py
[2026-08-12T00:17:43.131+0000] {processor.py:179} INFO - Processing /opt/airflow/dags/airflow.py took 0.085 seconds
[2026-08-12T00:18:13.328+0000] {processor.py:157} INFO - Started process (PID=5354) to work on /opt/airflow/dags/airflow.py
[2026-08-12T00:18:13.329+0000] {processor.py:829} INFO - Processing file /opt/airflow/dags/airflow.py for tasks to queue
[2026-08-12T00:18:13.331+0000] {logging_mixin.py:151} INFO - [2026-08-12T00:18:13.331+0000] {dagbag.py:536} INFO - Filling up the DagBag from /opt/airflow/dags/airflow.py
[2026-08-12T00:18:13.393+0000] {logging_mixin.py:151} INFO - [2026-08-12T00:18:13.392+0000] {dagbag.py:346} ERROR - Failed to import: /opt/airflow/dags/airflow.py
Traceback (most recent call last):
  File "/home/airflow/.local/lib/python3.8/site-packages/airflow/models/dagbag.py", line 342, in parse
    loader.exec_module(new_module)
  File "<frozen importlib._bootstrap_external>", line 843, in exec_module
  File "<frozen importlib._bootstrap>", line 219, in _call_with_frames_removed
  File "/opt/airflow/dags/airflow.py", line 23, in <module>
    from data_preprocessing_scripts.preprocessing import preprocess_data
ModuleNotFoundError: No module named 'data_preprocessing_scripts'
[2026-08-12T00:18:13.393+0000] {processor.py:841} WARNING - No viable dags retrieved from /opt/airflow/dags/airflow.py
[2026-08-12T00:18:13.401+0000] {processor.py:179} INFO - Processing /opt/airflow/dags/airflow.py took 0.076 seconds
[2026-08-12T00:18:43.483+0000] {processor.py:157} INFO - Started process (PID=5362) to work on /opt/airflow/dags/airflow.py
[2026-08-12T00:18:43.483+0000] {processor.py:829} INFO - Processing file /opt/airflow/dags/airflow.py for tasks to queue
[2026-08-12T00:18:43.486+0000] {logging_mixin.py:151} INFO - [2026-08-12T00:18:43.486+0000] {dagbag.py:536} INFO - Filling up the DagBag from /opt/airflow/dags/airflow.py
[2026-08-12T00:18:43.552+0000] {logging_mixin.py:151} INFO - [2026-08-12T00:18:43.551+0000] {dagbag.py:346} ERROR - Failed to import: /opt/airflow/dags/airflow.py
Traceback (most recent call last):
  File "/home/airflow/.local/lib/python3.8/site-packages/airflow/models/dagbag.py", line 342, in parse
    loader.exec_module(new_module)
  File "<frozen importlib._bootstrap_external>", line 843, in exec_module
  File "<frozen importlib._bootstrap>", line 219, in _call_with_frames_removed
  File "/opt/airflow/dags/airflow.py", line 23, in <module>
    from data_preprocessing_scripts.preprocessing import preprocess_data
ModuleNotFoundError: No module named 'data_preprocessing_scripts'
[2026-08-12T00:18:43.552+0000] {processor.py:841} WARNING - No viable dags retrieved from /opt/airflow/dags/airflow.py
[2026-08-12T00:18:43.561+0000] {processor.py:179} INFO - Processing /opt/airflow/dags/airflow.py took 0.080 seconds
[2026-08-12T00:19:13.801+0000] {processor.py:157} INFO - Started process (PID=5370) to work on /opt/airflow/dags/airflow.py
[2026-08-12T00:19:13.802+0000] {processor.py:829} INFO - Processing file /opt/airflow/dags/airflow.py for tasks to queue
[2026-08-12T00:19:13.804+0000] {logging_mixin.py:151} INFO - [2026-08-12T00:19:13.804+0000] {dagbag.py:536} INFO - Filling up the DagBag from /opt/airflow/dags/airflow.py
[2026-08-12T00:19:13.865+0000] {logging_mixin.py:151} INFO - [2026-08-12T00:19:13.864+0000] {dagbag.py:346} ERROR - Failed to import: /opt/airflow/dags/airflow.py
Traceback (most recent call last):
  File "/home/airflow/.local/lib/python3.8/site-packages/airflow/models/dagbag.py", line 342, in parse
    loader.exec_module(new_module)
  File "<frozen importlib._bootstrap_external>", line 843, in exec_module
  File "<frozen importlib._bootstrap>", line 219, in _call_with_frames_removed
  File "/opt/airflow/dags/airflow.py", line 23, in <module>
    from data_preprocessing_scripts.preprocessing import preprocess_data
ModuleNotFoundError: No module named 'data_preprocessing_scripts'
[2026-08-12T00:19:13.865+0000] {processor.py:841} WARNING - No viable dags retrieved from /opt/airflow/dags/airflow.py
[2026-08-12T00:19:13.873+0000] {processor.py:179} INFO - Processing /opt/airflow/dags/airflow.py took 0.075 seconds
[2026-08-12T00:19:44.087+0000] {processor.py:157} INFO - Started process (PID=5378) to work on /opt/airflow/dags/airflow.py
[2026-08-12T00:19:44.088+0000] {processor.py:829} INFO - Processing file /opt/airflow/dags/airflow.py for tasks to queue
[2026-08-12T00:19:44.090+0000] {logging_mixin.py:151} INFO - [2026-08-12T00:19:44.090+0000] {dagbag.py:536} INFO - Filling up the DagBag from /opt/airflow/dags/airflow.py
[2026-08-12T00:19:44.148+0000] {logging_mixin.py:151} INFO - [2026-08-12T00:19:44.147+0000] {dagbag.py:346} ERROR - Failed to import: /opt/airflow/dags/airflow.py
Traceback (most recent call last):
  File "/home/airflow/.local/lib/python3.8/site-packages/airflow/models/dagbag.py", line 342, in parse
    loader.exec_module(new_module)
  File "<frozen importlib._bootstrap_external>", line 843, in exec_module
  File "<frozen importlib._bootstrap>", line 219, in _call_with_frames_removed
  File "/opt/airflow/dags/airflow.py", line 23, in <module>
    from data_preprocessing_scripts.preprocessing import preprocess_data
ModuleNotFoundError: No module named 'data_preprocessing_scripts'
[2026-08-12T00:19:44.148+0000] {processor.py:841} WARNING - No viable dags retrieved from /opt/airflow/dags/airflow.py
[2026-08-12T00:19:44.156+0000] {processor.py:179} INFO - Processing /opt/airflow/dags/airflow.py took 0.075 seconds
[2026-08-12T00:20:14.410+0000] {processor.py:157} INFO - Started process (PID=5386) to work on /opt/airflow/dags/airflow.py
[2026-08-12T00:20:14.411+0000] {processor.py:829} INFO - Processing file /opt/airflow/dags/airflow.py for tasks to queue
[2026-08-12T00:20:14.412+0000] {logging_mixin.py:151} INFO - [2026-08-12T00:20:14.412+0000] {dagbag.py:536} INFO - Filling up the DagBag from /opt/airflow/dags/airflow.py
[2026-08-12T00:20:14.475+0000] {logging_mixin.py:151} INFO - [2026-08-12T00:20:14.474+0000] {dagbag.py:346} ERROR - Failed to import: /opt/airflow/dags/airflow.py
Traceback (most recent call last):
  File "/home/airflow/.local/lib/python3.8/site-packages/airflow/models/dagbag.py", line 342, in parse
    loader.exec_module(new_module)
  File "<frozen importlib._bootstrap_external>", line 843, in exec_module
  File "<frozen importlib._bootstrap>", line 219, in _call_with_frames_removed
  File "/opt/airflow/dags/airflow.py", line 23, in <module>
    from data_preprocessing_scripts.preprocessing import preprocess_data
ModuleNotFoundError: No module named 'data_preprocessing_scripts'
[2026-08-12T00:20:14.475+0000] {processor.py:841} WARNING - No viable dags retrieved from /opt/airflow/dags/airflow.py
[2026-08-12T00:20:14.484+0000] {processor.py:179} INFO - Processing /opt/airflow/dags/airflow.py took 0.076 seconds
[2026-08-12T00:20:44.681+0000] {processor.py:157} INFO - Started process (PID=5394) to work on /opt/airflow/dags/airflow.py
[2026-08-12T00:20:44.682+0000] {processor.py:829} INFO - Processing file /opt/airflow/dags/airflow.py for tasks to queue
[2026-08-12T00:20:44.684+0000] {logging_mixin.py:151} INFO - [2026-08-12T00:20:44.684+0000] {dagbag.py:536} INFO - Filling up the DagBag from /opt/airflow/dags/airflow.py
[2026-08-12T00:20:44.743+0000] {logging_mixin.py:151} INFO - [2026-08-12T00:20:44.743+0000] {dagbag.py:346} ERROR - Failed to import: /opt/airflow/dags/airflow.py
Traceback (most recent call last):
  File "/home/airflow/.local/lib/python3.8/site-packages/airflow/models/dagbag.py", line 342, in parse
    loader.exec_module(new_module)
  File "<frozen importlib._bootstrap_external>", line 843, in exec_module
  File "<frozen importlib._bootstrap>", line 219, in _call_with_frames_removed
  File "/opt/airflow/dags/airflow.py", line 23, in <module>
    from data_preprocessing_scripts.preprocessing import preprocess_data
ModuleNotFoundError: No module named 'data_preprocessing_scripts'
[2026-08-12T00:20:44.743+0000] {processor.py:841} WARNING - No viable dags retrieved from /opt/airflow/dags/airflow.py
[2026-08-12T00:20:44.751+0000] {processor.py:179} INFO - Processing /opt/airflow/dags/airflow.py took 0.072 seconds
[2026-08-12T00:21:14.996+0000] {processor.py:157} INFO - Started process (PID=5402) to work on /opt/airflow/dags/airflow.py
[2026-08-12T00:21:14.996+0000] {processor.py:829} INFO - Processing file /opt/airflow/dags/airflow.py for tasks to queue
[2026-08-12T00:21:14.997+0000] {logging_mixin.py:151} INFO - [2026-08-12T00:21:14.997+0000] {dagbag.py:536} INFO - Filling up the DagBag from /opt/airflow/dags/airflow.py
[2026-08-12T00:21:15.044+0000] {logging_mixin.py:151} INFO - [2026-08-12T00:21:15.043+0000] {dagbag.py:346} ERROR - Failed to import: /opt/airflow/dags/airflow.py
Traceback (most recent call last):
  File "/home/airflow/.local/lib/python3.8/site-packages/airflow/models/dagbag.py", line 342, in parse
    loader.exec_module(new_module)
  File "<frozen importlib._bootstrap_external>", line 843, in exec_module
  File "<frozen importlib._bootstrap>", line 219, in _call_with_frames_removed
  File "/opt/airflow/dags/airflow.py", line 23, in <module>
    from data_preprocessing_scripts.preprocessing import preprocess_data
ModuleNotFoundError: No module named 'data_preprocessing_scripts'
[2026-08-12T00:21:15.044+0000] {processor.py:841} WARNING - No viable dags retrieved from /opt/airflow/dags/airflow.py
[2026-08-12T00:21:15.052+0000] {processor.py:179} INFO - Processing /opt/airflow/dags/airflow.py took 0.058 seconds
[2026-08-12T00:21:45.299+0000] {processor.py:157} INFO - Started process (PID=5411) to work on /opt/airflow/dags/airflow.py
[2026-08-12T00:21:45.300+0000] {processor.py:829} INFO - Processing file /opt/airflow/dags/airflow.py for tasks to queue
[2026-08-12T00:21:45.301+0000] {logging_mixin.py:151} INFO - [2026-08-12T00:21:45.301+0000] {dagbag.py:536} INFO - Filling up the DagBag from /opt/airflow/dags/airflow.py
[2026-08-12T00:21:45.350+0000] {logging_mixin.py:151} INFO - [2026-08-12T00:21:45.349+0000] {dagbag.py:346} ERROR - Failed to import: /opt/airflow/dags/airflow.py
Traceback (most recent call last):
  File "/home/airflow/.local/lib/python3.8/site-packages/airflow/models/dagbag.py", line 342, in parse
    loader.exec_module(new_module)
  File "<frozen importlib._bootstrap_external>", line 843, in exec_module
  File "<frozen importlib._bootstrap>", line 219, in _call_with_frames_removed
  File "/opt/airflow/dags/airflow.py", line 23, in <module>
    from data_preprocessing_scripts.preprocessing import preprocess_data
ModuleNotFoundError: No module named 'data_preprocessing_scripts'
[2026-08-12T00:21:45.350+0000] {processor.py:841} WARNING - No viable dags retrieved from /opt/airflow/dags/airflow.py
[2026-08-12T00:21:45.359+0000] {processor.py:179} INFO - Processing /opt/airflow/dags/airflow.py took 0.062 seconds
[2026-08-12T00:22:15.626+0000] {processor.py:157} INFO - Started process (PID=5419) to work on /opt/airflow/dags/airflow.py
[2026-08-12T00:22:15.627+0000] {processor.py:829} INFO - Processing file /opt/airflow/dags/airflow.py for tasks to queue
[2026-08-12T00:22:15.629+0000] {logging_mixin.py:151} INFO - [2026-08-12T00:22:15.629+0000] {dagbag.py:536} INFO - Filling up the DagBag from /opt/airflow/dags/airflow.py
[2026-08-12T00:22:15.690+0000] {logging_mixin.py:151} INFO - [2026-08-12T00:22:15.690+0000] {dagbag.py:346} ERROR - Failed to import: /opt/airflow/dags/airflow.py
Traceback (most recent call last):
  File "/home/airflow/.local/lib/python3.8/site-packages/airflow/models/dagbag.py", line 342, in parse
    loader.exec_module(new_module)
  File "<frozen importlib._bootstrap_external>", line 843, in exec_module
  File "<frozen importlib._bootstrap>", line 219, in _call_with_frames_removed
  File "/opt/airflow/dags/airflow.py", line 23, in <module>
    from data_preprocessing_scripts.preprocessing import preprocess_data
ModuleNotFoundError: No module named 'data_preprocessing_scripts'
[2026-08-12T00:22:15.690+0000] {processor.py:841} WARNING - No viable dags retrieved from /opt/airflow/dags/airflow.py
[2026-08-12T00:22:15.700+0000] {processor.py:179} INFO - Processing /opt/airflow/dags/airflow.py took 0.077 seconds
[2026-08-12T00:22:45.911+0000] {processor.py:157} INFO - Started process (PID=5427) to work on /opt/airflow/dags/airflow.py
[2026-08-12T00:22:45.912+0000] {processor.py:829} INFO - Processing file /opt/airflow/dags/airflow.py for tasks to queue
[2026-08-12T00:22:45.914+0000] {logging_mixin.py:151} INFO - [2026-08-12T00:22:45.914+0000] {dagbag.py:536} INFO - Filling up the DagBag from /opt/airflow/dags/airflow.py
[2026-08-12T00:22:45.974+0000] {logging_mixin.py:151} INFO - [2026-08-12T00:22:45.974+0000] {dagbag.py:346} ERROR - Failed to import: /opt/airflow/dags/airflow.py
Traceback (most recent call last):
  File "/home/airflow/.local/lib/python3.8/site-packages/airflow/models/dagbag.py", line 342, in parse
    loader.exec_module(new_module)
  File "<frozen importlib._bootstrap_external>", line 843, in exec_module
  File "<frozen importlib._bootstrap>", line 219, in _call_with_frames_removed
  File "/opt/airflow/dags/airflow.py", line 23, in <module>
    from data_preprocessing_scripts.preprocessing import preprocess_data
ModuleNotFoundError: No module named 'data_preprocessing_scripts'
[2026-08-12T00:22:45.975+0000] {processor.py:841} WARNING - No viable dags retrieved from /opt/airflow/dags/airflow.py
[2026-08-12T00:22:45.983+0000] {processor.py:179} INFO - Processing /opt/airflow/dags/airflow.py took 0.074 seconds
[2026-08-12T00:23:16.228+0000] {processor.py:157} INFO - Started process (PID=5435) to work on /opt/airflow/dags/airflow.py
[2026-08-12T00:23:16.229+0000] {processor.py:829} INFO - Processing file /opt/airflow/dags/airflow.py for tasks to queue
[2026-08-12T00:23:16.231+0000] {logging_mixin.py:151} INFO - [2026-08-12T00:23:16.230+0000] {dagbag.py:536} INFO - Filling up the DagBag from /opt/airflow/dags/airflow.py
[2026-08-12T00:23:16.288+0000] {logging_mixin.py:151} INFO - [2026-08-12T00:23:16.288+0000] {dagbag.py:346} ERROR - Failed to import: /opt/airflow/dags/airflow.py
Traceback (most recent call last):
  File "/home/airflow/.local/lib/python3.8/site-packages/airflow/models/dagbag.py", line 342, in parse
    loader.exec_module(new_module)
  File "<frozen importlib._bootstrap_external>", line 843, in exec_module
  File "<frozen importlib._bootstrap>", line 219, in _call_with_frames_removed
  File "/opt/airflow/dags/airflow.py", line 23, in <module>
    from data_preprocessing_scripts.preprocessing import preprocess_data
ModuleNotFoundError: No module named 'data_preprocessing_scripts'
[2026-08-12T00:23:16.289+0000] {processor.py:841} WARNING - No viable dags retrieved from /opt/airflow/dags/airflow.py
[2026-08-12T00:23:16.296+0000] {processor.py:179} INFO - Processing /opt/airflow/dags/airflow.py took 0.072 seconds
[2026-08-12T00:23:46.506+0000] {processor.py:157} INFO - Started process (PID=5443) to work on /opt/airflow/dags/airflow.py
[2026-08-12T00:23:46.507+0000] {processor.py:829} INFO - Processing file /opt/airflow/dags/airflow.py for tasks to queue
[2026-08-12T00:23:46.508+0000] {logging_mixin.py:151} INFO - [2026-08-12T00:23:46.508+0000] {dagbag.py:536} INFO - Filling up the DagBag from /opt/airflow/dags/airflow.py
[2026-08-12T00:23:46.568+0000] {logging_mixin.py:151} INFO - [2026-08-12T00:23:46.567+0000] {dagbag.py:346} ERROR - Failed to import: /opt/airflow/dags/airflow.py
Traceback (most recent call last):
  File "/home/airflow/.local/lib/python3.8/site-packages/airflow/models/dagbag.py", line 342, in parse
    loader.exec_module(new_module)
  File "<frozen importlib._bootstrap_external>", line 843, in exec_module
  File "<frozen importlib._bootstrap>", line 219, in _call_with_frames_removed
  File "/opt/airflow/dags/airflow.py", line 23, in <module>
    from data_preprocessing_scripts.preprocessing import preprocess_data
ModuleNotFoundError: No module named 'data_preprocessing_scripts'
[2026-08-12T00:23:46.568+0000] {processor.py:841} WARNING - No viable dags retrieved from /opt/airflow/dags/airflow.py
[2026-08-12T00:23:46.577+0000] {processor.py:179} INFO - Processing /opt/airflow/dags/airflow.py took 0.074 seconds
[2026-08-12T00:24:16.824+0000] {processor.py:157} INFO - Started process (PID=5451) to work on /opt/airflow/dags/airflow.py
[2026-08-12T00:24:16.824+0000] {processor.py:829} INFO - Processing file /opt/airflow/dags/airflow.py for tasks to queue
[2026-08-12T00:24:16.826+0000] {logging_mixin.py:151} INFO - [2026-08-12T00:24:16.826+0000] {dagbag.py:536} INFO - Filling up the DagBag from /opt/airflow/dags/airflow.py
[2026-08-12T00:24:16.894+0000] {logging_mixin.py:151} INFO - [2026-08-12T00:24:16.894+0000] {dagbag.py:346} ERROR - Failed to import: /opt/airflow/dags/airflow.py
Traceback (most recent call last):
  File "/home/airflow/.local/lib/python3.8/site-packages/airflow/models/dagbag.py", line 342, in parse
    loader.exec_module(new_module)
  File "<frozen importlib._bootstrap_external>", line 843, in exec_module
  File "<frozen importlib._bootstrap>", line 219, in _call_with_frames_removed
  File "/opt/airflow/dags/airflow.py", line 23, in <module>
    from data_preprocessing_scripts.preprocessing import preprocess_data
ModuleNotFoundError: No module named 'data_preprocessing_scripts'
[2026-08-12T00:24:16.895+0000] {processor.py:841} WARNING - No viable dags retrieved from /opt/airflow/dags/airflow.py
[2026-08-12T00:24:16.903+0000] {processor.py:179} INFO - Processing /opt/airflow/dags/airflow.py took 0.081 seconds
[2026-08-12T00:24:47.080+0000] {processor.py:157} INFO - Started process (PID=5466) to work on /opt/airflow/dags/airflow.py
[2026-08-12T00:24:47.080+0000] {processor.py:829} INFO - Processing file /opt/airflow/dags/airflow.py for tasks to queue
[2026-08-12T00:24:47.082+0000] {logging_mixin.py:151} INFO - [2026-08-12T00:24:47.082+0000] {dagbag.py:536} INFO - Filling up the DagBag from /opt/airflow/dags/airflow.py
[2026-08-12T00:24:47.139+0000] {logging_mixin.py:151} INFO - [2026-08-12T00:24:47.138+0000] {dagbag.py:346} ERROR - Failed to import: /opt/airflow/dags/airflow.py
Traceback (most recent call last):
  File "/home/airflow/.local/lib/python3.8/site-packages/airflow/models/dagbag.py", line 342, in parse
    loader.exec_module(new_module)
  File "<frozen importlib._bootstrap_external>", line 843, in exec_module
  File "<frozen importlib._bootstrap>", line 219, in _call_with_frames_removed
  File "/opt/airflow/dags/airflow.py", line 23, in <module>
    from data_preprocessing_scripts.preprocessing import preprocess_data
ModuleNotFoundError: No module named 'data_preprocessing_scripts'
[2026-08-12T00:24:47.139+0000] {processor.py:841} WARNING - No viable dags retrieved from /opt/airflow/dags/airflow.py
[2026-08-12T00:24:47.147+0000] {processor.py:179} INFO - Processing /opt/airflow/dags/airflow.py took 0.069 seconds
[2026-08-12T00:25:17.384+0000] {processor.py:157} INFO - Started process (PID=5474) to work on /opt/airflow/dags/airflow.py
[2026-08-12T00:25:17.385+0000] {processor.py:829} INFO - Processing file /opt/airflow/dags/airflow.py for tasks to queue
[2026-08-12T00:25:17.388+0000] {logging_mixin.py:151} INFO - [2026-08-12T00:25:17.388+0000] {dagbag.py:536} INFO - Filling up the DagBag from /opt/airflow/dags/airflow.py
[2026-08-12T00:25:17.450+0000] {logging_mixin.py:151} INFO - [2026-08-12T00:25:17.450+0000] {dagbag.py:346} ERROR - Failed to import: /opt/airflow/dags/airflow.py
Traceback (most recent call last):
  File "/home/airflow/.local/lib/python3.8/site-packages/airflow/models/dagbag.py", line 342, in parse
    loader.exec_module(new_module)
  File "<frozen importlib._bootstrap_external>", line 843, in exec_module
  File "<frozen importlib._bootstrap>", line 219, in _call_with_frames_removed
  File "/opt/airflow/dags/airflow.py", line 23, in <module>
    from data_preprocessing_scripts.preprocessing import preprocess_data
ModuleNotFoundError: No module named 'data_preprocessing_scripts'
[2026-08-12T00:25:17.450+0000] {processor.py:841} WARNING - No viable dags retrieved from /opt/airflow/dags/airflow.py
[2026-08-12T00:25:17.458+0000] {processor.py:179} INFO - Processing /opt/airflow/dags/airflow.py took 0.077 seconds
[2026-08-12T00:25:47.745+0000] {processor.py:157} INFO - Started process (PID=5482) to work on /opt/airflow/dags/airflow.py
[2026-08-12T00:25:47.745+0000] {processor.py:829} INFO - Processing file /opt/airflow/dags/airflow.py for tasks to queue
[2026-08-12T00:25:47.748+0000] {logging_mixin.py:151} INFO - [2026-08-12T00:25:47.748+0000] {dagbag.py:536} INFO - Filling up the DagBag from /opt/airflow/dags/airflow.py
[2026-08-12T00:25:47.806+0000] {logging_mixin.py:151} INFO - [2026-08-12T00:25:47.805+0000] {dagbag.py:346} ERROR - Failed to import: /opt/airflow/dags/airflow.py
Traceback (most recent call last):
  File "/home/airflow/.local/lib/python3.8/site-packages/airflow/models/dagbag.py", line 342, in parse
    loader.exec_module(new_module)
  File "<frozen importlib._bootstrap_external>", line 843, in exec_module
  File "<frozen importlib._bootstrap>", line 219, in _call_with_frames_removed
  File "/opt/airflow/dags/airflow.py", line 23, in <module>
    from data_preprocessing_scripts.preprocessing import preprocess_data
ModuleNotFoundError: No module named 'data_preprocessing_scripts'
[2026-08-12T00:25:47.806+0000] {processor.py:841} WARNING - No viable dags retrieved from /opt/airflow/dags/airflow.py
[2026-08-12T00:25:47.814+0000] {processor.py:179} INFO - Processing /opt/airflow/dags/airflow.py took 0.074 seconds
[2026-08-12T00:26:18.064+0000] {processor.py:157} INFO - Started process (PID=5490) to work on /opt/airflow/dags/airflow.py
[2026-08-12T00:26:18.064+0000] {processor.py:829} INFO - Processing file /opt/airflow/dags/airflow.py for tasks to queue
[2026-08-12T00:26:18.066+0000] {logging_mixin.py:151} INFO - [2026-08-12T00:26:18.066+0000] {dagbag.py:536} INFO - Filling up the DagBag from /opt/airflow/dags/airflow.py
[2026-08-12T00:26:18.127+0000] {logging_mixin.py:151} INFO - [2026-08-12T00:26:18.127+0000] {dagbag.py:346} ERROR - Failed to import: /opt/airflow/dags/airflow.py
Traceback (most recent call last):
  File "/home/airflow/.local/lib/python3.8/site-packages/airflow/models/dagbag.py", line 342, in parse
    loader.exec_module(new_module)
  File "<frozen importlib._bootstrap_external>", line 843, in exec_module
  File "<frozen importlib._bootstrap>", line 219, in _call_with_frames_removed
  File "/opt/airflow/dags/airflow.py", line 23, in <module>
    from data_preprocessing_scripts.preprocessing import preprocess_data
ModuleNotFoundError: No module named 'data_preprocessing_scripts'
[2026-08-12T00:26:18.128+0000] {processor.py:841} WARNING - No viable dags retrieved from /opt/airflow/dags/airflow.py
[2026-08-12T00:26:18.140+0000] {processor.py:179} INFO - Processing /opt/airflow/dags/airflow.py took 0.079 seconds
[2026-08-12T00:26:48.321+0000] {processor.py:157} INFO - Started process (PID=5498) to work on /opt/airflow/dags/airflow.py
[2026-08-12T00:26:48.322+0000] {processor.py:829} INFO - Processing file /opt/airflow/dags/airflow.py for tasks to queue
[2026-08-12T00:26:48.329+0000] {logging_mixin.py:151} INFO - [2026-08-12T00:26:48.328+0000] {dagbag.py:536} INFO - Filling up the DagBag from /opt/airflow/dags/airflow.py
[2026-08-12T00:26:48.390+0000] {logging_mixin.py:151} INFO - [2026-08-12T00:26:48.389+0000] {dagbag.py:346} ERROR - Failed to import: /opt/airflow/dags/airflow.py
Traceback (most recent call last):
  File "/home/airflow/.local/lib/python3.8/site-packages/airflow/models/dagbag.py", line 342, in parse
    loader.exec_module(new_module)
  File "<frozen importlib._bootstrap_external>", line 843, in exec_module
  File "<frozen importlib._bootstrap>", line 219, in _call_with_frames_removed
  File "/opt/airflow/dags/airflow.py", line 23, in <module>
    from data_preprocessing_scripts.preprocessing import preprocess_data
ModuleNotFoundError: No module named 'data_preprocessing_scripts'
[2026-08-12T00:26:48.390+0000] {processor.py:841} WARNING - No viable dags retrieved from /opt/airflow/dags/airflow.py
[2026-08-12T00:26:48.399+0000] {processor.py:179} INFO - Processing /opt/airflow/dags/airflow.py took 0.082 seconds
[2026-08-12T00:27:18.680+0000] {processor.py:157} INFO - Started process (PID=5506) to work on /opt/airflow/dags/airflow.py
[2026-08-12T00:27:18.681+0000] {processor.py:829} INFO - Processing file /opt/airflow/dags/airflow.py for tasks to queue
[2026-08-12T00:27:18.683+0000] {logging_mixin.py:151} INFO - [2026-08-12T00:27:18.683+0000] {dagbag.py:536} INFO - Filling up the DagBag from /opt/airflow/dags/airflow.py
[2026-08-12T00:27:18.747+0000] {logging_mixin.py:151} INFO - [2026-08-12T00:27:18.746+0000] {dagbag.py:346} ERROR - Failed to import: /opt/airflow/dags/airflow.py
Traceback (most recent call last):
  File "/home/airflow/.local/lib/python3.8/site-packages/airflow/models/dagbag.py", line 342, in parse
    loader.exec_module(new_module)
  File "<frozen importlib._bootstrap_external>", line 843, in exec_module
  File "<frozen importlib._bootstrap>", line 219, in _call_with_frames_removed
  File "/opt/airflow/dags/airflow.py", line 23, in <module>
    from data_preprocessing_scripts.preprocessing import preprocess_data
ModuleNotFoundError: No module named 'data_preprocessing_scripts'
[2026-08-12T00:27:18.747+0000] {processor.py:841} WARNING - No viable dags retrieved from /opt/airflow/dags/airflow.py
[2026-08-12T00:27:18.755+0000] {processor.py:179} INFO - Processing /opt/airflow/dags/airflow.py took 0.078 seconds
[2026-08-12T00:27:48.982+0000] {processor.py:157} INFO - Started process (PID=5514) to work on /opt/airflow/dags/airflow.py
[2026-08-12T00:27:48.983+0000] {processor.py:829} INFO - Processing file /opt/airflow/dags/airflow.py for tasks to queue
[2026-08-12T00:27:48.985+0000] {logging_mixin.py:151} INFO - [2026-08-12T00:27:48.984+0000] {dagbag.py:536} INFO - Filling up the DagBag from /opt/airflow/dags/airflow.py
[2026-08-12T00:27:49.045+0000] {logging_mixin.py:151} INFO - [2026-08-12T00:27:49.044+0000] {dagbag.py:346} ERROR - Failed to import: /opt/airflow/dags/airflow.py
Traceback (most recent call last):
  File "/home/airflow/.local/lib/python3.8/site-packages/airflow/models/dagbag.py", line 342, in parse
    loader.exec_module(new_module)
  File "<frozen importlib._bootstrap_external>", line 843, in exec_module
  File "<frozen importlib._bootstrap>", line 219, in _call_with_frames_removed
  File "/opt/airflow/dags/airflow.py", line 23, in <module>
    from data_preprocessing_scripts.preprocessing import preprocess_data
ModuleNotFoundError: No module named 'data_preprocessing_scripts'
[2026-08-12T00:27:49.045+0000] {processor.py:841} WARNING - No viable dags retrieved from /opt/airflow/dags/airflow.py
[2026-08-12T00:27:49.053+0000] {processor.py:179} INFO - Processing /opt/airflow/dags/airflow.py took 0.075 seconds
[2026-08-12T00:28:19.259+0000] {processor.py:157} INFO - Started process (PID=5522) to work on /opt/airflow/dags/airflow.py
[2026-08-12T00:28:19.260+0000] {processor.py:829} INFO - Processing file /opt/airflow/dags/airflow.py for tasks to queue
[2026-08-12T00:28:19.263+0000] {logging_mixin.py:151} INFO - [2026-08-12T00:28:19.263+0000] {dagbag.py:536} INFO - Filling up the DagBag from /opt/airflow/dags/airflow.py
[2026-08-12T00:28:19.349+0000] {logging_mixin.py:151} INFO - [2026-08-12T00:28:19.348+0000] {dagbag.py:346} ERROR - Failed to import: /opt/airflow/dags/airflow.py
Traceback (most recent call last):
  File "/home/airflow/.local/lib/python3.8/site-packages/airflow/models/dagbag.py", line 342, in parse
    loader.exec_module(new_module)
  File "<frozen importlib._bootstrap_external>", line 843, in exec_module
  File "<frozen importlib._bootstrap>", line 219, in _call_with_frames_removed
  File "/opt/airflow/dags/airflow.py", line 23, in <module>
    from data_preprocessing_scripts.preprocessing import preprocess_data
ModuleNotFoundError: No module named 'data_preprocessing_scripts'
[2026-08-12T00:28:19.349+0000] {processor.py:841} WARNING - No viable dags retrieved from /opt/airflow/dags/airflow.py
[2026-08-12T00:28:19.464+0000] {processor.py:179} INFO - Processing /opt/airflow/dags/airflow.py took 0.208 seconds
[2026-08-12T00:28:50.438+0000] {processor.py:157} INFO - Started process (PID=5530) to work on /opt/airflow/dags/airflow.py
[2026-08-12T00:28:50.439+0000] {processor.py:829} INFO - Processing file /opt/airflow/dags/airflow.py for tasks to queue
[2026-08-12T00:28:50.441+0000] {logging_mixin.py:151} INFO - [2026-08-12T00:28:50.441+0000] {dagbag.py:536} INFO - Filling up the DagBag from /opt/airflow/dags/airflow.py
[2026-08-12T00:28:50.497+0000] {logging_mixin.py:151} INFO - [2026-08-12T00:28:50.496+0000] {dagbag.py:346} ERROR - Failed to import: /opt/airflow/dags/airflow.py
Traceback (most recent call last):
  File "/home/airflow/.local/lib/python3.8/site-packages/airflow/models/dagbag.py", line 342, in parse
    loader.exec_module(new_module)
  File "<frozen importlib._bootstrap_external>", line 843, in exec_module
  File "<frozen importlib._bootstrap>", line 219, in _call_with_frames_removed
  File "/opt/airflow/dags/airflow.py", line 23, in <module>
    from data_preprocessing_scripts.preprocessing import preprocess_data
ModuleNotFoundError: No module named 'data_preprocessing_scripts'
[2026-08-12T00:28:50.497+0000] {processor.py:841} WARNING - No viable dags retrieved from /opt/airflow/dags/airflow.py
[2026-08-12T00:28:50.506+0000] {processor.py:179} INFO - Processing /opt/airflow/dags/airflow.py took 0.070 seconds
[2026-08-12T00:29:20.754+0000] {processor.py:157} INFO - Started process (PID=5538) to work on /opt/airflow/dags/airflow.py
[2026-08-12T00:29:20.755+0000] {processor.py:829} INFO - Processing file /opt/airflow/dags/airflow.py for tasks to queue
[2026-08-12T00:29:20.758+0000] {logging_mixin.py:151} INFO - [2026-08-12T00:29:20.757+0000] {dagbag.py:536} INFO - Filling up the DagBag from /opt/airflow/dags/airflow.py
[2026-08-12T00:29:20.826+0000] {logging_mixin.py:151} INFO - [2026-08-12T00:29:20.825+0000] {dagbag.py:346} ERROR - Failed to import: /opt/airflow/dags/airflow.py
Traceback (most recent call last):
  File "/home/airflow/.local/lib/python3.8/site-packages/airflow/models/dagbag.py", line 342, in parse
    loader.exec_module(new_module)
  File "<frozen importlib._bootstrap_external>", line 843, in exec_module
  File "<frozen importlib._bootstrap>", line 219, in _call_with_frames_removed
  File "/opt/airflow/dags/airflow.py", line 23, in <module>
    from data_preprocessing_scripts.preprocessing import preprocess_data
ModuleNotFoundError: No module named 'data_preprocessing_scripts'
[2026-08-12T00:29:20.826+0000] {processor.py:841} WARNING - No viable dags retrieved from /opt/airflow/dags/airflow.py
[2026-08-12T00:29:20.836+0000] {processor.py:179} INFO - Processing /opt/airflow/dags/airflow.py took 0.087 seconds
[2026-08-12T00:29:51.087+0000] {processor.py:157} INFO - Started process (PID=5546) to work on /opt/airflow/dags/airflow.py
[2026-08-12T00:29:51.088+0000] {processor.py:829} INFO - Processing file /opt/airflow/dags/airflow.py for tasks to queue
[2026-08-12T00:29:51.091+0000] {logging_mixin.py:151} INFO - [2026-08-12T00:29:51.091+0000] {dagbag.py:536} INFO - Filling up the DagBag from /opt/airflow/dags/airflow.py
[2026-08-12T00:29:51.162+0000] {logging_mixin.py:151} INFO - [2026-08-12T00:29:51.162+0000] {dagbag.py:346} ERROR - Failed to import: /opt/airflow/dags/airflow.py
Traceback (most recent call last):
  File "/home/airflow/.local/lib/python3.8/site-packages/airflow/models/dagbag.py", line 342, in parse
    loader.exec_module(new_module)
  File "<frozen importlib._bootstrap_external>", line 843, in exec_module
  File "<frozen importlib._bootstrap>", line 219, in _call_with_frames_removed
  File "/opt/airflow/dags/airflow.py", line 23, in <module>
    from data_preprocessing_scripts.preprocessing import preprocess_data
ModuleNotFoundError: No module named 'data_preprocessing_scripts'
[2026-08-12T00:29:51.162+0000] {processor.py:841} WARNING - No viable dags retrieved from /opt/airflow/dags/airflow.py
[2026-08-12T00:29:51.171+0000] {processor.py:179} INFO - Processing /opt/airflow/dags/airflow.py took 0.087 seconds
[2026-08-12T00:30:21.316+0000] {processor.py:157} INFO - Started process (PID=5554) to work on /opt/airflow/dags/airflow.py
[2026-08-12T00:30:21.317+0000] {processor.py:829} INFO - Processing file /opt/airflow/dags/airflow.py for tasks to queue
[2026-08-12T00:30:21.318+0000] {logging_mixin.py:151} INFO - [2026-08-12T00:30:21.318+0000] {dagbag.py:536} INFO - Filling up the DagBag from /opt/airflow/dags/airflow.py
[2026-08-12T00:30:21.376+0000] {logging_mixin.py:151} INFO - [2026-08-12T00:30:21.375+0000] {dagbag.py:346} ERROR - Failed to import: /opt/airflow/dags/airflow.py
Traceback (most recent call last):
  File "/home/airflow/.local/lib/python3.8/site-packages/airflow/models/dagbag.py", line 342, in parse
    loader.exec_module(new_module)
  File "<frozen importlib._bootstrap_external>", line 843, in exec_module
  File "<frozen importlib._bootstrap>", line 219, in _call_with_frames_removed
  File "/opt/airflow/dags/airflow.py", line 23, in <module>
    from data_preprocessing_scripts.preprocessing import preprocess_data
ModuleNotFoundError: No module named 'data_preprocessing_scripts'
[2026-08-12T00:30:21.376+0000] {processor.py:841} WARNING - No viable dags retrieved from /opt/airflow/dags/airflow.py
[2026-08-12T00:30:21.385+0000] {processor.py:179} INFO - Processing /opt/airflow/dags/airflow.py took 0.071 seconds
[2026-08-12T00:30:51.552+0000] {processor.py:157} INFO - Started process (PID=5562) to work on /opt/airflow/dags/airflow.py
[2026-08-12T00:30:51.553+0000] {processor.py:829} INFO - Processing file /opt/airflow/dags/airflow.py for tasks to queue
[2026-08-12T00:30:51.555+0000] {logging_mixin.py:151} INFO - [2026-08-12T00:30:51.555+0000] {dagbag.py:536} INFO - Filling up the DagBag from /opt/airflow/dags/airflow.py
[2026-08-12T00:30:51.615+0000] {logging_mixin.py:151} INFO - [2026-08-12T00:30:51.615+0000] {dagbag.py:346} ERROR - Failed to import: /opt/airflow/dags/airflow.py
Traceback (most recent call last):
  File "/home/airflow/.local/lib/python3.8/site-packages/airflow/models/dagbag.py", line 342, in parse
    loader.exec_module(new_module)
  File "<frozen importlib._bootstrap_external>", line 843, in exec_module
  File "<frozen importlib._bootstrap>", line 219, in _call_with_frames_removed
  File "/opt/airflow/dags/airflow.py", line 23, in <module>
    from data_preprocessing_scripts.preprocessing import preprocess_data
ModuleNotFoundError: No module named 'data_preprocessing_scripts'
[2026-08-12T00:30:51.615+0000] {processor.py:841} WARNING - No viable dags retrieved from /opt/airflow/dags/airflow.py
[2026-08-12T00:30:51.623+0000] {processor.py:179} INFO - Processing /opt/airflow/dags/airflow.py took 0.075 seconds
[2026-08-12T00:31:21.799+0000] {processor.py:157} INFO - Started process (PID=5570) to work on /opt/airflow/dags/airflow.py
[2026-08-12T00:31:21.799+0000] {processor.py:829} INFO - Processing file /opt/airflow/dags/airflow.py for tasks to queue
[2026-08-12T00:31:21.801+0000] {logging_mixin.py:151} INFO - [2026-08-12T00:31:21.801+0000] {dagbag.py:536} INFO - Filling up the DagBag from /opt/airflow/dags/airflow.py
[2026-08-12T00:31:21.855+0000] {logging_mixin.py:151} INFO - [2026-08-12T00:31:21.855+0000] {dagbag.py:346} ERROR - Failed to import: /opt/airflow/dags/airflow.py
Traceback (most recent call last):
  File "/home/airflow/.local/lib/python3.8/site-packages/airflow/models/dagbag.py", line 342, in parse
    loader.exec_module(new_module)
  File "<frozen importlib._bootstrap_external>", line 843, in exec_module
  File "<frozen importlib._bootstrap>", line 219, in _call_with_frames_removed
  File "/opt/airflow/dags/airflow.py", line 23, in <module>
    from data_preprocessing_scripts.preprocessing import preprocess_data
ModuleNotFoundError: No module named 'data_preprocessing_scripts'
[2026-08-12T00:31:21.856+0000] {processor.py:841} WARNING - No viable dags retrieved from /opt/airflow/dags/airflow.py
[2026-08-12T00:31:21.865+0000] {processor.py:179} INFO - Processing /opt/airflow/dags/airflow.py took 0.068 seconds
[2026-08-12T00:31:52.005+0000] {processor.py:157} INFO - Started process (PID=5578) to work on /opt/airflow/dags/airflow.py
[2026-08-12T00:31:52.005+0000] {processor.py:829} INFO - Processing file /opt/airflow/dags/airflow.py for tasks to queue
[2026-08-12T00:31:52.007+0000] {logging_mixin.py:151} INFO - [2026-08-12T00:31:52.007+0000] {dagbag.py:536} INFO - Filling up the DagBag from /opt/airflow/dags/airflow.py
[2026-08-12T00:31:52.057+0000] {logging_mixin.py:151} INFO - [2026-08-12T00:31:52.056+0000] {dagbag.py:346} ERROR - Failed to import: /opt/airflow/dags/airflow.py
Traceback (most recent call last):
  File "/home/airflow/.local/lib/python3.8/site-packages/airflow/models/dagbag.py", line 342, in parse
    loader.exec_module(new_module)
  File "<frozen importlib._bootstrap_external>", line 843, in exec_module
  File "<frozen importlib._bootstrap>", line 219, in _call_with_frames_removed
  File "/opt/airflow/dags/airflow.py", line 23, in <module>
    from data_preprocessing_scripts.preprocessing import preprocess_data
ModuleNotFoundError: No module named 'data_preprocessing_scripts'
[2026-08-12T00:31:52.057+0000] {processor.py:841} WARNING - No viable dags retrieved from /opt/airflow/dags/airflow.py
[2026-08-12T00:31:52.067+0000] {processor.py:179} INFO - Processing /opt/airflow/dags/airflow.py took 0.065 seconds
[2026-08-12T00:32:22.111+0000] {processor.py:157} INFO - Started process (PID=5586) to work on /opt/airflow/dags/airflow.py
[2026-08-12T00:32:22.112+0000] {processor.py:829} INFO - Processing file /opt/airflow/dags/airflow.py for tasks to queue
[2026-08-12T00:32:22.112+0000] {logging_mixin.py:151} INFO - [2026-08-12T00:32:22.112+0000] {dagbag.py:536} INFO - Filling up the DagBag from /opt/airflow/dags/airflow.py
[2026-08-12T00:32:22.177+0000] {logging_mixin.py:151} INFO - [2026-08-12T00:32:22.177+0000] {dagbag.py:346} ERROR - Failed to import: /opt/airflow/dags/airflow.py
Traceback (most recent call last):
  File "/home/airflow/.local/lib/python3.8/site-packages/airflow/models/dagbag.py", line 342, in parse
    loader.exec_module(new_module)
  File "<frozen importlib._bootstrap_external>", line 843, in exec_module
  File "<frozen importlib._bootstrap>", line 219, in _call_with_frames_removed
  File "/opt/airflow/dags/airflow.py", line 23, in <module>
    from data_preprocessing_scripts.preprocessing import preprocess_data
ModuleNotFoundError: No module named 'data_preprocessing_scripts'
[2026-08-12T00:32:22.178+0000] {processor.py:841} WARNING - No viable dags retrieved from /opt/airflow/dags/airflow.py
[2026-08-12T00:32:22.186+0000] {processor.py:179} INFO - Processing /opt/airflow/dags/airflow.py took 0.076 seconds
[2026-08-12T00:32:52.312+0000] {processor.py:157} INFO - Started process (PID=5594) to work on /opt/airflow/dags/airflow.py
[2026-08-12T00:32:52.313+0000] {processor.py:829} INFO - Processing file /opt/airflow/dags/airflow.py for tasks to queue
[2026-08-12T00:32:52.316+0000] {logging_mixin.py:151} INFO - [2026-08-12T00:32:52.315+0000] {dagbag.py:536} INFO - Filling up the DagBag from /opt/airflow/dags/airflow.py
[2026-08-12T00:32:52.396+0000] {logging_mixin.py:151} INFO - [2026-08-12T00:32:52.395+0000] {dagbag.py:346} ERROR - Failed to import: /opt/airflow/dags/airflow.py
Traceback (most recent call last):
  File "/home/airflow/.local/lib/python3.8/site-packages/airflow/models/dagbag.py", line 342, in parse
    loader.exec_module(new_module)
  File "<frozen importlib._bootstrap_external>", line 843, in exec_module
  File "<frozen importlib._bootstrap>", line 219, in _call_with_frames_removed
  File "/opt/airflow/dags/airflow.py", line 23, in <module>
    from data_preprocessing_scripts.preprocessing import preprocess_data
ModuleNotFoundError: No module named 'data_preprocessing_scripts'
[2026-08-12T00:32:52.396+0000] {processor.py:841} WARNING - No viable dags retrieved from /opt/airflow/dags/airflow.py
[2026-08-12T00:32:52.403+0000] {processor.py:179} INFO - Processing /opt/airflow/dags/airflow.py took 0.094 seconds
[2026-08-12T00:33:22.578+0000] {processor.py:157} INFO - Started process (PID=5602) to work on /opt/airflow/dags/airflow.py
[2026-08-12T00:33:22.579+0000] {processor.py:829} INFO - Processing file /opt/airflow/dags/airflow.py for tasks to queue
[2026-08-12T00:33:22.580+0000] {logging_mixin.py:151} INFO - [2026-08-12T00:33:22.580+0000] {dagbag.py:536} INFO - Filling up the DagBag from /opt/airflow/dags/airflow.py
[2026-08-12T00:33:22.640+0000] {logging_mixin.py:151} INFO - [2026-08-12T00:33:22.639+0000] {dagbag.py:346} ERROR - Failed to import: /opt/airflow/dags/airflow.py
Traceback (most recent call last):
  File "/home/airflow/.local/lib/python3.8/site-packages/airflow/models/dagbag.py", line 342, in parse
    loader.exec_module(new_module)
  File "<frozen importlib._bootstrap_external>", line 843, in exec_module
  File "<frozen importlib._bootstrap>", line 219, in _call_with_frames_removed
  File "/opt/airflow/dags/airflow.py", line 23, in <module>
    from data_preprocessing_scripts.preprocessing import preprocess_data
ModuleNotFoundError: No module named 'data_preprocessing_scripts'
[2026-08-12T00:33:22.640+0000] {processor.py:841} WARNING - No viable dags retrieved from /opt/airflow/dags/airflow.py
[2026-08-12T00:33:22.649+0000] {processor.py:179} INFO - Processing /opt/airflow/dags/airflow.py took 0.074 seconds
[2026-08-12T00:33:52.815+0000] {processor.py:157} INFO - Started process (PID=5610) to work on /opt/airflow/dags/airflow.py
[2026-08-12T00:33:52.815+0000] {processor.py:829} INFO - Processing file /opt/airflow/dags/airflow.py for tasks to queue
[2026-08-12T00:33:52.817+0000] {logging_mixin.py:151} INFO - [2026-08-12T00:33:52.817+0000] {dagbag.py:536} INFO - Filling up the DagBag from /opt/airflow/dags/airflow.py
[2026-08-12T00:33:52.876+0000] {logging_mixin.py:151} INFO - [2026-08-12T00:33:52.875+0000] {dagbag.py:346} ERROR - Failed to import: /opt/airflow/dags/airflow.py
Traceback (most recent call last):
  File "/home/airflow/.local/lib/python3.8/site-packages/airflow/models/dagbag.py", line 342, in parse
    loader.exec_module(new_module)
  File "<frozen importlib._bootstrap_external>", line 843, in exec_module
  File "<frozen importlib._bootstrap>", line 219, in _call_with_frames_removed
  File "/opt/airflow/dags/airflow.py", line 23, in <module>
    from data_preprocessing_scripts.preprocessing import preprocess_data
ModuleNotFoundError: No module named 'data_preprocessing_scripts'
[2026-08-12T00:33:52.876+0000] {processor.py:841} WARNING - No viable dags retrieved from /opt/airflow/dags/airflow.py
[2026-08-12T00:33:52.884+0000] {processor.py:179} INFO - Processing /opt/airflow/dags/airflow.py took 0.071 seconds
[2026-08-12T00:34:23.065+0000] {processor.py:157} INFO - Started process (PID=5618) to work on /opt/airflow/dags/airflow.py
[2026-08-12T00:34:23.066+0000] {processor.py:829} INFO - Processing file /opt/airflow/dags/airflow.py for tasks to queue
[2026-08-12T00:34:23.068+0000] {logging_mixin.py:151} INFO - [2026-08-12T00:34:23.068+0000] {dagbag.py:536} INFO - Filling up the DagBag from /opt/airflow/dags/airflow.py
[2026-08-12T00:34:23.131+0000] {logging_mixin.py:151} INFO - [2026-08-12T00:34:23.131+0000] {dagbag.py:346} ERROR - Failed to import: /opt/airflow/dags/airflow.py
Traceback (most recent call last):
  File "/home/airflow/.local/lib/python3.8/site-packages/airflow/models/dagbag.py", line 342, in parse
    loader.exec_module(new_module)
  File "<frozen importlib._bootstrap_external>", line 843, in exec_module
  File "<frozen importlib._bootstrap>", line 219, in _call_with_frames_removed
  File "/opt/airflow/dags/airflow.py", line 23, in <module>
    from data_preprocessing_scripts.preprocessing import preprocess_data
ModuleNotFoundError: No module named 'data_preprocessing_scripts'
[2026-08-12T00:34:23.132+0000] {processor.py:841} WARNING - No viable dags retrieved from /opt/airflow/dags/airflow.py
[2026-08-12T00:34:23.140+0000] {processor.py:179} INFO - Processing /opt/airflow/dags/airflow.py took 0.078 seconds
[2026-08-12T00:34:53.298+0000] {processor.py:157} INFO - Started process (PID=5626) to work on /opt/airflow/dags/airflow.py
[2026-08-12T00:34:53.298+0000] {processor.py:829} INFO - Processing file /opt/airflow/dags/airflow.py for tasks to queue
[2026-08-12T00:34:53.301+0000] {logging_mixin.py:151} INFO - [2026-08-12T00:34:53.300+0000] {dagbag.py:536} INFO - Filling up the DagBag from /opt/airflow/dags/airflow.py
[2026-08-12T00:34:53.368+0000] {logging_mixin.py:151} INFO - [2026-08-12T00:34:53.367+0000] {dagbag.py:346} ERROR - Failed to import: /opt/airflow/dags/airflow.py
Traceback (most recent call last):
  File "/home/airflow/.local/lib/python3.8/site-packages/airflow/models/dagbag.py", line 342, in parse
    loader.exec_module(new_module)
  File "<frozen importlib._bootstrap_external>", line 843, in exec_module
  File "<frozen importlib._bootstrap>", line 219, in _call_with_frames_removed
  File "/opt/airflow/dags/airflow.py", line 23, in <module>
    from data_preprocessing_scripts.preprocessing import preprocess_data
ModuleNotFoundError: No module named 'data_preprocessing_scripts'
[2026-08-12T00:34:53.368+0000] {processor.py:841} WARNING - No viable dags retrieved from /opt/airflow/dags/airflow.py
[2026-08-12T00:34:53.377+0000] {processor.py:179} INFO - Processing /opt/airflow/dags/airflow.py took 0.083 seconds
[2026-08-12T00:35:23.568+0000] {processor.py:157} INFO - Started process (PID=5634) to work on /opt/airflow/dags/airflow.py
[2026-08-12T00:35:23.569+0000] {processor.py:829} INFO - Processing file /opt/airflow/dags/airflow.py for tasks to queue
[2026-08-12T00:35:23.571+0000] {logging_mixin.py:151} INFO - [2026-08-12T00:35:23.571+0000] {dagbag.py:536} INFO - Filling up the DagBag from /opt/airflow/dags/airflow.py
[2026-08-12T00:35:23.634+0000] {logging_mixin.py:151} INFO - [2026-08-12T00:35:23.633+0000] {dagbag.py:346} ERROR - Failed to import: /opt/airflow/dags/airflow.py
Traceback (most recent call last):
  File "/home/airflow/.local/lib/python3.8/site-packages/airflow/models/dagbag.py", line 342, in parse
    loader.exec_module(new_module)
  File "<frozen importlib._bootstrap_external>", line 843, in exec_module
  File "<frozen importlib._bootstrap>", line 219, in _call_with_frames_removed
  File "/opt/airflow/dags/airflow.py", line 23, in <module>
    from data_preprocessing_scripts.preprocessing import preprocess_data
ModuleNotFoundError: No module named 'data_preprocessing_scripts'
[2026-08-12T00:35:23.634+0000] {processor.py:841} WARNING - No viable dags retrieved from /opt/airflow/dags/airflow.py
[2026-08-12T00:35:23.642+0000] {processor.py:179} INFO - Processing /opt/airflow/dags/airflow.py took 0.079 seconds
[2026-08-12T00:35:53.883+0000] {processor.py:157} INFO - Started process (PID=5642) to work on /opt/airflow/dags/airflow.py
[2026-08-12T00:35:53.884+0000] {processor.py:829} INFO - Processing file /opt/airflow/dags/airflow.py for tasks to queue
[2026-08-12T00:35:53.887+0000] {logging_mixin.py:151} INFO - [2026-08-12T00:35:53.887+0000] {dagbag.py:536} INFO - Filling up the DagBag from /opt/airflow/dags/airflow.py
[2026-08-12T00:35:53.958+0000] {logging_mixin.py:151} INFO - [2026-08-12T00:35:53.958+0000] {dagbag.py:346} ERROR - Failed to import: /opt/airflow/dags/airflow.py
Traceback (most recent call last):
  File "/home/airflow/.local/lib/python3.8/site-packages/airflow/models/dagbag.py", line 342, in parse
    loader.exec_module(new_module)
  File "<frozen importlib._bootstrap_external>", line 843, in exec_module
  File "<frozen importlib._bootstrap>", line 219, in _call_with_frames_removed
  File "/opt/airflow/dags/airflow.py", line 23, in <module>
    from data_preprocessing_scripts.preprocessing import preprocess_data
ModuleNotFoundError: No module named 'data_preprocessing_scripts'
[2026-08-12T00:35:53.959+0000] {processor.py:841} WARNING - No viable dags retrieved from /opt/airflow/dags/airflow.py
[2026-08-12T00:35:53.968+0000] {processor.py:179} INFO - Processing /opt/airflow/dags/airflow.py took 0.089 seconds
[2026-08-12T00:36:24.174+0000] {processor.py:157} INFO - Started process (PID=5650) to work on /opt/airflow/dags/airflow.py
[2026-08-12T00:36:24.175+0000] {processor.py:829} INFO - Processing file /opt/airflow/dags/airflow.py for tasks to queue
[2026-08-12T00:36:24.178+0000] {logging_mixin.py:151} INFO - [2026-08-12T00:36:24.178+0000] {dagbag.py:536} INFO - Filling up the DagBag from /opt/airflow/dags/airflow.py
[2026-08-12T00:36:24.240+0000] {logging_mixin.py:151} INFO - [2026-08-12T00:36:24.240+0000] {dagbag.py:346} ERROR - Failed to import: /opt/airflow/dags/airflow.py
Traceback (most recent call last):
  File "/home/airflow/.local/lib/python3.8/site-packages/airflow/models/dagbag.py", line 342, in parse
    loader.exec_module(new_module)
  File "<frozen importlib._bootstrap_external>", line 843, in exec_module
  File "<frozen importlib._bootstrap>", line 219, in _call_with_frames_removed
  File "/opt/airflow/dags/airflow.py", line 23, in <module>
    from data_preprocessing_scripts.preprocessing import preprocess_data
ModuleNotFoundError: No module named 'data_preprocessing_scripts'
[2026-08-12T00:36:24.241+0000] {processor.py:841} WARNING - No viable dags retrieved from /opt/airflow/dags/airflow.py
[2026-08-12T00:36:24.250+0000] {processor.py:179} INFO - Processing /opt/airflow/dags/airflow.py took 0.081 seconds
[2026-08-12T00:36:54.523+0000] {processor.py:157} INFO - Started process (PID=5658) to work on /opt/airflow/dags/airflow.py
[2026-08-12T00:36:54.523+0000] {processor.py:829} INFO - Processing file /opt/airflow/dags/airflow.py for tasks to queue
[2026-08-12T00:36:54.525+0000] {logging_mixin.py:151} INFO - [2026-08-12T00:36:54.525+0000] {dagbag.py:536} INFO - Filling up the DagBag from /opt/airflow/dags/airflow.py
[2026-08-12T00:36:54.600+0000] {logging_mixin.py:151} INFO - [2026-08-12T00:36:54.599+0000] {dagbag.py:346} ERROR - Failed to import: /opt/airflow/dags/airflow.py
Traceback (most recent call last):
  File "/home/airflow/.local/lib/python3.8/site-packages/airflow/models/dagbag.py", line 342, in parse
    loader.exec_module(new_module)
  File "<frozen importlib._bootstrap_external>", line 843, in exec_module
  File "<frozen importlib._bootstrap>", line 219, in _call_with_frames_removed
  File "/opt/airflow/dags/airflow.py", line 23, in <module>
    from data_preprocessing_scripts.preprocessing import preprocess_data
ModuleNotFoundError: No module named 'data_preprocessing_scripts'
[2026-08-12T00:36:54.600+0000] {processor.py:841} WARNING - No viable dags retrieved from /opt/airflow/dags/airflow.py
[2026-08-12T00:36:54.608+0000] {processor.py:179} INFO - Processing /opt/airflow/dags/airflow.py took 0.088 seconds
[2026-08-12T00:37:24.832+0000] {processor.py:157} INFO - Started process (PID=5665) to work on /opt/airflow/dags/airflow.py
[2026-08-12T00:37:24.832+0000] {processor.py:829} INFO - Processing file /opt/airflow/dags/airflow.py for tasks to queue
[2026-08-12T00:37:24.835+0000] {logging_mixin.py:151} INFO - [2026-08-12T00:37:24.834+0000] {dagbag.py:536} INFO - Filling up the DagBag from /opt/airflow/dags/airflow.py
[2026-08-12T00:37:24.895+0000] {logging_mixin.py:151} INFO - [2026-08-12T00:37:24.894+0000] {dagbag.py:346} ERROR - Failed to import: /opt/airflow/dags/airflow.py
Traceback (most recent call last):
  File "/home/airflow/.local/lib/python3.8/site-packages/airflow/models/dagbag.py", line 342, in parse
    loader.exec_module(new_module)
  File "<frozen importlib._bootstrap_external>", line 843, in exec_module
  File "<frozen importlib._bootstrap>", line 219, in _call_with_frames_removed
  File "/opt/airflow/dags/airflow.py", line 23, in <module>
    from data_preprocessing_scripts.preprocessing import preprocess_data
ModuleNotFoundError: No module named 'data_preprocessing_scripts'
[2026-08-12T00:37:24.895+0000] {processor.py:841} WARNING - No viable dags retrieved from /opt/airflow/dags/airflow.py
[2026-08-12T00:37:24.903+0000] {processor.py:179} INFO - Processing /opt/airflow/dags/airflow.py took 0.075 seconds
[2026-08-12T00:37:55.162+0000] {processor.py:157} INFO - Started process (PID=5673) to work on /opt/airflow/dags/airflow.py
[2026-08-12T00:37:55.163+0000] {processor.py:829} INFO - Processing file /opt/airflow/dags/airflow.py for tasks to queue
[2026-08-12T00:37:55.166+0000] {logging_mixin.py:151} INFO - [2026-08-12T00:37:55.165+0000] {dagbag.py:536} INFO - Filling up the DagBag from /opt/airflow/dags/airflow.py
[2026-08-12T00:37:55.233+0000] {logging_mixin.py:151} INFO - [2026-08-12T00:37:55.232+0000] {dagbag.py:346} ERROR - Failed to import: /opt/airflow/dags/airflow.py
Traceback (most recent call last):
  File "/home/airflow/.local/lib/python3.8/site-packages/airflow/models/dagbag.py", line 342, in parse
    loader.exec_module(new_module)
  File "<frozen importlib._bootstrap_external>", line 843, in exec_module
  File "<frozen importlib._bootstrap>", line 219, in _call_with_frames_removed
  File "/opt/airflow/dags/airflow.py", line 23, in <module>
    from data_preprocessing_scripts.preprocessing import preprocess_data
ModuleNotFoundError: No module named 'data_preprocessing_scripts'
[2026-08-12T00:37:55.234+0000] {processor.py:841} WARNING - No viable dags retrieved from /opt/airflow/dags/airflow.py
[2026-08-12T00:37:55.248+0000] {processor.py:179} INFO - Processing /opt/airflow/dags/airflow.py took 0.088 seconds
[2026-08-12T00:38:25.504+0000] {processor.py:157} INFO - Started process (PID=5681) to work on /opt/airflow/dags/airflow.py
[2026-08-12T00:38:25.505+0000] {processor.py:829} INFO - Processing file /opt/airflow/dags/airflow.py for tasks to queue
[2026-08-12T00:38:25.506+0000] {logging_mixin.py:151} INFO - [2026-08-12T00:38:25.506+0000] {dagbag.py:536} INFO - Filling up the DagBag from /opt/airflow/dags/airflow.py
[2026-08-12T00:38:25.568+0000] {logging_mixin.py:151} INFO - [2026-08-12T00:38:25.568+0000] {dagbag.py:346} ERROR - Failed to import: /opt/airflow/dags/airflow.py
Traceback (most recent call last):
  File "/home/airflow/.local/lib/python3.8/site-packages/airflow/models/dagbag.py", line 342, in parse
    loader.exec_module(new_module)
  File "<frozen importlib._bootstrap_external>", line 843, in exec_module
  File "<frozen importlib._bootstrap>", line 219, in _call_with_frames_removed
  File "/opt/airflow/dags/airflow.py", line 23, in <module>
    from data_preprocessing_scripts.preprocessing import preprocess_data
ModuleNotFoundError: No module named 'data_preprocessing_scripts'
[2026-08-12T00:38:25.568+0000] {processor.py:841} WARNING - No viable dags retrieved from /opt/airflow/dags/airflow.py
[2026-08-12T00:38:25.581+0000] {processor.py:179} INFO - Processing /opt/airflow/dags/airflow.py took 0.081 seconds
[2026-08-12T00:38:55.765+0000] {processor.py:157} INFO - Started process (PID=5689) to work on /opt/airflow/dags/airflow.py
[2026-08-12T00:38:55.766+0000] {processor.py:829} INFO - Processing file /opt/airflow/dags/airflow.py for tasks to queue
[2026-08-12T00:38:55.768+0000] {logging_mixin.py:151} INFO - [2026-08-12T00:38:55.768+0000] {dagbag.py:536} INFO - Filling up the DagBag from /opt/airflow/dags/airflow.py
[2026-08-12T00:38:55.838+0000] {logging_mixin.py:151} INFO - [2026-08-12T00:38:55.837+0000] {dagbag.py:346} ERROR - Failed to import: /opt/airflow/dags/airflow.py
Traceback (most recent call last):
  File "/home/airflow/.local/lib/python3.8/site-packages/airflow/models/dagbag.py", line 342, in parse
    loader.exec_module(new_module)
  File "<frozen importlib._bootstrap_external>", line 843, in exec_module
  File "<frozen importlib._bootstrap>", line 219, in _call_with_frames_removed
  File "/opt/airflow/dags/airflow.py", line 23, in <module>
    from data_preprocessing_scripts.preprocessing import preprocess_data
ModuleNotFoundError: No module named 'data_preprocessing_scripts'
[2026-08-12T00:38:55.838+0000] {processor.py:841} WARNING - No viable dags retrieved from /opt/airflow/dags/airflow.py
[2026-08-12T00:38:55.847+0000] {processor.py:179} INFO - Processing /opt/airflow/dags/airflow.py took 0.085 seconds
[2026-08-12T00:39:26.058+0000] {processor.py:157} INFO - Started process (PID=5697) to work on /opt/airflow/dags/airflow.py
[2026-08-12T00:39:26.059+0000] {processor.py:829} INFO - Processing file /opt/airflow/dags/airflow.py for tasks to queue
[2026-08-12T00:39:26.061+0000] {logging_mixin.py:151} INFO - [2026-08-12T00:39:26.061+0000] {dagbag.py:536} INFO - Filling up the DagBag from /opt/airflow/dags/airflow.py
[2026-08-12T00:39:26.126+0000] {logging_mixin.py:151} INFO - [2026-08-12T00:39:26.125+0000] {dagbag.py:346} ERROR - Failed to import: /opt/airflow/dags/airflow.py
Traceback (most recent call last):
  File "/home/airflow/.local/lib/python3.8/site-packages/airflow/models/dagbag.py", line 342, in parse
    loader.exec_module(new_module)
  File "<frozen importlib._bootstrap_external>", line 843, in exec_module
  File "<frozen importlib._bootstrap>", line 219, in _call_with_frames_removed
  File "/opt/airflow/dags/airflow.py", line 23, in <module>
    from data_preprocessing_scripts.preprocessing import preprocess_data
ModuleNotFoundError: No module named 'data_preprocessing_scripts'
[2026-08-12T00:39:26.126+0000] {processor.py:841} WARNING - No viable dags retrieved from /opt/airflow/dags/airflow.py
[2026-08-12T00:39:26.134+0000] {processor.py:179} INFO - Processing /opt/airflow/dags/airflow.py took 0.079 seconds
[2026-08-12T00:39:56.366+0000] {processor.py:157} INFO - Started process (PID=5705) to work on /opt/airflow/dags/airflow.py
[2026-08-12T00:39:56.367+0000] {processor.py:829} INFO - Processing file /opt/airflow/dags/airflow.py for tasks to queue
[2026-08-12T00:39:56.369+0000] {logging_mixin.py:151} INFO - [2026-08-12T00:39:56.369+0000] {dagbag.py:536} INFO - Filling up the DagBag from /opt/airflow/dags/airflow.py
[2026-08-12T00:39:56.432+0000] {logging_mixin.py:151} INFO - [2026-08-12T00:39:56.431+0000] {dagbag.py:346} ERROR - Failed to import: /opt/airflow/dags/airflow.py
Traceback (most recent call last):
  File "/home/airflow/.local/lib/python3.8/site-packages/airflow/models/dagbag.py", line 342, in parse
    loader.exec_module(new_module)
  File "<frozen importlib._bootstrap_external>", line 843, in exec_module
  File "<frozen importlib._bootstrap>", line 219, in _call_with_frames_removed
  File "/opt/airflow/dags/airflow.py", line 23, in <module>
    from data_preprocessing_scripts.preprocessing import preprocess_data
ModuleNotFoundError: No module named 'data_preprocessing_scripts'
[2026-08-12T00:39:56.432+0000] {processor.py:841} WARNING - No viable dags retrieved from /opt/airflow/dags/airflow.py
[2026-08-12T00:39:56.441+0000] {processor.py:179} INFO - Processing /opt/airflow/dags/airflow.py took 0.078 seconds
[2026-08-12T00:40:26.663+0000] {processor.py:157} INFO - Started process (PID=5714) to work on /opt/airflow/dags/airflow.py
[2026-08-12T00:40:26.664+0000] {processor.py:829} INFO - Processing file /opt/airflow/dags/airflow.py for tasks to queue
[2026-08-12T00:40:26.665+0000] {logging_mixin.py:151} INFO - [2026-08-12T00:40:26.665+0000] {dagbag.py:536} INFO - Filling up the DagBag from /opt/airflow/dags/airflow.py
[2026-08-12T00:40:26.732+0000] {logging_mixin.py:151} INFO - [2026-08-12T00:40:26.731+0000] {dagbag.py:346} ERROR - Failed to import: /opt/airflow/dags/airflow.py
Traceback (most recent call last):
  File "/home/airflow/.local/lib/python3.8/site-packages/airflow/models/dagbag.py", line 342, in parse
    loader.exec_module(new_module)
  File "<frozen importlib._bootstrap_external>", line 843, in exec_module
  File "<frozen importlib._bootstrap>", line 219, in _call_with_frames_removed
  File "/opt/airflow/dags/airflow.py", line 23, in <module>
    from data_preprocessing_scripts.preprocessing import preprocess_data
ModuleNotFoundError: No module named 'data_preprocessing_scripts'
[2026-08-12T00:40:26.732+0000] {processor.py:841} WARNING - No viable dags retrieved from /opt/airflow/dags/airflow.py
[2026-08-12T00:40:26.741+0000] {processor.py:179} INFO - Processing /opt/airflow/dags/airflow.py took 0.082 seconds
[2026-08-12T00:40:56.991+0000] {processor.py:157} INFO - Started process (PID=5722) to work on /opt/airflow/dags/airflow.py
[2026-08-12T00:40:56.993+0000] {processor.py:829} INFO - Processing file /opt/airflow/dags/airflow.py for tasks to queue
[2026-08-12T00:40:56.997+0000] {logging_mixin.py:151} INFO - [2026-08-12T00:40:56.996+0000] {dagbag.py:536} INFO - Filling up the DagBag from /opt/airflow/dags/airflow.py
[2026-08-12T00:40:57.067+0000] {logging_mixin.py:151} INFO - [2026-08-12T00:40:57.067+0000] {dagbag.py:346} ERROR - Failed to import: /opt/airflow/dags/airflow.py
Traceback (most recent call last):
  File "/home/airflow/.local/lib/python3.8/site-packages/airflow/models/dagbag.py", line 342, in parse
    loader.exec_module(new_module)
  File "<frozen importlib._bootstrap_external>", line 843, in exec_module
  File "<frozen importlib._bootstrap>", line 219, in _call_with_frames_removed
  File "/opt/airflow/dags/airflow.py", line 23, in <module>
    from data_preprocessing_scripts.preprocessing import preprocess_data
ModuleNotFoundError: No module named 'data_preprocessing_scripts'
[2026-08-12T00:40:57.068+0000] {processor.py:841} WARNING - No viable dags retrieved from /opt/airflow/dags/airflow.py
[2026-08-12T00:40:57.079+0000] {processor.py:179} INFO - Processing /opt/airflow/dags/airflow.py took 0.093 seconds
[2026-08-12T00:41:27.300+0000] {processor.py:157} INFO - Started process (PID=5730) to work on /opt/airflow/dags/airflow.py
[2026-08-12T00:41:27.301+0000] {processor.py:829} INFO - Processing file /opt/airflow/dags/airflow.py for tasks to queue
[2026-08-12T00:41:27.303+0000] {logging_mixin.py:151} INFO - [2026-08-12T00:41:27.303+0000] {dagbag.py:536} INFO - Filling up the DagBag from /opt/airflow/dags/airflow.py
[2026-08-12T00:41:27.363+0000] {logging_mixin.py:151} INFO - [2026-08-12T00:41:27.362+0000] {dagbag.py:346} ERROR - Failed to import: /opt/airflow/dags/airflow.py
Traceback (most recent call last):
  File "/home/airflow/.local/lib/python3.8/site-packages/airflow/models/dagbag.py", line 342, in parse
    loader.exec_module(new_module)
  File "<frozen importlib._bootstrap_external>", line 843, in exec_module
  File "<frozen importlib._bootstrap>", line 219, in _call_with_frames_removed
  File "/opt/airflow/dags/airflow.py", line 23, in <module>
    from data_preprocessing_scripts.preprocessing import preprocess_data
ModuleNotFoundError: No module named 'data_preprocessing_scripts'
[2026-08-12T00:41:27.363+0000] {processor.py:841} WARNING - No viable dags retrieved from /opt/airflow/dags/airflow.py
[2026-08-12T00:41:27.371+0000] {processor.py:179} INFO - Processing /opt/airflow/dags/airflow.py took 0.074 seconds
[2026-08-12T00:41:57.570+0000] {processor.py:157} INFO - Started process (PID=5738) to work on /opt/airflow/dags/airflow.py
[2026-08-12T00:41:57.571+0000] {processor.py:829} INFO - Processing file /opt/airflow/dags/airflow.py for tasks to queue
[2026-08-12T00:41:57.574+0000] {logging_mixin.py:151} INFO - [2026-08-12T00:41:57.574+0000] {dagbag.py:536} INFO - Filling up the DagBag from /opt/airflow/dags/airflow.py
[2026-08-12T00:41:57.649+0000] {logging_mixin.py:151} INFO - [2026-08-12T00:41:57.648+0000] {dagbag.py:346} ERROR - Failed to import: /opt/airflow/dags/airflow.py
Traceback (most recent call last):
  File "/home/airflow/.local/lib/python3.8/site-packages/airflow/models/dagbag.py", line 342, in parse
    loader.exec_module(new_module)
  File "<frozen importlib._bootstrap_external>", line 843, in exec_module
  File "<frozen importlib._bootstrap>", line 219, in _call_with_frames_removed
  File "/opt/airflow/dags/airflow.py", line 23, in <module>
    from data_preprocessing_scripts.preprocessing import preprocess_data
ModuleNotFoundError: No module named 'data_preprocessing_scripts'
[2026-08-12T00:41:57.649+0000] {processor.py:841} WARNING - No viable dags retrieved from /opt/airflow/dags/airflow.py
[2026-08-12T00:41:57.657+0000] {processor.py:179} INFO - Processing /opt/airflow/dags/airflow.py took 0.090 seconds
[2026-08-12T00:42:27.876+0000] {processor.py:157} INFO - Started process (PID=5746) to work on /opt/airflow/dags/airflow.py
[2026-08-12T00:42:27.877+0000] {processor.py:829} INFO - Processing file /opt/airflow/dags/airflow.py for tasks to queue
[2026-08-12T00:42:27.879+0000] {logging_mixin.py:151} INFO - [2026-08-12T00:42:27.879+0000] {dagbag.py:536} INFO - Filling up the DagBag from /opt/airflow/dags/airflow.py
[2026-08-12T00:42:27.943+0000] {logging_mixin.py:151} INFO - [2026-08-12T00:42:27.942+0000] {dagbag.py:346} ERROR - Failed to import: /opt/airflow/dags/airflow.py
Traceback (most recent call last):
  File "/home/airflow/.local/lib/python3.8/site-packages/airflow/models/dagbag.py", line 342, in parse
    loader.exec_module(new_module)
  File "<frozen importlib._bootstrap_external>", line 843, in exec_module
  File "<frozen importlib._bootstrap>", line 219, in _call_with_frames_removed
  File "/opt/airflow/dags/airflow.py", line 23, in <module>
    from data_preprocessing_scripts.preprocessing import preprocess_data
ModuleNotFoundError: No module named 'data_preprocessing_scripts'
[2026-08-12T00:42:27.943+0000] {processor.py:841} WARNING - No viable dags retrieved from /opt/airflow/dags/airflow.py
[2026-08-12T00:42:27.951+0000] {processor.py:179} INFO - Processing /opt/airflow/dags/airflow.py took 0.079 seconds
[2026-08-12T00:42:58.183+0000] {processor.py:157} INFO - Started process (PID=5754) to work on /opt/airflow/dags/airflow.py
[2026-08-12T00:42:58.184+0000] {processor.py:829} INFO - Processing file /opt/airflow/dags/airflow.py for tasks to queue
[2026-08-12T00:42:58.186+0000] {logging_mixin.py:151} INFO - [2026-08-12T00:42:58.186+0000] {dagbag.py:536} INFO - Filling up the DagBag from /opt/airflow/dags/airflow.py
[2026-08-12T00:42:58.252+0000] {logging_mixin.py:151} INFO - [2026-08-12T00:42:58.251+0000] {dagbag.py:346} ERROR - Failed to import: /opt/airflow/dags/airflow.py
Traceback (most recent call last):
  File "/home/airflow/.local/lib/python3.8/site-packages/airflow/models/dagbag.py", line 342, in parse
    loader.exec_module(new_module)
  File "<frozen importlib._bootstrap_external>", line 843, in exec_module
  File "<frozen importlib._bootstrap>", line 219, in _call_with_frames_removed
  File "/opt/airflow/dags/airflow.py", line 23, in <module>
    from data_preprocessing_scripts.preprocessing import preprocess_data
ModuleNotFoundError: No module named 'data_preprocessing_scripts'
[2026-08-12T00:42:58.252+0000] {processor.py:841} WARNING - No viable dags retrieved from /opt/airflow/dags/airflow.py
[2026-08-12T00:42:58.260+0000] {processor.py:179} INFO - Processing /opt/airflow/dags/airflow.py took 0.080 seconds
[2026-08-12T00:43:28.499+0000] {processor.py:157} INFO - Started process (PID=5762) to work on /opt/airflow/dags/airflow.py
[2026-08-12T00:43:28.500+0000] {processor.py:829} INFO - Processing file /opt/airflow/dags/airflow.py for tasks to queue
[2026-08-12T00:43:28.502+0000] {logging_mixin.py:151} INFO - [2026-08-12T00:43:28.502+0000] {dagbag.py:536} INFO - Filling up the DagBag from /opt/airflow/dags/airflow.py
[2026-08-12T00:43:28.566+0000] {logging_mixin.py:151} INFO - [2026-08-12T00:43:28.566+0000] {dagbag.py:346} ERROR - Failed to import: /opt/airflow/dags/airflow.py
Traceback (most recent call last):
  File "/home/airflow/.local/lib/python3.8/site-packages/airflow/models/dagbag.py", line 342, in parse
    loader.exec_module(new_module)
  File "<frozen importlib._bootstrap_external>", line 843, in exec_module
  File "<frozen importlib._bootstrap>", line 219, in _call_with_frames_removed
  File "/opt/airflow/dags/airflow.py", line 23, in <module>
    from data_preprocessing_scripts.preprocessing import preprocess_data
ModuleNotFoundError: No module named 'data_preprocessing_scripts'
[2026-08-12T00:43:28.567+0000] {processor.py:841} WARNING - No viable dags retrieved from /opt/airflow/dags/airflow.py
[2026-08-12T00:43:28.576+0000] {processor.py:179} INFO - Processing /opt/airflow/dags/airflow.py took 0.081 seconds
[2026-08-12T00:43:58.815+0000] {processor.py:157} INFO - Started process (PID=5770) to work on /opt/airflow/dags/airflow.py
[2026-08-12T00:43:58.816+0000] {processor.py:829} INFO - Processing file /opt/airflow/dags/airflow.py for tasks to queue
[2026-08-12T00:43:58.818+0000] {logging_mixin.py:151} INFO - [2026-08-12T00:43:58.818+0000] {dagbag.py:536} INFO - Filling up the DagBag from /opt/airflow/dags/airflow.py
[2026-08-12T00:43:58.879+0000] {logging_mixin.py:151} INFO - [2026-08-12T00:43:58.879+0000] {dagbag.py:346} ERROR - Failed to import: /opt/airflow/dags/airflow.py
Traceback (most recent call last):
  File "/home/airflow/.local/lib/python3.8/site-packages/airflow/models/dagbag.py", line 342, in parse
    loader.exec_module(new_module)
  File "<frozen importlib._bootstrap_external>", line 843, in exec_module
  File "<frozen importlib._bootstrap>", line 219, in _call_with_frames_removed
  File "/opt/airflow/dags/airflow.py", line 23, in <module>
    from data_preprocessing_scripts.preprocessing import preprocess_data
ModuleNotFoundError: No module named 'data_preprocessing_scripts'
[2026-08-12T00:43:58.879+0000] {processor.py:841} WARNING - No viable dags retrieved from /opt/airflow/dags/airflow.py
[2026-08-12T00:43:58.887+0000] {processor.py:179} INFO - Processing /opt/airflow/dags/airflow.py took 0.076 seconds
[2026-08-12T00:44:29.082+0000] {processor.py:157} INFO - Started process (PID=5778) to work on /opt/airflow/dags/airflow.py
[2026-08-12T00:44:29.083+0000] {processor.py:829} INFO - Processing file /opt/airflow/dags/airflow.py for tasks to queue
[2026-08-12T00:44:29.086+0000] {logging_mixin.py:151} INFO - [2026-08-12T00:44:29.085+0000] {dagbag.py:536} INFO - Filling up the DagBag from /opt/airflow/dags/airflow.py
[2026-08-12T00:44:29.145+0000] {logging_mixin.py:151} INFO - [2026-08-12T00:44:29.144+0000] {dagbag.py:346} ERROR - Failed to import: /opt/airflow/dags/airflow.py
Traceback (most recent call last):
  File "/home/airflow/.local/lib/python3.8/site-packages/airflow/models/dagbag.py", line 342, in parse
    loader.exec_module(new_module)
  File "<frozen importlib._bootstrap_external>", line 843, in exec_module
  File "<frozen importlib._bootstrap>", line 219, in _call_with_frames_removed
  File "/opt/airflow/dags/airflow.py", line 23, in <module>
    from data_preprocessing_scripts.preprocessing import preprocess_data
ModuleNotFoundError: No module named 'data_preprocessing_scripts'
[2026-08-12T00:44:29.145+0000] {processor.py:841} WARNING - No viable dags retrieved from /opt/airflow/dags/airflow.py
[2026-08-12T00:44:29.153+0000] {processor.py:179} INFO - Processing /opt/airflow/dags/airflow.py took 0.073 seconds
[2026-08-12T00:44:59.363+0000] {processor.py:157} INFO - Started process (PID=5786) to work on /opt/airflow/dags/airflow.py
[2026-08-12T00:44:59.364+0000] {processor.py:829} INFO - Processing file /opt/airflow/dags/airflow.py for tasks to queue
[2026-08-12T00:44:59.366+0000] {logging_mixin.py:151} INFO - [2026-08-12T00:44:59.366+0000] {dagbag.py:536} INFO - Filling up the DagBag from /opt/airflow/dags/airflow.py
[2026-08-12T00:44:59.430+0000] {logging_mixin.py:151} INFO - [2026-08-12T00:44:59.430+0000] {dagbag.py:346} ERROR - Failed to import: /opt/airflow/dags/airflow.py
Traceback (most recent call last):
  File "/home/airflow/.local/lib/python3.8/site-packages/airflow/models/dagbag.py", line 342, in parse
    loader.exec_module(new_module)
  File "<frozen importlib._bootstrap_external>", line 843, in exec_module
  File "<frozen importlib._bootstrap>", line 219, in _call_with_frames_removed
  File "/opt/airflow/dags/airflow.py", line 23, in <module>
    from data_preprocessing_scripts.preprocessing import preprocess_data
ModuleNotFoundError: No module named 'data_preprocessing_scripts'
[2026-08-12T00:44:59.430+0000] {processor.py:841} WARNING - No viable dags retrieved from /opt/airflow/dags/airflow.py
[2026-08-12T00:44:59.438+0000] {processor.py:179} INFO - Processing /opt/airflow/dags/airflow.py took 0.078 seconds
[2026-08-12T00:45:29.670+0000] {processor.py:157} INFO - Started process (PID=5794) to work on /opt/airflow/dags/airflow.py
[2026-08-12T00:45:29.671+0000] {processor.py:829} INFO - Processing file /opt/airflow/dags/airflow.py for tasks to queue
[2026-08-12T00:45:29.673+0000] {logging_mixin.py:151} INFO - [2026-08-12T00:45:29.673+0000] {dagbag.py:536} INFO - Filling up the DagBag from /opt/airflow/dags/airflow.py
[2026-08-12T00:45:29.744+0000] {logging_mixin.py:151} INFO - [2026-08-12T00:45:29.744+0000] {dagbag.py:346} ERROR - Failed to import: /opt/airflow/dags/airflow.py
Traceback (most recent call last):
  File "/home/airflow/.local/lib/python3.8/site-packages/airflow/models/dagbag.py", line 342, in parse
    loader.exec_module(new_module)
  File "<frozen importlib._bootstrap_external>", line 843, in exec_module
  File "<frozen importlib._bootstrap>", line 219, in _call_with_frames_removed
  File "/opt/airflow/dags/airflow.py", line 23, in <module>
    from data_preprocessing_scripts.preprocessing import preprocess_data
ModuleNotFoundError: No module named 'data_preprocessing_scripts'
[2026-08-12T00:45:29.745+0000] {processor.py:841} WARNING - No viable dags retrieved from /opt/airflow/dags/airflow.py
[2026-08-12T00:45:29.753+0000] {processor.py:179} INFO - Processing /opt/airflow/dags/airflow.py took 0.086 seconds
[2026-08-12T00:45:59.990+0000] {processor.py:157} INFO - Started process (PID=5802) to work on /opt/airflow/dags/airflow.py
[2026-08-12T00:45:59.991+0000] {processor.py:829} INFO - Processing file /opt/airflow/dags/airflow.py for tasks to queue
[2026-08-12T00:45:59.996+0000] {logging_mixin.py:151} INFO - [2026-08-12T00:45:59.995+0000] {dagbag.py:536} INFO - Filling up the DagBag from /opt/airflow/dags/airflow.py
[2026-08-12T00:46:00.079+0000] {logging_mixin.py:151} INFO - [2026-08-12T00:46:00.078+0000] {dagbag.py:346} ERROR - Failed to import: /opt/airflow/dags/airflow.py
Traceback (most recent call last):
  File "/home/airflow/.local/lib/python3.8/site-packages/airflow/models/dagbag.py", line 342, in parse
    loader.exec_module(new_module)
  File "<frozen importlib._bootstrap_external>", line 843, in exec_module
  File "<frozen importlib._bootstrap>", line 219, in _call_with_frames_removed
  File "/opt/airflow/dags/airflow.py", line 23, in <module>
    from data_preprocessing_scripts.preprocessing import preprocess_data
ModuleNotFoundError: No module named 'data_preprocessing_scripts'
[2026-08-12T00:46:00.079+0000] {processor.py:841} WARNING - No viable dags retrieved from /opt/airflow/dags/airflow.py
[2026-08-12T00:46:00.094+0000] {processor.py:179} INFO - Processing /opt/airflow/dags/airflow.py took 0.109 seconds
[2026-08-12T00:46:30.264+0000] {processor.py:157} INFO - Started process (PID=5810) to work on /opt/airflow/dags/airflow.py
[2026-08-12T00:46:30.265+0000] {processor.py:829} INFO - Processing file /opt/airflow/dags/airflow.py for tasks to queue
[2026-08-12T00:46:30.267+0000] {logging_mixin.py:151} INFO - [2026-08-12T00:46:30.267+0000] {dagbag.py:536} INFO - Filling up the DagBag from /opt/airflow/dags/airflow.py
[2026-08-12T00:46:30.331+0000] {logging_mixin.py:151} INFO - [2026-08-12T00:46:30.330+0000] {dagbag.py:346} ERROR - Failed to import: /opt/airflow/dags/airflow.py
Traceback (most recent call last):
  File "/home/airflow/.local/lib/python3.8/site-packages/airflow/models/dagbag.py", line 342, in parse
    loader.exec_module(new_module)
  File "<frozen importlib._bootstrap_external>", line 843, in exec_module
  File "<frozen importlib._bootstrap>", line 219, in _call_with_frames_removed
  File "/opt/airflow/dags/airflow.py", line 23, in <module>
    from data_preprocessing_scripts.preprocessing import preprocess_data
ModuleNotFoundError: No module named 'data_preprocessing_scripts'
[2026-08-12T00:46:30.331+0000] {processor.py:841} WARNING - No viable dags retrieved from /opt/airflow/dags/airflow.py
[2026-08-12T00:46:30.340+0000] {processor.py:179} INFO - Processing /opt/airflow/dags/airflow.py took 0.081 seconds
[2026-08-12T00:47:00.573+0000] {processor.py:157} INFO - Started process (PID=5818) to work on /opt/airflow/dags/airflow.py
[2026-08-12T00:47:00.575+0000] {processor.py:829} INFO - Processing file /opt/airflow/dags/airflow.py for tasks to queue
[2026-08-12T00:47:00.580+0000] {logging_mixin.py:151} INFO - [2026-08-12T00:47:00.579+0000] {dagbag.py:536} INFO - Filling up the DagBag from /opt/airflow/dags/airflow.py
[2026-08-12T00:47:00.654+0000] {logging_mixin.py:151} INFO - [2026-08-12T00:47:00.653+0000] {dagbag.py:346} ERROR - Failed to import: /opt/airflow/dags/airflow.py
Traceback (most recent call last):
  File "/home/airflow/.local/lib/python3.8/site-packages/airflow/models/dagbag.py", line 342, in parse
    loader.exec_module(new_module)
  File "<frozen importlib._bootstrap_external>", line 843, in exec_module
  File "<frozen importlib._bootstrap>", line 219, in _call_with_frames_removed
  File "/opt/airflow/dags/airflow.py", line 23, in <module>
    from data_preprocessing_scripts.preprocessing import preprocess_data
ModuleNotFoundError: No module named 'data_preprocessing_scripts'
[2026-08-12T00:47:00.654+0000] {processor.py:841} WARNING - No viable dags retrieved from /opt/airflow/dags/airflow.py
[2026-08-12T00:47:00.663+0000] {processor.py:179} INFO - Processing /opt/airflow/dags/airflow.py took 0.095 seconds
[2026-08-12T00:47:30.899+0000] {processor.py:157} INFO - Started process (PID=5826) to work on /opt/airflow/dags/airflow.py
[2026-08-12T00:47:30.900+0000] {processor.py:829} INFO - Processing file /opt/airflow/dags/airflow.py for tasks to queue
[2026-08-12T00:47:30.901+0000] {logging_mixin.py:151} INFO - [2026-08-12T00:47:30.901+0000] {dagbag.py:536} INFO - Filling up the DagBag from /opt/airflow/dags/airflow.py
[2026-08-12T00:47:30.961+0000] {logging_mixin.py:151} INFO - [2026-08-12T00:47:30.960+0000] {dagbag.py:346} ERROR - Failed to import: /opt/airflow/dags/airflow.py
Traceback (most recent call last):
  File "/home/airflow/.local/lib/python3.8/site-packages/airflow/models/dagbag.py", line 342, in parse
    loader.exec_module(new_module)
  File "<frozen importlib._bootstrap_external>", line 843, in exec_module
  File "<frozen importlib._bootstrap>", line 219, in _call_with_frames_removed
  File "/opt/airflow/dags/airflow.py", line 23, in <module>
    from data_preprocessing_scripts.preprocessing import preprocess_data
ModuleNotFoundError: No module named 'data_preprocessing_scripts'
[2026-08-12T00:47:30.961+0000] {processor.py:841} WARNING - No viable dags retrieved from /opt/airflow/dags/airflow.py
[2026-08-12T00:47:30.969+0000] {processor.py:179} INFO - Processing /opt/airflow/dags/airflow.py took 0.073 seconds
[2026-08-12T00:48:01.209+0000] {processor.py:157} INFO - Started process (PID=5834) to work on /opt/airflow/dags/airflow.py
[2026-08-12T00:48:01.210+0000] {processor.py:829} INFO - Processing file /opt/airflow/dags/airflow.py for tasks to queue
[2026-08-12T00:48:01.214+0000] {logging_mixin.py:151} INFO - [2026-08-12T00:48:01.213+0000] {dagbag.py:536} INFO - Filling up the DagBag from /opt/airflow/dags/airflow.py
[2026-08-12T00:48:01.291+0000] {logging_mixin.py:151} INFO - [2026-08-12T00:48:01.290+0000] {dagbag.py:346} ERROR - Failed to import: /opt/airflow/dags/airflow.py
Traceback (most recent call last):
  File "/home/airflow/.local/lib/python3.8/site-packages/airflow/models/dagbag.py", line 342, in parse
    loader.exec_module(new_module)
  File "<frozen importlib._bootstrap_external>", line 843, in exec_module
  File "<frozen importlib._bootstrap>", line 219, in _call_with_frames_removed
  File "/opt/airflow/dags/airflow.py", line 23, in <module>
    from data_preprocessing_scripts.preprocessing import preprocess_data
ModuleNotFoundError: No module named 'data_preprocessing_scripts'
[2026-08-12T00:48:01.291+0000] {processor.py:841} WARNING - No viable dags retrieved from /opt/airflow/dags/airflow.py
[2026-08-12T00:48:01.303+0000] {processor.py:179} INFO - Processing /opt/airflow/dags/airflow.py took 0.099 seconds
[2026-08-12T00:48:31.500+0000] {processor.py:157} INFO - Started process (PID=5842) to work on /opt/airflow/dags/airflow.py
[2026-08-12T00:48:31.501+0000] {processor.py:829} INFO - Processing file /opt/airflow/dags/airflow.py for tasks to queue
[2026-08-12T00:48:31.503+0000] {logging_mixin.py:151} INFO - [2026-08-12T00:48:31.503+0000] {dagbag.py:536} INFO - Filling up the DagBag from /opt/airflow/dags/airflow.py
[2026-08-12T00:48:31.564+0000] {logging_mixin.py:151} INFO - [2026-08-12T00:48:31.564+0000] {dagbag.py:346} ERROR - Failed to import: /opt/airflow/dags/airflow.py
Traceback (most recent call last):
  File "/home/airflow/.local/lib/python3.8/site-packages/airflow/models/dagbag.py", line 342, in parse
    loader.exec_module(new_module)
  File "<frozen importlib._bootstrap_external>", line 843, in exec_module
  File "<frozen importlib._bootstrap>", line 219, in _call_with_frames_removed
  File "/opt/airflow/dags/airflow.py", line 23, in <module>
    from data_preprocessing_scripts.preprocessing import preprocess_data
ModuleNotFoundError: No module named 'data_preprocessing_scripts'
[2026-08-12T00:48:31.565+0000] {processor.py:841} WARNING - No viable dags retrieved from /opt/airflow/dags/airflow.py
[2026-08-12T00:48:31.573+0000] {processor.py:179} INFO - Processing /opt/airflow/dags/airflow.py took 0.077 seconds
[2026-08-12T00:49:01.801+0000] {processor.py:157} INFO - Started process (PID=5850) to work on /opt/airflow/dags/airflow.py
[2026-08-12T00:49:01.802+0000] {processor.py:829} INFO - Processing file /opt/airflow/dags/airflow.py for tasks to queue
[2026-08-12T00:49:01.804+0000] {logging_mixin.py:151} INFO - [2026-08-12T00:49:01.804+0000] {dagbag.py:536} INFO - Filling up the DagBag from /opt/airflow/dags/airflow.py
[2026-08-12T00:49:01.869+0000] {logging_mixin.py:151} INFO - [2026-08-12T00:49:01.869+0000] {dagbag.py:346} ERROR - Failed to import: /opt/airflow/dags/airflow.py
Traceback (most recent call last):
  File "/home/airflow/.local/lib/python3.8/site-packages/airflow/models/dagbag.py", line 342, in parse
    loader.exec_module(new_module)
  File "<frozen importlib._bootstrap_external>", line 843, in exec_module
  File "<frozen importlib._bootstrap>", line 219, in _call_with_frames_removed
  File "/opt/airflow/dags/airflow.py", line 23, in <module>
    from data_preprocessing_scripts.preprocessing import preprocess_data
ModuleNotFoundError: No module named 'data_preprocessing_scripts'
[2026-08-12T00:49:01.870+0000] {processor.py:841} WARNING - No viable dags retrieved from /opt/airflow/dags/airflow.py
[2026-08-12T00:49:01.878+0000] {processor.py:179} INFO - Processing /opt/airflow/dags/airflow.py took 0.080 seconds
[2026-08-12T00:49:32.115+0000] {processor.py:157} INFO - Started process (PID=5858) to work on /opt/airflow/dags/airflow.py
[2026-08-12T00:49:32.117+0000] {processor.py:829} INFO - Processing file /opt/airflow/dags/airflow.py for tasks to queue
[2026-08-12T00:49:32.119+0000] {logging_mixin.py:151} INFO - [2026-08-12T00:49:32.119+0000] {dagbag.py:536} INFO - Filling up the DagBag from /opt/airflow/dags/airflow.py
[2026-08-12T00:49:32.190+0000] {logging_mixin.py:151} INFO - [2026-08-12T00:49:32.189+0000] {dagbag.py:346} ERROR - Failed to import: /opt/airflow/dags/airflow.py
Traceback (most recent call last):
  File "/home/airflow/.local/lib/python3.8/site-packages/airflow/models/dagbag.py", line 342, in parse
    loader.exec_module(new_module)
  File "<frozen importlib._bootstrap_external>", line 843, in exec_module
  File "<frozen importlib._bootstrap>", line 219, in _call_with_frames_removed
  File "/opt/airflow/dags/airflow.py", line 23, in <module>
    from data_preprocessing_scripts.preprocessing import preprocess_data
ModuleNotFoundError: No module named 'data_preprocessing_scripts'
[2026-08-12T00:49:32.190+0000] {processor.py:841} WARNING - No viable dags retrieved from /opt/airflow/dags/airflow.py
[2026-08-12T00:49:32.199+0000] {processor.py:179} INFO - Processing /opt/airflow/dags/airflow.py took 0.090 seconds
[2026-08-12T00:50:02.390+0000] {processor.py:157} INFO - Started process (PID=5866) to work on /opt/airflow/dags/airflow.py
[2026-08-12T00:50:02.391+0000] {processor.py:829} INFO - Processing file /opt/airflow/dags/airflow.py for tasks to queue
[2026-08-12T00:50:02.393+0000] {logging_mixin.py:151} INFO - [2026-08-12T00:50:02.392+0000] {dagbag.py:536} INFO - Filling up the DagBag from /opt/airflow/dags/airflow.py
[2026-08-12T00:50:02.459+0000] {logging_mixin.py:151} INFO - [2026-08-12T00:50:02.458+0000] {dagbag.py:346} ERROR - Failed to import: /opt/airflow/dags/airflow.py
Traceback (most recent call last):
  File "/home/airflow/.local/lib/python3.8/site-packages/airflow/models/dagbag.py", line 342, in parse
    loader.exec_module(new_module)
  File "<frozen importlib._bootstrap_external>", line 843, in exec_module
  File "<frozen importlib._bootstrap>", line 219, in _call_with_frames_removed
  File "/opt/airflow/dags/airflow.py", line 23, in <module>
    from data_preprocessing_scripts.preprocessing import preprocess_data
ModuleNotFoundError: No module named 'data_preprocessing_scripts'
[2026-08-12T00:50:02.459+0000] {processor.py:841} WARNING - No viable dags retrieved from /opt/airflow/dags/airflow.py
[2026-08-12T00:50:02.468+0000] {processor.py:179} INFO - Processing /opt/airflow/dags/airflow.py took 0.081 seconds
[2026-08-12T00:50:32.674+0000] {processor.py:157} INFO - Started process (PID=5874) to work on /opt/airflow/dags/airflow.py
[2026-08-12T00:50:32.675+0000] {processor.py:829} INFO - Processing file /opt/airflow/dags/airflow.py for tasks to queue
[2026-08-12T00:50:32.677+0000] {logging_mixin.py:151} INFO - [2026-08-12T00:50:32.677+0000] {dagbag.py:536} INFO - Filling up the DagBag from /opt/airflow/dags/airflow.py
[2026-08-12T00:50:32.745+0000] {logging_mixin.py:151} INFO - [2026-08-12T00:50:32.744+0000] {dagbag.py:346} ERROR - Failed to import: /opt/airflow/dags/airflow.py
Traceback (most recent call last):
  File "/home/airflow/.local/lib/python3.8/site-packages/airflow/models/dagbag.py", line 342, in parse
    loader.exec_module(new_module)
  File "<frozen importlib._bootstrap_external>", line 843, in exec_module
  File "<frozen importlib._bootstrap>", line 219, in _call_with_frames_removed
  File "/opt/airflow/dags/airflow.py", line 23, in <module>
    from data_preprocessing_scripts.preprocessing import preprocess_data
ModuleNotFoundError: No module named 'data_preprocessing_scripts'
[2026-08-12T00:50:32.745+0000] {processor.py:841} WARNING - No viable dags retrieved from /opt/airflow/dags/airflow.py
[2026-08-12T00:50:32.754+0000] {processor.py:179} INFO - Processing /opt/airflow/dags/airflow.py took 0.083 seconds
[2026-08-12T00:51:02.926+0000] {processor.py:157} INFO - Started process (PID=5882) to work on /opt/airflow/dags/airflow.py
[2026-08-12T00:51:02.927+0000] {processor.py:829} INFO - Processing file /opt/airflow/dags/airflow.py for tasks to queue
[2026-08-12T00:51:02.929+0000] {logging_mixin.py:151} INFO - [2026-08-12T00:51:02.929+0000] {dagbag.py:536} INFO - Filling up the DagBag from /opt/airflow/dags/airflow.py
[2026-08-12T00:51:02.985+0000] {logging_mixin.py:151} INFO - [2026-08-12T00:51:02.985+0000] {dagbag.py:346} ERROR - Failed to import: /opt/airflow/dags/airflow.py
Traceback (most recent call last):
  File "/home/airflow/.local/lib/python3.8/site-packages/airflow/models/dagbag.py", line 342, in parse
    loader.exec_module(new_module)
  File "<frozen importlib._bootstrap_external>", line 843, in exec_module
  File "<frozen importlib._bootstrap>", line 219, in _call_with_frames_removed
  File "/opt/airflow/dags/airflow.py", line 23, in <module>
    from data_preprocessing_scripts.preprocessing import preprocess_data
ModuleNotFoundError: No module named 'data_preprocessing_scripts'
[2026-08-12T00:51:02.985+0000] {processor.py:841} WARNING - No viable dags retrieved from /opt/airflow/dags/airflow.py
[2026-08-12T00:51:02.995+0000] {processor.py:179} INFO - Processing /opt/airflow/dags/airflow.py took 0.071 seconds
[2026-08-12T00:51:33.237+0000] {processor.py:157} INFO - Started process (PID=5890) to work on /opt/airflow/dags/airflow.py
[2026-08-12T00:51:33.238+0000] {processor.py:829} INFO - Processing file /opt/airflow/dags/airflow.py for tasks to queue
[2026-08-12T00:51:33.239+0000] {logging_mixin.py:151} INFO - [2026-08-12T00:51:33.239+0000] {dagbag.py:536} INFO - Filling up the DagBag from /opt/airflow/dags/airflow.py
[2026-08-12T00:51:33.292+0000] {logging_mixin.py:151} INFO - [2026-08-12T00:51:33.291+0000] {dagbag.py:346} ERROR - Failed to import: /opt/airflow/dags/airflow.py
Traceback (most recent call last):
  File "/home/airflow/.local/lib/python3.8/site-packages/airflow/models/dagbag.py", line 342, in parse
    loader.exec_module(new_module)
  File "<frozen importlib._bootstrap_external>", line 843, in exec_module
  File "<frozen importlib._bootstrap>", line 219, in _call_with_frames_removed
  File "/opt/airflow/dags/airflow.py", line 23, in <module>
    from data_preprocessing_scripts.preprocessing import preprocess_data
ModuleNotFoundError: No module named 'data_preprocessing_scripts'
[2026-08-12T00:51:33.292+0000] {processor.py:841} WARNING - No viable dags retrieved from /opt/airflow/dags/airflow.py
[2026-08-12T00:51:33.301+0000] {processor.py:179} INFO - Processing /opt/airflow/dags/airflow.py took 0.066 seconds
[2026-08-12T00:52:03.623+0000] {processor.py:157} INFO - Started process (PID=5898) to work on /opt/airflow/dags/airflow.py
[2026-08-12T00:52:03.624+0000] {processor.py:829} INFO - Processing file /opt/airflow/dags/airflow.py for tasks to queue
[2026-08-12T00:52:03.627+0000] {logging_mixin.py:151} INFO - [2026-08-12T00:52:03.627+0000] {dagbag.py:536} INFO - Filling up the DagBag from /opt/airflow/dags/airflow.py
[2026-08-12T00:52:03.698+0000] {logging_mixin.py:151} INFO - [2026-08-12T00:52:03.697+0000] {dagbag.py:346} ERROR - Failed to import: /opt/airflow/dags/airflow.py
Traceback (most recent call last):
  File "/home/airflow/.local/lib/python3.8/site-packages/airflow/models/dagbag.py", line 342, in parse
    loader.exec_module(new_module)
  File "<frozen importlib._bootstrap_external>", line 843, in exec_module
  File "<frozen importlib._bootstrap>", line 219, in _call_with_frames_removed
  File "/opt/airflow/dags/airflow.py", line 23, in <module>
    from data_preprocessing_scripts.preprocessing import preprocess_data
ModuleNotFoundError: No module named 'data_preprocessing_scripts'
[2026-08-12T00:52:03.698+0000] {processor.py:841} WARNING - No viable dags retrieved from /opt/airflow/dags/airflow.py
[2026-08-12T00:52:03.707+0000] {processor.py:179} INFO - Processing /opt/airflow/dags/airflow.py took 0.087 seconds
[2026-08-12T00:52:33.938+0000] {processor.py:157} INFO - Started process (PID=5906) to work on /opt/airflow/dags/airflow.py
[2026-08-12T00:52:33.939+0000] {processor.py:829} INFO - Processing file /opt/airflow/dags/airflow.py for tasks to queue
[2026-08-12T00:52:33.941+0000] {logging_mixin.py:151} INFO - [2026-08-12T00:52:33.940+0000] {dagbag.py:536} INFO - Filling up the DagBag from /opt/airflow/dags/airflow.py
[2026-08-12T00:52:34.000+0000] {logging_mixin.py:151} INFO - [2026-08-12T00:52:33.999+0000] {dagbag.py:346} ERROR - Failed to import: /opt/airflow/dags/airflow.py
Traceback (most recent call last):
  File "/home/airflow/.local/lib/python3.8/site-packages/airflow/models/dagbag.py", line 342, in parse
    loader.exec_module(new_module)
  File "<frozen importlib._bootstrap_external>", line 843, in exec_module
  File "<frozen importlib._bootstrap>", line 219, in _call_with_frames_removed
  File "/opt/airflow/dags/airflow.py", line 23, in <module>
    from data_preprocessing_scripts.preprocessing import preprocess_data
ModuleNotFoundError: No module named 'data_preprocessing_scripts'
[2026-08-12T00:52:34.000+0000] {processor.py:841} WARNING - No viable dags retrieved from /opt/airflow/dags/airflow.py
[2026-08-12T00:52:34.010+0000] {processor.py:179} INFO - Processing /opt/airflow/dags/airflow.py took 0.076 seconds
[2026-08-12T00:53:04.254+0000] {processor.py:157} INFO - Started process (PID=5914) to work on /opt/airflow/dags/airflow.py
[2026-08-12T00:53:04.256+0000] {processor.py:829} INFO - Processing file /opt/airflow/dags/airflow.py for tasks to queue
[2026-08-12T00:53:04.260+0000] {logging_mixin.py:151} INFO - [2026-08-12T00:53:04.259+0000] {dagbag.py:536} INFO - Filling up the DagBag from /opt/airflow/dags/airflow.py
[2026-08-12T00:53:04.339+0000] {logging_mixin.py:151} INFO - [2026-08-12T00:53:04.339+0000] {dagbag.py:346} ERROR - Failed to import: /opt/airflow/dags/airflow.py
Traceback (most recent call last):
  File "/home/airflow/.local/lib/python3.8/site-packages/airflow/models/dagbag.py", line 342, in parse
    loader.exec_module(new_module)
  File "<frozen importlib._bootstrap_external>", line 843, in exec_module
  File "<frozen importlib._bootstrap>", line 219, in _call_with_frames_removed
  File "/opt/airflow/dags/airflow.py", line 23, in <module>
    from data_preprocessing_scripts.preprocessing import preprocess_data
ModuleNotFoundError: No module named 'data_preprocessing_scripts'
[2026-08-12T00:53:04.340+0000] {processor.py:841} WARNING - No viable dags retrieved from /opt/airflow/dags/airflow.py
[2026-08-12T00:53:04.349+0000] {processor.py:179} INFO - Processing /opt/airflow/dags/airflow.py took 0.099 seconds
[2026-08-12T00:53:34.585+0000] {processor.py:157} INFO - Started process (PID=5922) to work on /opt/airflow/dags/airflow.py
[2026-08-12T00:53:34.586+0000] {processor.py:829} INFO - Processing file /opt/airflow/dags/airflow.py for tasks to queue
[2026-08-12T00:53:34.589+0000] {logging_mixin.py:151} INFO - [2026-08-12T00:53:34.588+0000] {dagbag.py:536} INFO - Filling up the DagBag from /opt/airflow/dags/airflow.py
[2026-08-12T00:53:34.650+0000] {logging_mixin.py:151} INFO - [2026-08-12T00:53:34.650+0000] {dagbag.py:346} ERROR - Failed to import: /opt/airflow/dags/airflow.py
Traceback (most recent call last):
  File "/home/airflow/.local/lib/python3.8/site-packages/airflow/models/dagbag.py", line 342, in parse
    loader.exec_module(new_module)
  File "<frozen importlib._bootstrap_external>", line 843, in exec_module
  File "<frozen importlib._bootstrap>", line 219, in _call_with_frames_removed
  File "/opt/airflow/dags/airflow.py", line 23, in <module>
    from data_preprocessing_scripts.preprocessing import preprocess_data
ModuleNotFoundError: No module named 'data_preprocessing_scripts'
[2026-08-12T00:53:34.650+0000] {processor.py:841} WARNING - No viable dags retrieved from /opt/airflow/dags/airflow.py
[2026-08-12T00:53:34.659+0000] {processor.py:179} INFO - Processing /opt/airflow/dags/airflow.py took 0.077 seconds
[2026-08-12T00:54:04.912+0000] {processor.py:157} INFO - Started process (PID=5930) to work on /opt/airflow/dags/airflow.py
[2026-08-12T00:54:04.913+0000] {processor.py:829} INFO - Processing file /opt/airflow/dags/airflow.py for tasks to queue
[2026-08-12T00:54:04.918+0000] {logging_mixin.py:151} INFO - [2026-08-12T00:54:04.917+0000] {dagbag.py:536} INFO - Filling up the DagBag from /opt/airflow/dags/airflow.py
[2026-08-12T00:54:05.019+0000] {logging_mixin.py:151} INFO - [2026-08-12T00:54:05.018+0000] {dagbag.py:346} ERROR - Failed to import: /opt/airflow/dags/airflow.py
Traceback (most recent call last):
  File "/home/airflow/.local/lib/python3.8/site-packages/airflow/models/dagbag.py", line 342, in parse
    loader.exec_module(new_module)
  File "<frozen importlib._bootstrap_external>", line 843, in exec_module
  File "<frozen importlib._bootstrap>", line 219, in _call_with_frames_removed
  File "/opt/airflow/dags/airflow.py", line 23, in <module>
    from data_preprocessing_scripts.preprocessing import preprocess_data
ModuleNotFoundError: No module named 'data_preprocessing_scripts'
[2026-08-12T00:54:05.019+0000] {processor.py:841} WARNING - No viable dags retrieved from /opt/airflow/dags/airflow.py
[2026-08-12T00:54:05.033+0000] {processor.py:179} INFO - Processing /opt/airflow/dags/airflow.py took 0.130 seconds
[2026-08-12T00:54:35.217+0000] {processor.py:157} INFO - Started process (PID=5938) to work on /opt/airflow/dags/airflow.py
[2026-08-12T00:54:35.218+0000] {processor.py:829} INFO - Processing file /opt/airflow/dags/airflow.py for tasks to queue
[2026-08-12T00:54:35.219+0000] {logging_mixin.py:151} INFO - [2026-08-12T00:54:35.219+0000] {dagbag.py:536} INFO - Filling up the DagBag from /opt/airflow/dags/airflow.py
[2026-08-12T00:54:35.272+0000] {logging_mixin.py:151} INFO - [2026-08-12T00:54:35.272+0000] {dagbag.py:346} ERROR - Failed to import: /opt/airflow/dags/airflow.py
Traceback (most recent call last):
  File "/home/airflow/.local/lib/python3.8/site-packages/airflow/models/dagbag.py", line 342, in parse
    loader.exec_module(new_module)
  File "<frozen importlib._bootstrap_external>", line 843, in exec_module
  File "<frozen importlib._bootstrap>", line 219, in _call_with_frames_removed
  File "/opt/airflow/dags/airflow.py", line 23, in <module>
    from data_preprocessing_scripts.preprocessing import preprocess_data
ModuleNotFoundError: No module named 'data_preprocessing_scripts'
[2026-08-12T00:54:35.272+0000] {processor.py:841} WARNING - No viable dags retrieved from /opt/airflow/dags/airflow.py
[2026-08-12T00:54:35.281+0000] {processor.py:179} INFO - Processing /opt/airflow/dags/airflow.py took 0.065 seconds
[2026-08-12T00:55:05.555+0000] {processor.py:157} INFO - Started process (PID=5947) to work on /opt/airflow/dags/airflow.py
[2026-08-12T00:55:05.556+0000] {processor.py:829} INFO - Processing file /opt/airflow/dags/airflow.py for tasks to queue
[2026-08-12T00:55:05.558+0000] {logging_mixin.py:151} INFO - [2026-08-12T00:55:05.558+0000] {dagbag.py:536} INFO - Filling up the DagBag from /opt/airflow/dags/airflow.py
[2026-08-12T00:55:05.625+0000] {logging_mixin.py:151} INFO - [2026-08-12T00:55:05.624+0000] {dagbag.py:346} ERROR - Failed to import: /opt/airflow/dags/airflow.py
Traceback (most recent call last):
  File "/home/airflow/.local/lib/python3.8/site-packages/airflow/models/dagbag.py", line 342, in parse
    loader.exec_module(new_module)
  File "<frozen importlib._bootstrap_external>", line 843, in exec_module
  File "<frozen importlib._bootstrap>", line 219, in _call_with_frames_removed
  File "/opt/airflow/dags/airflow.py", line 23, in <module>
    from data_preprocessing_scripts.preprocessing import preprocess_data
ModuleNotFoundError: No module named 'data_preprocessing_scripts'
[2026-08-12T00:55:05.625+0000] {processor.py:841} WARNING - No viable dags retrieved from /opt/airflow/dags/airflow.py
[2026-08-12T00:55:05.635+0000] {processor.py:179} INFO - Processing /opt/airflow/dags/airflow.py took 0.082 seconds
[2026-08-12T00:55:35.884+0000] {processor.py:157} INFO - Started process (PID=5955) to work on /opt/airflow/dags/airflow.py
[2026-08-12T00:55:35.885+0000] {processor.py:829} INFO - Processing file /opt/airflow/dags/airflow.py for tasks to queue
[2026-08-12T00:55:35.886+0000] {logging_mixin.py:151} INFO - [2026-08-12T00:55:35.886+0000] {dagbag.py:536} INFO - Filling up the DagBag from /opt/airflow/dags/airflow.py
[2026-08-12T00:55:35.947+0000] {logging_mixin.py:151} INFO - [2026-08-12T00:55:35.946+0000] {dagbag.py:346} ERROR - Failed to import: /opt/airflow/dags/airflow.py
Traceback (most recent call last):
  File "/home/airflow/.local/lib/python3.8/site-packages/airflow/models/dagbag.py", line 342, in parse
    loader.exec_module(new_module)
  File "<frozen importlib._bootstrap_external>", line 843, in exec_module
  File "<frozen importlib._bootstrap>", line 219, in _call_with_frames_removed
  File "/opt/airflow/dags/airflow.py", line 23, in <module>
    from data_preprocessing_scripts.preprocessing import preprocess_data
ModuleNotFoundError: No module named 'data_preprocessing_scripts'
[2026-08-12T00:55:35.947+0000] {processor.py:841} WARNING - No viable dags retrieved from /opt/airflow/dags/airflow.py
[2026-08-12T00:55:35.959+0000] {processor.py:179} INFO - Processing /opt/airflow/dags/airflow.py took 0.078 seconds
[2026-08-12T00:56:06.173+0000] {processor.py:157} INFO - Started process (PID=5963) to work on /opt/airflow/dags/airflow.py
[2026-08-12T00:56:06.174+0000] {processor.py:829} INFO - Processing file /opt/airflow/dags/airflow.py for tasks to queue
[2026-08-12T00:56:06.178+0000] {logging_mixin.py:151} INFO - [2026-08-12T00:56:06.178+0000] {dagbag.py:536} INFO - Filling up the DagBag from /opt/airflow/dags/airflow.py
[2026-08-12T00:56:06.249+0000] {logging_mixin.py:151} INFO - [2026-08-12T00:56:06.248+0000] {dagbag.py:346} ERROR - Failed to import: /opt/airflow/dags/airflow.py
Traceback (most recent call last):
  File "/home/airflow/.local/lib/python3.8/site-packages/airflow/models/dagbag.py", line 342, in parse
    loader.exec_module(new_module)
  File "<frozen importlib._bootstrap_external>", line 843, in exec_module
  File "<frozen importlib._bootstrap>", line 219, in _call_with_frames_removed
  File "/opt/airflow/dags/airflow.py", line 23, in <module>
    from data_preprocessing_scripts.preprocessing import preprocess_data
ModuleNotFoundError: No module named 'data_preprocessing_scripts'
[2026-08-12T00:56:06.249+0000] {processor.py:841} WARNING - No viable dags retrieved from /opt/airflow/dags/airflow.py
[2026-08-12T00:56:06.257+0000] {processor.py:179} INFO - Processing /opt/airflow/dags/airflow.py took 0.089 seconds
[2026-08-12T00:56:36.419+0000] {processor.py:157} INFO - Started process (PID=5971) to work on /opt/airflow/dags/airflow.py
[2026-08-12T00:56:36.420+0000] {processor.py:829} INFO - Processing file /opt/airflow/dags/airflow.py for tasks to queue
[2026-08-12T00:56:36.423+0000] {logging_mixin.py:151} INFO - [2026-08-12T00:56:36.422+0000] {dagbag.py:536} INFO - Filling up the DagBag from /opt/airflow/dags/airflow.py
[2026-08-12T00:56:36.487+0000] {logging_mixin.py:151} INFO - [2026-08-12T00:56:36.486+0000] {dagbag.py:346} ERROR - Failed to import: /opt/airflow/dags/airflow.py
Traceback (most recent call last):
  File "/home/airflow/.local/lib/python3.8/site-packages/airflow/models/dagbag.py", line 342, in parse
    loader.exec_module(new_module)
  File "<frozen importlib._bootstrap_external>", line 843, in exec_module
  File "<frozen importlib._bootstrap>", line 219, in _call_with_frames_removed
  File "/opt/airflow/dags/airflow.py", line 23, in <module>
    from data_preprocessing_scripts.preprocessing import preprocess_data
ModuleNotFoundError: No module named 'data_preprocessing_scripts'
[2026-08-12T00:56:36.487+0000] {processor.py:841} WARNING - No viable dags retrieved from /opt/airflow/dags/airflow.py
[2026-08-12T00:56:36.496+0000] {processor.py:179} INFO - Processing /opt/airflow/dags/airflow.py took 0.081 seconds
[2026-08-12T00:57:06.727+0000] {processor.py:157} INFO - Started process (PID=5979) to work on /opt/airflow/dags/airflow.py
[2026-08-12T00:57:06.729+0000] {processor.py:829} INFO - Processing file /opt/airflow/dags/airflow.py for tasks to queue
[2026-08-12T00:57:06.732+0000] {logging_mixin.py:151} INFO - [2026-08-12T00:57:06.731+0000] {dagbag.py:536} INFO - Filling up the DagBag from /opt/airflow/dags/airflow.py
[2026-08-12T00:57:06.819+0000] {logging_mixin.py:151} INFO - [2026-08-12T00:57:06.818+0000] {dagbag.py:346} ERROR - Failed to import: /opt/airflow/dags/airflow.py
Traceback (most recent call last):
  File "/home/airflow/.local/lib/python3.8/site-packages/airflow/models/dagbag.py", line 342, in parse
    loader.exec_module(new_module)
  File "<frozen importlib._bootstrap_external>", line 843, in exec_module
  File "<frozen importlib._bootstrap>", line 219, in _call_with_frames_removed
  File "/opt/airflow/dags/airflow.py", line 23, in <module>
    from data_preprocessing_scripts.preprocessing import preprocess_data
ModuleNotFoundError: No module named 'data_preprocessing_scripts'
[2026-08-12T00:57:06.820+0000] {processor.py:841} WARNING - No viable dags retrieved from /opt/airflow/dags/airflow.py
[2026-08-12T00:57:06.837+0000] {processor.py:179} INFO - Processing /opt/airflow/dags/airflow.py took 0.114 seconds
[2026-08-12T00:57:37.007+0000] {processor.py:157} INFO - Started process (PID=5987) to work on /opt/airflow/dags/airflow.py
[2026-08-12T00:57:37.007+0000] {processor.py:829} INFO - Processing file /opt/airflow/dags/airflow.py for tasks to queue
[2026-08-12T00:57:37.008+0000] {logging_mixin.py:151} INFO - [2026-08-12T00:57:37.008+0000] {dagbag.py:536} INFO - Filling up the DagBag from /opt/airflow/dags/airflow.py
[2026-08-12T00:57:37.068+0000] {logging_mixin.py:151} INFO - [2026-08-12T00:57:37.067+0000] {dagbag.py:346} ERROR - Failed to import: /opt/airflow/dags/airflow.py
Traceback (most recent call last):
  File "/home/airflow/.local/lib/python3.8/site-packages/airflow/models/dagbag.py", line 342, in parse
    loader.exec_module(new_module)
  File "<frozen importlib._bootstrap_external>", line 843, in exec_module
  File "<frozen importlib._bootstrap>", line 219, in _call_with_frames_removed
  File "/opt/airflow/dags/airflow.py", line 23, in <module>
    from data_preprocessing_scripts.preprocessing import preprocess_data
ModuleNotFoundError: No module named 'data_preprocessing_scripts'
[2026-08-12T00:57:37.068+0000] {processor.py:841} WARNING - No viable dags retrieved from /opt/airflow/dags/airflow.py
[2026-08-12T00:57:37.077+0000] {processor.py:179} INFO - Processing /opt/airflow/dags/airflow.py took 0.072 seconds
[2026-08-12T00:58:07.322+0000] {processor.py:157} INFO - Started process (PID=5995) to work on /opt/airflow/dags/airflow.py
[2026-08-12T00:58:07.323+0000] {processor.py:829} INFO - Processing file /opt/airflow/dags/airflow.py for tasks to queue
[2026-08-12T00:58:07.325+0000] {logging_mixin.py:151} INFO - [2026-08-12T00:58:07.325+0000] {dagbag.py:536} INFO - Filling up the DagBag from /opt/airflow/dags/airflow.py
[2026-08-12T00:58:07.410+0000] {logging_mixin.py:151} INFO - [2026-08-12T00:58:07.409+0000] {dagbag.py:346} ERROR - Failed to import: /opt/airflow/dags/airflow.py
Traceback (most recent call last):
  File "/home/airflow/.local/lib/python3.8/site-packages/airflow/models/dagbag.py", line 342, in parse
    loader.exec_module(new_module)
  File "<frozen importlib._bootstrap_external>", line 843, in exec_module
  File "<frozen importlib._bootstrap>", line 219, in _call_with_frames_removed
  File "/opt/airflow/dags/airflow.py", line 23, in <module>
    from data_preprocessing_scripts.preprocessing import preprocess_data
ModuleNotFoundError: No module named 'data_preprocessing_scripts'
[2026-08-12T00:58:07.411+0000] {processor.py:841} WARNING - No viable dags retrieved from /opt/airflow/dags/airflow.py
[2026-08-12T00:58:07.425+0000] {processor.py:179} INFO - Processing /opt/airflow/dags/airflow.py took 0.107 seconds
[2026-08-12T00:58:37.669+0000] {processor.py:157} INFO - Started process (PID=6003) to work on /opt/airflow/dags/airflow.py
[2026-08-12T00:58:37.669+0000] {processor.py:829} INFO - Processing file /opt/airflow/dags/airflow.py for tasks to queue
[2026-08-12T00:58:37.671+0000] {logging_mixin.py:151} INFO - [2026-08-12T00:58:37.671+0000] {dagbag.py:536} INFO - Filling up the DagBag from /opt/airflow/dags/airflow.py
[2026-08-12T00:58:37.725+0000] {logging_mixin.py:151} INFO - [2026-08-12T00:58:37.724+0000] {dagbag.py:346} ERROR - Failed to import: /opt/airflow/dags/airflow.py
Traceback (most recent call last):
  File "/home/airflow/.local/lib/python3.8/site-packages/airflow/models/dagbag.py", line 342, in parse
    loader.exec_module(new_module)
  File "<frozen importlib._bootstrap_external>", line 843, in exec_module
  File "<frozen importlib._bootstrap>", line 219, in _call_with_frames_removed
  File "/opt/airflow/dags/airflow.py", line 23, in <module>
    from data_preprocessing_scripts.preprocessing import preprocess_data
ModuleNotFoundError: No module named 'data_preprocessing_scripts'
[2026-08-12T00:58:37.725+0000] {processor.py:841} WARNING - No viable dags retrieved from /opt/airflow/dags/airflow.py
[2026-08-12T00:58:37.735+0000] {processor.py:179} INFO - Processing /opt/airflow/dags/airflow.py took 0.069 seconds
[2026-08-12T00:59:08.021+0000] {processor.py:157} INFO - Started process (PID=6011) to work on /opt/airflow/dags/airflow.py
[2026-08-12T00:59:08.022+0000] {processor.py:829} INFO - Processing file /opt/airflow/dags/airflow.py for tasks to queue
[2026-08-12T00:59:08.025+0000] {logging_mixin.py:151} INFO - [2026-08-12T00:59:08.024+0000] {dagbag.py:536} INFO - Filling up the DagBag from /opt/airflow/dags/airflow.py
[2026-08-12T00:59:08.104+0000] {logging_mixin.py:151} INFO - [2026-08-12T00:59:08.104+0000] {dagbag.py:346} ERROR - Failed to import: /opt/airflow/dags/airflow.py
Traceback (most recent call last):
  File "/home/airflow/.local/lib/python3.8/site-packages/airflow/models/dagbag.py", line 342, in parse
    loader.exec_module(new_module)
  File "<frozen importlib._bootstrap_external>", line 843, in exec_module
  File "<frozen importlib._bootstrap>", line 219, in _call_with_frames_removed
  File "/opt/airflow/dags/airflow.py", line 23, in <module>
    from data_preprocessing_scripts.preprocessing import preprocess_data
ModuleNotFoundError: No module named 'data_preprocessing_scripts'
[2026-08-12T00:59:08.105+0000] {processor.py:841} WARNING - No viable dags retrieved from /opt/airflow/dags/airflow.py
[2026-08-12T00:59:08.116+0000] {processor.py:179} INFO - Processing /opt/airflow/dags/airflow.py took 0.100 seconds
[2026-08-12T00:59:38.361+0000] {processor.py:157} INFO - Started process (PID=6019) to work on /opt/airflow/dags/airflow.py
[2026-08-12T00:59:38.362+0000] {processor.py:829} INFO - Processing file /opt/airflow/dags/airflow.py for tasks to queue
[2026-08-12T00:59:38.364+0000] {logging_mixin.py:151} INFO - [2026-08-12T00:59:38.364+0000] {dagbag.py:536} INFO - Filling up the DagBag from /opt/airflow/dags/airflow.py
[2026-08-12T00:59:38.436+0000] {logging_mixin.py:151} INFO - [2026-08-12T00:59:38.435+0000] {dagbag.py:346} ERROR - Failed to import: /opt/airflow/dags/airflow.py
Traceback (most recent call last):
  File "/home/airflow/.local/lib/python3.8/site-packages/airflow/models/dagbag.py", line 342, in parse
    loader.exec_module(new_module)
  File "<frozen importlib._bootstrap_external>", line 843, in exec_module
  File "<frozen importlib._bootstrap>", line 219, in _call_with_frames_removed
  File "/opt/airflow/dags/airflow.py", line 23, in <module>
    from data_preprocessing_scripts.preprocessing import preprocess_data
ModuleNotFoundError: No module named 'data_preprocessing_scripts'
[2026-08-12T00:59:38.436+0000] {processor.py:841} WARNING - No viable dags retrieved from /opt/airflow/dags/airflow.py
[2026-08-12T00:59:38.445+0000] {processor.py:179} INFO - Processing /opt/airflow/dags/airflow.py took 0.089 seconds
[2026-08-12T01:00:08.696+0000] {processor.py:157} INFO - Started process (PID=6027) to work on /opt/airflow/dags/airflow.py
[2026-08-12T01:00:08.697+0000] {processor.py:829} INFO - Processing file /opt/airflow/dags/airflow.py for tasks to queue
[2026-08-12T01:00:08.701+0000] {logging_mixin.py:151} INFO - [2026-08-12T01:00:08.700+0000] {dagbag.py:536} INFO - Filling up the DagBag from /opt/airflow/dags/airflow.py
[2026-08-12T01:00:08.788+0000] {logging_mixin.py:151} INFO - [2026-08-12T01:00:08.787+0000] {dagbag.py:346} ERROR - Failed to import: /opt/airflow/dags/airflow.py
Traceback (most recent call last):
  File "/home/airflow/.local/lib/python3.8/site-packages/airflow/models/dagbag.py", line 342, in parse
    loader.exec_module(new_module)
  File "<frozen importlib._bootstrap_external>", line 843, in exec_module
  File "<frozen importlib._bootstrap>", line 219, in _call_with_frames_removed
  File "/opt/airflow/dags/airflow.py", line 23, in <module>
    from data_preprocessing_scripts.preprocessing import preprocess_data
ModuleNotFoundError: No module named 'data_preprocessing_scripts'
[2026-08-12T01:00:08.789+0000] {processor.py:841} WARNING - No viable dags retrieved from /opt/airflow/dags/airflow.py
[2026-08-12T01:00:08.800+0000] {processor.py:179} INFO - Processing /opt/airflow/dags/airflow.py took 0.109 seconds
[2026-08-12T01:00:39.017+0000] {processor.py:157} INFO - Started process (PID=6035) to work on /opt/airflow/dags/airflow.py
[2026-08-12T01:00:39.018+0000] {processor.py:829} INFO - Processing file /opt/airflow/dags/airflow.py for tasks to queue
[2026-08-12T01:00:39.019+0000] {logging_mixin.py:151} INFO - [2026-08-12T01:00:39.018+0000] {dagbag.py:536} INFO - Filling up the DagBag from /opt/airflow/dags/airflow.py
[2026-08-12T01:00:39.074+0000] {logging_mixin.py:151} INFO - [2026-08-12T01:00:39.073+0000] {dagbag.py:346} ERROR - Failed to import: /opt/airflow/dags/airflow.py
Traceback (most recent call last):
  File "/home/airflow/.local/lib/python3.8/site-packages/airflow/models/dagbag.py", line 342, in parse
    loader.exec_module(new_module)
  File "<frozen importlib._bootstrap_external>", line 843, in exec_module
  File "<frozen importlib._bootstrap>", line 219, in _call_with_frames_removed
  File "/opt/airflow/dags/airflow.py", line 23, in <module>
    from data_preprocessing_scripts.preprocessing import preprocess_data
ModuleNotFoundError: No module named 'data_preprocessing_scripts'
[2026-08-12T01:00:39.074+0000] {processor.py:841} WARNING - No viable dags retrieved from /opt/airflow/dags/airflow.py
[2026-08-12T01:00:39.083+0000] {processor.py:179} INFO - Processing /opt/airflow/dags/airflow.py took 0.068 seconds
[2026-08-12T01:01:09.335+0000] {processor.py:157} INFO - Started process (PID=6042) to work on /opt/airflow/dags/airflow.py
[2026-08-12T01:01:09.337+0000] {processor.py:829} INFO - Processing file /opt/airflow/dags/airflow.py for tasks to queue
[2026-08-12T01:01:09.341+0000] {logging_mixin.py:151} INFO - [2026-08-12T01:01:09.341+0000] {dagbag.py:536} INFO - Filling up the DagBag from /opt/airflow/dags/airflow.py
[2026-08-12T01:01:09.423+0000] {logging_mixin.py:151} INFO - [2026-08-12T01:01:09.422+0000] {dagbag.py:346} ERROR - Failed to import: /opt/airflow/dags/airflow.py
Traceback (most recent call last):
  File "/home/airflow/.local/lib/python3.8/site-packages/airflow/models/dagbag.py", line 342, in parse
    loader.exec_module(new_module)
  File "<frozen importlib._bootstrap_external>", line 843, in exec_module
  File "<frozen importlib._bootstrap>", line 219, in _call_with_frames_removed
  File "/opt/airflow/dags/airflow.py", line 23, in <module>
    from data_preprocessing_scripts.preprocessing import preprocess_data
ModuleNotFoundError: No module named 'data_preprocessing_scripts'
[2026-08-12T01:01:09.423+0000] {processor.py:841} WARNING - No viable dags retrieved from /opt/airflow/dags/airflow.py
[2026-08-12T01:01:09.433+0000] {processor.py:179} INFO - Processing /opt/airflow/dags/airflow.py took 0.103 seconds
[2026-08-12T01:01:39.648+0000] {processor.py:157} INFO - Started process (PID=6050) to work on /opt/airflow/dags/airflow.py
[2026-08-12T01:01:39.649+0000] {processor.py:829} INFO - Processing file /opt/airflow/dags/airflow.py for tasks to queue
[2026-08-12T01:01:39.651+0000] {logging_mixin.py:151} INFO - [2026-08-12T01:01:39.650+0000] {dagbag.py:536} INFO - Filling up the DagBag from /opt/airflow/dags/airflow.py
[2026-08-12T01:01:39.715+0000] {logging_mixin.py:151} INFO - [2026-08-12T01:01:39.714+0000] {dagbag.py:346} ERROR - Failed to import: /opt/airflow/dags/airflow.py
Traceback (most recent call last):
  File "/home/airflow/.local/lib/python3.8/site-packages/airflow/models/dagbag.py", line 342, in parse
    loader.exec_module(new_module)
  File "<frozen importlib._bootstrap_external>", line 843, in exec_module
  File "<frozen importlib._bootstrap>", line 219, in _call_with_frames_removed
  File "/opt/airflow/dags/airflow.py", line 23, in <module>
    from data_preprocessing_scripts.preprocessing import preprocess_data
ModuleNotFoundError: No module named 'data_preprocessing_scripts'
[2026-08-12T01:01:39.715+0000] {processor.py:841} WARNING - No viable dags retrieved from /opt/airflow/dags/airflow.py
[2026-08-12T01:01:39.725+0000] {processor.py:179} INFO - Processing /opt/airflow/dags/airflow.py took 0.081 seconds
[2026-08-12T01:02:09.894+0000] {processor.py:157} INFO - Started process (PID=6058) to work on /opt/airflow/dags/airflow.py
[2026-08-12T01:02:09.894+0000] {processor.py:829} INFO - Processing file /opt/airflow/dags/airflow.py for tasks to queue
[2026-08-12T01:02:09.896+0000] {logging_mixin.py:151} INFO - [2026-08-12T01:02:09.896+0000] {dagbag.py:536} INFO - Filling up the DagBag from /opt/airflow/dags/airflow.py
[2026-08-12T01:02:09.952+0000] {logging_mixin.py:151} INFO - [2026-08-12T01:02:09.951+0000] {dagbag.py:346} ERROR - Failed to import: /opt/airflow/dags/airflow.py
Traceback (most recent call last):
  File "/home/airflow/.local/lib/python3.8/site-packages/airflow/models/dagbag.py", line 342, in parse
    loader.exec_module(new_module)
  File "<frozen importlib._bootstrap_external>", line 843, in exec_module
  File "<frozen importlib._bootstrap>", line 219, in _call_with_frames_removed
  File "/opt/airflow/dags/airflow.py", line 23, in <module>
    from data_preprocessing_scripts.preprocessing import preprocess_data
ModuleNotFoundError: No module named 'data_preprocessing_scripts'
[2026-08-12T01:02:09.953+0000] {processor.py:841} WARNING - No viable dags retrieved from /opt/airflow/dags/airflow.py
[2026-08-12T01:02:09.962+0000] {processor.py:179} INFO - Processing /opt/airflow/dags/airflow.py took 0.071 seconds
[2026-08-12T01:02:40.216+0000] {processor.py:157} INFO - Started process (PID=6066) to work on /opt/airflow/dags/airflow.py
[2026-08-12T01:02:40.217+0000] {processor.py:829} INFO - Processing file /opt/airflow/dags/airflow.py for tasks to queue
[2026-08-12T01:02:40.218+0000] {logging_mixin.py:151} INFO - [2026-08-12T01:02:40.218+0000] {dagbag.py:536} INFO - Filling up the DagBag from /opt/airflow/dags/airflow.py
[2026-08-12T01:02:40.289+0000] {logging_mixin.py:151} INFO - [2026-08-12T01:02:40.288+0000] {dagbag.py:346} ERROR - Failed to import: /opt/airflow/dags/airflow.py
Traceback (most recent call last):
  File "/home/airflow/.local/lib/python3.8/site-packages/airflow/models/dagbag.py", line 342, in parse
    loader.exec_module(new_module)
  File "<frozen importlib._bootstrap_external>", line 843, in exec_module
  File "<frozen importlib._bootstrap>", line 219, in _call_with_frames_removed
  File "/opt/airflow/dags/airflow.py", line 23, in <module>
    from data_preprocessing_scripts.preprocessing import preprocess_data
ModuleNotFoundError: No module named 'data_preprocessing_scripts'
[2026-08-12T01:02:40.289+0000] {processor.py:841} WARNING - No viable dags retrieved from /opt/airflow/dags/airflow.py
[2026-08-12T01:02:40.298+0000] {processor.py:179} INFO - Processing /opt/airflow/dags/airflow.py took 0.086 seconds
[2026-08-12T01:03:10.527+0000] {processor.py:157} INFO - Started process (PID=6074) to work on /opt/airflow/dags/airflow.py
[2026-08-12T01:03:10.529+0000] {processor.py:829} INFO - Processing file /opt/airflow/dags/airflow.py for tasks to queue
[2026-08-12T01:03:10.533+0000] {logging_mixin.py:151} INFO - [2026-08-12T01:03:10.532+0000] {dagbag.py:536} INFO - Filling up the DagBag from /opt/airflow/dags/airflow.py
[2026-08-12T01:03:10.617+0000] {logging_mixin.py:151} INFO - [2026-08-12T01:03:10.617+0000] {dagbag.py:346} ERROR - Failed to import: /opt/airflow/dags/airflow.py
Traceback (most recent call last):
  File "/home/airflow/.local/lib/python3.8/site-packages/airflow/models/dagbag.py", line 342, in parse
    loader.exec_module(new_module)
  File "<frozen importlib._bootstrap_external>", line 843, in exec_module
  File "<frozen importlib._bootstrap>", line 219, in _call_with_frames_removed
  File "/opt/airflow/dags/airflow.py", line 23, in <module>
    from data_preprocessing_scripts.preprocessing import preprocess_data
ModuleNotFoundError: No module named 'data_preprocessing_scripts'
[2026-08-12T01:03:10.618+0000] {processor.py:841} WARNING - No viable dags retrieved from /opt/airflow/dags/airflow.py
[2026-08-12T01:03:10.629+0000] {processor.py:179} INFO - Processing /opt/airflow/dags/airflow.py took 0.107 seconds
[2026-08-12T01:03:40.884+0000] {processor.py:157} INFO - Started process (PID=6082) to work on /opt/airflow/dags/airflow.py
[2026-08-12T01:03:40.885+0000] {processor.py:829} INFO - Processing file /opt/airflow/dags/airflow.py for tasks to queue
[2026-08-12T01:03:40.887+0000] {logging_mixin.py:151} INFO - [2026-08-12T01:03:40.887+0000] {dagbag.py:536} INFO - Filling up the DagBag from /opt/airflow/dags/airflow.py
[2026-08-12T01:03:40.947+0000] {logging_mixin.py:151} INFO - [2026-08-12T01:03:40.946+0000] {dagbag.py:346} ERROR - Failed to import: /opt/airflow/dags/airflow.py
Traceback (most recent call last):
  File "/home/airflow/.local/lib/python3.8/site-packages/airflow/models/dagbag.py", line 342, in parse
    loader.exec_module(new_module)
  File "<frozen importlib._bootstrap_external>", line 843, in exec_module
  File "<frozen importlib._bootstrap>", line 219, in _call_with_frames_removed
  File "/opt/airflow/dags/airflow.py", line 23, in <module>
    from data_preprocessing_scripts.preprocessing import preprocess_data
ModuleNotFoundError: No module named 'data_preprocessing_scripts'
[2026-08-12T01:03:40.947+0000] {processor.py:841} WARNING - No viable dags retrieved from /opt/airflow/dags/airflow.py
[2026-08-12T01:03:40.956+0000] {processor.py:179} INFO - Processing /opt/airflow/dags/airflow.py took 0.077 seconds
[2026-08-12T01:04:11.228+0000] {processor.py:157} INFO - Started process (PID=6090) to work on /opt/airflow/dags/airflow.py
[2026-08-12T01:04:11.229+0000] {processor.py:829} INFO - Processing file /opt/airflow/dags/airflow.py for tasks to queue
[2026-08-12T01:04:11.231+0000] {logging_mixin.py:151} INFO - [2026-08-12T01:04:11.231+0000] {dagbag.py:536} INFO - Filling up the DagBag from /opt/airflow/dags/airflow.py
[2026-08-12T01:04:11.309+0000] {logging_mixin.py:151} INFO - [2026-08-12T01:04:11.308+0000] {dagbag.py:346} ERROR - Failed to import: /opt/airflow/dags/airflow.py
Traceback (most recent call last):
  File "/home/airflow/.local/lib/python3.8/site-packages/airflow/models/dagbag.py", line 342, in parse
    loader.exec_module(new_module)
  File "<frozen importlib._bootstrap_external>", line 843, in exec_module
  File "<frozen importlib._bootstrap>", line 219, in _call_with_frames_removed
  File "/opt/airflow/dags/airflow.py", line 23, in <module>
    from data_preprocessing_scripts.preprocessing import preprocess_data
ModuleNotFoundError: No module named 'data_preprocessing_scripts'
[2026-08-12T01:04:11.309+0000] {processor.py:841} WARNING - No viable dags retrieved from /opt/airflow/dags/airflow.py
[2026-08-12T01:04:11.318+0000] {processor.py:179} INFO - Processing /opt/airflow/dags/airflow.py took 0.094 seconds
[2026-08-12T01:04:41.538+0000] {processor.py:157} INFO - Started process (PID=6098) to work on /opt/airflow/dags/airflow.py
[2026-08-12T01:04:41.539+0000] {processor.py:829} INFO - Processing file /opt/airflow/dags/airflow.py for tasks to queue
[2026-08-12T01:04:41.542+0000] {logging_mixin.py:151} INFO - [2026-08-12T01:04:41.542+0000] {dagbag.py:536} INFO - Filling up the DagBag from /opt/airflow/dags/airflow.py
[2026-08-12T01:04:41.607+0000] {logging_mixin.py:151} INFO - [2026-08-12T01:04:41.607+0000] {dagbag.py:346} ERROR - Failed to import: /opt/airflow/dags/airflow.py
Traceback (most recent call last):
  File "/home/airflow/.local/lib/python3.8/site-packages/airflow/models/dagbag.py", line 342, in parse
    loader.exec_module(new_module)
  File "<frozen importlib._bootstrap_external>", line 843, in exec_module
  File "<frozen importlib._bootstrap>", line 219, in _call_with_frames_removed
  File "/opt/airflow/dags/airflow.py", line 23, in <module>
    from data_preprocessing_scripts.preprocessing import preprocess_data
ModuleNotFoundError: No module named 'data_preprocessing_scripts'
[2026-08-12T01:04:41.608+0000] {processor.py:841} WARNING - No viable dags retrieved from /opt/airflow/dags/airflow.py
[2026-08-12T01:04:41.617+0000] {processor.py:179} INFO - Processing /opt/airflow/dags/airflow.py took 0.084 seconds
[2026-08-12T01:05:11.845+0000] {processor.py:157} INFO - Started process (PID=6106) to work on /opt/airflow/dags/airflow.py
[2026-08-12T01:05:11.846+0000] {processor.py:829} INFO - Processing file /opt/airflow/dags/airflow.py for tasks to queue
[2026-08-12T01:05:11.848+0000] {logging_mixin.py:151} INFO - [2026-08-12T01:05:11.848+0000] {dagbag.py:536} INFO - Filling up the DagBag from /opt/airflow/dags/airflow.py
[2026-08-12T01:05:11.906+0000] {logging_mixin.py:151} INFO - [2026-08-12T01:05:11.905+0000] {dagbag.py:346} ERROR - Failed to import: /opt/airflow/dags/airflow.py
Traceback (most recent call last):
  File "/home/airflow/.local/lib/python3.8/site-packages/airflow/models/dagbag.py", line 342, in parse
    loader.exec_module(new_module)
  File "<frozen importlib._bootstrap_external>", line 843, in exec_module
  File "<frozen importlib._bootstrap>", line 219, in _call_with_frames_removed
  File "/opt/airflow/dags/airflow.py", line 23, in <module>
    from data_preprocessing_scripts.preprocessing import preprocess_data
ModuleNotFoundError: No module named 'data_preprocessing_scripts'
[2026-08-12T01:05:11.906+0000] {processor.py:841} WARNING - No viable dags retrieved from /opt/airflow/dags/airflow.py
[2026-08-12T01:05:11.918+0000] {processor.py:179} INFO - Processing /opt/airflow/dags/airflow.py took 0.076 seconds
[2026-08-12T01:05:42.182+0000] {processor.py:157} INFO - Started process (PID=6114) to work on /opt/airflow/dags/airflow.py
[2026-08-12T01:05:42.183+0000] {processor.py:829} INFO - Processing file /opt/airflow/dags/airflow.py for tasks to queue
[2026-08-12T01:05:42.187+0000] {logging_mixin.py:151} INFO - [2026-08-12T01:05:42.187+0000] {dagbag.py:536} INFO - Filling up the DagBag from /opt/airflow/dags/airflow.py
[2026-08-12T01:05:42.247+0000] {logging_mixin.py:151} INFO - [2026-08-12T01:05:42.246+0000] {dagbag.py:346} ERROR - Failed to import: /opt/airflow/dags/airflow.py
Traceback (most recent call last):
  File "/home/airflow/.local/lib/python3.8/site-packages/airflow/models/dagbag.py", line 342, in parse
    loader.exec_module(new_module)
  File "<frozen importlib._bootstrap_external>", line 843, in exec_module
  File "<frozen importlib._bootstrap>", line 219, in _call_with_frames_removed
  File "/opt/airflow/dags/airflow.py", line 23, in <module>
    from data_preprocessing_scripts.preprocessing import preprocess_data
ModuleNotFoundError: No module named 'data_preprocessing_scripts'
[2026-08-12T01:05:42.248+0000] {processor.py:841} WARNING - No viable dags retrieved from /opt/airflow/dags/airflow.py
[2026-08-12T01:05:42.259+0000] {processor.py:179} INFO - Processing /opt/airflow/dags/airflow.py took 0.083 seconds
[2026-08-12T01:06:12.420+0000] {processor.py:157} INFO - Started process (PID=6122) to work on /opt/airflow/dags/airflow.py
[2026-08-12T01:06:12.424+0000] {processor.py:829} INFO - Processing file /opt/airflow/dags/airflow.py for tasks to queue
[2026-08-12T01:06:12.428+0000] {logging_mixin.py:151} INFO - [2026-08-12T01:06:12.428+0000] {dagbag.py:536} INFO - Filling up the DagBag from /opt/airflow/dags/airflow.py
[2026-08-12T01:06:12.503+0000] {logging_mixin.py:151} INFO - [2026-08-12T01:06:12.502+0000] {dagbag.py:346} ERROR - Failed to import: /opt/airflow/dags/airflow.py
Traceback (most recent call last):
  File "/home/airflow/.local/lib/python3.8/site-packages/airflow/models/dagbag.py", line 342, in parse
    loader.exec_module(new_module)
  File "<frozen importlib._bootstrap_external>", line 843, in exec_module
  File "<frozen importlib._bootstrap>", line 219, in _call_with_frames_removed
  File "/opt/airflow/dags/airflow.py", line 23, in <module>
    from data_preprocessing_scripts.preprocessing import preprocess_data
ModuleNotFoundError: No module named 'data_preprocessing_scripts'
[2026-08-12T01:06:12.503+0000] {processor.py:841} WARNING - No viable dags retrieved from /opt/airflow/dags/airflow.py
[2026-08-12T01:06:12.513+0000] {processor.py:179} INFO - Processing /opt/airflow/dags/airflow.py took 0.096 seconds
[2026-08-12T01:06:42.729+0000] {processor.py:157} INFO - Started process (PID=6130) to work on /opt/airflow/dags/airflow.py
[2026-08-12T01:06:42.730+0000] {processor.py:829} INFO - Processing file /opt/airflow/dags/airflow.py for tasks to queue
[2026-08-12T01:06:42.731+0000] {logging_mixin.py:151} INFO - [2026-08-12T01:06:42.731+0000] {dagbag.py:536} INFO - Filling up the DagBag from /opt/airflow/dags/airflow.py
[2026-08-12T01:06:42.781+0000] {logging_mixin.py:151} INFO - [2026-08-12T01:06:42.781+0000] {dagbag.py:346} ERROR - Failed to import: /opt/airflow/dags/airflow.py
Traceback (most recent call last):
  File "/home/airflow/.local/lib/python3.8/site-packages/airflow/models/dagbag.py", line 342, in parse
    loader.exec_module(new_module)
  File "<frozen importlib._bootstrap_external>", line 843, in exec_module
  File "<frozen importlib._bootstrap>", line 219, in _call_with_frames_removed
  File "/opt/airflow/dags/airflow.py", line 23, in <module>
    from data_preprocessing_scripts.preprocessing import preprocess_data
ModuleNotFoundError: No module named 'data_preprocessing_scripts'
[2026-08-12T01:06:42.782+0000] {processor.py:841} WARNING - No viable dags retrieved from /opt/airflow/dags/airflow.py
[2026-08-12T01:06:42.790+0000] {processor.py:179} INFO - Processing /opt/airflow/dags/airflow.py took 0.062 seconds
[2026-08-12T01:07:13.019+0000] {processor.py:157} INFO - Started process (PID=6138) to work on /opt/airflow/dags/airflow.py
[2026-08-12T01:07:13.020+0000] {processor.py:829} INFO - Processing file /opt/airflow/dags/airflow.py for tasks to queue
[2026-08-12T01:07:13.023+0000] {logging_mixin.py:151} INFO - [2026-08-12T01:07:13.023+0000] {dagbag.py:536} INFO - Filling up the DagBag from /opt/airflow/dags/airflow.py
[2026-08-12T01:07:13.109+0000] {logging_mixin.py:151} INFO - [2026-08-12T01:07:13.108+0000] {dagbag.py:346} ERROR - Failed to import: /opt/airflow/dags/airflow.py
Traceback (most recent call last):
  File "/home/airflow/.local/lib/python3.8/site-packages/airflow/models/dagbag.py", line 342, in parse
    loader.exec_module(new_module)
  File "<frozen importlib._bootstrap_external>", line 843, in exec_module
  File "<frozen importlib._bootstrap>", line 219, in _call_with_frames_removed
  File "/opt/airflow/dags/airflow.py", line 23, in <module>
    from data_preprocessing_scripts.preprocessing import preprocess_data
ModuleNotFoundError: No module named 'data_preprocessing_scripts'
[2026-08-12T01:07:13.109+0000] {processor.py:841} WARNING - No viable dags retrieved from /opt/airflow/dags/airflow.py
[2026-08-12T01:07:13.121+0000] {processor.py:179} INFO - Processing /opt/airflow/dags/airflow.py took 0.106 seconds
[2026-08-12T01:07:43.351+0000] {processor.py:157} INFO - Started process (PID=6146) to work on /opt/airflow/dags/airflow.py
[2026-08-12T01:07:43.352+0000] {processor.py:829} INFO - Processing file /opt/airflow/dags/airflow.py for tasks to queue
[2026-08-12T01:07:43.355+0000] {logging_mixin.py:151} INFO - [2026-08-12T01:07:43.355+0000] {dagbag.py:536} INFO - Filling up the DagBag from /opt/airflow/dags/airflow.py
[2026-08-12T01:07:43.425+0000] {logging_mixin.py:151} INFO - [2026-08-12T01:07:43.424+0000] {dagbag.py:346} ERROR - Failed to import: /opt/airflow/dags/airflow.py
Traceback (most recent call last):
  File "/home/airflow/.local/lib/python3.8/site-packages/airflow/models/dagbag.py", line 342, in parse
    loader.exec_module(new_module)
  File "<frozen importlib._bootstrap_external>", line 843, in exec_module
  File "<frozen importlib._bootstrap>", line 219, in _call_with_frames_removed
  File "/opt/airflow/dags/airflow.py", line 23, in <module>
    from data_preprocessing_scripts.preprocessing import preprocess_data
ModuleNotFoundError: No module named 'data_preprocessing_scripts'
[2026-08-12T01:07:43.425+0000] {processor.py:841} WARNING - No viable dags retrieved from /opt/airflow/dags/airflow.py
[2026-08-12T01:07:43.435+0000] {processor.py:179} INFO - Processing /opt/airflow/dags/airflow.py took 0.088 seconds
[2026-08-12T01:08:13.666+0000] {processor.py:157} INFO - Started process (PID=6154) to work on /opt/airflow/dags/airflow.py
[2026-08-12T01:08:13.666+0000] {processor.py:829} INFO - Processing file /opt/airflow/dags/airflow.py for tasks to queue
[2026-08-12T01:08:13.668+0000] {logging_mixin.py:151} INFO - [2026-08-12T01:08:13.668+0000] {dagbag.py:536} INFO - Filling up the DagBag from /opt/airflow/dags/airflow.py
[2026-08-12T01:08:13.742+0000] {logging_mixin.py:151} INFO - [2026-08-12T01:08:13.741+0000] {dagbag.py:346} ERROR - Failed to import: /opt/airflow/dags/airflow.py
Traceback (most recent call last):
  File "/home/airflow/.local/lib/python3.8/site-packages/airflow/models/dagbag.py", line 342, in parse
    loader.exec_module(new_module)
  File "<frozen importlib._bootstrap_external>", line 843, in exec_module
  File "<frozen importlib._bootstrap>", line 219, in _call_with_frames_removed
  File "/opt/airflow/dags/airflow.py", line 23, in <module>
    from data_preprocessing_scripts.preprocessing import preprocess_data
ModuleNotFoundError: No module named 'data_preprocessing_scripts'
[2026-08-12T01:08:13.742+0000] {processor.py:841} WARNING - No viable dags retrieved from /opt/airflow/dags/airflow.py
[2026-08-12T01:08:13.752+0000] {processor.py:179} INFO - Processing /opt/airflow/dags/airflow.py took 0.090 seconds
[2026-08-12T01:08:43.946+0000] {processor.py:157} INFO - Started process (PID=6162) to work on /opt/airflow/dags/airflow.py
[2026-08-12T01:08:43.947+0000] {processor.py:829} INFO - Processing file /opt/airflow/dags/airflow.py for tasks to queue
[2026-08-12T01:08:43.949+0000] {logging_mixin.py:151} INFO - [2026-08-12T01:08:43.949+0000] {dagbag.py:536} INFO - Filling up the DagBag from /opt/airflow/dags/airflow.py
[2026-08-12T01:08:44.008+0000] {logging_mixin.py:151} INFO - [2026-08-12T01:08:44.008+0000] {dagbag.py:346} ERROR - Failed to import: /opt/airflow/dags/airflow.py
Traceback (most recent call last):
  File "/home/airflow/.local/lib/python3.8/site-packages/airflow/models/dagbag.py", line 342, in parse
    loader.exec_module(new_module)
  File "<frozen importlib._bootstrap_external>", line 843, in exec_module
  File "<frozen importlib._bootstrap>", line 219, in _call_with_frames_removed
  File "/opt/airflow/dags/airflow.py", line 23, in <module>
    from data_preprocessing_scripts.preprocessing import preprocess_data
ModuleNotFoundError: No module named 'data_preprocessing_scripts'
[2026-08-12T01:08:44.008+0000] {processor.py:841} WARNING - No viable dags retrieved from /opt/airflow/dags/airflow.py
[2026-08-12T01:08:44.017+0000] {processor.py:179} INFO - Processing /opt/airflow/dags/airflow.py took 0.074 seconds
[2026-08-12T01:09:14.262+0000] {processor.py:157} INFO - Started process (PID=6170) to work on /opt/airflow/dags/airflow.py
[2026-08-12T01:09:14.263+0000] {processor.py:829} INFO - Processing file /opt/airflow/dags/airflow.py for tasks to queue
[2026-08-12T01:09:14.266+0000] {logging_mixin.py:151} INFO - [2026-08-12T01:09:14.266+0000] {dagbag.py:536} INFO - Filling up the DagBag from /opt/airflow/dags/airflow.py
[2026-08-12T01:09:14.333+0000] {logging_mixin.py:151} INFO - [2026-08-12T01:09:14.332+0000] {dagbag.py:346} ERROR - Failed to import: /opt/airflow/dags/airflow.py
Traceback (most recent call last):
  File "/home/airflow/.local/lib/python3.8/site-packages/airflow/models/dagbag.py", line 342, in parse
    loader.exec_module(new_module)
  File "<frozen importlib._bootstrap_external>", line 843, in exec_module
  File "<frozen importlib._bootstrap>", line 219, in _call_with_frames_removed
  File "/opt/airflow/dags/airflow.py", line 23, in <module>
    from data_preprocessing_scripts.preprocessing import preprocess_data
ModuleNotFoundError: No module named 'data_preprocessing_scripts'
[2026-08-12T01:09:14.333+0000] {processor.py:841} WARNING - No viable dags retrieved from /opt/airflow/dags/airflow.py
[2026-08-12T01:09:14.343+0000] {processor.py:179} INFO - Processing /opt/airflow/dags/airflow.py took 0.085 seconds
[2026-08-12T01:09:44.608+0000] {processor.py:157} INFO - Started process (PID=6178) to work on /opt/airflow/dags/airflow.py
[2026-08-12T01:09:44.609+0000] {processor.py:829} INFO - Processing file /opt/airflow/dags/airflow.py for tasks to queue
[2026-08-12T01:09:44.611+0000] {logging_mixin.py:151} INFO - [2026-08-12T01:09:44.610+0000] {dagbag.py:536} INFO - Filling up the DagBag from /opt/airflow/dags/airflow.py
[2026-08-12T01:09:44.686+0000] {logging_mixin.py:151} INFO - [2026-08-12T01:09:44.685+0000] {dagbag.py:346} ERROR - Failed to import: /opt/airflow/dags/airflow.py
Traceback (most recent call last):
  File "/home/airflow/.local/lib/python3.8/site-packages/airflow/models/dagbag.py", line 342, in parse
    loader.exec_module(new_module)
  File "<frozen importlib._bootstrap_external>", line 843, in exec_module
  File "<frozen importlib._bootstrap>", line 219, in _call_with_frames_removed
  File "/opt/airflow/dags/airflow.py", line 23, in <module>
    from data_preprocessing_scripts.preprocessing import preprocess_data
ModuleNotFoundError: No module named 'data_preprocessing_scripts'
[2026-08-12T01:09:44.686+0000] {processor.py:841} WARNING - No viable dags retrieved from /opt/airflow/dags/airflow.py
[2026-08-12T01:09:44.696+0000] {processor.py:179} INFO - Processing /opt/airflow/dags/airflow.py took 0.092 seconds
[2026-08-12T01:10:14.936+0000] {processor.py:157} INFO - Started process (PID=6186) to work on /opt/airflow/dags/airflow.py
[2026-08-12T01:10:14.937+0000] {processor.py:829} INFO - Processing file /opt/airflow/dags/airflow.py for tasks to queue
[2026-08-12T01:10:14.938+0000] {logging_mixin.py:151} INFO - [2026-08-12T01:10:14.938+0000] {dagbag.py:536} INFO - Filling up the DagBag from /opt/airflow/dags/airflow.py
[2026-08-12T01:10:15.004+0000] {logging_mixin.py:151} INFO - [2026-08-12T01:10:15.003+0000] {dagbag.py:346} ERROR - Failed to import: /opt/airflow/dags/airflow.py
Traceback (most recent call last):
  File "/home/airflow/.local/lib/python3.8/site-packages/airflow/models/dagbag.py", line 342, in parse
    loader.exec_module(new_module)
  File "<frozen importlib._bootstrap_external>", line 843, in exec_module
  File "<frozen importlib._bootstrap>", line 219, in _call_with_frames_removed
  File "/opt/airflow/dags/airflow.py", line 23, in <module>
    from data_preprocessing_scripts.preprocessing import preprocess_data
ModuleNotFoundError: No module named 'data_preprocessing_scripts'
[2026-08-12T01:10:15.004+0000] {processor.py:841} WARNING - No viable dags retrieved from /opt/airflow/dags/airflow.py
[2026-08-12T01:10:15.014+0000] {processor.py:179} INFO - Processing /opt/airflow/dags/airflow.py took 0.081 seconds
[2026-08-12T01:10:45.225+0000] {processor.py:157} INFO - Started process (PID=6194) to work on /opt/airflow/dags/airflow.py
[2026-08-12T01:10:45.226+0000] {processor.py:829} INFO - Processing file /opt/airflow/dags/airflow.py for tasks to queue
[2026-08-12T01:10:45.228+0000] {logging_mixin.py:151} INFO - [2026-08-12T01:10:45.228+0000] {dagbag.py:536} INFO - Filling up the DagBag from /opt/airflow/dags/airflow.py
[2026-08-12T01:10:45.296+0000] {logging_mixin.py:151} INFO - [2026-08-12T01:10:45.295+0000] {dagbag.py:346} ERROR - Failed to import: /opt/airflow/dags/airflow.py
Traceback (most recent call last):
  File "/home/airflow/.local/lib/python3.8/site-packages/airflow/models/dagbag.py", line 342, in parse
    loader.exec_module(new_module)
  File "<frozen importlib._bootstrap_external>", line 843, in exec_module
  File "<frozen importlib._bootstrap>", line 219, in _call_with_frames_removed
  File "/opt/airflow/dags/airflow.py", line 23, in <module>
    from data_preprocessing_scripts.preprocessing import preprocess_data
ModuleNotFoundError: No module named 'data_preprocessing_scripts'
[2026-08-12T01:10:45.296+0000] {processor.py:841} WARNING - No viable dags retrieved from /opt/airflow/dags/airflow.py
[2026-08-12T01:10:45.304+0000] {processor.py:179} INFO - Processing /opt/airflow/dags/airflow.py took 0.081 seconds
[2026-08-12T01:11:15.548+0000] {processor.py:157} INFO - Started process (PID=6202) to work on /opt/airflow/dags/airflow.py
[2026-08-12T01:11:15.550+0000] {processor.py:829} INFO - Processing file /opt/airflow/dags/airflow.py for tasks to queue
[2026-08-12T01:11:15.553+0000] {logging_mixin.py:151} INFO - [2026-08-12T01:11:15.552+0000] {dagbag.py:536} INFO - Filling up the DagBag from /opt/airflow/dags/airflow.py
[2026-08-12T01:11:15.630+0000] {logging_mixin.py:151} INFO - [2026-08-12T01:11:15.629+0000] {dagbag.py:346} ERROR - Failed to import: /opt/airflow/dags/airflow.py
Traceback (most recent call last):
  File "/home/airflow/.local/lib/python3.8/site-packages/airflow/models/dagbag.py", line 342, in parse
    loader.exec_module(new_module)
  File "<frozen importlib._bootstrap_external>", line 843, in exec_module
  File "<frozen importlib._bootstrap>", line 219, in _call_with_frames_removed
  File "/opt/airflow/dags/airflow.py", line 23, in <module>
    from data_preprocessing_scripts.preprocessing import preprocess_data
ModuleNotFoundError: No module named 'data_preprocessing_scripts'
[2026-08-12T01:11:15.630+0000] {processor.py:841} WARNING - No viable dags retrieved from /opt/airflow/dags/airflow.py
[2026-08-12T01:11:15.638+0000] {processor.py:179} INFO - Processing /opt/airflow/dags/airflow.py took 0.093 seconds
[2026-08-12T01:11:45.857+0000] {processor.py:157} INFO - Started process (PID=6210) to work on /opt/airflow/dags/airflow.py
[2026-08-12T01:11:45.857+0000] {processor.py:829} INFO - Processing file /opt/airflow/dags/airflow.py for tasks to queue
[2026-08-12T01:11:45.859+0000] {logging_mixin.py:151} INFO - [2026-08-12T01:11:45.859+0000] {dagbag.py:536} INFO - Filling up the DagBag from /opt/airflow/dags/airflow.py
[2026-08-12T01:11:45.986+0000] {logging_mixin.py:151} INFO - [2026-08-12T01:11:45.984+0000] {dagbag.py:346} ERROR - Failed to import: /opt/airflow/dags/airflow.py
Traceback (most recent call last):
  File "/home/airflow/.local/lib/python3.8/site-packages/airflow/models/dagbag.py", line 342, in parse
    loader.exec_module(new_module)
  File "<frozen importlib._bootstrap_external>", line 843, in exec_module
  File "<frozen importlib._bootstrap>", line 219, in _call_with_frames_removed
  File "/opt/airflow/dags/airflow.py", line 23, in <module>
    from data_preprocessing_scripts.preprocessing import preprocess_data
ModuleNotFoundError: No module named 'data_preprocessing_scripts'
[2026-08-12T01:11:45.986+0000] {processor.py:841} WARNING - No viable dags retrieved from /opt/airflow/dags/airflow.py
[2026-08-12T01:11:46.006+0000] {processor.py:179} INFO - Processing /opt/airflow/dags/airflow.py took 0.153 seconds
[2026-08-12T01:12:16.156+0000] {processor.py:157} INFO - Started process (PID=6218) to work on /opt/airflow/dags/airflow.py
[2026-08-12T01:12:16.157+0000] {processor.py:829} INFO - Processing file /opt/airflow/dags/airflow.py for tasks to queue
[2026-08-12T01:12:16.160+0000] {logging_mixin.py:151} INFO - [2026-08-12T01:12:16.159+0000] {dagbag.py:536} INFO - Filling up the DagBag from /opt/airflow/dags/airflow.py
[2026-08-12T01:12:16.232+0000] {logging_mixin.py:151} INFO - [2026-08-12T01:12:16.231+0000] {dagbag.py:346} ERROR - Failed to import: /opt/airflow/dags/airflow.py
Traceback (most recent call last):
  File "/home/airflow/.local/lib/python3.8/site-packages/airflow/models/dagbag.py", line 342, in parse
    loader.exec_module(new_module)
  File "<frozen importlib._bootstrap_external>", line 843, in exec_module
  File "<frozen importlib._bootstrap>", line 219, in _call_with_frames_removed
  File "/opt/airflow/dags/airflow.py", line 23, in <module>
    from data_preprocessing_scripts.preprocessing import preprocess_data
ModuleNotFoundError: No module named 'data_preprocessing_scripts'
[2026-08-12T01:12:16.232+0000] {processor.py:841} WARNING - No viable dags retrieved from /opt/airflow/dags/airflow.py
[2026-08-12T01:12:16.240+0000] {processor.py:179} INFO - Processing /opt/airflow/dags/airflow.py took 0.088 seconds
[2026-08-12T01:12:46.488+0000] {processor.py:157} INFO - Started process (PID=6226) to work on /opt/airflow/dags/airflow.py
[2026-08-12T01:12:46.489+0000] {processor.py:829} INFO - Processing file /opt/airflow/dags/airflow.py for tasks to queue
[2026-08-12T01:12:46.490+0000] {logging_mixin.py:151} INFO - [2026-08-12T01:12:46.490+0000] {dagbag.py:536} INFO - Filling up the DagBag from /opt/airflow/dags/airflow.py
[2026-08-12T01:12:46.566+0000] {logging_mixin.py:151} INFO - [2026-08-12T01:12:46.565+0000] {dagbag.py:346} ERROR - Failed to import: /opt/airflow/dags/airflow.py
Traceback (most recent call last):
  File "/home/airflow/.local/lib/python3.8/site-packages/airflow/models/dagbag.py", line 342, in parse
    loader.exec_module(new_module)
  File "<frozen importlib._bootstrap_external>", line 843, in exec_module
  File "<frozen importlib._bootstrap>", line 219, in _call_with_frames_removed
  File "/opt/airflow/dags/airflow.py", line 23, in <module>
    from data_preprocessing_scripts.preprocessing import preprocess_data
ModuleNotFoundError: No module named 'data_preprocessing_scripts'
[2026-08-12T01:12:46.566+0000] {processor.py:841} WARNING - No viable dags retrieved from /opt/airflow/dags/airflow.py
[2026-08-12T01:12:46.577+0000] {processor.py:179} INFO - Processing /opt/airflow/dags/airflow.py took 0.092 seconds
[2026-08-12T01:13:16.811+0000] {processor.py:157} INFO - Started process (PID=6234) to work on /opt/airflow/dags/airflow.py
[2026-08-12T01:13:16.812+0000] {processor.py:829} INFO - Processing file /opt/airflow/dags/airflow.py for tasks to queue
[2026-08-12T01:13:16.816+0000] {logging_mixin.py:151} INFO - [2026-08-12T01:13:16.816+0000] {dagbag.py:536} INFO - Filling up the DagBag from /opt/airflow/dags/airflow.py
[2026-08-12T01:13:16.923+0000] {logging_mixin.py:151} INFO - [2026-08-12T01:13:16.921+0000] {dagbag.py:346} ERROR - Failed to import: /opt/airflow/dags/airflow.py
Traceback (most recent call last):
  File "/home/airflow/.local/lib/python3.8/site-packages/airflow/models/dagbag.py", line 342, in parse
    loader.exec_module(new_module)
  File "<frozen importlib._bootstrap_external>", line 843, in exec_module
  File "<frozen importlib._bootstrap>", line 219, in _call_with_frames_removed
  File "/opt/airflow/dags/airflow.py", line 23, in <module>
    from data_preprocessing_scripts.preprocessing import preprocess_data
ModuleNotFoundError: No module named 'data_preprocessing_scripts'
[2026-08-12T01:13:16.924+0000] {processor.py:841} WARNING - No viable dags retrieved from /opt/airflow/dags/airflow.py
[2026-08-12T01:13:16.937+0000] {processor.py:179} INFO - Processing /opt/airflow/dags/airflow.py took 0.130 seconds
[2026-08-12T01:13:47.053+0000] {processor.py:157} INFO - Started process (PID=6242) to work on /opt/airflow/dags/airflow.py
[2026-08-12T01:13:47.054+0000] {processor.py:829} INFO - Processing file /opt/airflow/dags/airflow.py for tasks to queue
[2026-08-12T01:13:47.056+0000] {logging_mixin.py:151} INFO - [2026-08-12T01:13:47.055+0000] {dagbag.py:536} INFO - Filling up the DagBag from /opt/airflow/dags/airflow.py
[2026-08-12T01:13:47.127+0000] {logging_mixin.py:151} INFO - [2026-08-12T01:13:47.126+0000] {dagbag.py:346} ERROR - Failed to import: /opt/airflow/dags/airflow.py
Traceback (most recent call last):
  File "/home/airflow/.local/lib/python3.8/site-packages/airflow/models/dagbag.py", line 342, in parse
    loader.exec_module(new_module)
  File "<frozen importlib._bootstrap_external>", line 843, in exec_module
  File "<frozen importlib._bootstrap>", line 219, in _call_with_frames_removed
  File "/opt/airflow/dags/airflow.py", line 23, in <module>
    from data_preprocessing_scripts.preprocessing import preprocess_data
ModuleNotFoundError: No module named 'data_preprocessing_scripts'
[2026-08-12T01:13:47.127+0000] {processor.py:841} WARNING - No viable dags retrieved from /opt/airflow/dags/airflow.py
[2026-08-12T01:13:47.140+0000] {processor.py:179} INFO - Processing /opt/airflow/dags/airflow.py took 0.089 seconds
[2026-08-12T01:14:17.298+0000] {processor.py:157} INFO - Started process (PID=6250) to work on /opt/airflow/dags/airflow.py
[2026-08-12T01:14:17.300+0000] {processor.py:829} INFO - Processing file /opt/airflow/dags/airflow.py for tasks to queue
[2026-08-12T01:14:17.306+0000] {logging_mixin.py:151} INFO - [2026-08-12T01:14:17.306+0000] {dagbag.py:536} INFO - Filling up the DagBag from /opt/airflow/dags/airflow.py
[2026-08-12T01:14:17.390+0000] {logging_mixin.py:151} INFO - [2026-08-12T01:14:17.389+0000] {dagbag.py:346} ERROR - Failed to import: /opt/airflow/dags/airflow.py
Traceback (most recent call last):
  File "/home/airflow/.local/lib/python3.8/site-packages/airflow/models/dagbag.py", line 342, in parse
    loader.exec_module(new_module)
  File "<frozen importlib._bootstrap_external>", line 843, in exec_module
  File "<frozen importlib._bootstrap>", line 219, in _call_with_frames_removed
  File "/opt/airflow/dags/airflow.py", line 23, in <module>
    from data_preprocessing_scripts.preprocessing import preprocess_data
ModuleNotFoundError: No module named 'data_preprocessing_scripts'
[2026-08-12T01:14:17.390+0000] {processor.py:841} WARNING - No viable dags retrieved from /opt/airflow/dags/airflow.py
[2026-08-12T01:14:17.401+0000] {processor.py:179} INFO - Processing /opt/airflow/dags/airflow.py took 0.106 seconds
[2026-08-12T01:14:47.566+0000] {processor.py:157} INFO - Started process (PID=6258) to work on /opt/airflow/dags/airflow.py
[2026-08-12T01:14:47.566+0000] {processor.py:829} INFO - Processing file /opt/airflow/dags/airflow.py for tasks to queue
[2026-08-12T01:14:47.568+0000] {logging_mixin.py:151} INFO - [2026-08-12T01:14:47.567+0000] {dagbag.py:536} INFO - Filling up the DagBag from /opt/airflow/dags/airflow.py
[2026-08-12T01:14:47.631+0000] {logging_mixin.py:151} INFO - [2026-08-12T01:14:47.631+0000] {dagbag.py:346} ERROR - Failed to import: /opt/airflow/dags/airflow.py
Traceback (most recent call last):
  File "/home/airflow/.local/lib/python3.8/site-packages/airflow/models/dagbag.py", line 342, in parse
    loader.exec_module(new_module)
  File "<frozen importlib._bootstrap_external>", line 843, in exec_module
  File "<frozen importlib._bootstrap>", line 219, in _call_with_frames_removed
  File "/opt/airflow/dags/airflow.py", line 23, in <module>
    from data_preprocessing_scripts.preprocessing import preprocess_data
ModuleNotFoundError: No module named 'data_preprocessing_scripts'
[2026-08-12T01:14:47.632+0000] {processor.py:841} WARNING - No viable dags retrieved from /opt/airflow/dags/airflow.py
[2026-08-12T01:14:47.640+0000] {processor.py:179} INFO - Processing /opt/airflow/dags/airflow.py took 0.077 seconds
[2026-08-12T01:15:17.846+0000] {processor.py:157} INFO - Started process (PID=6266) to work on /opt/airflow/dags/airflow.py
[2026-08-12T01:15:17.848+0000] {processor.py:829} INFO - Processing file /opt/airflow/dags/airflow.py for tasks to queue
[2026-08-12T01:15:17.850+0000] {logging_mixin.py:151} INFO - [2026-08-12T01:15:17.849+0000] {dagbag.py:536} INFO - Filling up the DagBag from /opt/airflow/dags/airflow.py
[2026-08-12T01:15:17.944+0000] {logging_mixin.py:151} INFO - [2026-08-12T01:15:17.943+0000] {dagbag.py:346} ERROR - Failed to import: /opt/airflow/dags/airflow.py
Traceback (most recent call last):
  File "/home/airflow/.local/lib/python3.8/site-packages/airflow/models/dagbag.py", line 342, in parse
    loader.exec_module(new_module)
  File "<frozen importlib._bootstrap_external>", line 843, in exec_module
  File "<frozen importlib._bootstrap>", line 219, in _call_with_frames_removed
  File "/opt/airflow/dags/airflow.py", line 23, in <module>
    from data_preprocessing_scripts.preprocessing import preprocess_data
ModuleNotFoundError: No module named 'data_preprocessing_scripts'
[2026-08-12T01:15:17.944+0000] {processor.py:841} WARNING - No viable dags retrieved from /opt/airflow/dags/airflow.py
[2026-08-12T01:15:17.958+0000] {processor.py:179} INFO - Processing /opt/airflow/dags/airflow.py took 0.116 seconds
[2026-08-12T01:15:48.126+0000] {processor.py:157} INFO - Started process (PID=6274) to work on /opt/airflow/dags/airflow.py
[2026-08-12T01:15:48.126+0000] {processor.py:829} INFO - Processing file /opt/airflow/dags/airflow.py for tasks to queue
[2026-08-12T01:15:48.127+0000] {logging_mixin.py:151} INFO - [2026-08-12T01:15:48.127+0000] {dagbag.py:536} INFO - Filling up the DagBag from /opt/airflow/dags/airflow.py
[2026-08-12T01:15:48.187+0000] {logging_mixin.py:151} INFO - [2026-08-12T01:15:48.186+0000] {dagbag.py:346} ERROR - Failed to import: /opt/airflow/dags/airflow.py
Traceback (most recent call last):
  File "/home/airflow/.local/lib/python3.8/site-packages/airflow/models/dagbag.py", line 342, in parse
    loader.exec_module(new_module)
  File "<frozen importlib._bootstrap_external>", line 843, in exec_module
  File "<frozen importlib._bootstrap>", line 219, in _call_with_frames_removed
  File "/opt/airflow/dags/airflow.py", line 23, in <module>
    from data_preprocessing_scripts.preprocessing import preprocess_data
ModuleNotFoundError: No module named 'data_preprocessing_scripts'
[2026-08-12T01:15:48.187+0000] {processor.py:841} WARNING - No viable dags retrieved from /opt/airflow/dags/airflow.py
[2026-08-12T01:15:48.196+0000] {processor.py:179} INFO - Processing /opt/airflow/dags/airflow.py took 0.072 seconds
[2026-08-12T01:16:18.391+0000] {processor.py:157} INFO - Started process (PID=6282) to work on /opt/airflow/dags/airflow.py
[2026-08-12T01:16:18.392+0000] {processor.py:829} INFO - Processing file /opt/airflow/dags/airflow.py for tasks to queue
[2026-08-12T01:16:18.393+0000] {logging_mixin.py:151} INFO - [2026-08-12T01:16:18.393+0000] {dagbag.py:536} INFO - Filling up the DagBag from /opt/airflow/dags/airflow.py
[2026-08-12T01:16:18.497+0000] {logging_mixin.py:151} INFO - [2026-08-12T01:16:18.496+0000] {dagbag.py:346} ERROR - Failed to import: /opt/airflow/dags/airflow.py
Traceback (most recent call last):
  File "/home/airflow/.local/lib/python3.8/site-packages/airflow/models/dagbag.py", line 342, in parse
    loader.exec_module(new_module)
  File "<frozen importlib._bootstrap_external>", line 843, in exec_module
  File "<frozen importlib._bootstrap>", line 219, in _call_with_frames_removed
  File "/opt/airflow/dags/airflow.py", line 23, in <module>
    from data_preprocessing_scripts.preprocessing import preprocess_data
ModuleNotFoundError: No module named 'data_preprocessing_scripts'
[2026-08-12T01:16:18.497+0000] {processor.py:841} WARNING - No viable dags retrieved from /opt/airflow/dags/airflow.py
[2026-08-12T01:16:18.509+0000] {processor.py:179} INFO - Processing /opt/airflow/dags/airflow.py took 0.120 seconds
[2026-08-12T01:16:48.668+0000] {processor.py:157} INFO - Started process (PID=6290) to work on /opt/airflow/dags/airflow.py
[2026-08-12T01:16:48.669+0000] {processor.py:829} INFO - Processing file /opt/airflow/dags/airflow.py for tasks to queue
[2026-08-12T01:16:48.670+0000] {logging_mixin.py:151} INFO - [2026-08-12T01:16:48.670+0000] {dagbag.py:536} INFO - Filling up the DagBag from /opt/airflow/dags/airflow.py
[2026-08-12T01:16:48.735+0000] {logging_mixin.py:151} INFO - [2026-08-12T01:16:48.735+0000] {dagbag.py:346} ERROR - Failed to import: /opt/airflow/dags/airflow.py
Traceback (most recent call last):
  File "/home/airflow/.local/lib/python3.8/site-packages/airflow/models/dagbag.py", line 342, in parse
    loader.exec_module(new_module)
  File "<frozen importlib._bootstrap_external>", line 843, in exec_module
  File "<frozen importlib._bootstrap>", line 219, in _call_with_frames_removed
  File "/opt/airflow/dags/airflow.py", line 23, in <module>
    from data_preprocessing_scripts.preprocessing import preprocess_data
ModuleNotFoundError: No module named 'data_preprocessing_scripts'
[2026-08-12T01:16:48.735+0000] {processor.py:841} WARNING - No viable dags retrieved from /opt/airflow/dags/airflow.py
[2026-08-12T01:16:48.745+0000] {processor.py:179} INFO - Processing /opt/airflow/dags/airflow.py took 0.080 seconds
[2026-08-12T01:17:18.961+0000] {processor.py:157} INFO - Started process (PID=6298) to work on /opt/airflow/dags/airflow.py
[2026-08-12T01:17:18.962+0000] {processor.py:829} INFO - Processing file /opt/airflow/dags/airflow.py for tasks to queue
[2026-08-12T01:17:18.966+0000] {logging_mixin.py:151} INFO - [2026-08-12T01:17:18.966+0000] {dagbag.py:536} INFO - Filling up the DagBag from /opt/airflow/dags/airflow.py
[2026-08-12T01:17:19.054+0000] {logging_mixin.py:151} INFO - [2026-08-12T01:17:19.053+0000] {dagbag.py:346} ERROR - Failed to import: /opt/airflow/dags/airflow.py
Traceback (most recent call last):
  File "/home/airflow/.local/lib/python3.8/site-packages/airflow/models/dagbag.py", line 342, in parse
    loader.exec_module(new_module)
  File "<frozen importlib._bootstrap_external>", line 843, in exec_module
  File "<frozen importlib._bootstrap>", line 219, in _call_with_frames_removed
  File "/opt/airflow/dags/airflow.py", line 23, in <module>
    from data_preprocessing_scripts.preprocessing import preprocess_data
ModuleNotFoundError: No module named 'data_preprocessing_scripts'
[2026-08-12T01:17:19.054+0000] {processor.py:841} WARNING - No viable dags retrieved from /opt/airflow/dags/airflow.py
[2026-08-12T01:17:19.066+0000] {processor.py:179} INFO - Processing /opt/airflow/dags/airflow.py took 0.107 seconds
[2026-08-12T01:17:49.245+0000] {processor.py:157} INFO - Started process (PID=6306) to work on /opt/airflow/dags/airflow.py
[2026-08-12T01:17:49.246+0000] {processor.py:829} INFO - Processing file /opt/airflow/dags/airflow.py for tasks to queue
[2026-08-12T01:17:49.247+0000] {logging_mixin.py:151} INFO - [2026-08-12T01:17:49.247+0000] {dagbag.py:536} INFO - Filling up the DagBag from /opt/airflow/dags/airflow.py
[2026-08-12T01:17:49.306+0000] {logging_mixin.py:151} INFO - [2026-08-12T01:17:49.305+0000] {dagbag.py:346} ERROR - Failed to import: /opt/airflow/dags/airflow.py
Traceback (most recent call last):
  File "/home/airflow/.local/lib/python3.8/site-packages/airflow/models/dagbag.py", line 342, in parse
    loader.exec_module(new_module)
  File "<frozen importlib._bootstrap_external>", line 843, in exec_module
  File "<frozen importlib._bootstrap>", line 219, in _call_with_frames_removed
  File "/opt/airflow/dags/airflow.py", line 23, in <module>
    from data_preprocessing_scripts.preprocessing import preprocess_data
ModuleNotFoundError: No module named 'data_preprocessing_scripts'
[2026-08-12T01:17:49.306+0000] {processor.py:841} WARNING - No viable dags retrieved from /opt/airflow/dags/airflow.py
[2026-08-12T01:17:49.315+0000] {processor.py:179} INFO - Processing /opt/airflow/dags/airflow.py took 0.072 seconds
[2026-08-12T01:18:19.518+0000] {processor.py:157} INFO - Started process (PID=6314) to work on /opt/airflow/dags/airflow.py
[2026-08-12T01:18:19.519+0000] {processor.py:829} INFO - Processing file /opt/airflow/dags/airflow.py for tasks to queue
[2026-08-12T01:18:19.521+0000] {logging_mixin.py:151} INFO - [2026-08-12T01:18:19.520+0000] {dagbag.py:536} INFO - Filling up the DagBag from /opt/airflow/dags/airflow.py
[2026-08-12T01:18:19.597+0000] {logging_mixin.py:151} INFO - [2026-08-12T01:18:19.596+0000] {dagbag.py:346} ERROR - Failed to import: /opt/airflow/dags/airflow.py
Traceback (most recent call last):
  File "/home/airflow/.local/lib/python3.8/site-packages/airflow/models/dagbag.py", line 342, in parse
    loader.exec_module(new_module)
  File "<frozen importlib._bootstrap_external>", line 843, in exec_module
  File "<frozen importlib._bootstrap>", line 219, in _call_with_frames_removed
  File "/opt/airflow/dags/airflow.py", line 23, in <module>
    from data_preprocessing_scripts.preprocessing import preprocess_data
ModuleNotFoundError: No module named 'data_preprocessing_scripts'
[2026-08-12T01:18:19.597+0000] {processor.py:841} WARNING - No viable dags retrieved from /opt/airflow/dags/airflow.py
[2026-08-12T01:18:19.605+0000] {processor.py:179} INFO - Processing /opt/airflow/dags/airflow.py took 0.091 seconds
[2026-08-12T01:18:49.820+0000] {processor.py:157} INFO - Started process (PID=6322) to work on /opt/airflow/dags/airflow.py
[2026-08-12T01:18:49.821+0000] {processor.py:829} INFO - Processing file /opt/airflow/dags/airflow.py for tasks to queue
[2026-08-12T01:18:49.822+0000] {logging_mixin.py:151} INFO - [2026-08-12T01:18:49.822+0000] {dagbag.py:536} INFO - Filling up the DagBag from /opt/airflow/dags/airflow.py
[2026-08-12T01:18:49.879+0000] {logging_mixin.py:151} INFO - [2026-08-12T01:18:49.879+0000] {dagbag.py:346} ERROR - Failed to import: /opt/airflow/dags/airflow.py
Traceback (most recent call last):
  File "/home/airflow/.local/lib/python3.8/site-packages/airflow/models/dagbag.py", line 342, in parse
    loader.exec_module(new_module)
  File "<frozen importlib._bootstrap_external>", line 843, in exec_module
  File "<frozen importlib._bootstrap>", line 219, in _call_with_frames_removed
  File "/opt/airflow/dags/airflow.py", line 23, in <module>
    from data_preprocessing_scripts.preprocessing import preprocess_data
ModuleNotFoundError: No module named 'data_preprocessing_scripts'
[2026-08-12T01:18:49.880+0000] {processor.py:841} WARNING - No viable dags retrieved from /opt/airflow/dags/airflow.py
[2026-08-12T01:18:49.889+0000] {processor.py:179} INFO - Processing /opt/airflow/dags/airflow.py took 0.071 seconds
[2026-08-12T01:19:20.087+0000] {processor.py:157} INFO - Started process (PID=6330) to work on /opt/airflow/dags/airflow.py
[2026-08-12T01:19:20.087+0000] {processor.py:829} INFO - Processing file /opt/airflow/dags/airflow.py for tasks to queue
[2026-08-12T01:19:20.090+0000] {logging_mixin.py:151} INFO - [2026-08-12T01:19:20.090+0000] {dagbag.py:536} INFO - Filling up the DagBag from /opt/airflow/dags/airflow.py
[2026-08-12T01:19:20.155+0000] {logging_mixin.py:151} INFO - [2026-08-12T01:19:20.154+0000] {dagbag.py:346} ERROR - Failed to import: /opt/airflow/dags/airflow.py
Traceback (most recent call last):
  File "/home/airflow/.local/lib/python3.8/site-packages/airflow/models/dagbag.py", line 342, in parse
    loader.exec_module(new_module)
  File "<frozen importlib._bootstrap_external>", line 843, in exec_module
  File "<frozen importlib._bootstrap>", line 219, in _call_with_frames_removed
  File "/opt/airflow/dags/airflow.py", line 23, in <module>
    from data_preprocessing_scripts.preprocessing import preprocess_data
ModuleNotFoundError: No module named 'data_preprocessing_scripts'
[2026-08-12T01:19:20.156+0000] {processor.py:841} WARNING - No viable dags retrieved from /opt/airflow/dags/airflow.py
[2026-08-12T01:19:20.167+0000] {processor.py:179} INFO - Processing /opt/airflow/dags/airflow.py took 0.083 seconds
[2026-08-12T01:19:50.337+0000] {processor.py:157} INFO - Started process (PID=6338) to work on /opt/airflow/dags/airflow.py
[2026-08-12T01:19:50.337+0000] {processor.py:829} INFO - Processing file /opt/airflow/dags/airflow.py for tasks to queue
[2026-08-12T01:19:50.339+0000] {logging_mixin.py:151} INFO - [2026-08-12T01:19:50.338+0000] {dagbag.py:536} INFO - Filling up the DagBag from /opt/airflow/dags/airflow.py
[2026-08-12T01:19:50.412+0000] {logging_mixin.py:151} INFO - [2026-08-12T01:19:50.411+0000] {dagbag.py:346} ERROR - Failed to import: /opt/airflow/dags/airflow.py
Traceback (most recent call last):
  File "/home/airflow/.local/lib/python3.8/site-packages/airflow/models/dagbag.py", line 342, in parse
    loader.exec_module(new_module)
  File "<frozen importlib._bootstrap_external>", line 843, in exec_module
  File "<frozen importlib._bootstrap>", line 219, in _call_with_frames_removed
  File "/opt/airflow/dags/airflow.py", line 23, in <module>
    from data_preprocessing_scripts.preprocessing import preprocess_data
ModuleNotFoundError: No module named 'data_preprocessing_scripts'
[2026-08-12T01:19:50.412+0000] {processor.py:841} WARNING - No viable dags retrieved from /opt/airflow/dags/airflow.py
[2026-08-12T01:19:50.422+0000] {processor.py:179} INFO - Processing /opt/airflow/dags/airflow.py took 0.088 seconds
[2026-08-12T01:20:20.602+0000] {processor.py:157} INFO - Started process (PID=6346) to work on /opt/airflow/dags/airflow.py
[2026-08-12T01:20:20.603+0000] {processor.py:829} INFO - Processing file /opt/airflow/dags/airflow.py for tasks to queue
[2026-08-12T01:20:20.605+0000] {logging_mixin.py:151} INFO - [2026-08-12T01:20:20.605+0000] {dagbag.py:536} INFO - Filling up the DagBag from /opt/airflow/dags/airflow.py
[2026-08-12T01:20:20.667+0000] {logging_mixin.py:151} INFO - [2026-08-12T01:20:20.666+0000] {dagbag.py:346} ERROR - Failed to import: /opt/airflow/dags/airflow.py
Traceback (most recent call last):
  File "/home/airflow/.local/lib/python3.8/site-packages/airflow/models/dagbag.py", line 342, in parse
    loader.exec_module(new_module)
  File "<frozen importlib._bootstrap_external>", line 843, in exec_module
  File "<frozen importlib._bootstrap>", line 219, in _call_with_frames_removed
  File "/opt/airflow/dags/airflow.py", line 23, in <module>
    from data_preprocessing_scripts.preprocessing import preprocess_data
ModuleNotFoundError: No module named 'data_preprocessing_scripts'
[2026-08-12T01:20:20.667+0000] {processor.py:841} WARNING - No viable dags retrieved from /opt/airflow/dags/airflow.py
[2026-08-12T01:20:20.680+0000] {processor.py:179} INFO - Processing /opt/airflow/dags/airflow.py took 0.083 seconds
[2026-08-12T01:20:50.905+0000] {processor.py:157} INFO - Started process (PID=6354) to work on /opt/airflow/dags/airflow.py
[2026-08-12T01:20:50.906+0000] {processor.py:829} INFO - Processing file /opt/airflow/dags/airflow.py for tasks to queue
[2026-08-12T01:20:50.908+0000] {logging_mixin.py:151} INFO - [2026-08-12T01:20:50.908+0000] {dagbag.py:536} INFO - Filling up the DagBag from /opt/airflow/dags/airflow.py
[2026-08-12T01:20:50.969+0000] {logging_mixin.py:151} INFO - [2026-08-12T01:20:50.968+0000] {dagbag.py:346} ERROR - Failed to import: /opt/airflow/dags/airflow.py
Traceback (most recent call last):
  File "/home/airflow/.local/lib/python3.8/site-packages/airflow/models/dagbag.py", line 342, in parse
    loader.exec_module(new_module)
  File "<frozen importlib._bootstrap_external>", line 843, in exec_module
  File "<frozen importlib._bootstrap>", line 219, in _call_with_frames_removed
  File "/opt/airflow/dags/airflow.py", line 23, in <module>
    from data_preprocessing_scripts.preprocessing import preprocess_data
ModuleNotFoundError: No module named 'data_preprocessing_scripts'
[2026-08-12T01:20:50.969+0000] {processor.py:841} WARNING - No viable dags retrieved from /opt/airflow/dags/airflow.py
[2026-08-12T01:20:50.977+0000] {processor.py:179} INFO - Processing /opt/airflow/dags/airflow.py took 0.075 seconds
[2026-08-12T01:21:21.159+0000] {processor.py:157} INFO - Started process (PID=6362) to work on /opt/airflow/dags/airflow.py
[2026-08-12T01:21:21.160+0000] {processor.py:829} INFO - Processing file /opt/airflow/dags/airflow.py for tasks to queue
[2026-08-12T01:21:21.161+0000] {logging_mixin.py:151} INFO - [2026-08-12T01:21:21.161+0000] {dagbag.py:536} INFO - Filling up the DagBag from /opt/airflow/dags/airflow.py
[2026-08-12T01:21:21.230+0000] {logging_mixin.py:151} INFO - [2026-08-12T01:21:21.229+0000] {dagbag.py:346} ERROR - Failed to import: /opt/airflow/dags/airflow.py
Traceback (most recent call last):
  File "/home/airflow/.local/lib/python3.8/site-packages/airflow/models/dagbag.py", line 342, in parse
    loader.exec_module(new_module)
  File "<frozen importlib._bootstrap_external>", line 843, in exec_module
  File "<frozen importlib._bootstrap>", line 219, in _call_with_frames_removed
  File "/opt/airflow/dags/airflow.py", line 23, in <module>
    from data_preprocessing_scripts.preprocessing import preprocess_data
ModuleNotFoundError: No module named 'data_preprocessing_scripts'
[2026-08-12T01:21:21.230+0000] {processor.py:841} WARNING - No viable dags retrieved from /opt/airflow/dags/airflow.py
[2026-08-12T01:21:21.240+0000] {processor.py:179} INFO - Processing /opt/airflow/dags/airflow.py took 0.083 seconds
[2026-08-12T01:21:51.493+0000] {processor.py:157} INFO - Started process (PID=6370) to work on /opt/airflow/dags/airflow.py
[2026-08-12T01:21:51.494+0000] {processor.py:829} INFO - Processing file /opt/airflow/dags/airflow.py for tasks to queue
[2026-08-12T01:21:51.495+0000] {logging_mixin.py:151} INFO - [2026-08-12T01:21:51.495+0000] {dagbag.py:536} INFO - Filling up the DagBag from /opt/airflow/dags/airflow.py
[2026-08-12T01:21:51.544+0000] {logging_mixin.py:151} INFO - [2026-08-12T01:21:51.544+0000] {dagbag.py:346} ERROR - Failed to import: /opt/airflow/dags/airflow.py
Traceback (most recent call last):
  File "/home/airflow/.local/lib/python3.8/site-packages/airflow/models/dagbag.py", line 342, in parse
    loader.exec_module(new_module)
  File "<frozen importlib._bootstrap_external>", line 843, in exec_module
  File "<frozen importlib._bootstrap>", line 219, in _call_with_frames_removed
  File "/opt/airflow/dags/airflow.py", line 23, in <module>
    from data_preprocessing_scripts.preprocessing import preprocess_data
ModuleNotFoundError: No module named 'data_preprocessing_scripts'
[2026-08-12T01:21:51.545+0000] {processor.py:841} WARNING - No viable dags retrieved from /opt/airflow/dags/airflow.py
[2026-08-12T01:21:51.553+0000] {processor.py:179} INFO - Processing /opt/airflow/dags/airflow.py took 0.061 seconds
[2026-08-12T01:22:21.801+0000] {processor.py:157} INFO - Started process (PID=6378) to work on /opt/airflow/dags/airflow.py
[2026-08-12T01:22:21.802+0000] {processor.py:829} INFO - Processing file /opt/airflow/dags/airflow.py for tasks to queue
[2026-08-12T01:22:21.804+0000] {logging_mixin.py:151} INFO - [2026-08-12T01:22:21.804+0000] {dagbag.py:536} INFO - Filling up the DagBag from /opt/airflow/dags/airflow.py
[2026-08-12T01:22:21.867+0000] {logging_mixin.py:151} INFO - [2026-08-12T01:22:21.866+0000] {dagbag.py:346} ERROR - Failed to import: /opt/airflow/dags/airflow.py
Traceback (most recent call last):
  File "/home/airflow/.local/lib/python3.8/site-packages/airflow/models/dagbag.py", line 342, in parse
    loader.exec_module(new_module)
  File "<frozen importlib._bootstrap_external>", line 843, in exec_module
  File "<frozen importlib._bootstrap>", line 219, in _call_with_frames_removed
  File "/opt/airflow/dags/airflow.py", line 23, in <module>
    from data_preprocessing_scripts.preprocessing import preprocess_data
ModuleNotFoundError: No module named 'data_preprocessing_scripts'
[2026-08-12T01:22:21.867+0000] {processor.py:841} WARNING - No viable dags retrieved from /opt/airflow/dags/airflow.py
[2026-08-12T01:22:21.875+0000] {processor.py:179} INFO - Processing /opt/airflow/dags/airflow.py took 0.077 seconds
[2026-08-12T01:22:52.129+0000] {processor.py:157} INFO - Started process (PID=6386) to work on /opt/airflow/dags/airflow.py
[2026-08-12T01:22:52.129+0000] {processor.py:829} INFO - Processing file /opt/airflow/dags/airflow.py for tasks to queue
[2026-08-12T01:22:52.130+0000] {logging_mixin.py:151} INFO - [2026-08-12T01:22:52.130+0000] {dagbag.py:536} INFO - Filling up the DagBag from /opt/airflow/dags/airflow.py
[2026-08-12T01:22:52.192+0000] {logging_mixin.py:151} INFO - [2026-08-12T01:22:52.192+0000] {dagbag.py:346} ERROR - Failed to import: /opt/airflow/dags/airflow.py
Traceback (most recent call last):
  File "/home/airflow/.local/lib/python3.8/site-packages/airflow/models/dagbag.py", line 342, in parse
    loader.exec_module(new_module)
  File "<frozen importlib._bootstrap_external>", line 843, in exec_module
  File "<frozen importlib._bootstrap>", line 219, in _call_with_frames_removed
  File "/opt/airflow/dags/airflow.py", line 23, in <module>
    from data_preprocessing_scripts.preprocessing import preprocess_data
ModuleNotFoundError: No module named 'data_preprocessing_scripts'
[2026-08-12T01:22:52.192+0000] {processor.py:841} WARNING - No viable dags retrieved from /opt/airflow/dags/airflow.py
[2026-08-12T01:22:52.200+0000] {processor.py:179} INFO - Processing /opt/airflow/dags/airflow.py took 0.073 seconds
[2026-08-12T01:23:22.349+0000] {processor.py:157} INFO - Started process (PID=6394) to work on /opt/airflow/dags/airflow.py
[2026-08-12T01:23:22.350+0000] {processor.py:829} INFO - Processing file /opt/airflow/dags/airflow.py for tasks to queue
[2026-08-12T01:23:22.354+0000] {logging_mixin.py:151} INFO - [2026-08-12T01:23:22.353+0000] {dagbag.py:536} INFO - Filling up the DagBag from /opt/airflow/dags/airflow.py
[2026-08-12T01:23:22.416+0000] {logging_mixin.py:151} INFO - [2026-08-12T01:23:22.415+0000] {dagbag.py:346} ERROR - Failed to import: /opt/airflow/dags/airflow.py
Traceback (most recent call last):
  File "/home/airflow/.local/lib/python3.8/site-packages/airflow/models/dagbag.py", line 342, in parse
    loader.exec_module(new_module)
  File "<frozen importlib._bootstrap_external>", line 843, in exec_module
  File "<frozen importlib._bootstrap>", line 219, in _call_with_frames_removed
  File "/opt/airflow/dags/airflow.py", line 23, in <module>
    from data_preprocessing_scripts.preprocessing import preprocess_data
ModuleNotFoundError: No module named 'data_preprocessing_scripts'
[2026-08-12T01:23:22.416+0000] {processor.py:841} WARNING - No viable dags retrieved from /opt/airflow/dags/airflow.py
[2026-08-12T01:23:22.426+0000] {processor.py:179} INFO - Processing /opt/airflow/dags/airflow.py took 0.078 seconds
[2026-08-12T01:23:52.631+0000] {processor.py:157} INFO - Started process (PID=6402) to work on /opt/airflow/dags/airflow.py
[2026-08-12T01:23:52.632+0000] {processor.py:829} INFO - Processing file /opt/airflow/dags/airflow.py for tasks to queue
[2026-08-12T01:23:52.634+0000] {logging_mixin.py:151} INFO - [2026-08-12T01:23:52.633+0000] {dagbag.py:536} INFO - Filling up the DagBag from /opt/airflow/dags/airflow.py
[2026-08-12T01:23:52.698+0000] {logging_mixin.py:151} INFO - [2026-08-12T01:23:52.698+0000] {dagbag.py:346} ERROR - Failed to import: /opt/airflow/dags/airflow.py
Traceback (most recent call last):
  File "/home/airflow/.local/lib/python3.8/site-packages/airflow/models/dagbag.py", line 342, in parse
    loader.exec_module(new_module)
  File "<frozen importlib._bootstrap_external>", line 843, in exec_module
  File "<frozen importlib._bootstrap>", line 219, in _call_with_frames_removed
  File "/opt/airflow/dags/airflow.py", line 23, in <module>
    from data_preprocessing_scripts.preprocessing import preprocess_data
ModuleNotFoundError: No module named 'data_preprocessing_scripts'
[2026-08-12T01:23:52.698+0000] {processor.py:841} WARNING - No viable dags retrieved from /opt/airflow/dags/airflow.py
[2026-08-12T01:23:52.733+0000] {processor.py:179} INFO - Processing /opt/airflow/dags/airflow.py took 0.104 seconds
[2026-08-12T01:24:22.801+0000] {processor.py:157} INFO - Started process (PID=6410) to work on /opt/airflow/dags/airflow.py
[2026-08-12T01:24:22.802+0000] {processor.py:829} INFO - Processing file /opt/airflow/dags/airflow.py for tasks to queue
[2026-08-12T01:24:22.803+0000] {logging_mixin.py:151} INFO - [2026-08-12T01:24:22.803+0000] {dagbag.py:536} INFO - Filling up the DagBag from /opt/airflow/dags/airflow.py
[2026-08-12T01:24:22.870+0000] {logging_mixin.py:151} INFO - [2026-08-12T01:24:22.870+0000] {dagbag.py:346} ERROR - Failed to import: /opt/airflow/dags/airflow.py
Traceback (most recent call last):
  File "/home/airflow/.local/lib/python3.8/site-packages/airflow/models/dagbag.py", line 342, in parse
    loader.exec_module(new_module)
  File "<frozen importlib._bootstrap_external>", line 843, in exec_module
  File "<frozen importlib._bootstrap>", line 219, in _call_with_frames_removed
  File "/opt/airflow/dags/airflow.py", line 23, in <module>
    from data_preprocessing_scripts.preprocessing import preprocess_data
ModuleNotFoundError: No module named 'data_preprocessing_scripts'
[2026-08-12T01:24:22.870+0000] {processor.py:841} WARNING - No viable dags retrieved from /opt/airflow/dags/airflow.py
[2026-08-12T01:24:22.880+0000] {processor.py:179} INFO - Processing /opt/airflow/dags/airflow.py took 0.080 seconds
[2026-08-12T01:24:53.129+0000] {processor.py:157} INFO - Started process (PID=6418) to work on /opt/airflow/dags/airflow.py
[2026-08-12T01:24:53.130+0000] {processor.py:829} INFO - Processing file /opt/airflow/dags/airflow.py for tasks to queue
[2026-08-12T01:24:53.132+0000] {logging_mixin.py:151} INFO - [2026-08-12T01:24:53.132+0000] {dagbag.py:536} INFO - Filling up the DagBag from /opt/airflow/dags/airflow.py
[2026-08-12T01:24:53.227+0000] {logging_mixin.py:151} INFO - [2026-08-12T01:24:53.226+0000] {dagbag.py:346} ERROR - Failed to import: /opt/airflow/dags/airflow.py
Traceback (most recent call last):
  File "/home/airflow/.local/lib/python3.8/site-packages/airflow/models/dagbag.py", line 342, in parse
    loader.exec_module(new_module)
  File "<frozen importlib._bootstrap_external>", line 843, in exec_module
  File "<frozen importlib._bootstrap>", line 219, in _call_with_frames_removed
  File "/opt/airflow/dags/airflow.py", line 23, in <module>
    from data_preprocessing_scripts.preprocessing import preprocess_data
ModuleNotFoundError: No module named 'data_preprocessing_scripts'
[2026-08-12T01:24:53.227+0000] {processor.py:841} WARNING - No viable dags retrieved from /opt/airflow/dags/airflow.py
[2026-08-12T01:24:53.236+0000] {processor.py:179} INFO - Processing /opt/airflow/dags/airflow.py took 0.110 seconds
[2026-08-12T01:25:23.441+0000] {processor.py:157} INFO - Started process (PID=6426) to work on /opt/airflow/dags/airflow.py
[2026-08-12T01:25:23.443+0000] {processor.py:829} INFO - Processing file /opt/airflow/dags/airflow.py for tasks to queue
[2026-08-12T01:25:23.445+0000] {logging_mixin.py:151} INFO - [2026-08-12T01:25:23.445+0000] {dagbag.py:536} INFO - Filling up the DagBag from /opt/airflow/dags/airflow.py
[2026-08-12T01:25:23.532+0000] {logging_mixin.py:151} INFO - [2026-08-12T01:25:23.532+0000] {dagbag.py:346} ERROR - Failed to import: /opt/airflow/dags/airflow.py
Traceback (most recent call last):
  File "/home/airflow/.local/lib/python3.8/site-packages/airflow/models/dagbag.py", line 342, in parse
    loader.exec_module(new_module)
  File "<frozen importlib._bootstrap_external>", line 843, in exec_module
  File "<frozen importlib._bootstrap>", line 219, in _call_with_frames_removed
  File "/opt/airflow/dags/airflow.py", line 23, in <module>
    from data_preprocessing_scripts.preprocessing import preprocess_data
ModuleNotFoundError: No module named 'data_preprocessing_scripts'
[2026-08-12T01:25:23.533+0000] {processor.py:841} WARNING - No viable dags retrieved from /opt/airflow/dags/airflow.py
[2026-08-12T01:25:23.541+0000] {processor.py:179} INFO - Processing /opt/airflow/dags/airflow.py took 0.103 seconds
[2026-08-12T01:25:53.721+0000] {processor.py:157} INFO - Started process (PID=6434) to work on /opt/airflow/dags/airflow.py
[2026-08-12T01:25:53.722+0000] {processor.py:829} INFO - Processing file /opt/airflow/dags/airflow.py for tasks to queue
[2026-08-12T01:25:53.724+0000] {logging_mixin.py:151} INFO - [2026-08-12T01:25:53.724+0000] {dagbag.py:536} INFO - Filling up the DagBag from /opt/airflow/dags/airflow.py
[2026-08-12T01:25:53.806+0000] {logging_mixin.py:151} INFO - [2026-08-12T01:25:53.805+0000] {dagbag.py:346} ERROR - Failed to import: /opt/airflow/dags/airflow.py
Traceback (most recent call last):
  File "/home/airflow/.local/lib/python3.8/site-packages/airflow/models/dagbag.py", line 342, in parse
    loader.exec_module(new_module)
  File "<frozen importlib._bootstrap_external>", line 843, in exec_module
  File "<frozen importlib._bootstrap>", line 219, in _call_with_frames_removed
  File "/opt/airflow/dags/airflow.py", line 23, in <module>
    from data_preprocessing_scripts.preprocessing import preprocess_data
ModuleNotFoundError: No module named 'data_preprocessing_scripts'
[2026-08-12T01:25:53.806+0000] {processor.py:841} WARNING - No viable dags retrieved from /opt/airflow/dags/airflow.py
[2026-08-12T01:25:53.814+0000] {processor.py:179} INFO - Processing /opt/airflow/dags/airflow.py took 0.096 seconds
[2026-08-12T01:26:24.056+0000] {processor.py:157} INFO - Started process (PID=6442) to work on /opt/airflow/dags/airflow.py
[2026-08-12T01:26:24.057+0000] {processor.py:829} INFO - Processing file /opt/airflow/dags/airflow.py for tasks to queue
[2026-08-12T01:26:24.061+0000] {logging_mixin.py:151} INFO - [2026-08-12T01:26:24.060+0000] {dagbag.py:536} INFO - Filling up the DagBag from /opt/airflow/dags/airflow.py
[2026-08-12T01:26:24.143+0000] {logging_mixin.py:151} INFO - [2026-08-12T01:26:24.142+0000] {dagbag.py:346} ERROR - Failed to import: /opt/airflow/dags/airflow.py
Traceback (most recent call last):
  File "/home/airflow/.local/lib/python3.8/site-packages/airflow/models/dagbag.py", line 342, in parse
    loader.exec_module(new_module)
  File "<frozen importlib._bootstrap_external>", line 843, in exec_module
  File "<frozen importlib._bootstrap>", line 219, in _call_with_frames_removed
  File "/opt/airflow/dags/airflow.py", line 23, in <module>
    from data_preprocessing_scripts.preprocessing import preprocess_data
ModuleNotFoundError: No module named 'data_preprocessing_scripts'
[2026-08-12T01:26:24.143+0000] {processor.py:841} WARNING - No viable dags retrieved from /opt/airflow/dags/airflow.py
[2026-08-12T01:26:24.153+0000] {processor.py:179} INFO - Processing /opt/airflow/dags/airflow.py took 0.103 seconds
[2026-08-12T01:26:54.369+0000] {processor.py:157} INFO - Started process (PID=6450) to work on /opt/airflow/dags/airflow.py
[2026-08-12T01:26:54.369+0000] {processor.py:829} INFO - Processing file /opt/airflow/dags/airflow.py for tasks to queue
[2026-08-12T01:26:54.371+0000] {logging_mixin.py:151} INFO - [2026-08-12T01:26:54.371+0000] {dagbag.py:536} INFO - Filling up the DagBag from /opt/airflow/dags/airflow.py
[2026-08-12T01:26:54.443+0000] {logging_mixin.py:151} INFO - [2026-08-12T01:26:54.442+0000] {dagbag.py:346} ERROR - Failed to import: /opt/airflow/dags/airflow.py
Traceback (most recent call last):
  File "/home/airflow/.local/lib/python3.8/site-packages/airflow/models/dagbag.py", line 342, in parse
    loader.exec_module(new_module)
  File "<frozen importlib._bootstrap_external>", line 843, in exec_module
  File "<frozen importlib._bootstrap>", line 219, in _call_with_frames_removed
  File "/opt/airflow/dags/airflow.py", line 23, in <module>
    from data_preprocessing_scripts.preprocessing import preprocess_data
ModuleNotFoundError: No module named 'data_preprocessing_scripts'
[2026-08-12T01:26:54.443+0000] {processor.py:841} WARNING - No viable dags retrieved from /opt/airflow/dags/airflow.py
[2026-08-12T01:26:54.453+0000] {processor.py:179} INFO - Processing /opt/airflow/dags/airflow.py took 0.087 seconds
[2026-08-12T01:27:24.648+0000] {processor.py:157} INFO - Started process (PID=6464) to work on /opt/airflow/dags/airflow.py
[2026-08-12T01:27:24.649+0000] {processor.py:829} INFO - Processing file /opt/airflow/dags/airflow.py for tasks to queue
[2026-08-12T01:27:24.653+0000] {logging_mixin.py:151} INFO - [2026-08-12T01:27:24.653+0000] {dagbag.py:536} INFO - Filling up the DagBag from /opt/airflow/dags/airflow.py
[2026-08-12T01:27:24.796+0000] {logging_mixin.py:151} INFO - [2026-08-12T01:27:24.795+0000] {dagbag.py:346} ERROR - Failed to import: /opt/airflow/dags/airflow.py
Traceback (most recent call last):
  File "/home/airflow/.local/lib/python3.8/site-packages/airflow/models/dagbag.py", line 342, in parse
    loader.exec_module(new_module)
  File "<frozen importlib._bootstrap_external>", line 843, in exec_module
  File "<frozen importlib._bootstrap>", line 219, in _call_with_frames_removed
  File "/opt/airflow/dags/airflow.py", line 23, in <module>
    from data_preprocessing_scripts.preprocessing import preprocess_data
ModuleNotFoundError: No module named 'data_preprocessing_scripts'
[2026-08-12T01:27:24.803+0000] {processor.py:841} WARNING - No viable dags retrieved from /opt/airflow/dags/airflow.py
[2026-08-12T01:27:24.819+0000] {processor.py:179} INFO - Processing /opt/airflow/dags/airflow.py took 0.174 seconds
[2026-08-12T01:27:54.992+0000] {processor.py:157} INFO - Started process (PID=6472) to work on /opt/airflow/dags/airflow.py
[2026-08-12T01:27:54.993+0000] {processor.py:829} INFO - Processing file /opt/airflow/dags/airflow.py for tasks to queue
[2026-08-12T01:27:54.994+0000] {logging_mixin.py:151} INFO - [2026-08-12T01:27:54.994+0000] {dagbag.py:536} INFO - Filling up the DagBag from /opt/airflow/dags/airflow.py
[2026-08-12T01:27:55.060+0000] {logging_mixin.py:151} INFO - [2026-08-12T01:27:55.059+0000] {dagbag.py:346} ERROR - Failed to import: /opt/airflow/dags/airflow.py
Traceback (most recent call last):
  File "/home/airflow/.local/lib/python3.8/site-packages/airflow/models/dagbag.py", line 342, in parse
    loader.exec_module(new_module)
  File "<frozen importlib._bootstrap_external>", line 843, in exec_module
  File "<frozen importlib._bootstrap>", line 219, in _call_with_frames_removed
  File "/opt/airflow/dags/airflow.py", line 23, in <module>
    from data_preprocessing_scripts.preprocessing import preprocess_data
ModuleNotFoundError: No module named 'data_preprocessing_scripts'
[2026-08-12T01:27:55.061+0000] {processor.py:841} WARNING - No viable dags retrieved from /opt/airflow/dags/airflow.py
[2026-08-12T01:27:55.072+0000] {processor.py:179} INFO - Processing /opt/airflow/dags/airflow.py took 0.083 seconds
[2026-08-12T01:28:25.300+0000] {processor.py:157} INFO - Started process (PID=6480) to work on /opt/airflow/dags/airflow.py
[2026-08-12T01:28:25.300+0000] {processor.py:829} INFO - Processing file /opt/airflow/dags/airflow.py for tasks to queue
[2026-08-12T01:28:25.302+0000] {logging_mixin.py:151} INFO - [2026-08-12T01:28:25.302+0000] {dagbag.py:536} INFO - Filling up the DagBag from /opt/airflow/dags/airflow.py
[2026-08-12T01:28:25.396+0000] {logging_mixin.py:151} INFO - [2026-08-12T01:28:25.395+0000] {dagbag.py:346} ERROR - Failed to import: /opt/airflow/dags/airflow.py
Traceback (most recent call last):
  File "/home/airflow/.local/lib/python3.8/site-packages/airflow/models/dagbag.py", line 342, in parse
    loader.exec_module(new_module)
  File "<frozen importlib._bootstrap_external>", line 843, in exec_module
  File "<frozen importlib._bootstrap>", line 219, in _call_with_frames_removed
  File "/opt/airflow/dags/airflow.py", line 23, in <module>
    from data_preprocessing_scripts.preprocessing import preprocess_data
ModuleNotFoundError: No module named 'data_preprocessing_scripts'
[2026-08-12T01:28:25.396+0000] {processor.py:841} WARNING - No viable dags retrieved from /opt/airflow/dags/airflow.py
[2026-08-12T01:28:25.411+0000] {processor.py:179} INFO - Processing /opt/airflow/dags/airflow.py took 0.113 seconds
[2026-08-12T01:28:55.477+0000] {processor.py:157} INFO - Started process (PID=6488) to work on /opt/airflow/dags/airflow.py
[2026-08-12T01:28:55.479+0000] {processor.py:829} INFO - Processing file /opt/airflow/dags/airflow.py for tasks to queue
[2026-08-12T01:28:55.485+0000] {logging_mixin.py:151} INFO - [2026-08-12T01:28:55.484+0000] {dagbag.py:536} INFO - Filling up the DagBag from /opt/airflow/dags/airflow.py
[2026-08-12T01:28:55.687+0000] {logging_mixin.py:151} INFO - [2026-08-12T01:28:55.686+0000] {dagbag.py:346} ERROR - Failed to import: /opt/airflow/dags/airflow.py
Traceback (most recent call last):
  File "/home/airflow/.local/lib/python3.8/site-packages/airflow/models/dagbag.py", line 342, in parse
    loader.exec_module(new_module)
  File "<frozen importlib._bootstrap_external>", line 843, in exec_module
  File "<frozen importlib._bootstrap>", line 219, in _call_with_frames_removed
  File "/opt/airflow/dags/airflow.py", line 23, in <module>
    from data_preprocessing_scripts.preprocessing import preprocess_data
ModuleNotFoundError: No module named 'data_preprocessing_scripts'
[2026-08-12T01:28:55.687+0000] {processor.py:841} WARNING - No viable dags retrieved from /opt/airflow/dags/airflow.py
[2026-08-12T01:28:55.712+0000] {processor.py:179} INFO - Processing /opt/airflow/dags/airflow.py took 0.243 seconds
[2026-08-12T01:29:25.755+0000] {processor.py:157} INFO - Started process (PID=6496) to work on /opt/airflow/dags/airflow.py
[2026-08-12T01:29:25.756+0000] {processor.py:829} INFO - Processing file /opt/airflow/dags/airflow.py for tasks to queue
[2026-08-12T01:29:25.759+0000] {logging_mixin.py:151} INFO - [2026-08-12T01:29:25.758+0000] {dagbag.py:536} INFO - Filling up the DagBag from /opt/airflow/dags/airflow.py
[2026-08-12T01:29:25.825+0000] {logging_mixin.py:151} INFO - [2026-08-12T01:29:25.825+0000] {dagbag.py:346} ERROR - Failed to import: /opt/airflow/dags/airflow.py
Traceback (most recent call last):
  File "/home/airflow/.local/lib/python3.8/site-packages/airflow/models/dagbag.py", line 342, in parse
    loader.exec_module(new_module)
  File "<frozen importlib._bootstrap_external>", line 843, in exec_module
  File "<frozen importlib._bootstrap>", line 219, in _call_with_frames_removed
  File "/opt/airflow/dags/airflow.py", line 23, in <module>
    from data_preprocessing_scripts.preprocessing import preprocess_data
ModuleNotFoundError: No module named 'data_preprocessing_scripts'
[2026-08-12T01:29:25.825+0000] {processor.py:841} WARNING - No viable dags retrieved from /opt/airflow/dags/airflow.py
[2026-08-12T01:29:25.834+0000] {processor.py:179} INFO - Processing /opt/airflow/dags/airflow.py took 0.082 seconds
[2026-08-12T01:29:56.072+0000] {processor.py:157} INFO - Started process (PID=6504) to work on /opt/airflow/dags/airflow.py
[2026-08-12T01:29:56.073+0000] {processor.py:829} INFO - Processing file /opt/airflow/dags/airflow.py for tasks to queue
[2026-08-12T01:29:56.075+0000] {logging_mixin.py:151} INFO - [2026-08-12T01:29:56.075+0000] {dagbag.py:536} INFO - Filling up the DagBag from /opt/airflow/dags/airflow.py
[2026-08-12T01:29:56.156+0000] {logging_mixin.py:151} INFO - [2026-08-12T01:29:56.155+0000] {dagbag.py:346} ERROR - Failed to import: /opt/airflow/dags/airflow.py
Traceback (most recent call last):
  File "/home/airflow/.local/lib/python3.8/site-packages/airflow/models/dagbag.py", line 342, in parse
    loader.exec_module(new_module)
  File "<frozen importlib._bootstrap_external>", line 843, in exec_module
  File "<frozen importlib._bootstrap>", line 219, in _call_with_frames_removed
  File "/opt/airflow/dags/airflow.py", line 23, in <module>
    from data_preprocessing_scripts.preprocessing import preprocess_data
ModuleNotFoundError: No module named 'data_preprocessing_scripts'
[2026-08-12T01:29:56.156+0000] {processor.py:841} WARNING - No viable dags retrieved from /opt/airflow/dags/airflow.py
[2026-08-12T01:29:56.173+0000] {processor.py:179} INFO - Processing /opt/airflow/dags/airflow.py took 0.104 seconds
[2026-08-12T01:30:26.439+0000] {processor.py:157} INFO - Started process (PID=6512) to work on /opt/airflow/dags/airflow.py
[2026-08-12T01:30:26.440+0000] {processor.py:829} INFO - Processing file /opt/airflow/dags/airflow.py for tasks to queue
[2026-08-12T01:30:26.443+0000] {logging_mixin.py:151} INFO - [2026-08-12T01:30:26.443+0000] {dagbag.py:536} INFO - Filling up the DagBag from /opt/airflow/dags/airflow.py
[2026-08-12T01:30:26.512+0000] {logging_mixin.py:151} INFO - [2026-08-12T01:30:26.511+0000] {dagbag.py:346} ERROR - Failed to import: /opt/airflow/dags/airflow.py
Traceback (most recent call last):
  File "/home/airflow/.local/lib/python3.8/site-packages/airflow/models/dagbag.py", line 342, in parse
    loader.exec_module(new_module)
  File "<frozen importlib._bootstrap_external>", line 843, in exec_module
  File "<frozen importlib._bootstrap>", line 219, in _call_with_frames_removed
  File "/opt/airflow/dags/airflow.py", line 23, in <module>
    from data_preprocessing_scripts.preprocessing import preprocess_data
ModuleNotFoundError: No module named 'data_preprocessing_scripts'
[2026-08-12T01:30:26.512+0000] {processor.py:841} WARNING - No viable dags retrieved from /opt/airflow/dags/airflow.py
[2026-08-12T01:30:26.521+0000] {processor.py:179} INFO - Processing /opt/airflow/dags/airflow.py took 0.086 seconds
[2026-08-12T01:30:56.773+0000] {processor.py:157} INFO - Started process (PID=6521) to work on /opt/airflow/dags/airflow.py
[2026-08-12T01:30:56.774+0000] {processor.py:829} INFO - Processing file /opt/airflow/dags/airflow.py for tasks to queue
[2026-08-12T01:30:56.777+0000] {logging_mixin.py:151} INFO - [2026-08-12T01:30:56.777+0000] {dagbag.py:536} INFO - Filling up the DagBag from /opt/airflow/dags/airflow.py
[2026-08-12T01:30:56.864+0000] {logging_mixin.py:151} INFO - [2026-08-12T01:30:56.864+0000] {dagbag.py:346} ERROR - Failed to import: /opt/airflow/dags/airflow.py
Traceback (most recent call last):
  File "/home/airflow/.local/lib/python3.8/site-packages/airflow/models/dagbag.py", line 342, in parse
    loader.exec_module(new_module)
  File "<frozen importlib._bootstrap_external>", line 843, in exec_module
  File "<frozen importlib._bootstrap>", line 219, in _call_with_frames_removed
  File "/opt/airflow/dags/airflow.py", line 23, in <module>
    from data_preprocessing_scripts.preprocessing import preprocess_data
ModuleNotFoundError: No module named 'data_preprocessing_scripts'
[2026-08-12T01:30:56.865+0000] {processor.py:841} WARNING - No viable dags retrieved from /opt/airflow/dags/airflow.py
[2026-08-12T01:30:56.875+0000] {processor.py:179} INFO - Processing /opt/airflow/dags/airflow.py took 0.108 seconds
[2026-08-12T01:31:27.060+0000] {processor.py:157} INFO - Started process (PID=6529) to work on /opt/airflow/dags/airflow.py
[2026-08-12T01:31:27.061+0000] {processor.py:829} INFO - Processing file /opt/airflow/dags/airflow.py for tasks to queue
[2026-08-12T01:31:27.063+0000] {logging_mixin.py:151} INFO - [2026-08-12T01:31:27.063+0000] {dagbag.py:536} INFO - Filling up the DagBag from /opt/airflow/dags/airflow.py
[2026-08-12T01:31:27.136+0000] {logging_mixin.py:151} INFO - [2026-08-12T01:31:27.135+0000] {dagbag.py:346} ERROR - Failed to import: /opt/airflow/dags/airflow.py
Traceback (most recent call last):
  File "/home/airflow/.local/lib/python3.8/site-packages/airflow/models/dagbag.py", line 342, in parse
    loader.exec_module(new_module)
  File "<frozen importlib._bootstrap_external>", line 843, in exec_module
  File "<frozen importlib._bootstrap>", line 219, in _call_with_frames_removed
  File "/opt/airflow/dags/airflow.py", line 23, in <module>
    from data_preprocessing_scripts.preprocessing import preprocess_data
ModuleNotFoundError: No module named 'data_preprocessing_scripts'
[2026-08-12T01:31:27.137+0000] {processor.py:841} WARNING - No viable dags retrieved from /opt/airflow/dags/airflow.py
[2026-08-12T01:31:27.156+0000] {processor.py:179} INFO - Processing /opt/airflow/dags/airflow.py took 0.099 seconds
[2026-08-12T01:31:57.397+0000] {processor.py:157} INFO - Started process (PID=6537) to work on /opt/airflow/dags/airflow.py
[2026-08-12T01:31:57.398+0000] {processor.py:829} INFO - Processing file /opt/airflow/dags/airflow.py for tasks to queue
[2026-08-12T01:31:57.400+0000] {logging_mixin.py:151} INFO - [2026-08-12T01:31:57.399+0000] {dagbag.py:536} INFO - Filling up the DagBag from /opt/airflow/dags/airflow.py
[2026-08-12T01:31:57.479+0000] {logging_mixin.py:151} INFO - [2026-08-12T01:31:57.479+0000] {dagbag.py:346} ERROR - Failed to import: /opt/airflow/dags/airflow.py
Traceback (most recent call last):
  File "/home/airflow/.local/lib/python3.8/site-packages/airflow/models/dagbag.py", line 342, in parse
    loader.exec_module(new_module)
  File "<frozen importlib._bootstrap_external>", line 843, in exec_module
  File "<frozen importlib._bootstrap>", line 219, in _call_with_frames_removed
  File "/opt/airflow/dags/airflow.py", line 23, in <module>
    from data_preprocessing_scripts.preprocessing import preprocess_data
ModuleNotFoundError: No module named 'data_preprocessing_scripts'
[2026-08-12T01:31:57.480+0000] {processor.py:841} WARNING - No viable dags retrieved from /opt/airflow/dags/airflow.py
[2026-08-12T01:31:57.496+0000] {processor.py:179} INFO - Processing /opt/airflow/dags/airflow.py took 0.102 seconds
[2026-08-12T01:32:27.714+0000] {processor.py:157} INFO - Started process (PID=6545) to work on /opt/airflow/dags/airflow.py
[2026-08-12T01:32:27.715+0000] {processor.py:829} INFO - Processing file /opt/airflow/dags/airflow.py for tasks to queue
[2026-08-12T01:32:27.717+0000] {logging_mixin.py:151} INFO - [2026-08-12T01:32:27.717+0000] {dagbag.py:536} INFO - Filling up the DagBag from /opt/airflow/dags/airflow.py
[2026-08-12T01:32:27.789+0000] {logging_mixin.py:151} INFO - [2026-08-12T01:32:27.789+0000] {dagbag.py:346} ERROR - Failed to import: /opt/airflow/dags/airflow.py
Traceback (most recent call last):
  File "/home/airflow/.local/lib/python3.8/site-packages/airflow/models/dagbag.py", line 342, in parse
    loader.exec_module(new_module)
  File "<frozen importlib._bootstrap_external>", line 843, in exec_module
  File "<frozen importlib._bootstrap>", line 219, in _call_with_frames_removed
  File "/opt/airflow/dags/airflow.py", line 23, in <module>
    from data_preprocessing_scripts.preprocessing import preprocess_data
ModuleNotFoundError: No module named 'data_preprocessing_scripts'
[2026-08-12T01:32:27.790+0000] {processor.py:841} WARNING - No viable dags retrieved from /opt/airflow/dags/airflow.py
[2026-08-12T01:32:27.798+0000] {processor.py:179} INFO - Processing /opt/airflow/dags/airflow.py took 0.088 seconds
[2026-08-12T01:32:58.071+0000] {processor.py:157} INFO - Started process (PID=6553) to work on /opt/airflow/dags/airflow.py
[2026-08-12T01:32:58.072+0000] {processor.py:829} INFO - Processing file /opt/airflow/dags/airflow.py for tasks to queue
[2026-08-12T01:32:58.074+0000] {logging_mixin.py:151} INFO - [2026-08-12T01:32:58.073+0000] {dagbag.py:536} INFO - Filling up the DagBag from /opt/airflow/dags/airflow.py
[2026-08-12T01:32:58.135+0000] {logging_mixin.py:151} INFO - [2026-08-12T01:32:58.134+0000] {dagbag.py:346} ERROR - Failed to import: /opt/airflow/dags/airflow.py
Traceback (most recent call last):
  File "/home/airflow/.local/lib/python3.8/site-packages/airflow/models/dagbag.py", line 342, in parse
    loader.exec_module(new_module)
  File "<frozen importlib._bootstrap_external>", line 843, in exec_module
  File "<frozen importlib._bootstrap>", line 219, in _call_with_frames_removed
  File "/opt/airflow/dags/airflow.py", line 23, in <module>
    from data_preprocessing_scripts.preprocessing import preprocess_data
ModuleNotFoundError: No module named 'data_preprocessing_scripts'
[2026-08-12T01:32:58.135+0000] {processor.py:841} WARNING - No viable dags retrieved from /opt/airflow/dags/airflow.py
[2026-08-12T01:32:58.143+0000] {processor.py:179} INFO - Processing /opt/airflow/dags/airflow.py took 0.076 seconds
[2026-08-12T01:33:28.362+0000] {processor.py:157} INFO - Started process (PID=6561) to work on /opt/airflow/dags/airflow.py
[2026-08-12T01:33:28.363+0000] {processor.py:829} INFO - Processing file /opt/airflow/dags/airflow.py for tasks to queue
[2026-08-12T01:33:28.365+0000] {logging_mixin.py:151} INFO - [2026-08-12T01:33:28.365+0000] {dagbag.py:536} INFO - Filling up the DagBag from /opt/airflow/dags/airflow.py
[2026-08-12T01:33:28.440+0000] {logging_mixin.py:151} INFO - [2026-08-12T01:33:28.439+0000] {dagbag.py:346} ERROR - Failed to import: /opt/airflow/dags/airflow.py
Traceback (most recent call last):
  File "/home/airflow/.local/lib/python3.8/site-packages/airflow/models/dagbag.py", line 342, in parse
    loader.exec_module(new_module)
  File "<frozen importlib._bootstrap_external>", line 843, in exec_module
  File "<frozen importlib._bootstrap>", line 219, in _call_with_frames_removed
  File "/opt/airflow/dags/airflow.py", line 23, in <module>
    from data_preprocessing_scripts.preprocessing import preprocess_data
ModuleNotFoundError: No module named 'data_preprocessing_scripts'
[2026-08-12T01:33:28.440+0000] {processor.py:841} WARNING - No viable dags retrieved from /opt/airflow/dags/airflow.py
[2026-08-12T01:33:28.449+0000] {processor.py:179} INFO - Processing /opt/airflow/dags/airflow.py took 0.089 seconds
[2026-08-12T01:33:58.644+0000] {processor.py:157} INFO - Started process (PID=6569) to work on /opt/airflow/dags/airflow.py
[2026-08-12T01:33:58.645+0000] {processor.py:829} INFO - Processing file /opt/airflow/dags/airflow.py for tasks to queue
[2026-08-12T01:33:58.648+0000] {logging_mixin.py:151} INFO - [2026-08-12T01:33:58.647+0000] {dagbag.py:536} INFO - Filling up the DagBag from /opt/airflow/dags/airflow.py
[2026-08-12T01:33:58.723+0000] {logging_mixin.py:151} INFO - [2026-08-12T01:33:58.722+0000] {dagbag.py:346} ERROR - Failed to import: /opt/airflow/dags/airflow.py
Traceback (most recent call last):
  File "/home/airflow/.local/lib/python3.8/site-packages/airflow/models/dagbag.py", line 342, in parse
    loader.exec_module(new_module)
  File "<frozen importlib._bootstrap_external>", line 843, in exec_module
  File "<frozen importlib._bootstrap>", line 219, in _call_with_frames_removed
  File "/opt/airflow/dags/airflow.py", line 23, in <module>
    from data_preprocessing_scripts.preprocessing import preprocess_data
ModuleNotFoundError: No module named 'data_preprocessing_scripts'
[2026-08-12T01:33:58.723+0000] {processor.py:841} WARNING - No viable dags retrieved from /opt/airflow/dags/airflow.py
[2026-08-12T01:33:58.734+0000] {processor.py:179} INFO - Processing /opt/airflow/dags/airflow.py took 0.094 seconds
[2026-08-12T01:34:28.935+0000] {processor.py:157} INFO - Started process (PID=6577) to work on /opt/airflow/dags/airflow.py
[2026-08-12T01:34:28.936+0000] {processor.py:829} INFO - Processing file /opt/airflow/dags/airflow.py for tasks to queue
[2026-08-12T01:34:28.938+0000] {logging_mixin.py:151} INFO - [2026-08-12T01:34:28.938+0000] {dagbag.py:536} INFO - Filling up the DagBag from /opt/airflow/dags/airflow.py
[2026-08-12T01:34:29.002+0000] {logging_mixin.py:151} INFO - [2026-08-12T01:34:29.001+0000] {dagbag.py:346} ERROR - Failed to import: /opt/airflow/dags/airflow.py
Traceback (most recent call last):
  File "/home/airflow/.local/lib/python3.8/site-packages/airflow/models/dagbag.py", line 342, in parse
    loader.exec_module(new_module)
  File "<frozen importlib._bootstrap_external>", line 843, in exec_module
  File "<frozen importlib._bootstrap>", line 219, in _call_with_frames_removed
  File "/opt/airflow/dags/airflow.py", line 23, in <module>
    from data_preprocessing_scripts.preprocessing import preprocess_data
ModuleNotFoundError: No module named 'data_preprocessing_scripts'
[2026-08-12T01:34:29.002+0000] {processor.py:841} WARNING - No viable dags retrieved from /opt/airflow/dags/airflow.py
[2026-08-12T01:34:29.011+0000] {processor.py:179} INFO - Processing /opt/airflow/dags/airflow.py took 0.080 seconds
[2026-08-12T01:34:59.324+0000] {processor.py:157} INFO - Started process (PID=6585) to work on /opt/airflow/dags/airflow.py
[2026-08-12T01:34:59.325+0000] {processor.py:829} INFO - Processing file /opt/airflow/dags/airflow.py for tasks to queue
[2026-08-12T01:34:59.329+0000] {logging_mixin.py:151} INFO - [2026-08-12T01:34:59.329+0000] {dagbag.py:536} INFO - Filling up the DagBag from /opt/airflow/dags/airflow.py
[2026-08-12T01:34:59.407+0000] {logging_mixin.py:151} INFO - [2026-08-12T01:34:59.406+0000] {dagbag.py:346} ERROR - Failed to import: /opt/airflow/dags/airflow.py
Traceback (most recent call last):
  File "/home/airflow/.local/lib/python3.8/site-packages/airflow/models/dagbag.py", line 342, in parse
    loader.exec_module(new_module)
  File "<frozen importlib._bootstrap_external>", line 843, in exec_module
  File "<frozen importlib._bootstrap>", line 219, in _call_with_frames_removed
  File "/opt/airflow/dags/airflow.py", line 23, in <module>
    from data_preprocessing_scripts.preprocessing import preprocess_data
ModuleNotFoundError: No module named 'data_preprocessing_scripts'
[2026-08-12T01:34:59.407+0000] {processor.py:841} WARNING - No viable dags retrieved from /opt/airflow/dags/airflow.py
[2026-08-12T01:34:59.421+0000] {processor.py:179} INFO - Processing /opt/airflow/dags/airflow.py took 0.106 seconds
[2026-08-12T01:35:29.662+0000] {processor.py:157} INFO - Started process (PID=6593) to work on /opt/airflow/dags/airflow.py
[2026-08-12T01:35:29.662+0000] {processor.py:829} INFO - Processing file /opt/airflow/dags/airflow.py for tasks to queue
[2026-08-12T01:35:29.663+0000] {logging_mixin.py:151} INFO - [2026-08-12T01:35:29.663+0000] {dagbag.py:536} INFO - Filling up the DagBag from /opt/airflow/dags/airflow.py
[2026-08-12T01:35:29.720+0000] {logging_mixin.py:151} INFO - [2026-08-12T01:35:29.719+0000] {dagbag.py:346} ERROR - Failed to import: /opt/airflow/dags/airflow.py
Traceback (most recent call last):
  File "/home/airflow/.local/lib/python3.8/site-packages/airflow/models/dagbag.py", line 342, in parse
    loader.exec_module(new_module)
  File "<frozen importlib._bootstrap_external>", line 843, in exec_module
  File "<frozen importlib._bootstrap>", line 219, in _call_with_frames_removed
  File "/opt/airflow/dags/airflow.py", line 23, in <module>
    from data_preprocessing_scripts.preprocessing import preprocess_data
ModuleNotFoundError: No module named 'data_preprocessing_scripts'
[2026-08-12T01:35:29.720+0000] {processor.py:841} WARNING - No viable dags retrieved from /opt/airflow/dags/airflow.py
[2026-08-12T01:35:29.729+0000] {processor.py:179} INFO - Processing /opt/airflow/dags/airflow.py took 0.070 seconds
[2026-08-12T01:36:00.003+0000] {processor.py:157} INFO - Started process (PID=6600) to work on /opt/airflow/dags/airflow.py
[2026-08-12T01:36:00.005+0000] {processor.py:829} INFO - Processing file /opt/airflow/dags/airflow.py for tasks to queue
[2026-08-12T01:36:00.011+0000] {logging_mixin.py:151} INFO - [2026-08-12T01:36:00.010+0000] {dagbag.py:536} INFO - Filling up the DagBag from /opt/airflow/dags/airflow.py
[2026-08-12T01:36:00.098+0000] {logging_mixin.py:151} INFO - [2026-08-12T01:36:00.097+0000] {dagbag.py:346} ERROR - Failed to import: /opt/airflow/dags/airflow.py
Traceback (most recent call last):
  File "/home/airflow/.local/lib/python3.8/site-packages/airflow/models/dagbag.py", line 342, in parse
    loader.exec_module(new_module)
  File "<frozen importlib._bootstrap_external>", line 843, in exec_module
  File "<frozen importlib._bootstrap>", line 219, in _call_with_frames_removed
  File "/opt/airflow/dags/airflow.py", line 23, in <module>
    from data_preprocessing_scripts.preprocessing import preprocess_data
ModuleNotFoundError: No module named 'data_preprocessing_scripts'
[2026-08-12T01:36:00.099+0000] {processor.py:841} WARNING - No viable dags retrieved from /opt/airflow/dags/airflow.py
[2026-08-12T01:36:00.113+0000] {processor.py:179} INFO - Processing /opt/airflow/dags/airflow.py took 0.117 seconds
[2026-08-12T01:36:30.308+0000] {processor.py:157} INFO - Started process (PID=6608) to work on /opt/airflow/dags/airflow.py
[2026-08-12T01:36:30.309+0000] {processor.py:829} INFO - Processing file /opt/airflow/dags/airflow.py for tasks to queue
[2026-08-12T01:36:30.311+0000] {logging_mixin.py:151} INFO - [2026-08-12T01:36:30.311+0000] {dagbag.py:536} INFO - Filling up the DagBag from /opt/airflow/dags/airflow.py
[2026-08-12T01:36:30.379+0000] {logging_mixin.py:151} INFO - [2026-08-12T01:36:30.378+0000] {dagbag.py:346} ERROR - Failed to import: /opt/airflow/dags/airflow.py
Traceback (most recent call last):
  File "/home/airflow/.local/lib/python3.8/site-packages/airflow/models/dagbag.py", line 342, in parse
    loader.exec_module(new_module)
  File "<frozen importlib._bootstrap_external>", line 843, in exec_module
  File "<frozen importlib._bootstrap>", line 219, in _call_with_frames_removed
  File "/opt/airflow/dags/airflow.py", line 23, in <module>
    from data_preprocessing_scripts.preprocessing import preprocess_data
ModuleNotFoundError: No module named 'data_preprocessing_scripts'
[2026-08-12T01:36:30.379+0000] {processor.py:841} WARNING - No viable dags retrieved from /opt/airflow/dags/airflow.py
[2026-08-12T01:36:30.388+0000] {processor.py:179} INFO - Processing /opt/airflow/dags/airflow.py took 0.083 seconds
[2026-08-12T01:37:00.632+0000] {processor.py:157} INFO - Started process (PID=6616) to work on /opt/airflow/dags/airflow.py
[2026-08-12T01:37:00.634+0000] {processor.py:829} INFO - Processing file /opt/airflow/dags/airflow.py for tasks to queue
[2026-08-12T01:37:00.644+0000] {logging_mixin.py:151} INFO - [2026-08-12T01:37:00.641+0000] {dagbag.py:536} INFO - Filling up the DagBag from /opt/airflow/dags/airflow.py
[2026-08-12T01:37:00.729+0000] {logging_mixin.py:151} INFO - [2026-08-12T01:37:00.728+0000] {dagbag.py:346} ERROR - Failed to import: /opt/airflow/dags/airflow.py
Traceback (most recent call last):
  File "/home/airflow/.local/lib/python3.8/site-packages/airflow/models/dagbag.py", line 342, in parse
    loader.exec_module(new_module)
  File "<frozen importlib._bootstrap_external>", line 843, in exec_module
  File "<frozen importlib._bootstrap>", line 219, in _call_with_frames_removed
  File "/opt/airflow/dags/airflow.py", line 23, in <module>
    from data_preprocessing_scripts.preprocessing import preprocess_data
ModuleNotFoundError: No module named 'data_preprocessing_scripts'
[2026-08-12T01:37:00.729+0000] {processor.py:841} WARNING - No viable dags retrieved from /opt/airflow/dags/airflow.py
[2026-08-12T01:37:00.747+0000] {processor.py:179} INFO - Processing /opt/airflow/dags/airflow.py took 0.120 seconds
[2026-08-12T01:37:30.943+0000] {processor.py:157} INFO - Started process (PID=6624) to work on /opt/airflow/dags/airflow.py
[2026-08-12T01:37:30.944+0000] {processor.py:829} INFO - Processing file /opt/airflow/dags/airflow.py for tasks to queue
[2026-08-12T01:37:30.948+0000] {logging_mixin.py:151} INFO - [2026-08-12T01:37:30.948+0000] {dagbag.py:536} INFO - Filling up the DagBag from /opt/airflow/dags/airflow.py
[2026-08-12T01:37:31.009+0000] {logging_mixin.py:151} INFO - [2026-08-12T01:37:31.009+0000] {dagbag.py:346} ERROR - Failed to import: /opt/airflow/dags/airflow.py
Traceback (most recent call last):
  File "/home/airflow/.local/lib/python3.8/site-packages/airflow/models/dagbag.py", line 342, in parse
    loader.exec_module(new_module)
  File "<frozen importlib._bootstrap_external>", line 843, in exec_module
  File "<frozen importlib._bootstrap>", line 219, in _call_with_frames_removed
  File "/opt/airflow/dags/airflow.py", line 23, in <module>
    from data_preprocessing_scripts.preprocessing import preprocess_data
ModuleNotFoundError: No module named 'data_preprocessing_scripts'
[2026-08-12T01:37:31.009+0000] {processor.py:841} WARNING - No viable dags retrieved from /opt/airflow/dags/airflow.py
[2026-08-12T01:37:31.018+0000] {processor.py:179} INFO - Processing /opt/airflow/dags/airflow.py took 0.080 seconds
[2026-08-12T01:38:01.311+0000] {processor.py:157} INFO - Started process (PID=6632) to work on /opt/airflow/dags/airflow.py
[2026-08-12T01:38:01.313+0000] {processor.py:829} INFO - Processing file /opt/airflow/dags/airflow.py for tasks to queue
[2026-08-12T01:38:01.317+0000] {logging_mixin.py:151} INFO - [2026-08-12T01:38:01.316+0000] {dagbag.py:536} INFO - Filling up the DagBag from /opt/airflow/dags/airflow.py
[2026-08-12T01:38:01.413+0000] {logging_mixin.py:151} INFO - [2026-08-12T01:38:01.412+0000] {dagbag.py:346} ERROR - Failed to import: /opt/airflow/dags/airflow.py
Traceback (most recent call last):
  File "/home/airflow/.local/lib/python3.8/site-packages/airflow/models/dagbag.py", line 342, in parse
    loader.exec_module(new_module)
  File "<frozen importlib._bootstrap_external>", line 843, in exec_module
  File "<frozen importlib._bootstrap>", line 219, in _call_with_frames_removed
  File "/opt/airflow/dags/airflow.py", line 23, in <module>
    from data_preprocessing_scripts.preprocessing import preprocess_data
ModuleNotFoundError: No module named 'data_preprocessing_scripts'
[2026-08-12T01:38:01.413+0000] {processor.py:841} WARNING - No viable dags retrieved from /opt/airflow/dags/airflow.py
[2026-08-12T01:38:01.426+0000] {processor.py:179} INFO - Processing /opt/airflow/dags/airflow.py took 0.120 seconds
[2026-08-12T01:38:31.648+0000] {processor.py:157} INFO - Started process (PID=6640) to work on /opt/airflow/dags/airflow.py
[2026-08-12T01:38:31.650+0000] {processor.py:829} INFO - Processing file /opt/airflow/dags/airflow.py for tasks to queue
[2026-08-12T01:38:31.652+0000] {logging_mixin.py:151} INFO - [2026-08-12T01:38:31.652+0000] {dagbag.py:536} INFO - Filling up the DagBag from /opt/airflow/dags/airflow.py
[2026-08-12T01:38:31.715+0000] {logging_mixin.py:151} INFO - [2026-08-12T01:38:31.715+0000] {dagbag.py:346} ERROR - Failed to import: /opt/airflow/dags/airflow.py
Traceback (most recent call last):
  File "/home/airflow/.local/lib/python3.8/site-packages/airflow/models/dagbag.py", line 342, in parse
    loader.exec_module(new_module)
  File "<frozen importlib._bootstrap_external>", line 843, in exec_module
  File "<frozen importlib._bootstrap>", line 219, in _call_with_frames_removed
  File "/opt/airflow/dags/airflow.py", line 23, in <module>
    from data_preprocessing_scripts.preprocessing import preprocess_data
ModuleNotFoundError: No module named 'data_preprocessing_scripts'
[2026-08-12T01:38:31.715+0000] {processor.py:841} WARNING - No viable dags retrieved from /opt/airflow/dags/airflow.py
[2026-08-12T01:38:31.724+0000] {processor.py:179} INFO - Processing /opt/airflow/dags/airflow.py took 0.080 seconds
[2026-08-12T01:39:01.957+0000] {processor.py:157} INFO - Started process (PID=6648) to work on /opt/airflow/dags/airflow.py
[2026-08-12T01:39:01.958+0000] {processor.py:829} INFO - Processing file /opt/airflow/dags/airflow.py for tasks to queue
[2026-08-12T01:39:01.962+0000] {logging_mixin.py:151} INFO - [2026-08-12T01:39:01.961+0000] {dagbag.py:536} INFO - Filling up the DagBag from /opt/airflow/dags/airflow.py
[2026-08-12T01:39:02.044+0000] {logging_mixin.py:151} INFO - [2026-08-12T01:39:02.043+0000] {dagbag.py:346} ERROR - Failed to import: /opt/airflow/dags/airflow.py
Traceback (most recent call last):
  File "/home/airflow/.local/lib/python3.8/site-packages/airflow/models/dagbag.py", line 342, in parse
    loader.exec_module(new_module)
  File "<frozen importlib._bootstrap_external>", line 843, in exec_module
  File "<frozen importlib._bootstrap>", line 219, in _call_with_frames_removed
  File "/opt/airflow/dags/airflow.py", line 23, in <module>
    from data_preprocessing_scripts.preprocessing import preprocess_data
ModuleNotFoundError: No module named 'data_preprocessing_scripts'
[2026-08-12T01:39:02.044+0000] {processor.py:841} WARNING - No viable dags retrieved from /opt/airflow/dags/airflow.py
[2026-08-12T01:39:02.058+0000] {processor.py:179} INFO - Processing /opt/airflow/dags/airflow.py took 0.106 seconds
[2026-08-12T01:39:32.190+0000] {processor.py:157} INFO - Started process (PID=6656) to work on /opt/airflow/dags/airflow.py
[2026-08-12T01:39:32.191+0000] {processor.py:829} INFO - Processing file /opt/airflow/dags/airflow.py for tasks to queue
[2026-08-12T01:39:32.193+0000] {logging_mixin.py:151} INFO - [2026-08-12T01:39:32.193+0000] {dagbag.py:536} INFO - Filling up the DagBag from /opt/airflow/dags/airflow.py
[2026-08-12T01:39:32.251+0000] {logging_mixin.py:151} INFO - [2026-08-12T01:39:32.251+0000] {dagbag.py:346} ERROR - Failed to import: /opt/airflow/dags/airflow.py
Traceback (most recent call last):
  File "/home/airflow/.local/lib/python3.8/site-packages/airflow/models/dagbag.py", line 342, in parse
    loader.exec_module(new_module)
  File "<frozen importlib._bootstrap_external>", line 843, in exec_module
  File "<frozen importlib._bootstrap>", line 219, in _call_with_frames_removed
  File "/opt/airflow/dags/airflow.py", line 23, in <module>
    from data_preprocessing_scripts.preprocessing import preprocess_data
ModuleNotFoundError: No module named 'data_preprocessing_scripts'
[2026-08-12T01:39:32.252+0000] {processor.py:841} WARNING - No viable dags retrieved from /opt/airflow/dags/airflow.py
[2026-08-12T01:39:32.261+0000] {processor.py:179} INFO - Processing /opt/airflow/dags/airflow.py took 0.075 seconds
[2026-08-12T01:40:02.547+0000] {processor.py:157} INFO - Started process (PID=6664) to work on /opt/airflow/dags/airflow.py
[2026-08-12T01:40:02.548+0000] {processor.py:829} INFO - Processing file /opt/airflow/dags/airflow.py for tasks to queue
[2026-08-12T01:40:02.551+0000] {logging_mixin.py:151} INFO - [2026-08-12T01:40:02.551+0000] {dagbag.py:536} INFO - Filling up the DagBag from /opt/airflow/dags/airflow.py
[2026-08-12T01:40:02.637+0000] {logging_mixin.py:151} INFO - [2026-08-12T01:40:02.636+0000] {dagbag.py:346} ERROR - Failed to import: /opt/airflow/dags/airflow.py
Traceback (most recent call last):
  File "/home/airflow/.local/lib/python3.8/site-packages/airflow/models/dagbag.py", line 342, in parse
    loader.exec_module(new_module)
  File "<frozen importlib._bootstrap_external>", line 843, in exec_module
  File "<frozen importlib._bootstrap>", line 219, in _call_with_frames_removed
  File "/opt/airflow/dags/airflow.py", line 23, in <module>
    from data_preprocessing_scripts.preprocessing import preprocess_data
ModuleNotFoundError: No module named 'data_preprocessing_scripts'
[2026-08-12T01:40:02.637+0000] {processor.py:841} WARNING - No viable dags retrieved from /opt/airflow/dags/airflow.py
[2026-08-12T01:40:02.649+0000] {processor.py:179} INFO - Processing /opt/airflow/dags/airflow.py took 0.108 seconds
[2026-08-12T01:40:32.885+0000] {processor.py:157} INFO - Started process (PID=6672) to work on /opt/airflow/dags/airflow.py
[2026-08-12T01:40:32.886+0000] {processor.py:829} INFO - Processing file /opt/airflow/dags/airflow.py for tasks to queue
[2026-08-12T01:40:32.888+0000] {logging_mixin.py:151} INFO - [2026-08-12T01:40:32.888+0000] {dagbag.py:536} INFO - Filling up the DagBag from /opt/airflow/dags/airflow.py
[2026-08-12T01:40:32.950+0000] {logging_mixin.py:151} INFO - [2026-08-12T01:40:32.949+0000] {dagbag.py:346} ERROR - Failed to import: /opt/airflow/dags/airflow.py
Traceback (most recent call last):
  File "/home/airflow/.local/lib/python3.8/site-packages/airflow/models/dagbag.py", line 342, in parse
    loader.exec_module(new_module)
  File "<frozen importlib._bootstrap_external>", line 843, in exec_module
  File "<frozen importlib._bootstrap>", line 219, in _call_with_frames_removed
  File "/opt/airflow/dags/airflow.py", line 23, in <module>
    from data_preprocessing_scripts.preprocessing import preprocess_data
ModuleNotFoundError: No module named 'data_preprocessing_scripts'
[2026-08-12T01:40:32.950+0000] {processor.py:841} WARNING - No viable dags retrieved from /opt/airflow/dags/airflow.py
[2026-08-12T01:40:32.958+0000] {processor.py:179} INFO - Processing /opt/airflow/dags/airflow.py took 0.077 seconds
[2026-08-12T01:41:03.273+0000] {processor.py:157} INFO - Started process (PID=6680) to work on /opt/airflow/dags/airflow.py
[2026-08-12T01:41:03.274+0000] {processor.py:829} INFO - Processing file /opt/airflow/dags/airflow.py for tasks to queue
[2026-08-12T01:41:03.278+0000] {logging_mixin.py:151} INFO - [2026-08-12T01:41:03.278+0000] {dagbag.py:536} INFO - Filling up the DagBag from /opt/airflow/dags/airflow.py
[2026-08-12T01:41:03.352+0000] {logging_mixin.py:151} INFO - [2026-08-12T01:41:03.351+0000] {dagbag.py:346} ERROR - Failed to import: /opt/airflow/dags/airflow.py
Traceback (most recent call last):
  File "/home/airflow/.local/lib/python3.8/site-packages/airflow/models/dagbag.py", line 342, in parse
    loader.exec_module(new_module)
  File "<frozen importlib._bootstrap_external>", line 843, in exec_module
  File "<frozen importlib._bootstrap>", line 219, in _call_with_frames_removed
  File "/opt/airflow/dags/airflow.py", line 23, in <module>
    from data_preprocessing_scripts.preprocessing import preprocess_data
ModuleNotFoundError: No module named 'data_preprocessing_scripts'
[2026-08-12T01:41:03.352+0000] {processor.py:841} WARNING - No viable dags retrieved from /opt/airflow/dags/airflow.py
[2026-08-12T01:41:03.363+0000] {processor.py:179} INFO - Processing /opt/airflow/dags/airflow.py took 0.095 seconds
[2026-08-12T01:41:33.566+0000] {processor.py:157} INFO - Started process (PID=6688) to work on /opt/airflow/dags/airflow.py
[2026-08-12T01:41:33.566+0000] {processor.py:829} INFO - Processing file /opt/airflow/dags/airflow.py for tasks to queue
[2026-08-12T01:41:33.568+0000] {logging_mixin.py:151} INFO - [2026-08-12T01:41:33.568+0000] {dagbag.py:536} INFO - Filling up the DagBag from /opt/airflow/dags/airflow.py
[2026-08-12T01:41:33.629+0000] {logging_mixin.py:151} INFO - [2026-08-12T01:41:33.628+0000] {dagbag.py:346} ERROR - Failed to import: /opt/airflow/dags/airflow.py
Traceback (most recent call last):
  File "/home/airflow/.local/lib/python3.8/site-packages/airflow/models/dagbag.py", line 342, in parse
    loader.exec_module(new_module)
  File "<frozen importlib._bootstrap_external>", line 843, in exec_module
  File "<frozen importlib._bootstrap>", line 219, in _call_with_frames_removed
  File "/opt/airflow/dags/airflow.py", line 23, in <module>
    from data_preprocessing_scripts.preprocessing import preprocess_data
ModuleNotFoundError: No module named 'data_preprocessing_scripts'
[2026-08-12T01:41:33.629+0000] {processor.py:841} WARNING - No viable dags retrieved from /opt/airflow/dags/airflow.py
[2026-08-12T01:41:33.638+0000] {processor.py:179} INFO - Processing /opt/airflow/dags/airflow.py took 0.075 seconds
[2026-08-12T01:42:03.879+0000] {processor.py:157} INFO - Started process (PID=6696) to work on /opt/airflow/dags/airflow.py
[2026-08-12T01:42:03.882+0000] {processor.py:829} INFO - Processing file /opt/airflow/dags/airflow.py for tasks to queue
[2026-08-12T01:42:03.885+0000] {logging_mixin.py:151} INFO - [2026-08-12T01:42:03.884+0000] {dagbag.py:536} INFO - Filling up the DagBag from /opt/airflow/dags/airflow.py
[2026-08-12T01:42:03.961+0000] {logging_mixin.py:151} INFO - [2026-08-12T01:42:03.960+0000] {dagbag.py:346} ERROR - Failed to import: /opt/airflow/dags/airflow.py
Traceback (most recent call last):
  File "/home/airflow/.local/lib/python3.8/site-packages/airflow/models/dagbag.py", line 342, in parse
    loader.exec_module(new_module)
  File "<frozen importlib._bootstrap_external>", line 843, in exec_module
  File "<frozen importlib._bootstrap>", line 219, in _call_with_frames_removed
  File "/opt/airflow/dags/airflow.py", line 23, in <module>
    from data_preprocessing_scripts.preprocessing import preprocess_data
ModuleNotFoundError: No module named 'data_preprocessing_scripts'
[2026-08-12T01:42:03.961+0000] {processor.py:841} WARNING - No viable dags retrieved from /opt/airflow/dags/airflow.py
[2026-08-12T01:42:03.970+0000] {processor.py:179} INFO - Processing /opt/airflow/dags/airflow.py took 0.095 seconds
[2026-08-12T01:42:34.193+0000] {processor.py:157} INFO - Started process (PID=6704) to work on /opt/airflow/dags/airflow.py
[2026-08-12T01:42:34.195+0000] {processor.py:829} INFO - Processing file /opt/airflow/dags/airflow.py for tasks to queue
[2026-08-12T01:42:34.197+0000] {logging_mixin.py:151} INFO - [2026-08-12T01:42:34.197+0000] {dagbag.py:536} INFO - Filling up the DagBag from /opt/airflow/dags/airflow.py
[2026-08-12T01:42:34.256+0000] {logging_mixin.py:151} INFO - [2026-08-12T01:42:34.255+0000] {dagbag.py:346} ERROR - Failed to import: /opt/airflow/dags/airflow.py
Traceback (most recent call last):
  File "/home/airflow/.local/lib/python3.8/site-packages/airflow/models/dagbag.py", line 342, in parse
    loader.exec_module(new_module)
  File "<frozen importlib._bootstrap_external>", line 843, in exec_module
  File "<frozen importlib._bootstrap>", line 219, in _call_with_frames_removed
  File "/opt/airflow/dags/airflow.py", line 23, in <module>
    from data_preprocessing_scripts.preprocessing import preprocess_data
ModuleNotFoundError: No module named 'data_preprocessing_scripts'
[2026-08-12T01:42:34.256+0000] {processor.py:841} WARNING - No viable dags retrieved from /opt/airflow/dags/airflow.py
[2026-08-12T01:42:34.264+0000] {processor.py:179} INFO - Processing /opt/airflow/dags/airflow.py took 0.075 seconds
[2026-08-12T01:43:04.570+0000] {processor.py:157} INFO - Started process (PID=6712) to work on /opt/airflow/dags/airflow.py
[2026-08-12T01:43:04.571+0000] {processor.py:829} INFO - Processing file /opt/airflow/dags/airflow.py for tasks to queue
[2026-08-12T01:43:04.574+0000] {logging_mixin.py:151} INFO - [2026-08-12T01:43:04.573+0000] {dagbag.py:536} INFO - Filling up the DagBag from /opt/airflow/dags/airflow.py
[2026-08-12T01:43:04.637+0000] {logging_mixin.py:151} INFO - [2026-08-12T01:43:04.637+0000] {dagbag.py:346} ERROR - Failed to import: /opt/airflow/dags/airflow.py
Traceback (most recent call last):
  File "/home/airflow/.local/lib/python3.8/site-packages/airflow/models/dagbag.py", line 342, in parse
    loader.exec_module(new_module)
  File "<frozen importlib._bootstrap_external>", line 843, in exec_module
  File "<frozen importlib._bootstrap>", line 219, in _call_with_frames_removed
  File "/opt/airflow/dags/airflow.py", line 23, in <module>
    from data_preprocessing_scripts.preprocessing import preprocess_data
ModuleNotFoundError: No module named 'data_preprocessing_scripts'
[2026-08-12T01:43:04.638+0000] {processor.py:841} WARNING - No viable dags retrieved from /opt/airflow/dags/airflow.py
[2026-08-12T01:43:04.647+0000] {processor.py:179} INFO - Processing /opt/airflow/dags/airflow.py took 0.082 seconds
[2026-08-12T01:43:34.885+0000] {processor.py:157} INFO - Started process (PID=6720) to work on /opt/airflow/dags/airflow.py
[2026-08-12T01:43:34.886+0000] {processor.py:829} INFO - Processing file /opt/airflow/dags/airflow.py for tasks to queue
[2026-08-12T01:43:34.888+0000] {logging_mixin.py:151} INFO - [2026-08-12T01:43:34.888+0000] {dagbag.py:536} INFO - Filling up the DagBag from /opt/airflow/dags/airflow.py
[2026-08-12T01:43:34.957+0000] {logging_mixin.py:151} INFO - [2026-08-12T01:43:34.956+0000] {dagbag.py:346} ERROR - Failed to import: /opt/airflow/dags/airflow.py
Traceback (most recent call last):
  File "/home/airflow/.local/lib/python3.8/site-packages/airflow/models/dagbag.py", line 342, in parse
    loader.exec_module(new_module)
  File "<frozen importlib._bootstrap_external>", line 843, in exec_module
  File "<frozen importlib._bootstrap>", line 219, in _call_with_frames_removed
  File "/opt/airflow/dags/airflow.py", line 23, in <module>
    from data_preprocessing_scripts.preprocessing import preprocess_data
ModuleNotFoundError: No module named 'data_preprocessing_scripts'
[2026-08-12T01:43:34.968+0000] {processor.py:841} WARNING - No viable dags retrieved from /opt/airflow/dags/airflow.py
[2026-08-12T01:43:34.977+0000] {processor.py:179} INFO - Processing /opt/airflow/dags/airflow.py took 0.094 seconds
[2026-08-12T01:44:05.149+0000] {processor.py:157} INFO - Started process (PID=6728) to work on /opt/airflow/dags/airflow.py
[2026-08-12T01:44:05.150+0000] {processor.py:829} INFO - Processing file /opt/airflow/dags/airflow.py for tasks to queue
[2026-08-12T01:44:05.153+0000] {logging_mixin.py:151} INFO - [2026-08-12T01:44:05.153+0000] {dagbag.py:536} INFO - Filling up the DagBag from /opt/airflow/dags/airflow.py
[2026-08-12T01:44:05.221+0000] {logging_mixin.py:151} INFO - [2026-08-12T01:44:05.220+0000] {dagbag.py:346} ERROR - Failed to import: /opt/airflow/dags/airflow.py
Traceback (most recent call last):
  File "/home/airflow/.local/lib/python3.8/site-packages/airflow/models/dagbag.py", line 342, in parse
    loader.exec_module(new_module)
  File "<frozen importlib._bootstrap_external>", line 843, in exec_module
  File "<frozen importlib._bootstrap>", line 219, in _call_with_frames_removed
  File "/opt/airflow/dags/airflow.py", line 23, in <module>
    from data_preprocessing_scripts.preprocessing import preprocess_data
ModuleNotFoundError: No module named 'data_preprocessing_scripts'
[2026-08-12T01:44:05.221+0000] {processor.py:841} WARNING - No viable dags retrieved from /opt/airflow/dags/airflow.py
[2026-08-12T01:44:05.232+0000] {processor.py:179} INFO - Processing /opt/airflow/dags/airflow.py took 0.088 seconds
[2026-08-12T01:44:35.395+0000] {processor.py:157} INFO - Started process (PID=6736) to work on /opt/airflow/dags/airflow.py
[2026-08-12T01:44:35.395+0000] {processor.py:829} INFO - Processing file /opt/airflow/dags/airflow.py for tasks to queue
[2026-08-12T01:44:35.397+0000] {logging_mixin.py:151} INFO - [2026-08-12T01:44:35.397+0000] {dagbag.py:536} INFO - Filling up the DagBag from /opt/airflow/dags/airflow.py
[2026-08-12T01:44:35.461+0000] {logging_mixin.py:151} INFO - [2026-08-12T01:44:35.460+0000] {dagbag.py:346} ERROR - Failed to import: /opt/airflow/dags/airflow.py
Traceback (most recent call last):
  File "/home/airflow/.local/lib/python3.8/site-packages/airflow/models/dagbag.py", line 342, in parse
    loader.exec_module(new_module)
  File "<frozen importlib._bootstrap_external>", line 843, in exec_module
  File "<frozen importlib._bootstrap>", line 219, in _call_with_frames_removed
  File "/opt/airflow/dags/airflow.py", line 23, in <module>
    from data_preprocessing_scripts.preprocessing import preprocess_data
ModuleNotFoundError: No module named 'data_preprocessing_scripts'
[2026-08-12T01:44:35.461+0000] {processor.py:841} WARNING - No viable dags retrieved from /opt/airflow/dags/airflow.py
[2026-08-12T01:44:35.473+0000] {processor.py:179} INFO - Processing /opt/airflow/dags/airflow.py took 0.080 seconds
[2026-08-12T01:45:05.630+0000] {processor.py:157} INFO - Started process (PID=6744) to work on /opt/airflow/dags/airflow.py
[2026-08-12T01:45:05.631+0000] {processor.py:829} INFO - Processing file /opt/airflow/dags/airflow.py for tasks to queue
[2026-08-12T01:45:05.632+0000] {logging_mixin.py:151} INFO - [2026-08-12T01:45:05.632+0000] {dagbag.py:536} INFO - Filling up the DagBag from /opt/airflow/dags/airflow.py
[2026-08-12T01:45:05.685+0000] {logging_mixin.py:151} INFO - [2026-08-12T01:45:05.684+0000] {dagbag.py:346} ERROR - Failed to import: /opt/airflow/dags/airflow.py
Traceback (most recent call last):
  File "/home/airflow/.local/lib/python3.8/site-packages/airflow/models/dagbag.py", line 342, in parse
    loader.exec_module(new_module)
  File "<frozen importlib._bootstrap_external>", line 843, in exec_module
  File "<frozen importlib._bootstrap>", line 219, in _call_with_frames_removed
  File "/opt/airflow/dags/airflow.py", line 23, in <module>
    from data_preprocessing_scripts.preprocessing import preprocess_data
ModuleNotFoundError: No module named 'data_preprocessing_scripts'
[2026-08-12T01:45:05.685+0000] {processor.py:841} WARNING - No viable dags retrieved from /opt/airflow/dags/airflow.py
[2026-08-12T01:45:05.694+0000] {processor.py:179} INFO - Processing /opt/airflow/dags/airflow.py took 0.066 seconds
[2026-08-12T01:45:35.881+0000] {processor.py:157} INFO - Started process (PID=6752) to work on /opt/airflow/dags/airflow.py
[2026-08-12T01:45:35.881+0000] {processor.py:829} INFO - Processing file /opt/airflow/dags/airflow.py for tasks to queue
[2026-08-12T01:45:35.883+0000] {logging_mixin.py:151} INFO - [2026-08-12T01:45:35.883+0000] {dagbag.py:536} INFO - Filling up the DagBag from /opt/airflow/dags/airflow.py
[2026-08-12T01:45:35.933+0000] {logging_mixin.py:151} INFO - [2026-08-12T01:45:35.932+0000] {dagbag.py:346} ERROR - Failed to import: /opt/airflow/dags/airflow.py
Traceback (most recent call last):
  File "/home/airflow/.local/lib/python3.8/site-packages/airflow/models/dagbag.py", line 342, in parse
    loader.exec_module(new_module)
  File "<frozen importlib._bootstrap_external>", line 843, in exec_module
  File "<frozen importlib._bootstrap>", line 219, in _call_with_frames_removed
  File "/opt/airflow/dags/airflow.py", line 23, in <module>
    from data_preprocessing_scripts.preprocessing import preprocess_data
ModuleNotFoundError: No module named 'data_preprocessing_scripts'
[2026-08-12T01:45:35.933+0000] {processor.py:841} WARNING - No viable dags retrieved from /opt/airflow/dags/airflow.py
[2026-08-12T01:45:35.942+0000] {processor.py:179} INFO - Processing /opt/airflow/dags/airflow.py took 0.064 seconds
[2026-08-12T01:46:06.194+0000] {processor.py:157} INFO - Started process (PID=6760) to work on /opt/airflow/dags/airflow.py
[2026-08-12T01:46:06.195+0000] {processor.py:829} INFO - Processing file /opt/airflow/dags/airflow.py for tasks to queue
[2026-08-12T01:46:06.196+0000] {logging_mixin.py:151} INFO - [2026-08-12T01:46:06.196+0000] {dagbag.py:536} INFO - Filling up the DagBag from /opt/airflow/dags/airflow.py
[2026-08-12T01:46:06.266+0000] {logging_mixin.py:151} INFO - [2026-08-12T01:46:06.265+0000] {dagbag.py:346} ERROR - Failed to import: /opt/airflow/dags/airflow.py
Traceback (most recent call last):
  File "/home/airflow/.local/lib/python3.8/site-packages/airflow/models/dagbag.py", line 342, in parse
    loader.exec_module(new_module)
  File "<frozen importlib._bootstrap_external>", line 843, in exec_module
  File "<frozen importlib._bootstrap>", line 219, in _call_with_frames_removed
  File "/opt/airflow/dags/airflow.py", line 23, in <module>
    from data_preprocessing_scripts.preprocessing import preprocess_data
ModuleNotFoundError: No module named 'data_preprocessing_scripts'
[2026-08-12T01:46:06.266+0000] {processor.py:841} WARNING - No viable dags retrieved from /opt/airflow/dags/airflow.py
[2026-08-12T01:46:06.276+0000] {processor.py:179} INFO - Processing /opt/airflow/dags/airflow.py took 0.084 seconds
[2026-08-12T01:46:36.499+0000] {processor.py:157} INFO - Started process (PID=6768) to work on /opt/airflow/dags/airflow.py
[2026-08-12T01:46:36.508+0000] {processor.py:829} INFO - Processing file /opt/airflow/dags/airflow.py for tasks to queue
[2026-08-12T01:46:36.511+0000] {logging_mixin.py:151} INFO - [2026-08-12T01:46:36.511+0000] {dagbag.py:536} INFO - Filling up the DagBag from /opt/airflow/dags/airflow.py
[2026-08-12T01:46:36.570+0000] {logging_mixin.py:151} INFO - [2026-08-12T01:46:36.569+0000] {dagbag.py:346} ERROR - Failed to import: /opt/airflow/dags/airflow.py
Traceback (most recent call last):
  File "/home/airflow/.local/lib/python3.8/site-packages/airflow/models/dagbag.py", line 342, in parse
    loader.exec_module(new_module)
  File "<frozen importlib._bootstrap_external>", line 843, in exec_module
  File "<frozen importlib._bootstrap>", line 219, in _call_with_frames_removed
  File "/opt/airflow/dags/airflow.py", line 23, in <module>
    from data_preprocessing_scripts.preprocessing import preprocess_data
ModuleNotFoundError: No module named 'data_preprocessing_scripts'
[2026-08-12T01:46:36.570+0000] {processor.py:841} WARNING - No viable dags retrieved from /opt/airflow/dags/airflow.py
[2026-08-12T01:46:36.581+0000] {processor.py:179} INFO - Processing /opt/airflow/dags/airflow.py took 0.084 seconds
[2026-08-12T01:47:06.717+0000] {processor.py:157} INFO - Started process (PID=6776) to work on /opt/airflow/dags/airflow.py
[2026-08-12T01:47:06.718+0000] {processor.py:829} INFO - Processing file /opt/airflow/dags/airflow.py for tasks to queue
[2026-08-12T01:47:06.722+0000] {logging_mixin.py:151} INFO - [2026-08-12T01:47:06.720+0000] {dagbag.py:536} INFO - Filling up the DagBag from /opt/airflow/dags/airflow.py
[2026-08-12T01:47:06.802+0000] {logging_mixin.py:151} INFO - [2026-08-12T01:47:06.801+0000] {dagbag.py:346} ERROR - Failed to import: /opt/airflow/dags/airflow.py
Traceback (most recent call last):
  File "/home/airflow/.local/lib/python3.8/site-packages/airflow/models/dagbag.py", line 342, in parse
    loader.exec_module(new_module)
  File "<frozen importlib._bootstrap_external>", line 843, in exec_module
  File "<frozen importlib._bootstrap>", line 219, in _call_with_frames_removed
  File "/opt/airflow/dags/airflow.py", line 23, in <module>
    from data_preprocessing_scripts.preprocessing import preprocess_data
ModuleNotFoundError: No module named 'data_preprocessing_scripts'
[2026-08-12T01:47:06.802+0000] {processor.py:841} WARNING - No viable dags retrieved from /opt/airflow/dags/airflow.py
[2026-08-12T01:47:06.815+0000] {processor.py:179} INFO - Processing /opt/airflow/dags/airflow.py took 0.101 seconds
[2026-08-12T01:47:36.952+0000] {processor.py:157} INFO - Started process (PID=6784) to work on /opt/airflow/dags/airflow.py
[2026-08-12T01:47:36.953+0000] {processor.py:829} INFO - Processing file /opt/airflow/dags/airflow.py for tasks to queue
[2026-08-12T01:47:36.955+0000] {logging_mixin.py:151} INFO - [2026-08-12T01:47:36.955+0000] {dagbag.py:536} INFO - Filling up the DagBag from /opt/airflow/dags/airflow.py
[2026-08-12T01:47:37.020+0000] {logging_mixin.py:151} INFO - [2026-08-12T01:47:37.019+0000] {dagbag.py:346} ERROR - Failed to import: /opt/airflow/dags/airflow.py
Traceback (most recent call last):
  File "/home/airflow/.local/lib/python3.8/site-packages/airflow/models/dagbag.py", line 342, in parse
    loader.exec_module(new_module)
  File "<frozen importlib._bootstrap_external>", line 843, in exec_module
  File "<frozen importlib._bootstrap>", line 219, in _call_with_frames_removed
  File "/opt/airflow/dags/airflow.py", line 23, in <module>
    from data_preprocessing_scripts.preprocessing import preprocess_data
ModuleNotFoundError: No module named 'data_preprocessing_scripts'
[2026-08-12T01:47:37.020+0000] {processor.py:841} WARNING - No viable dags retrieved from /opt/airflow/dags/airflow.py
[2026-08-12T01:47:37.029+0000] {processor.py:179} INFO - Processing /opt/airflow/dags/airflow.py took 0.080 seconds
[2026-08-12T01:48:07.242+0000] {processor.py:157} INFO - Started process (PID=6792) to work on /opt/airflow/dags/airflow.py
[2026-08-12T01:48:07.243+0000] {processor.py:829} INFO - Processing file /opt/airflow/dags/airflow.py for tasks to queue
[2026-08-12T01:48:07.245+0000] {logging_mixin.py:151} INFO - [2026-08-12T01:48:07.244+0000] {dagbag.py:536} INFO - Filling up the DagBag from /opt/airflow/dags/airflow.py
[2026-08-12T01:48:07.328+0000] {logging_mixin.py:151} INFO - [2026-08-12T01:48:07.327+0000] {dagbag.py:346} ERROR - Failed to import: /opt/airflow/dags/airflow.py
Traceback (most recent call last):
  File "/home/airflow/.local/lib/python3.8/site-packages/airflow/models/dagbag.py", line 342, in parse
    loader.exec_module(new_module)
  File "<frozen importlib._bootstrap_external>", line 843, in exec_module
  File "<frozen importlib._bootstrap>", line 219, in _call_with_frames_removed
  File "/opt/airflow/dags/airflow.py", line 23, in <module>
    from data_preprocessing_scripts.preprocessing import preprocess_data
ModuleNotFoundError: No module named 'data_preprocessing_scripts'
[2026-08-12T01:48:07.328+0000] {processor.py:841} WARNING - No viable dags retrieved from /opt/airflow/dags/airflow.py
[2026-08-12T01:48:07.344+0000] {processor.py:179} INFO - Processing /opt/airflow/dags/airflow.py took 0.106 seconds
[2026-08-12T01:48:37.383+0000] {processor.py:157} INFO - Started process (PID=6800) to work on /opt/airflow/dags/airflow.py
[2026-08-12T01:48:37.384+0000] {processor.py:829} INFO - Processing file /opt/airflow/dags/airflow.py for tasks to queue
[2026-08-12T01:48:37.385+0000] {logging_mixin.py:151} INFO - [2026-08-12T01:48:37.385+0000] {dagbag.py:536} INFO - Filling up the DagBag from /opt/airflow/dags/airflow.py
[2026-08-12T01:48:37.443+0000] {logging_mixin.py:151} INFO - [2026-08-12T01:48:37.442+0000] {dagbag.py:346} ERROR - Failed to import: /opt/airflow/dags/airflow.py
Traceback (most recent call last):
  File "/home/airflow/.local/lib/python3.8/site-packages/airflow/models/dagbag.py", line 342, in parse
    loader.exec_module(new_module)
  File "<frozen importlib._bootstrap_external>", line 843, in exec_module
  File "<frozen importlib._bootstrap>", line 219, in _call_with_frames_removed
  File "/opt/airflow/dags/airflow.py", line 23, in <module>
    from data_preprocessing_scripts.preprocessing import preprocess_data
ModuleNotFoundError: No module named 'data_preprocessing_scripts'
[2026-08-12T01:48:37.443+0000] {processor.py:841} WARNING - No viable dags retrieved from /opt/airflow/dags/airflow.py
[2026-08-12T01:48:37.453+0000] {processor.py:179} INFO - Processing /opt/airflow/dags/airflow.py took 0.072 seconds
[2026-08-12T01:49:07.616+0000] {processor.py:157} INFO - Started process (PID=6808) to work on /opt/airflow/dags/airflow.py
[2026-08-12T01:49:07.617+0000] {processor.py:829} INFO - Processing file /opt/airflow/dags/airflow.py for tasks to queue
[2026-08-12T01:49:07.619+0000] {logging_mixin.py:151} INFO - [2026-08-12T01:49:07.619+0000] {dagbag.py:536} INFO - Filling up the DagBag from /opt/airflow/dags/airflow.py
[2026-08-12T01:49:07.695+0000] {logging_mixin.py:151} INFO - [2026-08-12T01:49:07.695+0000] {dagbag.py:346} ERROR - Failed to import: /opt/airflow/dags/airflow.py
Traceback (most recent call last):
  File "/home/airflow/.local/lib/python3.8/site-packages/airflow/models/dagbag.py", line 342, in parse
    loader.exec_module(new_module)
  File "<frozen importlib._bootstrap_external>", line 843, in exec_module
  File "<frozen importlib._bootstrap>", line 219, in _call_with_frames_removed
  File "/opt/airflow/dags/airflow.py", line 23, in <module>
    from data_preprocessing_scripts.preprocessing import preprocess_data
ModuleNotFoundError: No module named 'data_preprocessing_scripts'
[2026-08-12T01:49:07.696+0000] {processor.py:841} WARNING - No viable dags retrieved from /opt/airflow/dags/airflow.py
[2026-08-12T01:49:07.707+0000] {processor.py:179} INFO - Processing /opt/airflow/dags/airflow.py took 0.097 seconds
[2026-08-12T01:49:37.879+0000] {processor.py:157} INFO - Started process (PID=6816) to work on /opt/airflow/dags/airflow.py
[2026-08-12T01:49:37.880+0000] {processor.py:829} INFO - Processing file /opt/airflow/dags/airflow.py for tasks to queue
[2026-08-12T01:49:37.884+0000] {logging_mixin.py:151} INFO - [2026-08-12T01:49:37.884+0000] {dagbag.py:536} INFO - Filling up the DagBag from /opt/airflow/dags/airflow.py
[2026-08-12T01:49:37.953+0000] {logging_mixin.py:151} INFO - [2026-08-12T01:49:37.952+0000] {dagbag.py:346} ERROR - Failed to import: /opt/airflow/dags/airflow.py
Traceback (most recent call last):
  File "/home/airflow/.local/lib/python3.8/site-packages/airflow/models/dagbag.py", line 342, in parse
    loader.exec_module(new_module)
  File "<frozen importlib._bootstrap_external>", line 843, in exec_module
  File "<frozen importlib._bootstrap>", line 219, in _call_with_frames_removed
  File "/opt/airflow/dags/airflow.py", line 23, in <module>
    from data_preprocessing_scripts.preprocessing import preprocess_data
ModuleNotFoundError: No module named 'data_preprocessing_scripts'
[2026-08-12T01:49:37.954+0000] {processor.py:841} WARNING - No viable dags retrieved from /opt/airflow/dags/airflow.py
[2026-08-12T01:49:37.965+0000] {processor.py:179} INFO - Processing /opt/airflow/dags/airflow.py took 0.091 seconds
[2026-08-12T01:50:08.186+0000] {processor.py:157} INFO - Started process (PID=6824) to work on /opt/airflow/dags/airflow.py
[2026-08-12T01:50:08.187+0000] {processor.py:829} INFO - Processing file /opt/airflow/dags/airflow.py for tasks to queue
[2026-08-12T01:50:08.189+0000] {logging_mixin.py:151} INFO - [2026-08-12T01:50:08.188+0000] {dagbag.py:536} INFO - Filling up the DagBag from /opt/airflow/dags/airflow.py
[2026-08-12T01:50:08.266+0000] {logging_mixin.py:151} INFO - [2026-08-12T01:50:08.266+0000] {dagbag.py:346} ERROR - Failed to import: /opt/airflow/dags/airflow.py
Traceback (most recent call last):
  File "/home/airflow/.local/lib/python3.8/site-packages/airflow/models/dagbag.py", line 342, in parse
    loader.exec_module(new_module)
  File "<frozen importlib._bootstrap_external>", line 843, in exec_module
  File "<frozen importlib._bootstrap>", line 219, in _call_with_frames_removed
  File "/opt/airflow/dags/airflow.py", line 23, in <module>
    from data_preprocessing_scripts.preprocessing import preprocess_data
ModuleNotFoundError: No module named 'data_preprocessing_scripts'
[2026-08-12T01:50:08.266+0000] {processor.py:841} WARNING - No viable dags retrieved from /opt/airflow/dags/airflow.py
[2026-08-12T01:50:08.275+0000] {processor.py:179} INFO - Processing /opt/airflow/dags/airflow.py took 0.092 seconds
[2026-08-12T01:50:38.520+0000] {processor.py:157} INFO - Started process (PID=6832) to work on /opt/airflow/dags/airflow.py
[2026-08-12T01:50:38.521+0000] {processor.py:829} INFO - Processing file /opt/airflow/dags/airflow.py for tasks to queue
[2026-08-12T01:50:38.523+0000] {logging_mixin.py:151} INFO - [2026-08-12T01:50:38.522+0000] {dagbag.py:536} INFO - Filling up the DagBag from /opt/airflow/dags/airflow.py
[2026-08-12T01:50:38.587+0000] {logging_mixin.py:151} INFO - [2026-08-12T01:50:38.586+0000] {dagbag.py:346} ERROR - Failed to import: /opt/airflow/dags/airflow.py
Traceback (most recent call last):
  File "/home/airflow/.local/lib/python3.8/site-packages/airflow/models/dagbag.py", line 342, in parse
    loader.exec_module(new_module)
  File "<frozen importlib._bootstrap_external>", line 843, in exec_module
  File "<frozen importlib._bootstrap>", line 219, in _call_with_frames_removed
  File "/opt/airflow/dags/airflow.py", line 23, in <module>
    from data_preprocessing_scripts.preprocessing import preprocess_data
ModuleNotFoundError: No module named 'data_preprocessing_scripts'
[2026-08-12T01:50:38.587+0000] {processor.py:841} WARNING - No viable dags retrieved from /opt/airflow/dags/airflow.py
[2026-08-12T01:50:38.595+0000] {processor.py:179} INFO - Processing /opt/airflow/dags/airflow.py took 0.077 seconds
[2026-08-12T01:51:08.826+0000] {processor.py:157} INFO - Started process (PID=6840) to work on /opt/airflow/dags/airflow.py
[2026-08-12T01:51:08.827+0000] {processor.py:829} INFO - Processing file /opt/airflow/dags/airflow.py for tasks to queue
[2026-08-12T01:51:08.831+0000] {logging_mixin.py:151} INFO - [2026-08-12T01:51:08.830+0000] {dagbag.py:536} INFO - Filling up the DagBag from /opt/airflow/dags/airflow.py
[2026-08-12T01:51:08.915+0000] {logging_mixin.py:151} INFO - [2026-08-12T01:51:08.914+0000] {dagbag.py:346} ERROR - Failed to import: /opt/airflow/dags/airflow.py
Traceback (most recent call last):
  File "/home/airflow/.local/lib/python3.8/site-packages/airflow/models/dagbag.py", line 342, in parse
    loader.exec_module(new_module)
  File "<frozen importlib._bootstrap_external>", line 843, in exec_module
  File "<frozen importlib._bootstrap>", line 219, in _call_with_frames_removed
  File "/opt/airflow/dags/airflow.py", line 23, in <module>
    from data_preprocessing_scripts.preprocessing import preprocess_data
ModuleNotFoundError: No module named 'data_preprocessing_scripts'
[2026-08-12T01:51:08.916+0000] {processor.py:841} WARNING - No viable dags retrieved from /opt/airflow/dags/airflow.py
[2026-08-12T01:51:08.929+0000] {processor.py:179} INFO - Processing /opt/airflow/dags/airflow.py took 0.108 seconds
[2026-08-12T01:51:39.137+0000] {processor.py:157} INFO - Started process (PID=6848) to work on /opt/airflow/dags/airflow.py
[2026-08-12T01:51:39.138+0000] {processor.py:829} INFO - Processing file /opt/airflow/dags/airflow.py for tasks to queue
[2026-08-12T01:51:39.140+0000] {logging_mixin.py:151} INFO - [2026-08-12T01:51:39.140+0000] {dagbag.py:536} INFO - Filling up the DagBag from /opt/airflow/dags/airflow.py
[2026-08-12T01:51:39.189+0000] {logging_mixin.py:151} INFO - [2026-08-12T01:51:39.189+0000] {dagbag.py:346} ERROR - Failed to import: /opt/airflow/dags/airflow.py
Traceback (most recent call last):
  File "/home/airflow/.local/lib/python3.8/site-packages/airflow/models/dagbag.py", line 342, in parse
    loader.exec_module(new_module)
  File "<frozen importlib._bootstrap_external>", line 843, in exec_module
  File "<frozen importlib._bootstrap>", line 219, in _call_with_frames_removed
  File "/opt/airflow/dags/airflow.py", line 23, in <module>
    from data_preprocessing_scripts.preprocessing import preprocess_data
ModuleNotFoundError: No module named 'data_preprocessing_scripts'
[2026-08-12T01:51:39.190+0000] {processor.py:841} WARNING - No viable dags retrieved from /opt/airflow/dags/airflow.py
[2026-08-12T01:51:39.198+0000] {processor.py:179} INFO - Processing /opt/airflow/dags/airflow.py took 0.063 seconds
[2026-08-12T01:52:09.512+0000] {processor.py:157} INFO - Started process (PID=6856) to work on /opt/airflow/dags/airflow.py
[2026-08-12T01:52:09.513+0000] {processor.py:829} INFO - Processing file /opt/airflow/dags/airflow.py for tasks to queue
[2026-08-12T01:52:09.514+0000] {logging_mixin.py:151} INFO - [2026-08-12T01:52:09.514+0000] {dagbag.py:536} INFO - Filling up the DagBag from /opt/airflow/dags/airflow.py
[2026-08-12T01:52:09.567+0000] {logging_mixin.py:151} INFO - [2026-08-12T01:52:09.566+0000] {dagbag.py:346} ERROR - Failed to import: /opt/airflow/dags/airflow.py
Traceback (most recent call last):
  File "/home/airflow/.local/lib/python3.8/site-packages/airflow/models/dagbag.py", line 342, in parse
    loader.exec_module(new_module)
  File "<frozen importlib._bootstrap_external>", line 843, in exec_module
  File "<frozen importlib._bootstrap>", line 219, in _call_with_frames_removed
  File "/opt/airflow/dags/airflow.py", line 23, in <module>
    from data_preprocessing_scripts.preprocessing import preprocess_data
ModuleNotFoundError: No module named 'data_preprocessing_scripts'
[2026-08-12T01:52:09.567+0000] {processor.py:841} WARNING - No viable dags retrieved from /opt/airflow/dags/airflow.py
[2026-08-12T01:52:09.577+0000] {processor.py:179} INFO - Processing /opt/airflow/dags/airflow.py took 0.066 seconds
[2026-08-12T01:52:39.796+0000] {processor.py:157} INFO - Started process (PID=6864) to work on /opt/airflow/dags/airflow.py
[2026-08-12T01:52:39.797+0000] {processor.py:829} INFO - Processing file /opt/airflow/dags/airflow.py for tasks to queue
[2026-08-12T01:52:39.799+0000] {logging_mixin.py:151} INFO - [2026-08-12T01:52:39.798+0000] {dagbag.py:536} INFO - Filling up the DagBag from /opt/airflow/dags/airflow.py
[2026-08-12T01:52:39.862+0000] {logging_mixin.py:151} INFO - [2026-08-12T01:52:39.861+0000] {dagbag.py:346} ERROR - Failed to import: /opt/airflow/dags/airflow.py
Traceback (most recent call last):
  File "/home/airflow/.local/lib/python3.8/site-packages/airflow/models/dagbag.py", line 342, in parse
    loader.exec_module(new_module)
  File "<frozen importlib._bootstrap_external>", line 843, in exec_module
  File "<frozen importlib._bootstrap>", line 219, in _call_with_frames_removed
  File "/opt/airflow/dags/airflow.py", line 23, in <module>
    from data_preprocessing_scripts.preprocessing import preprocess_data
ModuleNotFoundError: No module named 'data_preprocessing_scripts'
[2026-08-12T01:52:39.862+0000] {processor.py:841} WARNING - No viable dags retrieved from /opt/airflow/dags/airflow.py
[2026-08-12T01:52:39.870+0000] {processor.py:179} INFO - Processing /opt/airflow/dags/airflow.py took 0.076 seconds
[2026-08-12T01:53:10.056+0000] {processor.py:157} INFO - Started process (PID=6872) to work on /opt/airflow/dags/airflow.py
[2026-08-12T01:53:10.057+0000] {processor.py:829} INFO - Processing file /opt/airflow/dags/airflow.py for tasks to queue
[2026-08-12T01:53:10.060+0000] {logging_mixin.py:151} INFO - [2026-08-12T01:53:10.060+0000] {dagbag.py:536} INFO - Filling up the DagBag from /opt/airflow/dags/airflow.py
[2026-08-12T01:53:10.127+0000] {logging_mixin.py:151} INFO - [2026-08-12T01:53:10.127+0000] {dagbag.py:346} ERROR - Failed to import: /opt/airflow/dags/airflow.py
Traceback (most recent call last):
  File "/home/airflow/.local/lib/python3.8/site-packages/airflow/models/dagbag.py", line 342, in parse
    loader.exec_module(new_module)
  File "<frozen importlib._bootstrap_external>", line 843, in exec_module
  File "<frozen importlib._bootstrap>", line 219, in _call_with_frames_removed
  File "/opt/airflow/dags/airflow.py", line 23, in <module>
    from data_preprocessing_scripts.preprocessing import preprocess_data
ModuleNotFoundError: No module named 'data_preprocessing_scripts'
[2026-08-12T01:53:10.128+0000] {processor.py:841} WARNING - No viable dags retrieved from /opt/airflow/dags/airflow.py
[2026-08-12T01:53:10.139+0000] {processor.py:179} INFO - Processing /opt/airflow/dags/airflow.py took 0.086 seconds
[2026-08-12T01:53:40.394+0000] {processor.py:157} INFO - Started process (PID=6880) to work on /opt/airflow/dags/airflow.py
[2026-08-12T01:53:40.396+0000] {processor.py:829} INFO - Processing file /opt/airflow/dags/airflow.py for tasks to queue
[2026-08-12T01:53:40.398+0000] {logging_mixin.py:151} INFO - [2026-08-12T01:53:40.398+0000] {dagbag.py:536} INFO - Filling up the DagBag from /opt/airflow/dags/airflow.py
[2026-08-12T01:53:40.469+0000] {logging_mixin.py:151} INFO - [2026-08-12T01:53:40.469+0000] {dagbag.py:346} ERROR - Failed to import: /opt/airflow/dags/airflow.py
Traceback (most recent call last):
  File "/home/airflow/.local/lib/python3.8/site-packages/airflow/models/dagbag.py", line 342, in parse
    loader.exec_module(new_module)
  File "<frozen importlib._bootstrap_external>", line 843, in exec_module
  File "<frozen importlib._bootstrap>", line 219, in _call_with_frames_removed
  File "/opt/airflow/dags/airflow.py", line 23, in <module>
    from data_preprocessing_scripts.preprocessing import preprocess_data
ModuleNotFoundError: No module named 'data_preprocessing_scripts'
[2026-08-12T01:53:40.470+0000] {processor.py:841} WARNING - No viable dags retrieved from /opt/airflow/dags/airflow.py
[2026-08-12T01:53:40.480+0000] {processor.py:179} INFO - Processing /opt/airflow/dags/airflow.py took 0.089 seconds
[2026-08-12T01:54:10.711+0000] {processor.py:157} INFO - Started process (PID=6888) to work on /opt/airflow/dags/airflow.py
[2026-08-12T01:54:10.712+0000] {processor.py:829} INFO - Processing file /opt/airflow/dags/airflow.py for tasks to queue
[2026-08-12T01:54:10.715+0000] {logging_mixin.py:151} INFO - [2026-08-12T01:54:10.715+0000] {dagbag.py:536} INFO - Filling up the DagBag from /opt/airflow/dags/airflow.py
[2026-08-12T01:54:10.790+0000] {logging_mixin.py:151} INFO - [2026-08-12T01:54:10.789+0000] {dagbag.py:346} ERROR - Failed to import: /opt/airflow/dags/airflow.py
Traceback (most recent call last):
  File "/home/airflow/.local/lib/python3.8/site-packages/airflow/models/dagbag.py", line 342, in parse
    loader.exec_module(new_module)
  File "<frozen importlib._bootstrap_external>", line 843, in exec_module
  File "<frozen importlib._bootstrap>", line 219, in _call_with_frames_removed
  File "/opt/airflow/dags/airflow.py", line 23, in <module>
    from data_preprocessing_scripts.preprocessing import preprocess_data
ModuleNotFoundError: No module named 'data_preprocessing_scripts'
[2026-08-12T01:54:10.790+0000] {processor.py:841} WARNING - No viable dags retrieved from /opt/airflow/dags/airflow.py
[2026-08-12T01:54:10.800+0000] {processor.py:179} INFO - Processing /opt/airflow/dags/airflow.py took 0.095 seconds
[2026-08-12T01:54:40.999+0000] {processor.py:157} INFO - Started process (PID=6896) to work on /opt/airflow/dags/airflow.py
[2026-08-12T01:54:40.999+0000] {processor.py:829} INFO - Processing file /opt/airflow/dags/airflow.py for tasks to queue
[2026-08-12T01:54:41.001+0000] {logging_mixin.py:151} INFO - [2026-08-12T01:54:41.001+0000] {dagbag.py:536} INFO - Filling up the DagBag from /opt/airflow/dags/airflow.py
[2026-08-12T01:54:41.062+0000] {logging_mixin.py:151} INFO - [2026-08-12T01:54:41.061+0000] {dagbag.py:346} ERROR - Failed to import: /opt/airflow/dags/airflow.py
Traceback (most recent call last):
  File "/home/airflow/.local/lib/python3.8/site-packages/airflow/models/dagbag.py", line 342, in parse
    loader.exec_module(new_module)
  File "<frozen importlib._bootstrap_external>", line 843, in exec_module
  File "<frozen importlib._bootstrap>", line 219, in _call_with_frames_removed
  File "/opt/airflow/dags/airflow.py", line 23, in <module>
    from data_preprocessing_scripts.preprocessing import preprocess_data
ModuleNotFoundError: No module named 'data_preprocessing_scripts'
[2026-08-12T01:54:41.062+0000] {processor.py:841} WARNING - No viable dags retrieved from /opt/airflow/dags/airflow.py
[2026-08-12T01:54:41.071+0000] {processor.py:179} INFO - Processing /opt/airflow/dags/airflow.py took 0.075 seconds
[2026-08-12T01:55:11.325+0000] {processor.py:157} INFO - Started process (PID=6904) to work on /opt/airflow/dags/airflow.py
[2026-08-12T01:55:11.327+0000] {processor.py:829} INFO - Processing file /opt/airflow/dags/airflow.py for tasks to queue
[2026-08-12T01:55:11.330+0000] {logging_mixin.py:151} INFO - [2026-08-12T01:55:11.329+0000] {dagbag.py:536} INFO - Filling up the DagBag from /opt/airflow/dags/airflow.py
[2026-08-12T01:55:11.416+0000] {logging_mixin.py:151} INFO - [2026-08-12T01:55:11.415+0000] {dagbag.py:346} ERROR - Failed to import: /opt/airflow/dags/airflow.py
Traceback (most recent call last):
  File "/home/airflow/.local/lib/python3.8/site-packages/airflow/models/dagbag.py", line 342, in parse
    loader.exec_module(new_module)
  File "<frozen importlib._bootstrap_external>", line 843, in exec_module
  File "<frozen importlib._bootstrap>", line 219, in _call_with_frames_removed
  File "/opt/airflow/dags/airflow.py", line 23, in <module>
    from data_preprocessing_scripts.preprocessing import preprocess_data
ModuleNotFoundError: No module named 'data_preprocessing_scripts'
[2026-08-12T01:55:11.416+0000] {processor.py:841} WARNING - No viable dags retrieved from /opt/airflow/dags/airflow.py
[2026-08-12T01:55:11.428+0000] {processor.py:179} INFO - Processing /opt/airflow/dags/airflow.py took 0.107 seconds
[2026-08-12T01:55:41.640+0000] {processor.py:157} INFO - Started process (PID=6913) to work on /opt/airflow/dags/airflow.py
[2026-08-12T01:55:41.640+0000] {processor.py:829} INFO - Processing file /opt/airflow/dags/airflow.py for tasks to queue
[2026-08-12T01:55:41.641+0000] {logging_mixin.py:151} INFO - [2026-08-12T01:55:41.641+0000] {dagbag.py:536} INFO - Filling up the DagBag from /opt/airflow/dags/airflow.py
[2026-08-12T01:55:41.694+0000] {logging_mixin.py:151} INFO - [2026-08-12T01:55:41.692+0000] {dagbag.py:346} ERROR - Failed to import: /opt/airflow/dags/airflow.py
Traceback (most recent call last):
  File "/home/airflow/.local/lib/python3.8/site-packages/airflow/models/dagbag.py", line 342, in parse
    loader.exec_module(new_module)
  File "<frozen importlib._bootstrap_external>", line 843, in exec_module
  File "<frozen importlib._bootstrap>", line 219, in _call_with_frames_removed
  File "/opt/airflow/dags/airflow.py", line 23, in <module>
    from data_preprocessing_scripts.preprocessing import preprocess_data
ModuleNotFoundError: No module named 'data_preprocessing_scripts'
[2026-08-12T01:55:41.694+0000] {processor.py:841} WARNING - No viable dags retrieved from /opt/airflow/dags/airflow.py
[2026-08-12T01:55:41.702+0000] {processor.py:179} INFO - Processing /opt/airflow/dags/airflow.py took 0.064 seconds
[2026-08-12T01:56:11.980+0000] {processor.py:157} INFO - Started process (PID=6921) to work on /opt/airflow/dags/airflow.py
[2026-08-12T01:56:11.981+0000] {processor.py:829} INFO - Processing file /opt/airflow/dags/airflow.py for tasks to queue
[2026-08-12T01:56:11.986+0000] {logging_mixin.py:151} INFO - [2026-08-12T01:56:11.985+0000] {dagbag.py:536} INFO - Filling up the DagBag from /opt/airflow/dags/airflow.py
[2026-08-12T01:56:12.058+0000] {logging_mixin.py:151} INFO - [2026-08-12T01:56:12.057+0000] {dagbag.py:346} ERROR - Failed to import: /opt/airflow/dags/airflow.py
Traceback (most recent call last):
  File "/home/airflow/.local/lib/python3.8/site-packages/airflow/models/dagbag.py", line 342, in parse
    loader.exec_module(new_module)
  File "<frozen importlib._bootstrap_external>", line 843, in exec_module
  File "<frozen importlib._bootstrap>", line 219, in _call_with_frames_removed
  File "/opt/airflow/dags/airflow.py", line 23, in <module>
    from data_preprocessing_scripts.preprocessing import preprocess_data
ModuleNotFoundError: No module named 'data_preprocessing_scripts'
[2026-08-12T01:56:12.058+0000] {processor.py:841} WARNING - No viable dags retrieved from /opt/airflow/dags/airflow.py
[2026-08-12T01:56:12.070+0000] {processor.py:179} INFO - Processing /opt/airflow/dags/airflow.py took 0.096 seconds
[2026-08-12T01:56:42.321+0000] {processor.py:157} INFO - Started process (PID=6929) to work on /opt/airflow/dags/airflow.py
[2026-08-12T01:56:42.322+0000] {processor.py:829} INFO - Processing file /opt/airflow/dags/airflow.py for tasks to queue
[2026-08-12T01:56:42.325+0000] {logging_mixin.py:151} INFO - [2026-08-12T01:56:42.325+0000] {dagbag.py:536} INFO - Filling up the DagBag from /opt/airflow/dags/airflow.py
[2026-08-12T01:56:42.404+0000] {logging_mixin.py:151} INFO - [2026-08-12T01:56:42.404+0000] {dagbag.py:346} ERROR - Failed to import: /opt/airflow/dags/airflow.py
Traceback (most recent call last):
  File "/home/airflow/.local/lib/python3.8/site-packages/airflow/models/dagbag.py", line 342, in parse
    loader.exec_module(new_module)
  File "<frozen importlib._bootstrap_external>", line 843, in exec_module
  File "<frozen importlib._bootstrap>", line 219, in _call_with_frames_removed
  File "/opt/airflow/dags/airflow.py", line 23, in <module>
    from data_preprocessing_scripts.preprocessing import preprocess_data
ModuleNotFoundError: No module named 'data_preprocessing_scripts'
[2026-08-12T01:56:42.405+0000] {processor.py:841} WARNING - No viable dags retrieved from /opt/airflow/dags/airflow.py
[2026-08-12T01:56:42.414+0000] {processor.py:179} INFO - Processing /opt/airflow/dags/airflow.py took 0.096 seconds
[2026-08-12T01:57:12.606+0000] {processor.py:157} INFO - Started process (PID=6937) to work on /opt/airflow/dags/airflow.py
[2026-08-12T01:57:12.607+0000] {processor.py:829} INFO - Processing file /opt/airflow/dags/airflow.py for tasks to queue
[2026-08-12T01:57:12.608+0000] {logging_mixin.py:151} INFO - [2026-08-12T01:57:12.608+0000] {dagbag.py:536} INFO - Filling up the DagBag from /opt/airflow/dags/airflow.py
[2026-08-12T01:57:12.665+0000] {logging_mixin.py:151} INFO - [2026-08-12T01:57:12.664+0000] {dagbag.py:346} ERROR - Failed to import: /opt/airflow/dags/airflow.py
Traceback (most recent call last):
  File "/home/airflow/.local/lib/python3.8/site-packages/airflow/models/dagbag.py", line 342, in parse
    loader.exec_module(new_module)
  File "<frozen importlib._bootstrap_external>", line 843, in exec_module
  File "<frozen importlib._bootstrap>", line 219, in _call_with_frames_removed
  File "/opt/airflow/dags/airflow.py", line 23, in <module>
    from data_preprocessing_scripts.preprocessing import preprocess_data
ModuleNotFoundError: No module named 'data_preprocessing_scripts'
[2026-08-12T01:57:12.665+0000] {processor.py:841} WARNING - No viable dags retrieved from /opt/airflow/dags/airflow.py
[2026-08-12T01:57:12.673+0000] {processor.py:179} INFO - Processing /opt/airflow/dags/airflow.py took 0.069 seconds
[2026-08-12T01:57:42.886+0000] {processor.py:157} INFO - Started process (PID=6945) to work on /opt/airflow/dags/airflow.py
[2026-08-12T01:57:42.887+0000] {processor.py:829} INFO - Processing file /opt/airflow/dags/airflow.py for tasks to queue
[2026-08-12T01:57:42.890+0000] {logging_mixin.py:151} INFO - [2026-08-12T01:57:42.890+0000] {dagbag.py:536} INFO - Filling up the DagBag from /opt/airflow/dags/airflow.py
[2026-08-12T01:57:42.950+0000] {logging_mixin.py:151} INFO - [2026-08-12T01:57:42.950+0000] {dagbag.py:346} ERROR - Failed to import: /opt/airflow/dags/airflow.py
Traceback (most recent call last):
  File "/home/airflow/.local/lib/python3.8/site-packages/airflow/models/dagbag.py", line 342, in parse
    loader.exec_module(new_module)
  File "<frozen importlib._bootstrap_external>", line 843, in exec_module
  File "<frozen importlib._bootstrap>", line 219, in _call_with_frames_removed
  File "/opt/airflow/dags/airflow.py", line 23, in <module>
    from data_preprocessing_scripts.preprocessing import preprocess_data
ModuleNotFoundError: No module named 'data_preprocessing_scripts'
[2026-08-12T01:57:42.950+0000] {processor.py:841} WARNING - No viable dags retrieved from /opt/airflow/dags/airflow.py
[2026-08-12T01:57:42.959+0000] {processor.py:179} INFO - Processing /opt/airflow/dags/airflow.py took 0.075 seconds
[2026-08-12T01:58:13.188+0000] {processor.py:157} INFO - Started process (PID=6953) to work on /opt/airflow/dags/airflow.py
[2026-08-12T01:58:13.189+0000] {processor.py:829} INFO - Processing file /opt/airflow/dags/airflow.py for tasks to queue
[2026-08-12T01:58:13.193+0000] {logging_mixin.py:151} INFO - [2026-08-12T01:58:13.192+0000] {dagbag.py:536} INFO - Filling up the DagBag from /opt/airflow/dags/airflow.py
[2026-08-12T01:58:13.263+0000] {logging_mixin.py:151} INFO - [2026-08-12T01:58:13.262+0000] {dagbag.py:346} ERROR - Failed to import: /opt/airflow/dags/airflow.py
Traceback (most recent call last):
  File "/home/airflow/.local/lib/python3.8/site-packages/airflow/models/dagbag.py", line 342, in parse
    loader.exec_module(new_module)
  File "<frozen importlib._bootstrap_external>", line 843, in exec_module
  File "<frozen importlib._bootstrap>", line 219, in _call_with_frames_removed
  File "/opt/airflow/dags/airflow.py", line 23, in <module>
    from data_preprocessing_scripts.preprocessing import preprocess_data
ModuleNotFoundError: No module named 'data_preprocessing_scripts'
[2026-08-12T01:58:13.263+0000] {processor.py:841} WARNING - No viable dags retrieved from /opt/airflow/dags/airflow.py
[2026-08-12T01:58:13.275+0000] {processor.py:179} INFO - Processing /opt/airflow/dags/airflow.py took 0.093 seconds
[2026-08-12T01:58:43.436+0000] {processor.py:157} INFO - Started process (PID=6961) to work on /opt/airflow/dags/airflow.py
[2026-08-12T01:58:43.437+0000] {processor.py:829} INFO - Processing file /opt/airflow/dags/airflow.py for tasks to queue
[2026-08-12T01:58:43.441+0000] {logging_mixin.py:151} INFO - [2026-08-12T01:58:43.440+0000] {dagbag.py:536} INFO - Filling up the DagBag from /opt/airflow/dags/airflow.py
[2026-08-12T01:58:43.528+0000] {logging_mixin.py:151} INFO - [2026-08-12T01:58:43.527+0000] {dagbag.py:346} ERROR - Failed to import: /opt/airflow/dags/airflow.py
Traceback (most recent call last):
  File "/home/airflow/.local/lib/python3.8/site-packages/airflow/models/dagbag.py", line 342, in parse
    loader.exec_module(new_module)
  File "<frozen importlib._bootstrap_external>", line 843, in exec_module
  File "<frozen importlib._bootstrap>", line 219, in _call_with_frames_removed
  File "/opt/airflow/dags/airflow.py", line 23, in <module>
    from data_preprocessing_scripts.preprocessing import preprocess_data
ModuleNotFoundError: No module named 'data_preprocessing_scripts'
[2026-08-12T01:58:43.528+0000] {processor.py:841} WARNING - No viable dags retrieved from /opt/airflow/dags/airflow.py
[2026-08-12T01:58:43.543+0000] {processor.py:179} INFO - Processing /opt/airflow/dags/airflow.py took 0.111 seconds
[2026-08-12T01:59:13.802+0000] {processor.py:157} INFO - Started process (PID=6969) to work on /opt/airflow/dags/airflow.py
[2026-08-12T01:59:13.805+0000] {processor.py:829} INFO - Processing file /opt/airflow/dags/airflow.py for tasks to queue
[2026-08-12T01:59:13.807+0000] {logging_mixin.py:151} INFO - [2026-08-12T01:59:13.807+0000] {dagbag.py:536} INFO - Filling up the DagBag from /opt/airflow/dags/airflow.py
[2026-08-12T01:59:13.893+0000] {logging_mixin.py:151} INFO - [2026-08-12T01:59:13.893+0000] {dagbag.py:346} ERROR - Failed to import: /opt/airflow/dags/airflow.py
Traceback (most recent call last):
  File "/home/airflow/.local/lib/python3.8/site-packages/airflow/models/dagbag.py", line 342, in parse
    loader.exec_module(new_module)
  File "<frozen importlib._bootstrap_external>", line 843, in exec_module
  File "<frozen importlib._bootstrap>", line 219, in _call_with_frames_removed
  File "/opt/airflow/dags/airflow.py", line 23, in <module>
    from data_preprocessing_scripts.preprocessing import preprocess_data
ModuleNotFoundError: No module named 'data_preprocessing_scripts'
[2026-08-12T01:59:13.894+0000] {processor.py:841} WARNING - No viable dags retrieved from /opt/airflow/dags/airflow.py
[2026-08-12T01:59:13.903+0000] {processor.py:179} INFO - Processing /opt/airflow/dags/airflow.py took 0.105 seconds
[2026-08-12T01:59:43.981+0000] {processor.py:157} INFO - Started process (PID=6977) to work on /opt/airflow/dags/airflow.py
[2026-08-12T01:59:43.982+0000] {processor.py:829} INFO - Processing file /opt/airflow/dags/airflow.py for tasks to queue
[2026-08-12T01:59:43.986+0000] {logging_mixin.py:151} INFO - [2026-08-12T01:59:43.986+0000] {dagbag.py:536} INFO - Filling up the DagBag from /opt/airflow/dags/airflow.py
[2026-08-12T01:59:44.049+0000] {logging_mixin.py:151} INFO - [2026-08-12T01:59:44.048+0000] {dagbag.py:346} ERROR - Failed to import: /opt/airflow/dags/airflow.py
Traceback (most recent call last):
  File "/home/airflow/.local/lib/python3.8/site-packages/airflow/models/dagbag.py", line 342, in parse
    loader.exec_module(new_module)
  File "<frozen importlib._bootstrap_external>", line 843, in exec_module
  File "<frozen importlib._bootstrap>", line 219, in _call_with_frames_removed
  File "/opt/airflow/dags/airflow.py", line 23, in <module>
    from data_preprocessing_scripts.preprocessing import preprocess_data
ModuleNotFoundError: No module named 'data_preprocessing_scripts'
[2026-08-12T01:59:44.049+0000] {processor.py:841} WARNING - No viable dags retrieved from /opt/airflow/dags/airflow.py
[2026-08-12T01:59:44.059+0000] {processor.py:179} INFO - Processing /opt/airflow/dags/airflow.py took 0.080 seconds
[2026-08-12T02:00:14.215+0000] {processor.py:157} INFO - Started process (PID=6985) to work on /opt/airflow/dags/airflow.py
[2026-08-12T02:00:14.216+0000] {processor.py:829} INFO - Processing file /opt/airflow/dags/airflow.py for tasks to queue
[2026-08-12T02:00:14.217+0000] {logging_mixin.py:151} INFO - [2026-08-12T02:00:14.217+0000] {dagbag.py:536} INFO - Filling up the DagBag from /opt/airflow/dags/airflow.py
[2026-08-12T02:00:14.292+0000] {logging_mixin.py:151} INFO - [2026-08-12T02:00:14.291+0000] {dagbag.py:346} ERROR - Failed to import: /opt/airflow/dags/airflow.py
Traceback (most recent call last):
  File "/home/airflow/.local/lib/python3.8/site-packages/airflow/models/dagbag.py", line 342, in parse
    loader.exec_module(new_module)
  File "<frozen importlib._bootstrap_external>", line 843, in exec_module
  File "<frozen importlib._bootstrap>", line 219, in _call_with_frames_removed
  File "/opt/airflow/dags/airflow.py", line 23, in <module>
    from data_preprocessing_scripts.preprocessing import preprocess_data
ModuleNotFoundError: No module named 'data_preprocessing_scripts'
[2026-08-12T02:00:14.292+0000] {processor.py:841} WARNING - No viable dags retrieved from /opt/airflow/dags/airflow.py
[2026-08-12T02:00:14.301+0000] {processor.py:179} INFO - Processing /opt/airflow/dags/airflow.py took 0.089 seconds
[2026-08-12T02:00:44.511+0000] {processor.py:157} INFO - Started process (PID=6993) to work on /opt/airflow/dags/airflow.py
[2026-08-12T02:00:44.511+0000] {processor.py:829} INFO - Processing file /opt/airflow/dags/airflow.py for tasks to queue
[2026-08-12T02:00:44.514+0000] {logging_mixin.py:151} INFO - [2026-08-12T02:00:44.513+0000] {dagbag.py:536} INFO - Filling up the DagBag from /opt/airflow/dags/airflow.py
[2026-08-12T02:00:44.572+0000] {logging_mixin.py:151} INFO - [2026-08-12T02:00:44.572+0000] {dagbag.py:346} ERROR - Failed to import: /opt/airflow/dags/airflow.py
Traceback (most recent call last):
  File "/home/airflow/.local/lib/python3.8/site-packages/airflow/models/dagbag.py", line 342, in parse
    loader.exec_module(new_module)
  File "<frozen importlib._bootstrap_external>", line 843, in exec_module
  File "<frozen importlib._bootstrap>", line 219, in _call_with_frames_removed
  File "/opt/airflow/dags/airflow.py", line 23, in <module>
    from data_preprocessing_scripts.preprocessing import preprocess_data
ModuleNotFoundError: No module named 'data_preprocessing_scripts'
[2026-08-12T02:00:44.573+0000] {processor.py:841} WARNING - No viable dags retrieved from /opt/airflow/dags/airflow.py
[2026-08-12T02:00:44.580+0000] {processor.py:179} INFO - Processing /opt/airflow/dags/airflow.py took 0.073 seconds
[2026-08-12T02:01:14.819+0000] {processor.py:157} INFO - Started process (PID=7001) to work on /opt/airflow/dags/airflow.py
[2026-08-12T02:01:14.820+0000] {processor.py:829} INFO - Processing file /opt/airflow/dags/airflow.py for tasks to queue
[2026-08-12T02:01:14.821+0000] {logging_mixin.py:151} INFO - [2026-08-12T02:01:14.821+0000] {dagbag.py:536} INFO - Filling up the DagBag from /opt/airflow/dags/airflow.py
[2026-08-12T02:01:14.896+0000] {logging_mixin.py:151} INFO - [2026-08-12T02:01:14.895+0000] {dagbag.py:346} ERROR - Failed to import: /opt/airflow/dags/airflow.py
Traceback (most recent call last):
  File "/home/airflow/.local/lib/python3.8/site-packages/airflow/models/dagbag.py", line 342, in parse
    loader.exec_module(new_module)
  File "<frozen importlib._bootstrap_external>", line 843, in exec_module
  File "<frozen importlib._bootstrap>", line 219, in _call_with_frames_removed
  File "/opt/airflow/dags/airflow.py", line 23, in <module>
    from data_preprocessing_scripts.preprocessing import preprocess_data
ModuleNotFoundError: No module named 'data_preprocessing_scripts'
[2026-08-12T02:01:14.896+0000] {processor.py:841} WARNING - No viable dags retrieved from /opt/airflow/dags/airflow.py
[2026-08-12T02:01:14.904+0000] {processor.py:179} INFO - Processing /opt/airflow/dags/airflow.py took 0.089 seconds
[2026-08-12T02:01:45.098+0000] {processor.py:157} INFO - Started process (PID=7009) to work on /opt/airflow/dags/airflow.py
[2026-08-12T02:01:45.098+0000] {processor.py:829} INFO - Processing file /opt/airflow/dags/airflow.py for tasks to queue
[2026-08-12T02:01:45.101+0000] {logging_mixin.py:151} INFO - [2026-08-12T02:01:45.100+0000] {dagbag.py:536} INFO - Filling up the DagBag from /opt/airflow/dags/airflow.py
[2026-08-12T02:01:45.188+0000] {logging_mixin.py:151} INFO - [2026-08-12T02:01:45.188+0000] {dagbag.py:346} ERROR - Failed to import: /opt/airflow/dags/airflow.py
Traceback (most recent call last):
  File "/home/airflow/.local/lib/python3.8/site-packages/airflow/models/dagbag.py", line 342, in parse
    loader.exec_module(new_module)
  File "<frozen importlib._bootstrap_external>", line 843, in exec_module
  File "<frozen importlib._bootstrap>", line 219, in _call_with_frames_removed
  File "/opt/airflow/dags/airflow.py", line 23, in <module>
    from data_preprocessing_scripts.preprocessing import preprocess_data
ModuleNotFoundError: No module named 'data_preprocessing_scripts'
[2026-08-12T02:01:45.189+0000] {processor.py:841} WARNING - No viable dags retrieved from /opt/airflow/dags/airflow.py
[2026-08-12T02:01:45.202+0000] {processor.py:179} INFO - Processing /opt/airflow/dags/airflow.py took 0.108 seconds
[2026-08-12T02:02:15.395+0000] {processor.py:157} INFO - Started process (PID=7017) to work on /opt/airflow/dags/airflow.py
[2026-08-12T02:02:15.396+0000] {processor.py:829} INFO - Processing file /opt/airflow/dags/airflow.py for tasks to queue
[2026-08-12T02:02:15.399+0000] {logging_mixin.py:151} INFO - [2026-08-12T02:02:15.398+0000] {dagbag.py:536} INFO - Filling up the DagBag from /opt/airflow/dags/airflow.py
[2026-08-12T02:02:15.470+0000] {logging_mixin.py:151} INFO - [2026-08-12T02:02:15.469+0000] {dagbag.py:346} ERROR - Failed to import: /opt/airflow/dags/airflow.py
Traceback (most recent call last):
  File "/home/airflow/.local/lib/python3.8/site-packages/airflow/models/dagbag.py", line 342, in parse
    loader.exec_module(new_module)
  File "<frozen importlib._bootstrap_external>", line 843, in exec_module
  File "<frozen importlib._bootstrap>", line 219, in _call_with_frames_removed
  File "/opt/airflow/dags/airflow.py", line 23, in <module>
    from data_preprocessing_scripts.preprocessing import preprocess_data
ModuleNotFoundError: No module named 'data_preprocessing_scripts'
[2026-08-12T02:02:15.470+0000] {processor.py:841} WARNING - No viable dags retrieved from /opt/airflow/dags/airflow.py
[2026-08-12T02:02:15.478+0000] {processor.py:179} INFO - Processing /opt/airflow/dags/airflow.py took 0.086 seconds
[2026-08-12T02:02:45.594+0000] {processor.py:157} INFO - Started process (PID=7025) to work on /opt/airflow/dags/airflow.py
[2026-08-12T02:02:45.595+0000] {processor.py:829} INFO - Processing file /opt/airflow/dags/airflow.py for tasks to queue
[2026-08-12T02:02:45.597+0000] {logging_mixin.py:151} INFO - [2026-08-12T02:02:45.596+0000] {dagbag.py:536} INFO - Filling up the DagBag from /opt/airflow/dags/airflow.py
[2026-08-12T02:02:45.653+0000] {logging_mixin.py:151} INFO - [2026-08-12T02:02:45.653+0000] {dagbag.py:346} ERROR - Failed to import: /opt/airflow/dags/airflow.py
Traceback (most recent call last):
  File "/home/airflow/.local/lib/python3.8/site-packages/airflow/models/dagbag.py", line 342, in parse
    loader.exec_module(new_module)
  File "<frozen importlib._bootstrap_external>", line 843, in exec_module
  File "<frozen importlib._bootstrap>", line 219, in _call_with_frames_removed
  File "/opt/airflow/dags/airflow.py", line 23, in <module>
    from data_preprocessing_scripts.preprocessing import preprocess_data
ModuleNotFoundError: No module named 'data_preprocessing_scripts'
[2026-08-12T02:02:45.653+0000] {processor.py:841} WARNING - No viable dags retrieved from /opt/airflow/dags/airflow.py
[2026-08-12T02:02:45.663+0000] {processor.py:179} INFO - Processing /opt/airflow/dags/airflow.py took 0.071 seconds
[2026-08-12T02:03:15.844+0000] {processor.py:157} INFO - Started process (PID=7033) to work on /opt/airflow/dags/airflow.py
[2026-08-12T02:03:15.845+0000] {processor.py:829} INFO - Processing file /opt/airflow/dags/airflow.py for tasks to queue
[2026-08-12T02:03:15.847+0000] {logging_mixin.py:151} INFO - [2026-08-12T02:03:15.847+0000] {dagbag.py:536} INFO - Filling up the DagBag from /opt/airflow/dags/airflow.py
[2026-08-12T02:03:15.917+0000] {logging_mixin.py:151} INFO - [2026-08-12T02:03:15.916+0000] {dagbag.py:346} ERROR - Failed to import: /opt/airflow/dags/airflow.py
Traceback (most recent call last):
  File "/home/airflow/.local/lib/python3.8/site-packages/airflow/models/dagbag.py", line 342, in parse
    loader.exec_module(new_module)
  File "<frozen importlib._bootstrap_external>", line 843, in exec_module
  File "<frozen importlib._bootstrap>", line 219, in _call_with_frames_removed
  File "/opt/airflow/dags/airflow.py", line 23, in <module>
    from data_preprocessing_scripts.preprocessing import preprocess_data
ModuleNotFoundError: No module named 'data_preprocessing_scripts'
[2026-08-12T02:03:15.917+0000] {processor.py:841} WARNING - No viable dags retrieved from /opt/airflow/dags/airflow.py
[2026-08-12T02:03:15.925+0000] {processor.py:179} INFO - Processing /opt/airflow/dags/airflow.py took 0.084 seconds
[2026-08-12T02:03:46.113+0000] {processor.py:157} INFO - Started process (PID=7041) to work on /opt/airflow/dags/airflow.py
[2026-08-12T02:03:46.114+0000] {processor.py:829} INFO - Processing file /opt/airflow/dags/airflow.py for tasks to queue
[2026-08-12T02:03:46.117+0000] {logging_mixin.py:151} INFO - [2026-08-12T02:03:46.117+0000] {dagbag.py:536} INFO - Filling up the DagBag from /opt/airflow/dags/airflow.py
[2026-08-12T02:03:46.178+0000] {logging_mixin.py:151} INFO - [2026-08-12T02:03:46.177+0000] {dagbag.py:346} ERROR - Failed to import: /opt/airflow/dags/airflow.py
Traceback (most recent call last):
  File "/home/airflow/.local/lib/python3.8/site-packages/airflow/models/dagbag.py", line 342, in parse
    loader.exec_module(new_module)
  File "<frozen importlib._bootstrap_external>", line 843, in exec_module
  File "<frozen importlib._bootstrap>", line 219, in _call_with_frames_removed
  File "/opt/airflow/dags/airflow.py", line 23, in <module>
    from data_preprocessing_scripts.preprocessing import preprocess_data
ModuleNotFoundError: No module named 'data_preprocessing_scripts'
[2026-08-12T02:03:46.178+0000] {processor.py:841} WARNING - No viable dags retrieved from /opt/airflow/dags/airflow.py
[2026-08-12T02:03:46.186+0000] {processor.py:179} INFO - Processing /opt/airflow/dags/airflow.py took 0.076 seconds
[2026-08-12T02:04:16.483+0000] {processor.py:157} INFO - Started process (PID=7049) to work on /opt/airflow/dags/airflow.py
[2026-08-12T02:04:16.484+0000] {processor.py:829} INFO - Processing file /opt/airflow/dags/airflow.py for tasks to queue
[2026-08-12T02:04:16.486+0000] {logging_mixin.py:151} INFO - [2026-08-12T02:04:16.486+0000] {dagbag.py:536} INFO - Filling up the DagBag from /opt/airflow/dags/airflow.py
[2026-08-12T02:04:16.558+0000] {logging_mixin.py:151} INFO - [2026-08-12T02:04:16.557+0000] {dagbag.py:346} ERROR - Failed to import: /opt/airflow/dags/airflow.py
Traceback (most recent call last):
  File "/home/airflow/.local/lib/python3.8/site-packages/airflow/models/dagbag.py", line 342, in parse
    loader.exec_module(new_module)
  File "<frozen importlib._bootstrap_external>", line 843, in exec_module
  File "<frozen importlib._bootstrap>", line 219, in _call_with_frames_removed
  File "/opt/airflow/dags/airflow.py", line 23, in <module>
    from data_preprocessing_scripts.preprocessing import preprocess_data
ModuleNotFoundError: No module named 'data_preprocessing_scripts'
[2026-08-12T02:04:16.558+0000] {processor.py:841} WARNING - No viable dags retrieved from /opt/airflow/dags/airflow.py
[2026-08-12T02:04:16.568+0000] {processor.py:179} INFO - Processing /opt/airflow/dags/airflow.py took 0.088 seconds
[2026-08-12T02:04:46.796+0000] {processor.py:157} INFO - Started process (PID=7057) to work on /opt/airflow/dags/airflow.py
[2026-08-12T02:04:46.797+0000] {processor.py:829} INFO - Processing file /opt/airflow/dags/airflow.py for tasks to queue
[2026-08-12T02:04:46.798+0000] {logging_mixin.py:151} INFO - [2026-08-12T02:04:46.798+0000] {dagbag.py:536} INFO - Filling up the DagBag from /opt/airflow/dags/airflow.py
[2026-08-12T02:04:46.858+0000] {logging_mixin.py:151} INFO - [2026-08-12T02:04:46.857+0000] {dagbag.py:346} ERROR - Failed to import: /opt/airflow/dags/airflow.py
Traceback (most recent call last):
  File "/home/airflow/.local/lib/python3.8/site-packages/airflow/models/dagbag.py", line 342, in parse
    loader.exec_module(new_module)
  File "<frozen importlib._bootstrap_external>", line 843, in exec_module
  File "<frozen importlib._bootstrap>", line 219, in _call_with_frames_removed
  File "/opt/airflow/dags/airflow.py", line 23, in <module>
    from data_preprocessing_scripts.preprocessing import preprocess_data
ModuleNotFoundError: No module named 'data_preprocessing_scripts'
[2026-08-12T02:04:46.859+0000] {processor.py:841} WARNING - No viable dags retrieved from /opt/airflow/dags/airflow.py
[2026-08-12T02:04:46.867+0000] {processor.py:179} INFO - Processing /opt/airflow/dags/airflow.py took 0.073 seconds
[2026-08-12T02:05:17.138+0000] {processor.py:157} INFO - Started process (PID=7065) to work on /opt/airflow/dags/airflow.py
[2026-08-12T02:05:17.139+0000] {processor.py:829} INFO - Processing file /opt/airflow/dags/airflow.py for tasks to queue
[2026-08-12T02:05:17.141+0000] {logging_mixin.py:151} INFO - [2026-08-12T02:05:17.141+0000] {dagbag.py:536} INFO - Filling up the DagBag from /opt/airflow/dags/airflow.py
[2026-08-12T02:05:17.202+0000] {logging_mixin.py:151} INFO - [2026-08-12T02:05:17.201+0000] {dagbag.py:346} ERROR - Failed to import: /opt/airflow/dags/airflow.py
Traceback (most recent call last):
  File "/home/airflow/.local/lib/python3.8/site-packages/airflow/models/dagbag.py", line 342, in parse
    loader.exec_module(new_module)
  File "<frozen importlib._bootstrap_external>", line 843, in exec_module
  File "<frozen importlib._bootstrap>", line 219, in _call_with_frames_removed
  File "/opt/airflow/dags/airflow.py", line 23, in <module>
    from data_preprocessing_scripts.preprocessing import preprocess_data
ModuleNotFoundError: No module named 'data_preprocessing_scripts'
[2026-08-12T02:05:17.202+0000] {processor.py:841} WARNING - No viable dags retrieved from /opt/airflow/dags/airflow.py
[2026-08-12T02:05:17.211+0000] {processor.py:179} INFO - Processing /opt/airflow/dags/airflow.py took 0.075 seconds
[2026-08-12T02:05:47.440+0000] {processor.py:157} INFO - Started process (PID=7073) to work on /opt/airflow/dags/airflow.py
[2026-08-12T02:05:47.441+0000] {processor.py:829} INFO - Processing file /opt/airflow/dags/airflow.py for tasks to queue
[2026-08-12T02:05:47.444+0000] {logging_mixin.py:151} INFO - [2026-08-12T02:05:47.443+0000] {dagbag.py:536} INFO - Filling up the DagBag from /opt/airflow/dags/airflow.py
[2026-08-12T02:05:47.513+0000] {logging_mixin.py:151} INFO - [2026-08-12T02:05:47.512+0000] {dagbag.py:346} ERROR - Failed to import: /opt/airflow/dags/airflow.py
Traceback (most recent call last):
  File "/home/airflow/.local/lib/python3.8/site-packages/airflow/models/dagbag.py", line 342, in parse
    loader.exec_module(new_module)
  File "<frozen importlib._bootstrap_external>", line 843, in exec_module
  File "<frozen importlib._bootstrap>", line 219, in _call_with_frames_removed
  File "/opt/airflow/dags/airflow.py", line 23, in <module>
    from data_preprocessing_scripts.preprocessing import preprocess_data
ModuleNotFoundError: No module named 'data_preprocessing_scripts'
[2026-08-12T02:05:47.513+0000] {processor.py:841} WARNING - No viable dags retrieved from /opt/airflow/dags/airflow.py
[2026-08-12T02:05:47.523+0000] {processor.py:179} INFO - Processing /opt/airflow/dags/airflow.py took 0.087 seconds
[2026-08-12T02:06:17.772+0000] {processor.py:157} INFO - Started process (PID=7081) to work on /opt/airflow/dags/airflow.py
[2026-08-12T02:06:17.772+0000] {processor.py:829} INFO - Processing file /opt/airflow/dags/airflow.py for tasks to queue
[2026-08-12T02:06:17.774+0000] {logging_mixin.py:151} INFO - [2026-08-12T02:06:17.774+0000] {dagbag.py:536} INFO - Filling up the DagBag from /opt/airflow/dags/airflow.py
[2026-08-12T02:06:17.844+0000] {logging_mixin.py:151} INFO - [2026-08-12T02:06:17.844+0000] {dagbag.py:346} ERROR - Failed to import: /opt/airflow/dags/airflow.py
Traceback (most recent call last):
  File "/home/airflow/.local/lib/python3.8/site-packages/airflow/models/dagbag.py", line 342, in parse
    loader.exec_module(new_module)
  File "<frozen importlib._bootstrap_external>", line 843, in exec_module
  File "<frozen importlib._bootstrap>", line 219, in _call_with_frames_removed
  File "/opt/airflow/dags/airflow.py", line 23, in <module>
    from data_preprocessing_scripts.preprocessing import preprocess_data
ModuleNotFoundError: No module named 'data_preprocessing_scripts'
[2026-08-12T02:06:17.844+0000] {processor.py:841} WARNING - No viable dags retrieved from /opt/airflow/dags/airflow.py
[2026-08-12T02:06:17.854+0000] {processor.py:179} INFO - Processing /opt/airflow/dags/airflow.py took 0.085 seconds
[2026-08-12T02:06:48.086+0000] {processor.py:157} INFO - Started process (PID=7089) to work on /opt/airflow/dags/airflow.py
[2026-08-12T02:06:48.087+0000] {processor.py:829} INFO - Processing file /opt/airflow/dags/airflow.py for tasks to queue
[2026-08-12T02:06:48.090+0000] {logging_mixin.py:151} INFO - [2026-08-12T02:06:48.089+0000] {dagbag.py:536} INFO - Filling up the DagBag from /opt/airflow/dags/airflow.py
[2026-08-12T02:06:48.151+0000] {logging_mixin.py:151} INFO - [2026-08-12T02:06:48.151+0000] {dagbag.py:346} ERROR - Failed to import: /opt/airflow/dags/airflow.py
Traceback (most recent call last):
  File "/home/airflow/.local/lib/python3.8/site-packages/airflow/models/dagbag.py", line 342, in parse
    loader.exec_module(new_module)
  File "<frozen importlib._bootstrap_external>", line 843, in exec_module
  File "<frozen importlib._bootstrap>", line 219, in _call_with_frames_removed
  File "/opt/airflow/dags/airflow.py", line 23, in <module>
    from data_preprocessing_scripts.preprocessing import preprocess_data
ModuleNotFoundError: No module named 'data_preprocessing_scripts'
[2026-08-12T02:06:48.152+0000] {processor.py:841} WARNING - No viable dags retrieved from /opt/airflow/dags/airflow.py
[2026-08-12T02:06:48.161+0000] {processor.py:179} INFO - Processing /opt/airflow/dags/airflow.py took 0.077 seconds
[2026-08-12T02:07:18.446+0000] {processor.py:157} INFO - Started process (PID=7097) to work on /opt/airflow/dags/airflow.py
[2026-08-12T02:07:18.447+0000] {processor.py:829} INFO - Processing file /opt/airflow/dags/airflow.py for tasks to queue
[2026-08-12T02:07:18.448+0000] {logging_mixin.py:151} INFO - [2026-08-12T02:07:18.448+0000] {dagbag.py:536} INFO - Filling up the DagBag from /opt/airflow/dags/airflow.py
[2026-08-12T02:07:18.522+0000] {logging_mixin.py:151} INFO - [2026-08-12T02:07:18.521+0000] {dagbag.py:346} ERROR - Failed to import: /opt/airflow/dags/airflow.py
Traceback (most recent call last):
  File "/home/airflow/.local/lib/python3.8/site-packages/airflow/models/dagbag.py", line 342, in parse
    loader.exec_module(new_module)
  File "<frozen importlib._bootstrap_external>", line 843, in exec_module
  File "<frozen importlib._bootstrap>", line 219, in _call_with_frames_removed
  File "/opt/airflow/dags/airflow.py", line 23, in <module>
    from data_preprocessing_scripts.preprocessing import preprocess_data
ModuleNotFoundError: No module named 'data_preprocessing_scripts'
[2026-08-12T02:07:18.522+0000] {processor.py:841} WARNING - No viable dags retrieved from /opt/airflow/dags/airflow.py
[2026-08-12T02:07:18.531+0000] {processor.py:179} INFO - Processing /opt/airflow/dags/airflow.py took 0.088 seconds
[2026-08-12T02:07:48.770+0000] {processor.py:157} INFO - Started process (PID=7105) to work on /opt/airflow/dags/airflow.py
[2026-08-12T02:07:48.771+0000] {processor.py:829} INFO - Processing file /opt/airflow/dags/airflow.py for tasks to queue
[2026-08-12T02:07:48.773+0000] {logging_mixin.py:151} INFO - [2026-08-12T02:07:48.773+0000] {dagbag.py:536} INFO - Filling up the DagBag from /opt/airflow/dags/airflow.py
[2026-08-12T02:07:48.844+0000] {logging_mixin.py:151} INFO - [2026-08-12T02:07:48.843+0000] {dagbag.py:346} ERROR - Failed to import: /opt/airflow/dags/airflow.py
Traceback (most recent call last):
  File "/home/airflow/.local/lib/python3.8/site-packages/airflow/models/dagbag.py", line 342, in parse
    loader.exec_module(new_module)
  File "<frozen importlib._bootstrap_external>", line 843, in exec_module
  File "<frozen importlib._bootstrap>", line 219, in _call_with_frames_removed
  File "/opt/airflow/dags/airflow.py", line 23, in <module>
    from data_preprocessing_scripts.preprocessing import preprocess_data
ModuleNotFoundError: No module named 'data_preprocessing_scripts'
[2026-08-12T02:07:48.844+0000] {processor.py:841} WARNING - No viable dags retrieved from /opt/airflow/dags/airflow.py
[2026-08-12T02:07:48.853+0000] {processor.py:179} INFO - Processing /opt/airflow/dags/airflow.py took 0.086 seconds
[2026-08-12T02:08:19.044+0000] {processor.py:157} INFO - Started process (PID=7113) to work on /opt/airflow/dags/airflow.py
[2026-08-12T02:08:19.045+0000] {processor.py:829} INFO - Processing file /opt/airflow/dags/airflow.py for tasks to queue
[2026-08-12T02:08:19.048+0000] {logging_mixin.py:151} INFO - [2026-08-12T02:08:19.047+0000] {dagbag.py:536} INFO - Filling up the DagBag from /opt/airflow/dags/airflow.py
[2026-08-12T02:08:19.131+0000] {logging_mixin.py:151} INFO - [2026-08-12T02:08:19.130+0000] {dagbag.py:346} ERROR - Failed to import: /opt/airflow/dags/airflow.py
Traceback (most recent call last):
  File "/home/airflow/.local/lib/python3.8/site-packages/airflow/models/dagbag.py", line 342, in parse
    loader.exec_module(new_module)
  File "<frozen importlib._bootstrap_external>", line 843, in exec_module
  File "<frozen importlib._bootstrap>", line 219, in _call_with_frames_removed
  File "/opt/airflow/dags/airflow.py", line 23, in <module>
    from data_preprocessing_scripts.preprocessing import preprocess_data
ModuleNotFoundError: No module named 'data_preprocessing_scripts'
[2026-08-12T02:08:19.131+0000] {processor.py:841} WARNING - No viable dags retrieved from /opt/airflow/dags/airflow.py
[2026-08-12T02:08:19.140+0000] {processor.py:179} INFO - Processing /opt/airflow/dags/airflow.py took 0.100 seconds
[2026-08-12T02:08:49.369+0000] {processor.py:157} INFO - Started process (PID=7121) to work on /opt/airflow/dags/airflow.py
[2026-08-12T02:08:49.370+0000] {processor.py:829} INFO - Processing file /opt/airflow/dags/airflow.py for tasks to queue
[2026-08-12T02:08:49.373+0000] {logging_mixin.py:151} INFO - [2026-08-12T02:08:49.372+0000] {dagbag.py:536} INFO - Filling up the DagBag from /opt/airflow/dags/airflow.py
[2026-08-12T02:08:49.434+0000] {logging_mixin.py:151} INFO - [2026-08-12T02:08:49.434+0000] {dagbag.py:346} ERROR - Failed to import: /opt/airflow/dags/airflow.py
Traceback (most recent call last):
  File "/home/airflow/.local/lib/python3.8/site-packages/airflow/models/dagbag.py", line 342, in parse
    loader.exec_module(new_module)
  File "<frozen importlib._bootstrap_external>", line 843, in exec_module
  File "<frozen importlib._bootstrap>", line 219, in _call_with_frames_removed
  File "/opt/airflow/dags/airflow.py", line 23, in <module>
    from data_preprocessing_scripts.preprocessing import preprocess_data
ModuleNotFoundError: No module named 'data_preprocessing_scripts'
[2026-08-12T02:08:49.434+0000] {processor.py:841} WARNING - No viable dags retrieved from /opt/airflow/dags/airflow.py
[2026-08-12T02:08:49.442+0000] {processor.py:179} INFO - Processing /opt/airflow/dags/airflow.py took 0.077 seconds
[2026-08-12T02:09:19.626+0000] {processor.py:157} INFO - Started process (PID=7129) to work on /opt/airflow/dags/airflow.py
[2026-08-12T02:09:19.627+0000] {processor.py:829} INFO - Processing file /opt/airflow/dags/airflow.py for tasks to queue
[2026-08-12T02:09:19.629+0000] {logging_mixin.py:151} INFO - [2026-08-12T02:09:19.629+0000] {dagbag.py:536} INFO - Filling up the DagBag from /opt/airflow/dags/airflow.py
[2026-08-12T02:09:19.694+0000] {logging_mixin.py:151} INFO - [2026-08-12T02:09:19.693+0000] {dagbag.py:346} ERROR - Failed to import: /opt/airflow/dags/airflow.py
Traceback (most recent call last):
  File "/home/airflow/.local/lib/python3.8/site-packages/airflow/models/dagbag.py", line 342, in parse
    loader.exec_module(new_module)
  File "<frozen importlib._bootstrap_external>", line 843, in exec_module
  File "<frozen importlib._bootstrap>", line 219, in _call_with_frames_removed
  File "/opt/airflow/dags/airflow.py", line 23, in <module>
    from data_preprocessing_scripts.preprocessing import preprocess_data
ModuleNotFoundError: No module named 'data_preprocessing_scripts'
[2026-08-12T02:09:19.694+0000] {processor.py:841} WARNING - No viable dags retrieved from /opt/airflow/dags/airflow.py
[2026-08-12T02:09:19.702+0000] {processor.py:179} INFO - Processing /opt/airflow/dags/airflow.py took 0.080 seconds
[2026-08-12T02:09:49.920+0000] {processor.py:157} INFO - Started process (PID=7137) to work on /opt/airflow/dags/airflow.py
[2026-08-12T02:09:49.921+0000] {processor.py:829} INFO - Processing file /opt/airflow/dags/airflow.py for tasks to queue
[2026-08-12T02:09:49.924+0000] {logging_mixin.py:151} INFO - [2026-08-12T02:09:49.924+0000] {dagbag.py:536} INFO - Filling up the DagBag from /opt/airflow/dags/airflow.py
[2026-08-12T02:09:49.985+0000] {logging_mixin.py:151} INFO - [2026-08-12T02:09:49.985+0000] {dagbag.py:346} ERROR - Failed to import: /opt/airflow/dags/airflow.py
Traceback (most recent call last):
  File "/home/airflow/.local/lib/python3.8/site-packages/airflow/models/dagbag.py", line 342, in parse
    loader.exec_module(new_module)
  File "<frozen importlib._bootstrap_external>", line 843, in exec_module
  File "<frozen importlib._bootstrap>", line 219, in _call_with_frames_removed
  File "/opt/airflow/dags/airflow.py", line 23, in <module>
    from data_preprocessing_scripts.preprocessing import preprocess_data
ModuleNotFoundError: No module named 'data_preprocessing_scripts'
[2026-08-12T02:09:49.985+0000] {processor.py:841} WARNING - No viable dags retrieved from /opt/airflow/dags/airflow.py
[2026-08-12T02:09:49.993+0000] {processor.py:179} INFO - Processing /opt/airflow/dags/airflow.py took 0.076 seconds
[2026-08-12T02:10:20.266+0000] {processor.py:157} INFO - Started process (PID=7145) to work on /opt/airflow/dags/airflow.py
[2026-08-12T02:10:20.267+0000] {processor.py:829} INFO - Processing file /opt/airflow/dags/airflow.py for tasks to queue
[2026-08-12T02:10:20.269+0000] {logging_mixin.py:151} INFO - [2026-08-12T02:10:20.269+0000] {dagbag.py:536} INFO - Filling up the DagBag from /opt/airflow/dags/airflow.py
[2026-08-12T02:10:20.331+0000] {logging_mixin.py:151} INFO - [2026-08-12T02:10:20.330+0000] {dagbag.py:346} ERROR - Failed to import: /opt/airflow/dags/airflow.py
Traceback (most recent call last):
  File "/home/airflow/.local/lib/python3.8/site-packages/airflow/models/dagbag.py", line 342, in parse
    loader.exec_module(new_module)
  File "<frozen importlib._bootstrap_external>", line 843, in exec_module
  File "<frozen importlib._bootstrap>", line 219, in _call_with_frames_removed
  File "/opt/airflow/dags/airflow.py", line 23, in <module>
    from data_preprocessing_scripts.preprocessing import preprocess_data
ModuleNotFoundError: No module named 'data_preprocessing_scripts'
[2026-08-12T02:10:20.331+0000] {processor.py:841} WARNING - No viable dags retrieved from /opt/airflow/dags/airflow.py
[2026-08-12T02:10:20.338+0000] {processor.py:179} INFO - Processing /opt/airflow/dags/airflow.py took 0.075 seconds
[2026-08-12T02:10:50.574+0000] {processor.py:157} INFO - Started process (PID=7153) to work on /opt/airflow/dags/airflow.py
[2026-08-12T02:10:50.574+0000] {processor.py:829} INFO - Processing file /opt/airflow/dags/airflow.py for tasks to queue
[2026-08-12T02:10:50.576+0000] {logging_mixin.py:151} INFO - [2026-08-12T02:10:50.576+0000] {dagbag.py:536} INFO - Filling up the DagBag from /opt/airflow/dags/airflow.py
[2026-08-12T02:10:50.655+0000] {logging_mixin.py:151} INFO - [2026-08-12T02:10:50.653+0000] {dagbag.py:346} ERROR - Failed to import: /opt/airflow/dags/airflow.py
Traceback (most recent call last):
  File "/home/airflow/.local/lib/python3.8/site-packages/airflow/models/dagbag.py", line 342, in parse
    loader.exec_module(new_module)
  File "<frozen importlib._bootstrap_external>", line 843, in exec_module
  File "<frozen importlib._bootstrap>", line 219, in _call_with_frames_removed
  File "/opt/airflow/dags/airflow.py", line 23, in <module>
    from data_preprocessing_scripts.preprocessing import preprocess_data
ModuleNotFoundError: No module named 'data_preprocessing_scripts'
[2026-08-12T02:10:50.655+0000] {processor.py:841} WARNING - No viable dags retrieved from /opt/airflow/dags/airflow.py
[2026-08-12T02:10:50.681+0000] {processor.py:179} INFO - Processing /opt/airflow/dags/airflow.py took 0.109 seconds
[2026-08-12T02:11:20.906+0000] {processor.py:157} INFO - Started process (PID=7161) to work on /opt/airflow/dags/airflow.py
[2026-08-12T02:11:20.907+0000] {processor.py:829} INFO - Processing file /opt/airflow/dags/airflow.py for tasks to queue
[2026-08-12T02:11:20.909+0000] {logging_mixin.py:151} INFO - [2026-08-12T02:11:20.909+0000] {dagbag.py:536} INFO - Filling up the DagBag from /opt/airflow/dags/airflow.py
[2026-08-12T02:11:20.988+0000] {logging_mixin.py:151} INFO - [2026-08-12T02:11:20.988+0000] {dagbag.py:346} ERROR - Failed to import: /opt/airflow/dags/airflow.py
Traceback (most recent call last):
  File "/home/airflow/.local/lib/python3.8/site-packages/airflow/models/dagbag.py", line 342, in parse
    loader.exec_module(new_module)
  File "<frozen importlib._bootstrap_external>", line 843, in exec_module
  File "<frozen importlib._bootstrap>", line 219, in _call_with_frames_removed
  File "/opt/airflow/dags/airflow.py", line 23, in <module>
    from data_preprocessing_scripts.preprocessing import preprocess_data
ModuleNotFoundError: No module named 'data_preprocessing_scripts'
[2026-08-12T02:11:20.988+0000] {processor.py:841} WARNING - No viable dags retrieved from /opt/airflow/dags/airflow.py
[2026-08-12T02:11:20.998+0000] {processor.py:179} INFO - Processing /opt/airflow/dags/airflow.py took 0.096 seconds
[2026-08-12T02:11:51.271+0000] {processor.py:157} INFO - Started process (PID=7169) to work on /opt/airflow/dags/airflow.py
[2026-08-12T02:11:51.273+0000] {processor.py:829} INFO - Processing file /opt/airflow/dags/airflow.py for tasks to queue
[2026-08-12T02:11:51.277+0000] {logging_mixin.py:151} INFO - [2026-08-12T02:11:51.276+0000] {dagbag.py:536} INFO - Filling up the DagBag from /opt/airflow/dags/airflow.py
[2026-08-12T02:11:51.345+0000] {logging_mixin.py:151} INFO - [2026-08-12T02:11:51.344+0000] {dagbag.py:346} ERROR - Failed to import: /opt/airflow/dags/airflow.py
Traceback (most recent call last):
  File "/home/airflow/.local/lib/python3.8/site-packages/airflow/models/dagbag.py", line 342, in parse
    loader.exec_module(new_module)
  File "<frozen importlib._bootstrap_external>", line 843, in exec_module
  File "<frozen importlib._bootstrap>", line 219, in _call_with_frames_removed
  File "/opt/airflow/dags/airflow.py", line 23, in <module>
    from data_preprocessing_scripts.preprocessing import preprocess_data
ModuleNotFoundError: No module named 'data_preprocessing_scripts'
[2026-08-12T02:11:51.345+0000] {processor.py:841} WARNING - No viable dags retrieved from /opt/airflow/dags/airflow.py
[2026-08-12T02:11:51.354+0000] {processor.py:179} INFO - Processing /opt/airflow/dags/airflow.py took 0.088 seconds
[2026-08-12T02:12:21.636+0000] {processor.py:157} INFO - Started process (PID=7177) to work on /opt/airflow/dags/airflow.py
[2026-08-12T02:12:21.637+0000] {processor.py:829} INFO - Processing file /opt/airflow/dags/airflow.py for tasks to queue
[2026-08-12T02:12:21.639+0000] {logging_mixin.py:151} INFO - [2026-08-12T02:12:21.639+0000] {dagbag.py:536} INFO - Filling up the DagBag from /opt/airflow/dags/airflow.py
[2026-08-12T02:12:21.722+0000] {logging_mixin.py:151} INFO - [2026-08-12T02:12:21.721+0000] {dagbag.py:346} ERROR - Failed to import: /opt/airflow/dags/airflow.py
Traceback (most recent call last):
  File "/home/airflow/.local/lib/python3.8/site-packages/airflow/models/dagbag.py", line 342, in parse
    loader.exec_module(new_module)
  File "<frozen importlib._bootstrap_external>", line 843, in exec_module
  File "<frozen importlib._bootstrap>", line 219, in _call_with_frames_removed
  File "/opt/airflow/dags/airflow.py", line 23, in <module>
    from data_preprocessing_scripts.preprocessing import preprocess_data
ModuleNotFoundError: No module named 'data_preprocessing_scripts'
[2026-08-12T02:12:21.722+0000] {processor.py:841} WARNING - No viable dags retrieved from /opt/airflow/dags/airflow.py
[2026-08-12T02:12:21.733+0000] {processor.py:179} INFO - Processing /opt/airflow/dags/airflow.py took 0.099 seconds
[2026-08-12T02:12:51.914+0000] {processor.py:157} INFO - Started process (PID=7185) to work on /opt/airflow/dags/airflow.py
[2026-08-12T02:12:51.914+0000] {processor.py:829} INFO - Processing file /opt/airflow/dags/airflow.py for tasks to queue
[2026-08-12T02:12:51.916+0000] {logging_mixin.py:151} INFO - [2026-08-12T02:12:51.916+0000] {dagbag.py:536} INFO - Filling up the DagBag from /opt/airflow/dags/airflow.py
[2026-08-12T02:12:51.975+0000] {logging_mixin.py:151} INFO - [2026-08-12T02:12:51.974+0000] {dagbag.py:346} ERROR - Failed to import: /opt/airflow/dags/airflow.py
Traceback (most recent call last):
  File "/home/airflow/.local/lib/python3.8/site-packages/airflow/models/dagbag.py", line 342, in parse
    loader.exec_module(new_module)
  File "<frozen importlib._bootstrap_external>", line 843, in exec_module
  File "<frozen importlib._bootstrap>", line 219, in _call_with_frames_removed
  File "/opt/airflow/dags/airflow.py", line 23, in <module>
    from data_preprocessing_scripts.preprocessing import preprocess_data
ModuleNotFoundError: No module named 'data_preprocessing_scripts'
[2026-08-12T02:12:51.975+0000] {processor.py:841} WARNING - No viable dags retrieved from /opt/airflow/dags/airflow.py
[2026-08-12T02:12:51.987+0000] {processor.py:179} INFO - Processing /opt/airflow/dags/airflow.py took 0.076 seconds
[2026-08-12T02:13:22.260+0000] {processor.py:157} INFO - Started process (PID=7193) to work on /opt/airflow/dags/airflow.py
[2026-08-12T02:13:22.261+0000] {processor.py:829} INFO - Processing file /opt/airflow/dags/airflow.py for tasks to queue
[2026-08-12T02:13:22.263+0000] {logging_mixin.py:151} INFO - [2026-08-12T02:13:22.262+0000] {dagbag.py:536} INFO - Filling up the DagBag from /opt/airflow/dags/airflow.py
[2026-08-12T02:13:22.359+0000] {logging_mixin.py:151} INFO - [2026-08-12T02:13:22.358+0000] {dagbag.py:346} ERROR - Failed to import: /opt/airflow/dags/airflow.py
Traceback (most recent call last):
  File "/home/airflow/.local/lib/python3.8/site-packages/airflow/models/dagbag.py", line 342, in parse
    loader.exec_module(new_module)
  File "<frozen importlib._bootstrap_external>", line 843, in exec_module
  File "<frozen importlib._bootstrap>", line 219, in _call_with_frames_removed
  File "/opt/airflow/dags/airflow.py", line 23, in <module>
    from data_preprocessing_scripts.preprocessing import preprocess_data
ModuleNotFoundError: No module named 'data_preprocessing_scripts'
[2026-08-12T02:13:22.359+0000] {processor.py:841} WARNING - No viable dags retrieved from /opt/airflow/dags/airflow.py
[2026-08-12T02:13:22.379+0000] {processor.py:179} INFO - Processing /opt/airflow/dags/airflow.py took 0.122 seconds
[2026-08-12T02:13:52.585+0000] {processor.py:157} INFO - Started process (PID=7201) to work on /opt/airflow/dags/airflow.py
[2026-08-12T02:13:52.587+0000] {processor.py:829} INFO - Processing file /opt/airflow/dags/airflow.py for tasks to queue
[2026-08-12T02:13:52.590+0000] {logging_mixin.py:151} INFO - [2026-08-12T02:13:52.590+0000] {dagbag.py:536} INFO - Filling up the DagBag from /opt/airflow/dags/airflow.py
[2026-08-12T02:13:52.655+0000] {logging_mixin.py:151} INFO - [2026-08-12T02:13:52.654+0000] {dagbag.py:346} ERROR - Failed to import: /opt/airflow/dags/airflow.py
Traceback (most recent call last):
  File "/home/airflow/.local/lib/python3.8/site-packages/airflow/models/dagbag.py", line 342, in parse
    loader.exec_module(new_module)
  File "<frozen importlib._bootstrap_external>", line 843, in exec_module
  File "<frozen importlib._bootstrap>", line 219, in _call_with_frames_removed
  File "/opt/airflow/dags/airflow.py", line 23, in <module>
    from data_preprocessing_scripts.preprocessing import preprocess_data
ModuleNotFoundError: No module named 'data_preprocessing_scripts'
[2026-08-12T02:13:52.655+0000] {processor.py:841} WARNING - No viable dags retrieved from /opt/airflow/dags/airflow.py
[2026-08-12T02:13:52.664+0000] {processor.py:179} INFO - Processing /opt/airflow/dags/airflow.py took 0.082 seconds
[2026-08-12T02:14:22.876+0000] {processor.py:157} INFO - Started process (PID=7209) to work on /opt/airflow/dags/airflow.py
[2026-08-12T02:14:22.876+0000] {processor.py:829} INFO - Processing file /opt/airflow/dags/airflow.py for tasks to queue
[2026-08-12T02:14:22.877+0000] {logging_mixin.py:151} INFO - [2026-08-12T02:14:22.877+0000] {dagbag.py:536} INFO - Filling up the DagBag from /opt/airflow/dags/airflow.py
[2026-08-12T02:14:22.938+0000] {logging_mixin.py:151} INFO - [2026-08-12T02:14:22.937+0000] {dagbag.py:346} ERROR - Failed to import: /opt/airflow/dags/airflow.py
Traceback (most recent call last):
  File "/home/airflow/.local/lib/python3.8/site-packages/airflow/models/dagbag.py", line 342, in parse
    loader.exec_module(new_module)
  File "<frozen importlib._bootstrap_external>", line 843, in exec_module
  File "<frozen importlib._bootstrap>", line 219, in _call_with_frames_removed
  File "/opt/airflow/dags/airflow.py", line 23, in <module>
    from data_preprocessing_scripts.preprocessing import preprocess_data
ModuleNotFoundError: No module named 'data_preprocessing_scripts'
[2026-08-12T02:14:22.938+0000] {processor.py:841} WARNING - No viable dags retrieved from /opt/airflow/dags/airflow.py
[2026-08-12T02:14:22.947+0000] {processor.py:179} INFO - Processing /opt/airflow/dags/airflow.py took 0.073 seconds
[2026-08-12T02:14:53.135+0000] {processor.py:157} INFO - Started process (PID=7217) to work on /opt/airflow/dags/airflow.py
[2026-08-12T02:14:53.135+0000] {processor.py:829} INFO - Processing file /opt/airflow/dags/airflow.py for tasks to queue
[2026-08-12T02:14:53.137+0000] {logging_mixin.py:151} INFO - [2026-08-12T02:14:53.137+0000] {dagbag.py:536} INFO - Filling up the DagBag from /opt/airflow/dags/airflow.py
[2026-08-12T02:14:53.205+0000] {logging_mixin.py:151} INFO - [2026-08-12T02:14:53.204+0000] {dagbag.py:346} ERROR - Failed to import: /opt/airflow/dags/airflow.py
Traceback (most recent call last):
  File "/home/airflow/.local/lib/python3.8/site-packages/airflow/models/dagbag.py", line 342, in parse
    loader.exec_module(new_module)
  File "<frozen importlib._bootstrap_external>", line 843, in exec_module
  File "<frozen importlib._bootstrap>", line 219, in _call_with_frames_removed
  File "/opt/airflow/dags/airflow.py", line 23, in <module>
    from data_preprocessing_scripts.preprocessing import preprocess_data
ModuleNotFoundError: No module named 'data_preprocessing_scripts'
[2026-08-12T02:14:53.205+0000] {processor.py:841} WARNING - No viable dags retrieved from /opt/airflow/dags/airflow.py
[2026-08-12T02:14:53.214+0000] {processor.py:179} INFO - Processing /opt/airflow/dags/airflow.py took 0.082 seconds
[2026-08-12T02:15:23.443+0000] {processor.py:157} INFO - Started process (PID=7225) to work on /opt/airflow/dags/airflow.py
[2026-08-12T02:15:23.444+0000] {processor.py:829} INFO - Processing file /opt/airflow/dags/airflow.py for tasks to queue
[2026-08-12T02:15:23.446+0000] {logging_mixin.py:151} INFO - [2026-08-12T02:15:23.446+0000] {dagbag.py:536} INFO - Filling up the DagBag from /opt/airflow/dags/airflow.py
[2026-08-12T02:15:23.519+0000] {logging_mixin.py:151} INFO - [2026-08-12T02:15:23.519+0000] {dagbag.py:346} ERROR - Failed to import: /opt/airflow/dags/airflow.py
Traceback (most recent call last):
  File "/home/airflow/.local/lib/python3.8/site-packages/airflow/models/dagbag.py", line 342, in parse
    loader.exec_module(new_module)
  File "<frozen importlib._bootstrap_external>", line 843, in exec_module
  File "<frozen importlib._bootstrap>", line 219, in _call_with_frames_removed
  File "/opt/airflow/dags/airflow.py", line 23, in <module>
    from data_preprocessing_scripts.preprocessing import preprocess_data
ModuleNotFoundError: No module named 'data_preprocessing_scripts'
[2026-08-12T02:15:23.520+0000] {processor.py:841} WARNING - No viable dags retrieved from /opt/airflow/dags/airflow.py
[2026-08-12T02:15:23.530+0000] {processor.py:179} INFO - Processing /opt/airflow/dags/airflow.py took 0.091 seconds
[2026-08-12T02:15:53.756+0000] {processor.py:157} INFO - Started process (PID=7233) to work on /opt/airflow/dags/airflow.py
[2026-08-12T02:15:53.758+0000] {processor.py:829} INFO - Processing file /opt/airflow/dags/airflow.py for tasks to queue
[2026-08-12T02:15:53.760+0000] {logging_mixin.py:151} INFO - [2026-08-12T02:15:53.760+0000] {dagbag.py:536} INFO - Filling up the DagBag from /opt/airflow/dags/airflow.py
[2026-08-12T02:15:53.821+0000] {logging_mixin.py:151} INFO - [2026-08-12T02:15:53.820+0000] {dagbag.py:346} ERROR - Failed to import: /opt/airflow/dags/airflow.py
Traceback (most recent call last):
  File "/home/airflow/.local/lib/python3.8/site-packages/airflow/models/dagbag.py", line 342, in parse
    loader.exec_module(new_module)
  File "<frozen importlib._bootstrap_external>", line 843, in exec_module
  File "<frozen importlib._bootstrap>", line 219, in _call_with_frames_removed
  File "/opt/airflow/dags/airflow.py", line 23, in <module>
    from data_preprocessing_scripts.preprocessing import preprocess_data
ModuleNotFoundError: No module named 'data_preprocessing_scripts'
[2026-08-12T02:15:53.821+0000] {processor.py:841} WARNING - No viable dags retrieved from /opt/airflow/dags/airflow.py
[2026-08-12T02:15:53.830+0000] {processor.py:179} INFO - Processing /opt/airflow/dags/airflow.py took 0.078 seconds
[2026-08-12T02:16:24.035+0000] {processor.py:157} INFO - Started process (PID=7242) to work on /opt/airflow/dags/airflow.py
[2026-08-12T02:16:24.036+0000] {processor.py:829} INFO - Processing file /opt/airflow/dags/airflow.py for tasks to queue
[2026-08-12T02:16:24.038+0000] {logging_mixin.py:151} INFO - [2026-08-12T02:16:24.038+0000] {dagbag.py:536} INFO - Filling up the DagBag from /opt/airflow/dags/airflow.py
[2026-08-12T02:16:24.111+0000] {logging_mixin.py:151} INFO - [2026-08-12T02:16:24.110+0000] {dagbag.py:346} ERROR - Failed to import: /opt/airflow/dags/airflow.py
Traceback (most recent call last):
  File "/home/airflow/.local/lib/python3.8/site-packages/airflow/models/dagbag.py", line 342, in parse
    loader.exec_module(new_module)
  File "<frozen importlib._bootstrap_external>", line 843, in exec_module
  File "<frozen importlib._bootstrap>", line 219, in _call_with_frames_removed
  File "/opt/airflow/dags/airflow.py", line 23, in <module>
    from data_preprocessing_scripts.preprocessing import preprocess_data
ModuleNotFoundError: No module named 'data_preprocessing_scripts'
[2026-08-12T02:16:24.111+0000] {processor.py:841} WARNING - No viable dags retrieved from /opt/airflow/dags/airflow.py
[2026-08-12T02:16:24.119+0000] {processor.py:179} INFO - Processing /opt/airflow/dags/airflow.py took 0.088 seconds
[2026-08-12T02:16:54.413+0000] {processor.py:157} INFO - Started process (PID=7250) to work on /opt/airflow/dags/airflow.py
[2026-08-12T02:16:54.413+0000] {processor.py:829} INFO - Processing file /opt/airflow/dags/airflow.py for tasks to queue
[2026-08-12T02:16:54.415+0000] {logging_mixin.py:151} INFO - [2026-08-12T02:16:54.415+0000] {dagbag.py:536} INFO - Filling up the DagBag from /opt/airflow/dags/airflow.py
[2026-08-12T02:16:54.489+0000] {logging_mixin.py:151} INFO - [2026-08-12T02:16:54.488+0000] {dagbag.py:346} ERROR - Failed to import: /opt/airflow/dags/airflow.py
Traceback (most recent call last):
  File "/home/airflow/.local/lib/python3.8/site-packages/airflow/models/dagbag.py", line 342, in parse
    loader.exec_module(new_module)
  File "<frozen importlib._bootstrap_external>", line 843, in exec_module
  File "<frozen importlib._bootstrap>", line 219, in _call_with_frames_removed
  File "/opt/airflow/dags/airflow.py", line 23, in <module>
    from data_preprocessing_scripts.preprocessing import preprocess_data
ModuleNotFoundError: No module named 'data_preprocessing_scripts'
[2026-08-12T02:16:54.489+0000] {processor.py:841} WARNING - No viable dags retrieved from /opt/airflow/dags/airflow.py
[2026-08-12T02:16:54.499+0000] {processor.py:179} INFO - Processing /opt/airflow/dags/airflow.py took 0.088 seconds
[2026-08-12T02:17:24.739+0000] {processor.py:157} INFO - Started process (PID=7258) to work on /opt/airflow/dags/airflow.py
[2026-08-12T02:17:24.740+0000] {processor.py:829} INFO - Processing file /opt/airflow/dags/airflow.py for tasks to queue
[2026-08-12T02:17:24.742+0000] {logging_mixin.py:151} INFO - [2026-08-12T02:17:24.742+0000] {dagbag.py:536} INFO - Filling up the DagBag from /opt/airflow/dags/airflow.py
[2026-08-12T02:17:24.803+0000] {logging_mixin.py:151} INFO - [2026-08-12T02:17:24.803+0000] {dagbag.py:346} ERROR - Failed to import: /opt/airflow/dags/airflow.py
Traceback (most recent call last):
  File "/home/airflow/.local/lib/python3.8/site-packages/airflow/models/dagbag.py", line 342, in parse
    loader.exec_module(new_module)
  File "<frozen importlib._bootstrap_external>", line 843, in exec_module
  File "<frozen importlib._bootstrap>", line 219, in _call_with_frames_removed
  File "/opt/airflow/dags/airflow.py", line 23, in <module>
    from data_preprocessing_scripts.preprocessing import preprocess_data
ModuleNotFoundError: No module named 'data_preprocessing_scripts'
[2026-08-12T02:17:24.804+0000] {processor.py:841} WARNING - No viable dags retrieved from /opt/airflow/dags/airflow.py
[2026-08-12T02:17:24.813+0000] {processor.py:179} INFO - Processing /opt/airflow/dags/airflow.py took 0.078 seconds
[2026-08-12T02:17:55.042+0000] {processor.py:157} INFO - Started process (PID=7267) to work on /opt/airflow/dags/airflow.py
[2026-08-12T02:17:55.043+0000] {processor.py:829} INFO - Processing file /opt/airflow/dags/airflow.py for tasks to queue
[2026-08-12T02:17:55.046+0000] {logging_mixin.py:151} INFO - [2026-08-12T02:17:55.046+0000] {dagbag.py:536} INFO - Filling up the DagBag from /opt/airflow/dags/airflow.py
[2026-08-12T02:17:55.116+0000] {logging_mixin.py:151} INFO - [2026-08-12T02:17:55.115+0000] {dagbag.py:346} ERROR - Failed to import: /opt/airflow/dags/airflow.py
Traceback (most recent call last):
  File "/home/airflow/.local/lib/python3.8/site-packages/airflow/models/dagbag.py", line 342, in parse
    loader.exec_module(new_module)
  File "<frozen importlib._bootstrap_external>", line 843, in exec_module
  File "<frozen importlib._bootstrap>", line 219, in _call_with_frames_removed
  File "/opt/airflow/dags/airflow.py", line 23, in <module>
    from data_preprocessing_scripts.preprocessing import preprocess_data
ModuleNotFoundError: No module named 'data_preprocessing_scripts'
[2026-08-12T02:17:55.116+0000] {processor.py:841} WARNING - No viable dags retrieved from /opt/airflow/dags/airflow.py
[2026-08-12T02:17:55.130+0000] {processor.py:179} INFO - Processing /opt/airflow/dags/airflow.py took 0.091 seconds
[2026-08-12T02:18:25.406+0000] {processor.py:157} INFO - Started process (PID=7275) to work on /opt/airflow/dags/airflow.py
[2026-08-12T02:18:25.407+0000] {processor.py:829} INFO - Processing file /opt/airflow/dags/airflow.py for tasks to queue
[2026-08-12T02:18:25.408+0000] {logging_mixin.py:151} INFO - [2026-08-12T02:18:25.408+0000] {dagbag.py:536} INFO - Filling up the DagBag from /opt/airflow/dags/airflow.py
[2026-08-12T02:18:25.485+0000] {logging_mixin.py:151} INFO - [2026-08-12T02:18:25.484+0000] {dagbag.py:346} ERROR - Failed to import: /opt/airflow/dags/airflow.py
Traceback (most recent call last):
  File "/home/airflow/.local/lib/python3.8/site-packages/airflow/models/dagbag.py", line 342, in parse
    loader.exec_module(new_module)
  File "<frozen importlib._bootstrap_external>", line 843, in exec_module
  File "<frozen importlib._bootstrap>", line 219, in _call_with_frames_removed
  File "/opt/airflow/dags/airflow.py", line 23, in <module>
    from data_preprocessing_scripts.preprocessing import preprocess_data
ModuleNotFoundError: No module named 'data_preprocessing_scripts'
[2026-08-12T02:18:25.485+0000] {processor.py:841} WARNING - No viable dags retrieved from /opt/airflow/dags/airflow.py
[2026-08-12T02:18:25.495+0000] {processor.py:179} INFO - Processing /opt/airflow/dags/airflow.py took 0.093 seconds
[2026-08-12T02:18:55.754+0000] {processor.py:157} INFO - Started process (PID=7283) to work on /opt/airflow/dags/airflow.py
[2026-08-12T02:18:55.755+0000] {processor.py:829} INFO - Processing file /opt/airflow/dags/airflow.py for tasks to queue
[2026-08-12T02:18:55.759+0000] {logging_mixin.py:151} INFO - [2026-08-12T02:18:55.759+0000] {dagbag.py:536} INFO - Filling up the DagBag from /opt/airflow/dags/airflow.py
[2026-08-12T02:18:55.845+0000] {logging_mixin.py:151} INFO - [2026-08-12T02:18:55.844+0000] {dagbag.py:346} ERROR - Failed to import: /opt/airflow/dags/airflow.py
Traceback (most recent call last):
  File "/home/airflow/.local/lib/python3.8/site-packages/airflow/models/dagbag.py", line 342, in parse
    loader.exec_module(new_module)
  File "<frozen importlib._bootstrap_external>", line 843, in exec_module
  File "<frozen importlib._bootstrap>", line 219, in _call_with_frames_removed
  File "/opt/airflow/dags/airflow.py", line 23, in <module>
    from data_preprocessing_scripts.preprocessing import preprocess_data
ModuleNotFoundError: No module named 'data_preprocessing_scripts'
[2026-08-12T02:18:55.846+0000] {processor.py:841} WARNING - No viable dags retrieved from /opt/airflow/dags/airflow.py
[2026-08-12T02:18:55.877+0000] {processor.py:179} INFO - Processing /opt/airflow/dags/airflow.py took 0.127 seconds
[2026-08-12T02:19:26.068+0000] {processor.py:157} INFO - Started process (PID=7291) to work on /opt/airflow/dags/airflow.py
[2026-08-12T02:19:26.069+0000] {processor.py:829} INFO - Processing file /opt/airflow/dags/airflow.py for tasks to queue
[2026-08-12T02:19:26.072+0000] {logging_mixin.py:151} INFO - [2026-08-12T02:19:26.071+0000] {dagbag.py:536} INFO - Filling up the DagBag from /opt/airflow/dags/airflow.py
[2026-08-12T02:19:26.143+0000] {logging_mixin.py:151} INFO - [2026-08-12T02:19:26.142+0000] {dagbag.py:346} ERROR - Failed to import: /opt/airflow/dags/airflow.py
Traceback (most recent call last):
  File "/home/airflow/.local/lib/python3.8/site-packages/airflow/models/dagbag.py", line 342, in parse
    loader.exec_module(new_module)
  File "<frozen importlib._bootstrap_external>", line 843, in exec_module
  File "<frozen importlib._bootstrap>", line 219, in _call_with_frames_removed
  File "/opt/airflow/dags/airflow.py", line 23, in <module>
    from data_preprocessing_scripts.preprocessing import preprocess_data
ModuleNotFoundError: No module named 'data_preprocessing_scripts'
[2026-08-12T02:19:26.143+0000] {processor.py:841} WARNING - No viable dags retrieved from /opt/airflow/dags/airflow.py
[2026-08-12T02:19:26.153+0000] {processor.py:179} INFO - Processing /opt/airflow/dags/airflow.py took 0.089 seconds
[2026-08-12T02:19:56.376+0000] {processor.py:157} INFO - Started process (PID=7299) to work on /opt/airflow/dags/airflow.py
[2026-08-12T02:19:56.378+0000] {processor.py:829} INFO - Processing file /opt/airflow/dags/airflow.py for tasks to queue
[2026-08-12T02:19:56.382+0000] {logging_mixin.py:151} INFO - [2026-08-12T02:19:56.382+0000] {dagbag.py:536} INFO - Filling up the DagBag from /opt/airflow/dags/airflow.py
[2026-08-12T02:19:56.450+0000] {logging_mixin.py:151} INFO - [2026-08-12T02:19:56.449+0000] {dagbag.py:346} ERROR - Failed to import: /opt/airflow/dags/airflow.py
Traceback (most recent call last):
  File "/home/airflow/.local/lib/python3.8/site-packages/airflow/models/dagbag.py", line 342, in parse
    loader.exec_module(new_module)
  File "<frozen importlib._bootstrap_external>", line 843, in exec_module
  File "<frozen importlib._bootstrap>", line 219, in _call_with_frames_removed
  File "/opt/airflow/dags/airflow.py", line 23, in <module>
    from data_preprocessing_scripts.preprocessing import preprocess_data
ModuleNotFoundError: No module named 'data_preprocessing_scripts'
[2026-08-12T02:19:56.450+0000] {processor.py:841} WARNING - No viable dags retrieved from /opt/airflow/dags/airflow.py
[2026-08-12T02:19:56.462+0000] {processor.py:179} INFO - Processing /opt/airflow/dags/airflow.py took 0.091 seconds
[2026-08-12T02:20:26.694+0000] {processor.py:157} INFO - Started process (PID=7307) to work on /opt/airflow/dags/airflow.py
[2026-08-12T02:20:26.695+0000] {processor.py:829} INFO - Processing file /opt/airflow/dags/airflow.py for tasks to queue
[2026-08-12T02:20:26.698+0000] {logging_mixin.py:151} INFO - [2026-08-12T02:20:26.697+0000] {dagbag.py:536} INFO - Filling up the DagBag from /opt/airflow/dags/airflow.py
[2026-08-12T02:20:26.800+0000] {logging_mixin.py:151} INFO - [2026-08-12T02:20:26.799+0000] {dagbag.py:346} ERROR - Failed to import: /opt/airflow/dags/airflow.py
Traceback (most recent call last):
  File "/home/airflow/.local/lib/python3.8/site-packages/airflow/models/dagbag.py", line 342, in parse
    loader.exec_module(new_module)
  File "<frozen importlib._bootstrap_external>", line 843, in exec_module
  File "<frozen importlib._bootstrap>", line 219, in _call_with_frames_removed
  File "/opt/airflow/dags/airflow.py", line 23, in <module>
    from data_preprocessing_scripts.preprocessing import preprocess_data
ModuleNotFoundError: No module named 'data_preprocessing_scripts'
[2026-08-12T02:20:26.800+0000] {processor.py:841} WARNING - No viable dags retrieved from /opt/airflow/dags/airflow.py
[2026-08-12T02:20:26.810+0000] {processor.py:179} INFO - Processing /opt/airflow/dags/airflow.py took 0.119 seconds
[2026-08-12T02:20:57.013+0000] {processor.py:157} INFO - Started process (PID=7315) to work on /opt/airflow/dags/airflow.py
[2026-08-12T02:20:57.014+0000] {processor.py:829} INFO - Processing file /opt/airflow/dags/airflow.py for tasks to queue
[2026-08-12T02:20:57.019+0000] {logging_mixin.py:151} INFO - [2026-08-12T02:20:57.018+0000] {dagbag.py:536} INFO - Filling up the DagBag from /opt/airflow/dags/airflow.py
[2026-08-12T02:20:57.088+0000] {logging_mixin.py:151} INFO - [2026-08-12T02:20:57.087+0000] {dagbag.py:346} ERROR - Failed to import: /opt/airflow/dags/airflow.py
Traceback (most recent call last):
  File "/home/airflow/.local/lib/python3.8/site-packages/airflow/models/dagbag.py", line 342, in parse
    loader.exec_module(new_module)
  File "<frozen importlib._bootstrap_external>", line 843, in exec_module
  File "<frozen importlib._bootstrap>", line 219, in _call_with_frames_removed
  File "/opt/airflow/dags/airflow.py", line 23, in <module>
    from data_preprocessing_scripts.preprocessing import preprocess_data
ModuleNotFoundError: No module named 'data_preprocessing_scripts'
[2026-08-12T02:20:57.088+0000] {processor.py:841} WARNING - No viable dags retrieved from /opt/airflow/dags/airflow.py
[2026-08-12T02:20:57.100+0000] {processor.py:179} INFO - Processing /opt/airflow/dags/airflow.py took 0.092 seconds
[2026-08-12T02:21:27.399+0000] {processor.py:157} INFO - Started process (PID=7323) to work on /opt/airflow/dags/airflow.py
[2026-08-12T02:21:27.400+0000] {processor.py:829} INFO - Processing file /opt/airflow/dags/airflow.py for tasks to queue
[2026-08-12T02:21:27.401+0000] {logging_mixin.py:151} INFO - [2026-08-12T02:21:27.401+0000] {dagbag.py:536} INFO - Filling up the DagBag from /opt/airflow/dags/airflow.py
[2026-08-12T02:21:27.474+0000] {logging_mixin.py:151} INFO - [2026-08-12T02:21:27.473+0000] {dagbag.py:346} ERROR - Failed to import: /opt/airflow/dags/airflow.py
Traceback (most recent call last):
  File "/home/airflow/.local/lib/python3.8/site-packages/airflow/models/dagbag.py", line 342, in parse
    loader.exec_module(new_module)
  File "<frozen importlib._bootstrap_external>", line 843, in exec_module
  File "<frozen importlib._bootstrap>", line 219, in _call_with_frames_removed
  File "/opt/airflow/dags/airflow.py", line 23, in <module>
    from data_preprocessing_scripts.preprocessing import preprocess_data
ModuleNotFoundError: No module named 'data_preprocessing_scripts'
[2026-08-12T02:21:27.474+0000] {processor.py:841} WARNING - No viable dags retrieved from /opt/airflow/dags/airflow.py
[2026-08-12T02:21:27.482+0000] {processor.py:179} INFO - Processing /opt/airflow/dags/airflow.py took 0.087 seconds
[2026-08-12T02:21:57.702+0000] {processor.py:157} INFO - Started process (PID=7331) to work on /opt/airflow/dags/airflow.py
[2026-08-12T02:21:57.703+0000] {processor.py:829} INFO - Processing file /opt/airflow/dags/airflow.py for tasks to queue
[2026-08-12T02:21:57.708+0000] {logging_mixin.py:151} INFO - [2026-08-12T02:21:57.708+0000] {dagbag.py:536} INFO - Filling up the DagBag from /opt/airflow/dags/airflow.py
[2026-08-12T02:21:57.782+0000] {logging_mixin.py:151} INFO - [2026-08-12T02:21:57.781+0000] {dagbag.py:346} ERROR - Failed to import: /opt/airflow/dags/airflow.py
Traceback (most recent call last):
  File "/home/airflow/.local/lib/python3.8/site-packages/airflow/models/dagbag.py", line 342, in parse
    loader.exec_module(new_module)
  File "<frozen importlib._bootstrap_external>", line 843, in exec_module
  File "<frozen importlib._bootstrap>", line 219, in _call_with_frames_removed
  File "/opt/airflow/dags/airflow.py", line 23, in <module>
    from data_preprocessing_scripts.preprocessing import preprocess_data
ModuleNotFoundError: No module named 'data_preprocessing_scripts'
[2026-08-12T02:21:57.782+0000] {processor.py:841} WARNING - No viable dags retrieved from /opt/airflow/dags/airflow.py
[2026-08-12T02:21:57.794+0000] {processor.py:179} INFO - Processing /opt/airflow/dags/airflow.py took 0.097 seconds
[2026-08-12T02:22:27.993+0000] {processor.py:157} INFO - Started process (PID=7339) to work on /opt/airflow/dags/airflow.py
[2026-08-12T02:22:27.994+0000] {processor.py:829} INFO - Processing file /opt/airflow/dags/airflow.py for tasks to queue
[2026-08-12T02:22:27.995+0000] {logging_mixin.py:151} INFO - [2026-08-12T02:22:27.995+0000] {dagbag.py:536} INFO - Filling up the DagBag from /opt/airflow/dags/airflow.py
[2026-08-12T02:22:28.074+0000] {logging_mixin.py:151} INFO - [2026-08-12T02:22:28.074+0000] {dagbag.py:346} ERROR - Failed to import: /opt/airflow/dags/airflow.py
Traceback (most recent call last):
  File "/home/airflow/.local/lib/python3.8/site-packages/airflow/models/dagbag.py", line 342, in parse
    loader.exec_module(new_module)
  File "<frozen importlib._bootstrap_external>", line 843, in exec_module
  File "<frozen importlib._bootstrap>", line 219, in _call_with_frames_removed
  File "/opt/airflow/dags/airflow.py", line 23, in <module>
    from data_preprocessing_scripts.preprocessing import preprocess_data
ModuleNotFoundError: No module named 'data_preprocessing_scripts'
[2026-08-12T02:22:28.075+0000] {processor.py:841} WARNING - No viable dags retrieved from /opt/airflow/dags/airflow.py
[2026-08-12T02:22:28.089+0000] {processor.py:179} INFO - Processing /opt/airflow/dags/airflow.py took 0.099 seconds
[2026-08-12T02:22:58.341+0000] {processor.py:157} INFO - Started process (PID=7347) to work on /opt/airflow/dags/airflow.py
[2026-08-12T02:22:58.344+0000] {processor.py:829} INFO - Processing file /opt/airflow/dags/airflow.py for tasks to queue
[2026-08-12T02:22:58.349+0000] {logging_mixin.py:151} INFO - [2026-08-12T02:22:58.348+0000] {dagbag.py:536} INFO - Filling up the DagBag from /opt/airflow/dags/airflow.py
[2026-08-12T02:22:58.420+0000] {logging_mixin.py:151} INFO - [2026-08-12T02:22:58.419+0000] {dagbag.py:346} ERROR - Failed to import: /opt/airflow/dags/airflow.py
Traceback (most recent call last):
  File "/home/airflow/.local/lib/python3.8/site-packages/airflow/models/dagbag.py", line 342, in parse
    loader.exec_module(new_module)
  File "<frozen importlib._bootstrap_external>", line 843, in exec_module
  File "<frozen importlib._bootstrap>", line 219, in _call_with_frames_removed
  File "/opt/airflow/dags/airflow.py", line 23, in <module>
    from data_preprocessing_scripts.preprocessing import preprocess_data
ModuleNotFoundError: No module named 'data_preprocessing_scripts'
[2026-08-12T02:22:58.421+0000] {processor.py:841} WARNING - No viable dags retrieved from /opt/airflow/dags/airflow.py
[2026-08-12T02:22:58.437+0000] {processor.py:179} INFO - Processing /opt/airflow/dags/airflow.py took 0.101 seconds
[2026-08-12T02:23:28.694+0000] {processor.py:157} INFO - Started process (PID=7355) to work on /opt/airflow/dags/airflow.py
[2026-08-12T02:23:28.695+0000] {processor.py:829} INFO - Processing file /opt/airflow/dags/airflow.py for tasks to queue
[2026-08-12T02:23:28.697+0000] {logging_mixin.py:151} INFO - [2026-08-12T02:23:28.697+0000] {dagbag.py:536} INFO - Filling up the DagBag from /opt/airflow/dags/airflow.py
[2026-08-12T02:23:28.777+0000] {logging_mixin.py:151} INFO - [2026-08-12T02:23:28.776+0000] {dagbag.py:346} ERROR - Failed to import: /opt/airflow/dags/airflow.py
Traceback (most recent call last):
  File "/home/airflow/.local/lib/python3.8/site-packages/airflow/models/dagbag.py", line 342, in parse
    loader.exec_module(new_module)
  File "<frozen importlib._bootstrap_external>", line 843, in exec_module
  File "<frozen importlib._bootstrap>", line 219, in _call_with_frames_removed
  File "/opt/airflow/dags/airflow.py", line 23, in <module>
    from data_preprocessing_scripts.preprocessing import preprocess_data
ModuleNotFoundError: No module named 'data_preprocessing_scripts'
[2026-08-12T02:23:28.777+0000] {processor.py:841} WARNING - No viable dags retrieved from /opt/airflow/dags/airflow.py
[2026-08-12T02:23:28.788+0000] {processor.py:179} INFO - Processing /opt/airflow/dags/airflow.py took 0.099 seconds
[2026-08-12T02:23:58.995+0000] {processor.py:157} INFO - Started process (PID=7362) to work on /opt/airflow/dags/airflow.py
[2026-08-12T02:23:58.996+0000] {processor.py:829} INFO - Processing file /opt/airflow/dags/airflow.py for tasks to queue
[2026-08-12T02:23:59.001+0000] {logging_mixin.py:151} INFO - [2026-08-12T02:23:59.001+0000] {dagbag.py:536} INFO - Filling up the DagBag from /opt/airflow/dags/airflow.py
[2026-08-12T02:23:59.071+0000] {logging_mixin.py:151} INFO - [2026-08-12T02:23:59.071+0000] {dagbag.py:346} ERROR - Failed to import: /opt/airflow/dags/airflow.py
Traceback (most recent call last):
  File "/home/airflow/.local/lib/python3.8/site-packages/airflow/models/dagbag.py", line 342, in parse
    loader.exec_module(new_module)
  File "<frozen importlib._bootstrap_external>", line 843, in exec_module
  File "<frozen importlib._bootstrap>", line 219, in _call_with_frames_removed
  File "/opt/airflow/dags/airflow.py", line 23, in <module>
    from data_preprocessing_scripts.preprocessing import preprocess_data
ModuleNotFoundError: No module named 'data_preprocessing_scripts'
[2026-08-12T02:23:59.072+0000] {processor.py:841} WARNING - No viable dags retrieved from /opt/airflow/dags/airflow.py
[2026-08-12T02:23:59.084+0000] {processor.py:179} INFO - Processing /opt/airflow/dags/airflow.py took 0.095 seconds
[2026-08-12T02:24:29.277+0000] {processor.py:157} INFO - Started process (PID=7370) to work on /opt/airflow/dags/airflow.py
[2026-08-12T02:24:29.277+0000] {processor.py:829} INFO - Processing file /opt/airflow/dags/airflow.py for tasks to queue
[2026-08-12T02:24:29.279+0000] {logging_mixin.py:151} INFO - [2026-08-12T02:24:29.278+0000] {dagbag.py:536} INFO - Filling up the DagBag from /opt/airflow/dags/airflow.py
[2026-08-12T02:24:29.346+0000] {logging_mixin.py:151} INFO - [2026-08-12T02:24:29.346+0000] {dagbag.py:346} ERROR - Failed to import: /opt/airflow/dags/airflow.py
Traceback (most recent call last):
  File "/home/airflow/.local/lib/python3.8/site-packages/airflow/models/dagbag.py", line 342, in parse
    loader.exec_module(new_module)
  File "<frozen importlib._bootstrap_external>", line 843, in exec_module
  File "<frozen importlib._bootstrap>", line 219, in _call_with_frames_removed
  File "/opt/airflow/dags/airflow.py", line 23, in <module>
    from data_preprocessing_scripts.preprocessing import preprocess_data
ModuleNotFoundError: No module named 'data_preprocessing_scripts'
[2026-08-12T02:24:29.347+0000] {processor.py:841} WARNING - No viable dags retrieved from /opt/airflow/dags/airflow.py
[2026-08-12T02:24:29.354+0000] {processor.py:179} INFO - Processing /opt/airflow/dags/airflow.py took 0.080 seconds
[2026-08-12T02:24:59.566+0000] {processor.py:157} INFO - Started process (PID=7378) to work on /opt/airflow/dags/airflow.py
[2026-08-12T02:24:59.567+0000] {processor.py:829} INFO - Processing file /opt/airflow/dags/airflow.py for tasks to queue
[2026-08-12T02:24:59.570+0000] {logging_mixin.py:151} INFO - [2026-08-12T02:24:59.570+0000] {dagbag.py:536} INFO - Filling up the DagBag from /opt/airflow/dags/airflow.py
[2026-08-12T02:24:59.629+0000] {logging_mixin.py:151} INFO - [2026-08-12T02:24:59.628+0000] {dagbag.py:346} ERROR - Failed to import: /opt/airflow/dags/airflow.py
Traceback (most recent call last):
  File "/home/airflow/.local/lib/python3.8/site-packages/airflow/models/dagbag.py", line 342, in parse
    loader.exec_module(new_module)
  File "<frozen importlib._bootstrap_external>", line 843, in exec_module
  File "<frozen importlib._bootstrap>", line 219, in _call_with_frames_removed
  File "/opt/airflow/dags/airflow.py", line 23, in <module>
    from data_preprocessing_scripts.preprocessing import preprocess_data
ModuleNotFoundError: No module named 'data_preprocessing_scripts'
[2026-08-12T02:24:59.629+0000] {processor.py:841} WARNING - No viable dags retrieved from /opt/airflow/dags/airflow.py
[2026-08-12T02:24:59.638+0000] {processor.py:179} INFO - Processing /opt/airflow/dags/airflow.py took 0.075 seconds
[2026-08-12T02:25:29.887+0000] {processor.py:157} INFO - Started process (PID=7386) to work on /opt/airflow/dags/airflow.py
[2026-08-12T02:25:29.888+0000] {processor.py:829} INFO - Processing file /opt/airflow/dags/airflow.py for tasks to queue
[2026-08-12T02:25:29.890+0000] {logging_mixin.py:151} INFO - [2026-08-12T02:25:29.890+0000] {dagbag.py:536} INFO - Filling up the DagBag from /opt/airflow/dags/airflow.py
[2026-08-12T02:25:29.957+0000] {logging_mixin.py:151} INFO - [2026-08-12T02:25:29.956+0000] {dagbag.py:346} ERROR - Failed to import: /opt/airflow/dags/airflow.py
Traceback (most recent call last):
  File "/home/airflow/.local/lib/python3.8/site-packages/airflow/models/dagbag.py", line 342, in parse
    loader.exec_module(new_module)
  File "<frozen importlib._bootstrap_external>", line 843, in exec_module
  File "<frozen importlib._bootstrap>", line 219, in _call_with_frames_removed
  File "/opt/airflow/dags/airflow.py", line 23, in <module>
    from data_preprocessing_scripts.preprocessing import preprocess_data
ModuleNotFoundError: No module named 'data_preprocessing_scripts'
[2026-08-12T02:25:29.957+0000] {processor.py:841} WARNING - No viable dags retrieved from /opt/airflow/dags/airflow.py
[2026-08-12T02:25:29.966+0000] {processor.py:179} INFO - Processing /opt/airflow/dags/airflow.py took 0.083 seconds
[2026-08-12T02:26:00.266+0000] {processor.py:157} INFO - Started process (PID=7394) to work on /opt/airflow/dags/airflow.py
[2026-08-12T02:26:00.267+0000] {processor.py:829} INFO - Processing file /opt/airflow/dags/airflow.py for tasks to queue
[2026-08-12T02:26:00.270+0000] {logging_mixin.py:151} INFO - [2026-08-12T02:26:00.270+0000] {dagbag.py:536} INFO - Filling up the DagBag from /opt/airflow/dags/airflow.py
[2026-08-12T02:26:00.344+0000] {logging_mixin.py:151} INFO - [2026-08-12T02:26:00.343+0000] {dagbag.py:346} ERROR - Failed to import: /opt/airflow/dags/airflow.py
Traceback (most recent call last):
  File "/home/airflow/.local/lib/python3.8/site-packages/airflow/models/dagbag.py", line 342, in parse
    loader.exec_module(new_module)
  File "<frozen importlib._bootstrap_external>", line 843, in exec_module
  File "<frozen importlib._bootstrap>", line 219, in _call_with_frames_removed
  File "/opt/airflow/dags/airflow.py", line 23, in <module>
    from data_preprocessing_scripts.preprocessing import preprocess_data
ModuleNotFoundError: No module named 'data_preprocessing_scripts'
[2026-08-12T02:26:00.344+0000] {processor.py:841} WARNING - No viable dags retrieved from /opt/airflow/dags/airflow.py
[2026-08-12T02:26:00.355+0000] {processor.py:179} INFO - Processing /opt/airflow/dags/airflow.py took 0.093 seconds
[2026-08-12T02:26:30.461+0000] {processor.py:157} INFO - Started process (PID=7403) to work on /opt/airflow/dags/airflow.py
[2026-08-12T02:26:30.461+0000] {processor.py:829} INFO - Processing file /opt/airflow/dags/airflow.py for tasks to queue
[2026-08-12T02:26:30.462+0000] {logging_mixin.py:151} INFO - [2026-08-12T02:26:30.462+0000] {dagbag.py:536} INFO - Filling up the DagBag from /opt/airflow/dags/airflow.py
[2026-08-12T02:26:30.533+0000] {logging_mixin.py:151} INFO - [2026-08-12T02:26:30.533+0000] {dagbag.py:346} ERROR - Failed to import: /opt/airflow/dags/airflow.py
Traceback (most recent call last):
  File "/home/airflow/.local/lib/python3.8/site-packages/airflow/models/dagbag.py", line 342, in parse
    loader.exec_module(new_module)
  File "<frozen importlib._bootstrap_external>", line 843, in exec_module
  File "<frozen importlib._bootstrap>", line 219, in _call_with_frames_removed
  File "/opt/airflow/dags/airflow.py", line 23, in <module>
    from data_preprocessing_scripts.preprocessing import preprocess_data
ModuleNotFoundError: No module named 'data_preprocessing_scripts'
[2026-08-12T02:26:30.534+0000] {processor.py:841} WARNING - No viable dags retrieved from /opt/airflow/dags/airflow.py
[2026-08-12T02:26:30.545+0000] {processor.py:179} INFO - Processing /opt/airflow/dags/airflow.py took 0.086 seconds
[2026-08-12T02:27:00.813+0000] {processor.py:157} INFO - Started process (PID=7411) to work on /opt/airflow/dags/airflow.py
[2026-08-12T02:27:00.815+0000] {processor.py:829} INFO - Processing file /opt/airflow/dags/airflow.py for tasks to queue
[2026-08-12T02:27:00.824+0000] {logging_mixin.py:151} INFO - [2026-08-12T02:27:00.824+0000] {dagbag.py:536} INFO - Filling up the DagBag from /opt/airflow/dags/airflow.py
[2026-08-12T02:27:00.897+0000] {logging_mixin.py:151} INFO - [2026-08-12T02:27:00.896+0000] {dagbag.py:346} ERROR - Failed to import: /opt/airflow/dags/airflow.py
Traceback (most recent call last):
  File "/home/airflow/.local/lib/python3.8/site-packages/airflow/models/dagbag.py", line 342, in parse
    loader.exec_module(new_module)
  File "<frozen importlib._bootstrap_external>", line 843, in exec_module
  File "<frozen importlib._bootstrap>", line 219, in _call_with_frames_removed
  File "/opt/airflow/dags/airflow.py", line 23, in <module>
    from data_preprocessing_scripts.preprocessing import preprocess_data
ModuleNotFoundError: No module named 'data_preprocessing_scripts'
[2026-08-12T02:27:00.897+0000] {processor.py:841} WARNING - No viable dags retrieved from /opt/airflow/dags/airflow.py
[2026-08-12T02:27:00.913+0000] {processor.py:179} INFO - Processing /opt/airflow/dags/airflow.py took 0.141 seconds
[2026-08-12T02:27:31.050+0000] {processor.py:157} INFO - Started process (PID=7419) to work on /opt/airflow/dags/airflow.py
[2026-08-12T02:27:31.050+0000] {processor.py:829} INFO - Processing file /opt/airflow/dags/airflow.py for tasks to queue
[2026-08-12T02:27:31.051+0000] {logging_mixin.py:151} INFO - [2026-08-12T02:27:31.051+0000] {dagbag.py:536} INFO - Filling up the DagBag from /opt/airflow/dags/airflow.py
[2026-08-12T02:27:31.112+0000] {logging_mixin.py:151} INFO - [2026-08-12T02:27:31.111+0000] {dagbag.py:346} ERROR - Failed to import: /opt/airflow/dags/airflow.py
Traceback (most recent call last):
  File "/home/airflow/.local/lib/python3.8/site-packages/airflow/models/dagbag.py", line 342, in parse
    loader.exec_module(new_module)
  File "<frozen importlib._bootstrap_external>", line 843, in exec_module
  File "<frozen importlib._bootstrap>", line 219, in _call_with_frames_removed
  File "/opt/airflow/dags/airflow.py", line 23, in <module>
    from data_preprocessing_scripts.preprocessing import preprocess_data
ModuleNotFoundError: No module named 'data_preprocessing_scripts'
[2026-08-12T02:27:31.112+0000] {processor.py:841} WARNING - No viable dags retrieved from /opt/airflow/dags/airflow.py
[2026-08-12T02:27:31.121+0000] {processor.py:179} INFO - Processing /opt/airflow/dags/airflow.py took 0.073 seconds
[2026-08-12T02:28:01.415+0000] {processor.py:157} INFO - Started process (PID=7427) to work on /opt/airflow/dags/airflow.py
[2026-08-12T02:28:01.416+0000] {processor.py:829} INFO - Processing file /opt/airflow/dags/airflow.py for tasks to queue
[2026-08-12T02:28:01.420+0000] {logging_mixin.py:151} INFO - [2026-08-12T02:28:01.419+0000] {dagbag.py:536} INFO - Filling up the DagBag from /opt/airflow/dags/airflow.py
[2026-08-12T02:28:01.498+0000] {logging_mixin.py:151} INFO - [2026-08-12T02:28:01.497+0000] {dagbag.py:346} ERROR - Failed to import: /opt/airflow/dags/airflow.py
Traceback (most recent call last):
  File "/home/airflow/.local/lib/python3.8/site-packages/airflow/models/dagbag.py", line 342, in parse
    loader.exec_module(new_module)
  File "<frozen importlib._bootstrap_external>", line 843, in exec_module
  File "<frozen importlib._bootstrap>", line 219, in _call_with_frames_removed
  File "/opt/airflow/dags/airflow.py", line 23, in <module>
    from data_preprocessing_scripts.preprocessing import preprocess_data
ModuleNotFoundError: No module named 'data_preprocessing_scripts'
[2026-08-12T02:28:01.499+0000] {processor.py:841} WARNING - No viable dags retrieved from /opt/airflow/dags/airflow.py
[2026-08-12T02:28:01.518+0000] {processor.py:179} INFO - Processing /opt/airflow/dags/airflow.py took 0.107 seconds
[2026-08-12T02:28:31.723+0000] {processor.py:157} INFO - Started process (PID=7435) to work on /opt/airflow/dags/airflow.py
[2026-08-12T02:28:31.724+0000] {processor.py:829} INFO - Processing file /opt/airflow/dags/airflow.py for tasks to queue
[2026-08-12T02:28:31.726+0000] {logging_mixin.py:151} INFO - [2026-08-12T02:28:31.726+0000] {dagbag.py:536} INFO - Filling up the DagBag from /opt/airflow/dags/airflow.py
[2026-08-12T02:28:31.803+0000] {logging_mixin.py:151} INFO - [2026-08-12T02:28:31.802+0000] {dagbag.py:346} ERROR - Failed to import: /opt/airflow/dags/airflow.py
Traceback (most recent call last):
  File "/home/airflow/.local/lib/python3.8/site-packages/airflow/models/dagbag.py", line 342, in parse
    loader.exec_module(new_module)
  File "<frozen importlib._bootstrap_external>", line 843, in exec_module
  File "<frozen importlib._bootstrap>", line 219, in _call_with_frames_removed
  File "/opt/airflow/dags/airflow.py", line 23, in <module>
    from data_preprocessing_scripts.preprocessing import preprocess_data
ModuleNotFoundError: No module named 'data_preprocessing_scripts'
[2026-08-12T02:28:31.803+0000] {processor.py:841} WARNING - No viable dags retrieved from /opt/airflow/dags/airflow.py
[2026-08-12T02:28:31.816+0000] {processor.py:179} INFO - Processing /opt/airflow/dags/airflow.py took 0.096 seconds
[2026-08-12T02:29:02.088+0000] {processor.py:157} INFO - Started process (PID=7443) to work on /opt/airflow/dags/airflow.py
[2026-08-12T02:29:02.089+0000] {processor.py:829} INFO - Processing file /opt/airflow/dags/airflow.py for tasks to queue
[2026-08-12T02:29:02.096+0000] {logging_mixin.py:151} INFO - [2026-08-12T02:29:02.095+0000] {dagbag.py:536} INFO - Filling up the DagBag from /opt/airflow/dags/airflow.py
[2026-08-12T02:29:02.191+0000] {logging_mixin.py:151} INFO - [2026-08-12T02:29:02.189+0000] {dagbag.py:346} ERROR - Failed to import: /opt/airflow/dags/airflow.py
Traceback (most recent call last):
  File "/home/airflow/.local/lib/python3.8/site-packages/airflow/models/dagbag.py", line 342, in parse
    loader.exec_module(new_module)
  File "<frozen importlib._bootstrap_external>", line 843, in exec_module
  File "<frozen importlib._bootstrap>", line 219, in _call_with_frames_removed
  File "/opt/airflow/dags/airflow.py", line 23, in <module>
    from data_preprocessing_scripts.preprocessing import preprocess_data
ModuleNotFoundError: No module named 'data_preprocessing_scripts'
[2026-08-12T02:29:02.191+0000] {processor.py:841} WARNING - No viable dags retrieved from /opt/airflow/dags/airflow.py
[2026-08-12T02:29:02.209+0000] {processor.py:179} INFO - Processing /opt/airflow/dags/airflow.py took 0.128 seconds
[2026-08-12T02:29:32.309+0000] {processor.py:157} INFO - Started process (PID=7451) to work on /opt/airflow/dags/airflow.py
[2026-08-12T02:29:32.310+0000] {processor.py:829} INFO - Processing file /opt/airflow/dags/airflow.py for tasks to queue
[2026-08-12T02:29:32.314+0000] {logging_mixin.py:151} INFO - [2026-08-12T02:29:32.314+0000] {dagbag.py:536} INFO - Filling up the DagBag from /opt/airflow/dags/airflow.py
[2026-08-12T02:29:32.422+0000] {logging_mixin.py:151} INFO - [2026-08-12T02:29:32.421+0000] {dagbag.py:346} ERROR - Failed to import: /opt/airflow/dags/airflow.py
Traceback (most recent call last):
  File "/home/airflow/.local/lib/python3.8/site-packages/airflow/models/dagbag.py", line 342, in parse
    loader.exec_module(new_module)
  File "<frozen importlib._bootstrap_external>", line 843, in exec_module
  File "<frozen importlib._bootstrap>", line 219, in _call_with_frames_removed
  File "/opt/airflow/dags/airflow.py", line 23, in <module>
    from data_preprocessing_scripts.preprocessing import preprocess_data
ModuleNotFoundError: No module named 'data_preprocessing_scripts'
[2026-08-12T02:29:32.423+0000] {processor.py:841} WARNING - No viable dags retrieved from /opt/airflow/dags/airflow.py
[2026-08-12T02:29:32.439+0000] {processor.py:179} INFO - Processing /opt/airflow/dags/airflow.py took 0.139 seconds
[2026-08-12T02:30:02.535+0000] {processor.py:157} INFO - Started process (PID=7459) to work on /opt/airflow/dags/airflow.py
[2026-08-12T02:30:02.536+0000] {processor.py:829} INFO - Processing file /opt/airflow/dags/airflow.py for tasks to queue
[2026-08-12T02:30:02.542+0000] {logging_mixin.py:151} INFO - [2026-08-12T02:30:02.542+0000] {dagbag.py:536} INFO - Filling up the DagBag from /opt/airflow/dags/airflow.py
[2026-08-12T02:30:02.634+0000] {logging_mixin.py:151} INFO - [2026-08-12T02:30:02.632+0000] {dagbag.py:346} ERROR - Failed to import: /opt/airflow/dags/airflow.py
Traceback (most recent call last):
  File "/home/airflow/.local/lib/python3.8/site-packages/airflow/models/dagbag.py", line 342, in parse
    loader.exec_module(new_module)
  File "<frozen importlib._bootstrap_external>", line 843, in exec_module
  File "<frozen importlib._bootstrap>", line 219, in _call_with_frames_removed
  File "/opt/airflow/dags/airflow.py", line 23, in <module>
    from data_preprocessing_scripts.preprocessing import preprocess_data
ModuleNotFoundError: No module named 'data_preprocessing_scripts'
[2026-08-12T02:30:02.634+0000] {processor.py:841} WARNING - No viable dags retrieved from /opt/airflow/dags/airflow.py
[2026-08-12T02:30:02.652+0000] {processor.py:179} INFO - Processing /opt/airflow/dags/airflow.py took 0.122 seconds
[2026-08-12T02:30:32.776+0000] {processor.py:157} INFO - Started process (PID=7473) to work on /opt/airflow/dags/airflow.py
[2026-08-12T02:30:32.776+0000] {processor.py:829} INFO - Processing file /opt/airflow/dags/airflow.py for tasks to queue
[2026-08-12T02:30:32.778+0000] {logging_mixin.py:151} INFO - [2026-08-12T02:30:32.778+0000] {dagbag.py:536} INFO - Filling up the DagBag from /opt/airflow/dags/airflow.py
[2026-08-12T02:30:32.840+0000] {logging_mixin.py:151} INFO - [2026-08-12T02:30:32.839+0000] {dagbag.py:346} ERROR - Failed to import: /opt/airflow/dags/airflow.py
Traceback (most recent call last):
  File "/home/airflow/.local/lib/python3.8/site-packages/airflow/models/dagbag.py", line 342, in parse
    loader.exec_module(new_module)
  File "<frozen importlib._bootstrap_external>", line 843, in exec_module
  File "<frozen importlib._bootstrap>", line 219, in _call_with_frames_removed
  File "/opt/airflow/dags/airflow.py", line 23, in <module>
    from data_preprocessing_scripts.preprocessing import preprocess_data
ModuleNotFoundError: No module named 'data_preprocessing_scripts'
[2026-08-12T02:30:32.840+0000] {processor.py:841} WARNING - No viable dags retrieved from /opt/airflow/dags/airflow.py
[2026-08-12T02:30:32.849+0000] {processor.py:179} INFO - Processing /opt/airflow/dags/airflow.py took 0.076 seconds
[2026-08-12T02:31:03.087+0000] {processor.py:157} INFO - Started process (PID=7481) to work on /opt/airflow/dags/airflow.py
[2026-08-12T02:31:03.087+0000] {processor.py:829} INFO - Processing file /opt/airflow/dags/airflow.py for tasks to queue
[2026-08-12T02:31:03.089+0000] {logging_mixin.py:151} INFO - [2026-08-12T02:31:03.089+0000] {dagbag.py:536} INFO - Filling up the DagBag from /opt/airflow/dags/airflow.py
[2026-08-12T02:31:03.157+0000] {logging_mixin.py:151} INFO - [2026-08-12T02:31:03.156+0000] {dagbag.py:346} ERROR - Failed to import: /opt/airflow/dags/airflow.py
Traceback (most recent call last):
  File "/home/airflow/.local/lib/python3.8/site-packages/airflow/models/dagbag.py", line 342, in parse
    loader.exec_module(new_module)
  File "<frozen importlib._bootstrap_external>", line 843, in exec_module
  File "<frozen importlib._bootstrap>", line 219, in _call_with_frames_removed
  File "/opt/airflow/dags/airflow.py", line 23, in <module>
    from data_preprocessing_scripts.preprocessing import preprocess_data
ModuleNotFoundError: No module named 'data_preprocessing_scripts'
[2026-08-12T02:31:03.157+0000] {processor.py:841} WARNING - No viable dags retrieved from /opt/airflow/dags/airflow.py
[2026-08-12T02:31:03.168+0000] {processor.py:179} INFO - Processing /opt/airflow/dags/airflow.py took 0.084 seconds
[2026-08-12T02:31:33.428+0000] {processor.py:157} INFO - Started process (PID=7489) to work on /opt/airflow/dags/airflow.py
[2026-08-12T02:31:33.429+0000] {processor.py:829} INFO - Processing file /opt/airflow/dags/airflow.py for tasks to queue
[2026-08-12T02:31:33.433+0000] {logging_mixin.py:151} INFO - [2026-08-12T02:31:33.433+0000] {dagbag.py:536} INFO - Filling up the DagBag from /opt/airflow/dags/airflow.py
[2026-08-12T02:31:33.506+0000] {logging_mixin.py:151} INFO - [2026-08-12T02:31:33.505+0000] {dagbag.py:346} ERROR - Failed to import: /opt/airflow/dags/airflow.py
Traceback (most recent call last):
  File "/home/airflow/.local/lib/python3.8/site-packages/airflow/models/dagbag.py", line 342, in parse
    loader.exec_module(new_module)
  File "<frozen importlib._bootstrap_external>", line 843, in exec_module
  File "<frozen importlib._bootstrap>", line 219, in _call_with_frames_removed
  File "/opt/airflow/dags/airflow.py", line 23, in <module>
    from data_preprocessing_scripts.preprocessing import preprocess_data
ModuleNotFoundError: No module named 'data_preprocessing_scripts'
[2026-08-12T02:31:33.506+0000] {processor.py:841} WARNING - No viable dags retrieved from /opt/airflow/dags/airflow.py
[2026-08-12T02:31:33.516+0000] {processor.py:179} INFO - Processing /opt/airflow/dags/airflow.py took 0.093 seconds
[2026-08-12T02:32:03.752+0000] {processor.py:157} INFO - Started process (PID=7497) to work on /opt/airflow/dags/airflow.py
[2026-08-12T02:32:03.753+0000] {processor.py:829} INFO - Processing file /opt/airflow/dags/airflow.py for tasks to queue
[2026-08-12T02:32:03.756+0000] {logging_mixin.py:151} INFO - [2026-08-12T02:32:03.756+0000] {dagbag.py:536} INFO - Filling up the DagBag from /opt/airflow/dags/airflow.py
[2026-08-12T02:32:03.821+0000] {logging_mixin.py:151} INFO - [2026-08-12T02:32:03.820+0000] {dagbag.py:346} ERROR - Failed to import: /opt/airflow/dags/airflow.py
Traceback (most recent call last):
  File "/home/airflow/.local/lib/python3.8/site-packages/airflow/models/dagbag.py", line 342, in parse
    loader.exec_module(new_module)
  File "<frozen importlib._bootstrap_external>", line 843, in exec_module
  File "<frozen importlib._bootstrap>", line 219, in _call_with_frames_removed
  File "/opt/airflow/dags/airflow.py", line 23, in <module>
    from data_preprocessing_scripts.preprocessing import preprocess_data
ModuleNotFoundError: No module named 'data_preprocessing_scripts'
[2026-08-12T02:32:03.821+0000] {processor.py:841} WARNING - No viable dags retrieved from /opt/airflow/dags/airflow.py
[2026-08-12T02:32:03.829+0000] {processor.py:179} INFO - Processing /opt/airflow/dags/airflow.py took 0.080 seconds
[2026-08-12T02:32:33.991+0000] {processor.py:157} INFO - Started process (PID=7505) to work on /opt/airflow/dags/airflow.py
[2026-08-12T02:32:33.992+0000] {processor.py:829} INFO - Processing file /opt/airflow/dags/airflow.py for tasks to queue
[2026-08-12T02:32:33.994+0000] {logging_mixin.py:151} INFO - [2026-08-12T02:32:33.993+0000] {dagbag.py:536} INFO - Filling up the DagBag from /opt/airflow/dags/airflow.py
[2026-08-12T02:32:34.053+0000] {logging_mixin.py:151} INFO - [2026-08-12T02:32:34.052+0000] {dagbag.py:346} ERROR - Failed to import: /opt/airflow/dags/airflow.py
Traceback (most recent call last):
  File "/home/airflow/.local/lib/python3.8/site-packages/airflow/models/dagbag.py", line 342, in parse
    loader.exec_module(new_module)
  File "<frozen importlib._bootstrap_external>", line 843, in exec_module
  File "<frozen importlib._bootstrap>", line 219, in _call_with_frames_removed
  File "/opt/airflow/dags/airflow.py", line 23, in <module>
    from data_preprocessing_scripts.preprocessing import preprocess_data
ModuleNotFoundError: No module named 'data_preprocessing_scripts'
[2026-08-12T02:32:34.053+0000] {processor.py:841} WARNING - No viable dags retrieved from /opt/airflow/dags/airflow.py
[2026-08-12T02:32:34.062+0000] {processor.py:179} INFO - Processing /opt/airflow/dags/airflow.py took 0.074 seconds
[2026-08-12T02:33:04.325+0000] {processor.py:157} INFO - Started process (PID=7513) to work on /opt/airflow/dags/airflow.py
[2026-08-12T02:33:04.326+0000] {processor.py:829} INFO - Processing file /opt/airflow/dags/airflow.py for tasks to queue
[2026-08-12T02:33:04.329+0000] {logging_mixin.py:151} INFO - [2026-08-12T02:33:04.329+0000] {dagbag.py:536} INFO - Filling up the DagBag from /opt/airflow/dags/airflow.py
[2026-08-12T02:33:04.399+0000] {logging_mixin.py:151} INFO - [2026-08-12T02:33:04.398+0000] {dagbag.py:346} ERROR - Failed to import: /opt/airflow/dags/airflow.py
Traceback (most recent call last):
  File "/home/airflow/.local/lib/python3.8/site-packages/airflow/models/dagbag.py", line 342, in parse
    loader.exec_module(new_module)
  File "<frozen importlib._bootstrap_external>", line 843, in exec_module
  File "<frozen importlib._bootstrap>", line 219, in _call_with_frames_removed
  File "/opt/airflow/dags/airflow.py", line 23, in <module>
    from data_preprocessing_scripts.preprocessing import preprocess_data
ModuleNotFoundError: No module named 'data_preprocessing_scripts'
[2026-08-12T02:33:04.399+0000] {processor.py:841} WARNING - No viable dags retrieved from /opt/airflow/dags/airflow.py
[2026-08-12T02:33:04.408+0000] {processor.py:179} INFO - Processing /opt/airflow/dags/airflow.py took 0.089 seconds
[2026-08-12T02:33:34.626+0000] {processor.py:157} INFO - Started process (PID=7521) to work on /opt/airflow/dags/airflow.py
[2026-08-12T02:33:34.627+0000] {processor.py:829} INFO - Processing file /opt/airflow/dags/airflow.py for tasks to queue
[2026-08-12T02:33:34.629+0000] {logging_mixin.py:151} INFO - [2026-08-12T02:33:34.629+0000] {dagbag.py:536} INFO - Filling up the DagBag from /opt/airflow/dags/airflow.py
[2026-08-12T02:33:34.691+0000] {logging_mixin.py:151} INFO - [2026-08-12T02:33:34.690+0000] {dagbag.py:346} ERROR - Failed to import: /opt/airflow/dags/airflow.py
Traceback (most recent call last):
  File "/home/airflow/.local/lib/python3.8/site-packages/airflow/models/dagbag.py", line 342, in parse
    loader.exec_module(new_module)
  File "<frozen importlib._bootstrap_external>", line 843, in exec_module
  File "<frozen importlib._bootstrap>", line 219, in _call_with_frames_removed
  File "/opt/airflow/dags/airflow.py", line 23, in <module>
    from data_preprocessing_scripts.preprocessing import preprocess_data
ModuleNotFoundError: No module named 'data_preprocessing_scripts'
[2026-08-12T02:33:34.691+0000] {processor.py:841} WARNING - No viable dags retrieved from /opt/airflow/dags/airflow.py
[2026-08-12T02:33:34.700+0000] {processor.py:179} INFO - Processing /opt/airflow/dags/airflow.py took 0.077 seconds
[2026-08-12T02:34:04.886+0000] {processor.py:157} INFO - Started process (PID=7529) to work on /opt/airflow/dags/airflow.py
[2026-08-12T02:34:04.887+0000] {processor.py:829} INFO - Processing file /opt/airflow/dags/airflow.py for tasks to queue
[2026-08-12T02:34:04.889+0000] {logging_mixin.py:151} INFO - [2026-08-12T02:34:04.889+0000] {dagbag.py:536} INFO - Filling up the DagBag from /opt/airflow/dags/airflow.py
[2026-08-12T02:34:04.950+0000] {logging_mixin.py:151} INFO - [2026-08-12T02:34:04.949+0000] {dagbag.py:346} ERROR - Failed to import: /opt/airflow/dags/airflow.py
Traceback (most recent call last):
  File "/home/airflow/.local/lib/python3.8/site-packages/airflow/models/dagbag.py", line 342, in parse
    loader.exec_module(new_module)
  File "<frozen importlib._bootstrap_external>", line 843, in exec_module
  File "<frozen importlib._bootstrap>", line 219, in _call_with_frames_removed
  File "/opt/airflow/dags/airflow.py", line 23, in <module>
    from data_preprocessing_scripts.preprocessing import preprocess_data
ModuleNotFoundError: No module named 'data_preprocessing_scripts'
[2026-08-12T02:34:04.951+0000] {processor.py:841} WARNING - No viable dags retrieved from /opt/airflow/dags/airflow.py
[2026-08-12T02:34:04.959+0000] {processor.py:179} INFO - Processing /opt/airflow/dags/airflow.py took 0.076 seconds
[2026-08-12T02:34:35.179+0000] {processor.py:157} INFO - Started process (PID=7537) to work on /opt/airflow/dags/airflow.py
[2026-08-12T02:34:35.180+0000] {processor.py:829} INFO - Processing file /opt/airflow/dags/airflow.py for tasks to queue
[2026-08-12T02:34:35.182+0000] {logging_mixin.py:151} INFO - [2026-08-12T02:34:35.182+0000] {dagbag.py:536} INFO - Filling up the DagBag from /opt/airflow/dags/airflow.py
[2026-08-12T02:34:35.243+0000] {logging_mixin.py:151} INFO - [2026-08-12T02:34:35.242+0000] {dagbag.py:346} ERROR - Failed to import: /opt/airflow/dags/airflow.py
Traceback (most recent call last):
  File "/home/airflow/.local/lib/python3.8/site-packages/airflow/models/dagbag.py", line 342, in parse
    loader.exec_module(new_module)
  File "<frozen importlib._bootstrap_external>", line 843, in exec_module
  File "<frozen importlib._bootstrap>", line 219, in _call_with_frames_removed
  File "/opt/airflow/dags/airflow.py", line 23, in <module>
    from data_preprocessing_scripts.preprocessing import preprocess_data
ModuleNotFoundError: No module named 'data_preprocessing_scripts'
[2026-08-12T02:34:35.243+0000] {processor.py:841} WARNING - No viable dags retrieved from /opt/airflow/dags/airflow.py
[2026-08-12T02:34:35.252+0000] {processor.py:179} INFO - Processing /opt/airflow/dags/airflow.py took 0.075 seconds
[2026-08-12T02:35:05.506+0000] {processor.py:157} INFO - Started process (PID=7545) to work on /opt/airflow/dags/airflow.py
[2026-08-12T02:35:05.507+0000] {processor.py:829} INFO - Processing file /opt/airflow/dags/airflow.py for tasks to queue
[2026-08-12T02:35:05.510+0000] {logging_mixin.py:151} INFO - [2026-08-12T02:35:05.509+0000] {dagbag.py:536} INFO - Filling up the DagBag from /opt/airflow/dags/airflow.py
[2026-08-12T02:35:05.572+0000] {logging_mixin.py:151} INFO - [2026-08-12T02:35:05.571+0000] {dagbag.py:346} ERROR - Failed to import: /opt/airflow/dags/airflow.py
Traceback (most recent call last):
  File "/home/airflow/.local/lib/python3.8/site-packages/airflow/models/dagbag.py", line 342, in parse
    loader.exec_module(new_module)
  File "<frozen importlib._bootstrap_external>", line 843, in exec_module
  File "<frozen importlib._bootstrap>", line 219, in _call_with_frames_removed
  File "/opt/airflow/dags/airflow.py", line 23, in <module>
    from data_preprocessing_scripts.preprocessing import preprocess_data
ModuleNotFoundError: No module named 'data_preprocessing_scripts'
[2026-08-12T02:35:05.572+0000] {processor.py:841} WARNING - No viable dags retrieved from /opt/airflow/dags/airflow.py
[2026-08-12T02:35:05.581+0000] {processor.py:179} INFO - Processing /opt/airflow/dags/airflow.py took 0.078 seconds
[2026-08-12T02:35:35.811+0000] {processor.py:157} INFO - Started process (PID=7553) to work on /opt/airflow/dags/airflow.py
[2026-08-12T02:35:35.812+0000] {processor.py:829} INFO - Processing file /opt/airflow/dags/airflow.py for tasks to queue
[2026-08-12T02:35:35.812+0000] {logging_mixin.py:151} INFO - [2026-08-12T02:35:35.812+0000] {dagbag.py:536} INFO - Filling up the DagBag from /opt/airflow/dags/airflow.py
[2026-08-12T02:35:35.857+0000] {logging_mixin.py:151} INFO - [2026-08-12T02:35:35.856+0000] {dagbag.py:346} ERROR - Failed to import: /opt/airflow/dags/airflow.py
Traceback (most recent call last):
  File "/home/airflow/.local/lib/python3.8/site-packages/airflow/models/dagbag.py", line 342, in parse
    loader.exec_module(new_module)
  File "<frozen importlib._bootstrap_external>", line 843, in exec_module
  File "<frozen importlib._bootstrap>", line 219, in _call_with_frames_removed
  File "/opt/airflow/dags/airflow.py", line 23, in <module>
    from data_preprocessing_scripts.preprocessing import preprocess_data
ModuleNotFoundError: No module named 'data_preprocessing_scripts'
[2026-08-12T02:35:35.857+0000] {processor.py:841} WARNING - No viable dags retrieved from /opt/airflow/dags/airflow.py
[2026-08-12T02:35:35.864+0000] {processor.py:179} INFO - Processing /opt/airflow/dags/airflow.py took 0.055 seconds
[2026-08-12T02:36:06.040+0000] {processor.py:157} INFO - Started process (PID=7561) to work on /opt/airflow/dags/airflow.py
[2026-08-12T02:36:06.040+0000] {processor.py:829} INFO - Processing file /opt/airflow/dags/airflow.py for tasks to queue
[2026-08-12T02:36:06.042+0000] {logging_mixin.py:151} INFO - [2026-08-12T02:36:06.042+0000] {dagbag.py:536} INFO - Filling up the DagBag from /opt/airflow/dags/airflow.py
[2026-08-12T02:36:06.108+0000] {logging_mixin.py:151} INFO - [2026-08-12T02:36:06.107+0000] {dagbag.py:346} ERROR - Failed to import: /opt/airflow/dags/airflow.py
Traceback (most recent call last):
  File "/home/airflow/.local/lib/python3.8/site-packages/airflow/models/dagbag.py", line 342, in parse
    loader.exec_module(new_module)
  File "<frozen importlib._bootstrap_external>", line 843, in exec_module
  File "<frozen importlib._bootstrap>", line 219, in _call_with_frames_removed
  File "/opt/airflow/dags/airflow.py", line 23, in <module>
    from data_preprocessing_scripts.preprocessing import preprocess_data
ModuleNotFoundError: No module named 'data_preprocessing_scripts'
[2026-08-12T02:36:06.108+0000] {processor.py:841} WARNING - No viable dags retrieved from /opt/airflow/dags/airflow.py
[2026-08-12T02:36:06.118+0000] {processor.py:179} INFO - Processing /opt/airflow/dags/airflow.py took 0.080 seconds
[2026-08-12T02:36:36.289+0000] {processor.py:157} INFO - Started process (PID=7569) to work on /opt/airflow/dags/airflow.py
[2026-08-12T02:36:36.290+0000] {processor.py:829} INFO - Processing file /opt/airflow/dags/airflow.py for tasks to queue
[2026-08-12T02:36:36.292+0000] {logging_mixin.py:151} INFO - [2026-08-12T02:36:36.291+0000] {dagbag.py:536} INFO - Filling up the DagBag from /opt/airflow/dags/airflow.py
[2026-08-12T02:36:36.358+0000] {logging_mixin.py:151} INFO - [2026-08-12T02:36:36.357+0000] {dagbag.py:346} ERROR - Failed to import: /opt/airflow/dags/airflow.py
Traceback (most recent call last):
  File "/home/airflow/.local/lib/python3.8/site-packages/airflow/models/dagbag.py", line 342, in parse
    loader.exec_module(new_module)
  File "<frozen importlib._bootstrap_external>", line 843, in exec_module
  File "<frozen importlib._bootstrap>", line 219, in _call_with_frames_removed
  File "/opt/airflow/dags/airflow.py", line 23, in <module>
    from data_preprocessing_scripts.preprocessing import preprocess_data
ModuleNotFoundError: No module named 'data_preprocessing_scripts'
[2026-08-12T02:36:36.358+0000] {processor.py:841} WARNING - No viable dags retrieved from /opt/airflow/dags/airflow.py
[2026-08-12T02:36:36.367+0000] {processor.py:179} INFO - Processing /opt/airflow/dags/airflow.py took 0.081 seconds
[2026-08-12T02:37:06.633+0000] {processor.py:157} INFO - Started process (PID=7577) to work on /opt/airflow/dags/airflow.py
[2026-08-12T02:37:06.635+0000] {processor.py:829} INFO - Processing file /opt/airflow/dags/airflow.py for tasks to queue
[2026-08-12T02:37:06.638+0000] {logging_mixin.py:151} INFO - [2026-08-12T02:37:06.638+0000] {dagbag.py:536} INFO - Filling up the DagBag from /opt/airflow/dags/airflow.py
[2026-08-12T02:37:06.718+0000] {logging_mixin.py:151} INFO - [2026-08-12T02:37:06.717+0000] {dagbag.py:346} ERROR - Failed to import: /opt/airflow/dags/airflow.py
Traceback (most recent call last):
  File "/home/airflow/.local/lib/python3.8/site-packages/airflow/models/dagbag.py", line 342, in parse
    loader.exec_module(new_module)
  File "<frozen importlib._bootstrap_external>", line 843, in exec_module
  File "<frozen importlib._bootstrap>", line 219, in _call_with_frames_removed
  File "/opt/airflow/dags/airflow.py", line 23, in <module>
    from data_preprocessing_scripts.preprocessing import preprocess_data
ModuleNotFoundError: No module named 'data_preprocessing_scripts'
[2026-08-12T02:37:06.719+0000] {processor.py:841} WARNING - No viable dags retrieved from /opt/airflow/dags/airflow.py
[2026-08-12T02:37:06.729+0000] {processor.py:179} INFO - Processing /opt/airflow/dags/airflow.py took 0.099 seconds
[2026-08-12T02:37:36.911+0000] {processor.py:157} INFO - Started process (PID=7585) to work on /opt/airflow/dags/airflow.py
[2026-08-12T02:37:36.912+0000] {processor.py:829} INFO - Processing file /opt/airflow/dags/airflow.py for tasks to queue
[2026-08-12T02:37:36.914+0000] {logging_mixin.py:151} INFO - [2026-08-12T02:37:36.913+0000] {dagbag.py:536} INFO - Filling up the DagBag from /opt/airflow/dags/airflow.py
[2026-08-12T02:37:36.986+0000] {logging_mixin.py:151} INFO - [2026-08-12T02:37:36.985+0000] {dagbag.py:346} ERROR - Failed to import: /opt/airflow/dags/airflow.py
Traceback (most recent call last):
  File "/home/airflow/.local/lib/python3.8/site-packages/airflow/models/dagbag.py", line 342, in parse
    loader.exec_module(new_module)
  File "<frozen importlib._bootstrap_external>", line 843, in exec_module
  File "<frozen importlib._bootstrap>", line 219, in _call_with_frames_removed
  File "/opt/airflow/dags/airflow.py", line 23, in <module>
    from data_preprocessing_scripts.preprocessing import preprocess_data
ModuleNotFoundError: No module named 'data_preprocessing_scripts'
[2026-08-12T02:37:36.986+0000] {processor.py:841} WARNING - No viable dags retrieved from /opt/airflow/dags/airflow.py
[2026-08-12T02:37:36.995+0000] {processor.py:179} INFO - Processing /opt/airflow/dags/airflow.py took 0.086 seconds
[2026-08-12T02:38:07.074+0000] {processor.py:157} INFO - Started process (PID=7593) to work on /opt/airflow/dags/airflow.py
[2026-08-12T02:38:07.075+0000] {processor.py:829} INFO - Processing file /opt/airflow/dags/airflow.py for tasks to queue
[2026-08-12T02:38:07.079+0000] {logging_mixin.py:151} INFO - [2026-08-12T02:38:07.079+0000] {dagbag.py:536} INFO - Filling up the DagBag from /opt/airflow/dags/airflow.py
[2026-08-12T02:38:07.155+0000] {logging_mixin.py:151} INFO - [2026-08-12T02:38:07.154+0000] {dagbag.py:346} ERROR - Failed to import: /opt/airflow/dags/airflow.py
Traceback (most recent call last):
  File "/home/airflow/.local/lib/python3.8/site-packages/airflow/models/dagbag.py", line 342, in parse
    loader.exec_module(new_module)
  File "<frozen importlib._bootstrap_external>", line 843, in exec_module
  File "<frozen importlib._bootstrap>", line 219, in _call_with_frames_removed
  File "/opt/airflow/dags/airflow.py", line 23, in <module>
    from data_preprocessing_scripts.preprocessing import preprocess_data
ModuleNotFoundError: No module named 'data_preprocessing_scripts'
[2026-08-12T02:38:07.155+0000] {processor.py:841} WARNING - No viable dags retrieved from /opt/airflow/dags/airflow.py
[2026-08-12T02:38:07.165+0000] {processor.py:179} INFO - Processing /opt/airflow/dags/airflow.py took 0.093 seconds
[2026-08-12T02:38:37.326+0000] {processor.py:157} INFO - Started process (PID=7601) to work on /opt/airflow/dags/airflow.py
[2026-08-12T02:38:37.330+0000] {processor.py:829} INFO - Processing file /opt/airflow/dags/airflow.py for tasks to queue
[2026-08-12T02:38:37.332+0000] {logging_mixin.py:151} INFO - [2026-08-12T02:38:37.332+0000] {dagbag.py:536} INFO - Filling up the DagBag from /opt/airflow/dags/airflow.py
[2026-08-12T02:38:37.389+0000] {logging_mixin.py:151} INFO - [2026-08-12T02:38:37.389+0000] {dagbag.py:346} ERROR - Failed to import: /opt/airflow/dags/airflow.py
Traceback (most recent call last):
  File "/home/airflow/.local/lib/python3.8/site-packages/airflow/models/dagbag.py", line 342, in parse
    loader.exec_module(new_module)
  File "<frozen importlib._bootstrap_external>", line 843, in exec_module
  File "<frozen importlib._bootstrap>", line 219, in _call_with_frames_removed
  File "/opt/airflow/dags/airflow.py", line 23, in <module>
    from data_preprocessing_scripts.preprocessing import preprocess_data
ModuleNotFoundError: No module named 'data_preprocessing_scripts'
[2026-08-12T02:38:37.390+0000] {processor.py:841} WARNING - No viable dags retrieved from /opt/airflow/dags/airflow.py
[2026-08-12T02:38:37.399+0000] {processor.py:179} INFO - Processing /opt/airflow/dags/airflow.py took 0.075 seconds
[2026-08-12T02:39:07.702+0000] {processor.py:157} INFO - Started process (PID=7609) to work on /opt/airflow/dags/airflow.py
[2026-08-12T02:39:07.706+0000] {processor.py:829} INFO - Processing file /opt/airflow/dags/airflow.py for tasks to queue
[2026-08-12T02:39:07.709+0000] {logging_mixin.py:151} INFO - [2026-08-12T02:39:07.709+0000] {dagbag.py:536} INFO - Filling up the DagBag from /opt/airflow/dags/airflow.py
[2026-08-12T02:39:07.784+0000] {logging_mixin.py:151} INFO - [2026-08-12T02:39:07.783+0000] {dagbag.py:346} ERROR - Failed to import: /opt/airflow/dags/airflow.py
Traceback (most recent call last):
  File "/home/airflow/.local/lib/python3.8/site-packages/airflow/models/dagbag.py", line 342, in parse
    loader.exec_module(new_module)
  File "<frozen importlib._bootstrap_external>", line 843, in exec_module
  File "<frozen importlib._bootstrap>", line 219, in _call_with_frames_removed
  File "/opt/airflow/dags/airflow.py", line 23, in <module>
    from data_preprocessing_scripts.preprocessing import preprocess_data
ModuleNotFoundError: No module named 'data_preprocessing_scripts'
[2026-08-12T02:39:07.784+0000] {processor.py:841} WARNING - No viable dags retrieved from /opt/airflow/dags/airflow.py
[2026-08-12T02:39:07.794+0000] {processor.py:179} INFO - Processing /opt/airflow/dags/airflow.py took 0.104 seconds
[2026-08-12T02:39:37.874+0000] {processor.py:157} INFO - Started process (PID=7617) to work on /opt/airflow/dags/airflow.py
[2026-08-12T02:39:37.874+0000] {processor.py:829} INFO - Processing file /opt/airflow/dags/airflow.py for tasks to queue
[2026-08-12T02:39:37.876+0000] {logging_mixin.py:151} INFO - [2026-08-12T02:39:37.876+0000] {dagbag.py:536} INFO - Filling up the DagBag from /opt/airflow/dags/airflow.py
[2026-08-12T02:39:37.926+0000] {logging_mixin.py:151} INFO - [2026-08-12T02:39:37.926+0000] {dagbag.py:346} ERROR - Failed to import: /opt/airflow/dags/airflow.py
Traceback (most recent call last):
  File "/home/airflow/.local/lib/python3.8/site-packages/airflow/models/dagbag.py", line 342, in parse
    loader.exec_module(new_module)
  File "<frozen importlib._bootstrap_external>", line 843, in exec_module
  File "<frozen importlib._bootstrap>", line 219, in _call_with_frames_removed
  File "/opt/airflow/dags/airflow.py", line 23, in <module>
    from data_preprocessing_scripts.preprocessing import preprocess_data
ModuleNotFoundError: No module named 'data_preprocessing_scripts'
[2026-08-12T02:39:37.927+0000] {processor.py:841} WARNING - No viable dags retrieved from /opt/airflow/dags/airflow.py
[2026-08-12T02:39:37.934+0000] {processor.py:179} INFO - Processing /opt/airflow/dags/airflow.py took 0.062 seconds
[2026-08-12T02:40:08.139+0000] {processor.py:157} INFO - Started process (PID=7625) to work on /opt/airflow/dags/airflow.py
[2026-08-12T02:40:08.140+0000] {processor.py:829} INFO - Processing file /opt/airflow/dags/airflow.py for tasks to queue
[2026-08-12T02:40:08.143+0000] {logging_mixin.py:151} INFO - [2026-08-12T02:40:08.142+0000] {dagbag.py:536} INFO - Filling up the DagBag from /opt/airflow/dags/airflow.py
[2026-08-12T02:40:08.210+0000] {logging_mixin.py:151} INFO - [2026-08-12T02:40:08.210+0000] {dagbag.py:346} ERROR - Failed to import: /opt/airflow/dags/airflow.py
Traceback (most recent call last):
  File "/home/airflow/.local/lib/python3.8/site-packages/airflow/models/dagbag.py", line 342, in parse
    loader.exec_module(new_module)
  File "<frozen importlib._bootstrap_external>", line 843, in exec_module
  File "<frozen importlib._bootstrap>", line 219, in _call_with_frames_removed
  File "/opt/airflow/dags/airflow.py", line 23, in <module>
    from data_preprocessing_scripts.preprocessing import preprocess_data
ModuleNotFoundError: No module named 'data_preprocessing_scripts'
[2026-08-12T02:40:08.210+0000] {processor.py:841} WARNING - No viable dags retrieved from /opt/airflow/dags/airflow.py
[2026-08-12T02:40:08.218+0000] {processor.py:179} INFO - Processing /opt/airflow/dags/airflow.py took 0.082 seconds
[2026-08-12T02:40:38.402+0000] {processor.py:157} INFO - Started process (PID=7633) to work on /opt/airflow/dags/airflow.py
[2026-08-12T02:40:38.403+0000] {processor.py:829} INFO - Processing file /opt/airflow/dags/airflow.py for tasks to queue
[2026-08-12T02:40:38.405+0000] {logging_mixin.py:151} INFO - [2026-08-12T02:40:38.405+0000] {dagbag.py:536} INFO - Filling up the DagBag from /opt/airflow/dags/airflow.py
[2026-08-12T02:40:38.482+0000] {logging_mixin.py:151} INFO - [2026-08-12T02:40:38.482+0000] {dagbag.py:346} ERROR - Failed to import: /opt/airflow/dags/airflow.py
Traceback (most recent call last):
  File "/home/airflow/.local/lib/python3.8/site-packages/airflow/models/dagbag.py", line 342, in parse
    loader.exec_module(new_module)
  File "<frozen importlib._bootstrap_external>", line 843, in exec_module
  File "<frozen importlib._bootstrap>", line 219, in _call_with_frames_removed
  File "/opt/airflow/dags/airflow.py", line 23, in <module>
    from data_preprocessing_scripts.preprocessing import preprocess_data
ModuleNotFoundError: No module named 'data_preprocessing_scripts'
[2026-08-12T02:40:38.483+0000] {processor.py:841} WARNING - No viable dags retrieved from /opt/airflow/dags/airflow.py
[2026-08-12T02:40:38.492+0000] {processor.py:179} INFO - Processing /opt/airflow/dags/airflow.py took 0.092 seconds
[2026-08-12T02:41:08.600+0000] {processor.py:157} INFO - Started process (PID=7641) to work on /opt/airflow/dags/airflow.py
[2026-08-12T02:41:08.600+0000] {processor.py:829} INFO - Processing file /opt/airflow/dags/airflow.py for tasks to queue
[2026-08-12T02:41:08.604+0000] {logging_mixin.py:151} INFO - [2026-08-12T02:41:08.603+0000] {dagbag.py:536} INFO - Filling up the DagBag from /opt/airflow/dags/airflow.py
[2026-08-12T02:41:08.679+0000] {logging_mixin.py:151} INFO - [2026-08-12T02:41:08.678+0000] {dagbag.py:346} ERROR - Failed to import: /opt/airflow/dags/airflow.py
Traceback (most recent call last):
  File "/home/airflow/.local/lib/python3.8/site-packages/airflow/models/dagbag.py", line 342, in parse
    loader.exec_module(new_module)
  File "<frozen importlib._bootstrap_external>", line 843, in exec_module
  File "<frozen importlib._bootstrap>", line 219, in _call_with_frames_removed
  File "/opt/airflow/dags/airflow.py", line 23, in <module>
    from data_preprocessing_scripts.preprocessing import preprocess_data
ModuleNotFoundError: No module named 'data_preprocessing_scripts'
[2026-08-12T02:41:08.679+0000] {processor.py:841} WARNING - No viable dags retrieved from /opt/airflow/dags/airflow.py
[2026-08-12T02:41:08.687+0000] {processor.py:179} INFO - Processing /opt/airflow/dags/airflow.py took 0.090 seconds
[2026-08-12T02:41:38.832+0000] {processor.py:157} INFO - Started process (PID=7649) to work on /opt/airflow/dags/airflow.py
[2026-08-12T02:41:38.833+0000] {processor.py:829} INFO - Processing file /opt/airflow/dags/airflow.py for tasks to queue
[2026-08-12T02:41:38.836+0000] {logging_mixin.py:151} INFO - [2026-08-12T02:41:38.836+0000] {dagbag.py:536} INFO - Filling up the DagBag from /opt/airflow/dags/airflow.py
[2026-08-12T02:41:38.903+0000] {logging_mixin.py:151} INFO - [2026-08-12T02:41:38.902+0000] {dagbag.py:346} ERROR - Failed to import: /opt/airflow/dags/airflow.py
Traceback (most recent call last):
  File "/home/airflow/.local/lib/python3.8/site-packages/airflow/models/dagbag.py", line 342, in parse
    loader.exec_module(new_module)
  File "<frozen importlib._bootstrap_external>", line 843, in exec_module
  File "<frozen importlib._bootstrap>", line 219, in _call_with_frames_removed
  File "/opt/airflow/dags/airflow.py", line 23, in <module>
    from data_preprocessing_scripts.preprocessing import preprocess_data
ModuleNotFoundError: No module named 'data_preprocessing_scripts'
[2026-08-12T02:41:38.903+0000] {processor.py:841} WARNING - No viable dags retrieved from /opt/airflow/dags/airflow.py
[2026-08-12T02:41:38.913+0000] {processor.py:179} INFO - Processing /opt/airflow/dags/airflow.py took 0.085 seconds
[2026-08-12T02:42:09.053+0000] {processor.py:157} INFO - Started process (PID=7657) to work on /opt/airflow/dags/airflow.py
[2026-08-12T02:42:09.054+0000] {processor.py:829} INFO - Processing file /opt/airflow/dags/airflow.py for tasks to queue
[2026-08-12T02:42:09.057+0000] {logging_mixin.py:151} INFO - [2026-08-12T02:42:09.057+0000] {dagbag.py:536} INFO - Filling up the DagBag from /opt/airflow/dags/airflow.py
[2026-08-12T02:42:09.133+0000] {logging_mixin.py:151} INFO - [2026-08-12T02:42:09.132+0000] {dagbag.py:346} ERROR - Failed to import: /opt/airflow/dags/airflow.py
Traceback (most recent call last):
  File "/home/airflow/.local/lib/python3.8/site-packages/airflow/models/dagbag.py", line 342, in parse
    loader.exec_module(new_module)
  File "<frozen importlib._bootstrap_external>", line 843, in exec_module
  File "<frozen importlib._bootstrap>", line 219, in _call_with_frames_removed
  File "/opt/airflow/dags/airflow.py", line 23, in <module>
    from data_preprocessing_scripts.preprocessing import preprocess_data
ModuleNotFoundError: No module named 'data_preprocessing_scripts'
[2026-08-12T02:42:09.133+0000] {processor.py:841} WARNING - No viable dags retrieved from /opt/airflow/dags/airflow.py
[2026-08-12T02:42:09.143+0000] {processor.py:179} INFO - Processing /opt/airflow/dags/airflow.py took 0.093 seconds
[2026-08-12T02:42:39.293+0000] {processor.py:157} INFO - Started process (PID=7665) to work on /opt/airflow/dags/airflow.py
[2026-08-12T02:42:39.294+0000] {processor.py:829} INFO - Processing file /opt/airflow/dags/airflow.py for tasks to queue
[2026-08-12T02:42:39.295+0000] {logging_mixin.py:151} INFO - [2026-08-12T02:42:39.295+0000] {dagbag.py:536} INFO - Filling up the DagBag from /opt/airflow/dags/airflow.py
[2026-08-12T02:42:39.359+0000] {logging_mixin.py:151} INFO - [2026-08-12T02:42:39.358+0000] {dagbag.py:346} ERROR - Failed to import: /opt/airflow/dags/airflow.py
Traceback (most recent call last):
  File "/home/airflow/.local/lib/python3.8/site-packages/airflow/models/dagbag.py", line 342, in parse
    loader.exec_module(new_module)
  File "<frozen importlib._bootstrap_external>", line 843, in exec_module
  File "<frozen importlib._bootstrap>", line 219, in _call_with_frames_removed
  File "/opt/airflow/dags/airflow.py", line 23, in <module>
    from data_preprocessing_scripts.preprocessing import preprocess_data
ModuleNotFoundError: No module named 'data_preprocessing_scripts'
[2026-08-12T02:42:39.359+0000] {processor.py:841} WARNING - No viable dags retrieved from /opt/airflow/dags/airflow.py
[2026-08-12T02:42:39.369+0000] {processor.py:179} INFO - Processing /opt/airflow/dags/airflow.py took 0.077 seconds
[2026-08-12T02:43:09.568+0000] {processor.py:157} INFO - Started process (PID=7673) to work on /opt/airflow/dags/airflow.py
[2026-08-12T02:43:09.568+0000] {processor.py:829} INFO - Processing file /opt/airflow/dags/airflow.py for tasks to queue
[2026-08-12T02:43:09.570+0000] {logging_mixin.py:151} INFO - [2026-08-12T02:43:09.569+0000] {dagbag.py:536} INFO - Filling up the DagBag from /opt/airflow/dags/airflow.py
[2026-08-12T02:43:09.641+0000] {logging_mixin.py:151} INFO - [2026-08-12T02:43:09.640+0000] {dagbag.py:346} ERROR - Failed to import: /opt/airflow/dags/airflow.py
Traceback (most recent call last):
  File "/home/airflow/.local/lib/python3.8/site-packages/airflow/models/dagbag.py", line 342, in parse
    loader.exec_module(new_module)
  File "<frozen importlib._bootstrap_external>", line 843, in exec_module
  File "<frozen importlib._bootstrap>", line 219, in _call_with_frames_removed
  File "/opt/airflow/dags/airflow.py", line 23, in <module>
    from data_preprocessing_scripts.preprocessing import preprocess_data
ModuleNotFoundError: No module named 'data_preprocessing_scripts'
[2026-08-12T02:43:09.641+0000] {processor.py:841} WARNING - No viable dags retrieved from /opt/airflow/dags/airflow.py
[2026-08-12T02:43:09.650+0000] {processor.py:179} INFO - Processing /opt/airflow/dags/airflow.py took 0.086 seconds
[2026-08-12T02:43:39.860+0000] {processor.py:157} INFO - Started process (PID=7681) to work on /opt/airflow/dags/airflow.py
[2026-08-12T02:43:39.861+0000] {processor.py:829} INFO - Processing file /opt/airflow/dags/airflow.py for tasks to queue
[2026-08-12T02:43:39.863+0000] {logging_mixin.py:151} INFO - [2026-08-12T02:43:39.863+0000] {dagbag.py:536} INFO - Filling up the DagBag from /opt/airflow/dags/airflow.py
[2026-08-12T02:43:39.926+0000] {logging_mixin.py:151} INFO - [2026-08-12T02:43:39.926+0000] {dagbag.py:346} ERROR - Failed to import: /opt/airflow/dags/airflow.py
Traceback (most recent call last):
  File "/home/airflow/.local/lib/python3.8/site-packages/airflow/models/dagbag.py", line 342, in parse
    loader.exec_module(new_module)
  File "<frozen importlib._bootstrap_external>", line 843, in exec_module
  File "<frozen importlib._bootstrap>", line 219, in _call_with_frames_removed
  File "/opt/airflow/dags/airflow.py", line 23, in <module>
    from data_preprocessing_scripts.preprocessing import preprocess_data
ModuleNotFoundError: No module named 'data_preprocessing_scripts'
[2026-08-12T02:43:39.926+0000] {processor.py:841} WARNING - No viable dags retrieved from /opt/airflow/dags/airflow.py
[2026-08-12T02:43:39.935+0000] {processor.py:179} INFO - Processing /opt/airflow/dags/airflow.py took 0.078 seconds
[2026-08-12T02:44:10.120+0000] {processor.py:157} INFO - Started process (PID=7689) to work on /opt/airflow/dags/airflow.py
[2026-08-12T02:44:10.121+0000] {processor.py:829} INFO - Processing file /opt/airflow/dags/airflow.py for tasks to queue
[2026-08-12T02:44:10.125+0000] {logging_mixin.py:151} INFO - [2026-08-12T02:44:10.125+0000] {dagbag.py:536} INFO - Filling up the DagBag from /opt/airflow/dags/airflow.py
[2026-08-12T02:44:10.188+0000] {logging_mixin.py:151} INFO - [2026-08-12T02:44:10.188+0000] {dagbag.py:346} ERROR - Failed to import: /opt/airflow/dags/airflow.py
Traceback (most recent call last):
  File "/home/airflow/.local/lib/python3.8/site-packages/airflow/models/dagbag.py", line 342, in parse
    loader.exec_module(new_module)
  File "<frozen importlib._bootstrap_external>", line 843, in exec_module
  File "<frozen importlib._bootstrap>", line 219, in _call_with_frames_removed
  File "/opt/airflow/dags/airflow.py", line 23, in <module>
    from data_preprocessing_scripts.preprocessing import preprocess_data
ModuleNotFoundError: No module named 'data_preprocessing_scripts'
[2026-08-12T02:44:10.189+0000] {processor.py:841} WARNING - No viable dags retrieved from /opt/airflow/dags/airflow.py
[2026-08-12T02:44:10.199+0000] {processor.py:179} INFO - Processing /opt/airflow/dags/airflow.py took 0.084 seconds
[2026-08-12T02:44:40.436+0000] {processor.py:157} INFO - Started process (PID=7697) to work on /opt/airflow/dags/airflow.py
[2026-08-12T02:44:40.437+0000] {processor.py:829} INFO - Processing file /opt/airflow/dags/airflow.py for tasks to queue
[2026-08-12T02:44:40.438+0000] {logging_mixin.py:151} INFO - [2026-08-12T02:44:40.438+0000] {dagbag.py:536} INFO - Filling up the DagBag from /opt/airflow/dags/airflow.py
[2026-08-12T02:44:40.506+0000] {logging_mixin.py:151} INFO - [2026-08-12T02:44:40.505+0000] {dagbag.py:346} ERROR - Failed to import: /opt/airflow/dags/airflow.py
Traceback (most recent call last):
  File "/home/airflow/.local/lib/python3.8/site-packages/airflow/models/dagbag.py", line 342, in parse
    loader.exec_module(new_module)
  File "<frozen importlib._bootstrap_external>", line 843, in exec_module
  File "<frozen importlib._bootstrap>", line 219, in _call_with_frames_removed
  File "/opt/airflow/dags/airflow.py", line 23, in <module>
    from data_preprocessing_scripts.preprocessing import preprocess_data
ModuleNotFoundError: No module named 'data_preprocessing_scripts'
[2026-08-12T02:44:40.506+0000] {processor.py:841} WARNING - No viable dags retrieved from /opt/airflow/dags/airflow.py
[2026-08-12T02:44:40.518+0000] {processor.py:179} INFO - Processing /opt/airflow/dags/airflow.py took 0.084 seconds
[2026-08-12T02:45:10.661+0000] {processor.py:157} INFO - Started process (PID=7705) to work on /opt/airflow/dags/airflow.py
[2026-08-12T02:45:10.661+0000] {processor.py:829} INFO - Processing file /opt/airflow/dags/airflow.py for tasks to queue
[2026-08-12T02:45:10.663+0000] {logging_mixin.py:151} INFO - [2026-08-12T02:45:10.663+0000] {dagbag.py:536} INFO - Filling up the DagBag from /opt/airflow/dags/airflow.py
[2026-08-12T02:45:10.726+0000] {logging_mixin.py:151} INFO - [2026-08-12T02:45:10.726+0000] {dagbag.py:346} ERROR - Failed to import: /opt/airflow/dags/airflow.py
Traceback (most recent call last):
  File "/home/airflow/.local/lib/python3.8/site-packages/airflow/models/dagbag.py", line 342, in parse
    loader.exec_module(new_module)
  File "<frozen importlib._bootstrap_external>", line 843, in exec_module
  File "<frozen importlib._bootstrap>", line 219, in _call_with_frames_removed
  File "/opt/airflow/dags/airflow.py", line 23, in <module>
    from data_preprocessing_scripts.preprocessing import preprocess_data
ModuleNotFoundError: No module named 'data_preprocessing_scripts'
[2026-08-12T02:45:10.727+0000] {processor.py:841} WARNING - No viable dags retrieved from /opt/airflow/dags/airflow.py
[2026-08-12T02:45:10.737+0000] {processor.py:179} INFO - Processing /opt/airflow/dags/airflow.py took 0.078 seconds
[2026-08-12T02:45:40.974+0000] {processor.py:157} INFO - Started process (PID=7713) to work on /opt/airflow/dags/airflow.py
[2026-08-12T02:45:40.975+0000] {processor.py:829} INFO - Processing file /opt/airflow/dags/airflow.py for tasks to queue
[2026-08-12T02:45:40.977+0000] {logging_mixin.py:151} INFO - [2026-08-12T02:45:40.977+0000] {dagbag.py:536} INFO - Filling up the DagBag from /opt/airflow/dags/airflow.py
[2026-08-12T02:45:41.041+0000] {logging_mixin.py:151} INFO - [2026-08-12T02:45:41.040+0000] {dagbag.py:346} ERROR - Failed to import: /opt/airflow/dags/airflow.py
Traceback (most recent call last):
  File "/home/airflow/.local/lib/python3.8/site-packages/airflow/models/dagbag.py", line 342, in parse
    loader.exec_module(new_module)
  File "<frozen importlib._bootstrap_external>", line 843, in exec_module
  File "<frozen importlib._bootstrap>", line 219, in _call_with_frames_removed
  File "/opt/airflow/dags/airflow.py", line 23, in <module>
    from data_preprocessing_scripts.preprocessing import preprocess_data
ModuleNotFoundError: No module named 'data_preprocessing_scripts'
[2026-08-12T02:45:41.041+0000] {processor.py:841} WARNING - No viable dags retrieved from /opt/airflow/dags/airflow.py
[2026-08-12T02:45:41.050+0000] {processor.py:179} INFO - Processing /opt/airflow/dags/airflow.py took 0.079 seconds
[2026-08-12T02:46:11.306+0000] {processor.py:157} INFO - Started process (PID=7721) to work on /opt/airflow/dags/airflow.py
[2026-08-12T02:46:11.307+0000] {processor.py:829} INFO - Processing file /opt/airflow/dags/airflow.py for tasks to queue
[2026-08-12T02:46:11.310+0000] {logging_mixin.py:151} INFO - [2026-08-12T02:46:11.310+0000] {dagbag.py:536} INFO - Filling up the DagBag from /opt/airflow/dags/airflow.py
[2026-08-12T02:46:11.379+0000] {logging_mixin.py:151} INFO - [2026-08-12T02:46:11.378+0000] {dagbag.py:346} ERROR - Failed to import: /opt/airflow/dags/airflow.py
Traceback (most recent call last):
  File "/home/airflow/.local/lib/python3.8/site-packages/airflow/models/dagbag.py", line 342, in parse
    loader.exec_module(new_module)
  File "<frozen importlib._bootstrap_external>", line 843, in exec_module
  File "<frozen importlib._bootstrap>", line 219, in _call_with_frames_removed
  File "/opt/airflow/dags/airflow.py", line 23, in <module>
    from data_preprocessing_scripts.preprocessing import preprocess_data
ModuleNotFoundError: No module named 'data_preprocessing_scripts'
[2026-08-12T02:46:11.379+0000] {processor.py:841} WARNING - No viable dags retrieved from /opt/airflow/dags/airflow.py
[2026-08-12T02:46:11.390+0000] {processor.py:179} INFO - Processing /opt/airflow/dags/airflow.py took 0.088 seconds
[2026-08-12T02:46:41.578+0000] {processor.py:157} INFO - Started process (PID=7729) to work on /opt/airflow/dags/airflow.py
[2026-08-12T02:46:41.579+0000] {processor.py:829} INFO - Processing file /opt/airflow/dags/airflow.py for tasks to queue
[2026-08-12T02:46:41.582+0000] {logging_mixin.py:151} INFO - [2026-08-12T02:46:41.582+0000] {dagbag.py:536} INFO - Filling up the DagBag from /opt/airflow/dags/airflow.py
[2026-08-12T02:46:41.675+0000] {logging_mixin.py:151} INFO - [2026-08-12T02:46:41.674+0000] {dagbag.py:346} ERROR - Failed to import: /opt/airflow/dags/airflow.py
Traceback (most recent call last):
  File "/home/airflow/.local/lib/python3.8/site-packages/airflow/models/dagbag.py", line 342, in parse
    loader.exec_module(new_module)
  File "<frozen importlib._bootstrap_external>", line 843, in exec_module
  File "<frozen importlib._bootstrap>", line 219, in _call_with_frames_removed
  File "/opt/airflow/dags/airflow.py", line 23, in <module>
    from data_preprocessing_scripts.preprocessing import preprocess_data
ModuleNotFoundError: No module named 'data_preprocessing_scripts'
[2026-08-12T02:46:41.675+0000] {processor.py:841} WARNING - No viable dags retrieved from /opt/airflow/dags/airflow.py
[2026-08-12T02:46:41.687+0000] {processor.py:179} INFO - Processing /opt/airflow/dags/airflow.py took 0.113 seconds
[2026-08-12T02:47:11.914+0000] {processor.py:157} INFO - Started process (PID=7737) to work on /opt/airflow/dags/airflow.py
[2026-08-12T02:47:11.915+0000] {processor.py:829} INFO - Processing file /opt/airflow/dags/airflow.py for tasks to queue
[2026-08-12T02:47:11.917+0000] {logging_mixin.py:151} INFO - [2026-08-12T02:47:11.917+0000] {dagbag.py:536} INFO - Filling up the DagBag from /opt/airflow/dags/airflow.py
[2026-08-12T02:47:11.976+0000] {logging_mixin.py:151} INFO - [2026-08-12T02:47:11.976+0000] {dagbag.py:346} ERROR - Failed to import: /opt/airflow/dags/airflow.py
Traceback (most recent call last):
  File "/home/airflow/.local/lib/python3.8/site-packages/airflow/models/dagbag.py", line 342, in parse
    loader.exec_module(new_module)
  File "<frozen importlib._bootstrap_external>", line 843, in exec_module
  File "<frozen importlib._bootstrap>", line 219, in _call_with_frames_removed
  File "/opt/airflow/dags/airflow.py", line 23, in <module>
    from data_preprocessing_scripts.preprocessing import preprocess_data
ModuleNotFoundError: No module named 'data_preprocessing_scripts'
[2026-08-12T02:47:11.976+0000] {processor.py:841} WARNING - No viable dags retrieved from /opt/airflow/dags/airflow.py
[2026-08-12T02:47:11.984+0000] {processor.py:179} INFO - Processing /opt/airflow/dags/airflow.py took 0.073 seconds
[2026-08-12T02:47:42.081+0000] {processor.py:157} INFO - Started process (PID=7745) to work on /opt/airflow/dags/airflow.py
[2026-08-12T02:47:42.082+0000] {processor.py:829} INFO - Processing file /opt/airflow/dags/airflow.py for tasks to queue
[2026-08-12T02:47:42.084+0000] {logging_mixin.py:151} INFO - [2026-08-12T02:47:42.084+0000] {dagbag.py:536} INFO - Filling up the DagBag from /opt/airflow/dags/airflow.py
[2026-08-12T02:47:42.165+0000] {logging_mixin.py:151} INFO - [2026-08-12T02:47:42.164+0000] {dagbag.py:346} ERROR - Failed to import: /opt/airflow/dags/airflow.py
Traceback (most recent call last):
  File "/home/airflow/.local/lib/python3.8/site-packages/airflow/models/dagbag.py", line 342, in parse
    loader.exec_module(new_module)
  File "<frozen importlib._bootstrap_external>", line 843, in exec_module
  File "<frozen importlib._bootstrap>", line 219, in _call_with_frames_removed
  File "/opt/airflow/dags/airflow.py", line 23, in <module>
    from data_preprocessing_scripts.preprocessing import preprocess_data
ModuleNotFoundError: No module named 'data_preprocessing_scripts'
[2026-08-12T02:47:42.165+0000] {processor.py:841} WARNING - No viable dags retrieved from /opt/airflow/dags/airflow.py
[2026-08-12T02:47:42.176+0000] {processor.py:179} INFO - Processing /opt/airflow/dags/airflow.py took 0.098 seconds
[2026-08-12T02:48:12.406+0000] {processor.py:157} INFO - Started process (PID=7753) to work on /opt/airflow/dags/airflow.py
[2026-08-12T02:48:12.407+0000] {processor.py:829} INFO - Processing file /opt/airflow/dags/airflow.py for tasks to queue
[2026-08-12T02:48:12.409+0000] {logging_mixin.py:151} INFO - [2026-08-12T02:48:12.409+0000] {dagbag.py:536} INFO - Filling up the DagBag from /opt/airflow/dags/airflow.py
[2026-08-12T02:48:12.472+0000] {logging_mixin.py:151} INFO - [2026-08-12T02:48:12.472+0000] {dagbag.py:346} ERROR - Failed to import: /opt/airflow/dags/airflow.py
Traceback (most recent call last):
  File "/home/airflow/.local/lib/python3.8/site-packages/airflow/models/dagbag.py", line 342, in parse
    loader.exec_module(new_module)
  File "<frozen importlib._bootstrap_external>", line 843, in exec_module
  File "<frozen importlib._bootstrap>", line 219, in _call_with_frames_removed
  File "/opt/airflow/dags/airflow.py", line 23, in <module>
    from data_preprocessing_scripts.preprocessing import preprocess_data
ModuleNotFoundError: No module named 'data_preprocessing_scripts'
[2026-08-12T02:48:12.472+0000] {processor.py:841} WARNING - No viable dags retrieved from /opt/airflow/dags/airflow.py
[2026-08-12T02:48:12.481+0000] {processor.py:179} INFO - Processing /opt/airflow/dags/airflow.py took 0.078 seconds
[2026-08-12T02:48:42.726+0000] {processor.py:157} INFO - Started process (PID=7761) to work on /opt/airflow/dags/airflow.py
[2026-08-12T02:48:42.727+0000] {processor.py:829} INFO - Processing file /opt/airflow/dags/airflow.py for tasks to queue
[2026-08-12T02:48:42.730+0000] {logging_mixin.py:151} INFO - [2026-08-12T02:48:42.730+0000] {dagbag.py:536} INFO - Filling up the DagBag from /opt/airflow/dags/airflow.py
[2026-08-12T02:48:42.802+0000] {logging_mixin.py:151} INFO - [2026-08-12T02:48:42.802+0000] {dagbag.py:346} ERROR - Failed to import: /opt/airflow/dags/airflow.py
Traceback (most recent call last):
  File "/home/airflow/.local/lib/python3.8/site-packages/airflow/models/dagbag.py", line 342, in parse
    loader.exec_module(new_module)
  File "<frozen importlib._bootstrap_external>", line 843, in exec_module
  File "<frozen importlib._bootstrap>", line 219, in _call_with_frames_removed
  File "/opt/airflow/dags/airflow.py", line 23, in <module>
    from data_preprocessing_scripts.preprocessing import preprocess_data
ModuleNotFoundError: No module named 'data_preprocessing_scripts'
[2026-08-12T02:48:42.802+0000] {processor.py:841} WARNING - No viable dags retrieved from /opt/airflow/dags/airflow.py
[2026-08-12T02:48:42.811+0000] {processor.py:179} INFO - Processing /opt/airflow/dags/airflow.py took 0.087 seconds
[2026-08-12T02:49:12.997+0000] {processor.py:157} INFO - Started process (PID=7769) to work on /opt/airflow/dags/airflow.py
[2026-08-12T02:49:12.998+0000] {processor.py:829} INFO - Processing file /opt/airflow/dags/airflow.py for tasks to queue
[2026-08-12T02:49:13.000+0000] {logging_mixin.py:151} INFO - [2026-08-12T02:49:13.000+0000] {dagbag.py:536} INFO - Filling up the DagBag from /opt/airflow/dags/airflow.py
[2026-08-12T02:49:13.070+0000] {logging_mixin.py:151} INFO - [2026-08-12T02:49:13.069+0000] {dagbag.py:346} ERROR - Failed to import: /opt/airflow/dags/airflow.py
Traceback (most recent call last):
  File "/home/airflow/.local/lib/python3.8/site-packages/airflow/models/dagbag.py", line 342, in parse
    loader.exec_module(new_module)
  File "<frozen importlib._bootstrap_external>", line 843, in exec_module
  File "<frozen importlib._bootstrap>", line 219, in _call_with_frames_removed
  File "/opt/airflow/dags/airflow.py", line 23, in <module>
    from data_preprocessing_scripts.preprocessing import preprocess_data
ModuleNotFoundError: No module named 'data_preprocessing_scripts'
[2026-08-12T02:49:13.070+0000] {processor.py:841} WARNING - No viable dags retrieved from /opt/airflow/dags/airflow.py
[2026-08-12T02:49:13.079+0000] {processor.py:179} INFO - Processing /opt/airflow/dags/airflow.py took 0.086 seconds
[2026-08-12T02:49:43.303+0000] {processor.py:157} INFO - Started process (PID=7777) to work on /opt/airflow/dags/airflow.py
[2026-08-12T02:49:43.304+0000] {processor.py:829} INFO - Processing file /opt/airflow/dags/airflow.py for tasks to queue
[2026-08-12T02:49:43.306+0000] {logging_mixin.py:151} INFO - [2026-08-12T02:49:43.306+0000] {dagbag.py:536} INFO - Filling up the DagBag from /opt/airflow/dags/airflow.py
[2026-08-12T02:49:43.371+0000] {logging_mixin.py:151} INFO - [2026-08-12T02:49:43.370+0000] {dagbag.py:346} ERROR - Failed to import: /opt/airflow/dags/airflow.py
Traceback (most recent call last):
  File "/home/airflow/.local/lib/python3.8/site-packages/airflow/models/dagbag.py", line 342, in parse
    loader.exec_module(new_module)
  File "<frozen importlib._bootstrap_external>", line 843, in exec_module
  File "<frozen importlib._bootstrap>", line 219, in _call_with_frames_removed
  File "/opt/airflow/dags/airflow.py", line 23, in <module>
    from data_preprocessing_scripts.preprocessing import preprocess_data
ModuleNotFoundError: No module named 'data_preprocessing_scripts'
[2026-08-12T02:49:43.371+0000] {processor.py:841} WARNING - No viable dags retrieved from /opt/airflow/dags/airflow.py
[2026-08-12T02:49:43.380+0000] {processor.py:179} INFO - Processing /opt/airflow/dags/airflow.py took 0.081 seconds
[2026-08-12T02:50:13.577+0000] {processor.py:157} INFO - Started process (PID=7785) to work on /opt/airflow/dags/airflow.py
[2026-08-12T02:50:13.577+0000] {processor.py:829} INFO - Processing file /opt/airflow/dags/airflow.py for tasks to queue
[2026-08-12T02:50:13.580+0000] {logging_mixin.py:151} INFO - [2026-08-12T02:50:13.580+0000] {dagbag.py:536} INFO - Filling up the DagBag from /opt/airflow/dags/airflow.py
[2026-08-12T02:50:13.647+0000] {logging_mixin.py:151} INFO - [2026-08-12T02:50:13.646+0000] {dagbag.py:346} ERROR - Failed to import: /opt/airflow/dags/airflow.py
Traceback (most recent call last):
  File "/home/airflow/.local/lib/python3.8/site-packages/airflow/models/dagbag.py", line 342, in parse
    loader.exec_module(new_module)
  File "<frozen importlib._bootstrap_external>", line 843, in exec_module
  File "<frozen importlib._bootstrap>", line 219, in _call_with_frames_removed
  File "/opt/airflow/dags/airflow.py", line 23, in <module>
    from data_preprocessing_scripts.preprocessing import preprocess_data
ModuleNotFoundError: No module named 'data_preprocessing_scripts'
[2026-08-12T02:50:13.647+0000] {processor.py:841} WARNING - No viable dags retrieved from /opt/airflow/dags/airflow.py
[2026-08-12T02:50:13.660+0000] {processor.py:179} INFO - Processing /opt/airflow/dags/airflow.py took 0.086 seconds
[2026-08-12T02:50:43.847+0000] {processor.py:157} INFO - Started process (PID=7792) to work on /opt/airflow/dags/airflow.py
[2026-08-12T02:50:43.847+0000] {processor.py:829} INFO - Processing file /opt/airflow/dags/airflow.py for tasks to queue
[2026-08-12T02:50:43.849+0000] {logging_mixin.py:151} INFO - [2026-08-12T02:50:43.849+0000] {dagbag.py:536} INFO - Filling up the DagBag from /opt/airflow/dags/airflow.py
[2026-08-12T02:50:43.911+0000] {logging_mixin.py:151} INFO - [2026-08-12T02:50:43.910+0000] {dagbag.py:346} ERROR - Failed to import: /opt/airflow/dags/airflow.py
Traceback (most recent call last):
  File "/home/airflow/.local/lib/python3.8/site-packages/airflow/models/dagbag.py", line 342, in parse
    loader.exec_module(new_module)
  File "<frozen importlib._bootstrap_external>", line 843, in exec_module
  File "<frozen importlib._bootstrap>", line 219, in _call_with_frames_removed
  File "/opt/airflow/dags/airflow.py", line 23, in <module>
    from data_preprocessing_scripts.preprocessing import preprocess_data
ModuleNotFoundError: No module named 'data_preprocessing_scripts'
[2026-08-12T02:50:43.911+0000] {processor.py:841} WARNING - No viable dags retrieved from /opt/airflow/dags/airflow.py
[2026-08-12T02:50:43.920+0000] {processor.py:179} INFO - Processing /opt/airflow/dags/airflow.py took 0.076 seconds
[2026-08-12T02:51:14.139+0000] {processor.py:157} INFO - Started process (PID=7800) to work on /opt/airflow/dags/airflow.py
[2026-08-12T02:51:14.139+0000] {processor.py:829} INFO - Processing file /opt/airflow/dags/airflow.py for tasks to queue
[2026-08-12T02:51:14.142+0000] {logging_mixin.py:151} INFO - [2026-08-12T02:51:14.142+0000] {dagbag.py:536} INFO - Filling up the DagBag from /opt/airflow/dags/airflow.py
[2026-08-12T02:51:14.218+0000] {logging_mixin.py:151} INFO - [2026-08-12T02:51:14.217+0000] {dagbag.py:346} ERROR - Failed to import: /opt/airflow/dags/airflow.py
Traceback (most recent call last):
  File "/home/airflow/.local/lib/python3.8/site-packages/airflow/models/dagbag.py", line 342, in parse
    loader.exec_module(new_module)
  File "<frozen importlib._bootstrap_external>", line 843, in exec_module
  File "<frozen importlib._bootstrap>", line 219, in _call_with_frames_removed
  File "/opt/airflow/dags/airflow.py", line 23, in <module>
    from data_preprocessing_scripts.preprocessing import preprocess_data
ModuleNotFoundError: No module named 'data_preprocessing_scripts'
[2026-08-12T02:51:14.218+0000] {processor.py:841} WARNING - No viable dags retrieved from /opt/airflow/dags/airflow.py
[2026-08-12T02:51:14.227+0000] {processor.py:179} INFO - Processing /opt/airflow/dags/airflow.py took 0.092 seconds
[2026-08-12T02:51:44.426+0000] {processor.py:157} INFO - Started process (PID=7808) to work on /opt/airflow/dags/airflow.py
[2026-08-12T02:51:44.427+0000] {processor.py:829} INFO - Processing file /opt/airflow/dags/airflow.py for tasks to queue
[2026-08-12T02:51:44.429+0000] {logging_mixin.py:151} INFO - [2026-08-12T02:51:44.429+0000] {dagbag.py:536} INFO - Filling up the DagBag from /opt/airflow/dags/airflow.py
[2026-08-12T02:51:44.494+0000] {logging_mixin.py:151} INFO - [2026-08-12T02:51:44.493+0000] {dagbag.py:346} ERROR - Failed to import: /opt/airflow/dags/airflow.py
Traceback (most recent call last):
  File "/home/airflow/.local/lib/python3.8/site-packages/airflow/models/dagbag.py", line 342, in parse
    loader.exec_module(new_module)
  File "<frozen importlib._bootstrap_external>", line 843, in exec_module
  File "<frozen importlib._bootstrap>", line 219, in _call_with_frames_removed
  File "/opt/airflow/dags/airflow.py", line 23, in <module>
    from data_preprocessing_scripts.preprocessing import preprocess_data
ModuleNotFoundError: No module named 'data_preprocessing_scripts'
[2026-08-12T02:51:44.494+0000] {processor.py:841} WARNING - No viable dags retrieved from /opt/airflow/dags/airflow.py
[2026-08-12T02:51:44.503+0000] {processor.py:179} INFO - Processing /opt/airflow/dags/airflow.py took 0.081 seconds
[2026-08-12T02:52:14.761+0000] {processor.py:157} INFO - Started process (PID=7816) to work on /opt/airflow/dags/airflow.py
[2026-08-12T02:52:14.762+0000] {processor.py:829} INFO - Processing file /opt/airflow/dags/airflow.py for tasks to queue
[2026-08-12T02:52:14.764+0000] {logging_mixin.py:151} INFO - [2026-08-12T02:52:14.764+0000] {dagbag.py:536} INFO - Filling up the DagBag from /opt/airflow/dags/airflow.py
[2026-08-12T02:52:14.830+0000] {logging_mixin.py:151} INFO - [2026-08-12T02:52:14.829+0000] {dagbag.py:346} ERROR - Failed to import: /opt/airflow/dags/airflow.py
Traceback (most recent call last):
  File "/home/airflow/.local/lib/python3.8/site-packages/airflow/models/dagbag.py", line 342, in parse
    loader.exec_module(new_module)
  File "<frozen importlib._bootstrap_external>", line 843, in exec_module
  File "<frozen importlib._bootstrap>", line 219, in _call_with_frames_removed
  File "/opt/airflow/dags/airflow.py", line 23, in <module>
    from data_preprocessing_scripts.preprocessing import preprocess_data
ModuleNotFoundError: No module named 'data_preprocessing_scripts'
[2026-08-12T02:52:14.830+0000] {processor.py:841} WARNING - No viable dags retrieved from /opt/airflow/dags/airflow.py
[2026-08-12T02:52:14.839+0000] {processor.py:179} INFO - Processing /opt/airflow/dags/airflow.py took 0.080 seconds
[2026-08-12T02:52:44.989+0000] {processor.py:157} INFO - Started process (PID=7824) to work on /opt/airflow/dags/airflow.py
[2026-08-12T02:52:44.990+0000] {processor.py:829} INFO - Processing file /opt/airflow/dags/airflow.py for tasks to queue
[2026-08-12T02:52:44.991+0000] {logging_mixin.py:151} INFO - [2026-08-12T02:52:44.991+0000] {dagbag.py:536} INFO - Filling up the DagBag from /opt/airflow/dags/airflow.py
[2026-08-12T02:52:45.054+0000] {logging_mixin.py:151} INFO - [2026-08-12T02:52:45.053+0000] {dagbag.py:346} ERROR - Failed to import: /opt/airflow/dags/airflow.py
Traceback (most recent call last):
  File "/home/airflow/.local/lib/python3.8/site-packages/airflow/models/dagbag.py", line 342, in parse
    loader.exec_module(new_module)
  File "<frozen importlib._bootstrap_external>", line 843, in exec_module
  File "<frozen importlib._bootstrap>", line 219, in _call_with_frames_removed
  File "/opt/airflow/dags/airflow.py", line 23, in <module>
    from data_preprocessing_scripts.preprocessing import preprocess_data
ModuleNotFoundError: No module named 'data_preprocessing_scripts'
[2026-08-12T02:52:45.054+0000] {processor.py:841} WARNING - No viable dags retrieved from /opt/airflow/dags/airflow.py
[2026-08-12T02:52:45.066+0000] {processor.py:179} INFO - Processing /opt/airflow/dags/airflow.py took 0.079 seconds
[2026-08-12T02:53:15.205+0000] {processor.py:157} INFO - Started process (PID=7832) to work on /opt/airflow/dags/airflow.py
[2026-08-12T02:53:15.206+0000] {processor.py:829} INFO - Processing file /opt/airflow/dags/airflow.py for tasks to queue
[2026-08-12T02:53:15.207+0000] {logging_mixin.py:151} INFO - [2026-08-12T02:53:15.207+0000] {dagbag.py:536} INFO - Filling up the DagBag from /opt/airflow/dags/airflow.py
[2026-08-12T02:53:15.268+0000] {logging_mixin.py:151} INFO - [2026-08-12T02:53:15.267+0000] {dagbag.py:346} ERROR - Failed to import: /opt/airflow/dags/airflow.py
Traceback (most recent call last):
  File "/home/airflow/.local/lib/python3.8/site-packages/airflow/models/dagbag.py", line 342, in parse
    loader.exec_module(new_module)
  File "<frozen importlib._bootstrap_external>", line 843, in exec_module
  File "<frozen importlib._bootstrap>", line 219, in _call_with_frames_removed
  File "/opt/airflow/dags/airflow.py", line 23, in <module>
    from data_preprocessing_scripts.preprocessing import preprocess_data
ModuleNotFoundError: No module named 'data_preprocessing_scripts'
[2026-08-12T02:53:15.268+0000] {processor.py:841} WARNING - No viable dags retrieved from /opt/airflow/dags/airflow.py
[2026-08-12T02:53:15.278+0000] {processor.py:179} INFO - Processing /opt/airflow/dags/airflow.py took 0.074 seconds
[2026-08-12T02:53:45.369+0000] {processor.py:157} INFO - Started process (PID=7840) to work on /opt/airflow/dags/airflow.py
[2026-08-12T02:53:45.369+0000] {processor.py:829} INFO - Processing file /opt/airflow/dags/airflow.py for tasks to queue
[2026-08-12T02:53:45.370+0000] {logging_mixin.py:151} INFO - [2026-08-12T02:53:45.370+0000] {dagbag.py:536} INFO - Filling up the DagBag from /opt/airflow/dags/airflow.py
[2026-08-12T02:53:45.428+0000] {logging_mixin.py:151} INFO - [2026-08-12T02:53:45.427+0000] {dagbag.py:346} ERROR - Failed to import: /opt/airflow/dags/airflow.py
Traceback (most recent call last):
  File "/home/airflow/.local/lib/python3.8/site-packages/airflow/models/dagbag.py", line 342, in parse
    loader.exec_module(new_module)
  File "<frozen importlib._bootstrap_external>", line 843, in exec_module
  File "<frozen importlib._bootstrap>", line 219, in _call_with_frames_removed
  File "/opt/airflow/dags/airflow.py", line 23, in <module>
    from data_preprocessing_scripts.preprocessing import preprocess_data
ModuleNotFoundError: No module named 'data_preprocessing_scripts'
[2026-08-12T02:53:45.428+0000] {processor.py:841} WARNING - No viable dags retrieved from /opt/airflow/dags/airflow.py
[2026-08-12T02:53:45.436+0000] {processor.py:179} INFO - Processing /opt/airflow/dags/airflow.py took 0.069 seconds
[2026-08-12T02:54:15.637+0000] {processor.py:157} INFO - Started process (PID=7848) to work on /opt/airflow/dags/airflow.py
[2026-08-12T02:54:15.638+0000] {processor.py:829} INFO - Processing file /opt/airflow/dags/airflow.py for tasks to queue
[2026-08-12T02:54:15.641+0000] {logging_mixin.py:151} INFO - [2026-08-12T02:54:15.640+0000] {dagbag.py:536} INFO - Filling up the DagBag from /opt/airflow/dags/airflow.py
[2026-08-12T02:54:15.712+0000] {logging_mixin.py:151} INFO - [2026-08-12T02:54:15.711+0000] {dagbag.py:346} ERROR - Failed to import: /opt/airflow/dags/airflow.py
Traceback (most recent call last):
  File "/home/airflow/.local/lib/python3.8/site-packages/airflow/models/dagbag.py", line 342, in parse
    loader.exec_module(new_module)
  File "<frozen importlib._bootstrap_external>", line 843, in exec_module
  File "<frozen importlib._bootstrap>", line 219, in _call_with_frames_removed
  File "/opt/airflow/dags/airflow.py", line 23, in <module>
    from data_preprocessing_scripts.preprocessing import preprocess_data
ModuleNotFoundError: No module named 'data_preprocessing_scripts'
[2026-08-12T02:54:15.712+0000] {processor.py:841} WARNING - No viable dags retrieved from /opt/airflow/dags/airflow.py
[2026-08-12T02:54:15.721+0000] {processor.py:179} INFO - Processing /opt/airflow/dags/airflow.py took 0.086 seconds
[2026-08-12T02:54:45.914+0000] {processor.py:157} INFO - Started process (PID=7856) to work on /opt/airflow/dags/airflow.py
[2026-08-12T02:54:45.914+0000] {processor.py:829} INFO - Processing file /opt/airflow/dags/airflow.py for tasks to queue
[2026-08-12T02:54:45.916+0000] {logging_mixin.py:151} INFO - [2026-08-12T02:54:45.915+0000] {dagbag.py:536} INFO - Filling up the DagBag from /opt/airflow/dags/airflow.py
[2026-08-12T02:54:45.973+0000] {logging_mixin.py:151} INFO - [2026-08-12T02:54:45.972+0000] {dagbag.py:346} ERROR - Failed to import: /opt/airflow/dags/airflow.py
Traceback (most recent call last):
  File "/home/airflow/.local/lib/python3.8/site-packages/airflow/models/dagbag.py", line 342, in parse
    loader.exec_module(new_module)
  File "<frozen importlib._bootstrap_external>", line 843, in exec_module
  File "<frozen importlib._bootstrap>", line 219, in _call_with_frames_removed
  File "/opt/airflow/dags/airflow.py", line 23, in <module>
    from data_preprocessing_scripts.preprocessing import preprocess_data
ModuleNotFoundError: No module named 'data_preprocessing_scripts'
[2026-08-12T02:54:45.973+0000] {processor.py:841} WARNING - No viable dags retrieved from /opt/airflow/dags/airflow.py
[2026-08-12T02:54:45.981+0000] {processor.py:179} INFO - Processing /opt/airflow/dags/airflow.py took 0.069 seconds
[2026-08-12T02:55:16.144+0000] {processor.py:157} INFO - Started process (PID=7864) to work on /opt/airflow/dags/airflow.py
[2026-08-12T02:55:16.145+0000] {processor.py:829} INFO - Processing file /opt/airflow/dags/airflow.py for tasks to queue
[2026-08-12T02:55:16.148+0000] {logging_mixin.py:151} INFO - [2026-08-12T02:55:16.148+0000] {dagbag.py:536} INFO - Filling up the DagBag from /opt/airflow/dags/airflow.py
[2026-08-12T02:55:16.223+0000] {logging_mixin.py:151} INFO - [2026-08-12T02:55:16.222+0000] {dagbag.py:346} ERROR - Failed to import: /opt/airflow/dags/airflow.py
Traceback (most recent call last):
  File "/home/airflow/.local/lib/python3.8/site-packages/airflow/models/dagbag.py", line 342, in parse
    loader.exec_module(new_module)
  File "<frozen importlib._bootstrap_external>", line 843, in exec_module
  File "<frozen importlib._bootstrap>", line 219, in _call_with_frames_removed
  File "/opt/airflow/dags/airflow.py", line 23, in <module>
    from data_preprocessing_scripts.preprocessing import preprocess_data
ModuleNotFoundError: No module named 'data_preprocessing_scripts'
[2026-08-12T02:55:16.223+0000] {processor.py:841} WARNING - No viable dags retrieved from /opt/airflow/dags/airflow.py
[2026-08-12T02:55:16.235+0000] {processor.py:179} INFO - Processing /opt/airflow/dags/airflow.py took 0.095 seconds
[2026-08-12T02:55:46.401+0000] {processor.py:157} INFO - Started process (PID=7872) to work on /opt/airflow/dags/airflow.py
[2026-08-12T02:55:46.401+0000] {processor.py:829} INFO - Processing file /opt/airflow/dags/airflow.py for tasks to queue
[2026-08-12T02:55:46.402+0000] {logging_mixin.py:151} INFO - [2026-08-12T02:55:46.402+0000] {dagbag.py:536} INFO - Filling up the DagBag from /opt/airflow/dags/airflow.py
[2026-08-12T02:55:46.452+0000] {logging_mixin.py:151} INFO - [2026-08-12T02:55:46.451+0000] {dagbag.py:346} ERROR - Failed to import: /opt/airflow/dags/airflow.py
Traceback (most recent call last):
  File "/home/airflow/.local/lib/python3.8/site-packages/airflow/models/dagbag.py", line 342, in parse
    loader.exec_module(new_module)
  File "<frozen importlib._bootstrap_external>", line 843, in exec_module
  File "<frozen importlib._bootstrap>", line 219, in _call_with_frames_removed
  File "/opt/airflow/dags/airflow.py", line 23, in <module>
    from data_preprocessing_scripts.preprocessing import preprocess_data
ModuleNotFoundError: No module named 'data_preprocessing_scripts'
[2026-08-12T02:55:46.452+0000] {processor.py:841} WARNING - No viable dags retrieved from /opt/airflow/dags/airflow.py
[2026-08-12T02:55:46.460+0000] {processor.py:179} INFO - Processing /opt/airflow/dags/airflow.py took 0.061 seconds
[2026-08-12T02:56:16.604+0000] {processor.py:157} INFO - Started process (PID=7880) to work on /opt/airflow/dags/airflow.py
[2026-08-12T02:56:16.604+0000] {processor.py:829} INFO - Processing file /opt/airflow/dags/airflow.py for tasks to queue
[2026-08-12T02:56:16.605+0000] {logging_mixin.py:151} INFO - [2026-08-12T02:56:16.605+0000] {dagbag.py:536} INFO - Filling up the DagBag from /opt/airflow/dags/airflow.py
[2026-08-12T02:56:16.660+0000] {logging_mixin.py:151} INFO - [2026-08-12T02:56:16.659+0000] {dagbag.py:346} ERROR - Failed to import: /opt/airflow/dags/airflow.py
Traceback (most recent call last):
  File "/home/airflow/.local/lib/python3.8/site-packages/airflow/models/dagbag.py", line 342, in parse
    loader.exec_module(new_module)
  File "<frozen importlib._bootstrap_external>", line 843, in exec_module
  File "<frozen importlib._bootstrap>", line 219, in _call_with_frames_removed
  File "/opt/airflow/dags/airflow.py", line 23, in <module>
    from data_preprocessing_scripts.preprocessing import preprocess_data
ModuleNotFoundError: No module named 'data_preprocessing_scripts'
[2026-08-12T02:56:16.660+0000] {processor.py:841} WARNING - No viable dags retrieved from /opt/airflow/dags/airflow.py
[2026-08-12T02:56:16.668+0000] {processor.py:179} INFO - Processing /opt/airflow/dags/airflow.py took 0.066 seconds
[2026-08-12T02:56:46.713+0000] {processor.py:157} INFO - Started process (PID=7888) to work on /opt/airflow/dags/airflow.py
[2026-08-12T02:56:46.713+0000] {processor.py:829} INFO - Processing file /opt/airflow/dags/airflow.py for tasks to queue
[2026-08-12T02:56:46.715+0000] {logging_mixin.py:151} INFO - [2026-08-12T02:56:46.715+0000] {dagbag.py:536} INFO - Filling up the DagBag from /opt/airflow/dags/airflow.py
[2026-08-12T02:56:46.788+0000] {logging_mixin.py:151} INFO - [2026-08-12T02:56:46.787+0000] {dagbag.py:346} ERROR - Failed to import: /opt/airflow/dags/airflow.py
Traceback (most recent call last):
  File "/home/airflow/.local/lib/python3.8/site-packages/airflow/models/dagbag.py", line 342, in parse
    loader.exec_module(new_module)
  File "<frozen importlib._bootstrap_external>", line 843, in exec_module
  File "<frozen importlib._bootstrap>", line 219, in _call_with_frames_removed
  File "/opt/airflow/dags/airflow.py", line 23, in <module>
    from data_preprocessing_scripts.preprocessing import preprocess_data
ModuleNotFoundError: No module named 'data_preprocessing_scripts'
[2026-08-12T02:56:46.788+0000] {processor.py:841} WARNING - No viable dags retrieved from /opt/airflow/dags/airflow.py
[2026-08-12T02:56:46.799+0000] {processor.py:179} INFO - Processing /opt/airflow/dags/airflow.py took 0.087 seconds
[2026-08-12T02:57:17.047+0000] {processor.py:157} INFO - Started process (PID=7896) to work on /opt/airflow/dags/airflow.py
[2026-08-12T02:57:17.048+0000] {processor.py:829} INFO - Processing file /opt/airflow/dags/airflow.py for tasks to queue
[2026-08-12T02:57:17.050+0000] {logging_mixin.py:151} INFO - [2026-08-12T02:57:17.050+0000] {dagbag.py:536} INFO - Filling up the DagBag from /opt/airflow/dags/airflow.py
[2026-08-12T02:57:17.123+0000] {logging_mixin.py:151} INFO - [2026-08-12T02:57:17.122+0000] {dagbag.py:346} ERROR - Failed to import: /opt/airflow/dags/airflow.py
Traceback (most recent call last):
  File "/home/airflow/.local/lib/python3.8/site-packages/airflow/models/dagbag.py", line 342, in parse
    loader.exec_module(new_module)
  File "<frozen importlib._bootstrap_external>", line 843, in exec_module
  File "<frozen importlib._bootstrap>", line 219, in _call_with_frames_removed
  File "/opt/airflow/dags/airflow.py", line 23, in <module>
    from data_preprocessing_scripts.preprocessing import preprocess_data
ModuleNotFoundError: No module named 'data_preprocessing_scripts'
[2026-08-12T02:57:17.123+0000] {processor.py:841} WARNING - No viable dags retrieved from /opt/airflow/dags/airflow.py
[2026-08-12T02:57:17.133+0000] {processor.py:179} INFO - Processing /opt/airflow/dags/airflow.py took 0.089 seconds
[2026-08-12T02:57:47.319+0000] {processor.py:157} INFO - Started process (PID=7904) to work on /opt/airflow/dags/airflow.py
[2026-08-12T02:57:47.320+0000] {processor.py:829} INFO - Processing file /opt/airflow/dags/airflow.py for tasks to queue
[2026-08-12T02:57:47.322+0000] {logging_mixin.py:151} INFO - [2026-08-12T02:57:47.322+0000] {dagbag.py:536} INFO - Filling up the DagBag from /opt/airflow/dags/airflow.py
[2026-08-12T02:57:47.384+0000] {logging_mixin.py:151} INFO - [2026-08-12T02:57:47.384+0000] {dagbag.py:346} ERROR - Failed to import: /opt/airflow/dags/airflow.py
Traceback (most recent call last):
  File "/home/airflow/.local/lib/python3.8/site-packages/airflow/models/dagbag.py", line 342, in parse
    loader.exec_module(new_module)
  File "<frozen importlib._bootstrap_external>", line 843, in exec_module
  File "<frozen importlib._bootstrap>", line 219, in _call_with_frames_removed
  File "/opt/airflow/dags/airflow.py", line 23, in <module>
    from data_preprocessing_scripts.preprocessing import preprocess_data
ModuleNotFoundError: No module named 'data_preprocessing_scripts'
[2026-08-12T02:57:47.384+0000] {processor.py:841} WARNING - No viable dags retrieved from /opt/airflow/dags/airflow.py
[2026-08-12T02:57:47.392+0000] {processor.py:179} INFO - Processing /opt/airflow/dags/airflow.py took 0.076 seconds
[2026-08-12T02:58:17.667+0000] {processor.py:157} INFO - Started process (PID=7912) to work on /opt/airflow/dags/airflow.py
[2026-08-12T02:58:17.668+0000] {processor.py:829} INFO - Processing file /opt/airflow/dags/airflow.py for tasks to queue
[2026-08-12T02:58:17.671+0000] {logging_mixin.py:151} INFO - [2026-08-12T02:58:17.671+0000] {dagbag.py:536} INFO - Filling up the DagBag from /opt/airflow/dags/airflow.py
[2026-08-12T02:58:17.732+0000] {logging_mixin.py:151} INFO - [2026-08-12T02:58:17.732+0000] {dagbag.py:346} ERROR - Failed to import: /opt/airflow/dags/airflow.py
Traceback (most recent call last):
  File "/home/airflow/.local/lib/python3.8/site-packages/airflow/models/dagbag.py", line 342, in parse
    loader.exec_module(new_module)
  File "<frozen importlib._bootstrap_external>", line 843, in exec_module
  File "<frozen importlib._bootstrap>", line 219, in _call_with_frames_removed
  File "/opt/airflow/dags/airflow.py", line 23, in <module>
    from data_preprocessing_scripts.preprocessing import preprocess_data
ModuleNotFoundError: No module named 'data_preprocessing_scripts'
[2026-08-12T02:58:17.733+0000] {processor.py:841} WARNING - No viable dags retrieved from /opt/airflow/dags/airflow.py
[2026-08-12T02:58:17.741+0000] {processor.py:179} INFO - Processing /opt/airflow/dags/airflow.py took 0.078 seconds
[2026-08-12T02:58:47.960+0000] {processor.py:157} INFO - Started process (PID=7920) to work on /opt/airflow/dags/airflow.py
[2026-08-12T02:58:47.960+0000] {processor.py:829} INFO - Processing file /opt/airflow/dags/airflow.py for tasks to queue
[2026-08-12T02:58:47.962+0000] {logging_mixin.py:151} INFO - [2026-08-12T02:58:47.962+0000] {dagbag.py:536} INFO - Filling up the DagBag from /opt/airflow/dags/airflow.py
[2026-08-12T02:58:48.012+0000] {logging_mixin.py:151} INFO - [2026-08-12T02:58:48.011+0000] {dagbag.py:346} ERROR - Failed to import: /opt/airflow/dags/airflow.py
Traceback (most recent call last):
  File "/home/airflow/.local/lib/python3.8/site-packages/airflow/models/dagbag.py", line 342, in parse
    loader.exec_module(new_module)
  File "<frozen importlib._bootstrap_external>", line 843, in exec_module
  File "<frozen importlib._bootstrap>", line 219, in _call_with_frames_removed
  File "/opt/airflow/dags/airflow.py", line 23, in <module>
    from data_preprocessing_scripts.preprocessing import preprocess_data
ModuleNotFoundError: No module named 'data_preprocessing_scripts'
[2026-08-12T02:58:48.012+0000] {processor.py:841} WARNING - No viable dags retrieved from /opt/airflow/dags/airflow.py
[2026-08-12T02:58:48.021+0000] {processor.py:179} INFO - Processing /opt/airflow/dags/airflow.py took 0.065 seconds
[2026-08-12T02:59:18.275+0000] {processor.py:157} INFO - Started process (PID=7928) to work on /opt/airflow/dags/airflow.py
[2026-08-12T02:59:18.276+0000] {processor.py:829} INFO - Processing file /opt/airflow/dags/airflow.py for tasks to queue
[2026-08-12T02:59:18.278+0000] {logging_mixin.py:151} INFO - [2026-08-12T02:59:18.278+0000] {dagbag.py:536} INFO - Filling up the DagBag from /opt/airflow/dags/airflow.py
[2026-08-12T02:59:18.357+0000] {logging_mixin.py:151} INFO - [2026-08-12T02:59:18.356+0000] {dagbag.py:346} ERROR - Failed to import: /opt/airflow/dags/airflow.py
Traceback (most recent call last):
  File "/home/airflow/.local/lib/python3.8/site-packages/airflow/models/dagbag.py", line 342, in parse
    loader.exec_module(new_module)
  File "<frozen importlib._bootstrap_external>", line 843, in exec_module
  File "<frozen importlib._bootstrap>", line 219, in _call_with_frames_removed
  File "/opt/airflow/dags/airflow.py", line 23, in <module>
    from data_preprocessing_scripts.preprocessing import preprocess_data
ModuleNotFoundError: No module named 'data_preprocessing_scripts'
[2026-08-12T02:59:18.357+0000] {processor.py:841} WARNING - No viable dags retrieved from /opt/airflow/dags/airflow.py
[2026-08-12T02:59:18.368+0000] {processor.py:179} INFO - Processing /opt/airflow/dags/airflow.py took 0.096 seconds
[2026-08-12T02:59:48.618+0000] {processor.py:157} INFO - Started process (PID=7936) to work on /opt/airflow/dags/airflow.py
[2026-08-12T02:59:48.619+0000] {processor.py:829} INFO - Processing file /opt/airflow/dags/airflow.py for tasks to queue
[2026-08-12T02:59:48.621+0000] {logging_mixin.py:151} INFO - [2026-08-12T02:59:48.621+0000] {dagbag.py:536} INFO - Filling up the DagBag from /opt/airflow/dags/airflow.py
[2026-08-12T02:59:48.683+0000] {logging_mixin.py:151} INFO - [2026-08-12T02:59:48.682+0000] {dagbag.py:346} ERROR - Failed to import: /opt/airflow/dags/airflow.py
Traceback (most recent call last):
  File "/home/airflow/.local/lib/python3.8/site-packages/airflow/models/dagbag.py", line 342, in parse
    loader.exec_module(new_module)
  File "<frozen importlib._bootstrap_external>", line 843, in exec_module
  File "<frozen importlib._bootstrap>", line 219, in _call_with_frames_removed
  File "/opt/airflow/dags/airflow.py", line 23, in <module>
    from data_preprocessing_scripts.preprocessing import preprocess_data
ModuleNotFoundError: No module named 'data_preprocessing_scripts'
[2026-08-12T02:59:48.683+0000] {processor.py:841} WARNING - No viable dags retrieved from /opt/airflow/dags/airflow.py
[2026-08-12T02:59:48.692+0000] {processor.py:179} INFO - Processing /opt/airflow/dags/airflow.py took 0.078 seconds
[2026-08-12T03:00:18.882+0000] {processor.py:157} INFO - Started process (PID=7944) to work on /opt/airflow/dags/airflow.py
[2026-08-12T03:00:18.883+0000] {processor.py:829} INFO - Processing file /opt/airflow/dags/airflow.py for tasks to queue
[2026-08-12T03:00:18.886+0000] {logging_mixin.py:151} INFO - [2026-08-12T03:00:18.886+0000] {dagbag.py:536} INFO - Filling up the DagBag from /opt/airflow/dags/airflow.py
[2026-08-12T03:00:18.961+0000] {logging_mixin.py:151} INFO - [2026-08-12T03:00:18.960+0000] {dagbag.py:346} ERROR - Failed to import: /opt/airflow/dags/airflow.py
Traceback (most recent call last):
  File "/home/airflow/.local/lib/python3.8/site-packages/airflow/models/dagbag.py", line 342, in parse
    loader.exec_module(new_module)
  File "<frozen importlib._bootstrap_external>", line 843, in exec_module
  File "<frozen importlib._bootstrap>", line 219, in _call_with_frames_removed
  File "/opt/airflow/dags/airflow.py", line 23, in <module>
    from data_preprocessing_scripts.preprocessing import preprocess_data
ModuleNotFoundError: No module named 'data_preprocessing_scripts'
[2026-08-12T03:00:18.961+0000] {processor.py:841} WARNING - No viable dags retrieved from /opt/airflow/dags/airflow.py
[2026-08-12T03:00:18.970+0000] {processor.py:179} INFO - Processing /opt/airflow/dags/airflow.py took 0.093 seconds
[2026-08-12T03:00:49.127+0000] {processor.py:157} INFO - Started process (PID=7952) to work on /opt/airflow/dags/airflow.py
[2026-08-12T03:00:49.128+0000] {processor.py:829} INFO - Processing file /opt/airflow/dags/airflow.py for tasks to queue
[2026-08-12T03:00:49.131+0000] {logging_mixin.py:151} INFO - [2026-08-12T03:00:49.130+0000] {dagbag.py:536} INFO - Filling up the DagBag from /opt/airflow/dags/airflow.py
[2026-08-12T03:00:49.191+0000] {logging_mixin.py:151} INFO - [2026-08-12T03:00:49.191+0000] {dagbag.py:346} ERROR - Failed to import: /opt/airflow/dags/airflow.py
Traceback (most recent call last):
  File "/home/airflow/.local/lib/python3.8/site-packages/airflow/models/dagbag.py", line 342, in parse
    loader.exec_module(new_module)
  File "<frozen importlib._bootstrap_external>", line 843, in exec_module
  File "<frozen importlib._bootstrap>", line 219, in _call_with_frames_removed
  File "/opt/airflow/dags/airflow.py", line 23, in <module>
    from data_preprocessing_scripts.preprocessing import preprocess_data
ModuleNotFoundError: No module named 'data_preprocessing_scripts'
[2026-08-12T03:00:49.191+0000] {processor.py:841} WARNING - No viable dags retrieved from /opt/airflow/dags/airflow.py
[2026-08-12T03:00:49.200+0000] {processor.py:179} INFO - Processing /opt/airflow/dags/airflow.py took 0.077 seconds
[2026-08-12T03:01:19.453+0000] {processor.py:157} INFO - Started process (PID=7960) to work on /opt/airflow/dags/airflow.py
[2026-08-12T03:01:19.454+0000] {processor.py:829} INFO - Processing file /opt/airflow/dags/airflow.py for tasks to queue
[2026-08-12T03:01:19.457+0000] {logging_mixin.py:151} INFO - [2026-08-12T03:01:19.457+0000] {dagbag.py:536} INFO - Filling up the DagBag from /opt/airflow/dags/airflow.py
[2026-08-12T03:01:19.518+0000] {logging_mixin.py:151} INFO - [2026-08-12T03:01:19.517+0000] {dagbag.py:346} ERROR - Failed to import: /opt/airflow/dags/airflow.py
Traceback (most recent call last):
  File "/home/airflow/.local/lib/python3.8/site-packages/airflow/models/dagbag.py", line 342, in parse
    loader.exec_module(new_module)
  File "<frozen importlib._bootstrap_external>", line 843, in exec_module
  File "<frozen importlib._bootstrap>", line 219, in _call_with_frames_removed
  File "/opt/airflow/dags/airflow.py", line 23, in <module>
    from data_preprocessing_scripts.preprocessing import preprocess_data
ModuleNotFoundError: No module named 'data_preprocessing_scripts'
[2026-08-12T03:01:19.518+0000] {processor.py:841} WARNING - No viable dags retrieved from /opt/airflow/dags/airflow.py
[2026-08-12T03:01:19.527+0000] {processor.py:179} INFO - Processing /opt/airflow/dags/airflow.py took 0.077 seconds
[2026-08-12T03:01:49.798+0000] {processor.py:157} INFO - Started process (PID=7968) to work on /opt/airflow/dags/airflow.py
[2026-08-12T03:01:49.799+0000] {processor.py:829} INFO - Processing file /opt/airflow/dags/airflow.py for tasks to queue
[2026-08-12T03:01:49.801+0000] {logging_mixin.py:151} INFO - [2026-08-12T03:01:49.800+0000] {dagbag.py:536} INFO - Filling up the DagBag from /opt/airflow/dags/airflow.py
[2026-08-12T03:01:49.864+0000] {logging_mixin.py:151} INFO - [2026-08-12T03:01:49.863+0000] {dagbag.py:346} ERROR - Failed to import: /opt/airflow/dags/airflow.py
Traceback (most recent call last):
  File "/home/airflow/.local/lib/python3.8/site-packages/airflow/models/dagbag.py", line 342, in parse
    loader.exec_module(new_module)
  File "<frozen importlib._bootstrap_external>", line 843, in exec_module
  File "<frozen importlib._bootstrap>", line 219, in _call_with_frames_removed
  File "/opt/airflow/dags/airflow.py", line 23, in <module>
    from data_preprocessing_scripts.preprocessing import preprocess_data
ModuleNotFoundError: No module named 'data_preprocessing_scripts'
[2026-08-12T03:01:49.864+0000] {processor.py:841} WARNING - No viable dags retrieved from /opt/airflow/dags/airflow.py
[2026-08-12T03:01:49.872+0000] {processor.py:179} INFO - Processing /opt/airflow/dags/airflow.py took 0.078 seconds
[2026-08-12T03:02:20.122+0000] {processor.py:157} INFO - Started process (PID=7976) to work on /opt/airflow/dags/airflow.py
[2026-08-12T03:02:20.124+0000] {processor.py:829} INFO - Processing file /opt/airflow/dags/airflow.py for tasks to queue
[2026-08-12T03:02:20.127+0000] {logging_mixin.py:151} INFO - [2026-08-12T03:02:20.127+0000] {dagbag.py:536} INFO - Filling up the DagBag from /opt/airflow/dags/airflow.py
[2026-08-12T03:02:20.206+0000] {logging_mixin.py:151} INFO - [2026-08-12T03:02:20.205+0000] {dagbag.py:346} ERROR - Failed to import: /opt/airflow/dags/airflow.py
Traceback (most recent call last):
  File "/home/airflow/.local/lib/python3.8/site-packages/airflow/models/dagbag.py", line 342, in parse
    loader.exec_module(new_module)
  File "<frozen importlib._bootstrap_external>", line 843, in exec_module
  File "<frozen importlib._bootstrap>", line 219, in _call_with_frames_removed
  File "/opt/airflow/dags/airflow.py", line 23, in <module>
    from data_preprocessing_scripts.preprocessing import preprocess_data
ModuleNotFoundError: No module named 'data_preprocessing_scripts'
[2026-08-12T03:02:20.206+0000] {processor.py:841} WARNING - No viable dags retrieved from /opt/airflow/dags/airflow.py
[2026-08-12T03:02:20.215+0000] {processor.py:179} INFO - Processing /opt/airflow/dags/airflow.py took 0.096 seconds
[2026-08-12T03:02:50.468+0000] {processor.py:157} INFO - Started process (PID=7984) to work on /opt/airflow/dags/airflow.py
[2026-08-12T03:02:50.469+0000] {processor.py:829} INFO - Processing file /opt/airflow/dags/airflow.py for tasks to queue
[2026-08-12T03:02:50.472+0000] {logging_mixin.py:151} INFO - [2026-08-12T03:02:50.471+0000] {dagbag.py:536} INFO - Filling up the DagBag from /opt/airflow/dags/airflow.py
[2026-08-12T03:02:50.546+0000] {logging_mixin.py:151} INFO - [2026-08-12T03:02:50.546+0000] {dagbag.py:346} ERROR - Failed to import: /opt/airflow/dags/airflow.py
Traceback (most recent call last):
  File "/home/airflow/.local/lib/python3.8/site-packages/airflow/models/dagbag.py", line 342, in parse
    loader.exec_module(new_module)
  File "<frozen importlib._bootstrap_external>", line 843, in exec_module
  File "<frozen importlib._bootstrap>", line 219, in _call_with_frames_removed
  File "/opt/airflow/dags/airflow.py", line 23, in <module>
    from data_preprocessing_scripts.preprocessing import preprocess_data
ModuleNotFoundError: No module named 'data_preprocessing_scripts'
[2026-08-12T03:02:50.547+0000] {processor.py:841} WARNING - No viable dags retrieved from /opt/airflow/dags/airflow.py
[2026-08-12T03:02:50.557+0000] {processor.py:179} INFO - Processing /opt/airflow/dags/airflow.py took 0.095 seconds
[2026-08-12T03:03:20.606+0000] {processor.py:157} INFO - Started process (PID=7992) to work on /opt/airflow/dags/airflow.py
[2026-08-12T03:03:20.607+0000] {processor.py:829} INFO - Processing file /opt/airflow/dags/airflow.py for tasks to queue
[2026-08-12T03:03:20.610+0000] {logging_mixin.py:151} INFO - [2026-08-12T03:03:20.610+0000] {dagbag.py:536} INFO - Filling up the DagBag from /opt/airflow/dags/airflow.py
[2026-08-12T03:03:20.672+0000] {logging_mixin.py:151} INFO - [2026-08-12T03:03:20.671+0000] {dagbag.py:346} ERROR - Failed to import: /opt/airflow/dags/airflow.py
Traceback (most recent call last):
  File "/home/airflow/.local/lib/python3.8/site-packages/airflow/models/dagbag.py", line 342, in parse
    loader.exec_module(new_module)
  File "<frozen importlib._bootstrap_external>", line 843, in exec_module
  File "<frozen importlib._bootstrap>", line 219, in _call_with_frames_removed
  File "/opt/airflow/dags/airflow.py", line 23, in <module>
    from data_preprocessing_scripts.preprocessing import preprocess_data
ModuleNotFoundError: No module named 'data_preprocessing_scripts'
[2026-08-12T03:03:20.672+0000] {processor.py:841} WARNING - No viable dags retrieved from /opt/airflow/dags/airflow.py
[2026-08-12T03:03:20.687+0000] {processor.py:179} INFO - Processing /opt/airflow/dags/airflow.py took 0.083 seconds
[2026-08-12T03:03:50.898+0000] {processor.py:157} INFO - Started process (PID=8001) to work on /opt/airflow/dags/airflow.py
[2026-08-12T03:03:50.899+0000] {processor.py:829} INFO - Processing file /opt/airflow/dags/airflow.py for tasks to queue
[2026-08-12T03:03:50.901+0000] {logging_mixin.py:151} INFO - [2026-08-12T03:03:50.901+0000] {dagbag.py:536} INFO - Filling up the DagBag from /opt/airflow/dags/airflow.py
[2026-08-12T03:03:50.964+0000] {logging_mixin.py:151} INFO - [2026-08-12T03:03:50.963+0000] {dagbag.py:346} ERROR - Failed to import: /opt/airflow/dags/airflow.py
Traceback (most recent call last):
  File "/home/airflow/.local/lib/python3.8/site-packages/airflow/models/dagbag.py", line 342, in parse
    loader.exec_module(new_module)
  File "<frozen importlib._bootstrap_external>", line 843, in exec_module
  File "<frozen importlib._bootstrap>", line 219, in _call_with_frames_removed
  File "/opt/airflow/dags/airflow.py", line 23, in <module>
    from data_preprocessing_scripts.preprocessing import preprocess_data
ModuleNotFoundError: No module named 'data_preprocessing_scripts'
[2026-08-12T03:03:50.964+0000] {processor.py:841} WARNING - No viable dags retrieved from /opt/airflow/dags/airflow.py
[2026-08-12T03:03:50.972+0000] {processor.py:179} INFO - Processing /opt/airflow/dags/airflow.py took 0.077 seconds
[2026-08-12T03:04:21.192+0000] {processor.py:157} INFO - Started process (PID=8009) to work on /opt/airflow/dags/airflow.py
[2026-08-12T03:04:21.193+0000] {processor.py:829} INFO - Processing file /opt/airflow/dags/airflow.py for tasks to queue
[2026-08-12T03:04:21.196+0000] {logging_mixin.py:151} INFO - [2026-08-12T03:04:21.196+0000] {dagbag.py:536} INFO - Filling up the DagBag from /opt/airflow/dags/airflow.py
[2026-08-12T03:04:21.265+0000] {logging_mixin.py:151} INFO - [2026-08-12T03:04:21.264+0000] {dagbag.py:346} ERROR - Failed to import: /opt/airflow/dags/airflow.py
Traceback (most recent call last):
  File "/home/airflow/.local/lib/python3.8/site-packages/airflow/models/dagbag.py", line 342, in parse
    loader.exec_module(new_module)
  File "<frozen importlib._bootstrap_external>", line 843, in exec_module
  File "<frozen importlib._bootstrap>", line 219, in _call_with_frames_removed
  File "/opt/airflow/dags/airflow.py", line 23, in <module>
    from data_preprocessing_scripts.preprocessing import preprocess_data
ModuleNotFoundError: No module named 'data_preprocessing_scripts'
[2026-08-12T03:04:21.265+0000] {processor.py:841} WARNING - No viable dags retrieved from /opt/airflow/dags/airflow.py
[2026-08-12T03:04:21.273+0000] {processor.py:179} INFO - Processing /opt/airflow/dags/airflow.py took 0.084 seconds
[2026-08-12T03:04:51.544+0000] {processor.py:157} INFO - Started process (PID=8017) to work on /opt/airflow/dags/airflow.py
[2026-08-12T03:04:51.545+0000] {processor.py:829} INFO - Processing file /opt/airflow/dags/airflow.py for tasks to queue
[2026-08-12T03:04:51.547+0000] {logging_mixin.py:151} INFO - [2026-08-12T03:04:51.547+0000] {dagbag.py:536} INFO - Filling up the DagBag from /opt/airflow/dags/airflow.py
[2026-08-12T03:04:51.607+0000] {logging_mixin.py:151} INFO - [2026-08-12T03:04:51.607+0000] {dagbag.py:346} ERROR - Failed to import: /opt/airflow/dags/airflow.py
Traceback (most recent call last):
  File "/home/airflow/.local/lib/python3.8/site-packages/airflow/models/dagbag.py", line 342, in parse
    loader.exec_module(new_module)
  File "<frozen importlib._bootstrap_external>", line 843, in exec_module
  File "<frozen importlib._bootstrap>", line 219, in _call_with_frames_removed
  File "/opt/airflow/dags/airflow.py", line 23, in <module>
    from data_preprocessing_scripts.preprocessing import preprocess_data
ModuleNotFoundError: No module named 'data_preprocessing_scripts'
[2026-08-12T03:04:51.607+0000] {processor.py:841} WARNING - No viable dags retrieved from /opt/airflow/dags/airflow.py
[2026-08-12T03:04:51.615+0000] {processor.py:179} INFO - Processing /opt/airflow/dags/airflow.py took 0.074 seconds
[2026-08-12T03:05:21.836+0000] {processor.py:157} INFO - Started process (PID=8025) to work on /opt/airflow/dags/airflow.py
[2026-08-12T03:05:21.836+0000] {processor.py:829} INFO - Processing file /opt/airflow/dags/airflow.py for tasks to queue
[2026-08-12T03:05:21.838+0000] {logging_mixin.py:151} INFO - [2026-08-12T03:05:21.838+0000] {dagbag.py:536} INFO - Filling up the DagBag from /opt/airflow/dags/airflow.py
[2026-08-12T03:05:21.898+0000] {logging_mixin.py:151} INFO - [2026-08-12T03:05:21.897+0000] {dagbag.py:346} ERROR - Failed to import: /opt/airflow/dags/airflow.py
Traceback (most recent call last):
  File "/home/airflow/.local/lib/python3.8/site-packages/airflow/models/dagbag.py", line 342, in parse
    loader.exec_module(new_module)
  File "<frozen importlib._bootstrap_external>", line 843, in exec_module
  File "<frozen importlib._bootstrap>", line 219, in _call_with_frames_removed
  File "/opt/airflow/dags/airflow.py", line 23, in <module>
    from data_preprocessing_scripts.preprocessing import preprocess_data
ModuleNotFoundError: No module named 'data_preprocessing_scripts'
[2026-08-12T03:05:21.898+0000] {processor.py:841} WARNING - No viable dags retrieved from /opt/airflow/dags/airflow.py
[2026-08-12T03:05:21.906+0000] {processor.py:179} INFO - Processing /opt/airflow/dags/airflow.py took 0.073 seconds
[2026-08-12T03:05:52.149+0000] {processor.py:157} INFO - Started process (PID=8033) to work on /opt/airflow/dags/airflow.py
[2026-08-12T03:05:52.150+0000] {processor.py:829} INFO - Processing file /opt/airflow/dags/airflow.py for tasks to queue
[2026-08-12T03:05:52.152+0000] {logging_mixin.py:151} INFO - [2026-08-12T03:05:52.152+0000] {dagbag.py:536} INFO - Filling up the DagBag from /opt/airflow/dags/airflow.py
[2026-08-12T03:05:52.230+0000] {logging_mixin.py:151} INFO - [2026-08-12T03:05:52.229+0000] {dagbag.py:346} ERROR - Failed to import: /opt/airflow/dags/airflow.py
Traceback (most recent call last):
  File "/home/airflow/.local/lib/python3.8/site-packages/airflow/models/dagbag.py", line 342, in parse
    loader.exec_module(new_module)
  File "<frozen importlib._bootstrap_external>", line 843, in exec_module
  File "<frozen importlib._bootstrap>", line 219, in _call_with_frames_removed
  File "/opt/airflow/dags/airflow.py", line 23, in <module>
    from data_preprocessing_scripts.preprocessing import preprocess_data
ModuleNotFoundError: No module named 'data_preprocessing_scripts'
[2026-08-12T03:05:52.230+0000] {processor.py:841} WARNING - No viable dags retrieved from /opt/airflow/dags/airflow.py
[2026-08-12T03:05:52.238+0000] {processor.py:179} INFO - Processing /opt/airflow/dags/airflow.py took 0.093 seconds
[2026-08-12T03:06:22.398+0000] {processor.py:157} INFO - Started process (PID=8041) to work on /opt/airflow/dags/airflow.py
[2026-08-12T03:06:22.398+0000] {processor.py:829} INFO - Processing file /opt/airflow/dags/airflow.py for tasks to queue
[2026-08-12T03:06:22.400+0000] {logging_mixin.py:151} INFO - [2026-08-12T03:06:22.400+0000] {dagbag.py:536} INFO - Filling up the DagBag from /opt/airflow/dags/airflow.py
[2026-08-12T03:06:22.457+0000] {logging_mixin.py:151} INFO - [2026-08-12T03:06:22.457+0000] {dagbag.py:346} ERROR - Failed to import: /opt/airflow/dags/airflow.py
Traceback (most recent call last):
  File "/home/airflow/.local/lib/python3.8/site-packages/airflow/models/dagbag.py", line 342, in parse
    loader.exec_module(new_module)
  File "<frozen importlib._bootstrap_external>", line 843, in exec_module
  File "<frozen importlib._bootstrap>", line 219, in _call_with_frames_removed
  File "/opt/airflow/dags/airflow.py", line 23, in <module>
    from data_preprocessing_scripts.preprocessing import preprocess_data
ModuleNotFoundError: No module named 'data_preprocessing_scripts'
[2026-08-12T03:06:22.457+0000] {processor.py:841} WARNING - No viable dags retrieved from /opt/airflow/dags/airflow.py
[2026-08-12T03:06:22.466+0000] {processor.py:179} INFO - Processing /opt/airflow/dags/airflow.py took 0.071 seconds
[2026-08-12T03:06:52.674+0000] {processor.py:157} INFO - Started process (PID=8049) to work on /opt/airflow/dags/airflow.py
[2026-08-12T03:06:52.675+0000] {processor.py:829} INFO - Processing file /opt/airflow/dags/airflow.py for tasks to queue
[2026-08-12T03:06:52.677+0000] {logging_mixin.py:151} INFO - [2026-08-12T03:06:52.677+0000] {dagbag.py:536} INFO - Filling up the DagBag from /opt/airflow/dags/airflow.py
[2026-08-12T03:06:52.739+0000] {logging_mixin.py:151} INFO - [2026-08-12T03:06:52.739+0000] {dagbag.py:346} ERROR - Failed to import: /opt/airflow/dags/airflow.py
Traceback (most recent call last):
  File "/home/airflow/.local/lib/python3.8/site-packages/airflow/models/dagbag.py", line 342, in parse
    loader.exec_module(new_module)
  File "<frozen importlib._bootstrap_external>", line 843, in exec_module
  File "<frozen importlib._bootstrap>", line 219, in _call_with_frames_removed
  File "/opt/airflow/dags/airflow.py", line 23, in <module>
    from data_preprocessing_scripts.preprocessing import preprocess_data
ModuleNotFoundError: No module named 'data_preprocessing_scripts'
[2026-08-12T03:06:52.740+0000] {processor.py:841} WARNING - No viable dags retrieved from /opt/airflow/dags/airflow.py
[2026-08-12T03:06:52.748+0000] {processor.py:179} INFO - Processing /opt/airflow/dags/airflow.py took 0.076 seconds
[2026-08-12T03:07:22.922+0000] {processor.py:157} INFO - Started process (PID=8057) to work on /opt/airflow/dags/airflow.py
[2026-08-12T03:07:22.924+0000] {processor.py:829} INFO - Processing file /opt/airflow/dags/airflow.py for tasks to queue
[2026-08-12T03:07:22.926+0000] {logging_mixin.py:151} INFO - [2026-08-12T03:07:22.926+0000] {dagbag.py:536} INFO - Filling up the DagBag from /opt/airflow/dags/airflow.py
[2026-08-12T03:07:22.999+0000] {logging_mixin.py:151} INFO - [2026-08-12T03:07:22.998+0000] {dagbag.py:346} ERROR - Failed to import: /opt/airflow/dags/airflow.py
Traceback (most recent call last):
  File "/home/airflow/.local/lib/python3.8/site-packages/airflow/models/dagbag.py", line 342, in parse
    loader.exec_module(new_module)
  File "<frozen importlib._bootstrap_external>", line 843, in exec_module
  File "<frozen importlib._bootstrap>", line 219, in _call_with_frames_removed
  File "/opt/airflow/dags/airflow.py", line 23, in <module>
    from data_preprocessing_scripts.preprocessing import preprocess_data
ModuleNotFoundError: No module named 'data_preprocessing_scripts'
[2026-08-12T03:07:22.999+0000] {processor.py:841} WARNING - No viable dags retrieved from /opt/airflow/dags/airflow.py
[2026-08-12T03:07:23.213+0000] {processor.py:179} INFO - Processing /opt/airflow/dags/airflow.py took 0.293 seconds
[2026-08-12T03:07:54.069+0000] {processor.py:157} INFO - Started process (PID=8065) to work on /opt/airflow/dags/airflow.py
[2026-08-12T03:07:54.070+0000] {processor.py:829} INFO - Processing file /opt/airflow/dags/airflow.py for tasks to queue
[2026-08-12T03:07:54.071+0000] {logging_mixin.py:151} INFO - [2026-08-12T03:07:54.071+0000] {dagbag.py:536} INFO - Filling up the DagBag from /opt/airflow/dags/airflow.py
[2026-08-12T03:07:54.133+0000] {logging_mixin.py:151} INFO - [2026-08-12T03:07:54.133+0000] {dagbag.py:346} ERROR - Failed to import: /opt/airflow/dags/airflow.py
Traceback (most recent call last):
  File "/home/airflow/.local/lib/python3.8/site-packages/airflow/models/dagbag.py", line 342, in parse
    loader.exec_module(new_module)
  File "<frozen importlib._bootstrap_external>", line 843, in exec_module
  File "<frozen importlib._bootstrap>", line 219, in _call_with_frames_removed
  File "/opt/airflow/dags/airflow.py", line 23, in <module>
    from data_preprocessing_scripts.preprocessing import preprocess_data
ModuleNotFoundError: No module named 'data_preprocessing_scripts'
[2026-08-12T03:07:54.134+0000] {processor.py:841} WARNING - No viable dags retrieved from /opt/airflow/dags/airflow.py
[2026-08-12T03:07:54.144+0000] {processor.py:179} INFO - Processing /opt/airflow/dags/airflow.py took 0.077 seconds
[2026-08-12T03:08:24.295+0000] {processor.py:157} INFO - Started process (PID=8073) to work on /opt/airflow/dags/airflow.py
[2026-08-12T03:08:24.295+0000] {processor.py:829} INFO - Processing file /opt/airflow/dags/airflow.py for tasks to queue
[2026-08-12T03:08:24.297+0000] {logging_mixin.py:151} INFO - [2026-08-12T03:08:24.297+0000] {dagbag.py:536} INFO - Filling up the DagBag from /opt/airflow/dags/airflow.py
[2026-08-12T03:08:24.355+0000] {logging_mixin.py:151} INFO - [2026-08-12T03:08:24.355+0000] {dagbag.py:346} ERROR - Failed to import: /opt/airflow/dags/airflow.py
Traceback (most recent call last):
  File "/home/airflow/.local/lib/python3.8/site-packages/airflow/models/dagbag.py", line 342, in parse
    loader.exec_module(new_module)
  File "<frozen importlib._bootstrap_external>", line 843, in exec_module
  File "<frozen importlib._bootstrap>", line 219, in _call_with_frames_removed
  File "/opt/airflow/dags/airflow.py", line 23, in <module>
    from data_preprocessing_scripts.preprocessing import preprocess_data
ModuleNotFoundError: No module named 'data_preprocessing_scripts'
[2026-08-12T03:08:24.356+0000] {processor.py:841} WARNING - No viable dags retrieved from /opt/airflow/dags/airflow.py
[2026-08-12T03:08:24.363+0000] {processor.py:179} INFO - Processing /opt/airflow/dags/airflow.py took 0.070 seconds
[2026-08-12T03:08:54.552+0000] {processor.py:157} INFO - Started process (PID=8081) to work on /opt/airflow/dags/airflow.py
[2026-08-12T03:08:54.553+0000] {processor.py:829} INFO - Processing file /opt/airflow/dags/airflow.py for tasks to queue
[2026-08-12T03:08:54.554+0000] {logging_mixin.py:151} INFO - [2026-08-12T03:08:54.554+0000] {dagbag.py:536} INFO - Filling up the DagBag from /opt/airflow/dags/airflow.py
[2026-08-12T03:08:54.613+0000] {logging_mixin.py:151} INFO - [2026-08-12T03:08:54.612+0000] {dagbag.py:346} ERROR - Failed to import: /opt/airflow/dags/airflow.py
Traceback (most recent call last):
  File "/home/airflow/.local/lib/python3.8/site-packages/airflow/models/dagbag.py", line 342, in parse
    loader.exec_module(new_module)
  File "<frozen importlib._bootstrap_external>", line 843, in exec_module
  File "<frozen importlib._bootstrap>", line 219, in _call_with_frames_removed
  File "/opt/airflow/dags/airflow.py", line 23, in <module>
    from data_preprocessing_scripts.preprocessing import preprocess_data
ModuleNotFoundError: No module named 'data_preprocessing_scripts'
[2026-08-12T03:08:54.613+0000] {processor.py:841} WARNING - No viable dags retrieved from /opt/airflow/dags/airflow.py
[2026-08-12T03:08:54.622+0000] {processor.py:179} INFO - Processing /opt/airflow/dags/airflow.py took 0.072 seconds
[2026-08-12T03:09:24.790+0000] {processor.py:157} INFO - Started process (PID=8089) to work on /opt/airflow/dags/airflow.py
[2026-08-12T03:09:24.791+0000] {processor.py:829} INFO - Processing file /opt/airflow/dags/airflow.py for tasks to queue
[2026-08-12T03:09:24.793+0000] {logging_mixin.py:151} INFO - [2026-08-12T03:09:24.793+0000] {dagbag.py:536} INFO - Filling up the DagBag from /opt/airflow/dags/airflow.py
[2026-08-12T03:09:24.847+0000] {logging_mixin.py:151} INFO - [2026-08-12T03:09:24.847+0000] {dagbag.py:346} ERROR - Failed to import: /opt/airflow/dags/airflow.py
Traceback (most recent call last):
  File "/home/airflow/.local/lib/python3.8/site-packages/airflow/models/dagbag.py", line 342, in parse
    loader.exec_module(new_module)
  File "<frozen importlib._bootstrap_external>", line 843, in exec_module
  File "<frozen importlib._bootstrap>", line 219, in _call_with_frames_removed
  File "/opt/airflow/dags/airflow.py", line 23, in <module>
    from data_preprocessing_scripts.preprocessing import preprocess_data
ModuleNotFoundError: No module named 'data_preprocessing_scripts'
[2026-08-12T03:09:24.847+0000] {processor.py:841} WARNING - No viable dags retrieved from /opt/airflow/dags/airflow.py
[2026-08-12T03:09:24.857+0000] {processor.py:179} INFO - Processing /opt/airflow/dags/airflow.py took 0.069 seconds
[2026-08-12T03:09:55.016+0000] {processor.py:157} INFO - Started process (PID=8097) to work on /opt/airflow/dags/airflow.py
[2026-08-12T03:09:55.018+0000] {processor.py:829} INFO - Processing file /opt/airflow/dags/airflow.py for tasks to queue
[2026-08-12T03:09:55.022+0000] {logging_mixin.py:151} INFO - [2026-08-12T03:09:55.022+0000] {dagbag.py:536} INFO - Filling up the DagBag from /opt/airflow/dags/airflow.py
[2026-08-12T03:09:55.096+0000] {logging_mixin.py:151} INFO - [2026-08-12T03:09:55.095+0000] {dagbag.py:346} ERROR - Failed to import: /opt/airflow/dags/airflow.py
Traceback (most recent call last):
  File "/home/airflow/.local/lib/python3.8/site-packages/airflow/models/dagbag.py", line 342, in parse
    loader.exec_module(new_module)
  File "<frozen importlib._bootstrap_external>", line 843, in exec_module
  File "<frozen importlib._bootstrap>", line 219, in _call_with_frames_removed
  File "/opt/airflow/dags/airflow.py", line 23, in <module>
    from data_preprocessing_scripts.preprocessing import preprocess_data
ModuleNotFoundError: No module named 'data_preprocessing_scripts'
[2026-08-12T03:09:55.096+0000] {processor.py:841} WARNING - No viable dags retrieved from /opt/airflow/dags/airflow.py
[2026-08-12T03:09:55.107+0000] {processor.py:179} INFO - Processing /opt/airflow/dags/airflow.py took 0.093 seconds
[2026-08-12T03:10:25.274+0000] {processor.py:157} INFO - Started process (PID=8105) to work on /opt/airflow/dags/airflow.py
[2026-08-12T03:10:25.275+0000] {processor.py:829} INFO - Processing file /opt/airflow/dags/airflow.py for tasks to queue
[2026-08-12T03:10:25.276+0000] {logging_mixin.py:151} INFO - [2026-08-12T03:10:25.276+0000] {dagbag.py:536} INFO - Filling up the DagBag from /opt/airflow/dags/airflow.py
[2026-08-12T03:10:25.346+0000] {logging_mixin.py:151} INFO - [2026-08-12T03:10:25.346+0000] {dagbag.py:346} ERROR - Failed to import: /opt/airflow/dags/airflow.py
Traceback (most recent call last):
  File "/home/airflow/.local/lib/python3.8/site-packages/airflow/models/dagbag.py", line 342, in parse
    loader.exec_module(new_module)
  File "<frozen importlib._bootstrap_external>", line 843, in exec_module
  File "<frozen importlib._bootstrap>", line 219, in _call_with_frames_removed
  File "/opt/airflow/dags/airflow.py", line 23, in <module>
    from data_preprocessing_scripts.preprocessing import preprocess_data
ModuleNotFoundError: No module named 'data_preprocessing_scripts'
[2026-08-12T03:10:25.346+0000] {processor.py:841} WARNING - No viable dags retrieved from /opt/airflow/dags/airflow.py
[2026-08-12T03:10:25.354+0000] {processor.py:179} INFO - Processing /opt/airflow/dags/airflow.py took 0.083 seconds
[2026-08-12T03:10:55.522+0000] {processor.py:157} INFO - Started process (PID=8113) to work on /opt/airflow/dags/airflow.py
[2026-08-12T03:10:55.523+0000] {processor.py:829} INFO - Processing file /opt/airflow/dags/airflow.py for tasks to queue
[2026-08-12T03:10:55.525+0000] {logging_mixin.py:151} INFO - [2026-08-12T03:10:55.524+0000] {dagbag.py:536} INFO - Filling up the DagBag from /opt/airflow/dags/airflow.py
[2026-08-12T03:10:55.586+0000] {logging_mixin.py:151} INFO - [2026-08-12T03:10:55.585+0000] {dagbag.py:346} ERROR - Failed to import: /opt/airflow/dags/airflow.py
Traceback (most recent call last):
  File "/home/airflow/.local/lib/python3.8/site-packages/airflow/models/dagbag.py", line 342, in parse
    loader.exec_module(new_module)
  File "<frozen importlib._bootstrap_external>", line 843, in exec_module
  File "<frozen importlib._bootstrap>", line 219, in _call_with_frames_removed
  File "/opt/airflow/dags/airflow.py", line 23, in <module>
    from data_preprocessing_scripts.preprocessing import preprocess_data
ModuleNotFoundError: No module named 'data_preprocessing_scripts'
[2026-08-12T03:10:55.586+0000] {processor.py:841} WARNING - No viable dags retrieved from /opt/airflow/dags/airflow.py
[2026-08-12T03:10:55.594+0000] {processor.py:179} INFO - Processing /opt/airflow/dags/airflow.py took 0.075 seconds
[2026-08-12T03:11:25.860+0000] {processor.py:157} INFO - Started process (PID=8121) to work on /opt/airflow/dags/airflow.py
[2026-08-12T03:11:25.860+0000] {processor.py:829} INFO - Processing file /opt/airflow/dags/airflow.py for tasks to queue
[2026-08-12T03:11:25.861+0000] {logging_mixin.py:151} INFO - [2026-08-12T03:11:25.861+0000] {dagbag.py:536} INFO - Filling up the DagBag from /opt/airflow/dags/airflow.py
[2026-08-12T03:11:25.916+0000] {logging_mixin.py:151} INFO - [2026-08-12T03:11:25.916+0000] {dagbag.py:346} ERROR - Failed to import: /opt/airflow/dags/airflow.py
Traceback (most recent call last):
  File "/home/airflow/.local/lib/python3.8/site-packages/airflow/models/dagbag.py", line 342, in parse
    loader.exec_module(new_module)
  File "<frozen importlib._bootstrap_external>", line 843, in exec_module
  File "<frozen importlib._bootstrap>", line 219, in _call_with_frames_removed
  File "/opt/airflow/dags/airflow.py", line 23, in <module>
    from data_preprocessing_scripts.preprocessing import preprocess_data
ModuleNotFoundError: No module named 'data_preprocessing_scripts'
[2026-08-12T03:11:25.917+0000] {processor.py:841} WARNING - No viable dags retrieved from /opt/airflow/dags/airflow.py
[2026-08-12T03:11:25.924+0000] {processor.py:179} INFO - Processing /opt/airflow/dags/airflow.py took 0.067 seconds
[2026-08-12T03:11:56.116+0000] {processor.py:157} INFO - Started process (PID=8129) to work on /opt/airflow/dags/airflow.py
[2026-08-12T03:11:56.116+0000] {processor.py:829} INFO - Processing file /opt/airflow/dags/airflow.py for tasks to queue
[2026-08-12T03:11:56.118+0000] {logging_mixin.py:151} INFO - [2026-08-12T03:11:56.117+0000] {dagbag.py:536} INFO - Filling up the DagBag from /opt/airflow/dags/airflow.py
[2026-08-12T03:11:56.171+0000] {logging_mixin.py:151} INFO - [2026-08-12T03:11:56.170+0000] {dagbag.py:346} ERROR - Failed to import: /opt/airflow/dags/airflow.py
Traceback (most recent call last):
  File "/home/airflow/.local/lib/python3.8/site-packages/airflow/models/dagbag.py", line 342, in parse
    loader.exec_module(new_module)
  File "<frozen importlib._bootstrap_external>", line 843, in exec_module
  File "<frozen importlib._bootstrap>", line 219, in _call_with_frames_removed
  File "/opt/airflow/dags/airflow.py", line 23, in <module>
    from data_preprocessing_scripts.preprocessing import preprocess_data
ModuleNotFoundError: No module named 'data_preprocessing_scripts'
[2026-08-12T03:11:56.171+0000] {processor.py:841} WARNING - No viable dags retrieved from /opt/airflow/dags/airflow.py
[2026-08-12T03:11:56.182+0000] {processor.py:179} INFO - Processing /opt/airflow/dags/airflow.py took 0.069 seconds
[2026-08-12T03:12:26.430+0000] {processor.py:157} INFO - Started process (PID=8136) to work on /opt/airflow/dags/airflow.py
[2026-08-12T03:12:26.430+0000] {processor.py:829} INFO - Processing file /opt/airflow/dags/airflow.py for tasks to queue
[2026-08-12T03:12:26.432+0000] {logging_mixin.py:151} INFO - [2026-08-12T03:12:26.432+0000] {dagbag.py:536} INFO - Filling up the DagBag from /opt/airflow/dags/airflow.py
[2026-08-12T03:12:26.492+0000] {logging_mixin.py:151} INFO - [2026-08-12T03:12:26.491+0000] {dagbag.py:346} ERROR - Failed to import: /opt/airflow/dags/airflow.py
Traceback (most recent call last):
  File "/home/airflow/.local/lib/python3.8/site-packages/airflow/models/dagbag.py", line 342, in parse
    loader.exec_module(new_module)
  File "<frozen importlib._bootstrap_external>", line 843, in exec_module
  File "<frozen importlib._bootstrap>", line 219, in _call_with_frames_removed
  File "/opt/airflow/dags/airflow.py", line 23, in <module>
    from data_preprocessing_scripts.preprocessing import preprocess_data
ModuleNotFoundError: No module named 'data_preprocessing_scripts'
[2026-08-12T03:12:26.492+0000] {processor.py:841} WARNING - No viable dags retrieved from /opt/airflow/dags/airflow.py
[2026-08-12T03:12:26.501+0000] {processor.py:179} INFO - Processing /opt/airflow/dags/airflow.py took 0.073 seconds
[2026-08-12T03:12:56.742+0000] {processor.py:157} INFO - Started process (PID=8144) to work on /opt/airflow/dags/airflow.py
[2026-08-12T03:12:56.744+0000] {processor.py:829} INFO - Processing file /opt/airflow/dags/airflow.py for tasks to queue
[2026-08-12T03:12:56.759+0000] {logging_mixin.py:151} INFO - [2026-08-12T03:12:56.758+0000] {dagbag.py:536} INFO - Filling up the DagBag from /opt/airflow/dags/airflow.py
[2026-08-12T03:12:56.882+0000] {logging_mixin.py:151} INFO - [2026-08-12T03:12:56.881+0000] {dagbag.py:346} ERROR - Failed to import: /opt/airflow/dags/airflow.py
Traceback (most recent call last):
  File "/home/airflow/.local/lib/python3.8/site-packages/airflow/models/dagbag.py", line 342, in parse
    loader.exec_module(new_module)
  File "<frozen importlib._bootstrap_external>", line 843, in exec_module
  File "<frozen importlib._bootstrap>", line 219, in _call_with_frames_removed
  File "/opt/airflow/dags/airflow.py", line 23, in <module>
    from data_preprocessing_scripts.preprocessing import preprocess_data
ModuleNotFoundError: No module named 'data_preprocessing_scripts'
[2026-08-12T03:12:56.883+0000] {processor.py:841} WARNING - No viable dags retrieved from /opt/airflow/dags/airflow.py
[2026-08-12T03:12:56.894+0000] {processor.py:179} INFO - Processing /opt/airflow/dags/airflow.py took 0.156 seconds
[2026-08-12T03:13:27.055+0000] {processor.py:157} INFO - Started process (PID=8152) to work on /opt/airflow/dags/airflow.py
[2026-08-12T03:13:27.055+0000] {processor.py:829} INFO - Processing file /opt/airflow/dags/airflow.py for tasks to queue
[2026-08-12T03:13:27.057+0000] {logging_mixin.py:151} INFO - [2026-08-12T03:13:27.057+0000] {dagbag.py:536} INFO - Filling up the DagBag from /opt/airflow/dags/airflow.py
[2026-08-12T03:13:27.115+0000] {logging_mixin.py:151} INFO - [2026-08-12T03:13:27.114+0000] {dagbag.py:346} ERROR - Failed to import: /opt/airflow/dags/airflow.py
Traceback (most recent call last):
  File "/home/airflow/.local/lib/python3.8/site-packages/airflow/models/dagbag.py", line 342, in parse
    loader.exec_module(new_module)
  File "<frozen importlib._bootstrap_external>", line 843, in exec_module
  File "<frozen importlib._bootstrap>", line 219, in _call_with_frames_removed
  File "/opt/airflow/dags/airflow.py", line 23, in <module>
    from data_preprocessing_scripts.preprocessing import preprocess_data
ModuleNotFoundError: No module named 'data_preprocessing_scripts'
[2026-08-12T03:13:27.115+0000] {processor.py:841} WARNING - No viable dags retrieved from /opt/airflow/dags/airflow.py
[2026-08-12T03:13:27.123+0000] {processor.py:179} INFO - Processing /opt/airflow/dags/airflow.py took 0.071 seconds
[2026-08-12T03:13:57.345+0000] {processor.py:157} INFO - Started process (PID=8161) to work on /opt/airflow/dags/airflow.py
[2026-08-12T03:13:57.346+0000] {processor.py:829} INFO - Processing file /opt/airflow/dags/airflow.py for tasks to queue
[2026-08-12T03:13:57.349+0000] {logging_mixin.py:151} INFO - [2026-08-12T03:13:57.348+0000] {dagbag.py:536} INFO - Filling up the DagBag from /opt/airflow/dags/airflow.py
[2026-08-12T03:13:57.414+0000] {logging_mixin.py:151} INFO - [2026-08-12T03:13:57.413+0000] {dagbag.py:346} ERROR - Failed to import: /opt/airflow/dags/airflow.py
Traceback (most recent call last):
  File "/home/airflow/.local/lib/python3.8/site-packages/airflow/models/dagbag.py", line 342, in parse
    loader.exec_module(new_module)
  File "<frozen importlib._bootstrap_external>", line 843, in exec_module
  File "<frozen importlib._bootstrap>", line 219, in _call_with_frames_removed
  File "/opt/airflow/dags/airflow.py", line 23, in <module>
    from data_preprocessing_scripts.preprocessing import preprocess_data
ModuleNotFoundError: No module named 'data_preprocessing_scripts'
[2026-08-12T03:13:57.414+0000] {processor.py:841} WARNING - No viable dags retrieved from /opt/airflow/dags/airflow.py
[2026-08-12T03:13:57.424+0000] {processor.py:179} INFO - Processing /opt/airflow/dags/airflow.py took 0.085 seconds
[2026-08-12T03:14:27.680+0000] {processor.py:157} INFO - Started process (PID=8169) to work on /opt/airflow/dags/airflow.py
[2026-08-12T03:14:27.681+0000] {processor.py:829} INFO - Processing file /opt/airflow/dags/airflow.py for tasks to queue
[2026-08-12T03:14:27.682+0000] {logging_mixin.py:151} INFO - [2026-08-12T03:14:27.682+0000] {dagbag.py:536} INFO - Filling up the DagBag from /opt/airflow/dags/airflow.py
[2026-08-12T03:14:27.762+0000] {logging_mixin.py:151} INFO - [2026-08-12T03:14:27.762+0000] {dagbag.py:346} ERROR - Failed to import: /opt/airflow/dags/airflow.py
Traceback (most recent call last):
  File "/home/airflow/.local/lib/python3.8/site-packages/airflow/models/dagbag.py", line 342, in parse
    loader.exec_module(new_module)
  File "<frozen importlib._bootstrap_external>", line 843, in exec_module
  File "<frozen importlib._bootstrap>", line 219, in _call_with_frames_removed
  File "/opt/airflow/dags/airflow.py", line 23, in <module>
    from data_preprocessing_scripts.preprocessing import preprocess_data
ModuleNotFoundError: No module named 'data_preprocessing_scripts'
[2026-08-12T03:14:27.763+0000] {processor.py:841} WARNING - No viable dags retrieved from /opt/airflow/dags/airflow.py
[2026-08-12T03:14:27.772+0000] {processor.py:179} INFO - Processing /opt/airflow/dags/airflow.py took 0.094 seconds
[2026-08-12T03:14:57.942+0000] {processor.py:157} INFO - Started process (PID=8177) to work on /opt/airflow/dags/airflow.py
[2026-08-12T03:14:57.943+0000] {processor.py:829} INFO - Processing file /opt/airflow/dags/airflow.py for tasks to queue
[2026-08-12T03:14:57.945+0000] {logging_mixin.py:151} INFO - [2026-08-12T03:14:57.944+0000] {dagbag.py:536} INFO - Filling up the DagBag from /opt/airflow/dags/airflow.py
[2026-08-12T03:14:58.011+0000] {logging_mixin.py:151} INFO - [2026-08-12T03:14:58.010+0000] {dagbag.py:346} ERROR - Failed to import: /opt/airflow/dags/airflow.py
Traceback (most recent call last):
  File "/home/airflow/.local/lib/python3.8/site-packages/airflow/models/dagbag.py", line 342, in parse
    loader.exec_module(new_module)
  File "<frozen importlib._bootstrap_external>", line 843, in exec_module
  File "<frozen importlib._bootstrap>", line 219, in _call_with_frames_removed
  File "/opt/airflow/dags/airflow.py", line 23, in <module>
    from data_preprocessing_scripts.preprocessing import preprocess_data
ModuleNotFoundError: No module named 'data_preprocessing_scripts'
[2026-08-12T03:14:58.011+0000] {processor.py:841} WARNING - No viable dags retrieved from /opt/airflow/dags/airflow.py
[2026-08-12T03:14:58.020+0000] {processor.py:179} INFO - Processing /opt/airflow/dags/airflow.py took 0.081 seconds
[2026-08-12T03:15:28.203+0000] {processor.py:157} INFO - Started process (PID=8185) to work on /opt/airflow/dags/airflow.py
[2026-08-12T03:15:28.203+0000] {processor.py:829} INFO - Processing file /opt/airflow/dags/airflow.py for tasks to queue
[2026-08-12T03:15:28.205+0000] {logging_mixin.py:151} INFO - [2026-08-12T03:15:28.204+0000] {dagbag.py:536} INFO - Filling up the DagBag from /opt/airflow/dags/airflow.py
[2026-08-12T03:15:28.259+0000] {logging_mixin.py:151} INFO - [2026-08-12T03:15:28.259+0000] {dagbag.py:346} ERROR - Failed to import: /opt/airflow/dags/airflow.py
Traceback (most recent call last):
  File "/home/airflow/.local/lib/python3.8/site-packages/airflow/models/dagbag.py", line 342, in parse
    loader.exec_module(new_module)
  File "<frozen importlib._bootstrap_external>", line 843, in exec_module
  File "<frozen importlib._bootstrap>", line 219, in _call_with_frames_removed
  File "/opt/airflow/dags/airflow.py", line 23, in <module>
    from data_preprocessing_scripts.preprocessing import preprocess_data
ModuleNotFoundError: No module named 'data_preprocessing_scripts'
[2026-08-12T03:15:28.259+0000] {processor.py:841} WARNING - No viable dags retrieved from /opt/airflow/dags/airflow.py
[2026-08-12T03:15:28.267+0000] {processor.py:179} INFO - Processing /opt/airflow/dags/airflow.py took 0.067 seconds
[2026-08-12T03:15:58.551+0000] {processor.py:157} INFO - Started process (PID=8193) to work on /opt/airflow/dags/airflow.py
[2026-08-12T03:15:58.552+0000] {processor.py:829} INFO - Processing file /opt/airflow/dags/airflow.py for tasks to queue
[2026-08-12T03:15:58.555+0000] {logging_mixin.py:151} INFO - [2026-08-12T03:15:58.555+0000] {dagbag.py:536} INFO - Filling up the DagBag from /opt/airflow/dags/airflow.py
[2026-08-12T03:15:58.615+0000] {logging_mixin.py:151} INFO - [2026-08-12T03:15:58.614+0000] {dagbag.py:346} ERROR - Failed to import: /opt/airflow/dags/airflow.py
Traceback (most recent call last):
  File "/home/airflow/.local/lib/python3.8/site-packages/airflow/models/dagbag.py", line 342, in parse
    loader.exec_module(new_module)
  File "<frozen importlib._bootstrap_external>", line 843, in exec_module
  File "<frozen importlib._bootstrap>", line 219, in _call_with_frames_removed
  File "/opt/airflow/dags/airflow.py", line 23, in <module>
    from data_preprocessing_scripts.preprocessing import preprocess_data
ModuleNotFoundError: No module named 'data_preprocessing_scripts'
[2026-08-12T03:15:58.615+0000] {processor.py:841} WARNING - No viable dags retrieved from /opt/airflow/dags/airflow.py
[2026-08-12T03:15:58.624+0000] {processor.py:179} INFO - Processing /opt/airflow/dags/airflow.py took 0.077 seconds
[2026-08-12T03:16:28.875+0000] {processor.py:157} INFO - Started process (PID=8201) to work on /opt/airflow/dags/airflow.py
[2026-08-12T03:16:28.876+0000] {processor.py:829} INFO - Processing file /opt/airflow/dags/airflow.py for tasks to queue
[2026-08-12T03:16:28.877+0000] {logging_mixin.py:151} INFO - [2026-08-12T03:16:28.877+0000] {dagbag.py:536} INFO - Filling up the DagBag from /opt/airflow/dags/airflow.py
[2026-08-12T03:16:28.932+0000] {logging_mixin.py:151} INFO - [2026-08-12T03:16:28.932+0000] {dagbag.py:346} ERROR - Failed to import: /opt/airflow/dags/airflow.py
Traceback (most recent call last):
  File "/home/airflow/.local/lib/python3.8/site-packages/airflow/models/dagbag.py", line 342, in parse
    loader.exec_module(new_module)
  File "<frozen importlib._bootstrap_external>", line 843, in exec_module
  File "<frozen importlib._bootstrap>", line 219, in _call_with_frames_removed
  File "/opt/airflow/dags/airflow.py", line 23, in <module>
    from data_preprocessing_scripts.preprocessing import preprocess_data
ModuleNotFoundError: No module named 'data_preprocessing_scripts'
[2026-08-12T03:16:28.932+0000] {processor.py:841} WARNING - No viable dags retrieved from /opt/airflow/dags/airflow.py
[2026-08-12T03:16:28.940+0000] {processor.py:179} INFO - Processing /opt/airflow/dags/airflow.py took 0.068 seconds
[2026-08-12T03:16:59.169+0000] {processor.py:157} INFO - Started process (PID=8209) to work on /opt/airflow/dags/airflow.py
[2026-08-12T03:16:59.170+0000] {processor.py:829} INFO - Processing file /opt/airflow/dags/airflow.py for tasks to queue
[2026-08-12T03:16:59.173+0000] {logging_mixin.py:151} INFO - [2026-08-12T03:16:59.173+0000] {dagbag.py:536} INFO - Filling up the DagBag from /opt/airflow/dags/airflow.py
[2026-08-12T03:16:59.244+0000] {logging_mixin.py:151} INFO - [2026-08-12T03:16:59.243+0000] {dagbag.py:346} ERROR - Failed to import: /opt/airflow/dags/airflow.py
Traceback (most recent call last):
  File "/home/airflow/.local/lib/python3.8/site-packages/airflow/models/dagbag.py", line 342, in parse
    loader.exec_module(new_module)
  File "<frozen importlib._bootstrap_external>", line 843, in exec_module
  File "<frozen importlib._bootstrap>", line 219, in _call_with_frames_removed
  File "/opt/airflow/dags/airflow.py", line 23, in <module>
    from data_preprocessing_scripts.preprocessing import preprocess_data
ModuleNotFoundError: No module named 'data_preprocessing_scripts'
[2026-08-12T03:16:59.244+0000] {processor.py:841} WARNING - No viable dags retrieved from /opt/airflow/dags/airflow.py
[2026-08-12T03:16:59.254+0000] {processor.py:179} INFO - Processing /opt/airflow/dags/airflow.py took 0.089 seconds
[2026-08-12T03:17:29.439+0000] {processor.py:157} INFO - Started process (PID=8217) to work on /opt/airflow/dags/airflow.py
[2026-08-12T03:17:29.440+0000] {processor.py:829} INFO - Processing file /opt/airflow/dags/airflow.py for tasks to queue
[2026-08-12T03:17:29.441+0000] {logging_mixin.py:151} INFO - [2026-08-12T03:17:29.441+0000] {dagbag.py:536} INFO - Filling up the DagBag from /opt/airflow/dags/airflow.py
[2026-08-12T03:17:29.497+0000] {logging_mixin.py:151} INFO - [2026-08-12T03:17:29.496+0000] {dagbag.py:346} ERROR - Failed to import: /opt/airflow/dags/airflow.py
Traceback (most recent call last):
  File "/home/airflow/.local/lib/python3.8/site-packages/airflow/models/dagbag.py", line 342, in parse
    loader.exec_module(new_module)
  File "<frozen importlib._bootstrap_external>", line 843, in exec_module
  File "<frozen importlib._bootstrap>", line 219, in _call_with_frames_removed
  File "/opt/airflow/dags/airflow.py", line 23, in <module>
    from data_preprocessing_scripts.preprocessing import preprocess_data
ModuleNotFoundError: No module named 'data_preprocessing_scripts'
[2026-08-12T03:17:29.497+0000] {processor.py:841} WARNING - No viable dags retrieved from /opt/airflow/dags/airflow.py
[2026-08-12T03:17:29.505+0000] {processor.py:179} INFO - Processing /opt/airflow/dags/airflow.py took 0.068 seconds
[2026-08-12T03:17:59.756+0000] {processor.py:157} INFO - Started process (PID=8225) to work on /opt/airflow/dags/airflow.py
[2026-08-12T03:17:59.757+0000] {processor.py:829} INFO - Processing file /opt/airflow/dags/airflow.py for tasks to queue
[2026-08-12T03:17:59.760+0000] {logging_mixin.py:151} INFO - [2026-08-12T03:17:59.759+0000] {dagbag.py:536} INFO - Filling up the DagBag from /opt/airflow/dags/airflow.py
[2026-08-12T03:17:59.819+0000] {logging_mixin.py:151} INFO - [2026-08-12T03:17:59.818+0000] {dagbag.py:346} ERROR - Failed to import: /opt/airflow/dags/airflow.py
Traceback (most recent call last):
  File "/home/airflow/.local/lib/python3.8/site-packages/airflow/models/dagbag.py", line 342, in parse
    loader.exec_module(new_module)
  File "<frozen importlib._bootstrap_external>", line 843, in exec_module
  File "<frozen importlib._bootstrap>", line 219, in _call_with_frames_removed
  File "/opt/airflow/dags/airflow.py", line 23, in <module>
    from data_preprocessing_scripts.preprocessing import preprocess_data
ModuleNotFoundError: No module named 'data_preprocessing_scripts'
[2026-08-12T03:17:59.819+0000] {processor.py:841} WARNING - No viable dags retrieved from /opt/airflow/dags/airflow.py
[2026-08-12T03:17:59.826+0000] {processor.py:179} INFO - Processing /opt/airflow/dags/airflow.py took 0.073 seconds
[2026-08-12T03:18:30.074+0000] {processor.py:157} INFO - Started process (PID=8233) to work on /opt/airflow/dags/airflow.py
[2026-08-12T03:18:30.074+0000] {processor.py:829} INFO - Processing file /opt/airflow/dags/airflow.py for tasks to queue
[2026-08-12T03:18:30.076+0000] {logging_mixin.py:151} INFO - [2026-08-12T03:18:30.075+0000] {dagbag.py:536} INFO - Filling up the DagBag from /opt/airflow/dags/airflow.py
[2026-08-12T03:18:30.131+0000] {logging_mixin.py:151} INFO - [2026-08-12T03:18:30.130+0000] {dagbag.py:346} ERROR - Failed to import: /opt/airflow/dags/airflow.py
Traceback (most recent call last):
  File "/home/airflow/.local/lib/python3.8/site-packages/airflow/models/dagbag.py", line 342, in parse
    loader.exec_module(new_module)
  File "<frozen importlib._bootstrap_external>", line 843, in exec_module
  File "<frozen importlib._bootstrap>", line 219, in _call_with_frames_removed
  File "/opt/airflow/dags/airflow.py", line 23, in <module>
    from data_preprocessing_scripts.preprocessing import preprocess_data
ModuleNotFoundError: No module named 'data_preprocessing_scripts'
[2026-08-12T03:18:30.131+0000] {processor.py:841} WARNING - No viable dags retrieved from /opt/airflow/dags/airflow.py
[2026-08-12T03:18:30.139+0000] {processor.py:179} INFO - Processing /opt/airflow/dags/airflow.py took 0.068 seconds
[2026-08-12T03:19:00.373+0000] {processor.py:157} INFO - Started process (PID=8241) to work on /opt/airflow/dags/airflow.py
[2026-08-12T03:19:00.374+0000] {processor.py:829} INFO - Processing file /opt/airflow/dags/airflow.py for tasks to queue
[2026-08-12T03:19:00.377+0000] {logging_mixin.py:151} INFO - [2026-08-12T03:19:00.376+0000] {dagbag.py:536} INFO - Filling up the DagBag from /opt/airflow/dags/airflow.py
[2026-08-12T03:19:00.439+0000] {logging_mixin.py:151} INFO - [2026-08-12T03:19:00.439+0000] {dagbag.py:346} ERROR - Failed to import: /opt/airflow/dags/airflow.py
Traceback (most recent call last):
  File "/home/airflow/.local/lib/python3.8/site-packages/airflow/models/dagbag.py", line 342, in parse
    loader.exec_module(new_module)
  File "<frozen importlib._bootstrap_external>", line 843, in exec_module
  File "<frozen importlib._bootstrap>", line 219, in _call_with_frames_removed
  File "/opt/airflow/dags/airflow.py", line 23, in <module>
    from data_preprocessing_scripts.preprocessing import preprocess_data
ModuleNotFoundError: No module named 'data_preprocessing_scripts'
[2026-08-12T03:19:00.439+0000] {processor.py:841} WARNING - No viable dags retrieved from /opt/airflow/dags/airflow.py
[2026-08-12T03:19:00.448+0000] {processor.py:179} INFO - Processing /opt/airflow/dags/airflow.py took 0.078 seconds
[2026-08-12T03:19:30.741+0000] {processor.py:157} INFO - Started process (PID=8249) to work on /opt/airflow/dags/airflow.py
[2026-08-12T03:19:30.742+0000] {processor.py:829} INFO - Processing file /opt/airflow/dags/airflow.py for tasks to queue
[2026-08-12T03:19:30.743+0000] {logging_mixin.py:151} INFO - [2026-08-12T03:19:30.743+0000] {dagbag.py:536} INFO - Filling up the DagBag from /opt/airflow/dags/airflow.py
[2026-08-12T03:19:30.801+0000] {logging_mixin.py:151} INFO - [2026-08-12T03:19:30.801+0000] {dagbag.py:346} ERROR - Failed to import: /opt/airflow/dags/airflow.py
Traceback (most recent call last):
  File "/home/airflow/.local/lib/python3.8/site-packages/airflow/models/dagbag.py", line 342, in parse
    loader.exec_module(new_module)
  File "<frozen importlib._bootstrap_external>", line 843, in exec_module
  File "<frozen importlib._bootstrap>", line 219, in _call_with_frames_removed
  File "/opt/airflow/dags/airflow.py", line 23, in <module>
    from data_preprocessing_scripts.preprocessing import preprocess_data
ModuleNotFoundError: No module named 'data_preprocessing_scripts'
[2026-08-12T03:19:30.802+0000] {processor.py:841} WARNING - No viable dags retrieved from /opt/airflow/dags/airflow.py
[2026-08-12T03:19:30.810+0000] {processor.py:179} INFO - Processing /opt/airflow/dags/airflow.py took 0.072 seconds
[2026-08-12T03:20:01.064+0000] {processor.py:157} INFO - Started process (PID=8257) to work on /opt/airflow/dags/airflow.py
[2026-08-12T03:20:01.065+0000] {processor.py:829} INFO - Processing file /opt/airflow/dags/airflow.py for tasks to queue
[2026-08-12T03:20:01.068+0000] {logging_mixin.py:151} INFO - [2026-08-12T03:20:01.068+0000] {dagbag.py:536} INFO - Filling up the DagBag from /opt/airflow/dags/airflow.py
[2026-08-12T03:20:01.132+0000] {logging_mixin.py:151} INFO - [2026-08-12T03:20:01.131+0000] {dagbag.py:346} ERROR - Failed to import: /opt/airflow/dags/airflow.py
Traceback (most recent call last):
  File "/home/airflow/.local/lib/python3.8/site-packages/airflow/models/dagbag.py", line 342, in parse
    loader.exec_module(new_module)
  File "<frozen importlib._bootstrap_external>", line 843, in exec_module
  File "<frozen importlib._bootstrap>", line 219, in _call_with_frames_removed
  File "/opt/airflow/dags/airflow.py", line 23, in <module>
    from data_preprocessing_scripts.preprocessing import preprocess_data
ModuleNotFoundError: No module named 'data_preprocessing_scripts'
[2026-08-12T03:20:01.132+0000] {processor.py:841} WARNING - No viable dags retrieved from /opt/airflow/dags/airflow.py
[2026-08-12T03:20:01.142+0000] {processor.py:179} INFO - Processing /opt/airflow/dags/airflow.py took 0.080 seconds
[2026-08-12T03:20:31.348+0000] {processor.py:157} INFO - Started process (PID=8265) to work on /opt/airflow/dags/airflow.py
[2026-08-12T03:20:31.348+0000] {processor.py:829} INFO - Processing file /opt/airflow/dags/airflow.py for tasks to queue
[2026-08-12T03:20:31.351+0000] {logging_mixin.py:151} INFO - [2026-08-12T03:20:31.350+0000] {dagbag.py:536} INFO - Filling up the DagBag from /opt/airflow/dags/airflow.py
[2026-08-12T03:20:31.426+0000] {logging_mixin.py:151} INFO - [2026-08-12T03:20:31.426+0000] {dagbag.py:346} ERROR - Failed to import: /opt/airflow/dags/airflow.py
Traceback (most recent call last):
  File "/home/airflow/.local/lib/python3.8/site-packages/airflow/models/dagbag.py", line 342, in parse
    loader.exec_module(new_module)
  File "<frozen importlib._bootstrap_external>", line 843, in exec_module
  File "<frozen importlib._bootstrap>", line 219, in _call_with_frames_removed
  File "/opt/airflow/dags/airflow.py", line 23, in <module>
    from data_preprocessing_scripts.preprocessing import preprocess_data
ModuleNotFoundError: No module named 'data_preprocessing_scripts'
[2026-08-12T03:20:31.427+0000] {processor.py:841} WARNING - No viable dags retrieved from /opt/airflow/dags/airflow.py
[2026-08-12T03:20:31.437+0000] {processor.py:179} INFO - Processing /opt/airflow/dags/airflow.py took 0.093 seconds
[2026-08-12T03:21:01.621+0000] {processor.py:157} INFO - Started process (PID=8273) to work on /opt/airflow/dags/airflow.py
[2026-08-12T03:21:01.622+0000] {processor.py:829} INFO - Processing file /opt/airflow/dags/airflow.py for tasks to queue
[2026-08-12T03:21:01.626+0000] {logging_mixin.py:151} INFO - [2026-08-12T03:21:01.625+0000] {dagbag.py:536} INFO - Filling up the DagBag from /opt/airflow/dags/airflow.py
[2026-08-12T03:21:01.697+0000] {logging_mixin.py:151} INFO - [2026-08-12T03:21:01.696+0000] {dagbag.py:346} ERROR - Failed to import: /opt/airflow/dags/airflow.py
Traceback (most recent call last):
  File "/home/airflow/.local/lib/python3.8/site-packages/airflow/models/dagbag.py", line 342, in parse
    loader.exec_module(new_module)
  File "<frozen importlib._bootstrap_external>", line 843, in exec_module
  File "<frozen importlib._bootstrap>", line 219, in _call_with_frames_removed
  File "/opt/airflow/dags/airflow.py", line 23, in <module>
    from data_preprocessing_scripts.preprocessing import preprocess_data
ModuleNotFoundError: No module named 'data_preprocessing_scripts'
[2026-08-12T03:21:01.697+0000] {processor.py:841} WARNING - No viable dags retrieved from /opt/airflow/dags/airflow.py
[2026-08-12T03:21:01.712+0000] {processor.py:179} INFO - Processing /opt/airflow/dags/airflow.py took 0.096 seconds
[2026-08-12T03:21:31.937+0000] {processor.py:157} INFO - Started process (PID=8281) to work on /opt/airflow/dags/airflow.py
[2026-08-12T03:21:31.938+0000] {processor.py:829} INFO - Processing file /opt/airflow/dags/airflow.py for tasks to queue
[2026-08-12T03:21:31.940+0000] {logging_mixin.py:151} INFO - [2026-08-12T03:21:31.940+0000] {dagbag.py:536} INFO - Filling up the DagBag from /opt/airflow/dags/airflow.py
[2026-08-12T03:21:32.012+0000] {logging_mixin.py:151} INFO - [2026-08-12T03:21:32.011+0000] {dagbag.py:346} ERROR - Failed to import: /opt/airflow/dags/airflow.py
Traceback (most recent call last):
  File "/home/airflow/.local/lib/python3.8/site-packages/airflow/models/dagbag.py", line 342, in parse
    loader.exec_module(new_module)
  File "<frozen importlib._bootstrap_external>", line 843, in exec_module
  File "<frozen importlib._bootstrap>", line 219, in _call_with_frames_removed
  File "/opt/airflow/dags/airflow.py", line 23, in <module>
    from data_preprocessing_scripts.preprocessing import preprocess_data
ModuleNotFoundError: No module named 'data_preprocessing_scripts'
[2026-08-12T03:21:32.012+0000] {processor.py:841} WARNING - No viable dags retrieved from /opt/airflow/dags/airflow.py
[2026-08-12T03:21:32.020+0000] {processor.py:179} INFO - Processing /opt/airflow/dags/airflow.py took 0.085 seconds
[2026-08-12T03:22:02.197+0000] {processor.py:157} INFO - Started process (PID=8289) to work on /opt/airflow/dags/airflow.py
[2026-08-12T03:22:02.201+0000] {processor.py:829} INFO - Processing file /opt/airflow/dags/airflow.py for tasks to queue
[2026-08-12T03:22:02.206+0000] {logging_mixin.py:151} INFO - [2026-08-12T03:22:02.206+0000] {dagbag.py:536} INFO - Filling up the DagBag from /opt/airflow/dags/airflow.py
[2026-08-12T03:22:02.300+0000] {logging_mixin.py:151} INFO - [2026-08-12T03:22:02.299+0000] {dagbag.py:346} ERROR - Failed to import: /opt/airflow/dags/airflow.py
Traceback (most recent call last):
  File "/home/airflow/.local/lib/python3.8/site-packages/airflow/models/dagbag.py", line 342, in parse
    loader.exec_module(new_module)
  File "<frozen importlib._bootstrap_external>", line 843, in exec_module
  File "<frozen importlib._bootstrap>", line 219, in _call_with_frames_removed
  File "/opt/airflow/dags/airflow.py", line 23, in <module>
    from data_preprocessing_scripts.preprocessing import preprocess_data
ModuleNotFoundError: No module named 'data_preprocessing_scripts'
[2026-08-12T03:22:02.300+0000] {processor.py:841} WARNING - No viable dags retrieved from /opt/airflow/dags/airflow.py
[2026-08-12T03:22:02.314+0000] {processor.py:179} INFO - Processing /opt/airflow/dags/airflow.py took 0.129 seconds
[2026-08-12T03:22:32.413+0000] {processor.py:157} INFO - Started process (PID=8297) to work on /opt/airflow/dags/airflow.py
[2026-08-12T03:22:32.413+0000] {processor.py:829} INFO - Processing file /opt/airflow/dags/airflow.py for tasks to queue
[2026-08-12T03:22:32.415+0000] {logging_mixin.py:151} INFO - [2026-08-12T03:22:32.415+0000] {dagbag.py:536} INFO - Filling up the DagBag from /opt/airflow/dags/airflow.py
[2026-08-12T03:22:32.478+0000] {logging_mixin.py:151} INFO - [2026-08-12T03:22:32.477+0000] {dagbag.py:346} ERROR - Failed to import: /opt/airflow/dags/airflow.py
Traceback (most recent call last):
  File "/home/airflow/.local/lib/python3.8/site-packages/airflow/models/dagbag.py", line 342, in parse
    loader.exec_module(new_module)
  File "<frozen importlib._bootstrap_external>", line 843, in exec_module
  File "<frozen importlib._bootstrap>", line 219, in _call_with_frames_removed
  File "/opt/airflow/dags/airflow.py", line 23, in <module>
    from data_preprocessing_scripts.preprocessing import preprocess_data
ModuleNotFoundError: No module named 'data_preprocessing_scripts'
[2026-08-12T03:22:32.478+0000] {processor.py:841} WARNING - No viable dags retrieved from /opt/airflow/dags/airflow.py
[2026-08-12T03:22:32.487+0000] {processor.py:179} INFO - Processing /opt/airflow/dags/airflow.py took 0.078 seconds
[2026-08-12T03:23:02.698+0000] {processor.py:157} INFO - Started process (PID=8305) to work on /opt/airflow/dags/airflow.py
[2026-08-12T03:23:02.700+0000] {processor.py:829} INFO - Processing file /opt/airflow/dags/airflow.py for tasks to queue
[2026-08-12T03:23:02.704+0000] {logging_mixin.py:151} INFO - [2026-08-12T03:23:02.704+0000] {dagbag.py:536} INFO - Filling up the DagBag from /opt/airflow/dags/airflow.py
[2026-08-12T03:23:02.771+0000] {logging_mixin.py:151} INFO - [2026-08-12T03:23:02.770+0000] {dagbag.py:346} ERROR - Failed to import: /opt/airflow/dags/airflow.py
Traceback (most recent call last):
  File "/home/airflow/.local/lib/python3.8/site-packages/airflow/models/dagbag.py", line 342, in parse
    loader.exec_module(new_module)
  File "<frozen importlib._bootstrap_external>", line 843, in exec_module
  File "<frozen importlib._bootstrap>", line 219, in _call_with_frames_removed
  File "/opt/airflow/dags/airflow.py", line 23, in <module>
    from data_preprocessing_scripts.preprocessing import preprocess_data
ModuleNotFoundError: No module named 'data_preprocessing_scripts'
[2026-08-12T03:23:02.771+0000] {processor.py:841} WARNING - No viable dags retrieved from /opt/airflow/dags/airflow.py
[2026-08-12T03:23:02.781+0000] {processor.py:179} INFO - Processing /opt/airflow/dags/airflow.py took 0.086 seconds
[2026-08-12T03:23:32.969+0000] {processor.py:157} INFO - Started process (PID=8313) to work on /opt/airflow/dags/airflow.py
[2026-08-12T03:23:32.970+0000] {processor.py:829} INFO - Processing file /opt/airflow/dags/airflow.py for tasks to queue
[2026-08-12T03:23:32.972+0000] {logging_mixin.py:151} INFO - [2026-08-12T03:23:32.972+0000] {dagbag.py:536} INFO - Filling up the DagBag from /opt/airflow/dags/airflow.py
[2026-08-12T03:23:33.049+0000] {logging_mixin.py:151} INFO - [2026-08-12T03:23:33.049+0000] {dagbag.py:346} ERROR - Failed to import: /opt/airflow/dags/airflow.py
Traceback (most recent call last):
  File "/home/airflow/.local/lib/python3.8/site-packages/airflow/models/dagbag.py", line 342, in parse
    loader.exec_module(new_module)
  File "<frozen importlib._bootstrap_external>", line 843, in exec_module
  File "<frozen importlib._bootstrap>", line 219, in _call_with_frames_removed
  File "/opt/airflow/dags/airflow.py", line 23, in <module>
    from data_preprocessing_scripts.preprocessing import preprocess_data
ModuleNotFoundError: No module named 'data_preprocessing_scripts'
[2026-08-12T03:23:33.050+0000] {processor.py:841} WARNING - No viable dags retrieved from /opt/airflow/dags/airflow.py
[2026-08-12T03:23:33.060+0000] {processor.py:179} INFO - Processing /opt/airflow/dags/airflow.py took 0.093 seconds
[2026-08-12T03:24:03.287+0000] {processor.py:157} INFO - Started process (PID=8321) to work on /opt/airflow/dags/airflow.py
[2026-08-12T03:24:03.288+0000] {processor.py:829} INFO - Processing file /opt/airflow/dags/airflow.py for tasks to queue
[2026-08-12T03:24:03.289+0000] {logging_mixin.py:151} INFO - [2026-08-12T03:24:03.289+0000] {dagbag.py:536} INFO - Filling up the DagBag from /opt/airflow/dags/airflow.py
[2026-08-12T03:24:03.342+0000] {logging_mixin.py:151} INFO - [2026-08-12T03:24:03.341+0000] {dagbag.py:346} ERROR - Failed to import: /opt/airflow/dags/airflow.py
Traceback (most recent call last):
  File "/home/airflow/.local/lib/python3.8/site-packages/airflow/models/dagbag.py", line 342, in parse
    loader.exec_module(new_module)
  File "<frozen importlib._bootstrap_external>", line 843, in exec_module
  File "<frozen importlib._bootstrap>", line 219, in _call_with_frames_removed
  File "/opt/airflow/dags/airflow.py", line 23, in <module>
    from data_preprocessing_scripts.preprocessing import preprocess_data
ModuleNotFoundError: No module named 'data_preprocessing_scripts'
[2026-08-12T03:24:03.342+0000] {processor.py:841} WARNING - No viable dags retrieved from /opt/airflow/dags/airflow.py
[2026-08-12T03:24:03.351+0000] {processor.py:179} INFO - Processing /opt/airflow/dags/airflow.py took 0.066 seconds
[2026-08-12T03:24:33.605+0000] {processor.py:157} INFO - Started process (PID=8329) to work on /opt/airflow/dags/airflow.py
[2026-08-12T03:24:33.606+0000] {processor.py:829} INFO - Processing file /opt/airflow/dags/airflow.py for tasks to queue
[2026-08-12T03:24:33.607+0000] {logging_mixin.py:151} INFO - [2026-08-12T03:24:33.607+0000] {dagbag.py:536} INFO - Filling up the DagBag from /opt/airflow/dags/airflow.py
[2026-08-12T03:24:33.664+0000] {logging_mixin.py:151} INFO - [2026-08-12T03:24:33.663+0000] {dagbag.py:346} ERROR - Failed to import: /opt/airflow/dags/airflow.py
Traceback (most recent call last):
  File "/home/airflow/.local/lib/python3.8/site-packages/airflow/models/dagbag.py", line 342, in parse
    loader.exec_module(new_module)
  File "<frozen importlib._bootstrap_external>", line 843, in exec_module
  File "<frozen importlib._bootstrap>", line 219, in _call_with_frames_removed
  File "/opt/airflow/dags/airflow.py", line 23, in <module>
    from data_preprocessing_scripts.preprocessing import preprocess_data
ModuleNotFoundError: No module named 'data_preprocessing_scripts'
[2026-08-12T03:24:33.664+0000] {processor.py:841} WARNING - No viable dags retrieved from /opt/airflow/dags/airflow.py
[2026-08-12T03:24:33.674+0000] {processor.py:179} INFO - Processing /opt/airflow/dags/airflow.py took 0.071 seconds
[2026-08-12T03:25:03.923+0000] {processor.py:157} INFO - Started process (PID=8337) to work on /opt/airflow/dags/airflow.py
[2026-08-12T03:25:03.924+0000] {processor.py:829} INFO - Processing file /opt/airflow/dags/airflow.py for tasks to queue
[2026-08-12T03:25:03.929+0000] {logging_mixin.py:151} INFO - [2026-08-12T03:25:03.928+0000] {dagbag.py:536} INFO - Filling up the DagBag from /opt/airflow/dags/airflow.py
[2026-08-12T03:25:04.011+0000] {logging_mixin.py:151} INFO - [2026-08-12T03:25:04.010+0000] {dagbag.py:346} ERROR - Failed to import: /opt/airflow/dags/airflow.py
Traceback (most recent call last):
  File "/home/airflow/.local/lib/python3.8/site-packages/airflow/models/dagbag.py", line 342, in parse
    loader.exec_module(new_module)
  File "<frozen importlib._bootstrap_external>", line 843, in exec_module
  File "<frozen importlib._bootstrap>", line 219, in _call_with_frames_removed
  File "/opt/airflow/dags/airflow.py", line 23, in <module>
    from data_preprocessing_scripts.preprocessing import preprocess_data
ModuleNotFoundError: No module named 'data_preprocessing_scripts'
[2026-08-12T03:25:04.011+0000] {processor.py:841} WARNING - No viable dags retrieved from /opt/airflow/dags/airflow.py
[2026-08-12T03:25:04.024+0000] {processor.py:179} INFO - Processing /opt/airflow/dags/airflow.py took 0.105 seconds
[2026-08-12T03:25:34.207+0000] {processor.py:157} INFO - Started process (PID=8345) to work on /opt/airflow/dags/airflow.py
[2026-08-12T03:25:34.208+0000] {processor.py:829} INFO - Processing file /opt/airflow/dags/airflow.py for tasks to queue
[2026-08-12T03:25:34.210+0000] {logging_mixin.py:151} INFO - [2026-08-12T03:25:34.210+0000] {dagbag.py:536} INFO - Filling up the DagBag from /opt/airflow/dags/airflow.py
[2026-08-12T03:25:34.273+0000] {logging_mixin.py:151} INFO - [2026-08-12T03:25:34.272+0000] {dagbag.py:346} ERROR - Failed to import: /opt/airflow/dags/airflow.py
Traceback (most recent call last):
  File "/home/airflow/.local/lib/python3.8/site-packages/airflow/models/dagbag.py", line 342, in parse
    loader.exec_module(new_module)
  File "<frozen importlib._bootstrap_external>", line 843, in exec_module
  File "<frozen importlib._bootstrap>", line 219, in _call_with_frames_removed
  File "/opt/airflow/dags/airflow.py", line 23, in <module>
    from data_preprocessing_scripts.preprocessing import preprocess_data
ModuleNotFoundError: No module named 'data_preprocessing_scripts'
[2026-08-12T03:25:34.273+0000] {processor.py:841} WARNING - No viable dags retrieved from /opt/airflow/dags/airflow.py
[2026-08-12T03:25:34.282+0000] {processor.py:179} INFO - Processing /opt/airflow/dags/airflow.py took 0.077 seconds
[2026-08-12T03:26:04.482+0000] {processor.py:157} INFO - Started process (PID=8353) to work on /opt/airflow/dags/airflow.py
[2026-08-12T03:26:04.483+0000] {processor.py:829} INFO - Processing file /opt/airflow/dags/airflow.py for tasks to queue
[2026-08-12T03:26:04.486+0000] {logging_mixin.py:151} INFO - [2026-08-12T03:26:04.485+0000] {dagbag.py:536} INFO - Filling up the DagBag from /opt/airflow/dags/airflow.py
[2026-08-12T03:26:04.555+0000] {logging_mixin.py:151} INFO - [2026-08-12T03:26:04.554+0000] {dagbag.py:346} ERROR - Failed to import: /opt/airflow/dags/airflow.py
Traceback (most recent call last):
  File "/home/airflow/.local/lib/python3.8/site-packages/airflow/models/dagbag.py", line 342, in parse
    loader.exec_module(new_module)
  File "<frozen importlib._bootstrap_external>", line 843, in exec_module
  File "<frozen importlib._bootstrap>", line 219, in _call_with_frames_removed
  File "/opt/airflow/dags/airflow.py", line 23, in <module>
    from data_preprocessing_scripts.preprocessing import preprocess_data
ModuleNotFoundError: No module named 'data_preprocessing_scripts'
[2026-08-12T03:26:04.555+0000] {processor.py:841} WARNING - No viable dags retrieved from /opt/airflow/dags/airflow.py
[2026-08-12T03:26:04.564+0000] {processor.py:179} INFO - Processing /opt/airflow/dags/airflow.py took 0.086 seconds
[2026-08-12T03:26:34.776+0000] {processor.py:157} INFO - Started process (PID=8361) to work on /opt/airflow/dags/airflow.py
[2026-08-12T03:26:34.776+0000] {processor.py:829} INFO - Processing file /opt/airflow/dags/airflow.py for tasks to queue
[2026-08-12T03:26:34.778+0000] {logging_mixin.py:151} INFO - [2026-08-12T03:26:34.778+0000] {dagbag.py:536} INFO - Filling up the DagBag from /opt/airflow/dags/airflow.py
[2026-08-12T03:26:34.840+0000] {logging_mixin.py:151} INFO - [2026-08-12T03:26:34.839+0000] {dagbag.py:346} ERROR - Failed to import: /opt/airflow/dags/airflow.py
Traceback (most recent call last):
  File "/home/airflow/.local/lib/python3.8/site-packages/airflow/models/dagbag.py", line 342, in parse
    loader.exec_module(new_module)
  File "<frozen importlib._bootstrap_external>", line 843, in exec_module
  File "<frozen importlib._bootstrap>", line 219, in _call_with_frames_removed
  File "/opt/airflow/dags/airflow.py", line 23, in <module>
    from data_preprocessing_scripts.preprocessing import preprocess_data
ModuleNotFoundError: No module named 'data_preprocessing_scripts'
[2026-08-12T03:26:34.840+0000] {processor.py:841} WARNING - No viable dags retrieved from /opt/airflow/dags/airflow.py
[2026-08-12T03:26:34.851+0000] {processor.py:179} INFO - Processing /opt/airflow/dags/airflow.py took 0.078 seconds
[2026-08-12T03:27:05.075+0000] {processor.py:157} INFO - Started process (PID=8369) to work on /opt/airflow/dags/airflow.py
[2026-08-12T03:27:05.077+0000] {processor.py:829} INFO - Processing file /opt/airflow/dags/airflow.py for tasks to queue
[2026-08-12T03:27:05.080+0000] {logging_mixin.py:151} INFO - [2026-08-12T03:27:05.080+0000] {dagbag.py:536} INFO - Filling up the DagBag from /opt/airflow/dags/airflow.py
[2026-08-12T03:27:05.157+0000] {logging_mixin.py:151} INFO - [2026-08-12T03:27:05.156+0000] {dagbag.py:346} ERROR - Failed to import: /opt/airflow/dags/airflow.py
Traceback (most recent call last):
  File "/home/airflow/.local/lib/python3.8/site-packages/airflow/models/dagbag.py", line 342, in parse
    loader.exec_module(new_module)
  File "<frozen importlib._bootstrap_external>", line 843, in exec_module
  File "<frozen importlib._bootstrap>", line 219, in _call_with_frames_removed
  File "/opt/airflow/dags/airflow.py", line 23, in <module>
    from data_preprocessing_scripts.preprocessing import preprocess_data
ModuleNotFoundError: No module named 'data_preprocessing_scripts'
[2026-08-12T03:27:05.157+0000] {processor.py:841} WARNING - No viable dags retrieved from /opt/airflow/dags/airflow.py
[2026-08-12T03:27:05.170+0000] {processor.py:179} INFO - Processing /opt/airflow/dags/airflow.py took 0.101 seconds
[2026-08-12T03:27:35.357+0000] {processor.py:157} INFO - Started process (PID=8377) to work on /opt/airflow/dags/airflow.py
[2026-08-12T03:27:35.358+0000] {processor.py:829} INFO - Processing file /opt/airflow/dags/airflow.py for tasks to queue
[2026-08-12T03:27:35.360+0000] {logging_mixin.py:151} INFO - [2026-08-12T03:27:35.359+0000] {dagbag.py:536} INFO - Filling up the DagBag from /opt/airflow/dags/airflow.py
[2026-08-12T03:27:35.441+0000] {logging_mixin.py:151} INFO - [2026-08-12T03:27:35.440+0000] {dagbag.py:346} ERROR - Failed to import: /opt/airflow/dags/airflow.py
Traceback (most recent call last):
  File "/home/airflow/.local/lib/python3.8/site-packages/airflow/models/dagbag.py", line 342, in parse
    loader.exec_module(new_module)
  File "<frozen importlib._bootstrap_external>", line 843, in exec_module
  File "<frozen importlib._bootstrap>", line 219, in _call_with_frames_removed
  File "/opt/airflow/dags/airflow.py", line 23, in <module>
    from data_preprocessing_scripts.preprocessing import preprocess_data
ModuleNotFoundError: No module named 'data_preprocessing_scripts'
[2026-08-12T03:27:35.441+0000] {processor.py:841} WARNING - No viable dags retrieved from /opt/airflow/dags/airflow.py
[2026-08-12T03:27:35.451+0000] {processor.py:179} INFO - Processing /opt/airflow/dags/airflow.py took 0.098 seconds
[2026-08-12T03:28:05.707+0000] {processor.py:157} INFO - Started process (PID=8386) to work on /opt/airflow/dags/airflow.py
[2026-08-12T03:28:05.708+0000] {processor.py:829} INFO - Processing file /opt/airflow/dags/airflow.py for tasks to queue
[2026-08-12T03:28:05.711+0000] {logging_mixin.py:151} INFO - [2026-08-12T03:28:05.711+0000] {dagbag.py:536} INFO - Filling up the DagBag from /opt/airflow/dags/airflow.py
[2026-08-12T03:28:05.785+0000] {logging_mixin.py:151} INFO - [2026-08-12T03:28:05.784+0000] {dagbag.py:346} ERROR - Failed to import: /opt/airflow/dags/airflow.py
Traceback (most recent call last):
  File "/home/airflow/.local/lib/python3.8/site-packages/airflow/models/dagbag.py", line 342, in parse
    loader.exec_module(new_module)
  File "<frozen importlib._bootstrap_external>", line 843, in exec_module
  File "<frozen importlib._bootstrap>", line 219, in _call_with_frames_removed
  File "/opt/airflow/dags/airflow.py", line 23, in <module>
    from data_preprocessing_scripts.preprocessing import preprocess_data
ModuleNotFoundError: No module named 'data_preprocessing_scripts'
[2026-08-12T03:28:05.785+0000] {processor.py:841} WARNING - No viable dags retrieved from /opt/airflow/dags/airflow.py
[2026-08-12T03:28:05.797+0000] {processor.py:179} INFO - Processing /opt/airflow/dags/airflow.py took 0.094 seconds
[2026-08-12T03:28:36.037+0000] {processor.py:157} INFO - Started process (PID=8394) to work on /opt/airflow/dags/airflow.py
[2026-08-12T03:28:36.038+0000] {processor.py:829} INFO - Processing file /opt/airflow/dags/airflow.py for tasks to queue
[2026-08-12T03:28:36.040+0000] {logging_mixin.py:151} INFO - [2026-08-12T03:28:36.039+0000] {dagbag.py:536} INFO - Filling up the DagBag from /opt/airflow/dags/airflow.py
[2026-08-12T03:28:36.167+0000] {logging_mixin.py:151} INFO - [2026-08-12T03:28:36.166+0000] {dagbag.py:346} ERROR - Failed to import: /opt/airflow/dags/airflow.py
Traceback (most recent call last):
  File "/home/airflow/.local/lib/python3.8/site-packages/airflow/models/dagbag.py", line 342, in parse
    loader.exec_module(new_module)
  File "<frozen importlib._bootstrap_external>", line 843, in exec_module
  File "<frozen importlib._bootstrap>", line 219, in _call_with_frames_removed
  File "/opt/airflow/dags/airflow.py", line 23, in <module>
    from data_preprocessing_scripts.preprocessing import preprocess_data
ModuleNotFoundError: No module named 'data_preprocessing_scripts'
[2026-08-12T03:28:36.167+0000] {processor.py:841} WARNING - No viable dags retrieved from /opt/airflow/dags/airflow.py
[2026-08-12T03:28:36.177+0000] {processor.py:179} INFO - Processing /opt/airflow/dags/airflow.py took 0.143 seconds
[2026-08-12T03:29:06.317+0000] {processor.py:157} INFO - Started process (PID=8402) to work on /opt/airflow/dags/airflow.py
[2026-08-12T03:29:06.317+0000] {processor.py:829} INFO - Processing file /opt/airflow/dags/airflow.py for tasks to queue
[2026-08-12T03:29:06.321+0000] {logging_mixin.py:151} INFO - [2026-08-12T03:29:06.320+0000] {dagbag.py:536} INFO - Filling up the DagBag from /opt/airflow/dags/airflow.py
[2026-08-12T03:29:06.390+0000] {logging_mixin.py:151} INFO - [2026-08-12T03:29:06.388+0000] {dagbag.py:346} ERROR - Failed to import: /opt/airflow/dags/airflow.py
Traceback (most recent call last):
  File "/home/airflow/.local/lib/python3.8/site-packages/airflow/models/dagbag.py", line 342, in parse
    loader.exec_module(new_module)
  File "<frozen importlib._bootstrap_external>", line 843, in exec_module
  File "<frozen importlib._bootstrap>", line 219, in _call_with_frames_removed
  File "/opt/airflow/dags/airflow.py", line 23, in <module>
    from data_preprocessing_scripts.preprocessing import preprocess_data
ModuleNotFoundError: No module named 'data_preprocessing_scripts'
[2026-08-12T03:29:06.390+0000] {processor.py:841} WARNING - No viable dags retrieved from /opt/airflow/dags/airflow.py
[2026-08-12T03:29:06.404+0000] {processor.py:179} INFO - Processing /opt/airflow/dags/airflow.py took 0.092 seconds
[2026-08-12T03:29:36.578+0000] {processor.py:157} INFO - Started process (PID=8410) to work on /opt/airflow/dags/airflow.py
[2026-08-12T03:29:36.579+0000] {processor.py:829} INFO - Processing file /opt/airflow/dags/airflow.py for tasks to queue
[2026-08-12T03:29:36.581+0000] {logging_mixin.py:151} INFO - [2026-08-12T03:29:36.581+0000] {dagbag.py:536} INFO - Filling up the DagBag from /opt/airflow/dags/airflow.py
[2026-08-12T03:29:36.643+0000] {logging_mixin.py:151} INFO - [2026-08-12T03:29:36.642+0000] {dagbag.py:346} ERROR - Failed to import: /opt/airflow/dags/airflow.py
Traceback (most recent call last):
  File "/home/airflow/.local/lib/python3.8/site-packages/airflow/models/dagbag.py", line 342, in parse
    loader.exec_module(new_module)
  File "<frozen importlib._bootstrap_external>", line 843, in exec_module
  File "<frozen importlib._bootstrap>", line 219, in _call_with_frames_removed
  File "/opt/airflow/dags/airflow.py", line 23, in <module>
    from data_preprocessing_scripts.preprocessing import preprocess_data
ModuleNotFoundError: No module named 'data_preprocessing_scripts'
[2026-08-12T03:29:36.643+0000] {processor.py:841} WARNING - No viable dags retrieved from /opt/airflow/dags/airflow.py
[2026-08-12T03:29:36.652+0000] {processor.py:179} INFO - Processing /opt/airflow/dags/airflow.py took 0.076 seconds
[2026-08-12T03:30:06.812+0000] {processor.py:157} INFO - Started process (PID=8418) to work on /opt/airflow/dags/airflow.py
[2026-08-12T03:30:06.813+0000] {processor.py:829} INFO - Processing file /opt/airflow/dags/airflow.py for tasks to queue
[2026-08-12T03:30:06.815+0000] {logging_mixin.py:151} INFO - [2026-08-12T03:30:06.814+0000] {dagbag.py:536} INFO - Filling up the DagBag from /opt/airflow/dags/airflow.py
[2026-08-12T03:30:06.898+0000] {logging_mixin.py:151} INFO - [2026-08-12T03:30:06.898+0000] {dagbag.py:346} ERROR - Failed to import: /opt/airflow/dags/airflow.py
Traceback (most recent call last):
  File "/home/airflow/.local/lib/python3.8/site-packages/airflow/models/dagbag.py", line 342, in parse
    loader.exec_module(new_module)
  File "<frozen importlib._bootstrap_external>", line 843, in exec_module
  File "<frozen importlib._bootstrap>", line 219, in _call_with_frames_removed
  File "/opt/airflow/dags/airflow.py", line 23, in <module>
    from data_preprocessing_scripts.preprocessing import preprocess_data
ModuleNotFoundError: No module named 'data_preprocessing_scripts'
[2026-08-12T03:30:06.899+0000] {processor.py:841} WARNING - No viable dags retrieved from /opt/airflow/dags/airflow.py
[2026-08-12T03:30:06.909+0000] {processor.py:179} INFO - Processing /opt/airflow/dags/airflow.py took 0.100 seconds
[2026-08-12T03:30:37.064+0000] {processor.py:157} INFO - Started process (PID=8426) to work on /opt/airflow/dags/airflow.py
[2026-08-12T03:30:37.065+0000] {processor.py:829} INFO - Processing file /opt/airflow/dags/airflow.py for tasks to queue
[2026-08-12T03:30:37.066+0000] {logging_mixin.py:151} INFO - [2026-08-12T03:30:37.066+0000] {dagbag.py:536} INFO - Filling up the DagBag from /opt/airflow/dags/airflow.py
[2026-08-12T03:30:37.129+0000] {logging_mixin.py:151} INFO - [2026-08-12T03:30:37.128+0000] {dagbag.py:346} ERROR - Failed to import: /opt/airflow/dags/airflow.py
Traceback (most recent call last):
  File "/home/airflow/.local/lib/python3.8/site-packages/airflow/models/dagbag.py", line 342, in parse
    loader.exec_module(new_module)
  File "<frozen importlib._bootstrap_external>", line 843, in exec_module
  File "<frozen importlib._bootstrap>", line 219, in _call_with_frames_removed
  File "/opt/airflow/dags/airflow.py", line 23, in <module>
    from data_preprocessing_scripts.preprocessing import preprocess_data
ModuleNotFoundError: No module named 'data_preprocessing_scripts'
[2026-08-12T03:30:37.129+0000] {processor.py:841} WARNING - No viable dags retrieved from /opt/airflow/dags/airflow.py
[2026-08-12T03:30:37.139+0000] {processor.py:179} INFO - Processing /opt/airflow/dags/airflow.py took 0.078 seconds
[2026-08-12T03:31:07.327+0000] {processor.py:157} INFO - Started process (PID=8434) to work on /opt/airflow/dags/airflow.py
[2026-08-12T03:31:07.328+0000] {processor.py:829} INFO - Processing file /opt/airflow/dags/airflow.py for tasks to queue
[2026-08-12T03:31:07.332+0000] {logging_mixin.py:151} INFO - [2026-08-12T03:31:07.331+0000] {dagbag.py:536} INFO - Filling up the DagBag from /opt/airflow/dags/airflow.py
[2026-08-12T03:31:07.403+0000] {logging_mixin.py:151} INFO - [2026-08-12T03:31:07.402+0000] {dagbag.py:346} ERROR - Failed to import: /opt/airflow/dags/airflow.py
Traceback (most recent call last):
  File "/home/airflow/.local/lib/python3.8/site-packages/airflow/models/dagbag.py", line 342, in parse
    loader.exec_module(new_module)
  File "<frozen importlib._bootstrap_external>", line 843, in exec_module
  File "<frozen importlib._bootstrap>", line 219, in _call_with_frames_removed
  File "/opt/airflow/dags/airflow.py", line 23, in <module>
    from data_preprocessing_scripts.preprocessing import preprocess_data
ModuleNotFoundError: No module named 'data_preprocessing_scripts'
[2026-08-12T03:31:07.403+0000] {processor.py:841} WARNING - No viable dags retrieved from /opt/airflow/dags/airflow.py
[2026-08-12T03:31:07.416+0000] {processor.py:179} INFO - Processing /opt/airflow/dags/airflow.py took 0.095 seconds
[2026-08-12T03:31:37.613+0000] {processor.py:157} INFO - Started process (PID=8442) to work on /opt/airflow/dags/airflow.py
[2026-08-12T03:31:37.615+0000] {processor.py:829} INFO - Processing file /opt/airflow/dags/airflow.py for tasks to queue
[2026-08-12T03:31:37.617+0000] {logging_mixin.py:151} INFO - [2026-08-12T03:31:37.617+0000] {dagbag.py:536} INFO - Filling up the DagBag from /opt/airflow/dags/airflow.py
[2026-08-12T03:31:37.697+0000] {logging_mixin.py:151} INFO - [2026-08-12T03:31:37.696+0000] {dagbag.py:346} ERROR - Failed to import: /opt/airflow/dags/airflow.py
Traceback (most recent call last):
  File "/home/airflow/.local/lib/python3.8/site-packages/airflow/models/dagbag.py", line 342, in parse
    loader.exec_module(new_module)
  File "<frozen importlib._bootstrap_external>", line 843, in exec_module
  File "<frozen importlib._bootstrap>", line 219, in _call_with_frames_removed
  File "/opt/airflow/dags/airflow.py", line 23, in <module>
    from data_preprocessing_scripts.preprocessing import preprocess_data
ModuleNotFoundError: No module named 'data_preprocessing_scripts'
[2026-08-12T03:31:37.697+0000] {processor.py:841} WARNING - No viable dags retrieved from /opt/airflow/dags/airflow.py
[2026-08-12T03:31:37.709+0000] {processor.py:179} INFO - Processing /opt/airflow/dags/airflow.py took 0.100 seconds
[2026-08-12T03:32:07.876+0000] {processor.py:157} INFO - Started process (PID=8450) to work on /opt/airflow/dags/airflow.py
[2026-08-12T03:32:07.877+0000] {processor.py:829} INFO - Processing file /opt/airflow/dags/airflow.py for tasks to queue
[2026-08-12T03:32:07.879+0000] {logging_mixin.py:151} INFO - [2026-08-12T03:32:07.879+0000] {dagbag.py:536} INFO - Filling up the DagBag from /opt/airflow/dags/airflow.py
[2026-08-12T03:32:07.948+0000] {logging_mixin.py:151} INFO - [2026-08-12T03:32:07.947+0000] {dagbag.py:346} ERROR - Failed to import: /opt/airflow/dags/airflow.py
Traceback (most recent call last):
  File "/home/airflow/.local/lib/python3.8/site-packages/airflow/models/dagbag.py", line 342, in parse
    loader.exec_module(new_module)
  File "<frozen importlib._bootstrap_external>", line 843, in exec_module
  File "<frozen importlib._bootstrap>", line 219, in _call_with_frames_removed
  File "/opt/airflow/dags/airflow.py", line 23, in <module>
    from data_preprocessing_scripts.preprocessing import preprocess_data
ModuleNotFoundError: No module named 'data_preprocessing_scripts'
[2026-08-12T03:32:07.948+0000] {processor.py:841} WARNING - No viable dags retrieved from /opt/airflow/dags/airflow.py
[2026-08-12T03:32:07.958+0000] {processor.py:179} INFO - Processing /opt/airflow/dags/airflow.py took 0.085 seconds
[2026-08-12T03:32:38.158+0000] {processor.py:157} INFO - Started process (PID=8458) to work on /opt/airflow/dags/airflow.py
[2026-08-12T03:32:38.159+0000] {processor.py:829} INFO - Processing file /opt/airflow/dags/airflow.py for tasks to queue
[2026-08-12T03:32:38.161+0000] {logging_mixin.py:151} INFO - [2026-08-12T03:32:38.161+0000] {dagbag.py:536} INFO - Filling up the DagBag from /opt/airflow/dags/airflow.py
[2026-08-12T03:32:38.226+0000] {logging_mixin.py:151} INFO - [2026-08-12T03:32:38.226+0000] {dagbag.py:346} ERROR - Failed to import: /opt/airflow/dags/airflow.py
Traceback (most recent call last):
  File "/home/airflow/.local/lib/python3.8/site-packages/airflow/models/dagbag.py", line 342, in parse
    loader.exec_module(new_module)
  File "<frozen importlib._bootstrap_external>", line 843, in exec_module
  File "<frozen importlib._bootstrap>", line 219, in _call_with_frames_removed
  File "/opt/airflow/dags/airflow.py", line 23, in <module>
    from data_preprocessing_scripts.preprocessing import preprocess_data
ModuleNotFoundError: No module named 'data_preprocessing_scripts'
[2026-08-12T03:32:38.227+0000] {processor.py:841} WARNING - No viable dags retrieved from /opt/airflow/dags/airflow.py
[2026-08-12T03:32:38.236+0000] {processor.py:179} INFO - Processing /opt/airflow/dags/airflow.py took 0.081 seconds
[2026-08-12T03:33:08.512+0000] {processor.py:157} INFO - Started process (PID=8466) to work on /opt/airflow/dags/airflow.py
[2026-08-12T03:33:08.514+0000] {processor.py:829} INFO - Processing file /opt/airflow/dags/airflow.py for tasks to queue
[2026-08-12T03:33:08.517+0000] {logging_mixin.py:151} INFO - [2026-08-12T03:33:08.517+0000] {dagbag.py:536} INFO - Filling up the DagBag from /opt/airflow/dags/airflow.py
[2026-08-12T03:33:08.607+0000] {logging_mixin.py:151} INFO - [2026-08-12T03:33:08.606+0000] {dagbag.py:346} ERROR - Failed to import: /opt/airflow/dags/airflow.py
Traceback (most recent call last):
  File "/home/airflow/.local/lib/python3.8/site-packages/airflow/models/dagbag.py", line 342, in parse
    loader.exec_module(new_module)
  File "<frozen importlib._bootstrap_external>", line 843, in exec_module
  File "<frozen importlib._bootstrap>", line 219, in _call_with_frames_removed
  File "/opt/airflow/dags/airflow.py", line 23, in <module>
    from data_preprocessing_scripts.preprocessing import preprocess_data
ModuleNotFoundError: No module named 'data_preprocessing_scripts'
[2026-08-12T03:33:08.607+0000] {processor.py:841} WARNING - No viable dags retrieved from /opt/airflow/dags/airflow.py
[2026-08-12T03:33:08.619+0000] {processor.py:179} INFO - Processing /opt/airflow/dags/airflow.py took 0.112 seconds
[2026-08-12T03:33:38.808+0000] {processor.py:157} INFO - Started process (PID=8474) to work on /opt/airflow/dags/airflow.py
[2026-08-12T03:33:38.809+0000] {processor.py:829} INFO - Processing file /opt/airflow/dags/airflow.py for tasks to queue
[2026-08-12T03:33:38.810+0000] {logging_mixin.py:151} INFO - [2026-08-12T03:33:38.810+0000] {dagbag.py:536} INFO - Filling up the DagBag from /opt/airflow/dags/airflow.py
[2026-08-12T03:33:38.873+0000] {logging_mixin.py:151} INFO - [2026-08-12T03:33:38.872+0000] {dagbag.py:346} ERROR - Failed to import: /opt/airflow/dags/airflow.py
Traceback (most recent call last):
  File "/home/airflow/.local/lib/python3.8/site-packages/airflow/models/dagbag.py", line 342, in parse
    loader.exec_module(new_module)
  File "<frozen importlib._bootstrap_external>", line 843, in exec_module
  File "<frozen importlib._bootstrap>", line 219, in _call_with_frames_removed
  File "/opt/airflow/dags/airflow.py", line 23, in <module>
    from data_preprocessing_scripts.preprocessing import preprocess_data
ModuleNotFoundError: No module named 'data_preprocessing_scripts'
[2026-08-12T03:33:38.873+0000] {processor.py:841} WARNING - No viable dags retrieved from /opt/airflow/dags/airflow.py
[2026-08-12T03:33:38.883+0000] {processor.py:179} INFO - Processing /opt/airflow/dags/airflow.py took 0.079 seconds
[2026-08-12T03:34:09.123+0000] {processor.py:157} INFO - Started process (PID=8482) to work on /opt/airflow/dags/airflow.py
[2026-08-12T03:34:09.124+0000] {processor.py:829} INFO - Processing file /opt/airflow/dags/airflow.py for tasks to queue
[2026-08-12T03:34:09.127+0000] {logging_mixin.py:151} INFO - [2026-08-12T03:34:09.127+0000] {dagbag.py:536} INFO - Filling up the DagBag from /opt/airflow/dags/airflow.py
[2026-08-12T03:34:09.215+0000] {logging_mixin.py:151} INFO - [2026-08-12T03:34:09.215+0000] {dagbag.py:346} ERROR - Failed to import: /opt/airflow/dags/airflow.py
Traceback (most recent call last):
  File "/home/airflow/.local/lib/python3.8/site-packages/airflow/models/dagbag.py", line 342, in parse
    loader.exec_module(new_module)
  File "<frozen importlib._bootstrap_external>", line 843, in exec_module
  File "<frozen importlib._bootstrap>", line 219, in _call_with_frames_removed
  File "/opt/airflow/dags/airflow.py", line 23, in <module>
    from data_preprocessing_scripts.preprocessing import preprocess_data
ModuleNotFoundError: No module named 'data_preprocessing_scripts'
[2026-08-12T03:34:09.216+0000] {processor.py:841} WARNING - No viable dags retrieved from /opt/airflow/dags/airflow.py
[2026-08-12T03:34:09.225+0000] {processor.py:179} INFO - Processing /opt/airflow/dags/airflow.py took 0.106 seconds
[2026-08-12T03:34:39.464+0000] {processor.py:157} INFO - Started process (PID=8490) to work on /opt/airflow/dags/airflow.py
[2026-08-12T03:34:39.465+0000] {processor.py:829} INFO - Processing file /opt/airflow/dags/airflow.py for tasks to queue
[2026-08-12T03:34:39.468+0000] {logging_mixin.py:151} INFO - [2026-08-12T03:34:39.468+0000] {dagbag.py:536} INFO - Filling up the DagBag from /opt/airflow/dags/airflow.py
[2026-08-12T03:34:39.527+0000] {logging_mixin.py:151} INFO - [2026-08-12T03:34:39.527+0000] {dagbag.py:346} ERROR - Failed to import: /opt/airflow/dags/airflow.py
Traceback (most recent call last):
  File "/home/airflow/.local/lib/python3.8/site-packages/airflow/models/dagbag.py", line 342, in parse
    loader.exec_module(new_module)
  File "<frozen importlib._bootstrap_external>", line 843, in exec_module
  File "<frozen importlib._bootstrap>", line 219, in _call_with_frames_removed
  File "/opt/airflow/dags/airflow.py", line 23, in <module>
    from data_preprocessing_scripts.preprocessing import preprocess_data
ModuleNotFoundError: No module named 'data_preprocessing_scripts'
[2026-08-12T03:34:39.527+0000] {processor.py:841} WARNING - No viable dags retrieved from /opt/airflow/dags/airflow.py
[2026-08-12T03:34:39.536+0000] {processor.py:179} INFO - Processing /opt/airflow/dags/airflow.py took 0.074 seconds
[2026-08-12T03:35:09.829+0000] {processor.py:157} INFO - Started process (PID=8498) to work on /opt/airflow/dags/airflow.py
[2026-08-12T03:35:09.831+0000] {processor.py:829} INFO - Processing file /opt/airflow/dags/airflow.py for tasks to queue
[2026-08-12T03:35:09.833+0000] {logging_mixin.py:151} INFO - [2026-08-12T03:35:09.832+0000] {dagbag.py:536} INFO - Filling up the DagBag from /opt/airflow/dags/airflow.py
[2026-08-12T03:35:09.914+0000] {logging_mixin.py:151} INFO - [2026-08-12T03:35:09.913+0000] {dagbag.py:346} ERROR - Failed to import: /opt/airflow/dags/airflow.py
Traceback (most recent call last):
  File "/home/airflow/.local/lib/python3.8/site-packages/airflow/models/dagbag.py", line 342, in parse
    loader.exec_module(new_module)
  File "<frozen importlib._bootstrap_external>", line 843, in exec_module
  File "<frozen importlib._bootstrap>", line 219, in _call_with_frames_removed
  File "/opt/airflow/dags/airflow.py", line 23, in <module>
    from data_preprocessing_scripts.preprocessing import preprocess_data
ModuleNotFoundError: No module named 'data_preprocessing_scripts'
[2026-08-12T03:35:09.914+0000] {processor.py:841} WARNING - No viable dags retrieved from /opt/airflow/dags/airflow.py
[2026-08-12T03:35:09.925+0000] {processor.py:179} INFO - Processing /opt/airflow/dags/airflow.py took 0.102 seconds
[2026-08-12T03:35:40.137+0000] {processor.py:157} INFO - Started process (PID=8512) to work on /opt/airflow/dags/airflow.py
[2026-08-12T03:35:40.138+0000] {processor.py:829} INFO - Processing file /opt/airflow/dags/airflow.py for tasks to queue
[2026-08-12T03:35:40.139+0000] {logging_mixin.py:151} INFO - [2026-08-12T03:35:40.139+0000] {dagbag.py:536} INFO - Filling up the DagBag from /opt/airflow/dags/airflow.py
[2026-08-12T03:35:40.201+0000] {logging_mixin.py:151} INFO - [2026-08-12T03:35:40.200+0000] {dagbag.py:346} ERROR - Failed to import: /opt/airflow/dags/airflow.py
Traceback (most recent call last):
  File "/home/airflow/.local/lib/python3.8/site-packages/airflow/models/dagbag.py", line 342, in parse
    loader.exec_module(new_module)
  File "<frozen importlib._bootstrap_external>", line 843, in exec_module
  File "<frozen importlib._bootstrap>", line 219, in _call_with_frames_removed
  File "/opt/airflow/dags/airflow.py", line 23, in <module>
    from data_preprocessing_scripts.preprocessing import preprocess_data
ModuleNotFoundError: No module named 'data_preprocessing_scripts'
[2026-08-12T03:35:40.201+0000] {processor.py:841} WARNING - No viable dags retrieved from /opt/airflow/dags/airflow.py
[2026-08-12T03:35:40.209+0000] {processor.py:179} INFO - Processing /opt/airflow/dags/airflow.py took 0.075 seconds
[2026-08-12T03:36:10.404+0000] {processor.py:157} INFO - Started process (PID=8520) to work on /opt/airflow/dags/airflow.py
[2026-08-12T03:36:10.406+0000] {processor.py:829} INFO - Processing file /opt/airflow/dags/airflow.py for tasks to queue
[2026-08-12T03:36:10.408+0000] {logging_mixin.py:151} INFO - [2026-08-12T03:36:10.407+0000] {dagbag.py:536} INFO - Filling up the DagBag from /opt/airflow/dags/airflow.py
[2026-08-12T03:36:10.482+0000] {logging_mixin.py:151} INFO - [2026-08-12T03:36:10.481+0000] {dagbag.py:346} ERROR - Failed to import: /opt/airflow/dags/airflow.py
Traceback (most recent call last):
  File "/home/airflow/.local/lib/python3.8/site-packages/airflow/models/dagbag.py", line 342, in parse
    loader.exec_module(new_module)
  File "<frozen importlib._bootstrap_external>", line 843, in exec_module
  File "<frozen importlib._bootstrap>", line 219, in _call_with_frames_removed
  File "/opt/airflow/dags/airflow.py", line 23, in <module>
    from data_preprocessing_scripts.preprocessing import preprocess_data
ModuleNotFoundError: No module named 'data_preprocessing_scripts'
[2026-08-12T03:36:10.482+0000] {processor.py:841} WARNING - No viable dags retrieved from /opt/airflow/dags/airflow.py
[2026-08-12T03:36:10.492+0000] {processor.py:179} INFO - Processing /opt/airflow/dags/airflow.py took 0.091 seconds
[2026-08-12T03:36:40.707+0000] {processor.py:157} INFO - Started process (PID=8528) to work on /opt/airflow/dags/airflow.py
[2026-08-12T03:36:40.708+0000] {processor.py:829} INFO - Processing file /opt/airflow/dags/airflow.py for tasks to queue
[2026-08-12T03:36:40.710+0000] {logging_mixin.py:151} INFO - [2026-08-12T03:36:40.710+0000] {dagbag.py:536} INFO - Filling up the DagBag from /opt/airflow/dags/airflow.py
[2026-08-12T03:36:40.769+0000] {logging_mixin.py:151} INFO - [2026-08-12T03:36:40.769+0000] {dagbag.py:346} ERROR - Failed to import: /opt/airflow/dags/airflow.py
Traceback (most recent call last):
  File "/home/airflow/.local/lib/python3.8/site-packages/airflow/models/dagbag.py", line 342, in parse
    loader.exec_module(new_module)
  File "<frozen importlib._bootstrap_external>", line 843, in exec_module
  File "<frozen importlib._bootstrap>", line 219, in _call_with_frames_removed
  File "/opt/airflow/dags/airflow.py", line 23, in <module>
    from data_preprocessing_scripts.preprocessing import preprocess_data
ModuleNotFoundError: No module named 'data_preprocessing_scripts'
[2026-08-12T03:36:40.769+0000] {processor.py:841} WARNING - No viable dags retrieved from /opt/airflow/dags/airflow.py
[2026-08-12T03:36:40.778+0000] {processor.py:179} INFO - Processing /opt/airflow/dags/airflow.py took 0.074 seconds
[2026-08-12T03:37:10.991+0000] {processor.py:157} INFO - Started process (PID=8536) to work on /opt/airflow/dags/airflow.py
[2026-08-12T03:37:10.992+0000] {processor.py:829} INFO - Processing file /opt/airflow/dags/airflow.py for tasks to queue
[2026-08-12T03:37:10.995+0000] {logging_mixin.py:151} INFO - [2026-08-12T03:37:10.994+0000] {dagbag.py:536} INFO - Filling up the DagBag from /opt/airflow/dags/airflow.py
[2026-08-12T03:37:11.078+0000] {logging_mixin.py:151} INFO - [2026-08-12T03:37:11.078+0000] {dagbag.py:346} ERROR - Failed to import: /opt/airflow/dags/airflow.py
Traceback (most recent call last):
  File "/home/airflow/.local/lib/python3.8/site-packages/airflow/models/dagbag.py", line 342, in parse
    loader.exec_module(new_module)
  File "<frozen importlib._bootstrap_external>", line 843, in exec_module
  File "<frozen importlib._bootstrap>", line 219, in _call_with_frames_removed
  File "/opt/airflow/dags/airflow.py", line 23, in <module>
    from data_preprocessing_scripts.preprocessing import preprocess_data
ModuleNotFoundError: No module named 'data_preprocessing_scripts'
[2026-08-12T03:37:11.079+0000] {processor.py:841} WARNING - No viable dags retrieved from /opt/airflow/dags/airflow.py
[2026-08-12T03:37:11.088+0000] {processor.py:179} INFO - Processing /opt/airflow/dags/airflow.py took 0.100 seconds
[2026-08-12T03:37:41.304+0000] {processor.py:157} INFO - Started process (PID=8544) to work on /opt/airflow/dags/airflow.py
[2026-08-12T03:37:41.305+0000] {processor.py:829} INFO - Processing file /opt/airflow/dags/airflow.py for tasks to queue
[2026-08-12T03:37:41.307+0000] {logging_mixin.py:151} INFO - [2026-08-12T03:37:41.307+0000] {dagbag.py:536} INFO - Filling up the DagBag from /opt/airflow/dags/airflow.py
[2026-08-12T03:37:41.370+0000] {logging_mixin.py:151} INFO - [2026-08-12T03:37:41.369+0000] {dagbag.py:346} ERROR - Failed to import: /opt/airflow/dags/airflow.py
Traceback (most recent call last):
  File "/home/airflow/.local/lib/python3.8/site-packages/airflow/models/dagbag.py", line 342, in parse
    loader.exec_module(new_module)
  File "<frozen importlib._bootstrap_external>", line 843, in exec_module
  File "<frozen importlib._bootstrap>", line 219, in _call_with_frames_removed
  File "/opt/airflow/dags/airflow.py", line 23, in <module>
    from data_preprocessing_scripts.preprocessing import preprocess_data
ModuleNotFoundError: No module named 'data_preprocessing_scripts'
[2026-08-12T03:37:41.370+0000] {processor.py:841} WARNING - No viable dags retrieved from /opt/airflow/dags/airflow.py
[2026-08-12T03:37:41.379+0000] {processor.py:179} INFO - Processing /opt/airflow/dags/airflow.py took 0.077 seconds
[2026-08-12T03:38:11.610+0000] {processor.py:157} INFO - Started process (PID=8552) to work on /opt/airflow/dags/airflow.py
[2026-08-12T03:38:11.611+0000] {processor.py:829} INFO - Processing file /opt/airflow/dags/airflow.py for tasks to queue
[2026-08-12T03:38:11.614+0000] {logging_mixin.py:151} INFO - [2026-08-12T03:38:11.614+0000] {dagbag.py:536} INFO - Filling up the DagBag from /opt/airflow/dags/airflow.py
[2026-08-12T03:38:11.674+0000] {logging_mixin.py:151} INFO - [2026-08-12T03:38:11.673+0000] {dagbag.py:346} ERROR - Failed to import: /opt/airflow/dags/airflow.py
Traceback (most recent call last):
  File "/home/airflow/.local/lib/python3.8/site-packages/airflow/models/dagbag.py", line 342, in parse
    loader.exec_module(new_module)
  File "<frozen importlib._bootstrap_external>", line 843, in exec_module
  File "<frozen importlib._bootstrap>", line 219, in _call_with_frames_removed
  File "/opt/airflow/dags/airflow.py", line 23, in <module>
    from data_preprocessing_scripts.preprocessing import preprocess_data
ModuleNotFoundError: No module named 'data_preprocessing_scripts'
[2026-08-12T03:38:11.674+0000] {processor.py:841} WARNING - No viable dags retrieved from /opt/airflow/dags/airflow.py
[2026-08-12T03:38:11.683+0000] {processor.py:179} INFO - Processing /opt/airflow/dags/airflow.py took 0.076 seconds
[2026-08-12T03:38:41.934+0000] {processor.py:157} INFO - Started process (PID=8560) to work on /opt/airflow/dags/airflow.py
[2026-08-12T03:38:41.935+0000] {processor.py:829} INFO - Processing file /opt/airflow/dags/airflow.py for tasks to queue
[2026-08-12T03:38:41.936+0000] {logging_mixin.py:151} INFO - [2026-08-12T03:38:41.936+0000] {dagbag.py:536} INFO - Filling up the DagBag from /opt/airflow/dags/airflow.py
[2026-08-12T03:38:41.997+0000] {logging_mixin.py:151} INFO - [2026-08-12T03:38:41.997+0000] {dagbag.py:346} ERROR - Failed to import: /opt/airflow/dags/airflow.py
Traceback (most recent call last):
  File "/home/airflow/.local/lib/python3.8/site-packages/airflow/models/dagbag.py", line 342, in parse
    loader.exec_module(new_module)
  File "<frozen importlib._bootstrap_external>", line 843, in exec_module
  File "<frozen importlib._bootstrap>", line 219, in _call_with_frames_removed
  File "/opt/airflow/dags/airflow.py", line 23, in <module>
    from data_preprocessing_scripts.preprocessing import preprocess_data
ModuleNotFoundError: No module named 'data_preprocessing_scripts'
[2026-08-12T03:38:41.997+0000] {processor.py:841} WARNING - No viable dags retrieved from /opt/airflow/dags/airflow.py
[2026-08-12T03:38:42.006+0000] {processor.py:179} INFO - Processing /opt/airflow/dags/airflow.py took 0.075 seconds
[2026-08-12T03:39:12.268+0000] {processor.py:157} INFO - Started process (PID=8568) to work on /opt/airflow/dags/airflow.py
[2026-08-12T03:39:12.270+0000] {processor.py:829} INFO - Processing file /opt/airflow/dags/airflow.py for tasks to queue
[2026-08-12T03:39:12.273+0000] {logging_mixin.py:151} INFO - [2026-08-12T03:39:12.273+0000] {dagbag.py:536} INFO - Filling up the DagBag from /opt/airflow/dags/airflow.py
[2026-08-12T03:39:12.355+0000] {logging_mixin.py:151} INFO - [2026-08-12T03:39:12.355+0000] {dagbag.py:346} ERROR - Failed to import: /opt/airflow/dags/airflow.py
Traceback (most recent call last):
  File "/home/airflow/.local/lib/python3.8/site-packages/airflow/models/dagbag.py", line 342, in parse
    loader.exec_module(new_module)
  File "<frozen importlib._bootstrap_external>", line 843, in exec_module
  File "<frozen importlib._bootstrap>", line 219, in _call_with_frames_removed
  File "/opt/airflow/dags/airflow.py", line 23, in <module>
    from data_preprocessing_scripts.preprocessing import preprocess_data
ModuleNotFoundError: No module named 'data_preprocessing_scripts'
[2026-08-12T03:39:12.356+0000] {processor.py:841} WARNING - No viable dags retrieved from /opt/airflow/dags/airflow.py
[2026-08-12T03:39:12.365+0000] {processor.py:179} INFO - Processing /opt/airflow/dags/airflow.py took 0.101 seconds
[2026-08-12T03:39:42.634+0000] {processor.py:157} INFO - Started process (PID=8576) to work on /opt/airflow/dags/airflow.py
[2026-08-12T03:39:42.635+0000] {processor.py:829} INFO - Processing file /opt/airflow/dags/airflow.py for tasks to queue
[2026-08-12T03:39:42.637+0000] {logging_mixin.py:151} INFO - [2026-08-12T03:39:42.636+0000] {dagbag.py:536} INFO - Filling up the DagBag from /opt/airflow/dags/airflow.py
[2026-08-12T03:39:42.694+0000] {logging_mixin.py:151} INFO - [2026-08-12T03:39:42.694+0000] {dagbag.py:346} ERROR - Failed to import: /opt/airflow/dags/airflow.py
Traceback (most recent call last):
  File "/home/airflow/.local/lib/python3.8/site-packages/airflow/models/dagbag.py", line 342, in parse
    loader.exec_module(new_module)
  File "<frozen importlib._bootstrap_external>", line 843, in exec_module
  File "<frozen importlib._bootstrap>", line 219, in _call_with_frames_removed
  File "/opt/airflow/dags/airflow.py", line 23, in <module>
    from data_preprocessing_scripts.preprocessing import preprocess_data
ModuleNotFoundError: No module named 'data_preprocessing_scripts'
[2026-08-12T03:39:42.695+0000] {processor.py:841} WARNING - No viable dags retrieved from /opt/airflow/dags/airflow.py
[2026-08-12T03:39:42.703+0000] {processor.py:179} INFO - Processing /opt/airflow/dags/airflow.py took 0.073 seconds
[2026-08-12T03:40:12.944+0000] {processor.py:157} INFO - Started process (PID=8584) to work on /opt/airflow/dags/airflow.py
[2026-08-12T03:40:12.945+0000] {processor.py:829} INFO - Processing file /opt/airflow/dags/airflow.py for tasks to queue
[2026-08-12T03:40:12.948+0000] {logging_mixin.py:151} INFO - [2026-08-12T03:40:12.947+0000] {dagbag.py:536} INFO - Filling up the DagBag from /opt/airflow/dags/airflow.py
[2026-08-12T03:40:13.030+0000] {logging_mixin.py:151} INFO - [2026-08-12T03:40:13.029+0000] {dagbag.py:346} ERROR - Failed to import: /opt/airflow/dags/airflow.py
Traceback (most recent call last):
  File "/home/airflow/.local/lib/python3.8/site-packages/airflow/models/dagbag.py", line 342, in parse
    loader.exec_module(new_module)
  File "<frozen importlib._bootstrap_external>", line 843, in exec_module
  File "<frozen importlib._bootstrap>", line 219, in _call_with_frames_removed
  File "/opt/airflow/dags/airflow.py", line 23, in <module>
    from data_preprocessing_scripts.preprocessing import preprocess_data
ModuleNotFoundError: No module named 'data_preprocessing_scripts'
[2026-08-12T03:40:13.030+0000] {processor.py:841} WARNING - No viable dags retrieved from /opt/airflow/dags/airflow.py
[2026-08-12T03:40:13.039+0000] {processor.py:179} INFO - Processing /opt/airflow/dags/airflow.py took 0.099 seconds
[2026-08-12T03:40:43.253+0000] {processor.py:157} INFO - Started process (PID=8592) to work on /opt/airflow/dags/airflow.py
[2026-08-12T03:40:43.253+0000] {processor.py:829} INFO - Processing file /opt/airflow/dags/airflow.py for tasks to queue
[2026-08-12T03:40:43.255+0000] {logging_mixin.py:151} INFO - [2026-08-12T03:40:43.255+0000] {dagbag.py:536} INFO - Filling up the DagBag from /opt/airflow/dags/airflow.py
[2026-08-12T03:40:43.315+0000] {logging_mixin.py:151} INFO - [2026-08-12T03:40:43.314+0000] {dagbag.py:346} ERROR - Failed to import: /opt/airflow/dags/airflow.py
Traceback (most recent call last):
  File "/home/airflow/.local/lib/python3.8/site-packages/airflow/models/dagbag.py", line 342, in parse
    loader.exec_module(new_module)
  File "<frozen importlib._bootstrap_external>", line 843, in exec_module
  File "<frozen importlib._bootstrap>", line 219, in _call_with_frames_removed
  File "/opt/airflow/dags/airflow.py", line 23, in <module>
    from data_preprocessing_scripts.preprocessing import preprocess_data
ModuleNotFoundError: No module named 'data_preprocessing_scripts'
[2026-08-12T03:40:43.315+0000] {processor.py:841} WARNING - No viable dags retrieved from /opt/airflow/dags/airflow.py
[2026-08-12T03:40:43.323+0000] {processor.py:179} INFO - Processing /opt/airflow/dags/airflow.py took 0.075 seconds
[2026-08-12T03:41:13.503+0000] {processor.py:157} INFO - Started process (PID=8600) to work on /opt/airflow/dags/airflow.py
[2026-08-12T03:41:13.505+0000] {processor.py:829} INFO - Processing file /opt/airflow/dags/airflow.py for tasks to queue
[2026-08-12T03:41:13.507+0000] {logging_mixin.py:151} INFO - [2026-08-12T03:41:13.507+0000] {dagbag.py:536} INFO - Filling up the DagBag from /opt/airflow/dags/airflow.py
[2026-08-12T03:41:13.576+0000] {logging_mixin.py:151} INFO - [2026-08-12T03:41:13.575+0000] {dagbag.py:346} ERROR - Failed to import: /opt/airflow/dags/airflow.py
Traceback (most recent call last):
  File "/home/airflow/.local/lib/python3.8/site-packages/airflow/models/dagbag.py", line 342, in parse
    loader.exec_module(new_module)
  File "<frozen importlib._bootstrap_external>", line 843, in exec_module
  File "<frozen importlib._bootstrap>", line 219, in _call_with_frames_removed
  File "/opt/airflow/dags/airflow.py", line 23, in <module>
    from data_preprocessing_scripts.preprocessing import preprocess_data
ModuleNotFoundError: No module named 'data_preprocessing_scripts'
[2026-08-12T03:41:13.576+0000] {processor.py:841} WARNING - No viable dags retrieved from /opt/airflow/dags/airflow.py
[2026-08-12T03:41:13.586+0000] {processor.py:179} INFO - Processing /opt/airflow/dags/airflow.py took 0.087 seconds
[2026-08-12T03:41:43.808+0000] {processor.py:157} INFO - Started process (PID=8608) to work on /opt/airflow/dags/airflow.py
[2026-08-12T03:41:43.809+0000] {processor.py:829} INFO - Processing file /opt/airflow/dags/airflow.py for tasks to queue
[2026-08-12T03:41:43.811+0000] {logging_mixin.py:151} INFO - [2026-08-12T03:41:43.811+0000] {dagbag.py:536} INFO - Filling up the DagBag from /opt/airflow/dags/airflow.py
[2026-08-12T03:41:43.874+0000] {logging_mixin.py:151} INFO - [2026-08-12T03:41:43.874+0000] {dagbag.py:346} ERROR - Failed to import: /opt/airflow/dags/airflow.py
Traceback (most recent call last):
  File "/home/airflow/.local/lib/python3.8/site-packages/airflow/models/dagbag.py", line 342, in parse
    loader.exec_module(new_module)
  File "<frozen importlib._bootstrap_external>", line 843, in exec_module
  File "<frozen importlib._bootstrap>", line 219, in _call_with_frames_removed
  File "/opt/airflow/dags/airflow.py", line 23, in <module>
    from data_preprocessing_scripts.preprocessing import preprocess_data
ModuleNotFoundError: No module named 'data_preprocessing_scripts'
[2026-08-12T03:41:43.874+0000] {processor.py:841} WARNING - No viable dags retrieved from /opt/airflow/dags/airflow.py
[2026-08-12T03:41:43.884+0000] {processor.py:179} INFO - Processing /opt/airflow/dags/airflow.py took 0.078 seconds
[2026-08-12T03:42:14.101+0000] {processor.py:157} INFO - Started process (PID=8616) to work on /opt/airflow/dags/airflow.py
[2026-08-12T03:42:14.102+0000] {processor.py:829} INFO - Processing file /opt/airflow/dags/airflow.py for tasks to queue
[2026-08-12T03:42:14.103+0000] {logging_mixin.py:151} INFO - [2026-08-12T03:42:14.103+0000] {dagbag.py:536} INFO - Filling up the DagBag from /opt/airflow/dags/airflow.py
[2026-08-12T03:42:14.171+0000] {logging_mixin.py:151} INFO - [2026-08-12T03:42:14.171+0000] {dagbag.py:346} ERROR - Failed to import: /opt/airflow/dags/airflow.py
Traceback (most recent call last):
  File "/home/airflow/.local/lib/python3.8/site-packages/airflow/models/dagbag.py", line 342, in parse
    loader.exec_module(new_module)
  File "<frozen importlib._bootstrap_external>", line 843, in exec_module
  File "<frozen importlib._bootstrap>", line 219, in _call_with_frames_removed
  File "/opt/airflow/dags/airflow.py", line 23, in <module>
    from data_preprocessing_scripts.preprocessing import preprocess_data
ModuleNotFoundError: No module named 'data_preprocessing_scripts'
[2026-08-12T03:42:14.172+0000] {processor.py:841} WARNING - No viable dags retrieved from /opt/airflow/dags/airflow.py
[2026-08-12T03:42:14.180+0000] {processor.py:179} INFO - Processing /opt/airflow/dags/airflow.py took 0.082 seconds
[2026-08-12T03:42:44.374+0000] {processor.py:157} INFO - Started process (PID=8624) to work on /opt/airflow/dags/airflow.py
[2026-08-12T03:42:44.375+0000] {processor.py:829} INFO - Processing file /opt/airflow/dags/airflow.py for tasks to queue
[2026-08-12T03:42:44.376+0000] {logging_mixin.py:151} INFO - [2026-08-12T03:42:44.376+0000] {dagbag.py:536} INFO - Filling up the DagBag from /opt/airflow/dags/airflow.py
[2026-08-12T03:42:44.431+0000] {logging_mixin.py:151} INFO - [2026-08-12T03:42:44.430+0000] {dagbag.py:346} ERROR - Failed to import: /opt/airflow/dags/airflow.py
Traceback (most recent call last):
  File "/home/airflow/.local/lib/python3.8/site-packages/airflow/models/dagbag.py", line 342, in parse
    loader.exec_module(new_module)
  File "<frozen importlib._bootstrap_external>", line 843, in exec_module
  File "<frozen importlib._bootstrap>", line 219, in _call_with_frames_removed
  File "/opt/airflow/dags/airflow.py", line 23, in <module>
    from data_preprocessing_scripts.preprocessing import preprocess_data
ModuleNotFoundError: No module named 'data_preprocessing_scripts'
[2026-08-12T03:42:44.431+0000] {processor.py:841} WARNING - No viable dags retrieved from /opt/airflow/dags/airflow.py
[2026-08-12T03:42:44.440+0000] {processor.py:179} INFO - Processing /opt/airflow/dags/airflow.py took 0.069 seconds
[2026-08-12T03:43:14.658+0000] {processor.py:157} INFO - Started process (PID=8632) to work on /opt/airflow/dags/airflow.py
[2026-08-12T03:43:14.660+0000] {processor.py:829} INFO - Processing file /opt/airflow/dags/airflow.py for tasks to queue
[2026-08-12T03:43:14.661+0000] {logging_mixin.py:151} INFO - [2026-08-12T03:43:14.661+0000] {dagbag.py:536} INFO - Filling up the DagBag from /opt/airflow/dags/airflow.py
[2026-08-12T03:43:14.736+0000] {logging_mixin.py:151} INFO - [2026-08-12T03:43:14.735+0000] {dagbag.py:346} ERROR - Failed to import: /opt/airflow/dags/airflow.py
Traceback (most recent call last):
  File "/home/airflow/.local/lib/python3.8/site-packages/airflow/models/dagbag.py", line 342, in parse
    loader.exec_module(new_module)
  File "<frozen importlib._bootstrap_external>", line 843, in exec_module
  File "<frozen importlib._bootstrap>", line 219, in _call_with_frames_removed
  File "/opt/airflow/dags/airflow.py", line 23, in <module>
    from data_preprocessing_scripts.preprocessing import preprocess_data
ModuleNotFoundError: No module named 'data_preprocessing_scripts'
[2026-08-12T03:43:14.736+0000] {processor.py:841} WARNING - No viable dags retrieved from /opt/airflow/dags/airflow.py
[2026-08-12T03:43:14.745+0000] {processor.py:179} INFO - Processing /opt/airflow/dags/airflow.py took 0.088 seconds
[2026-08-12T03:43:44.899+0000] {processor.py:157} INFO - Started process (PID=8640) to work on /opt/airflow/dags/airflow.py
[2026-08-12T03:43:44.900+0000] {processor.py:829} INFO - Processing file /opt/airflow/dags/airflow.py for tasks to queue
[2026-08-12T03:43:44.901+0000] {logging_mixin.py:151} INFO - [2026-08-12T03:43:44.901+0000] {dagbag.py:536} INFO - Filling up the DagBag from /opt/airflow/dags/airflow.py
[2026-08-12T03:43:44.962+0000] {logging_mixin.py:151} INFO - [2026-08-12T03:43:44.961+0000] {dagbag.py:346} ERROR - Failed to import: /opt/airflow/dags/airflow.py
Traceback (most recent call last):
  File "/home/airflow/.local/lib/python3.8/site-packages/airflow/models/dagbag.py", line 342, in parse
    loader.exec_module(new_module)
  File "<frozen importlib._bootstrap_external>", line 843, in exec_module
  File "<frozen importlib._bootstrap>", line 219, in _call_with_frames_removed
  File "/opt/airflow/dags/airflow.py", line 23, in <module>
    from data_preprocessing_scripts.preprocessing import preprocess_data
ModuleNotFoundError: No module named 'data_preprocessing_scripts'
[2026-08-12T03:43:44.962+0000] {processor.py:841} WARNING - No viable dags retrieved from /opt/airflow/dags/airflow.py
[2026-08-12T03:43:44.971+0000] {processor.py:179} INFO - Processing /opt/airflow/dags/airflow.py took 0.073 seconds
[2026-08-12T03:44:15.199+0000] {processor.py:157} INFO - Started process (PID=8648) to work on /opt/airflow/dags/airflow.py
[2026-08-12T03:44:15.200+0000] {processor.py:829} INFO - Processing file /opt/airflow/dags/airflow.py for tasks to queue
[2026-08-12T03:44:15.202+0000] {logging_mixin.py:151} INFO - [2026-08-12T03:44:15.202+0000] {dagbag.py:536} INFO - Filling up the DagBag from /opt/airflow/dags/airflow.py
[2026-08-12T03:44:15.279+0000] {logging_mixin.py:151} INFO - [2026-08-12T03:44:15.279+0000] {dagbag.py:346} ERROR - Failed to import: /opt/airflow/dags/airflow.py
Traceback (most recent call last):
  File "/home/airflow/.local/lib/python3.8/site-packages/airflow/models/dagbag.py", line 342, in parse
    loader.exec_module(new_module)
  File "<frozen importlib._bootstrap_external>", line 843, in exec_module
  File "<frozen importlib._bootstrap>", line 219, in _call_with_frames_removed
  File "/opt/airflow/dags/airflow.py", line 23, in <module>
    from data_preprocessing_scripts.preprocessing import preprocess_data
ModuleNotFoundError: No module named 'data_preprocessing_scripts'
[2026-08-12T03:44:15.279+0000] {processor.py:841} WARNING - No viable dags retrieved from /opt/airflow/dags/airflow.py
[2026-08-12T03:44:15.287+0000] {processor.py:179} INFO - Processing /opt/airflow/dags/airflow.py took 0.090 seconds
[2026-08-12T03:44:45.457+0000] {processor.py:157} INFO - Started process (PID=8656) to work on /opt/airflow/dags/airflow.py
[2026-08-12T03:44:45.458+0000] {processor.py:829} INFO - Processing file /opt/airflow/dags/airflow.py for tasks to queue
[2026-08-12T03:44:45.459+0000] {logging_mixin.py:151} INFO - [2026-08-12T03:44:45.459+0000] {dagbag.py:536} INFO - Filling up the DagBag from /opt/airflow/dags/airflow.py
[2026-08-12T03:44:45.517+0000] {logging_mixin.py:151} INFO - [2026-08-12T03:44:45.516+0000] {dagbag.py:346} ERROR - Failed to import: /opt/airflow/dags/airflow.py
Traceback (most recent call last):
  File "/home/airflow/.local/lib/python3.8/site-packages/airflow/models/dagbag.py", line 342, in parse
    loader.exec_module(new_module)
  File "<frozen importlib._bootstrap_external>", line 843, in exec_module
  File "<frozen importlib._bootstrap>", line 219, in _call_with_frames_removed
  File "/opt/airflow/dags/airflow.py", line 23, in <module>
    from data_preprocessing_scripts.preprocessing import preprocess_data
ModuleNotFoundError: No module named 'data_preprocessing_scripts'
[2026-08-12T03:44:45.517+0000] {processor.py:841} WARNING - No viable dags retrieved from /opt/airflow/dags/airflow.py
[2026-08-12T03:44:45.525+0000] {processor.py:179} INFO - Processing /opt/airflow/dags/airflow.py took 0.071 seconds
[2026-08-12T03:45:15.722+0000] {processor.py:157} INFO - Started process (PID=8664) to work on /opt/airflow/dags/airflow.py
[2026-08-12T03:45:15.722+0000] {processor.py:829} INFO - Processing file /opt/airflow/dags/airflow.py for tasks to queue
[2026-08-12T03:45:15.724+0000] {logging_mixin.py:151} INFO - [2026-08-12T03:45:15.724+0000] {dagbag.py:536} INFO - Filling up the DagBag from /opt/airflow/dags/airflow.py
[2026-08-12T03:45:15.789+0000] {logging_mixin.py:151} INFO - [2026-08-12T03:45:15.789+0000] {dagbag.py:346} ERROR - Failed to import: /opt/airflow/dags/airflow.py
Traceback (most recent call last):
  File "/home/airflow/.local/lib/python3.8/site-packages/airflow/models/dagbag.py", line 342, in parse
    loader.exec_module(new_module)
  File "<frozen importlib._bootstrap_external>", line 843, in exec_module
  File "<frozen importlib._bootstrap>", line 219, in _call_with_frames_removed
  File "/opt/airflow/dags/airflow.py", line 23, in <module>
    from data_preprocessing_scripts.preprocessing import preprocess_data
ModuleNotFoundError: No module named 'data_preprocessing_scripts'
[2026-08-12T03:45:15.790+0000] {processor.py:841} WARNING - No viable dags retrieved from /opt/airflow/dags/airflow.py
[2026-08-12T03:45:15.800+0000] {processor.py:179} INFO - Processing /opt/airflow/dags/airflow.py took 0.081 seconds
[2026-08-12T03:45:45.948+0000] {processor.py:157} INFO - Started process (PID=8672) to work on /opt/airflow/dags/airflow.py
[2026-08-12T03:45:45.949+0000] {processor.py:829} INFO - Processing file /opt/airflow/dags/airflow.py for tasks to queue
[2026-08-12T03:45:45.950+0000] {logging_mixin.py:151} INFO - [2026-08-12T03:45:45.950+0000] {dagbag.py:536} INFO - Filling up the DagBag from /opt/airflow/dags/airflow.py
[2026-08-12T03:45:46.012+0000] {logging_mixin.py:151} INFO - [2026-08-12T03:45:46.011+0000] {dagbag.py:346} ERROR - Failed to import: /opt/airflow/dags/airflow.py
Traceback (most recent call last):
  File "/home/airflow/.local/lib/python3.8/site-packages/airflow/models/dagbag.py", line 342, in parse
    loader.exec_module(new_module)
  File "<frozen importlib._bootstrap_external>", line 843, in exec_module
  File "<frozen importlib._bootstrap>", line 219, in _call_with_frames_removed
  File "/opt/airflow/dags/airflow.py", line 23, in <module>
    from data_preprocessing_scripts.preprocessing import preprocess_data
ModuleNotFoundError: No module named 'data_preprocessing_scripts'
[2026-08-12T03:45:46.012+0000] {processor.py:841} WARNING - No viable dags retrieved from /opt/airflow/dags/airflow.py
[2026-08-12T03:45:46.021+0000] {processor.py:179} INFO - Processing /opt/airflow/dags/airflow.py took 0.075 seconds
[2026-08-12T03:46:16.236+0000] {processor.py:157} INFO - Started process (PID=8680) to work on /opt/airflow/dags/airflow.py
[2026-08-12T03:46:16.238+0000] {processor.py:829} INFO - Processing file /opt/airflow/dags/airflow.py for tasks to queue
[2026-08-12T03:46:16.245+0000] {logging_mixin.py:151} INFO - [2026-08-12T03:46:16.245+0000] {dagbag.py:536} INFO - Filling up the DagBag from /opt/airflow/dags/airflow.py
[2026-08-12T03:46:16.307+0000] {logging_mixin.py:151} INFO - [2026-08-12T03:46:16.306+0000] {dagbag.py:346} ERROR - Failed to import: /opt/airflow/dags/airflow.py
Traceback (most recent call last):
  File "/home/airflow/.local/lib/python3.8/site-packages/airflow/models/dagbag.py", line 342, in parse
    loader.exec_module(new_module)
  File "<frozen importlib._bootstrap_external>", line 843, in exec_module
  File "<frozen importlib._bootstrap>", line 219, in _call_with_frames_removed
  File "/opt/airflow/dags/airflow.py", line 23, in <module>
    from data_preprocessing_scripts.preprocessing import preprocess_data
ModuleNotFoundError: No module named 'data_preprocessing_scripts'
[2026-08-12T03:46:16.307+0000] {processor.py:841} WARNING - No viable dags retrieved from /opt/airflow/dags/airflow.py
[2026-08-12T03:46:16.316+0000] {processor.py:179} INFO - Processing /opt/airflow/dags/airflow.py took 0.082 seconds
[2026-08-12T03:46:46.509+0000] {processor.py:157} INFO - Started process (PID=8688) to work on /opt/airflow/dags/airflow.py
[2026-08-12T03:46:46.510+0000] {processor.py:829} INFO - Processing file /opt/airflow/dags/airflow.py for tasks to queue
[2026-08-12T03:46:46.511+0000] {logging_mixin.py:151} INFO - [2026-08-12T03:46:46.511+0000] {dagbag.py:536} INFO - Filling up the DagBag from /opt/airflow/dags/airflow.py
[2026-08-12T03:46:46.570+0000] {logging_mixin.py:151} INFO - [2026-08-12T03:46:46.569+0000] {dagbag.py:346} ERROR - Failed to import: /opt/airflow/dags/airflow.py
Traceback (most recent call last):
  File "/home/airflow/.local/lib/python3.8/site-packages/airflow/models/dagbag.py", line 342, in parse
    loader.exec_module(new_module)
  File "<frozen importlib._bootstrap_external>", line 843, in exec_module
  File "<frozen importlib._bootstrap>", line 219, in _call_with_frames_removed
  File "/opt/airflow/dags/airflow.py", line 23, in <module>
    from data_preprocessing_scripts.preprocessing import preprocess_data
ModuleNotFoundError: No module named 'data_preprocessing_scripts'
[2026-08-12T03:46:46.570+0000] {processor.py:841} WARNING - No viable dags retrieved from /opt/airflow/dags/airflow.py
[2026-08-12T03:46:46.579+0000] {processor.py:179} INFO - Processing /opt/airflow/dags/airflow.py took 0.072 seconds
[2026-08-12T03:47:16.771+0000] {processor.py:157} INFO - Started process (PID=8696) to work on /opt/airflow/dags/airflow.py
[2026-08-12T03:47:16.772+0000] {processor.py:829} INFO - Processing file /opt/airflow/dags/airflow.py for tasks to queue
[2026-08-12T03:47:16.773+0000] {logging_mixin.py:151} INFO - [2026-08-12T03:47:16.773+0000] {dagbag.py:536} INFO - Filling up the DagBag from /opt/airflow/dags/airflow.py
[2026-08-12T03:47:16.833+0000] {logging_mixin.py:151} INFO - [2026-08-12T03:47:16.832+0000] {dagbag.py:346} ERROR - Failed to import: /opt/airflow/dags/airflow.py
Traceback (most recent call last):
  File "/home/airflow/.local/lib/python3.8/site-packages/airflow/models/dagbag.py", line 342, in parse
    loader.exec_module(new_module)
  File "<frozen importlib._bootstrap_external>", line 843, in exec_module
  File "<frozen importlib._bootstrap>", line 219, in _call_with_frames_removed
  File "/opt/airflow/dags/airflow.py", line 23, in <module>
    from data_preprocessing_scripts.preprocessing import preprocess_data
ModuleNotFoundError: No module named 'data_preprocessing_scripts'
[2026-08-12T03:47:16.833+0000] {processor.py:841} WARNING - No viable dags retrieved from /opt/airflow/dags/airflow.py
[2026-08-12T03:47:16.841+0000] {processor.py:179} INFO - Processing /opt/airflow/dags/airflow.py took 0.073 seconds
[2026-08-12T03:47:47.012+0000] {processor.py:157} INFO - Started process (PID=8704) to work on /opt/airflow/dags/airflow.py
[2026-08-12T03:47:47.013+0000] {processor.py:829} INFO - Processing file /opt/airflow/dags/airflow.py for tasks to queue
[2026-08-12T03:47:47.014+0000] {logging_mixin.py:151} INFO - [2026-08-12T03:47:47.014+0000] {dagbag.py:536} INFO - Filling up the DagBag from /opt/airflow/dags/airflow.py
[2026-08-12T03:47:47.073+0000] {logging_mixin.py:151} INFO - [2026-08-12T03:47:47.072+0000] {dagbag.py:346} ERROR - Failed to import: /opt/airflow/dags/airflow.py
Traceback (most recent call last):
  File "/home/airflow/.local/lib/python3.8/site-packages/airflow/models/dagbag.py", line 342, in parse
    loader.exec_module(new_module)
  File "<frozen importlib._bootstrap_external>", line 843, in exec_module
  File "<frozen importlib._bootstrap>", line 219, in _call_with_frames_removed
  File "/opt/airflow/dags/airflow.py", line 23, in <module>
    from data_preprocessing_scripts.preprocessing import preprocess_data
ModuleNotFoundError: No module named 'data_preprocessing_scripts'
[2026-08-12T03:47:47.073+0000] {processor.py:841} WARNING - No viable dags retrieved from /opt/airflow/dags/airflow.py
[2026-08-12T03:47:47.081+0000] {processor.py:179} INFO - Processing /opt/airflow/dags/airflow.py took 0.072 seconds
[2026-08-12T03:48:17.304+0000] {processor.py:157} INFO - Started process (PID=8712) to work on /opt/airflow/dags/airflow.py
[2026-08-12T03:48:17.305+0000] {processor.py:829} INFO - Processing file /opt/airflow/dags/airflow.py for tasks to queue
[2026-08-12T03:48:17.306+0000] {logging_mixin.py:151} INFO - [2026-08-12T03:48:17.306+0000] {dagbag.py:536} INFO - Filling up the DagBag from /opt/airflow/dags/airflow.py
[2026-08-12T03:48:17.368+0000] {logging_mixin.py:151} INFO - [2026-08-12T03:48:17.368+0000] {dagbag.py:346} ERROR - Failed to import: /opt/airflow/dags/airflow.py
Traceback (most recent call last):
  File "/home/airflow/.local/lib/python3.8/site-packages/airflow/models/dagbag.py", line 342, in parse
    loader.exec_module(new_module)
  File "<frozen importlib._bootstrap_external>", line 843, in exec_module
  File "<frozen importlib._bootstrap>", line 219, in _call_with_frames_removed
  File "/opt/airflow/dags/airflow.py", line 23, in <module>
    from data_preprocessing_scripts.preprocessing import preprocess_data
ModuleNotFoundError: No module named 'data_preprocessing_scripts'
[2026-08-12T03:48:17.369+0000] {processor.py:841} WARNING - No viable dags retrieved from /opt/airflow/dags/airflow.py
[2026-08-12T03:48:17.379+0000] {processor.py:179} INFO - Processing /opt/airflow/dags/airflow.py took 0.076 seconds
[2026-08-12T03:48:47.649+0000] {processor.py:157} INFO - Started process (PID=8719) to work on /opt/airflow/dags/airflow.py
[2026-08-12T03:48:47.649+0000] {processor.py:829} INFO - Processing file /opt/airflow/dags/airflow.py for tasks to queue
[2026-08-12T03:48:47.651+0000] {logging_mixin.py:151} INFO - [2026-08-12T03:48:47.651+0000] {dagbag.py:536} INFO - Filling up the DagBag from /opt/airflow/dags/airflow.py
[2026-08-12T03:48:47.715+0000] {logging_mixin.py:151} INFO - [2026-08-12T03:48:47.714+0000] {dagbag.py:346} ERROR - Failed to import: /opt/airflow/dags/airflow.py
Traceback (most recent call last):
  File "/home/airflow/.local/lib/python3.8/site-packages/airflow/models/dagbag.py", line 342, in parse
    loader.exec_module(new_module)
  File "<frozen importlib._bootstrap_external>", line 843, in exec_module
  File "<frozen importlib._bootstrap>", line 219, in _call_with_frames_removed
  File "/opt/airflow/dags/airflow.py", line 23, in <module>
    from data_preprocessing_scripts.preprocessing import preprocess_data
ModuleNotFoundError: No module named 'data_preprocessing_scripts'
[2026-08-12T03:48:47.715+0000] {processor.py:841} WARNING - No viable dags retrieved from /opt/airflow/dags/airflow.py
[2026-08-12T03:48:47.723+0000] {processor.py:179} INFO - Processing /opt/airflow/dags/airflow.py took 0.077 seconds
[2026-08-12T03:49:17.919+0000] {processor.py:157} INFO - Started process (PID=8727) to work on /opt/airflow/dags/airflow.py
[2026-08-12T03:49:17.920+0000] {processor.py:829} INFO - Processing file /opt/airflow/dags/airflow.py for tasks to queue
[2026-08-12T03:49:17.922+0000] {logging_mixin.py:151} INFO - [2026-08-12T03:49:17.922+0000] {dagbag.py:536} INFO - Filling up the DagBag from /opt/airflow/dags/airflow.py
[2026-08-12T03:49:17.982+0000] {logging_mixin.py:151} INFO - [2026-08-12T03:49:17.982+0000] {dagbag.py:346} ERROR - Failed to import: /opt/airflow/dags/airflow.py
Traceback (most recent call last):
  File "/home/airflow/.local/lib/python3.8/site-packages/airflow/models/dagbag.py", line 342, in parse
    loader.exec_module(new_module)
  File "<frozen importlib._bootstrap_external>", line 843, in exec_module
  File "<frozen importlib._bootstrap>", line 219, in _call_with_frames_removed
  File "/opt/airflow/dags/airflow.py", line 23, in <module>
    from data_preprocessing_scripts.preprocessing import preprocess_data
ModuleNotFoundError: No module named 'data_preprocessing_scripts'
[2026-08-12T03:49:17.982+0000] {processor.py:841} WARNING - No viable dags retrieved from /opt/airflow/dags/airflow.py
[2026-08-12T03:49:17.990+0000] {processor.py:179} INFO - Processing /opt/airflow/dags/airflow.py took 0.074 seconds
[2026-08-12T03:49:48.205+0000] {processor.py:157} INFO - Started process (PID=8735) to work on /opt/airflow/dags/airflow.py
[2026-08-12T03:49:48.205+0000] {processor.py:829} INFO - Processing file /opt/airflow/dags/airflow.py for tasks to queue
[2026-08-12T03:49:48.208+0000] {logging_mixin.py:151} INFO - [2026-08-12T03:49:48.207+0000] {dagbag.py:536} INFO - Filling up the DagBag from /opt/airflow/dags/airflow.py
[2026-08-12T03:49:48.270+0000] {logging_mixin.py:151} INFO - [2026-08-12T03:49:48.269+0000] {dagbag.py:346} ERROR - Failed to import: /opt/airflow/dags/airflow.py
Traceback (most recent call last):
  File "/home/airflow/.local/lib/python3.8/site-packages/airflow/models/dagbag.py", line 342, in parse
    loader.exec_module(new_module)
  File "<frozen importlib._bootstrap_external>", line 843, in exec_module
  File "<frozen importlib._bootstrap>", line 219, in _call_with_frames_removed
  File "/opt/airflow/dags/airflow.py", line 23, in <module>
    from data_preprocessing_scripts.preprocessing import preprocess_data
ModuleNotFoundError: No module named 'data_preprocessing_scripts'
[2026-08-12T03:49:48.270+0000] {processor.py:841} WARNING - No viable dags retrieved from /opt/airflow/dags/airflow.py
[2026-08-12T03:49:48.279+0000] {processor.py:179} INFO - Processing /opt/airflow/dags/airflow.py took 0.077 seconds
[2026-08-12T03:50:18.462+0000] {processor.py:157} INFO - Started process (PID=8743) to work on /opt/airflow/dags/airflow.py
[2026-08-12T03:50:18.462+0000] {processor.py:829} INFO - Processing file /opt/airflow/dags/airflow.py for tasks to queue
[2026-08-12T03:50:18.465+0000] {logging_mixin.py:151} INFO - [2026-08-12T03:50:18.464+0000] {dagbag.py:536} INFO - Filling up the DagBag from /opt/airflow/dags/airflow.py
[2026-08-12T03:50:18.541+0000] {logging_mixin.py:151} INFO - [2026-08-12T03:50:18.540+0000] {dagbag.py:346} ERROR - Failed to import: /opt/airflow/dags/airflow.py
Traceback (most recent call last):
  File "/home/airflow/.local/lib/python3.8/site-packages/airflow/models/dagbag.py", line 342, in parse
    loader.exec_module(new_module)
  File "<frozen importlib._bootstrap_external>", line 843, in exec_module
  File "<frozen importlib._bootstrap>", line 219, in _call_with_frames_removed
  File "/opt/airflow/dags/airflow.py", line 23, in <module>
    from data_preprocessing_scripts.preprocessing import preprocess_data
ModuleNotFoundError: No module named 'data_preprocessing_scripts'
[2026-08-12T03:50:18.541+0000] {processor.py:841} WARNING - No viable dags retrieved from /opt/airflow/dags/airflow.py
[2026-08-12T03:50:18.550+0000] {processor.py:179} INFO - Processing /opt/airflow/dags/airflow.py took 0.091 seconds
[2026-08-12T03:50:48.735+0000] {processor.py:157} INFO - Started process (PID=8751) to work on /opt/airflow/dags/airflow.py
[2026-08-12T03:50:48.735+0000] {processor.py:829} INFO - Processing file /opt/airflow/dags/airflow.py for tasks to queue
[2026-08-12T03:50:48.737+0000] {logging_mixin.py:151} INFO - [2026-08-12T03:50:48.736+0000] {dagbag.py:536} INFO - Filling up the DagBag from /opt/airflow/dags/airflow.py
[2026-08-12T03:50:48.792+0000] {logging_mixin.py:151} INFO - [2026-08-12T03:50:48.791+0000] {dagbag.py:346} ERROR - Failed to import: /opt/airflow/dags/airflow.py
Traceback (most recent call last):
  File "/home/airflow/.local/lib/python3.8/site-packages/airflow/models/dagbag.py", line 342, in parse
    loader.exec_module(new_module)
  File "<frozen importlib._bootstrap_external>", line 843, in exec_module
  File "<frozen importlib._bootstrap>", line 219, in _call_with_frames_removed
  File "/opt/airflow/dags/airflow.py", line 23, in <module>
    from data_preprocessing_scripts.preprocessing import preprocess_data
ModuleNotFoundError: No module named 'data_preprocessing_scripts'
[2026-08-12T03:50:48.792+0000] {processor.py:841} WARNING - No viable dags retrieved from /opt/airflow/dags/airflow.py
[2026-08-12T03:50:48.800+0000] {processor.py:179} INFO - Processing /opt/airflow/dags/airflow.py took 0.068 seconds
[2026-08-12T03:51:18.969+0000] {processor.py:157} INFO - Started process (PID=8759) to work on /opt/airflow/dags/airflow.py
[2026-08-12T03:51:18.970+0000] {processor.py:829} INFO - Processing file /opt/airflow/dags/airflow.py for tasks to queue
[2026-08-12T03:51:18.975+0000] {logging_mixin.py:151} INFO - [2026-08-12T03:51:18.974+0000] {dagbag.py:536} INFO - Filling up the DagBag from /opt/airflow/dags/airflow.py
[2026-08-12T03:51:19.045+0000] {logging_mixin.py:151} INFO - [2026-08-12T03:51:19.044+0000] {dagbag.py:346} ERROR - Failed to import: /opt/airflow/dags/airflow.py
Traceback (most recent call last):
  File "/home/airflow/.local/lib/python3.8/site-packages/airflow/models/dagbag.py", line 342, in parse
    loader.exec_module(new_module)
  File "<frozen importlib._bootstrap_external>", line 843, in exec_module
  File "<frozen importlib._bootstrap>", line 219, in _call_with_frames_removed
  File "/opt/airflow/dags/airflow.py", line 23, in <module>
    from data_preprocessing_scripts.preprocessing import preprocess_data
ModuleNotFoundError: No module named 'data_preprocessing_scripts'
[2026-08-12T03:51:19.045+0000] {processor.py:841} WARNING - No viable dags retrieved from /opt/airflow/dags/airflow.py
[2026-08-12T03:51:19.058+0000] {processor.py:179} INFO - Processing /opt/airflow/dags/airflow.py took 0.094 seconds
[2026-08-12T03:51:49.231+0000] {processor.py:157} INFO - Started process (PID=8767) to work on /opt/airflow/dags/airflow.py
[2026-08-12T03:51:49.231+0000] {processor.py:829} INFO - Processing file /opt/airflow/dags/airflow.py for tasks to queue
[2026-08-12T03:51:49.232+0000] {logging_mixin.py:151} INFO - [2026-08-12T03:51:49.232+0000] {dagbag.py:536} INFO - Filling up the DagBag from /opt/airflow/dags/airflow.py
[2026-08-12T03:51:49.304+0000] {logging_mixin.py:151} INFO - [2026-08-12T03:51:49.303+0000] {dagbag.py:346} ERROR - Failed to import: /opt/airflow/dags/airflow.py
Traceback (most recent call last):
  File "/home/airflow/.local/lib/python3.8/site-packages/airflow/models/dagbag.py", line 342, in parse
    loader.exec_module(new_module)
  File "<frozen importlib._bootstrap_external>", line 843, in exec_module
  File "<frozen importlib._bootstrap>", line 219, in _call_with_frames_removed
  File "/opt/airflow/dags/airflow.py", line 23, in <module>
    from data_preprocessing_scripts.preprocessing import preprocess_data
ModuleNotFoundError: No module named 'data_preprocessing_scripts'
[2026-08-12T03:51:49.304+0000] {processor.py:841} WARNING - No viable dags retrieved from /opt/airflow/dags/airflow.py
[2026-08-12T03:51:49.316+0000] {processor.py:179} INFO - Processing /opt/airflow/dags/airflow.py took 0.089 seconds
[2026-08-12T03:52:19.563+0000] {processor.py:157} INFO - Started process (PID=8775) to work on /opt/airflow/dags/airflow.py
[2026-08-12T03:52:19.564+0000] {processor.py:829} INFO - Processing file /opt/airflow/dags/airflow.py for tasks to queue
[2026-08-12T03:52:19.566+0000] {logging_mixin.py:151} INFO - [2026-08-12T03:52:19.566+0000] {dagbag.py:536} INFO - Filling up the DagBag from /opt/airflow/dags/airflow.py
[2026-08-12T03:52:19.636+0000] {logging_mixin.py:151} INFO - [2026-08-12T03:52:19.635+0000] {dagbag.py:346} ERROR - Failed to import: /opt/airflow/dags/airflow.py
Traceback (most recent call last):
  File "/home/airflow/.local/lib/python3.8/site-packages/airflow/models/dagbag.py", line 342, in parse
    loader.exec_module(new_module)
  File "<frozen importlib._bootstrap_external>", line 843, in exec_module
  File "<frozen importlib._bootstrap>", line 219, in _call_with_frames_removed
  File "/opt/airflow/dags/airflow.py", line 23, in <module>
    from data_preprocessing_scripts.preprocessing import preprocess_data
ModuleNotFoundError: No module named 'data_preprocessing_scripts'
[2026-08-12T03:52:19.636+0000] {processor.py:841} WARNING - No viable dags retrieved from /opt/airflow/dags/airflow.py
[2026-08-12T03:52:19.648+0000] {processor.py:179} INFO - Processing /opt/airflow/dags/airflow.py took 0.087 seconds
[2026-08-12T03:52:49.858+0000] {processor.py:157} INFO - Started process (PID=8783) to work on /opt/airflow/dags/airflow.py
[2026-08-12T03:52:49.859+0000] {processor.py:829} INFO - Processing file /opt/airflow/dags/airflow.py for tasks to queue
[2026-08-12T03:52:49.860+0000] {logging_mixin.py:151} INFO - [2026-08-12T03:52:49.860+0000] {dagbag.py:536} INFO - Filling up the DagBag from /opt/airflow/dags/airflow.py
[2026-08-12T03:52:49.922+0000] {logging_mixin.py:151} INFO - [2026-08-12T03:52:49.922+0000] {dagbag.py:346} ERROR - Failed to import: /opt/airflow/dags/airflow.py
Traceback (most recent call last):
  File "/home/airflow/.local/lib/python3.8/site-packages/airflow/models/dagbag.py", line 342, in parse
    loader.exec_module(new_module)
  File "<frozen importlib._bootstrap_external>", line 843, in exec_module
  File "<frozen importlib._bootstrap>", line 219, in _call_with_frames_removed
  File "/opt/airflow/dags/airflow.py", line 23, in <module>
    from data_preprocessing_scripts.preprocessing import preprocess_data
ModuleNotFoundError: No module named 'data_preprocessing_scripts'
[2026-08-12T03:52:49.923+0000] {processor.py:841} WARNING - No viable dags retrieved from /opt/airflow/dags/airflow.py
[2026-08-12T03:52:49.933+0000] {processor.py:179} INFO - Processing /opt/airflow/dags/airflow.py took 0.077 seconds
[2026-08-12T03:53:20.160+0000] {processor.py:157} INFO - Started process (PID=8791) to work on /opt/airflow/dags/airflow.py
[2026-08-12T03:53:20.161+0000] {processor.py:829} INFO - Processing file /opt/airflow/dags/airflow.py for tasks to queue
[2026-08-12T03:53:20.163+0000] {logging_mixin.py:151} INFO - [2026-08-12T03:53:20.163+0000] {dagbag.py:536} INFO - Filling up the DagBag from /opt/airflow/dags/airflow.py
[2026-08-12T03:53:20.240+0000] {logging_mixin.py:151} INFO - [2026-08-12T03:53:20.239+0000] {dagbag.py:346} ERROR - Failed to import: /opt/airflow/dags/airflow.py
Traceback (most recent call last):
  File "/home/airflow/.local/lib/python3.8/site-packages/airflow/models/dagbag.py", line 342, in parse
    loader.exec_module(new_module)
  File "<frozen importlib._bootstrap_external>", line 843, in exec_module
  File "<frozen importlib._bootstrap>", line 219, in _call_with_frames_removed
  File "/opt/airflow/dags/airflow.py", line 23, in <module>
    from data_preprocessing_scripts.preprocessing import preprocess_data
ModuleNotFoundError: No module named 'data_preprocessing_scripts'
[2026-08-12T03:53:20.240+0000] {processor.py:841} WARNING - No viable dags retrieved from /opt/airflow/dags/airflow.py
[2026-08-12T03:53:20.249+0000] {processor.py:179} INFO - Processing /opt/airflow/dags/airflow.py took 0.093 seconds
[2026-08-12T03:53:50.446+0000] {processor.py:157} INFO - Started process (PID=8799) to work on /opt/airflow/dags/airflow.py
[2026-08-12T03:53:50.447+0000] {processor.py:829} INFO - Processing file /opt/airflow/dags/airflow.py for tasks to queue
[2026-08-12T03:53:50.449+0000] {logging_mixin.py:151} INFO - [2026-08-12T03:53:50.449+0000] {dagbag.py:536} INFO - Filling up the DagBag from /opt/airflow/dags/airflow.py
[2026-08-12T03:53:50.511+0000] {logging_mixin.py:151} INFO - [2026-08-12T03:53:50.511+0000] {dagbag.py:346} ERROR - Failed to import: /opt/airflow/dags/airflow.py
Traceback (most recent call last):
  File "/home/airflow/.local/lib/python3.8/site-packages/airflow/models/dagbag.py", line 342, in parse
    loader.exec_module(new_module)
  File "<frozen importlib._bootstrap_external>", line 843, in exec_module
  File "<frozen importlib._bootstrap>", line 219, in _call_with_frames_removed
  File "/opt/airflow/dags/airflow.py", line 23, in <module>
    from data_preprocessing_scripts.preprocessing import preprocess_data
ModuleNotFoundError: No module named 'data_preprocessing_scripts'
[2026-08-12T03:53:50.512+0000] {processor.py:841} WARNING - No viable dags retrieved from /opt/airflow/dags/airflow.py
[2026-08-12T03:53:50.520+0000] {processor.py:179} INFO - Processing /opt/airflow/dags/airflow.py took 0.077 seconds
[2026-08-12T03:54:20.756+0000] {processor.py:157} INFO - Started process (PID=8807) to work on /opt/airflow/dags/airflow.py
[2026-08-12T03:54:20.757+0000] {processor.py:829} INFO - Processing file /opt/airflow/dags/airflow.py for tasks to queue
[2026-08-12T03:54:20.759+0000] {logging_mixin.py:151} INFO - [2026-08-12T03:54:20.758+0000] {dagbag.py:536} INFO - Filling up the DagBag from /opt/airflow/dags/airflow.py
[2026-08-12T03:54:20.835+0000] {logging_mixin.py:151} INFO - [2026-08-12T03:54:20.834+0000] {dagbag.py:346} ERROR - Failed to import: /opt/airflow/dags/airflow.py
Traceback (most recent call last):
  File "/home/airflow/.local/lib/python3.8/site-packages/airflow/models/dagbag.py", line 342, in parse
    loader.exec_module(new_module)
  File "<frozen importlib._bootstrap_external>", line 843, in exec_module
  File "<frozen importlib._bootstrap>", line 219, in _call_with_frames_removed
  File "/opt/airflow/dags/airflow.py", line 23, in <module>
    from data_preprocessing_scripts.preprocessing import preprocess_data
ModuleNotFoundError: No module named 'data_preprocessing_scripts'
[2026-08-12T03:54:20.835+0000] {processor.py:841} WARNING - No viable dags retrieved from /opt/airflow/dags/airflow.py
[2026-08-12T03:54:20.843+0000] {processor.py:179} INFO - Processing /opt/airflow/dags/airflow.py took 0.090 seconds
[2026-08-12T03:54:51.026+0000] {processor.py:157} INFO - Started process (PID=8815) to work on /opt/airflow/dags/airflow.py
[2026-08-12T03:54:51.027+0000] {processor.py:829} INFO - Processing file /opt/airflow/dags/airflow.py for tasks to queue
[2026-08-12T03:54:51.029+0000] {logging_mixin.py:151} INFO - [2026-08-12T03:54:51.029+0000] {dagbag.py:536} INFO - Filling up the DagBag from /opt/airflow/dags/airflow.py
[2026-08-12T03:54:51.093+0000] {logging_mixin.py:151} INFO - [2026-08-12T03:54:51.092+0000] {dagbag.py:346} ERROR - Failed to import: /opt/airflow/dags/airflow.py
Traceback (most recent call last):
  File "/home/airflow/.local/lib/python3.8/site-packages/airflow/models/dagbag.py", line 342, in parse
    loader.exec_module(new_module)
  File "<frozen importlib._bootstrap_external>", line 843, in exec_module
  File "<frozen importlib._bootstrap>", line 219, in _call_with_frames_removed
  File "/opt/airflow/dags/airflow.py", line 23, in <module>
    from data_preprocessing_scripts.preprocessing import preprocess_data
ModuleNotFoundError: No module named 'data_preprocessing_scripts'
[2026-08-12T03:54:51.093+0000] {processor.py:841} WARNING - No viable dags retrieved from /opt/airflow/dags/airflow.py
[2026-08-12T03:54:51.102+0000] {processor.py:179} INFO - Processing /opt/airflow/dags/airflow.py took 0.078 seconds
[2026-08-12T03:55:21.280+0000] {processor.py:157} INFO - Started process (PID=8823) to work on /opt/airflow/dags/airflow.py
[2026-08-12T03:55:21.282+0000] {processor.py:829} INFO - Processing file /opt/airflow/dags/airflow.py for tasks to queue
[2026-08-12T03:55:21.284+0000] {logging_mixin.py:151} INFO - [2026-08-12T03:55:21.284+0000] {dagbag.py:536} INFO - Filling up the DagBag from /opt/airflow/dags/airflow.py
[2026-08-12T03:55:21.350+0000] {logging_mixin.py:151} INFO - [2026-08-12T03:55:21.349+0000] {dagbag.py:346} ERROR - Failed to import: /opt/airflow/dags/airflow.py
Traceback (most recent call last):
  File "/home/airflow/.local/lib/python3.8/site-packages/airflow/models/dagbag.py", line 342, in parse
    loader.exec_module(new_module)
  File "<frozen importlib._bootstrap_external>", line 843, in exec_module
  File "<frozen importlib._bootstrap>", line 219, in _call_with_frames_removed
  File "/opt/airflow/dags/airflow.py", line 23, in <module>
    from data_preprocessing_scripts.preprocessing import preprocess_data
ModuleNotFoundError: No module named 'data_preprocessing_scripts'
[2026-08-12T03:55:21.350+0000] {processor.py:841} WARNING - No viable dags retrieved from /opt/airflow/dags/airflow.py
[2026-08-12T03:55:21.359+0000] {processor.py:179} INFO - Processing /opt/airflow/dags/airflow.py took 0.082 seconds
[2026-08-12T03:55:51.571+0000] {processor.py:157} INFO - Started process (PID=8831) to work on /opt/airflow/dags/airflow.py
[2026-08-12T03:55:51.572+0000] {processor.py:829} INFO - Processing file /opt/airflow/dags/airflow.py for tasks to queue
[2026-08-12T03:55:51.573+0000] {logging_mixin.py:151} INFO - [2026-08-12T03:55:51.572+0000] {dagbag.py:536} INFO - Filling up the DagBag from /opt/airflow/dags/airflow.py
[2026-08-12T03:55:51.626+0000] {logging_mixin.py:151} INFO - [2026-08-12T03:55:51.626+0000] {dagbag.py:346} ERROR - Failed to import: /opt/airflow/dags/airflow.py
Traceback (most recent call last):
  File "/home/airflow/.local/lib/python3.8/site-packages/airflow/models/dagbag.py", line 342, in parse
    loader.exec_module(new_module)
  File "<frozen importlib._bootstrap_external>", line 843, in exec_module
  File "<frozen importlib._bootstrap>", line 219, in _call_with_frames_removed
  File "/opt/airflow/dags/airflow.py", line 23, in <module>
    from data_preprocessing_scripts.preprocessing import preprocess_data
ModuleNotFoundError: No module named 'data_preprocessing_scripts'
[2026-08-12T03:55:51.626+0000] {processor.py:841} WARNING - No viable dags retrieved from /opt/airflow/dags/airflow.py
[2026-08-12T03:55:51.636+0000] {processor.py:179} INFO - Processing /opt/airflow/dags/airflow.py took 0.066 seconds
[2026-08-12T03:56:21.911+0000] {processor.py:157} INFO - Started process (PID=8839) to work on /opt/airflow/dags/airflow.py
[2026-08-12T03:56:21.911+0000] {processor.py:829} INFO - Processing file /opt/airflow/dags/airflow.py for tasks to queue
[2026-08-12T03:56:21.913+0000] {logging_mixin.py:151} INFO - [2026-08-12T03:56:21.913+0000] {dagbag.py:536} INFO - Filling up the DagBag from /opt/airflow/dags/airflow.py
[2026-08-12T03:56:21.994+0000] {logging_mixin.py:151} INFO - [2026-08-12T03:56:21.994+0000] {dagbag.py:346} ERROR - Failed to import: /opt/airflow/dags/airflow.py
Traceback (most recent call last):
  File "/home/airflow/.local/lib/python3.8/site-packages/airflow/models/dagbag.py", line 342, in parse
    loader.exec_module(new_module)
  File "<frozen importlib._bootstrap_external>", line 843, in exec_module
  File "<frozen importlib._bootstrap>", line 219, in _call_with_frames_removed
  File "/opt/airflow/dags/airflow.py", line 23, in <module>
    from data_preprocessing_scripts.preprocessing import preprocess_data
ModuleNotFoundError: No module named 'data_preprocessing_scripts'
[2026-08-12T03:56:21.994+0000] {processor.py:841} WARNING - No viable dags retrieved from /opt/airflow/dags/airflow.py
[2026-08-12T03:56:22.003+0000] {processor.py:179} INFO - Processing /opt/airflow/dags/airflow.py took 0.095 seconds
[2026-08-12T03:56:52.217+0000] {processor.py:157} INFO - Started process (PID=8847) to work on /opt/airflow/dags/airflow.py
[2026-08-12T03:56:52.218+0000] {processor.py:829} INFO - Processing file /opt/airflow/dags/airflow.py for tasks to queue
[2026-08-12T03:56:52.220+0000] {logging_mixin.py:151} INFO - [2026-08-12T03:56:52.219+0000] {dagbag.py:536} INFO - Filling up the DagBag from /opt/airflow/dags/airflow.py
[2026-08-12T03:56:52.285+0000] {logging_mixin.py:151} INFO - [2026-08-12T03:56:52.285+0000] {dagbag.py:346} ERROR - Failed to import: /opt/airflow/dags/airflow.py
Traceback (most recent call last):
  File "/home/airflow/.local/lib/python3.8/site-packages/airflow/models/dagbag.py", line 342, in parse
    loader.exec_module(new_module)
  File "<frozen importlib._bootstrap_external>", line 843, in exec_module
  File "<frozen importlib._bootstrap>", line 219, in _call_with_frames_removed
  File "/opt/airflow/dags/airflow.py", line 23, in <module>
    from data_preprocessing_scripts.preprocessing import preprocess_data
ModuleNotFoundError: No module named 'data_preprocessing_scripts'
[2026-08-12T03:56:52.286+0000] {processor.py:841} WARNING - No viable dags retrieved from /opt/airflow/dags/airflow.py
[2026-08-12T03:56:52.294+0000] {processor.py:179} INFO - Processing /opt/airflow/dags/airflow.py took 0.080 seconds
[2026-08-12T03:57:22.461+0000] {processor.py:157} INFO - Started process (PID=8855) to work on /opt/airflow/dags/airflow.py
[2026-08-12T03:57:22.463+0000] {processor.py:829} INFO - Processing file /opt/airflow/dags/airflow.py for tasks to queue
[2026-08-12T03:57:22.465+0000] {logging_mixin.py:151} INFO - [2026-08-12T03:57:22.465+0000] {dagbag.py:536} INFO - Filling up the DagBag from /opt/airflow/dags/airflow.py
[2026-08-12T03:57:22.544+0000] {logging_mixin.py:151} INFO - [2026-08-12T03:57:22.543+0000] {dagbag.py:346} ERROR - Failed to import: /opt/airflow/dags/airflow.py
Traceback (most recent call last):
  File "/home/airflow/.local/lib/python3.8/site-packages/airflow/models/dagbag.py", line 342, in parse
    loader.exec_module(new_module)
  File "<frozen importlib._bootstrap_external>", line 843, in exec_module
  File "<frozen importlib._bootstrap>", line 219, in _call_with_frames_removed
  File "/opt/airflow/dags/airflow.py", line 23, in <module>
    from data_preprocessing_scripts.preprocessing import preprocess_data
ModuleNotFoundError: No module named 'data_preprocessing_scripts'
[2026-08-12T03:57:22.544+0000] {processor.py:841} WARNING - No viable dags retrieved from /opt/airflow/dags/airflow.py
[2026-08-12T03:57:22.554+0000] {processor.py:179} INFO - Processing /opt/airflow/dags/airflow.py took 0.095 seconds
[2026-08-12T03:57:52.773+0000] {processor.py:157} INFO - Started process (PID=8863) to work on /opt/airflow/dags/airflow.py
[2026-08-12T03:57:52.773+0000] {processor.py:829} INFO - Processing file /opt/airflow/dags/airflow.py for tasks to queue
[2026-08-12T03:57:52.774+0000] {logging_mixin.py:151} INFO - [2026-08-12T03:57:52.774+0000] {dagbag.py:536} INFO - Filling up the DagBag from /opt/airflow/dags/airflow.py
[2026-08-12T03:57:52.832+0000] {logging_mixin.py:151} INFO - [2026-08-12T03:57:52.831+0000] {dagbag.py:346} ERROR - Failed to import: /opt/airflow/dags/airflow.py
Traceback (most recent call last):
  File "/home/airflow/.local/lib/python3.8/site-packages/airflow/models/dagbag.py", line 342, in parse
    loader.exec_module(new_module)
  File "<frozen importlib._bootstrap_external>", line 843, in exec_module
  File "<frozen importlib._bootstrap>", line 219, in _call_with_frames_removed
  File "/opt/airflow/dags/airflow.py", line 23, in <module>
    from data_preprocessing_scripts.preprocessing import preprocess_data
ModuleNotFoundError: No module named 'data_preprocessing_scripts'
[2026-08-12T03:57:52.832+0000] {processor.py:841} WARNING - No viable dags retrieved from /opt/airflow/dags/airflow.py
[2026-08-12T03:57:52.840+0000] {processor.py:179} INFO - Processing /opt/airflow/dags/airflow.py took 0.069 seconds
[2026-08-12T03:58:23.102+0000] {processor.py:157} INFO - Started process (PID=8871) to work on /opt/airflow/dags/airflow.py
[2026-08-12T03:58:23.105+0000] {processor.py:829} INFO - Processing file /opt/airflow/dags/airflow.py for tasks to queue
[2026-08-12T03:58:23.109+0000] {logging_mixin.py:151} INFO - [2026-08-12T03:58:23.109+0000] {dagbag.py:536} INFO - Filling up the DagBag from /opt/airflow/dags/airflow.py
[2026-08-12T03:58:23.208+0000] {logging_mixin.py:151} INFO - [2026-08-12T03:58:23.207+0000] {dagbag.py:346} ERROR - Failed to import: /opt/airflow/dags/airflow.py
Traceback (most recent call last):
  File "/home/airflow/.local/lib/python3.8/site-packages/airflow/models/dagbag.py", line 342, in parse
    loader.exec_module(new_module)
  File "<frozen importlib._bootstrap_external>", line 843, in exec_module
  File "<frozen importlib._bootstrap>", line 219, in _call_with_frames_removed
  File "/opt/airflow/dags/airflow.py", line 23, in <module>
    from data_preprocessing_scripts.preprocessing import preprocess_data
ModuleNotFoundError: No module named 'data_preprocessing_scripts'
[2026-08-12T03:58:23.208+0000] {processor.py:841} WARNING - No viable dags retrieved from /opt/airflow/dags/airflow.py
[2026-08-12T03:58:23.223+0000] {processor.py:179} INFO - Processing /opt/airflow/dags/airflow.py took 0.128 seconds
[2026-08-12T03:58:53.357+0000] {processor.py:157} INFO - Started process (PID=8879) to work on /opt/airflow/dags/airflow.py
[2026-08-12T03:58:53.358+0000] {processor.py:829} INFO - Processing file /opt/airflow/dags/airflow.py for tasks to queue
[2026-08-12T03:58:53.359+0000] {logging_mixin.py:151} INFO - [2026-08-12T03:58:53.359+0000] {dagbag.py:536} INFO - Filling up the DagBag from /opt/airflow/dags/airflow.py
[2026-08-12T03:58:53.419+0000] {logging_mixin.py:151} INFO - [2026-08-12T03:58:53.419+0000] {dagbag.py:346} ERROR - Failed to import: /opt/airflow/dags/airflow.py
Traceback (most recent call last):
  File "/home/airflow/.local/lib/python3.8/site-packages/airflow/models/dagbag.py", line 342, in parse
    loader.exec_module(new_module)
  File "<frozen importlib._bootstrap_external>", line 843, in exec_module
  File "<frozen importlib._bootstrap>", line 219, in _call_with_frames_removed
  File "/opt/airflow/dags/airflow.py", line 23, in <module>
    from data_preprocessing_scripts.preprocessing import preprocess_data
ModuleNotFoundError: No module named 'data_preprocessing_scripts'
[2026-08-12T03:58:53.420+0000] {processor.py:841} WARNING - No viable dags retrieved from /opt/airflow/dags/airflow.py
[2026-08-12T03:58:53.429+0000] {processor.py:179} INFO - Processing /opt/airflow/dags/airflow.py took 0.073 seconds
[2026-08-12T03:59:23.620+0000] {processor.py:157} INFO - Started process (PID=8887) to work on /opt/airflow/dags/airflow.py
[2026-08-12T03:59:23.621+0000] {processor.py:829} INFO - Processing file /opt/airflow/dags/airflow.py for tasks to queue
[2026-08-12T03:59:23.623+0000] {logging_mixin.py:151} INFO - [2026-08-12T03:59:23.623+0000] {dagbag.py:536} INFO - Filling up the DagBag from /opt/airflow/dags/airflow.py
[2026-08-12T03:59:23.706+0000] {logging_mixin.py:151} INFO - [2026-08-12T03:59:23.705+0000] {dagbag.py:346} ERROR - Failed to import: /opt/airflow/dags/airflow.py
Traceback (most recent call last):
  File "/home/airflow/.local/lib/python3.8/site-packages/airflow/models/dagbag.py", line 342, in parse
    loader.exec_module(new_module)
  File "<frozen importlib._bootstrap_external>", line 843, in exec_module
  File "<frozen importlib._bootstrap>", line 219, in _call_with_frames_removed
  File "/opt/airflow/dags/airflow.py", line 23, in <module>
    from data_preprocessing_scripts.preprocessing import preprocess_data
ModuleNotFoundError: No module named 'data_preprocessing_scripts'
[2026-08-12T03:59:23.706+0000] {processor.py:841} WARNING - No viable dags retrieved from /opt/airflow/dags/airflow.py
[2026-08-12T03:59:23.715+0000] {processor.py:179} INFO - Processing /opt/airflow/dags/airflow.py took 0.098 seconds
[2026-08-12T03:59:53.890+0000] {processor.py:157} INFO - Started process (PID=8895) to work on /opt/airflow/dags/airflow.py
[2026-08-12T03:59:53.891+0000] {processor.py:829} INFO - Processing file /opt/airflow/dags/airflow.py for tasks to queue
[2026-08-12T03:59:53.892+0000] {logging_mixin.py:151} INFO - [2026-08-12T03:59:53.892+0000] {dagbag.py:536} INFO - Filling up the DagBag from /opt/airflow/dags/airflow.py
[2026-08-12T03:59:53.955+0000] {logging_mixin.py:151} INFO - [2026-08-12T03:59:53.954+0000] {dagbag.py:346} ERROR - Failed to import: /opt/airflow/dags/airflow.py
Traceback (most recent call last):
  File "/home/airflow/.local/lib/python3.8/site-packages/airflow/models/dagbag.py", line 342, in parse
    loader.exec_module(new_module)
  File "<frozen importlib._bootstrap_external>", line 843, in exec_module
  File "<frozen importlib._bootstrap>", line 219, in _call_with_frames_removed
  File "/opt/airflow/dags/airflow.py", line 23, in <module>
    from data_preprocessing_scripts.preprocessing import preprocess_data
ModuleNotFoundError: No module named 'data_preprocessing_scripts'
[2026-08-12T03:59:53.955+0000] {processor.py:841} WARNING - No viable dags retrieved from /opt/airflow/dags/airflow.py
[2026-08-12T03:59:53.965+0000] {processor.py:179} INFO - Processing /opt/airflow/dags/airflow.py took 0.077 seconds
[2026-08-12T04:00:24.207+0000] {processor.py:157} INFO - Started process (PID=8903) to work on /opt/airflow/dags/airflow.py
[2026-08-12T04:00:24.208+0000] {processor.py:829} INFO - Processing file /opt/airflow/dags/airflow.py for tasks to queue
[2026-08-12T04:00:24.211+0000] {logging_mixin.py:151} INFO - [2026-08-12T04:00:24.210+0000] {dagbag.py:536} INFO - Filling up the DagBag from /opt/airflow/dags/airflow.py
[2026-08-12T04:00:24.291+0000] {logging_mixin.py:151} INFO - [2026-08-12T04:00:24.290+0000] {dagbag.py:346} ERROR - Failed to import: /opt/airflow/dags/airflow.py
Traceback (most recent call last):
  File "/home/airflow/.local/lib/python3.8/site-packages/airflow/models/dagbag.py", line 342, in parse
    loader.exec_module(new_module)
  File "<frozen importlib._bootstrap_external>", line 843, in exec_module
  File "<frozen importlib._bootstrap>", line 219, in _call_with_frames_removed
  File "/opt/airflow/dags/airflow.py", line 23, in <module>
    from data_preprocessing_scripts.preprocessing import preprocess_data
ModuleNotFoundError: No module named 'data_preprocessing_scripts'
[2026-08-12T04:00:24.291+0000] {processor.py:841} WARNING - No viable dags retrieved from /opt/airflow/dags/airflow.py
[2026-08-12T04:00:24.301+0000] {processor.py:179} INFO - Processing /opt/airflow/dags/airflow.py took 0.098 seconds
[2026-08-12T04:00:54.541+0000] {processor.py:157} INFO - Started process (PID=8911) to work on /opt/airflow/dags/airflow.py
[2026-08-12T04:00:54.542+0000] {processor.py:829} INFO - Processing file /opt/airflow/dags/airflow.py for tasks to queue
[2026-08-12T04:00:54.544+0000] {logging_mixin.py:151} INFO - [2026-08-12T04:00:54.544+0000] {dagbag.py:536} INFO - Filling up the DagBag from /opt/airflow/dags/airflow.py
[2026-08-12T04:00:54.625+0000] {logging_mixin.py:151} INFO - [2026-08-12T04:00:54.624+0000] {dagbag.py:346} ERROR - Failed to import: /opt/airflow/dags/airflow.py
Traceback (most recent call last):
  File "/home/airflow/.local/lib/python3.8/site-packages/airflow/models/dagbag.py", line 342, in parse
    loader.exec_module(new_module)
  File "<frozen importlib._bootstrap_external>", line 843, in exec_module
  File "<frozen importlib._bootstrap>", line 219, in _call_with_frames_removed
  File "/opt/airflow/dags/airflow.py", line 23, in <module>
    from data_preprocessing_scripts.preprocessing import preprocess_data
ModuleNotFoundError: No module named 'data_preprocessing_scripts'
[2026-08-12T04:00:54.625+0000] {processor.py:841} WARNING - No viable dags retrieved from /opt/airflow/dags/airflow.py
[2026-08-12T04:00:54.648+0000] {processor.py:179} INFO - Processing /opt/airflow/dags/airflow.py took 0.109 seconds
[2026-08-12T04:01:24.815+0000] {processor.py:157} INFO - Started process (PID=8919) to work on /opt/airflow/dags/airflow.py
[2026-08-12T04:01:24.816+0000] {processor.py:829} INFO - Processing file /opt/airflow/dags/airflow.py for tasks to queue
[2026-08-12T04:01:24.817+0000] {logging_mixin.py:151} INFO - [2026-08-12T04:01:24.817+0000] {dagbag.py:536} INFO - Filling up the DagBag from /opt/airflow/dags/airflow.py
[2026-08-12T04:01:24.897+0000] {logging_mixin.py:151} INFO - [2026-08-12T04:01:24.896+0000] {dagbag.py:346} ERROR - Failed to import: /opt/airflow/dags/airflow.py
Traceback (most recent call last):
  File "/home/airflow/.local/lib/python3.8/site-packages/airflow/models/dagbag.py", line 342, in parse
    loader.exec_module(new_module)
  File "<frozen importlib._bootstrap_external>", line 843, in exec_module
  File "<frozen importlib._bootstrap>", line 219, in _call_with_frames_removed
  File "/opt/airflow/dags/airflow.py", line 23, in <module>
    from data_preprocessing_scripts.preprocessing import preprocess_data
ModuleNotFoundError: No module named 'data_preprocessing_scripts'
[2026-08-12T04:01:24.897+0000] {processor.py:841} WARNING - No viable dags retrieved from /opt/airflow/dags/airflow.py
[2026-08-12T04:01:24.908+0000] {processor.py:179} INFO - Processing /opt/airflow/dags/airflow.py took 0.095 seconds
[2026-08-12T04:01:55.134+0000] {processor.py:157} INFO - Started process (PID=8927) to work on /opt/airflow/dags/airflow.py
[2026-08-12T04:01:55.134+0000] {processor.py:829} INFO - Processing file /opt/airflow/dags/airflow.py for tasks to queue
[2026-08-12T04:01:55.137+0000] {logging_mixin.py:151} INFO - [2026-08-12T04:01:55.136+0000] {dagbag.py:536} INFO - Filling up the DagBag from /opt/airflow/dags/airflow.py
[2026-08-12T04:01:55.221+0000] {logging_mixin.py:151} INFO - [2026-08-12T04:01:55.219+0000] {dagbag.py:346} ERROR - Failed to import: /opt/airflow/dags/airflow.py
Traceback (most recent call last):
  File "/home/airflow/.local/lib/python3.8/site-packages/airflow/models/dagbag.py", line 342, in parse
    loader.exec_module(new_module)
  File "<frozen importlib._bootstrap_external>", line 843, in exec_module
  File "<frozen importlib._bootstrap>", line 219, in _call_with_frames_removed
  File "/opt/airflow/dags/airflow.py", line 23, in <module>
    from data_preprocessing_scripts.preprocessing import preprocess_data
ModuleNotFoundError: No module named 'data_preprocessing_scripts'
[2026-08-12T04:01:55.222+0000] {processor.py:841} WARNING - No viable dags retrieved from /opt/airflow/dags/airflow.py
[2026-08-12T04:01:55.239+0000] {processor.py:179} INFO - Processing /opt/airflow/dags/airflow.py took 0.108 seconds
[2026-08-12T04:02:25.435+0000] {processor.py:157} INFO - Started process (PID=8935) to work on /opt/airflow/dags/airflow.py
[2026-08-12T04:02:25.436+0000] {processor.py:829} INFO - Processing file /opt/airflow/dags/airflow.py for tasks to queue
[2026-08-12T04:02:25.439+0000] {logging_mixin.py:151} INFO - [2026-08-12T04:02:25.438+0000] {dagbag.py:536} INFO - Filling up the DagBag from /opt/airflow/dags/airflow.py
[2026-08-12T04:02:25.520+0000] {logging_mixin.py:151} INFO - [2026-08-12T04:02:25.519+0000] {dagbag.py:346} ERROR - Failed to import: /opt/airflow/dags/airflow.py
Traceback (most recent call last):
  File "/home/airflow/.local/lib/python3.8/site-packages/airflow/models/dagbag.py", line 342, in parse
    loader.exec_module(new_module)
  File "<frozen importlib._bootstrap_external>", line 843, in exec_module
  File "<frozen importlib._bootstrap>", line 219, in _call_with_frames_removed
  File "/opt/airflow/dags/airflow.py", line 23, in <module>
    from data_preprocessing_scripts.preprocessing import preprocess_data
ModuleNotFoundError: No module named 'data_preprocessing_scripts'
[2026-08-12T04:02:25.520+0000] {processor.py:841} WARNING - No viable dags retrieved from /opt/airflow/dags/airflow.py
[2026-08-12T04:02:25.529+0000] {processor.py:179} INFO - Processing /opt/airflow/dags/airflow.py took 0.097 seconds
[2026-08-12T04:02:55.749+0000] {processor.py:157} INFO - Started process (PID=8943) to work on /opt/airflow/dags/airflow.py
[2026-08-12T04:02:55.750+0000] {processor.py:829} INFO - Processing file /opt/airflow/dags/airflow.py for tasks to queue
[2026-08-12T04:02:55.753+0000] {logging_mixin.py:151} INFO - [2026-08-12T04:02:55.753+0000] {dagbag.py:536} INFO - Filling up the DagBag from /opt/airflow/dags/airflow.py
[2026-08-12T04:02:55.829+0000] {logging_mixin.py:151} INFO - [2026-08-12T04:02:55.828+0000] {dagbag.py:346} ERROR - Failed to import: /opt/airflow/dags/airflow.py
Traceback (most recent call last):
  File "/home/airflow/.local/lib/python3.8/site-packages/airflow/models/dagbag.py", line 342, in parse
    loader.exec_module(new_module)
  File "<frozen importlib._bootstrap_external>", line 843, in exec_module
  File "<frozen importlib._bootstrap>", line 219, in _call_with_frames_removed
  File "/opt/airflow/dags/airflow.py", line 23, in <module>
    from data_preprocessing_scripts.preprocessing import preprocess_data
ModuleNotFoundError: No module named 'data_preprocessing_scripts'
[2026-08-12T04:02:55.829+0000] {processor.py:841} WARNING - No viable dags retrieved from /opt/airflow/dags/airflow.py
[2026-08-12T04:02:55.838+0000] {processor.py:179} INFO - Processing /opt/airflow/dags/airflow.py took 0.092 seconds
[2026-08-12T04:03:26.013+0000] {processor.py:157} INFO - Started process (PID=8951) to work on /opt/airflow/dags/airflow.py
[2026-08-12T04:03:26.014+0000] {processor.py:829} INFO - Processing file /opt/airflow/dags/airflow.py for tasks to queue
[2026-08-12T04:03:26.017+0000] {logging_mixin.py:151} INFO - [2026-08-12T04:03:26.016+0000] {dagbag.py:536} INFO - Filling up the DagBag from /opt/airflow/dags/airflow.py
[2026-08-12T04:03:26.091+0000] {logging_mixin.py:151} INFO - [2026-08-12T04:03:26.090+0000] {dagbag.py:346} ERROR - Failed to import: /opt/airflow/dags/airflow.py
Traceback (most recent call last):
  File "/home/airflow/.local/lib/python3.8/site-packages/airflow/models/dagbag.py", line 342, in parse
    loader.exec_module(new_module)
  File "<frozen importlib._bootstrap_external>", line 843, in exec_module
  File "<frozen importlib._bootstrap>", line 219, in _call_with_frames_removed
  File "/opt/airflow/dags/airflow.py", line 23, in <module>
    from data_preprocessing_scripts.preprocessing import preprocess_data
ModuleNotFoundError: No module named 'data_preprocessing_scripts'
[2026-08-12T04:03:26.091+0000] {processor.py:841} WARNING - No viable dags retrieved from /opt/airflow/dags/airflow.py
[2026-08-12T04:03:26.098+0000] {processor.py:179} INFO - Processing /opt/airflow/dags/airflow.py took 0.088 seconds
[2026-08-12T04:03:56.279+0000] {processor.py:157} INFO - Started process (PID=8959) to work on /opt/airflow/dags/airflow.py
[2026-08-12T04:03:56.280+0000] {processor.py:829} INFO - Processing file /opt/airflow/dags/airflow.py for tasks to queue
[2026-08-12T04:03:56.281+0000] {logging_mixin.py:151} INFO - [2026-08-12T04:03:56.281+0000] {dagbag.py:536} INFO - Filling up the DagBag from /opt/airflow/dags/airflow.py
[2026-08-12T04:03:56.346+0000] {logging_mixin.py:151} INFO - [2026-08-12T04:03:56.345+0000] {dagbag.py:346} ERROR - Failed to import: /opt/airflow/dags/airflow.py
Traceback (most recent call last):
  File "/home/airflow/.local/lib/python3.8/site-packages/airflow/models/dagbag.py", line 342, in parse
    loader.exec_module(new_module)
  File "<frozen importlib._bootstrap_external>", line 843, in exec_module
  File "<frozen importlib._bootstrap>", line 219, in _call_with_frames_removed
  File "/opt/airflow/dags/airflow.py", line 23, in <module>
    from data_preprocessing_scripts.preprocessing import preprocess_data
ModuleNotFoundError: No module named 'data_preprocessing_scripts'
[2026-08-12T04:03:56.346+0000] {processor.py:841} WARNING - No viable dags retrieved from /opt/airflow/dags/airflow.py
[2026-08-12T04:03:56.356+0000] {processor.py:179} INFO - Processing /opt/airflow/dags/airflow.py took 0.079 seconds
[2026-08-12T04:04:26.549+0000] {processor.py:157} INFO - Started process (PID=8967) to work on /opt/airflow/dags/airflow.py
[2026-08-12T04:04:26.549+0000] {processor.py:829} INFO - Processing file /opt/airflow/dags/airflow.py for tasks to queue
[2026-08-12T04:04:26.551+0000] {logging_mixin.py:151} INFO - [2026-08-12T04:04:26.551+0000] {dagbag.py:536} INFO - Filling up the DagBag from /opt/airflow/dags/airflow.py
[2026-08-12T04:04:26.607+0000] {logging_mixin.py:151} INFO - [2026-08-12T04:04:26.606+0000] {dagbag.py:346} ERROR - Failed to import: /opt/airflow/dags/airflow.py
Traceback (most recent call last):
  File "/home/airflow/.local/lib/python3.8/site-packages/airflow/models/dagbag.py", line 342, in parse
    loader.exec_module(new_module)
  File "<frozen importlib._bootstrap_external>", line 843, in exec_module
  File "<frozen importlib._bootstrap>", line 219, in _call_with_frames_removed
  File "/opt/airflow/dags/airflow.py", line 23, in <module>
    from data_preprocessing_scripts.preprocessing import preprocess_data
ModuleNotFoundError: No module named 'data_preprocessing_scripts'
[2026-08-12T04:04:26.607+0000] {processor.py:841} WARNING - No viable dags retrieved from /opt/airflow/dags/airflow.py
[2026-08-12T04:04:26.616+0000] {processor.py:179} INFO - Processing /opt/airflow/dags/airflow.py took 0.070 seconds
[2026-08-12T04:04:56.838+0000] {processor.py:157} INFO - Started process (PID=8975) to work on /opt/airflow/dags/airflow.py
[2026-08-12T04:04:56.840+0000] {processor.py:829} INFO - Processing file /opt/airflow/dags/airflow.py for tasks to queue
[2026-08-12T04:04:56.843+0000] {logging_mixin.py:151} INFO - [2026-08-12T04:04:56.843+0000] {dagbag.py:536} INFO - Filling up the DagBag from /opt/airflow/dags/airflow.py
[2026-08-12T04:04:56.914+0000] {logging_mixin.py:151} INFO - [2026-08-12T04:04:56.913+0000] {dagbag.py:346} ERROR - Failed to import: /opt/airflow/dags/airflow.py
Traceback (most recent call last):
  File "/home/airflow/.local/lib/python3.8/site-packages/airflow/models/dagbag.py", line 342, in parse
    loader.exec_module(new_module)
  File "<frozen importlib._bootstrap_external>", line 843, in exec_module
  File "<frozen importlib._bootstrap>", line 219, in _call_with_frames_removed
  File "/opt/airflow/dags/airflow.py", line 23, in <module>
    from data_preprocessing_scripts.preprocessing import preprocess_data
ModuleNotFoundError: No module named 'data_preprocessing_scripts'
[2026-08-12T04:04:56.914+0000] {processor.py:841} WARNING - No viable dags retrieved from /opt/airflow/dags/airflow.py
[2026-08-12T04:04:56.923+0000] {processor.py:179} INFO - Processing /opt/airflow/dags/airflow.py took 0.089 seconds
[2026-08-12T04:05:27.153+0000] {processor.py:157} INFO - Started process (PID=8983) to work on /opt/airflow/dags/airflow.py
[2026-08-12T04:05:27.154+0000] {processor.py:829} INFO - Processing file /opt/airflow/dags/airflow.py for tasks to queue
[2026-08-12T04:05:27.156+0000] {logging_mixin.py:151} INFO - [2026-08-12T04:05:27.156+0000] {dagbag.py:536} INFO - Filling up the DagBag from /opt/airflow/dags/airflow.py
[2026-08-12T04:05:27.217+0000] {logging_mixin.py:151} INFO - [2026-08-12T04:05:27.216+0000] {dagbag.py:346} ERROR - Failed to import: /opt/airflow/dags/airflow.py
Traceback (most recent call last):
  File "/home/airflow/.local/lib/python3.8/site-packages/airflow/models/dagbag.py", line 342, in parse
    loader.exec_module(new_module)
  File "<frozen importlib._bootstrap_external>", line 843, in exec_module
  File "<frozen importlib._bootstrap>", line 219, in _call_with_frames_removed
  File "/opt/airflow/dags/airflow.py", line 23, in <module>
    from data_preprocessing_scripts.preprocessing import preprocess_data
ModuleNotFoundError: No module named 'data_preprocessing_scripts'
[2026-08-12T04:05:27.217+0000] {processor.py:841} WARNING - No viable dags retrieved from /opt/airflow/dags/airflow.py
[2026-08-12T04:05:27.225+0000] {processor.py:179} INFO - Processing /opt/airflow/dags/airflow.py took 0.075 seconds
[2026-08-12T04:05:57.483+0000] {processor.py:157} INFO - Started process (PID=8991) to work on /opt/airflow/dags/airflow.py
[2026-08-12T04:05:57.489+0000] {processor.py:829} INFO - Processing file /opt/airflow/dags/airflow.py for tasks to queue
[2026-08-12T04:05:57.490+0000] {logging_mixin.py:151} INFO - [2026-08-12T04:05:57.490+0000] {dagbag.py:536} INFO - Filling up the DagBag from /opt/airflow/dags/airflow.py
[2026-08-12T04:05:57.552+0000] {logging_mixin.py:151} INFO - [2026-08-12T04:05:57.551+0000] {dagbag.py:346} ERROR - Failed to import: /opt/airflow/dags/airflow.py
Traceback (most recent call last):
  File "/home/airflow/.local/lib/python3.8/site-packages/airflow/models/dagbag.py", line 342, in parse
    loader.exec_module(new_module)
  File "<frozen importlib._bootstrap_external>", line 843, in exec_module
  File "<frozen importlib._bootstrap>", line 219, in _call_with_frames_removed
  File "/opt/airflow/dags/airflow.py", line 23, in <module>
    from data_preprocessing_scripts.preprocessing import preprocess_data
ModuleNotFoundError: No module named 'data_preprocessing_scripts'
[2026-08-12T04:05:57.552+0000] {processor.py:841} WARNING - No viable dags retrieved from /opt/airflow/dags/airflow.py
[2026-08-12T04:05:57.564+0000] {processor.py:179} INFO - Processing /opt/airflow/dags/airflow.py took 0.084 seconds
[2026-08-12T04:06:27.724+0000] {processor.py:157} INFO - Started process (PID=8999) to work on /opt/airflow/dags/airflow.py
[2026-08-12T04:06:27.724+0000] {processor.py:829} INFO - Processing file /opt/airflow/dags/airflow.py for tasks to queue
[2026-08-12T04:06:27.726+0000] {logging_mixin.py:151} INFO - [2026-08-12T04:06:27.726+0000] {dagbag.py:536} INFO - Filling up the DagBag from /opt/airflow/dags/airflow.py
[2026-08-12T04:06:27.786+0000] {logging_mixin.py:151} INFO - [2026-08-12T04:06:27.785+0000] {dagbag.py:346} ERROR - Failed to import: /opt/airflow/dags/airflow.py
Traceback (most recent call last):
  File "/home/airflow/.local/lib/python3.8/site-packages/airflow/models/dagbag.py", line 342, in parse
    loader.exec_module(new_module)
  File "<frozen importlib._bootstrap_external>", line 843, in exec_module
  File "<frozen importlib._bootstrap>", line 219, in _call_with_frames_removed
  File "/opt/airflow/dags/airflow.py", line 23, in <module>
    from data_preprocessing_scripts.preprocessing import preprocess_data
ModuleNotFoundError: No module named 'data_preprocessing_scripts'
[2026-08-12T04:06:27.786+0000] {processor.py:841} WARNING - No viable dags retrieved from /opt/airflow/dags/airflow.py
[2026-08-12T04:06:27.794+0000] {processor.py:179} INFO - Processing /opt/airflow/dags/airflow.py took 0.073 seconds
[2026-08-12T04:06:58.012+0000] {processor.py:157} INFO - Started process (PID=9007) to work on /opt/airflow/dags/airflow.py
[2026-08-12T04:06:58.014+0000] {processor.py:829} INFO - Processing file /opt/airflow/dags/airflow.py for tasks to queue
[2026-08-12T04:06:58.017+0000] {logging_mixin.py:151} INFO - [2026-08-12T04:06:58.017+0000] {dagbag.py:536} INFO - Filling up the DagBag from /opt/airflow/dags/airflow.py
[2026-08-12T04:06:58.100+0000] {logging_mixin.py:151} INFO - [2026-08-12T04:06:58.099+0000] {dagbag.py:346} ERROR - Failed to import: /opt/airflow/dags/airflow.py
Traceback (most recent call last):
  File "/home/airflow/.local/lib/python3.8/site-packages/airflow/models/dagbag.py", line 342, in parse
    loader.exec_module(new_module)
  File "<frozen importlib._bootstrap_external>", line 843, in exec_module
  File "<frozen importlib._bootstrap>", line 219, in _call_with_frames_removed
  File "/opt/airflow/dags/airflow.py", line 23, in <module>
    from data_preprocessing_scripts.preprocessing import preprocess_data
ModuleNotFoundError: No module named 'data_preprocessing_scripts'
[2026-08-12T04:06:58.100+0000] {processor.py:841} WARNING - No viable dags retrieved from /opt/airflow/dags/airflow.py
[2026-08-12T04:06:58.113+0000] {processor.py:179} INFO - Processing /opt/airflow/dags/airflow.py took 0.104 seconds
[2026-08-12T04:07:28.253+0000] {processor.py:157} INFO - Started process (PID=9015) to work on /opt/airflow/dags/airflow.py
[2026-08-12T04:07:28.254+0000] {processor.py:829} INFO - Processing file /opt/airflow/dags/airflow.py for tasks to queue
[2026-08-12T04:07:28.255+0000] {logging_mixin.py:151} INFO - [2026-08-12T04:07:28.255+0000] {dagbag.py:536} INFO - Filling up the DagBag from /opt/airflow/dags/airflow.py
[2026-08-12T04:07:28.314+0000] {logging_mixin.py:151} INFO - [2026-08-12T04:07:28.314+0000] {dagbag.py:346} ERROR - Failed to import: /opt/airflow/dags/airflow.py
Traceback (most recent call last):
  File "/home/airflow/.local/lib/python3.8/site-packages/airflow/models/dagbag.py", line 342, in parse
    loader.exec_module(new_module)
  File "<frozen importlib._bootstrap_external>", line 843, in exec_module
  File "<frozen importlib._bootstrap>", line 219, in _call_with_frames_removed
  File "/opt/airflow/dags/airflow.py", line 23, in <module>
    from data_preprocessing_scripts.preprocessing import preprocess_data
ModuleNotFoundError: No module named 'data_preprocessing_scripts'
[2026-08-12T04:07:28.315+0000] {processor.py:841} WARNING - No viable dags retrieved from /opt/airflow/dags/airflow.py
[2026-08-12T04:07:28.326+0000] {processor.py:179} INFO - Processing /opt/airflow/dags/airflow.py took 0.075 seconds
[2026-08-12T04:07:58.559+0000] {processor.py:157} INFO - Started process (PID=9023) to work on /opt/airflow/dags/airflow.py
[2026-08-12T04:07:58.560+0000] {processor.py:829} INFO - Processing file /opt/airflow/dags/airflow.py for tasks to queue
[2026-08-12T04:07:58.563+0000] {logging_mixin.py:151} INFO - [2026-08-12T04:07:58.563+0000] {dagbag.py:536} INFO - Filling up the DagBag from /opt/airflow/dags/airflow.py
[2026-08-12T04:07:58.639+0000] {logging_mixin.py:151} INFO - [2026-08-12T04:07:58.638+0000] {dagbag.py:346} ERROR - Failed to import: /opt/airflow/dags/airflow.py
Traceback (most recent call last):
  File "/home/airflow/.local/lib/python3.8/site-packages/airflow/models/dagbag.py", line 342, in parse
    loader.exec_module(new_module)
  File "<frozen importlib._bootstrap_external>", line 843, in exec_module
  File "<frozen importlib._bootstrap>", line 219, in _call_with_frames_removed
  File "/opt/airflow/dags/airflow.py", line 23, in <module>
    from data_preprocessing_scripts.preprocessing import preprocess_data
ModuleNotFoundError: No module named 'data_preprocessing_scripts'
[2026-08-12T04:07:58.639+0000] {processor.py:841} WARNING - No viable dags retrieved from /opt/airflow/dags/airflow.py
[2026-08-12T04:07:58.652+0000] {processor.py:179} INFO - Processing /opt/airflow/dags/airflow.py took 0.096 seconds
[2026-08-12T04:08:28.813+0000] {processor.py:157} INFO - Started process (PID=9031) to work on /opt/airflow/dags/airflow.py
[2026-08-12T04:08:28.814+0000] {processor.py:829} INFO - Processing file /opt/airflow/dags/airflow.py for tasks to queue
[2026-08-12T04:08:28.815+0000] {logging_mixin.py:151} INFO - [2026-08-12T04:08:28.815+0000] {dagbag.py:536} INFO - Filling up the DagBag from /opt/airflow/dags/airflow.py
[2026-08-12T04:08:28.879+0000] {logging_mixin.py:151} INFO - [2026-08-12T04:08:28.878+0000] {dagbag.py:346} ERROR - Failed to import: /opt/airflow/dags/airflow.py
Traceback (most recent call last):
  File "/home/airflow/.local/lib/python3.8/site-packages/airflow/models/dagbag.py", line 342, in parse
    loader.exec_module(new_module)
  File "<frozen importlib._bootstrap_external>", line 843, in exec_module
  File "<frozen importlib._bootstrap>", line 219, in _call_with_frames_removed
  File "/opt/airflow/dags/airflow.py", line 23, in <module>
    from data_preprocessing_scripts.preprocessing import preprocess_data
ModuleNotFoundError: No module named 'data_preprocessing_scripts'
[2026-08-12T04:08:28.879+0000] {processor.py:841} WARNING - No viable dags retrieved from /opt/airflow/dags/airflow.py
[2026-08-12T04:08:28.889+0000] {processor.py:179} INFO - Processing /opt/airflow/dags/airflow.py took 0.079 seconds
[2026-08-12T04:08:59.094+0000] {processor.py:157} INFO - Started process (PID=9039) to work on /opt/airflow/dags/airflow.py
[2026-08-12T04:08:59.095+0000] {processor.py:829} INFO - Processing file /opt/airflow/dags/airflow.py for tasks to queue
[2026-08-12T04:08:59.098+0000] {logging_mixin.py:151} INFO - [2026-08-12T04:08:59.097+0000] {dagbag.py:536} INFO - Filling up the DagBag from /opt/airflow/dags/airflow.py
[2026-08-12T04:08:59.173+0000] {logging_mixin.py:151} INFO - [2026-08-12T04:08:59.172+0000] {dagbag.py:346} ERROR - Failed to import: /opt/airflow/dags/airflow.py
Traceback (most recent call last):
  File "/home/airflow/.local/lib/python3.8/site-packages/airflow/models/dagbag.py", line 342, in parse
    loader.exec_module(new_module)
  File "<frozen importlib._bootstrap_external>", line 843, in exec_module
  File "<frozen importlib._bootstrap>", line 219, in _call_with_frames_removed
  File "/opt/airflow/dags/airflow.py", line 23, in <module>
    from data_preprocessing_scripts.preprocessing import preprocess_data
ModuleNotFoundError: No module named 'data_preprocessing_scripts'
[2026-08-12T04:08:59.173+0000] {processor.py:841} WARNING - No viable dags retrieved from /opt/airflow/dags/airflow.py
[2026-08-12T04:08:59.185+0000] {processor.py:179} INFO - Processing /opt/airflow/dags/airflow.py took 0.096 seconds
[2026-08-12T04:09:29.378+0000] {processor.py:157} INFO - Started process (PID=9047) to work on /opt/airflow/dags/airflow.py
[2026-08-12T04:09:29.379+0000] {processor.py:829} INFO - Processing file /opt/airflow/dags/airflow.py for tasks to queue
[2026-08-12T04:09:29.381+0000] {logging_mixin.py:151} INFO - [2026-08-12T04:09:29.381+0000] {dagbag.py:536} INFO - Filling up the DagBag from /opt/airflow/dags/airflow.py
[2026-08-12T04:09:29.442+0000] {logging_mixin.py:151} INFO - [2026-08-12T04:09:29.441+0000] {dagbag.py:346} ERROR - Failed to import: /opt/airflow/dags/airflow.py
Traceback (most recent call last):
  File "/home/airflow/.local/lib/python3.8/site-packages/airflow/models/dagbag.py", line 342, in parse
    loader.exec_module(new_module)
  File "<frozen importlib._bootstrap_external>", line 843, in exec_module
  File "<frozen importlib._bootstrap>", line 219, in _call_with_frames_removed
  File "/opt/airflow/dags/airflow.py", line 23, in <module>
    from data_preprocessing_scripts.preprocessing import preprocess_data
ModuleNotFoundError: No module named 'data_preprocessing_scripts'
[2026-08-12T04:09:29.442+0000] {processor.py:841} WARNING - No viable dags retrieved from /opt/airflow/dags/airflow.py
[2026-08-12T04:09:29.451+0000] {processor.py:179} INFO - Processing /opt/airflow/dags/airflow.py took 0.077 seconds
[2026-08-12T04:09:59.721+0000] {processor.py:157} INFO - Started process (PID=9055) to work on /opt/airflow/dags/airflow.py
[2026-08-12T04:09:59.722+0000] {processor.py:829} INFO - Processing file /opt/airflow/dags/airflow.py for tasks to queue
[2026-08-12T04:09:59.725+0000] {logging_mixin.py:151} INFO - [2026-08-12T04:09:59.725+0000] {dagbag.py:536} INFO - Filling up the DagBag from /opt/airflow/dags/airflow.py
[2026-08-12T04:09:59.807+0000] {logging_mixin.py:151} INFO - [2026-08-12T04:09:59.806+0000] {dagbag.py:346} ERROR - Failed to import: /opt/airflow/dags/airflow.py
Traceback (most recent call last):
  File "/home/airflow/.local/lib/python3.8/site-packages/airflow/models/dagbag.py", line 342, in parse
    loader.exec_module(new_module)
  File "<frozen importlib._bootstrap_external>", line 843, in exec_module
  File "<frozen importlib._bootstrap>", line 219, in _call_with_frames_removed
  File "/opt/airflow/dags/airflow.py", line 23, in <module>
    from data_preprocessing_scripts.preprocessing import preprocess_data
ModuleNotFoundError: No module named 'data_preprocessing_scripts'
[2026-08-12T04:09:59.807+0000] {processor.py:841} WARNING - No viable dags retrieved from /opt/airflow/dags/airflow.py
[2026-08-12T04:09:59.820+0000] {processor.py:179} INFO - Processing /opt/airflow/dags/airflow.py took 0.103 seconds
[2026-08-12T04:10:29.987+0000] {processor.py:157} INFO - Started process (PID=9063) to work on /opt/airflow/dags/airflow.py
[2026-08-12T04:10:29.988+0000] {processor.py:829} INFO - Processing file /opt/airflow/dags/airflow.py for tasks to queue
[2026-08-12T04:10:29.989+0000] {logging_mixin.py:151} INFO - [2026-08-12T04:10:29.989+0000] {dagbag.py:536} INFO - Filling up the DagBag from /opt/airflow/dags/airflow.py
[2026-08-12T04:10:30.053+0000] {logging_mixin.py:151} INFO - [2026-08-12T04:10:30.052+0000] {dagbag.py:346} ERROR - Failed to import: /opt/airflow/dags/airflow.py
Traceback (most recent call last):
  File "/home/airflow/.local/lib/python3.8/site-packages/airflow/models/dagbag.py", line 342, in parse
    loader.exec_module(new_module)
  File "<frozen importlib._bootstrap_external>", line 843, in exec_module
  File "<frozen importlib._bootstrap>", line 219, in _call_with_frames_removed
  File "/opt/airflow/dags/airflow.py", line 23, in <module>
    from data_preprocessing_scripts.preprocessing import preprocess_data
ModuleNotFoundError: No module named 'data_preprocessing_scripts'
[2026-08-12T04:10:30.053+0000] {processor.py:841} WARNING - No viable dags retrieved from /opt/airflow/dags/airflow.py
[2026-08-12T04:10:30.062+0000] {processor.py:179} INFO - Processing /opt/airflow/dags/airflow.py took 0.078 seconds
[2026-08-12T04:11:00.352+0000] {processor.py:157} INFO - Started process (PID=9072) to work on /opt/airflow/dags/airflow.py
[2026-08-12T04:11:00.353+0000] {processor.py:829} INFO - Processing file /opt/airflow/dags/airflow.py for tasks to queue
[2026-08-12T04:11:00.357+0000] {logging_mixin.py:151} INFO - [2026-08-12T04:11:00.356+0000] {dagbag.py:536} INFO - Filling up the DagBag from /opt/airflow/dags/airflow.py
[2026-08-12T04:11:00.432+0000] {logging_mixin.py:151} INFO - [2026-08-12T04:11:00.431+0000] {dagbag.py:346} ERROR - Failed to import: /opt/airflow/dags/airflow.py
Traceback (most recent call last):
  File "/home/airflow/.local/lib/python3.8/site-packages/airflow/models/dagbag.py", line 342, in parse
    loader.exec_module(new_module)
  File "<frozen importlib._bootstrap_external>", line 843, in exec_module
  File "<frozen importlib._bootstrap>", line 219, in _call_with_frames_removed
  File "/opt/airflow/dags/airflow.py", line 23, in <module>
    from data_preprocessing_scripts.preprocessing import preprocess_data
ModuleNotFoundError: No module named 'data_preprocessing_scripts'
[2026-08-12T04:11:00.432+0000] {processor.py:841} WARNING - No viable dags retrieved from /opt/airflow/dags/airflow.py
[2026-08-12T04:11:00.443+0000] {processor.py:179} INFO - Processing /opt/airflow/dags/airflow.py took 0.097 seconds
[2026-08-12T04:11:30.630+0000] {processor.py:157} INFO - Started process (PID=9080) to work on /opt/airflow/dags/airflow.py
[2026-08-12T04:11:30.631+0000] {processor.py:829} INFO - Processing file /opt/airflow/dags/airflow.py for tasks to queue
[2026-08-12T04:11:30.632+0000] {logging_mixin.py:151} INFO - [2026-08-12T04:11:30.632+0000] {dagbag.py:536} INFO - Filling up the DagBag from /opt/airflow/dags/airflow.py
[2026-08-12T04:11:30.688+0000] {logging_mixin.py:151} INFO - [2026-08-12T04:11:30.687+0000] {dagbag.py:346} ERROR - Failed to import: /opt/airflow/dags/airflow.py
Traceback (most recent call last):
  File "/home/airflow/.local/lib/python3.8/site-packages/airflow/models/dagbag.py", line 342, in parse
    loader.exec_module(new_module)
  File "<frozen importlib._bootstrap_external>", line 843, in exec_module
  File "<frozen importlib._bootstrap>", line 219, in _call_with_frames_removed
  File "/opt/airflow/dags/airflow.py", line 23, in <module>
    from data_preprocessing_scripts.preprocessing import preprocess_data
ModuleNotFoundError: No module named 'data_preprocessing_scripts'
[2026-08-12T04:11:30.688+0000] {processor.py:841} WARNING - No viable dags retrieved from /opt/airflow/dags/airflow.py
[2026-08-12T04:11:30.698+0000] {processor.py:179} INFO - Processing /opt/airflow/dags/airflow.py took 0.070 seconds
[2026-08-12T04:12:00.975+0000] {processor.py:157} INFO - Started process (PID=9088) to work on /opt/airflow/dags/airflow.py
[2026-08-12T04:12:00.976+0000] {processor.py:829} INFO - Processing file /opt/airflow/dags/airflow.py for tasks to queue
[2026-08-12T04:12:00.981+0000] {logging_mixin.py:151} INFO - [2026-08-12T04:12:00.981+0000] {dagbag.py:536} INFO - Filling up the DagBag from /opt/airflow/dags/airflow.py
[2026-08-12T04:12:01.067+0000] {logging_mixin.py:151} INFO - [2026-08-12T04:12:01.066+0000] {dagbag.py:346} ERROR - Failed to import: /opt/airflow/dags/airflow.py
Traceback (most recent call last):
  File "/home/airflow/.local/lib/python3.8/site-packages/airflow/models/dagbag.py", line 342, in parse
    loader.exec_module(new_module)
  File "<frozen importlib._bootstrap_external>", line 843, in exec_module
  File "<frozen importlib._bootstrap>", line 219, in _call_with_frames_removed
  File "/opt/airflow/dags/airflow.py", line 23, in <module>
    from data_preprocessing_scripts.preprocessing import preprocess_data
ModuleNotFoundError: No module named 'data_preprocessing_scripts'
[2026-08-12T04:12:01.067+0000] {processor.py:841} WARNING - No viable dags retrieved from /opt/airflow/dags/airflow.py
[2026-08-12T04:12:01.081+0000] {processor.py:179} INFO - Processing /opt/airflow/dags/airflow.py took 0.110 seconds
[2026-08-12T04:12:31.253+0000] {processor.py:157} INFO - Started process (PID=9096) to work on /opt/airflow/dags/airflow.py
[2026-08-12T04:12:31.254+0000] {processor.py:829} INFO - Processing file /opt/airflow/dags/airflow.py for tasks to queue
[2026-08-12T04:12:31.258+0000] {logging_mixin.py:151} INFO - [2026-08-12T04:12:31.257+0000] {dagbag.py:536} INFO - Filling up the DagBag from /opt/airflow/dags/airflow.py
[2026-08-12T04:12:31.319+0000] {logging_mixin.py:151} INFO - [2026-08-12T04:12:31.318+0000] {dagbag.py:346} ERROR - Failed to import: /opt/airflow/dags/airflow.py
Traceback (most recent call last):
  File "/home/airflow/.local/lib/python3.8/site-packages/airflow/models/dagbag.py", line 342, in parse
    loader.exec_module(new_module)
  File "<frozen importlib._bootstrap_external>", line 843, in exec_module
  File "<frozen importlib._bootstrap>", line 219, in _call_with_frames_removed
  File "/opt/airflow/dags/airflow.py", line 23, in <module>
    from data_preprocessing_scripts.preprocessing import preprocess_data
ModuleNotFoundError: No module named 'data_preprocessing_scripts'
[2026-08-12T04:12:31.319+0000] {processor.py:841} WARNING - No viable dags retrieved from /opt/airflow/dags/airflow.py
[2026-08-12T04:12:31.327+0000] {processor.py:179} INFO - Processing /opt/airflow/dags/airflow.py took 0.080 seconds
[2026-08-12T04:13:01.576+0000] {processor.py:157} INFO - Started process (PID=9104) to work on /opt/airflow/dags/airflow.py
[2026-08-12T04:13:01.576+0000] {processor.py:829} INFO - Processing file /opt/airflow/dags/airflow.py for tasks to queue
[2026-08-12T04:13:01.579+0000] {logging_mixin.py:151} INFO - [2026-08-12T04:13:01.579+0000] {dagbag.py:536} INFO - Filling up the DagBag from /opt/airflow/dags/airflow.py
[2026-08-12T04:13:01.675+0000] {logging_mixin.py:151} INFO - [2026-08-12T04:13:01.674+0000] {dagbag.py:346} ERROR - Failed to import: /opt/airflow/dags/airflow.py
Traceback (most recent call last):
  File "/home/airflow/.local/lib/python3.8/site-packages/airflow/models/dagbag.py", line 342, in parse
    loader.exec_module(new_module)
  File "<frozen importlib._bootstrap_external>", line 843, in exec_module
  File "<frozen importlib._bootstrap>", line 219, in _call_with_frames_removed
  File "/opt/airflow/dags/airflow.py", line 23, in <module>
    from data_preprocessing_scripts.preprocessing import preprocess_data
ModuleNotFoundError: No module named 'data_preprocessing_scripts'
[2026-08-12T04:13:01.675+0000] {processor.py:841} WARNING - No viable dags retrieved from /opt/airflow/dags/airflow.py
[2026-08-12T04:13:01.689+0000] {processor.py:179} INFO - Processing /opt/airflow/dags/airflow.py took 0.118 seconds
[2026-08-12T04:13:31.834+0000] {processor.py:157} INFO - Started process (PID=9112) to work on /opt/airflow/dags/airflow.py
[2026-08-12T04:13:31.835+0000] {processor.py:829} INFO - Processing file /opt/airflow/dags/airflow.py for tasks to queue
[2026-08-12T04:13:31.837+0000] {logging_mixin.py:151} INFO - [2026-08-12T04:13:31.837+0000] {dagbag.py:536} INFO - Filling up the DagBag from /opt/airflow/dags/airflow.py
[2026-08-12T04:13:31.904+0000] {logging_mixin.py:151} INFO - [2026-08-12T04:13:31.903+0000] {dagbag.py:346} ERROR - Failed to import: /opt/airflow/dags/airflow.py
Traceback (most recent call last):
  File "/home/airflow/.local/lib/python3.8/site-packages/airflow/models/dagbag.py", line 342, in parse
    loader.exec_module(new_module)
  File "<frozen importlib._bootstrap_external>", line 843, in exec_module
  File "<frozen importlib._bootstrap>", line 219, in _call_with_frames_removed
  File "/opt/airflow/dags/airflow.py", line 23, in <module>
    from data_preprocessing_scripts.preprocessing import preprocess_data
ModuleNotFoundError: No module named 'data_preprocessing_scripts'
[2026-08-12T04:13:31.904+0000] {processor.py:841} WARNING - No viable dags retrieved from /opt/airflow/dags/airflow.py
[2026-08-12T04:13:31.914+0000] {processor.py:179} INFO - Processing /opt/airflow/dags/airflow.py took 0.082 seconds
[2026-08-12T04:14:02.162+0000] {processor.py:157} INFO - Started process (PID=9120) to work on /opt/airflow/dags/airflow.py
[2026-08-12T04:14:02.163+0000] {processor.py:829} INFO - Processing file /opt/airflow/dags/airflow.py for tasks to queue
[2026-08-12T04:14:02.167+0000] {logging_mixin.py:151} INFO - [2026-08-12T04:14:02.166+0000] {dagbag.py:536} INFO - Filling up the DagBag from /opt/airflow/dags/airflow.py
[2026-08-12T04:14:02.249+0000] {logging_mixin.py:151} INFO - [2026-08-12T04:14:02.247+0000] {dagbag.py:346} ERROR - Failed to import: /opt/airflow/dags/airflow.py
Traceback (most recent call last):
  File "/home/airflow/.local/lib/python3.8/site-packages/airflow/models/dagbag.py", line 342, in parse
    loader.exec_module(new_module)
  File "<frozen importlib._bootstrap_external>", line 843, in exec_module
  File "<frozen importlib._bootstrap>", line 219, in _call_with_frames_removed
  File "/opt/airflow/dags/airflow.py", line 23, in <module>
    from data_preprocessing_scripts.preprocessing import preprocess_data
ModuleNotFoundError: No module named 'data_preprocessing_scripts'
[2026-08-12T04:14:02.249+0000] {processor.py:841} WARNING - No viable dags retrieved from /opt/airflow/dags/airflow.py
[2026-08-12T04:14:02.268+0000] {processor.py:179} INFO - Processing /opt/airflow/dags/airflow.py took 0.111 seconds
[2026-08-12T04:14:32.483+0000] {processor.py:157} INFO - Started process (PID=9128) to work on /opt/airflow/dags/airflow.py
[2026-08-12T04:14:32.484+0000] {processor.py:829} INFO - Processing file /opt/airflow/dags/airflow.py for tasks to queue
[2026-08-12T04:14:32.487+0000] {logging_mixin.py:151} INFO - [2026-08-12T04:14:32.486+0000] {dagbag.py:536} INFO - Filling up the DagBag from /opt/airflow/dags/airflow.py
[2026-08-12T04:14:32.556+0000] {logging_mixin.py:151} INFO - [2026-08-12T04:14:32.555+0000] {dagbag.py:346} ERROR - Failed to import: /opt/airflow/dags/airflow.py
Traceback (most recent call last):
  File "/home/airflow/.local/lib/python3.8/site-packages/airflow/models/dagbag.py", line 342, in parse
    loader.exec_module(new_module)
  File "<frozen importlib._bootstrap_external>", line 843, in exec_module
  File "<frozen importlib._bootstrap>", line 219, in _call_with_frames_removed
  File "/opt/airflow/dags/airflow.py", line 23, in <module>
    from data_preprocessing_scripts.preprocessing import preprocess_data
ModuleNotFoundError: No module named 'data_preprocessing_scripts'
[2026-08-12T04:14:32.556+0000] {processor.py:841} WARNING - No viable dags retrieved from /opt/airflow/dags/airflow.py
[2026-08-12T04:14:32.564+0000] {processor.py:179} INFO - Processing /opt/airflow/dags/airflow.py took 0.085 seconds
[2026-08-12T04:15:02.860+0000] {processor.py:157} INFO - Started process (PID=9136) to work on /opt/airflow/dags/airflow.py
[2026-08-12T04:15:02.860+0000] {processor.py:829} INFO - Processing file /opt/airflow/dags/airflow.py for tasks to queue
[2026-08-12T04:15:02.863+0000] {logging_mixin.py:151} INFO - [2026-08-12T04:15:02.863+0000] {dagbag.py:536} INFO - Filling up the DagBag from /opt/airflow/dags/airflow.py
[2026-08-12T04:15:02.940+0000] {logging_mixin.py:151} INFO - [2026-08-12T04:15:02.939+0000] {dagbag.py:346} ERROR - Failed to import: /opt/airflow/dags/airflow.py
Traceback (most recent call last):
  File "/home/airflow/.local/lib/python3.8/site-packages/airflow/models/dagbag.py", line 342, in parse
    loader.exec_module(new_module)
  File "<frozen importlib._bootstrap_external>", line 843, in exec_module
  File "<frozen importlib._bootstrap>", line 219, in _call_with_frames_removed
  File "/opt/airflow/dags/airflow.py", line 23, in <module>
    from data_preprocessing_scripts.preprocessing import preprocess_data
ModuleNotFoundError: No module named 'data_preprocessing_scripts'
[2026-08-12T04:15:02.940+0000] {processor.py:841} WARNING - No viable dags retrieved from /opt/airflow/dags/airflow.py
[2026-08-12T04:15:02.954+0000] {processor.py:179} INFO - Processing /opt/airflow/dags/airflow.py took 0.108 seconds
[2026-08-12T04:15:33.116+0000] {processor.py:157} INFO - Started process (PID=9144) to work on /opt/airflow/dags/airflow.py
[2026-08-12T04:15:33.117+0000] {processor.py:829} INFO - Processing file /opt/airflow/dags/airflow.py for tasks to queue
[2026-08-12T04:15:33.119+0000] {logging_mixin.py:151} INFO - [2026-08-12T04:15:33.119+0000] {dagbag.py:536} INFO - Filling up the DagBag from /opt/airflow/dags/airflow.py
[2026-08-12T04:15:33.189+0000] {logging_mixin.py:151} INFO - [2026-08-12T04:15:33.188+0000] {dagbag.py:346} ERROR - Failed to import: /opt/airflow/dags/airflow.py
Traceback (most recent call last):
  File "/home/airflow/.local/lib/python3.8/site-packages/airflow/models/dagbag.py", line 342, in parse
    loader.exec_module(new_module)
  File "<frozen importlib._bootstrap_external>", line 843, in exec_module
  File "<frozen importlib._bootstrap>", line 219, in _call_with_frames_removed
  File "/opt/airflow/dags/airflow.py", line 23, in <module>
    from data_preprocessing_scripts.preprocessing import preprocess_data
ModuleNotFoundError: No module named 'data_preprocessing_scripts'
[2026-08-12T04:15:33.189+0000] {processor.py:841} WARNING - No viable dags retrieved from /opt/airflow/dags/airflow.py
[2026-08-12T04:15:33.199+0000] {processor.py:179} INFO - Processing /opt/airflow/dags/airflow.py took 0.085 seconds
[2026-08-12T04:16:03.457+0000] {processor.py:157} INFO - Started process (PID=9152) to work on /opt/airflow/dags/airflow.py
[2026-08-12T04:16:03.458+0000] {processor.py:829} INFO - Processing file /opt/airflow/dags/airflow.py for tasks to queue
[2026-08-12T04:16:03.461+0000] {logging_mixin.py:151} INFO - [2026-08-12T04:16:03.460+0000] {dagbag.py:536} INFO - Filling up the DagBag from /opt/airflow/dags/airflow.py
[2026-08-12T04:16:03.539+0000] {logging_mixin.py:151} INFO - [2026-08-12T04:16:03.538+0000] {dagbag.py:346} ERROR - Failed to import: /opt/airflow/dags/airflow.py
Traceback (most recent call last):
  File "/home/airflow/.local/lib/python3.8/site-packages/airflow/models/dagbag.py", line 342, in parse
    loader.exec_module(new_module)
  File "<frozen importlib._bootstrap_external>", line 843, in exec_module
  File "<frozen importlib._bootstrap>", line 219, in _call_with_frames_removed
  File "/opt/airflow/dags/airflow.py", line 23, in <module>
    from data_preprocessing_scripts.preprocessing import preprocess_data
ModuleNotFoundError: No module named 'data_preprocessing_scripts'
[2026-08-12T04:16:03.542+0000] {processor.py:841} WARNING - No viable dags retrieved from /opt/airflow/dags/airflow.py
[2026-08-12T04:16:03.554+0000] {processor.py:179} INFO - Processing /opt/airflow/dags/airflow.py took 0.102 seconds
[2026-08-12T04:16:33.780+0000] {processor.py:157} INFO - Started process (PID=9160) to work on /opt/airflow/dags/airflow.py
[2026-08-12T04:16:33.780+0000] {processor.py:829} INFO - Processing file /opt/airflow/dags/airflow.py for tasks to queue
[2026-08-12T04:16:33.782+0000] {logging_mixin.py:151} INFO - [2026-08-12T04:16:33.782+0000] {dagbag.py:536} INFO - Filling up the DagBag from /opt/airflow/dags/airflow.py
[2026-08-12T04:16:33.847+0000] {logging_mixin.py:151} INFO - [2026-08-12T04:16:33.847+0000] {dagbag.py:346} ERROR - Failed to import: /opt/airflow/dags/airflow.py
Traceback (most recent call last):
  File "/home/airflow/.local/lib/python3.8/site-packages/airflow/models/dagbag.py", line 342, in parse
    loader.exec_module(new_module)
  File "<frozen importlib._bootstrap_external>", line 843, in exec_module
  File "<frozen importlib._bootstrap>", line 219, in _call_with_frames_removed
  File "/opt/airflow/dags/airflow.py", line 23, in <module>
    from data_preprocessing_scripts.preprocessing import preprocess_data
ModuleNotFoundError: No module named 'data_preprocessing_scripts'
[2026-08-12T04:16:33.848+0000] {processor.py:841} WARNING - No viable dags retrieved from /opt/airflow/dags/airflow.py
[2026-08-12T04:16:33.855+0000] {processor.py:179} INFO - Processing /opt/airflow/dags/airflow.py took 0.079 seconds
[2026-08-12T04:17:04.058+0000] {processor.py:157} INFO - Started process (PID=9169) to work on /opt/airflow/dags/airflow.py
[2026-08-12T04:17:04.059+0000] {processor.py:829} INFO - Processing file /opt/airflow/dags/airflow.py for tasks to queue
[2026-08-12T04:17:04.062+0000] {logging_mixin.py:151} INFO - [2026-08-12T04:17:04.061+0000] {dagbag.py:536} INFO - Filling up the DagBag from /opt/airflow/dags/airflow.py
[2026-08-12T04:17:04.140+0000] {logging_mixin.py:151} INFO - [2026-08-12T04:17:04.139+0000] {dagbag.py:346} ERROR - Failed to import: /opt/airflow/dags/airflow.py
Traceback (most recent call last):
  File "/home/airflow/.local/lib/python3.8/site-packages/airflow/models/dagbag.py", line 342, in parse
    loader.exec_module(new_module)
  File "<frozen importlib._bootstrap_external>", line 843, in exec_module
  File "<frozen importlib._bootstrap>", line 219, in _call_with_frames_removed
  File "/opt/airflow/dags/airflow.py", line 23, in <module>
    from data_preprocessing_scripts.preprocessing import preprocess_data
ModuleNotFoundError: No module named 'data_preprocessing_scripts'
[2026-08-12T04:17:04.140+0000] {processor.py:841} WARNING - No viable dags retrieved from /opt/airflow/dags/airflow.py
[2026-08-12T04:17:04.152+0000] {processor.py:179} INFO - Processing /opt/airflow/dags/airflow.py took 0.097 seconds
[2026-08-12T04:17:34.348+0000] {processor.py:157} INFO - Started process (PID=9177) to work on /opt/airflow/dags/airflow.py
[2026-08-12T04:17:34.349+0000] {processor.py:829} INFO - Processing file /opt/airflow/dags/airflow.py for tasks to queue
[2026-08-12T04:17:34.350+0000] {logging_mixin.py:151} INFO - [2026-08-12T04:17:34.350+0000] {dagbag.py:536} INFO - Filling up the DagBag from /opt/airflow/dags/airflow.py
[2026-08-12T04:17:34.416+0000] {logging_mixin.py:151} INFO - [2026-08-12T04:17:34.415+0000] {dagbag.py:346} ERROR - Failed to import: /opt/airflow/dags/airflow.py
Traceback (most recent call last):
  File "/home/airflow/.local/lib/python3.8/site-packages/airflow/models/dagbag.py", line 342, in parse
    loader.exec_module(new_module)
  File "<frozen importlib._bootstrap_external>", line 843, in exec_module
  File "<frozen importlib._bootstrap>", line 219, in _call_with_frames_removed
  File "/opt/airflow/dags/airflow.py", line 23, in <module>
    from data_preprocessing_scripts.preprocessing import preprocess_data
ModuleNotFoundError: No module named 'data_preprocessing_scripts'
[2026-08-12T04:17:34.416+0000] {processor.py:841} WARNING - No viable dags retrieved from /opt/airflow/dags/airflow.py
[2026-08-12T04:17:34.425+0000] {processor.py:179} INFO - Processing /opt/airflow/dags/airflow.py took 0.080 seconds
[2026-08-12T04:18:04.682+0000] {processor.py:157} INFO - Started process (PID=9185) to work on /opt/airflow/dags/airflow.py
[2026-08-12T04:18:04.683+0000] {processor.py:829} INFO - Processing file /opt/airflow/dags/airflow.py for tasks to queue
[2026-08-12T04:18:04.686+0000] {logging_mixin.py:151} INFO - [2026-08-12T04:18:04.686+0000] {dagbag.py:536} INFO - Filling up the DagBag from /opt/airflow/dags/airflow.py
[2026-08-12T04:18:04.776+0000] {logging_mixin.py:151} INFO - [2026-08-12T04:18:04.775+0000] {dagbag.py:346} ERROR - Failed to import: /opt/airflow/dags/airflow.py
Traceback (most recent call last):
  File "/home/airflow/.local/lib/python3.8/site-packages/airflow/models/dagbag.py", line 342, in parse
    loader.exec_module(new_module)
  File "<frozen importlib._bootstrap_external>", line 843, in exec_module
  File "<frozen importlib._bootstrap>", line 219, in _call_with_frames_removed
  File "/opt/airflow/dags/airflow.py", line 23, in <module>
    from data_preprocessing_scripts.preprocessing import preprocess_data
ModuleNotFoundError: No module named 'data_preprocessing_scripts'
[2026-08-12T04:18:04.776+0000] {processor.py:841} WARNING - No viable dags retrieved from /opt/airflow/dags/airflow.py
[2026-08-12T04:18:04.788+0000] {processor.py:179} INFO - Processing /opt/airflow/dags/airflow.py took 0.109 seconds
[2026-08-12T04:18:34.950+0000] {processor.py:157} INFO - Started process (PID=9193) to work on /opt/airflow/dags/airflow.py
[2026-08-12T04:18:34.950+0000] {processor.py:829} INFO - Processing file /opt/airflow/dags/airflow.py for tasks to queue
[2026-08-12T04:18:34.953+0000] {logging_mixin.py:151} INFO - [2026-08-12T04:18:34.953+0000] {dagbag.py:536} INFO - Filling up the DagBag from /opt/airflow/dags/airflow.py
[2026-08-12T04:18:35.017+0000] {logging_mixin.py:151} INFO - [2026-08-12T04:18:35.016+0000] {dagbag.py:346} ERROR - Failed to import: /opt/airflow/dags/airflow.py
Traceback (most recent call last):
  File "/home/airflow/.local/lib/python3.8/site-packages/airflow/models/dagbag.py", line 342, in parse
    loader.exec_module(new_module)
  File "<frozen importlib._bootstrap_external>", line 843, in exec_module
  File "<frozen importlib._bootstrap>", line 219, in _call_with_frames_removed
  File "/opt/airflow/dags/airflow.py", line 23, in <module>
    from data_preprocessing_scripts.preprocessing import preprocess_data
ModuleNotFoundError: No module named 'data_preprocessing_scripts'
[2026-08-12T04:18:35.021+0000] {processor.py:841} WARNING - No viable dags retrieved from /opt/airflow/dags/airflow.py
[2026-08-12T04:18:35.030+0000] {processor.py:179} INFO - Processing /opt/airflow/dags/airflow.py took 0.085 seconds
[2026-08-12T04:19:05.283+0000] {processor.py:157} INFO - Started process (PID=9201) to work on /opt/airflow/dags/airflow.py
[2026-08-12T04:19:05.284+0000] {processor.py:829} INFO - Processing file /opt/airflow/dags/airflow.py for tasks to queue
[2026-08-12T04:19:05.287+0000] {logging_mixin.py:151} INFO - [2026-08-12T04:19:05.287+0000] {dagbag.py:536} INFO - Filling up the DagBag from /opt/airflow/dags/airflow.py
[2026-08-12T04:19:05.374+0000] {logging_mixin.py:151} INFO - [2026-08-12T04:19:05.373+0000] {dagbag.py:346} ERROR - Failed to import: /opt/airflow/dags/airflow.py
Traceback (most recent call last):
  File "/home/airflow/.local/lib/python3.8/site-packages/airflow/models/dagbag.py", line 342, in parse
    loader.exec_module(new_module)
  File "<frozen importlib._bootstrap_external>", line 843, in exec_module
  File "<frozen importlib._bootstrap>", line 219, in _call_with_frames_removed
  File "/opt/airflow/dags/airflow.py", line 23, in <module>
    from data_preprocessing_scripts.preprocessing import preprocess_data
ModuleNotFoundError: No module named 'data_preprocessing_scripts'
[2026-08-12T04:19:05.374+0000] {processor.py:841} WARNING - No viable dags retrieved from /opt/airflow/dags/airflow.py
[2026-08-12T04:19:05.390+0000] {processor.py:179} INFO - Processing /opt/airflow/dags/airflow.py took 0.110 seconds
[2026-08-12T04:19:35.501+0000] {processor.py:157} INFO - Started process (PID=9209) to work on /opt/airflow/dags/airflow.py
[2026-08-12T04:19:35.502+0000] {processor.py:829} INFO - Processing file /opt/airflow/dags/airflow.py for tasks to queue
[2026-08-12T04:19:35.503+0000] {logging_mixin.py:151} INFO - [2026-08-12T04:19:35.503+0000] {dagbag.py:536} INFO - Filling up the DagBag from /opt/airflow/dags/airflow.py
[2026-08-12T04:19:35.562+0000] {logging_mixin.py:151} INFO - [2026-08-12T04:19:35.561+0000] {dagbag.py:346} ERROR - Failed to import: /opt/airflow/dags/airflow.py
Traceback (most recent call last):
  File "/home/airflow/.local/lib/python3.8/site-packages/airflow/models/dagbag.py", line 342, in parse
    loader.exec_module(new_module)
  File "<frozen importlib._bootstrap_external>", line 843, in exec_module
  File "<frozen importlib._bootstrap>", line 219, in _call_with_frames_removed
  File "/opt/airflow/dags/airflow.py", line 23, in <module>
    from data_preprocessing_scripts.preprocessing import preprocess_data
ModuleNotFoundError: No module named 'data_preprocessing_scripts'
[2026-08-12T04:19:35.562+0000] {processor.py:841} WARNING - No viable dags retrieved from /opt/airflow/dags/airflow.py
[2026-08-12T04:19:35.573+0000] {processor.py:179} INFO - Processing /opt/airflow/dags/airflow.py took 0.074 seconds
[2026-08-12T04:20:05.762+0000] {processor.py:157} INFO - Started process (PID=9217) to work on /opt/airflow/dags/airflow.py
[2026-08-12T04:20:05.763+0000] {processor.py:829} INFO - Processing file /opt/airflow/dags/airflow.py for tasks to queue
[2026-08-12T04:20:05.766+0000] {logging_mixin.py:151} INFO - [2026-08-12T04:20:05.765+0000] {dagbag.py:536} INFO - Filling up the DagBag from /opt/airflow/dags/airflow.py
[2026-08-12T04:20:05.857+0000] {logging_mixin.py:151} INFO - [2026-08-12T04:20:05.855+0000] {dagbag.py:346} ERROR - Failed to import: /opt/airflow/dags/airflow.py
Traceback (most recent call last):
  File "/home/airflow/.local/lib/python3.8/site-packages/airflow/models/dagbag.py", line 342, in parse
    loader.exec_module(new_module)
  File "<frozen importlib._bootstrap_external>", line 843, in exec_module
  File "<frozen importlib._bootstrap>", line 219, in _call_with_frames_removed
  File "/opt/airflow/dags/airflow.py", line 23, in <module>
    from data_preprocessing_scripts.preprocessing import preprocess_data
ModuleNotFoundError: No module named 'data_preprocessing_scripts'
[2026-08-12T04:20:05.857+0000] {processor.py:841} WARNING - No viable dags retrieved from /opt/airflow/dags/airflow.py
[2026-08-12T04:20:05.873+0000] {processor.py:179} INFO - Processing /opt/airflow/dags/airflow.py took 0.114 seconds
[2026-08-12T04:20:35.998+0000] {processor.py:157} INFO - Started process (PID=9225) to work on /opt/airflow/dags/airflow.py
[2026-08-12T04:20:35.999+0000] {processor.py:829} INFO - Processing file /opt/airflow/dags/airflow.py for tasks to queue
[2026-08-12T04:20:36.001+0000] {logging_mixin.py:151} INFO - [2026-08-12T04:20:36.001+0000] {dagbag.py:536} INFO - Filling up the DagBag from /opt/airflow/dags/airflow.py
[2026-08-12T04:20:36.067+0000] {logging_mixin.py:151} INFO - [2026-08-12T04:20:36.066+0000] {dagbag.py:346} ERROR - Failed to import: /opt/airflow/dags/airflow.py
Traceback (most recent call last):
  File "/home/airflow/.local/lib/python3.8/site-packages/airflow/models/dagbag.py", line 342, in parse
    loader.exec_module(new_module)
  File "<frozen importlib._bootstrap_external>", line 843, in exec_module
  File "<frozen importlib._bootstrap>", line 219, in _call_with_frames_removed
  File "/opt/airflow/dags/airflow.py", line 23, in <module>
    from data_preprocessing_scripts.preprocessing import preprocess_data
ModuleNotFoundError: No module named 'data_preprocessing_scripts'
[2026-08-12T04:20:36.067+0000] {processor.py:841} WARNING - No viable dags retrieved from /opt/airflow/dags/airflow.py
[2026-08-12T04:20:36.077+0000] {processor.py:179} INFO - Processing /opt/airflow/dags/airflow.py took 0.082 seconds
[2026-08-12T04:21:06.277+0000] {processor.py:157} INFO - Started process (PID=9233) to work on /opt/airflow/dags/airflow.py
[2026-08-12T04:21:06.278+0000] {processor.py:829} INFO - Processing file /opt/airflow/dags/airflow.py for tasks to queue
[2026-08-12T04:21:06.282+0000] {logging_mixin.py:151} INFO - [2026-08-12T04:21:06.281+0000] {dagbag.py:536} INFO - Filling up the DagBag from /opt/airflow/dags/airflow.py
[2026-08-12T04:21:06.366+0000] {logging_mixin.py:151} INFO - [2026-08-12T04:21:06.365+0000] {dagbag.py:346} ERROR - Failed to import: /opt/airflow/dags/airflow.py
Traceback (most recent call last):
  File "/home/airflow/.local/lib/python3.8/site-packages/airflow/models/dagbag.py", line 342, in parse
    loader.exec_module(new_module)
  File "<frozen importlib._bootstrap_external>", line 843, in exec_module
  File "<frozen importlib._bootstrap>", line 219, in _call_with_frames_removed
  File "/opt/airflow/dags/airflow.py", line 23, in <module>
    from data_preprocessing_scripts.preprocessing import preprocess_data
ModuleNotFoundError: No module named 'data_preprocessing_scripts'
[2026-08-12T04:21:06.366+0000] {processor.py:841} WARNING - No viable dags retrieved from /opt/airflow/dags/airflow.py
[2026-08-12T04:21:06.380+0000] {processor.py:179} INFO - Processing /opt/airflow/dags/airflow.py took 0.107 seconds
[2026-08-12T04:21:36.533+0000] {processor.py:157} INFO - Started process (PID=9241) to work on /opt/airflow/dags/airflow.py
[2026-08-12T04:21:36.534+0000] {processor.py:829} INFO - Processing file /opt/airflow/dags/airflow.py for tasks to queue
[2026-08-12T04:21:36.535+0000] {logging_mixin.py:151} INFO - [2026-08-12T04:21:36.535+0000] {dagbag.py:536} INFO - Filling up the DagBag from /opt/airflow/dags/airflow.py
[2026-08-12T04:21:36.585+0000] {logging_mixin.py:151} INFO - [2026-08-12T04:21:36.584+0000] {dagbag.py:346} ERROR - Failed to import: /opt/airflow/dags/airflow.py
Traceback (most recent call last):
  File "/home/airflow/.local/lib/python3.8/site-packages/airflow/models/dagbag.py", line 342, in parse
    loader.exec_module(new_module)
  File "<frozen importlib._bootstrap_external>", line 843, in exec_module
  File "<frozen importlib._bootstrap>", line 219, in _call_with_frames_removed
  File "/opt/airflow/dags/airflow.py", line 23, in <module>
    from data_preprocessing_scripts.preprocessing import preprocess_data
ModuleNotFoundError: No module named 'data_preprocessing_scripts'
[2026-08-12T04:21:36.585+0000] {processor.py:841} WARNING - No viable dags retrieved from /opt/airflow/dags/airflow.py
[2026-08-12T04:21:36.594+0000] {processor.py:179} INFO - Processing /opt/airflow/dags/airflow.py took 0.063 seconds
[2026-08-12T04:22:06.904+0000] {processor.py:157} INFO - Started process (PID=9249) to work on /opt/airflow/dags/airflow.py
[2026-08-12T04:22:06.905+0000] {processor.py:829} INFO - Processing file /opt/airflow/dags/airflow.py for tasks to queue
[2026-08-12T04:22:06.907+0000] {logging_mixin.py:151} INFO - [2026-08-12T04:22:06.907+0000] {dagbag.py:536} INFO - Filling up the DagBag from /opt/airflow/dags/airflow.py
[2026-08-12T04:22:06.989+0000] {logging_mixin.py:151} INFO - [2026-08-12T04:22:06.988+0000] {dagbag.py:346} ERROR - Failed to import: /opt/airflow/dags/airflow.py
Traceback (most recent call last):
  File "/home/airflow/.local/lib/python3.8/site-packages/airflow/models/dagbag.py", line 342, in parse
    loader.exec_module(new_module)
  File "<frozen importlib._bootstrap_external>", line 843, in exec_module
  File "<frozen importlib._bootstrap>", line 219, in _call_with_frames_removed
  File "/opt/airflow/dags/airflow.py", line 23, in <module>
    from data_preprocessing_scripts.preprocessing import preprocess_data
ModuleNotFoundError: No module named 'data_preprocessing_scripts'
[2026-08-12T04:22:06.989+0000] {processor.py:841} WARNING - No viable dags retrieved from /opt/airflow/dags/airflow.py
[2026-08-12T04:22:07.001+0000] {processor.py:179} INFO - Processing /opt/airflow/dags/airflow.py took 0.103 seconds
[2026-08-12T04:22:37.199+0000] {processor.py:157} INFO - Started process (PID=9257) to work on /opt/airflow/dags/airflow.py
[2026-08-12T04:22:37.200+0000] {processor.py:829} INFO - Processing file /opt/airflow/dags/airflow.py for tasks to queue
[2026-08-12T04:22:37.202+0000] {logging_mixin.py:151} INFO - [2026-08-12T04:22:37.202+0000] {dagbag.py:536} INFO - Filling up the DagBag from /opt/airflow/dags/airflow.py
[2026-08-12T04:22:37.269+0000] {logging_mixin.py:151} INFO - [2026-08-12T04:22:37.269+0000] {dagbag.py:346} ERROR - Failed to import: /opt/airflow/dags/airflow.py
Traceback (most recent call last):
  File "/home/airflow/.local/lib/python3.8/site-packages/airflow/models/dagbag.py", line 342, in parse
    loader.exec_module(new_module)
  File "<frozen importlib._bootstrap_external>", line 843, in exec_module
  File "<frozen importlib._bootstrap>", line 219, in _call_with_frames_removed
  File "/opt/airflow/dags/airflow.py", line 23, in <module>
    from data_preprocessing_scripts.preprocessing import preprocess_data
ModuleNotFoundError: No module named 'data_preprocessing_scripts'
[2026-08-12T04:22:37.270+0000] {processor.py:841} WARNING - No viable dags retrieved from /opt/airflow/dags/airflow.py
[2026-08-12T04:22:37.279+0000] {processor.py:179} INFO - Processing /opt/airflow/dags/airflow.py took 0.083 seconds
[2026-08-12T04:23:07.580+0000] {processor.py:157} INFO - Started process (PID=9265) to work on /opt/airflow/dags/airflow.py
[2026-08-12T04:23:07.581+0000] {processor.py:829} INFO - Processing file /opt/airflow/dags/airflow.py for tasks to queue
[2026-08-12T04:23:07.583+0000] {logging_mixin.py:151} INFO - [2026-08-12T04:23:07.583+0000] {dagbag.py:536} INFO - Filling up the DagBag from /opt/airflow/dags/airflow.py
[2026-08-12T04:23:07.673+0000] {logging_mixin.py:151} INFO - [2026-08-12T04:23:07.672+0000] {dagbag.py:346} ERROR - Failed to import: /opt/airflow/dags/airflow.py
Traceback (most recent call last):
  File "/home/airflow/.local/lib/python3.8/site-packages/airflow/models/dagbag.py", line 342, in parse
    loader.exec_module(new_module)
  File "<frozen importlib._bootstrap_external>", line 843, in exec_module
  File "<frozen importlib._bootstrap>", line 219, in _call_with_frames_removed
  File "/opt/airflow/dags/airflow.py", line 23, in <module>
    from data_preprocessing_scripts.preprocessing import preprocess_data
ModuleNotFoundError: No module named 'data_preprocessing_scripts'
[2026-08-12T04:23:07.673+0000] {processor.py:841} WARNING - No viable dags retrieved from /opt/airflow/dags/airflow.py
[2026-08-12T04:23:07.682+0000] {processor.py:179} INFO - Processing /opt/airflow/dags/airflow.py took 0.106 seconds
[2026-08-12T04:23:37.865+0000] {processor.py:157} INFO - Started process (PID=9273) to work on /opt/airflow/dags/airflow.py
[2026-08-12T04:23:37.866+0000] {processor.py:829} INFO - Processing file /opt/airflow/dags/airflow.py for tasks to queue
[2026-08-12T04:23:37.868+0000] {logging_mixin.py:151} INFO - [2026-08-12T04:23:37.867+0000] {dagbag.py:536} INFO - Filling up the DagBag from /opt/airflow/dags/airflow.py
[2026-08-12T04:23:37.937+0000] {logging_mixin.py:151} INFO - [2026-08-12T04:23:37.936+0000] {dagbag.py:346} ERROR - Failed to import: /opt/airflow/dags/airflow.py
Traceback (most recent call last):
  File "/home/airflow/.local/lib/python3.8/site-packages/airflow/models/dagbag.py", line 342, in parse
    loader.exec_module(new_module)
  File "<frozen importlib._bootstrap_external>", line 843, in exec_module
  File "<frozen importlib._bootstrap>", line 219, in _call_with_frames_removed
  File "/opt/airflow/dags/airflow.py", line 23, in <module>
    from data_preprocessing_scripts.preprocessing import preprocess_data
ModuleNotFoundError: No module named 'data_preprocessing_scripts'
[2026-08-12T04:23:37.937+0000] {processor.py:841} WARNING - No viable dags retrieved from /opt/airflow/dags/airflow.py
[2026-08-12T04:23:37.947+0000] {processor.py:179} INFO - Processing /opt/airflow/dags/airflow.py took 0.087 seconds
[2026-08-12T04:24:08.235+0000] {processor.py:157} INFO - Started process (PID=9281) to work on /opt/airflow/dags/airflow.py
[2026-08-12T04:24:08.236+0000] {processor.py:829} INFO - Processing file /opt/airflow/dags/airflow.py for tasks to queue
[2026-08-12T04:24:08.238+0000] {logging_mixin.py:151} INFO - [2026-08-12T04:24:08.237+0000] {dagbag.py:536} INFO - Filling up the DagBag from /opt/airflow/dags/airflow.py
[2026-08-12T04:24:08.316+0000] {logging_mixin.py:151} INFO - [2026-08-12T04:24:08.315+0000] {dagbag.py:346} ERROR - Failed to import: /opt/airflow/dags/airflow.py
Traceback (most recent call last):
  File "/home/airflow/.local/lib/python3.8/site-packages/airflow/models/dagbag.py", line 342, in parse
    loader.exec_module(new_module)
  File "<frozen importlib._bootstrap_external>", line 843, in exec_module
  File "<frozen importlib._bootstrap>", line 219, in _call_with_frames_removed
  File "/opt/airflow/dags/airflow.py", line 23, in <module>
    from data_preprocessing_scripts.preprocessing import preprocess_data
ModuleNotFoundError: No module named 'data_preprocessing_scripts'
[2026-08-12T04:24:08.316+0000] {processor.py:841} WARNING - No viable dags retrieved from /opt/airflow/dags/airflow.py
[2026-08-12T04:24:08.327+0000] {processor.py:179} INFO - Processing /opt/airflow/dags/airflow.py took 0.094 seconds
[2026-08-12T04:24:38.531+0000] {processor.py:157} INFO - Started process (PID=9289) to work on /opt/airflow/dags/airflow.py
[2026-08-12T04:24:38.532+0000] {processor.py:829} INFO - Processing file /opt/airflow/dags/airflow.py for tasks to queue
[2026-08-12T04:24:38.534+0000] {logging_mixin.py:151} INFO - [2026-08-12T04:24:38.534+0000] {dagbag.py:536} INFO - Filling up the DagBag from /opt/airflow/dags/airflow.py
[2026-08-12T04:24:38.609+0000] {logging_mixin.py:151} INFO - [2026-08-12T04:24:38.608+0000] {dagbag.py:346} ERROR - Failed to import: /opt/airflow/dags/airflow.py
Traceback (most recent call last):
  File "/home/airflow/.local/lib/python3.8/site-packages/airflow/models/dagbag.py", line 342, in parse
    loader.exec_module(new_module)
  File "<frozen importlib._bootstrap_external>", line 843, in exec_module
  File "<frozen importlib._bootstrap>", line 219, in _call_with_frames_removed
  File "/opt/airflow/dags/airflow.py", line 23, in <module>
    from data_preprocessing_scripts.preprocessing import preprocess_data
ModuleNotFoundError: No module named 'data_preprocessing_scripts'
[2026-08-12T04:24:38.609+0000] {processor.py:841} WARNING - No viable dags retrieved from /opt/airflow/dags/airflow.py
[2026-08-12T04:24:38.621+0000] {processor.py:179} INFO - Processing /opt/airflow/dags/airflow.py took 0.093 seconds
[2026-08-12T04:25:08.867+0000] {processor.py:157} INFO - Started process (PID=9297) to work on /opt/airflow/dags/airflow.py
[2026-08-12T04:25:08.868+0000] {processor.py:829} INFO - Processing file /opt/airflow/dags/airflow.py for tasks to queue
[2026-08-12T04:25:08.869+0000] {logging_mixin.py:151} INFO - [2026-08-12T04:25:08.869+0000] {dagbag.py:536} INFO - Filling up the DagBag from /opt/airflow/dags/airflow.py
[2026-08-12T04:25:08.948+0000] {logging_mixin.py:151} INFO - [2026-08-12T04:25:08.948+0000] {dagbag.py:346} ERROR - Failed to import: /opt/airflow/dags/airflow.py
Traceback (most recent call last):
  File "/home/airflow/.local/lib/python3.8/site-packages/airflow/models/dagbag.py", line 342, in parse
    loader.exec_module(new_module)
  File "<frozen importlib._bootstrap_external>", line 843, in exec_module
  File "<frozen importlib._bootstrap>", line 219, in _call_with_frames_removed
  File "/opt/airflow/dags/airflow.py", line 23, in <module>
    from data_preprocessing_scripts.preprocessing import preprocess_data
ModuleNotFoundError: No module named 'data_preprocessing_scripts'
[2026-08-12T04:25:08.949+0000] {processor.py:841} WARNING - No viable dags retrieved from /opt/airflow/dags/airflow.py
[2026-08-12T04:25:08.959+0000] {processor.py:179} INFO - Processing /opt/airflow/dags/airflow.py took 0.094 seconds
[2026-08-12T04:25:39.143+0000] {processor.py:157} INFO - Started process (PID=9305) to work on /opt/airflow/dags/airflow.py
[2026-08-12T04:25:39.144+0000] {processor.py:829} INFO - Processing file /opt/airflow/dags/airflow.py for tasks to queue
[2026-08-12T04:25:39.146+0000] {logging_mixin.py:151} INFO - [2026-08-12T04:25:39.145+0000] {dagbag.py:536} INFO - Filling up the DagBag from /opt/airflow/dags/airflow.py
[2026-08-12T04:25:39.210+0000] {logging_mixin.py:151} INFO - [2026-08-12T04:25:39.210+0000] {dagbag.py:346} ERROR - Failed to import: /opt/airflow/dags/airflow.py
Traceback (most recent call last):
  File "/home/airflow/.local/lib/python3.8/site-packages/airflow/models/dagbag.py", line 342, in parse
    loader.exec_module(new_module)
  File "<frozen importlib._bootstrap_external>", line 843, in exec_module
  File "<frozen importlib._bootstrap>", line 219, in _call_with_frames_removed
  File "/opt/airflow/dags/airflow.py", line 23, in <module>
    from data_preprocessing_scripts.preprocessing import preprocess_data
ModuleNotFoundError: No module named 'data_preprocessing_scripts'
[2026-08-12T04:25:39.211+0000] {processor.py:841} WARNING - No viable dags retrieved from /opt/airflow/dags/airflow.py
[2026-08-12T04:25:39.219+0000] {processor.py:179} INFO - Processing /opt/airflow/dags/airflow.py took 0.079 seconds
[2026-08-12T04:26:09.389+0000] {processor.py:157} INFO - Started process (PID=9313) to work on /opt/airflow/dags/airflow.py
[2026-08-12T04:26:09.389+0000] {processor.py:829} INFO - Processing file /opt/airflow/dags/airflow.py for tasks to queue
[2026-08-12T04:26:09.391+0000] {logging_mixin.py:151} INFO - [2026-08-12T04:26:09.391+0000] {dagbag.py:536} INFO - Filling up the DagBag from /opt/airflow/dags/airflow.py
[2026-08-12T04:26:09.453+0000] {logging_mixin.py:151} INFO - [2026-08-12T04:26:09.452+0000] {dagbag.py:346} ERROR - Failed to import: /opt/airflow/dags/airflow.py
Traceback (most recent call last):
  File "/home/airflow/.local/lib/python3.8/site-packages/airflow/models/dagbag.py", line 342, in parse
    loader.exec_module(new_module)
  File "<frozen importlib._bootstrap_external>", line 843, in exec_module
  File "<frozen importlib._bootstrap>", line 219, in _call_with_frames_removed
  File "/opt/airflow/dags/airflow.py", line 23, in <module>
    from data_preprocessing_scripts.preprocessing import preprocess_data
ModuleNotFoundError: No module named 'data_preprocessing_scripts'
[2026-08-12T04:26:09.453+0000] {processor.py:841} WARNING - No viable dags retrieved from /opt/airflow/dags/airflow.py
[2026-08-12T04:26:09.461+0000] {processor.py:179} INFO - Processing /opt/airflow/dags/airflow.py took 0.075 seconds
[2026-08-12T04:26:39.602+0000] {processor.py:157} INFO - Started process (PID=9321) to work on /opt/airflow/dags/airflow.py
[2026-08-12T04:26:39.604+0000] {processor.py:829} INFO - Processing file /opt/airflow/dags/airflow.py for tasks to queue
[2026-08-12T04:26:39.606+0000] {logging_mixin.py:151} INFO - [2026-08-12T04:26:39.606+0000] {dagbag.py:536} INFO - Filling up the DagBag from /opt/airflow/dags/airflow.py
[2026-08-12T04:26:39.687+0000] {logging_mixin.py:151} INFO - [2026-08-12T04:26:39.687+0000] {dagbag.py:346} ERROR - Failed to import: /opt/airflow/dags/airflow.py
Traceback (most recent call last):
  File "/home/airflow/.local/lib/python3.8/site-packages/airflow/models/dagbag.py", line 342, in parse
    loader.exec_module(new_module)
  File "<frozen importlib._bootstrap_external>", line 843, in exec_module
  File "<frozen importlib._bootstrap>", line 219, in _call_with_frames_removed
  File "/opt/airflow/dags/airflow.py", line 23, in <module>
    from data_preprocessing_scripts.preprocessing import preprocess_data
ModuleNotFoundError: No module named 'data_preprocessing_scripts'
[2026-08-12T04:26:39.688+0000] {processor.py:841} WARNING - No viable dags retrieved from /opt/airflow/dags/airflow.py
[2026-08-12T04:26:39.698+0000] {processor.py:179} INFO - Processing /opt/airflow/dags/airflow.py took 0.099 seconds
[2026-08-12T04:27:09.872+0000] {processor.py:157} INFO - Started process (PID=9329) to work on /opt/airflow/dags/airflow.py
[2026-08-12T04:27:09.873+0000] {processor.py:829} INFO - Processing file /opt/airflow/dags/airflow.py for tasks to queue
[2026-08-12T04:27:09.875+0000] {logging_mixin.py:151} INFO - [2026-08-12T04:27:09.875+0000] {dagbag.py:536} INFO - Filling up the DagBag from /opt/airflow/dags/airflow.py
[2026-08-12T04:27:09.935+0000] {logging_mixin.py:151} INFO - [2026-08-12T04:27:09.934+0000] {dagbag.py:346} ERROR - Failed to import: /opt/airflow/dags/airflow.py
Traceback (most recent call last):
  File "/home/airflow/.local/lib/python3.8/site-packages/airflow/models/dagbag.py", line 342, in parse
    loader.exec_module(new_module)
  File "<frozen importlib._bootstrap_external>", line 843, in exec_module
  File "<frozen importlib._bootstrap>", line 219, in _call_with_frames_removed
  File "/opt/airflow/dags/airflow.py", line 23, in <module>
    from data_preprocessing_scripts.preprocessing import preprocess_data
ModuleNotFoundError: No module named 'data_preprocessing_scripts'
[2026-08-12T04:27:09.935+0000] {processor.py:841} WARNING - No viable dags retrieved from /opt/airflow/dags/airflow.py
[2026-08-12T04:27:09.945+0000] {processor.py:179} INFO - Processing /opt/airflow/dags/airflow.py took 0.075 seconds
[2026-08-12T04:27:40.089+0000] {processor.py:157} INFO - Started process (PID=9337) to work on /opt/airflow/dags/airflow.py
[2026-08-12T04:27:40.090+0000] {processor.py:829} INFO - Processing file /opt/airflow/dags/airflow.py for tasks to queue
[2026-08-12T04:27:40.093+0000] {logging_mixin.py:151} INFO - [2026-08-12T04:27:40.093+0000] {dagbag.py:536} INFO - Filling up the DagBag from /opt/airflow/dags/airflow.py
[2026-08-12T04:27:40.166+0000] {logging_mixin.py:151} INFO - [2026-08-12T04:27:40.165+0000] {dagbag.py:346} ERROR - Failed to import: /opt/airflow/dags/airflow.py
Traceback (most recent call last):
  File "/home/airflow/.local/lib/python3.8/site-packages/airflow/models/dagbag.py", line 342, in parse
    loader.exec_module(new_module)
  File "<frozen importlib._bootstrap_external>", line 843, in exec_module
  File "<frozen importlib._bootstrap>", line 219, in _call_with_frames_removed
  File "/opt/airflow/dags/airflow.py", line 23, in <module>
    from data_preprocessing_scripts.preprocessing import preprocess_data
ModuleNotFoundError: No module named 'data_preprocessing_scripts'
[2026-08-12T04:27:40.166+0000] {processor.py:841} WARNING - No viable dags retrieved from /opt/airflow/dags/airflow.py
[2026-08-12T04:27:40.177+0000] {processor.py:179} INFO - Processing /opt/airflow/dags/airflow.py took 0.094 seconds
[2026-08-12T04:28:10.314+0000] {processor.py:157} INFO - Started process (PID=9345) to work on /opt/airflow/dags/airflow.py
[2026-08-12T04:28:10.315+0000] {processor.py:829} INFO - Processing file /opt/airflow/dags/airflow.py for tasks to queue
[2026-08-12T04:28:10.317+0000] {logging_mixin.py:151} INFO - [2026-08-12T04:28:10.317+0000] {dagbag.py:536} INFO - Filling up the DagBag from /opt/airflow/dags/airflow.py
[2026-08-12T04:28:10.395+0000] {logging_mixin.py:151} INFO - [2026-08-12T04:28:10.394+0000] {dagbag.py:346} ERROR - Failed to import: /opt/airflow/dags/airflow.py
Traceback (most recent call last):
  File "/home/airflow/.local/lib/python3.8/site-packages/airflow/models/dagbag.py", line 342, in parse
    loader.exec_module(new_module)
  File "<frozen importlib._bootstrap_external>", line 843, in exec_module
  File "<frozen importlib._bootstrap>", line 219, in _call_with_frames_removed
  File "/opt/airflow/dags/airflow.py", line 23, in <module>
    from data_preprocessing_scripts.preprocessing import preprocess_data
ModuleNotFoundError: No module named 'data_preprocessing_scripts'
[2026-08-12T04:28:10.395+0000] {processor.py:841} WARNING - No viable dags retrieved from /opt/airflow/dags/airflow.py
[2026-08-12T04:28:10.404+0000] {processor.py:179} INFO - Processing /opt/airflow/dags/airflow.py took 0.093 seconds
[2026-08-12T04:28:40.517+0000] {processor.py:157} INFO - Started process (PID=9353) to work on /opt/airflow/dags/airflow.py
[2026-08-12T04:28:40.517+0000] {processor.py:829} INFO - Processing file /opt/airflow/dags/airflow.py for tasks to queue
[2026-08-12T04:28:40.519+0000] {logging_mixin.py:151} INFO - [2026-08-12T04:28:40.519+0000] {dagbag.py:536} INFO - Filling up the DagBag from /opt/airflow/dags/airflow.py
[2026-08-12T04:28:40.583+0000] {logging_mixin.py:151} INFO - [2026-08-12T04:28:40.582+0000] {dagbag.py:346} ERROR - Failed to import: /opt/airflow/dags/airflow.py
Traceback (most recent call last):
  File "/home/airflow/.local/lib/python3.8/site-packages/airflow/models/dagbag.py", line 342, in parse
    loader.exec_module(new_module)
  File "<frozen importlib._bootstrap_external>", line 843, in exec_module
  File "<frozen importlib._bootstrap>", line 219, in _call_with_frames_removed
  File "/opt/airflow/dags/airflow.py", line 23, in <module>
    from data_preprocessing_scripts.preprocessing import preprocess_data
ModuleNotFoundError: No module named 'data_preprocessing_scripts'
[2026-08-12T04:28:40.583+0000] {processor.py:841} WARNING - No viable dags retrieved from /opt/airflow/dags/airflow.py
[2026-08-12T04:28:40.593+0000] {processor.py:179} INFO - Processing /opt/airflow/dags/airflow.py took 0.079 seconds
[2026-08-12T04:29:10.728+0000] {processor.py:157} INFO - Started process (PID=9361) to work on /opt/airflow/dags/airflow.py
[2026-08-12T04:29:10.728+0000] {processor.py:829} INFO - Processing file /opt/airflow/dags/airflow.py for tasks to queue
[2026-08-12T04:29:10.731+0000] {logging_mixin.py:151} INFO - [2026-08-12T04:29:10.731+0000] {dagbag.py:536} INFO - Filling up the DagBag from /opt/airflow/dags/airflow.py
[2026-08-12T04:29:10.786+0000] {logging_mixin.py:151} INFO - [2026-08-12T04:29:10.785+0000] {dagbag.py:346} ERROR - Failed to import: /opt/airflow/dags/airflow.py
Traceback (most recent call last):
  File "/home/airflow/.local/lib/python3.8/site-packages/airflow/models/dagbag.py", line 342, in parse
    loader.exec_module(new_module)
  File "<frozen importlib._bootstrap_external>", line 843, in exec_module
  File "<frozen importlib._bootstrap>", line 219, in _call_with_frames_removed
  File "/opt/airflow/dags/airflow.py", line 23, in <module>
    from data_preprocessing_scripts.preprocessing import preprocess_data
ModuleNotFoundError: No module named 'data_preprocessing_scripts'
[2026-08-12T04:29:10.786+0000] {processor.py:841} WARNING - No viable dags retrieved from /opt/airflow/dags/airflow.py
[2026-08-12T04:29:10.796+0000] {processor.py:179} INFO - Processing /opt/airflow/dags/airflow.py took 0.071 seconds
[2026-08-12T04:29:40.959+0000] {processor.py:157} INFO - Started process (PID=9369) to work on /opt/airflow/dags/airflow.py
[2026-08-12T04:29:40.959+0000] {processor.py:829} INFO - Processing file /opt/airflow/dags/airflow.py for tasks to queue
[2026-08-12T04:29:40.961+0000] {logging_mixin.py:151} INFO - [2026-08-12T04:29:40.961+0000] {dagbag.py:536} INFO - Filling up the DagBag from /opt/airflow/dags/airflow.py
[2026-08-12T04:29:41.037+0000] {logging_mixin.py:151} INFO - [2026-08-12T04:29:41.036+0000] {dagbag.py:346} ERROR - Failed to import: /opt/airflow/dags/airflow.py
Traceback (most recent call last):
  File "/home/airflow/.local/lib/python3.8/site-packages/airflow/models/dagbag.py", line 342, in parse
    loader.exec_module(new_module)
  File "<frozen importlib._bootstrap_external>", line 843, in exec_module
  File "<frozen importlib._bootstrap>", line 219, in _call_with_frames_removed
  File "/opt/airflow/dags/airflow.py", line 23, in <module>
    from data_preprocessing_scripts.preprocessing import preprocess_data
ModuleNotFoundError: No module named 'data_preprocessing_scripts'
[2026-08-12T04:29:41.037+0000] {processor.py:841} WARNING - No viable dags retrieved from /opt/airflow/dags/airflow.py
[2026-08-12T04:29:41.045+0000] {processor.py:179} INFO - Processing /opt/airflow/dags/airflow.py took 0.089 seconds
[2026-08-12T04:30:11.224+0000] {processor.py:157} INFO - Started process (PID=9377) to work on /opt/airflow/dags/airflow.py
[2026-08-12T04:30:11.225+0000] {processor.py:829} INFO - Processing file /opt/airflow/dags/airflow.py for tasks to queue
[2026-08-12T04:30:11.227+0000] {logging_mixin.py:151} INFO - [2026-08-12T04:30:11.227+0000] {dagbag.py:536} INFO - Filling up the DagBag from /opt/airflow/dags/airflow.py
[2026-08-12T04:30:11.292+0000] {logging_mixin.py:151} INFO - [2026-08-12T04:30:11.291+0000] {dagbag.py:346} ERROR - Failed to import: /opt/airflow/dags/airflow.py
Traceback (most recent call last):
  File "/home/airflow/.local/lib/python3.8/site-packages/airflow/models/dagbag.py", line 342, in parse
    loader.exec_module(new_module)
  File "<frozen importlib._bootstrap_external>", line 843, in exec_module
  File "<frozen importlib._bootstrap>", line 219, in _call_with_frames_removed
  File "/opt/airflow/dags/airflow.py", line 23, in <module>
    from data_preprocessing_scripts.preprocessing import preprocess_data
ModuleNotFoundError: No module named 'data_preprocessing_scripts'
[2026-08-12T04:30:11.292+0000] {processor.py:841} WARNING - No viable dags retrieved from /opt/airflow/dags/airflow.py
[2026-08-12T04:30:11.302+0000] {processor.py:179} INFO - Processing /opt/airflow/dags/airflow.py took 0.081 seconds
[2026-08-12T04:30:41.469+0000] {processor.py:157} INFO - Started process (PID=9385) to work on /opt/airflow/dags/airflow.py
[2026-08-12T04:30:41.470+0000] {processor.py:829} INFO - Processing file /opt/airflow/dags/airflow.py for tasks to queue
[2026-08-12T04:30:41.471+0000] {logging_mixin.py:151} INFO - [2026-08-12T04:30:41.471+0000] {dagbag.py:536} INFO - Filling up the DagBag from /opt/airflow/dags/airflow.py
[2026-08-12T04:30:41.529+0000] {logging_mixin.py:151} INFO - [2026-08-12T04:30:41.529+0000] {dagbag.py:346} ERROR - Failed to import: /opt/airflow/dags/airflow.py
Traceback (most recent call last):
  File "/home/airflow/.local/lib/python3.8/site-packages/airflow/models/dagbag.py", line 342, in parse
    loader.exec_module(new_module)
  File "<frozen importlib._bootstrap_external>", line 843, in exec_module
  File "<frozen importlib._bootstrap>", line 219, in _call_with_frames_removed
  File "/opt/airflow/dags/airflow.py", line 23, in <module>
    from data_preprocessing_scripts.preprocessing import preprocess_data
ModuleNotFoundError: No module named 'data_preprocessing_scripts'
[2026-08-12T04:30:41.529+0000] {processor.py:841} WARNING - No viable dags retrieved from /opt/airflow/dags/airflow.py
[2026-08-12T04:30:41.537+0000] {processor.py:179} INFO - Processing /opt/airflow/dags/airflow.py took 0.072 seconds
[2026-08-12T04:31:11.788+0000] {processor.py:157} INFO - Started process (PID=9393) to work on /opt/airflow/dags/airflow.py
[2026-08-12T04:31:11.788+0000] {processor.py:829} INFO - Processing file /opt/airflow/dags/airflow.py for tasks to queue
[2026-08-12T04:31:11.790+0000] {logging_mixin.py:151} INFO - [2026-08-12T04:31:11.790+0000] {dagbag.py:536} INFO - Filling up the DagBag from /opt/airflow/dags/airflow.py
[2026-08-12T04:31:11.876+0000] {logging_mixin.py:151} INFO - [2026-08-12T04:31:11.875+0000] {dagbag.py:346} ERROR - Failed to import: /opt/airflow/dags/airflow.py
Traceback (most recent call last):
  File "/home/airflow/.local/lib/python3.8/site-packages/airflow/models/dagbag.py", line 342, in parse
    loader.exec_module(new_module)
  File "<frozen importlib._bootstrap_external>", line 843, in exec_module
  File "<frozen importlib._bootstrap>", line 219, in _call_with_frames_removed
  File "/opt/airflow/dags/airflow.py", line 23, in <module>
    from data_preprocessing_scripts.preprocessing import preprocess_data
ModuleNotFoundError: No module named 'data_preprocessing_scripts'
[2026-08-12T04:31:11.876+0000] {processor.py:841} WARNING - No viable dags retrieved from /opt/airflow/dags/airflow.py
[2026-08-12T04:31:11.887+0000] {processor.py:179} INFO - Processing /opt/airflow/dags/airflow.py took 0.101 seconds
[2026-08-12T04:31:42.044+0000] {processor.py:157} INFO - Started process (PID=9401) to work on /opt/airflow/dags/airflow.py
[2026-08-12T04:31:42.045+0000] {processor.py:829} INFO - Processing file /opt/airflow/dags/airflow.py for tasks to queue
[2026-08-12T04:31:42.047+0000] {logging_mixin.py:151} INFO - [2026-08-12T04:31:42.046+0000] {dagbag.py:536} INFO - Filling up the DagBag from /opt/airflow/dags/airflow.py
[2026-08-12T04:31:42.120+0000] {logging_mixin.py:151} INFO - [2026-08-12T04:31:42.119+0000] {dagbag.py:346} ERROR - Failed to import: /opt/airflow/dags/airflow.py
Traceback (most recent call last):
  File "/home/airflow/.local/lib/python3.8/site-packages/airflow/models/dagbag.py", line 342, in parse
    loader.exec_module(new_module)
  File "<frozen importlib._bootstrap_external>", line 843, in exec_module
  File "<frozen importlib._bootstrap>", line 219, in _call_with_frames_removed
  File "/opt/airflow/dags/airflow.py", line 23, in <module>
    from data_preprocessing_scripts.preprocessing import preprocess_data
ModuleNotFoundError: No module named 'data_preprocessing_scripts'
[2026-08-12T04:31:42.120+0000] {processor.py:841} WARNING - No viable dags retrieved from /opt/airflow/dags/airflow.py
[2026-08-12T04:31:42.128+0000] {processor.py:179} INFO - Processing /opt/airflow/dags/airflow.py took 0.087 seconds
[2026-08-12T04:32:12.332+0000] {processor.py:157} INFO - Started process (PID=9409) to work on /opt/airflow/dags/airflow.py
[2026-08-12T04:32:12.332+0000] {processor.py:829} INFO - Processing file /opt/airflow/dags/airflow.py for tasks to queue
[2026-08-12T04:32:12.335+0000] {logging_mixin.py:151} INFO - [2026-08-12T04:32:12.334+0000] {dagbag.py:536} INFO - Filling up the DagBag from /opt/airflow/dags/airflow.py
[2026-08-12T04:32:12.393+0000] {logging_mixin.py:151} INFO - [2026-08-12T04:32:12.393+0000] {dagbag.py:346} ERROR - Failed to import: /opt/airflow/dags/airflow.py
Traceback (most recent call last):
  File "/home/airflow/.local/lib/python3.8/site-packages/airflow/models/dagbag.py", line 342, in parse
    loader.exec_module(new_module)
  File "<frozen importlib._bootstrap_external>", line 843, in exec_module
  File "<frozen importlib._bootstrap>", line 219, in _call_with_frames_removed
  File "/opt/airflow/dags/airflow.py", line 23, in <module>
    from data_preprocessing_scripts.preprocessing import preprocess_data
ModuleNotFoundError: No module named 'data_preprocessing_scripts'
[2026-08-12T04:32:12.394+0000] {processor.py:841} WARNING - No viable dags retrieved from /opt/airflow/dags/airflow.py
[2026-08-12T04:32:12.402+0000] {processor.py:179} INFO - Processing /opt/airflow/dags/airflow.py took 0.075 seconds
[2026-08-12T04:32:42.619+0000] {processor.py:157} INFO - Started process (PID=9417) to work on /opt/airflow/dags/airflow.py
[2026-08-12T04:32:42.620+0000] {processor.py:829} INFO - Processing file /opt/airflow/dags/airflow.py for tasks to queue
[2026-08-12T04:32:42.621+0000] {logging_mixin.py:151} INFO - [2026-08-12T04:32:42.621+0000] {dagbag.py:536} INFO - Filling up the DagBag from /opt/airflow/dags/airflow.py
[2026-08-12T04:32:42.687+0000] {logging_mixin.py:151} INFO - [2026-08-12T04:32:42.687+0000] {dagbag.py:346} ERROR - Failed to import: /opt/airflow/dags/airflow.py
Traceback (most recent call last):
  File "/home/airflow/.local/lib/python3.8/site-packages/airflow/models/dagbag.py", line 342, in parse
    loader.exec_module(new_module)
  File "<frozen importlib._bootstrap_external>", line 843, in exec_module
  File "<frozen importlib._bootstrap>", line 219, in _call_with_frames_removed
  File "/opt/airflow/dags/airflow.py", line 23, in <module>
    from data_preprocessing_scripts.preprocessing import preprocess_data
ModuleNotFoundError: No module named 'data_preprocessing_scripts'
[2026-08-12T04:32:42.688+0000] {processor.py:841} WARNING - No viable dags retrieved from /opt/airflow/dags/airflow.py
[2026-08-12T04:32:42.696+0000] {processor.py:179} INFO - Processing /opt/airflow/dags/airflow.py took 0.080 seconds
[2026-08-12T04:33:12.905+0000] {processor.py:157} INFO - Started process (PID=9425) to work on /opt/airflow/dags/airflow.py
[2026-08-12T04:33:12.906+0000] {processor.py:829} INFO - Processing file /opt/airflow/dags/airflow.py for tasks to queue
[2026-08-12T04:33:12.908+0000] {logging_mixin.py:151} INFO - [2026-08-12T04:33:12.908+0000] {dagbag.py:536} INFO - Filling up the DagBag from /opt/airflow/dags/airflow.py
[2026-08-12T04:33:12.983+0000] {logging_mixin.py:151} INFO - [2026-08-12T04:33:12.982+0000] {dagbag.py:346} ERROR - Failed to import: /opt/airflow/dags/airflow.py
Traceback (most recent call last):
  File "/home/airflow/.local/lib/python3.8/site-packages/airflow/models/dagbag.py", line 342, in parse
    loader.exec_module(new_module)
  File "<frozen importlib._bootstrap_external>", line 843, in exec_module
  File "<frozen importlib._bootstrap>", line 219, in _call_with_frames_removed
  File "/opt/airflow/dags/airflow.py", line 23, in <module>
    from data_preprocessing_scripts.preprocessing import preprocess_data
ModuleNotFoundError: No module named 'data_preprocessing_scripts'
[2026-08-12T04:33:12.983+0000] {processor.py:841} WARNING - No viable dags retrieved from /opt/airflow/dags/airflow.py
[2026-08-12T04:33:12.992+0000] {processor.py:179} INFO - Processing /opt/airflow/dags/airflow.py took 0.089 seconds
[2026-08-12T04:33:43.176+0000] {processor.py:157} INFO - Started process (PID=9433) to work on /opt/airflow/dags/airflow.py
[2026-08-12T04:33:43.176+0000] {processor.py:829} INFO - Processing file /opt/airflow/dags/airflow.py for tasks to queue
[2026-08-12T04:33:43.177+0000] {logging_mixin.py:151} INFO - [2026-08-12T04:33:43.177+0000] {dagbag.py:536} INFO - Filling up the DagBag from /opt/airflow/dags/airflow.py
[2026-08-12T04:33:43.238+0000] {logging_mixin.py:151} INFO - [2026-08-12T04:33:43.237+0000] {dagbag.py:346} ERROR - Failed to import: /opt/airflow/dags/airflow.py
Traceback (most recent call last):
  File "/home/airflow/.local/lib/python3.8/site-packages/airflow/models/dagbag.py", line 342, in parse
    loader.exec_module(new_module)
  File "<frozen importlib._bootstrap_external>", line 843, in exec_module
  File "<frozen importlib._bootstrap>", line 219, in _call_with_frames_removed
  File "/opt/airflow/dags/airflow.py", line 23, in <module>
    from data_preprocessing_scripts.preprocessing import preprocess_data
ModuleNotFoundError: No module named 'data_preprocessing_scripts'
[2026-08-12T04:33:43.238+0000] {processor.py:841} WARNING - No viable dags retrieved from /opt/airflow/dags/airflow.py
[2026-08-12T04:33:43.249+0000] {processor.py:179} INFO - Processing /opt/airflow/dags/airflow.py took 0.075 seconds
[2026-08-12T04:34:13.456+0000] {processor.py:157} INFO - Started process (PID=9441) to work on /opt/airflow/dags/airflow.py
[2026-08-12T04:34:13.456+0000] {processor.py:829} INFO - Processing file /opt/airflow/dags/airflow.py for tasks to queue
[2026-08-12T04:34:13.457+0000] {logging_mixin.py:151} INFO - [2026-08-12T04:34:13.457+0000] {dagbag.py:536} INFO - Filling up the DagBag from /opt/airflow/dags/airflow.py
[2026-08-12T04:34:13.511+0000] {logging_mixin.py:151} INFO - [2026-08-12T04:34:13.511+0000] {dagbag.py:346} ERROR - Failed to import: /opt/airflow/dags/airflow.py
Traceback (most recent call last):
  File "/home/airflow/.local/lib/python3.8/site-packages/airflow/models/dagbag.py", line 342, in parse
    loader.exec_module(new_module)
  File "<frozen importlib._bootstrap_external>", line 843, in exec_module
  File "<frozen importlib._bootstrap>", line 219, in _call_with_frames_removed
  File "/opt/airflow/dags/airflow.py", line 23, in <module>
    from data_preprocessing_scripts.preprocessing import preprocess_data
ModuleNotFoundError: No module named 'data_preprocessing_scripts'
[2026-08-12T04:34:13.512+0000] {processor.py:841} WARNING - No viable dags retrieved from /opt/airflow/dags/airflow.py
[2026-08-12T04:34:13.520+0000] {processor.py:179} INFO - Processing /opt/airflow/dags/airflow.py took 0.066 seconds
[2026-08-12T04:34:43.719+0000] {processor.py:157} INFO - Started process (PID=9449) to work on /opt/airflow/dags/airflow.py
[2026-08-12T04:34:43.720+0000] {processor.py:829} INFO - Processing file /opt/airflow/dags/airflow.py for tasks to queue
[2026-08-12T04:34:43.720+0000] {logging_mixin.py:151} INFO - [2026-08-12T04:34:43.720+0000] {dagbag.py:536} INFO - Filling up the DagBag from /opt/airflow/dags/airflow.py
[2026-08-12T04:34:43.791+0000] {logging_mixin.py:151} INFO - [2026-08-12T04:34:43.790+0000] {dagbag.py:346} ERROR - Failed to import: /opt/airflow/dags/airflow.py
Traceback (most recent call last):
  File "/home/airflow/.local/lib/python3.8/site-packages/airflow/models/dagbag.py", line 342, in parse
    loader.exec_module(new_module)
  File "<frozen importlib._bootstrap_external>", line 843, in exec_module
  File "<frozen importlib._bootstrap>", line 219, in _call_with_frames_removed
  File "/opt/airflow/dags/airflow.py", line 23, in <module>
    from data_preprocessing_scripts.preprocessing import preprocess_data
ModuleNotFoundError: No module named 'data_preprocessing_scripts'
[2026-08-12T04:34:43.791+0000] {processor.py:841} WARNING - No viable dags retrieved from /opt/airflow/dags/airflow.py
[2026-08-12T04:34:43.801+0000] {processor.py:179} INFO - Processing /opt/airflow/dags/airflow.py took 0.084 seconds
[2026-08-12T04:35:13.989+0000] {processor.py:157} INFO - Started process (PID=9457) to work on /opt/airflow/dags/airflow.py
[2026-08-12T04:35:13.990+0000] {processor.py:829} INFO - Processing file /opt/airflow/dags/airflow.py for tasks to queue
[2026-08-12T04:35:13.992+0000] {logging_mixin.py:151} INFO - [2026-08-12T04:35:13.992+0000] {dagbag.py:536} INFO - Filling up the DagBag from /opt/airflow/dags/airflow.py
[2026-08-12T04:35:14.059+0000] {logging_mixin.py:151} INFO - [2026-08-12T04:35:14.058+0000] {dagbag.py:346} ERROR - Failed to import: /opt/airflow/dags/airflow.py
Traceback (most recent call last):
  File "/home/airflow/.local/lib/python3.8/site-packages/airflow/models/dagbag.py", line 342, in parse
    loader.exec_module(new_module)
  File "<frozen importlib._bootstrap_external>", line 843, in exec_module
  File "<frozen importlib._bootstrap>", line 219, in _call_with_frames_removed
  File "/opt/airflow/dags/airflow.py", line 23, in <module>
    from data_preprocessing_scripts.preprocessing import preprocess_data
ModuleNotFoundError: No module named 'data_preprocessing_scripts'
[2026-08-12T04:35:14.059+0000] {processor.py:841} WARNING - No viable dags retrieved from /opt/airflow/dags/airflow.py
[2026-08-12T04:35:14.071+0000] {processor.py:179} INFO - Processing /opt/airflow/dags/airflow.py took 0.084 seconds
[2026-08-12T04:35:44.323+0000] {processor.py:157} INFO - Started process (PID=9465) to work on /opt/airflow/dags/airflow.py
[2026-08-12T04:35:44.323+0000] {processor.py:829} INFO - Processing file /opt/airflow/dags/airflow.py for tasks to queue
[2026-08-12T04:35:44.325+0000] {logging_mixin.py:151} INFO - [2026-08-12T04:35:44.325+0000] {dagbag.py:536} INFO - Filling up the DagBag from /opt/airflow/dags/airflow.py
[2026-08-12T04:35:44.389+0000] {logging_mixin.py:151} INFO - [2026-08-12T04:35:44.388+0000] {dagbag.py:346} ERROR - Failed to import: /opt/airflow/dags/airflow.py
Traceback (most recent call last):
  File "/home/airflow/.local/lib/python3.8/site-packages/airflow/models/dagbag.py", line 342, in parse
    loader.exec_module(new_module)
  File "<frozen importlib._bootstrap_external>", line 843, in exec_module
  File "<frozen importlib._bootstrap>", line 219, in _call_with_frames_removed
  File "/opt/airflow/dags/airflow.py", line 23, in <module>
    from data_preprocessing_scripts.preprocessing import preprocess_data
ModuleNotFoundError: No module named 'data_preprocessing_scripts'
[2026-08-12T04:35:44.389+0000] {processor.py:841} WARNING - No viable dags retrieved from /opt/airflow/dags/airflow.py
[2026-08-12T04:35:44.398+0000] {processor.py:179} INFO - Processing /opt/airflow/dags/airflow.py took 0.080 seconds
[2026-08-12T04:36:14.563+0000] {processor.py:157} INFO - Started process (PID=9473) to work on /opt/airflow/dags/airflow.py
[2026-08-12T04:36:14.564+0000] {processor.py:829} INFO - Processing file /opt/airflow/dags/airflow.py for tasks to queue
[2026-08-12T04:36:14.565+0000] {logging_mixin.py:151} INFO - [2026-08-12T04:36:14.565+0000] {dagbag.py:536} INFO - Filling up the DagBag from /opt/airflow/dags/airflow.py
[2026-08-12T04:36:14.622+0000] {logging_mixin.py:151} INFO - [2026-08-12T04:36:14.621+0000] {dagbag.py:346} ERROR - Failed to import: /opt/airflow/dags/airflow.py
Traceback (most recent call last):
  File "/home/airflow/.local/lib/python3.8/site-packages/airflow/models/dagbag.py", line 342, in parse
    loader.exec_module(new_module)
  File "<frozen importlib._bootstrap_external>", line 843, in exec_module
  File "<frozen importlib._bootstrap>", line 219, in _call_with_frames_removed
  File "/opt/airflow/dags/airflow.py", line 23, in <module>
    from data_preprocessing_scripts.preprocessing import preprocess_data
ModuleNotFoundError: No module named 'data_preprocessing_scripts'
[2026-08-12T04:36:14.622+0000] {processor.py:841} WARNING - No viable dags retrieved from /opt/airflow/dags/airflow.py
[2026-08-12T04:36:14.630+0000] {processor.py:179} INFO - Processing /opt/airflow/dags/airflow.py took 0.069 seconds
[2026-08-12T04:36:44.804+0000] {processor.py:157} INFO - Started process (PID=9481) to work on /opt/airflow/dags/airflow.py
[2026-08-12T04:36:44.805+0000] {processor.py:829} INFO - Processing file /opt/airflow/dags/airflow.py for tasks to queue
[2026-08-12T04:36:44.806+0000] {logging_mixin.py:151} INFO - [2026-08-12T04:36:44.806+0000] {dagbag.py:536} INFO - Filling up the DagBag from /opt/airflow/dags/airflow.py
[2026-08-12T04:36:44.859+0000] {logging_mixin.py:151} INFO - [2026-08-12T04:36:44.858+0000] {dagbag.py:346} ERROR - Failed to import: /opt/airflow/dags/airflow.py
Traceback (most recent call last):
  File "/home/airflow/.local/lib/python3.8/site-packages/airflow/models/dagbag.py", line 342, in parse
    loader.exec_module(new_module)
  File "<frozen importlib._bootstrap_external>", line 843, in exec_module
  File "<frozen importlib._bootstrap>", line 219, in _call_with_frames_removed
  File "/opt/airflow/dags/airflow.py", line 23, in <module>
    from data_preprocessing_scripts.preprocessing import preprocess_data
ModuleNotFoundError: No module named 'data_preprocessing_scripts'
[2026-08-12T04:36:44.859+0000] {processor.py:841} WARNING - No viable dags retrieved from /opt/airflow/dags/airflow.py
[2026-08-12T04:36:44.867+0000] {processor.py:179} INFO - Processing /opt/airflow/dags/airflow.py took 0.066 seconds
[2026-08-12T04:37:15.095+0000] {processor.py:157} INFO - Started process (PID=9489) to work on /opt/airflow/dags/airflow.py
[2026-08-12T04:37:15.095+0000] {processor.py:829} INFO - Processing file /opt/airflow/dags/airflow.py for tasks to queue
[2026-08-12T04:37:15.097+0000] {logging_mixin.py:151} INFO - [2026-08-12T04:37:15.097+0000] {dagbag.py:536} INFO - Filling up the DagBag from /opt/airflow/dags/airflow.py
[2026-08-12T04:37:15.177+0000] {logging_mixin.py:151} INFO - [2026-08-12T04:37:15.176+0000] {dagbag.py:346} ERROR - Failed to import: /opt/airflow/dags/airflow.py
Traceback (most recent call last):
  File "/home/airflow/.local/lib/python3.8/site-packages/airflow/models/dagbag.py", line 342, in parse
    loader.exec_module(new_module)
  File "<frozen importlib._bootstrap_external>", line 843, in exec_module
  File "<frozen importlib._bootstrap>", line 219, in _call_with_frames_removed
  File "/opt/airflow/dags/airflow.py", line 23, in <module>
    from data_preprocessing_scripts.preprocessing import preprocess_data
ModuleNotFoundError: No module named 'data_preprocessing_scripts'
[2026-08-12T04:37:15.177+0000] {processor.py:841} WARNING - No viable dags retrieved from /opt/airflow/dags/airflow.py
[2026-08-12T04:37:15.187+0000] {processor.py:179} INFO - Processing /opt/airflow/dags/airflow.py took 0.094 seconds
[2026-08-12T04:37:45.353+0000] {processor.py:157} INFO - Started process (PID=9497) to work on /opt/airflow/dags/airflow.py
[2026-08-12T04:37:45.353+0000] {processor.py:829} INFO - Processing file /opt/airflow/dags/airflow.py for tasks to queue
[2026-08-12T04:37:45.355+0000] {logging_mixin.py:151} INFO - [2026-08-12T04:37:45.355+0000] {dagbag.py:536} INFO - Filling up the DagBag from /opt/airflow/dags/airflow.py
[2026-08-12T04:37:45.422+0000] {logging_mixin.py:151} INFO - [2026-08-12T04:37:45.422+0000] {dagbag.py:346} ERROR - Failed to import: /opt/airflow/dags/airflow.py
Traceback (most recent call last):
  File "/home/airflow/.local/lib/python3.8/site-packages/airflow/models/dagbag.py", line 342, in parse
    loader.exec_module(new_module)
  File "<frozen importlib._bootstrap_external>", line 843, in exec_module
  File "<frozen importlib._bootstrap>", line 219, in _call_with_frames_removed
  File "/opt/airflow/dags/airflow.py", line 23, in <module>
    from data_preprocessing_scripts.preprocessing import preprocess_data
ModuleNotFoundError: No module named 'data_preprocessing_scripts'
[2026-08-12T04:37:45.423+0000] {processor.py:841} WARNING - No viable dags retrieved from /opt/airflow/dags/airflow.py
[2026-08-12T04:37:45.432+0000] {processor.py:179} INFO - Processing /opt/airflow/dags/airflow.py took 0.083 seconds
[2026-08-12T04:38:15.625+0000] {processor.py:157} INFO - Started process (PID=9506) to work on /opt/airflow/dags/airflow.py
[2026-08-12T04:38:15.626+0000] {processor.py:829} INFO - Processing file /opt/airflow/dags/airflow.py for tasks to queue
[2026-08-12T04:38:15.628+0000] {logging_mixin.py:151} INFO - [2026-08-12T04:38:15.628+0000] {dagbag.py:536} INFO - Filling up the DagBag from /opt/airflow/dags/airflow.py
[2026-08-12T04:38:15.697+0000] {logging_mixin.py:151} INFO - [2026-08-12T04:38:15.695+0000] {dagbag.py:346} ERROR - Failed to import: /opt/airflow/dags/airflow.py
Traceback (most recent call last):
  File "/home/airflow/.local/lib/python3.8/site-packages/airflow/models/dagbag.py", line 342, in parse
    loader.exec_module(new_module)
  File "<frozen importlib._bootstrap_external>", line 843, in exec_module
  File "<frozen importlib._bootstrap>", line 219, in _call_with_frames_removed
  File "/opt/airflow/dags/airflow.py", line 23, in <module>
    from data_preprocessing_scripts.preprocessing import preprocess_data
ModuleNotFoundError: No module named 'data_preprocessing_scripts'
[2026-08-12T04:38:15.698+0000] {processor.py:841} WARNING - No viable dags retrieved from /opt/airflow/dags/airflow.py
[2026-08-12T04:38:15.713+0000] {processor.py:179} INFO - Processing /opt/airflow/dags/airflow.py took 0.090 seconds
[2026-08-12T04:38:46.053+0000] {processor.py:157} INFO - Started process (PID=9514) to work on /opt/airflow/dags/airflow.py
[2026-08-12T04:38:46.054+0000] {processor.py:829} INFO - Processing file /opt/airflow/dags/airflow.py for tasks to queue
[2026-08-12T04:38:46.057+0000] {logging_mixin.py:151} INFO - [2026-08-12T04:38:46.056+0000] {dagbag.py:536} INFO - Filling up the DagBag from /opt/airflow/dags/airflow.py
[2026-08-12T04:38:46.130+0000] {logging_mixin.py:151} INFO - [2026-08-12T04:38:46.129+0000] {dagbag.py:346} ERROR - Failed to import: /opt/airflow/dags/airflow.py
Traceback (most recent call last):
  File "/home/airflow/.local/lib/python3.8/site-packages/airflow/models/dagbag.py", line 342, in parse
    loader.exec_module(new_module)
  File "<frozen importlib._bootstrap_external>", line 843, in exec_module
  File "<frozen importlib._bootstrap>", line 219, in _call_with_frames_removed
  File "/opt/airflow/dags/airflow.py", line 23, in <module>
    from data_preprocessing_scripts.preprocessing import preprocess_data
ModuleNotFoundError: No module named 'data_preprocessing_scripts'
[2026-08-12T04:38:46.130+0000] {processor.py:841} WARNING - No viable dags retrieved from /opt/airflow/dags/airflow.py
[2026-08-12T04:38:46.138+0000] {processor.py:179} INFO - Processing /opt/airflow/dags/airflow.py took 0.088 seconds
[2026-08-12T05:44:42.646+0000] {processor.py:157} INFO - Started process (PID=9520) to work on /opt/airflow/dags/airflow.py
[2026-08-12T05:44:42.647+0000] {processor.py:829} INFO - Processing file /opt/airflow/dags/airflow.py for tasks to queue
[2026-08-12T05:44:42.649+0000] {logging_mixin.py:151} INFO - [2026-08-12T05:44:42.649+0000] {dagbag.py:536} INFO - Filling up the DagBag from /opt/airflow/dags/airflow.py
[2026-08-12T05:44:42.717+0000] {logging_mixin.py:151} INFO - [2026-08-12T05:44:42.716+0000] {dagbag.py:346} ERROR - Failed to import: /opt/airflow/dags/airflow.py
Traceback (most recent call last):
  File "/home/airflow/.local/lib/python3.8/site-packages/airflow/models/dagbag.py", line 342, in parse
    loader.exec_module(new_module)
  File "<frozen importlib._bootstrap_external>", line 843, in exec_module
  File "<frozen importlib._bootstrap>", line 219, in _call_with_frames_removed
  File "/opt/airflow/dags/airflow.py", line 23, in <module>
    from data_preprocessing_scripts.preprocessing import preprocess_data
ModuleNotFoundError: No module named 'data_preprocessing_scripts'
[2026-08-12T05:44:42.717+0000] {processor.py:841} WARNING - No viable dags retrieved from /opt/airflow/dags/airflow.py
[2026-08-12T05:44:42.732+0000] {processor.py:179} INFO - Processing /opt/airflow/dags/airflow.py took 0.099 seconds
[2026-08-12T06:39:42.832+0000] {processor.py:157} INFO - Started process (PID=9528) to work on /opt/airflow/dags/airflow.py
[2026-08-12T06:39:42.834+0000] {processor.py:829} INFO - Processing file /opt/airflow/dags/airflow.py for tasks to queue
[2026-08-12T06:39:42.841+0000] {logging_mixin.py:151} INFO - [2026-08-12T06:39:42.841+0000] {dagbag.py:536} INFO - Filling up the DagBag from /opt/airflow/dags/airflow.py
[2026-08-12T06:39:42.922+0000] {logging_mixin.py:151} INFO - [2026-08-12T06:39:42.921+0000] {dagbag.py:346} ERROR - Failed to import: /opt/airflow/dags/airflow.py
Traceback (most recent call last):
  File "/home/airflow/.local/lib/python3.8/site-packages/airflow/models/dagbag.py", line 342, in parse
    loader.exec_module(new_module)
  File "<frozen importlib._bootstrap_external>", line 843, in exec_module
  File "<frozen importlib._bootstrap>", line 219, in _call_with_frames_removed
  File "/opt/airflow/dags/airflow.py", line 23, in <module>
    from data_preprocessing_scripts.preprocessing import preprocess_data
ModuleNotFoundError: No module named 'data_preprocessing_scripts'
[2026-08-12T06:39:42.922+0000] {processor.py:841} WARNING - No viable dags retrieved from /opt/airflow/dags/airflow.py
[2026-08-12T06:39:42.931+0000] {processor.py:179} INFO - Processing /opt/airflow/dags/airflow.py took 0.103 seconds
[2026-08-12T06:40:13.186+0000] {processor.py:157} INFO - Started process (PID=9536) to work on /opt/airflow/dags/airflow.py
[2026-08-12T06:40:13.187+0000] {processor.py:829} INFO - Processing file /opt/airflow/dags/airflow.py for tasks to queue
[2026-08-12T06:40:13.190+0000] {logging_mixin.py:151} INFO - [2026-08-12T06:40:13.190+0000] {dagbag.py:536} INFO - Filling up the DagBag from /opt/airflow/dags/airflow.py
[2026-08-12T06:40:13.256+0000] {logging_mixin.py:151} INFO - [2026-08-12T06:40:13.255+0000] {dagbag.py:346} ERROR - Failed to import: /opt/airflow/dags/airflow.py
Traceback (most recent call last):
  File "/home/airflow/.local/lib/python3.8/site-packages/airflow/models/dagbag.py", line 342, in parse
    loader.exec_module(new_module)
  File "<frozen importlib._bootstrap_external>", line 843, in exec_module
  File "<frozen importlib._bootstrap>", line 219, in _call_with_frames_removed
  File "/opt/airflow/dags/airflow.py", line 23, in <module>
    from data_preprocessing_scripts.preprocessing import preprocess_data
ModuleNotFoundError: No module named 'data_preprocessing_scripts'
[2026-08-12T06:40:13.256+0000] {processor.py:841} WARNING - No viable dags retrieved from /opt/airflow/dags/airflow.py
[2026-08-12T06:40:13.264+0000] {processor.py:179} INFO - Processing /opt/airflow/dags/airflow.py took 0.081 seconds
[2026-08-12T07:04:21.183+0000] {processor.py:157} INFO - Started process (PID=9544) to work on /opt/airflow/dags/airflow.py
[2026-08-12T07:04:21.184+0000] {processor.py:829} INFO - Processing file /opt/airflow/dags/airflow.py for tasks to queue
[2026-08-12T07:04:21.187+0000] {logging_mixin.py:151} INFO - [2026-08-12T07:04:21.187+0000] {dagbag.py:536} INFO - Filling up the DagBag from /opt/airflow/dags/airflow.py
[2026-08-12T07:04:21.255+0000] {logging_mixin.py:151} INFO - [2026-08-12T07:04:21.254+0000] {dagbag.py:346} ERROR - Failed to import: /opt/airflow/dags/airflow.py
Traceback (most recent call last):
  File "/home/airflow/.local/lib/python3.8/site-packages/airflow/models/dagbag.py", line 342, in parse
    loader.exec_module(new_module)
  File "<frozen importlib._bootstrap_external>", line 843, in exec_module
  File "<frozen importlib._bootstrap>", line 219, in _call_with_frames_removed
  File "/opt/airflow/dags/airflow.py", line 23, in <module>
    from data_preprocessing_scripts.preprocessing import preprocess_data
ModuleNotFoundError: No module named 'data_preprocessing_scripts'
[2026-08-12T07:04:21.255+0000] {processor.py:841} WARNING - No viable dags retrieved from /opt/airflow/dags/airflow.py
[2026-08-12T07:04:21.265+0000] {processor.py:179} INFO - Processing /opt/airflow/dags/airflow.py took 0.086 seconds
[2026-08-12T07:21:09.422+0000] {processor.py:157} INFO - Started process (PID=9552) to work on /opt/airflow/dags/airflow.py
[2026-08-12T07:21:09.423+0000] {processor.py:829} INFO - Processing file /opt/airflow/dags/airflow.py for tasks to queue
[2026-08-12T07:21:09.428+0000] {logging_mixin.py:151} INFO - [2026-08-12T07:21:09.426+0000] {dagbag.py:536} INFO - Filling up the DagBag from /opt/airflow/dags/airflow.py
[2026-08-12T07:21:09.536+0000] {logging_mixin.py:151} INFO - [2026-08-12T07:21:09.535+0000] {dagbag.py:346} ERROR - Failed to import: /opt/airflow/dags/airflow.py
Traceback (most recent call last):
  File "/home/airflow/.local/lib/python3.8/site-packages/airflow/models/dagbag.py", line 342, in parse
    loader.exec_module(new_module)
  File "<frozen importlib._bootstrap_external>", line 843, in exec_module
  File "<frozen importlib._bootstrap>", line 219, in _call_with_frames_removed
  File "/opt/airflow/dags/airflow.py", line 23, in <module>
    from data_preprocessing_scripts.preprocessing import preprocess_data
ModuleNotFoundError: No module named 'data_preprocessing_scripts'
[2026-08-12T07:21:09.536+0000] {processor.py:841} WARNING - No viable dags retrieved from /opt/airflow/dags/airflow.py
[2026-08-12T07:21:09.550+0000] {processor.py:179} INFO - Processing /opt/airflow/dags/airflow.py took 0.133 seconds
[2026-08-12T07:40:53.148+0000] {processor.py:157} INFO - Started process (PID=9560) to work on /opt/airflow/dags/airflow.py
[2026-08-12T07:40:53.149+0000] {processor.py:829} INFO - Processing file /opt/airflow/dags/airflow.py for tasks to queue
[2026-08-12T07:40:53.154+0000] {logging_mixin.py:151} INFO - [2026-08-12T07:40:53.154+0000] {dagbag.py:536} INFO - Filling up the DagBag from /opt/airflow/dags/airflow.py
[2026-08-12T07:40:53.218+0000] {logging_mixin.py:151} INFO - [2026-08-12T07:40:53.217+0000] {dagbag.py:346} ERROR - Failed to import: /opt/airflow/dags/airflow.py
Traceback (most recent call last):
  File "/home/airflow/.local/lib/python3.8/site-packages/airflow/models/dagbag.py", line 342, in parse
    loader.exec_module(new_module)
  File "<frozen importlib._bootstrap_external>", line 843, in exec_module
  File "<frozen importlib._bootstrap>", line 219, in _call_with_frames_removed
  File "/opt/airflow/dags/airflow.py", line 23, in <module>
    from data_preprocessing_scripts.preprocessing import preprocess_data
ModuleNotFoundError: No module named 'data_preprocessing_scripts'
[2026-08-12T07:40:53.218+0000] {processor.py:841} WARNING - No viable dags retrieved from /opt/airflow/dags/airflow.py
[2026-08-12T07:40:53.225+0000] {processor.py:179} INFO - Processing /opt/airflow/dags/airflow.py took 0.080 seconds
[2026-08-12T08:13:20.177+0000] {processor.py:157} INFO - Started process (PID=9568) to work on /opt/airflow/dags/airflow.py
[2026-08-12T08:13:20.178+0000] {processor.py:829} INFO - Processing file /opt/airflow/dags/airflow.py for tasks to queue
[2026-08-12T08:13:20.182+0000] {logging_mixin.py:151} INFO - [2026-08-12T08:13:20.181+0000] {dagbag.py:536} INFO - Filling up the DagBag from /opt/airflow/dags/airflow.py
[2026-08-12T08:13:20.260+0000] {logging_mixin.py:151} INFO - [2026-08-12T08:13:20.259+0000] {dagbag.py:346} ERROR - Failed to import: /opt/airflow/dags/airflow.py
Traceback (most recent call last):
  File "/home/airflow/.local/lib/python3.8/site-packages/airflow/models/dagbag.py", line 342, in parse
    loader.exec_module(new_module)
  File "<frozen importlib._bootstrap_external>", line 843, in exec_module
  File "<frozen importlib._bootstrap>", line 219, in _call_with_frames_removed
  File "/opt/airflow/dags/airflow.py", line 23, in <module>
    from data_preprocessing_scripts.preprocessing import preprocess_data
ModuleNotFoundError: No module named 'data_preprocessing_scripts'
[2026-08-12T08:13:20.260+0000] {processor.py:841} WARNING - No viable dags retrieved from /opt/airflow/dags/airflow.py
[2026-08-12T08:13:20.269+0000] {processor.py:179} INFO - Processing /opt/airflow/dags/airflow.py took 0.096 seconds
[2026-08-12T09:39:03.723+0000] {processor.py:157} INFO - Started process (PID=9577) to work on /opt/airflow/dags/airflow.py
[2026-08-12T09:39:03.723+0000] {processor.py:829} INFO - Processing file /opt/airflow/dags/airflow.py for tasks to queue
[2026-08-12T09:39:03.726+0000] {logging_mixin.py:151} INFO - [2026-08-12T09:39:03.726+0000] {dagbag.py:536} INFO - Filling up the DagBag from /opt/airflow/dags/airflow.py
[2026-08-12T09:39:03.801+0000] {logging_mixin.py:151} INFO - [2026-08-12T09:39:03.800+0000] {dagbag.py:346} ERROR - Failed to import: /opt/airflow/dags/airflow.py
Traceback (most recent call last):
  File "/home/airflow/.local/lib/python3.8/site-packages/airflow/models/dagbag.py", line 342, in parse
    loader.exec_module(new_module)
  File "<frozen importlib._bootstrap_external>", line 843, in exec_module
  File "<frozen importlib._bootstrap>", line 219, in _call_with_frames_removed
  File "/opt/airflow/dags/airflow.py", line 23, in <module>
    from data_preprocessing_scripts.preprocessing import preprocess_data
ModuleNotFoundError: No module named 'data_preprocessing_scripts'
[2026-08-12T09:39:03.801+0000] {processor.py:841} WARNING - No viable dags retrieved from /opt/airflow/dags/airflow.py
[2026-08-12T09:39:03.809+0000] {processor.py:179} INFO - Processing /opt/airflow/dags/airflow.py took 0.088 seconds
[2026-08-12T11:20:04.985+0000] {processor.py:157} INFO - Started process (PID=9585) to work on /opt/airflow/dags/airflow.py
[2026-08-12T11:20:04.988+0000] {processor.py:829} INFO - Processing file /opt/airflow/dags/airflow.py for tasks to queue
[2026-08-12T11:20:04.991+0000] {logging_mixin.py:151} INFO - [2026-08-12T11:20:04.990+0000] {dagbag.py:536} INFO - Filling up the DagBag from /opt/airflow/dags/airflow.py
[2026-08-12T11:20:05.075+0000] {logging_mixin.py:151} INFO - [2026-08-12T11:20:05.074+0000] {dagbag.py:346} ERROR - Failed to import: /opt/airflow/dags/airflow.py
Traceback (most recent call last):
  File "/home/airflow/.local/lib/python3.8/site-packages/airflow/models/dagbag.py", line 342, in parse
    loader.exec_module(new_module)
  File "<frozen importlib._bootstrap_external>", line 843, in exec_module
  File "<frozen importlib._bootstrap>", line 219, in _call_with_frames_removed
  File "/opt/airflow/dags/airflow.py", line 23, in <module>
    from data_preprocessing_scripts.preprocessing import preprocess_data
ModuleNotFoundError: No module named 'data_preprocessing_scripts'
[2026-08-12T11:20:05.075+0000] {processor.py:841} WARNING - No viable dags retrieved from /opt/airflow/dags/airflow.py
[2026-08-12T11:20:05.086+0000] {processor.py:179} INFO - Processing /opt/airflow/dags/airflow.py took 0.104 seconds
[2026-08-12T11:34:03.011+0000] {processor.py:157} INFO - Started process (PID=9593) to work on /opt/airflow/dags/airflow.py
[2026-08-12T11:34:03.012+0000] {processor.py:829} INFO - Processing file /opt/airflow/dags/airflow.py for tasks to queue
[2026-08-12T11:34:03.015+0000] {logging_mixin.py:151} INFO - [2026-08-12T11:34:03.014+0000] {dagbag.py:536} INFO - Filling up the DagBag from /opt/airflow/dags/airflow.py
[2026-08-12T11:34:03.137+0000] {logging_mixin.py:151} INFO - [2026-08-12T11:34:03.136+0000] {dagbag.py:346} ERROR - Failed to import: /opt/airflow/dags/airflow.py
Traceback (most recent call last):
  File "/home/airflow/.local/lib/python3.8/site-packages/airflow/models/dagbag.py", line 342, in parse
    loader.exec_module(new_module)
  File "<frozen importlib._bootstrap_external>", line 843, in exec_module
  File "<frozen importlib._bootstrap>", line 219, in _call_with_frames_removed
  File "/opt/airflow/dags/airflow.py", line 23, in <module>
    from data_preprocessing_scripts.preprocessing import preprocess_data
ModuleNotFoundError: No module named 'data_preprocessing_scripts'
[2026-08-12T11:34:03.137+0000] {processor.py:841} WARNING - No viable dags retrieved from /opt/airflow/dags/airflow.py
[2026-08-12T11:34:03.153+0000] {processor.py:179} INFO - Processing /opt/airflow/dags/airflow.py took 0.146 seconds
[2026-08-12T12:07:06.126+0000] {processor.py:157} INFO - Started process (PID=9601) to work on /opt/airflow/dags/airflow.py
[2026-08-12T12:07:06.126+0000] {processor.py:829} INFO - Processing file /opt/airflow/dags/airflow.py for tasks to queue
[2026-08-12T12:07:06.130+0000] {logging_mixin.py:151} INFO - [2026-08-12T12:07:06.129+0000] {dagbag.py:536} INFO - Filling up the DagBag from /opt/airflow/dags/airflow.py
[2026-08-12T12:07:06.205+0000] {logging_mixin.py:151} INFO - [2026-08-12T12:07:06.204+0000] {dagbag.py:346} ERROR - Failed to import: /opt/airflow/dags/airflow.py
Traceback (most recent call last):
  File "/home/airflow/.local/lib/python3.8/site-packages/airflow/models/dagbag.py", line 342, in parse
    loader.exec_module(new_module)
  File "<frozen importlib._bootstrap_external>", line 843, in exec_module
  File "<frozen importlib._bootstrap>", line 219, in _call_with_frames_removed
  File "/opt/airflow/dags/airflow.py", line 23, in <module>
    from data_preprocessing_scripts.preprocessing import preprocess_data
ModuleNotFoundError: No module named 'data_preprocessing_scripts'
[2026-08-12T12:07:06.205+0000] {processor.py:841} WARNING - No viable dags retrieved from /opt/airflow/dags/airflow.py
[2026-08-12T12:07:06.216+0000] {processor.py:179} INFO - Processing /opt/airflow/dags/airflow.py took 0.096 seconds
[2026-08-12T12:25:04.771+0000] {processor.py:157} INFO - Started process (PID=9609) to work on /opt/airflow/dags/airflow.py
[2026-08-12T12:25:04.772+0000] {processor.py:829} INFO - Processing file /opt/airflow/dags/airflow.py for tasks to queue
[2026-08-12T12:25:04.774+0000] {logging_mixin.py:151} INFO - [2026-08-12T12:25:04.774+0000] {dagbag.py:536} INFO - Filling up the DagBag from /opt/airflow/dags/airflow.py
[2026-08-12T12:25:04.847+0000] {logging_mixin.py:151} INFO - [2026-08-12T12:25:04.846+0000] {dagbag.py:346} ERROR - Failed to import: /opt/airflow/dags/airflow.py
Traceback (most recent call last):
  File "/home/airflow/.local/lib/python3.8/site-packages/airflow/models/dagbag.py", line 342, in parse
    loader.exec_module(new_module)
  File "<frozen importlib._bootstrap_external>", line 843, in exec_module
  File "<frozen importlib._bootstrap>", line 219, in _call_with_frames_removed
  File "/opt/airflow/dags/airflow.py", line 23, in <module>
    from data_preprocessing_scripts.preprocessing import preprocess_data
ModuleNotFoundError: No module named 'data_preprocessing_scripts'
[2026-08-12T12:25:04.847+0000] {processor.py:841} WARNING - No viable dags retrieved from /opt/airflow/dags/airflow.py
[2026-08-12T12:25:04.857+0000] {processor.py:179} INFO - Processing /opt/airflow/dags/airflow.py took 0.089 seconds
[2026-08-12T12:57:54.864+0000] {processor.py:157} INFO - Started process (PID=9617) to work on /opt/airflow/dags/airflow.py
[2026-08-12T12:57:54.865+0000] {processor.py:829} INFO - Processing file /opt/airflow/dags/airflow.py for tasks to queue
[2026-08-12T12:57:54.870+0000] {logging_mixin.py:151} INFO - [2026-08-12T12:57:54.870+0000] {dagbag.py:536} INFO - Filling up the DagBag from /opt/airflow/dags/airflow.py
[2026-08-12T12:57:54.944+0000] {logging_mixin.py:151} INFO - [2026-08-12T12:57:54.944+0000] {dagbag.py:346} ERROR - Failed to import: /opt/airflow/dags/airflow.py
Traceback (most recent call last):
  File "/home/airflow/.local/lib/python3.8/site-packages/airflow/models/dagbag.py", line 342, in parse
    loader.exec_module(new_module)
  File "<frozen importlib._bootstrap_external>", line 843, in exec_module
  File "<frozen importlib._bootstrap>", line 219, in _call_with_frames_removed
  File "/opt/airflow/dags/airflow.py", line 23, in <module>
    from data_preprocessing_scripts.preprocessing import preprocess_data
ModuleNotFoundError: No module named 'data_preprocessing_scripts'
[2026-08-12T12:57:54.945+0000] {processor.py:841} WARNING - No viable dags retrieved from /opt/airflow/dags/airflow.py
[2026-08-12T12:57:54.953+0000] {processor.py:179} INFO - Processing /opt/airflow/dags/airflow.py took 0.094 seconds
[2026-08-12T13:34:52.174+0000] {processor.py:157} INFO - Started process (PID=9624) to work on /opt/airflow/dags/airflow.py
[2026-08-12T13:34:52.175+0000] {processor.py:829} INFO - Processing file /opt/airflow/dags/airflow.py for tasks to queue
[2026-08-12T13:34:52.177+0000] {logging_mixin.py:151} INFO - [2026-08-12T13:34:52.177+0000] {dagbag.py:536} INFO - Filling up the DagBag from /opt/airflow/dags/airflow.py
[2026-08-12T13:34:52.246+0000] {logging_mixin.py:151} INFO - [2026-08-12T13:34:52.245+0000] {dagbag.py:346} ERROR - Failed to import: /opt/airflow/dags/airflow.py
Traceback (most recent call last):
  File "/home/airflow/.local/lib/python3.8/site-packages/airflow/models/dagbag.py", line 342, in parse
    loader.exec_module(new_module)
  File "<frozen importlib._bootstrap_external>", line 843, in exec_module
  File "<frozen importlib._bootstrap>", line 219, in _call_with_frames_removed
  File "/opt/airflow/dags/airflow.py", line 23, in <module>
    from data_preprocessing_scripts.preprocessing import preprocess_data
ModuleNotFoundError: No module named 'data_preprocessing_scripts'
[2026-08-12T13:34:52.246+0000] {processor.py:841} WARNING - No viable dags retrieved from /opt/airflow/dags/airflow.py
[2026-08-12T13:34:52.256+0000] {processor.py:179} INFO - Processing /opt/airflow/dags/airflow.py took 0.086 seconds
[2026-08-12T13:35:22.493+0000] {processor.py:157} INFO - Started process (PID=9632) to work on /opt/airflow/dags/airflow.py
[2026-08-12T13:35:22.494+0000] {processor.py:829} INFO - Processing file /opt/airflow/dags/airflow.py for tasks to queue
[2026-08-12T13:35:22.498+0000] {logging_mixin.py:151} INFO - [2026-08-12T13:35:22.497+0000] {dagbag.py:536} INFO - Filling up the DagBag from /opt/airflow/dags/airflow.py
[2026-08-12T13:35:22.570+0000] {logging_mixin.py:151} INFO - [2026-08-12T13:35:22.569+0000] {dagbag.py:346} ERROR - Failed to import: /opt/airflow/dags/airflow.py
Traceback (most recent call last):
  File "/home/airflow/.local/lib/python3.8/site-packages/airflow/models/dagbag.py", line 342, in parse
    loader.exec_module(new_module)
  File "<frozen importlib._bootstrap_external>", line 843, in exec_module
  File "<frozen importlib._bootstrap>", line 219, in _call_with_frames_removed
  File "/opt/airflow/dags/airflow.py", line 23, in <module>
    from data_preprocessing_scripts.preprocessing import preprocess_data
ModuleNotFoundError: No module named 'data_preprocessing_scripts'
[2026-08-12T13:35:22.570+0000] {processor.py:841} WARNING - No viable dags retrieved from /opt/airflow/dags/airflow.py
[2026-08-12T13:35:22.579+0000] {processor.py:179} INFO - Processing /opt/airflow/dags/airflow.py took 0.091 seconds
[2026-08-12T14:35:49.883+0000] {processor.py:157} INFO - Started process (PID=9640) to work on /opt/airflow/dags/airflow.py
[2026-08-12T14:35:49.884+0000] {processor.py:829} INFO - Processing file /opt/airflow/dags/airflow.py for tasks to queue
[2026-08-12T14:35:49.886+0000] {logging_mixin.py:151} INFO - [2026-08-12T14:35:49.886+0000] {dagbag.py:536} INFO - Filling up the DagBag from /opt/airflow/dags/airflow.py
[2026-08-12T14:35:49.962+0000] {logging_mixin.py:151} INFO - [2026-08-12T14:35:49.961+0000] {dagbag.py:346} ERROR - Failed to import: /opt/airflow/dags/airflow.py
Traceback (most recent call last):
  File "/home/airflow/.local/lib/python3.8/site-packages/airflow/models/dagbag.py", line 342, in parse
    loader.exec_module(new_module)
  File "<frozen importlib._bootstrap_external>", line 843, in exec_module
  File "<frozen importlib._bootstrap>", line 219, in _call_with_frames_removed
  File "/opt/airflow/dags/airflow.py", line 23, in <module>
    from data_preprocessing_scripts.preprocessing import preprocess_data
ModuleNotFoundError: No module named 'data_preprocessing_scripts'
[2026-08-12T14:35:49.962+0000] {processor.py:841} WARNING - No viable dags retrieved from /opt/airflow/dags/airflow.py
[2026-08-12T14:35:49.972+0000] {processor.py:179} INFO - Processing /opt/airflow/dags/airflow.py took 0.093 seconds
[2026-08-12T14:36:20.251+0000] {processor.py:157} INFO - Started process (PID=9648) to work on /opt/airflow/dags/airflow.py
[2026-08-12T14:36:20.252+0000] {processor.py:829} INFO - Processing file /opt/airflow/dags/airflow.py for tasks to queue
[2026-08-12T14:36:20.256+0000] {logging_mixin.py:151} INFO - [2026-08-12T14:36:20.255+0000] {dagbag.py:536} INFO - Filling up the DagBag from /opt/airflow/dags/airflow.py
[2026-08-12T14:36:20.332+0000] {logging_mixin.py:151} INFO - [2026-08-12T14:36:20.332+0000] {dagbag.py:346} ERROR - Failed to import: /opt/airflow/dags/airflow.py
Traceback (most recent call last):
  File "/home/airflow/.local/lib/python3.8/site-packages/airflow/models/dagbag.py", line 342, in parse
    loader.exec_module(new_module)
  File "<frozen importlib._bootstrap_external>", line 843, in exec_module
  File "<frozen importlib._bootstrap>", line 219, in _call_with_frames_removed
  File "/opt/airflow/dags/airflow.py", line 23, in <module>
    from data_preprocessing_scripts.preprocessing import preprocess_data
ModuleNotFoundError: No module named 'data_preprocessing_scripts'
[2026-08-12T14:36:20.333+0000] {processor.py:841} WARNING - No viable dags retrieved from /opt/airflow/dags/airflow.py
[2026-08-12T14:36:20.342+0000] {processor.py:179} INFO - Processing /opt/airflow/dags/airflow.py took 0.096 seconds
[2026-08-12T15:17:15.097+0000] {processor.py:157} INFO - Started process (PID=9657) to work on /opt/airflow/dags/airflow.py
[2026-08-12T15:17:15.098+0000] {processor.py:829} INFO - Processing file /opt/airflow/dags/airflow.py for tasks to queue
[2026-08-12T15:17:15.100+0000] {logging_mixin.py:151} INFO - [2026-08-12T15:17:15.100+0000] {dagbag.py:536} INFO - Filling up the DagBag from /opt/airflow/dags/airflow.py
[2026-08-12T15:17:15.165+0000] {logging_mixin.py:151} INFO - [2026-08-12T15:17:15.164+0000] {dagbag.py:346} ERROR - Failed to import: /opt/airflow/dags/airflow.py
Traceback (most recent call last):
  File "/home/airflow/.local/lib/python3.8/site-packages/airflow/models/dagbag.py", line 342, in parse
    loader.exec_module(new_module)
  File "<frozen importlib._bootstrap_external>", line 843, in exec_module
  File "<frozen importlib._bootstrap>", line 219, in _call_with_frames_removed
  File "/opt/airflow/dags/airflow.py", line 23, in <module>
    from data_preprocessing_scripts.preprocessing import preprocess_data
ModuleNotFoundError: No module named 'data_preprocessing_scripts'
[2026-08-12T15:17:15.165+0000] {processor.py:841} WARNING - No viable dags retrieved from /opt/airflow/dags/airflow.py
[2026-08-12T15:17:15.172+0000] {processor.py:179} INFO - Processing /opt/airflow/dags/airflow.py took 0.078 seconds
[2026-08-12T15:17:45.487+0000] {processor.py:157} INFO - Started process (PID=9665) to work on /opt/airflow/dags/airflow.py
[2026-08-12T15:17:45.490+0000] {processor.py:829} INFO - Processing file /opt/airflow/dags/airflow.py for tasks to queue
[2026-08-12T15:17:45.494+0000] {logging_mixin.py:151} INFO - [2026-08-12T15:17:45.494+0000] {dagbag.py:536} INFO - Filling up the DagBag from /opt/airflow/dags/airflow.py
[2026-08-12T15:17:45.561+0000] {logging_mixin.py:151} INFO - [2026-08-12T15:17:45.561+0000] {dagbag.py:346} ERROR - Failed to import: /opt/airflow/dags/airflow.py
Traceback (most recent call last):
  File "/home/airflow/.local/lib/python3.8/site-packages/airflow/models/dagbag.py", line 342, in parse
    loader.exec_module(new_module)
  File "<frozen importlib._bootstrap_external>", line 843, in exec_module
  File "<frozen importlib._bootstrap>", line 219, in _call_with_frames_removed
  File "/opt/airflow/dags/airflow.py", line 23, in <module>
    from data_preprocessing_scripts.preprocessing import preprocess_data
ModuleNotFoundError: No module named 'data_preprocessing_scripts'
[2026-08-12T15:17:45.561+0000] {processor.py:841} WARNING - No viable dags retrieved from /opt/airflow/dags/airflow.py
[2026-08-12T15:17:45.570+0000] {processor.py:179} INFO - Processing /opt/airflow/dags/airflow.py took 0.089 seconds
[2026-08-12T15:37:00.455+0000] {processor.py:157} INFO - Started process (PID=9673) to work on /opt/airflow/dags/airflow.py
[2026-08-12T15:37:00.457+0000] {processor.py:829} INFO - Processing file /opt/airflow/dags/airflow.py for tasks to queue
[2026-08-12T15:37:00.458+0000] {logging_mixin.py:151} INFO - [2026-08-12T15:37:00.458+0000] {dagbag.py:536} INFO - Filling up the DagBag from /opt/airflow/dags/airflow.py
[2026-08-12T15:37:00.521+0000] {logging_mixin.py:151} INFO - [2026-08-12T15:37:00.520+0000] {dagbag.py:346} ERROR - Failed to import: /opt/airflow/dags/airflow.py
Traceback (most recent call last):
  File "/home/airflow/.local/lib/python3.8/site-packages/airflow/models/dagbag.py", line 342, in parse
    loader.exec_module(new_module)
  File "<frozen importlib._bootstrap_external>", line 843, in exec_module
  File "<frozen importlib._bootstrap>", line 219, in _call_with_frames_removed
  File "/opt/airflow/dags/airflow.py", line 23, in <module>
    from data_preprocessing_scripts.preprocessing import preprocess_data
ModuleNotFoundError: No module named 'data_preprocessing_scripts'
[2026-08-12T15:37:00.521+0000] {processor.py:841} WARNING - No viable dags retrieved from /opt/airflow/dags/airflow.py
[2026-08-12T15:37:00.528+0000] {processor.py:179} INFO - Processing /opt/airflow/dags/airflow.py took 0.077 seconds
[2026-08-12T15:54:09.722+0000] {processor.py:157} INFO - Started process (PID=9681) to work on /opt/airflow/dags/airflow.py
[2026-08-12T15:54:09.725+0000] {processor.py:829} INFO - Processing file /opt/airflow/dags/airflow.py for tasks to queue
[2026-08-12T15:54:09.729+0000] {logging_mixin.py:151} INFO - [2026-08-12T15:54:09.729+0000] {dagbag.py:536} INFO - Filling up the DagBag from /opt/airflow/dags/airflow.py
[2026-08-12T15:54:09.807+0000] {logging_mixin.py:151} INFO - [2026-08-12T15:54:09.806+0000] {dagbag.py:346} ERROR - Failed to import: /opt/airflow/dags/airflow.py
Traceback (most recent call last):
  File "/home/airflow/.local/lib/python3.8/site-packages/airflow/models/dagbag.py", line 342, in parse
    loader.exec_module(new_module)
  File "<frozen importlib._bootstrap_external>", line 843, in exec_module
  File "<frozen importlib._bootstrap>", line 219, in _call_with_frames_removed
  File "/opt/airflow/dags/airflow.py", line 23, in <module>
    from data_preprocessing_scripts.preprocessing import preprocess_data
ModuleNotFoundError: No module named 'data_preprocessing_scripts'
[2026-08-12T15:54:09.807+0000] {processor.py:841} WARNING - No viable dags retrieved from /opt/airflow/dags/airflow.py
[2026-08-12T15:54:09.816+0000] {processor.py:179} INFO - Processing /opt/airflow/dags/airflow.py took 0.097 seconds
[2026-08-12T16:37:58.089+0000] {processor.py:157} INFO - Started process (PID=9690) to work on /opt/airflow/dags/airflow.py
[2026-08-12T16:37:58.091+0000] {processor.py:829} INFO - Processing file /opt/airflow/dags/airflow.py for tasks to queue
[2026-08-12T16:37:58.093+0000] {logging_mixin.py:151} INFO - [2026-08-12T16:37:58.092+0000] {dagbag.py:536} INFO - Filling up the DagBag from /opt/airflow/dags/airflow.py
[2026-08-12T16:37:58.165+0000] {logging_mixin.py:151} INFO - [2026-08-12T16:37:58.164+0000] {dagbag.py:346} ERROR - Failed to import: /opt/airflow/dags/airflow.py
Traceback (most recent call last):
  File "/home/airflow/.local/lib/python3.8/site-packages/airflow/models/dagbag.py", line 342, in parse
    loader.exec_module(new_module)
  File "<frozen importlib._bootstrap_external>", line 843, in exec_module
  File "<frozen importlib._bootstrap>", line 219, in _call_with_frames_removed
  File "/opt/airflow/dags/airflow.py", line 23, in <module>
    from data_preprocessing_scripts.preprocessing import preprocess_data
ModuleNotFoundError: No module named 'data_preprocessing_scripts'
[2026-08-12T16:37:58.165+0000] {processor.py:841} WARNING - No viable dags retrieved from /opt/airflow/dags/airflow.py
[2026-08-12T16:37:58.174+0000] {processor.py:179} INFO - Processing /opt/airflow/dags/airflow.py took 0.087 seconds
[2026-08-12T16:53:43.457+0000] {processor.py:157} INFO - Started process (PID=9698) to work on /opt/airflow/dags/airflow.py
[2026-08-12T16:53:43.458+0000] {processor.py:829} INFO - Processing file /opt/airflow/dags/airflow.py for tasks to queue
[2026-08-12T16:53:43.463+0000] {logging_mixin.py:151} INFO - [2026-08-12T16:53:43.462+0000] {dagbag.py:536} INFO - Filling up the DagBag from /opt/airflow/dags/airflow.py
[2026-08-12T16:53:43.529+0000] {logging_mixin.py:151} INFO - [2026-08-12T16:53:43.529+0000] {dagbag.py:346} ERROR - Failed to import: /opt/airflow/dags/airflow.py
Traceback (most recent call last):
  File "/home/airflow/.local/lib/python3.8/site-packages/airflow/models/dagbag.py", line 342, in parse
    loader.exec_module(new_module)
  File "<frozen importlib._bootstrap_external>", line 843, in exec_module
  File "<frozen importlib._bootstrap>", line 219, in _call_with_frames_removed
  File "/opt/airflow/dags/airflow.py", line 23, in <module>
    from data_preprocessing_scripts.preprocessing import preprocess_data
ModuleNotFoundError: No module named 'data_preprocessing_scripts'
[2026-08-12T16:53:43.530+0000] {processor.py:841} WARNING - No viable dags retrieved from /opt/airflow/dags/airflow.py
[2026-08-12T16:53:43.538+0000] {processor.py:179} INFO - Processing /opt/airflow/dags/airflow.py took 0.085 seconds
[2026-08-12T17:38:54.826+0000] {processor.py:157} INFO - Started process (PID=9706) to work on /opt/airflow/dags/airflow.py
[2026-08-12T17:38:54.827+0000] {processor.py:829} INFO - Processing file /opt/airflow/dags/airflow.py for tasks to queue
[2026-08-12T17:38:54.830+0000] {logging_mixin.py:151} INFO - [2026-08-12T17:38:54.830+0000] {dagbag.py:536} INFO - Filling up the DagBag from /opt/airflow/dags/airflow.py
[2026-08-12T17:38:54.910+0000] {logging_mixin.py:151} INFO - [2026-08-12T17:38:54.909+0000] {dagbag.py:346} ERROR - Failed to import: /opt/airflow/dags/airflow.py
Traceback (most recent call last):
  File "/home/airflow/.local/lib/python3.8/site-packages/airflow/models/dagbag.py", line 342, in parse
    loader.exec_module(new_module)
  File "<frozen importlib._bootstrap_external>", line 843, in exec_module
  File "<frozen importlib._bootstrap>", line 219, in _call_with_frames_removed
  File "/opt/airflow/dags/airflow.py", line 23, in <module>
    from data_preprocessing_scripts.preprocessing import preprocess_data
ModuleNotFoundError: No module named 'data_preprocessing_scripts'
[2026-08-12T17:38:54.910+0000] {processor.py:841} WARNING - No viable dags retrieved from /opt/airflow/dags/airflow.py
[2026-08-12T17:38:54.921+0000] {processor.py:179} INFO - Processing /opt/airflow/dags/airflow.py took 0.097 seconds
[2026-08-12T17:39:25.177+0000] {processor.py:157} INFO - Started process (PID=9714) to work on /opt/airflow/dags/airflow.py
[2026-08-12T17:39:25.179+0000] {processor.py:829} INFO - Processing file /opt/airflow/dags/airflow.py for tasks to queue
[2026-08-12T17:39:25.181+0000] {logging_mixin.py:151} INFO - [2026-08-12T17:39:25.181+0000] {dagbag.py:536} INFO - Filling up the DagBag from /opt/airflow/dags/airflow.py
[2026-08-12T17:39:25.259+0000] {logging_mixin.py:151} INFO - [2026-08-12T17:39:25.258+0000] {dagbag.py:346} ERROR - Failed to import: /opt/airflow/dags/airflow.py
Traceback (most recent call last):
  File "/home/airflow/.local/lib/python3.8/site-packages/airflow/models/dagbag.py", line 342, in parse
    loader.exec_module(new_module)
  File "<frozen importlib._bootstrap_external>", line 843, in exec_module
  File "<frozen importlib._bootstrap>", line 219, in _call_with_frames_removed
  File "/opt/airflow/dags/airflow.py", line 23, in <module>
    from data_preprocessing_scripts.preprocessing import preprocess_data
ModuleNotFoundError: No module named 'data_preprocessing_scripts'
[2026-08-12T17:39:25.259+0000] {processor.py:841} WARNING - No viable dags retrieved from /opt/airflow/dags/airflow.py
[2026-08-12T17:39:25.268+0000] {processor.py:179} INFO - Processing /opt/airflow/dags/airflow.py took 0.095 seconds
[2026-08-12T18:39:51.496+0000] {processor.py:157} INFO - Started process (PID=9722) to work on /opt/airflow/dags/airflow.py
[2026-08-12T18:39:51.496+0000] {processor.py:829} INFO - Processing file /opt/airflow/dags/airflow.py for tasks to queue
[2026-08-12T18:39:51.499+0000] {logging_mixin.py:151} INFO - [2026-08-12T18:39:51.499+0000] {dagbag.py:536} INFO - Filling up the DagBag from /opt/airflow/dags/airflow.py
[2026-08-12T18:39:51.563+0000] {logging_mixin.py:151} INFO - [2026-08-12T18:39:51.562+0000] {dagbag.py:346} ERROR - Failed to import: /opt/airflow/dags/airflow.py
Traceback (most recent call last):
  File "/home/airflow/.local/lib/python3.8/site-packages/airflow/models/dagbag.py", line 342, in parse
    loader.exec_module(new_module)
  File "<frozen importlib._bootstrap_external>", line 843, in exec_module
  File "<frozen importlib._bootstrap>", line 219, in _call_with_frames_removed
  File "/opt/airflow/dags/airflow.py", line 23, in <module>
    from data_preprocessing_scripts.preprocessing import preprocess_data
ModuleNotFoundError: No module named 'data_preprocessing_scripts'
[2026-08-12T18:39:51.563+0000] {processor.py:841} WARNING - No viable dags retrieved from /opt/airflow/dags/airflow.py
[2026-08-12T18:39:51.572+0000] {processor.py:179} INFO - Processing /opt/airflow/dags/airflow.py took 0.080 seconds
[2026-08-12T18:40:21.904+0000] {processor.py:157} INFO - Started process (PID=9730) to work on /opt/airflow/dags/airflow.py
[2026-08-12T18:40:21.905+0000] {processor.py:829} INFO - Processing file /opt/airflow/dags/airflow.py for tasks to queue
[2026-08-12T18:40:21.907+0000] {logging_mixin.py:151} INFO - [2026-08-12T18:40:21.907+0000] {dagbag.py:536} INFO - Filling up the DagBag from /opt/airflow/dags/airflow.py
[2026-08-12T18:40:21.986+0000] {logging_mixin.py:151} INFO - [2026-08-12T18:40:21.985+0000] {dagbag.py:346} ERROR - Failed to import: /opt/airflow/dags/airflow.py
Traceback (most recent call last):
  File "/home/airflow/.local/lib/python3.8/site-packages/airflow/models/dagbag.py", line 342, in parse
    loader.exec_module(new_module)
  File "<frozen importlib._bootstrap_external>", line 843, in exec_module
  File "<frozen importlib._bootstrap>", line 219, in _call_with_frames_removed
  File "/opt/airflow/dags/airflow.py", line 23, in <module>
    from data_preprocessing_scripts.preprocessing import preprocess_data
ModuleNotFoundError: No module named 'data_preprocessing_scripts'
[2026-08-12T18:40:21.986+0000] {processor.py:841} WARNING - No viable dags retrieved from /opt/airflow/dags/airflow.py
[2026-08-12T18:40:21.995+0000] {processor.py:179} INFO - Processing /opt/airflow/dags/airflow.py took 0.094 seconds
[2026-08-12T19:40:49.157+0000] {processor.py:157} INFO - Started process (PID=9738) to work on /opt/airflow/dags/airflow.py
[2026-08-12T19:40:49.158+0000] {processor.py:829} INFO - Processing file /opt/airflow/dags/airflow.py for tasks to queue
[2026-08-12T19:40:49.162+0000] {logging_mixin.py:151} INFO - [2026-08-12T19:40:49.162+0000] {dagbag.py:536} INFO - Filling up the DagBag from /opt/airflow/dags/airflow.py
[2026-08-12T19:40:49.224+0000] {logging_mixin.py:151} INFO - [2026-08-12T19:40:49.224+0000] {dagbag.py:346} ERROR - Failed to import: /opt/airflow/dags/airflow.py
Traceback (most recent call last):
  File "/home/airflow/.local/lib/python3.8/site-packages/airflow/models/dagbag.py", line 342, in parse
    loader.exec_module(new_module)
  File "<frozen importlib._bootstrap_external>", line 843, in exec_module
  File "<frozen importlib._bootstrap>", line 219, in _call_with_frames_removed
  File "/opt/airflow/dags/airflow.py", line 23, in <module>
    from data_preprocessing_scripts.preprocessing import preprocess_data
ModuleNotFoundError: No module named 'data_preprocessing_scripts'
[2026-08-12T19:40:49.225+0000] {processor.py:841} WARNING - No viable dags retrieved from /opt/airflow/dags/airflow.py
[2026-08-12T19:40:49.233+0000] {processor.py:179} INFO - Processing /opt/airflow/dags/airflow.py took 0.080 seconds
[2026-08-12T19:41:19.482+0000] {processor.py:157} INFO - Started process (PID=9746) to work on /opt/airflow/dags/airflow.py
[2026-08-12T19:41:19.483+0000] {processor.py:829} INFO - Processing file /opt/airflow/dags/airflow.py for tasks to queue
[2026-08-12T19:41:19.488+0000] {logging_mixin.py:151} INFO - [2026-08-12T19:41:19.488+0000] {dagbag.py:536} INFO - Filling up the DagBag from /opt/airflow/dags/airflow.py
[2026-08-12T19:41:19.559+0000] {logging_mixin.py:151} INFO - [2026-08-12T19:41:19.559+0000] {dagbag.py:346} ERROR - Failed to import: /opt/airflow/dags/airflow.py
Traceback (most recent call last):
  File "/home/airflow/.local/lib/python3.8/site-packages/airflow/models/dagbag.py", line 342, in parse
    loader.exec_module(new_module)
  File "<frozen importlib._bootstrap_external>", line 843, in exec_module
  File "<frozen importlib._bootstrap>", line 219, in _call_with_frames_removed
  File "/opt/airflow/dags/airflow.py", line 23, in <module>
    from data_preprocessing_scripts.preprocessing import preprocess_data
ModuleNotFoundError: No module named 'data_preprocessing_scripts'
[2026-08-12T19:41:19.560+0000] {processor.py:841} WARNING - No viable dags retrieved from /opt/airflow/dags/airflow.py
[2026-08-12T19:41:19.568+0000] {processor.py:179} INFO - Processing /opt/airflow/dags/airflow.py took 0.093 seconds
[2026-08-12T20:37:48.956+0000] {processor.py:157} INFO - Started process (PID=9754) to work on /opt/airflow/dags/airflow.py
[2026-08-12T20:37:48.957+0000] {processor.py:829} INFO - Processing file /opt/airflow/dags/airflow.py for tasks to queue
[2026-08-12T20:37:48.963+0000] {logging_mixin.py:151} INFO - [2026-08-12T20:37:48.963+0000] {dagbag.py:536} INFO - Filling up the DagBag from /opt/airflow/dags/airflow.py
[2026-08-12T20:37:49.091+0000] {logging_mixin.py:151} INFO - [2026-08-12T20:37:49.090+0000] {dagbag.py:346} ERROR - Failed to import: /opt/airflow/dags/airflow.py
Traceback (most recent call last):
  File "/home/airflow/.local/lib/python3.8/site-packages/airflow/models/dagbag.py", line 342, in parse
    loader.exec_module(new_module)
  File "<frozen importlib._bootstrap_external>", line 843, in exec_module
  File "<frozen importlib._bootstrap>", line 219, in _call_with_frames_removed
  File "/opt/airflow/dags/airflow.py", line 23, in <module>
    from data_preprocessing_scripts.preprocessing import preprocess_data
ModuleNotFoundError: No module named 'data_preprocessing_scripts'
[2026-08-12T20:37:49.092+0000] {processor.py:841} WARNING - No viable dags retrieved from /opt/airflow/dags/airflow.py
[2026-08-12T20:37:49.109+0000] {processor.py:179} INFO - Processing /opt/airflow/dags/airflow.py took 0.158 seconds
[2026-08-12T20:38:19.337+0000] {processor.py:157} INFO - Started process (PID=9762) to work on /opt/airflow/dags/airflow.py
[2026-08-12T20:38:19.338+0000] {processor.py:829} INFO - Processing file /opt/airflow/dags/airflow.py for tasks to queue
[2026-08-12T20:38:19.340+0000] {logging_mixin.py:151} INFO - [2026-08-12T20:38:19.340+0000] {dagbag.py:536} INFO - Filling up the DagBag from /opt/airflow/dags/airflow.py
[2026-08-12T20:38:19.413+0000] {logging_mixin.py:151} INFO - [2026-08-12T20:38:19.413+0000] {dagbag.py:346} ERROR - Failed to import: /opt/airflow/dags/airflow.py
Traceback (most recent call last):
  File "/home/airflow/.local/lib/python3.8/site-packages/airflow/models/dagbag.py", line 342, in parse
    loader.exec_module(new_module)
  File "<frozen importlib._bootstrap_external>", line 843, in exec_module
  File "<frozen importlib._bootstrap>", line 219, in _call_with_frames_removed
  File "/opt/airflow/dags/airflow.py", line 23, in <module>
    from data_preprocessing_scripts.preprocessing import preprocess_data
ModuleNotFoundError: No module named 'data_preprocessing_scripts'
[2026-08-12T20:38:19.414+0000] {processor.py:841} WARNING - No viable dags retrieved from /opt/airflow/dags/airflow.py
[2026-08-12T20:38:19.421+0000] {processor.py:179} INFO - Processing /opt/airflow/dags/airflow.py took 0.089 seconds
[2026-08-12T20:42:00.610+0000] {processor.py:157} INFO - Started process (PID=9770) to work on /opt/airflow/dags/airflow.py
[2026-08-12T20:42:00.611+0000] {processor.py:829} INFO - Processing file /opt/airflow/dags/airflow.py for tasks to queue
[2026-08-12T20:42:00.614+0000] {logging_mixin.py:151} INFO - [2026-08-12T20:42:00.613+0000] {dagbag.py:536} INFO - Filling up the DagBag from /opt/airflow/dags/airflow.py
[2026-08-12T20:42:00.683+0000] {logging_mixin.py:151} INFO - [2026-08-12T20:42:00.682+0000] {dagbag.py:346} ERROR - Failed to import: /opt/airflow/dags/airflow.py
Traceback (most recent call last):
  File "/home/airflow/.local/lib/python3.8/site-packages/airflow/models/dagbag.py", line 342, in parse
    loader.exec_module(new_module)
  File "<frozen importlib._bootstrap_external>", line 843, in exec_module
  File "<frozen importlib._bootstrap>", line 219, in _call_with_frames_removed
  File "/opt/airflow/dags/airflow.py", line 23, in <module>
    from data_preprocessing_scripts.preprocessing import preprocess_data
ModuleNotFoundError: No module named 'data_preprocessing_scripts'
[2026-08-12T20:42:00.683+0000] {processor.py:841} WARNING - No viable dags retrieved from /opt/airflow/dags/airflow.py
[2026-08-12T20:42:00.692+0000] {processor.py:179} INFO - Processing /opt/airflow/dags/airflow.py took 0.085 seconds
[2026-08-12T20:59:16.107+0000] {processor.py:157} INFO - Started process (PID=9778) to work on /opt/airflow/dags/airflow.py
[2026-08-12T20:59:16.108+0000] {processor.py:829} INFO - Processing file /opt/airflow/dags/airflow.py for tasks to queue
[2026-08-12T20:59:16.110+0000] {logging_mixin.py:151} INFO - [2026-08-12T20:59:16.110+0000] {dagbag.py:536} INFO - Filling up the DagBag from /opt/airflow/dags/airflow.py
[2026-08-12T20:59:16.178+0000] {logging_mixin.py:151} INFO - [2026-08-12T20:59:16.178+0000] {dagbag.py:346} ERROR - Failed to import: /opt/airflow/dags/airflow.py
Traceback (most recent call last):
  File "/home/airflow/.local/lib/python3.8/site-packages/airflow/models/dagbag.py", line 342, in parse
    loader.exec_module(new_module)
  File "<frozen importlib._bootstrap_external>", line 843, in exec_module
  File "<frozen importlib._bootstrap>", line 219, in _call_with_frames_removed
  File "/opt/airflow/dags/airflow.py", line 23, in <module>
    from data_preprocessing_scripts.preprocessing import preprocess_data
ModuleNotFoundError: No module named 'data_preprocessing_scripts'
[2026-08-12T20:59:16.178+0000] {processor.py:841} WARNING - No viable dags retrieved from /opt/airflow/dags/airflow.py
[2026-08-12T20:59:16.188+0000] {processor.py:179} INFO - Processing /opt/airflow/dags/airflow.py took 0.086 seconds
[2026-08-12T21:42:57.543+0000] {processor.py:157} INFO - Started process (PID=9786) to work on /opt/airflow/dags/airflow.py
[2026-08-12T21:42:57.545+0000] {processor.py:829} INFO - Processing file /opt/airflow/dags/airflow.py for tasks to queue
[2026-08-12T21:42:57.549+0000] {logging_mixin.py:151} INFO - [2026-08-12T21:42:57.549+0000] {dagbag.py:536} INFO - Filling up the DagBag from /opt/airflow/dags/airflow.py
[2026-08-12T21:42:57.627+0000] {logging_mixin.py:151} INFO - [2026-08-12T21:42:57.626+0000] {dagbag.py:346} ERROR - Failed to import: /opt/airflow/dags/airflow.py
Traceback (most recent call last):
  File "/home/airflow/.local/lib/python3.8/site-packages/airflow/models/dagbag.py", line 342, in parse
    loader.exec_module(new_module)
  File "<frozen importlib._bootstrap_external>", line 843, in exec_module
  File "<frozen importlib._bootstrap>", line 219, in _call_with_frames_removed
  File "/opt/airflow/dags/airflow.py", line 23, in <module>
    from data_preprocessing_scripts.preprocessing import preprocess_data
ModuleNotFoundError: No module named 'data_preprocessing_scripts'
[2026-08-12T21:42:57.628+0000] {processor.py:841} WARNING - No viable dags retrieved from /opt/airflow/dags/airflow.py
[2026-08-12T21:42:57.640+0000] {processor.py:179} INFO - Processing /opt/airflow/dags/airflow.py took 0.100 seconds
[2026-08-12T21:43:27.907+0000] {processor.py:157} INFO - Started process (PID=9794) to work on /opt/airflow/dags/airflow.py
[2026-08-12T21:43:27.908+0000] {processor.py:829} INFO - Processing file /opt/airflow/dags/airflow.py for tasks to queue
[2026-08-12T21:43:27.910+0000] {logging_mixin.py:151} INFO - [2026-08-12T21:43:27.909+0000] {dagbag.py:536} INFO - Filling up the DagBag from /opt/airflow/dags/airflow.py
[2026-08-12T21:43:27.972+0000] {logging_mixin.py:151} INFO - [2026-08-12T21:43:27.972+0000] {dagbag.py:346} ERROR - Failed to import: /opt/airflow/dags/airflow.py
Traceback (most recent call last):
  File "/home/airflow/.local/lib/python3.8/site-packages/airflow/models/dagbag.py", line 342, in parse
    loader.exec_module(new_module)
  File "<frozen importlib._bootstrap_external>", line 843, in exec_module
  File "<frozen importlib._bootstrap>", line 219, in _call_with_frames_removed
  File "/opt/airflow/dags/airflow.py", line 23, in <module>
    from data_preprocessing_scripts.preprocessing import preprocess_data
ModuleNotFoundError: No module named 'data_preprocessing_scripts'
[2026-08-12T21:43:27.972+0000] {processor.py:841} WARNING - No viable dags retrieved from /opt/airflow/dags/airflow.py
[2026-08-12T21:43:27.980+0000] {processor.py:179} INFO - Processing /opt/airflow/dags/airflow.py took 0.075 seconds
[2026-08-12T22:43:55.161+0000] {processor.py:157} INFO - Started process (PID=9802) to work on /opt/airflow/dags/airflow.py
[2026-08-12T22:43:55.161+0000] {processor.py:829} INFO - Processing file /opt/airflow/dags/airflow.py for tasks to queue
[2026-08-12T22:43:55.167+0000] {logging_mixin.py:151} INFO - [2026-08-12T22:43:55.167+0000] {dagbag.py:536} INFO - Filling up the DagBag from /opt/airflow/dags/airflow.py
[2026-08-12T22:43:55.251+0000] {logging_mixin.py:151} INFO - [2026-08-12T22:43:55.250+0000] {dagbag.py:346} ERROR - Failed to import: /opt/airflow/dags/airflow.py
Traceback (most recent call last):
  File "/home/airflow/.local/lib/python3.8/site-packages/airflow/models/dagbag.py", line 342, in parse
    loader.exec_module(new_module)
  File "<frozen importlib._bootstrap_external>", line 843, in exec_module
  File "<frozen importlib._bootstrap>", line 219, in _call_with_frames_removed
  File "/opt/airflow/dags/airflow.py", line 23, in <module>
    from data_preprocessing_scripts.preprocessing import preprocess_data
ModuleNotFoundError: No module named 'data_preprocessing_scripts'
[2026-08-12T22:43:55.251+0000] {processor.py:841} WARNING - No viable dags retrieved from /opt/airflow/dags/airflow.py
[2026-08-12T22:43:55.261+0000] {processor.py:179} INFO - Processing /opt/airflow/dags/airflow.py took 0.104 seconds
[2026-08-12T22:44:25.579+0000] {processor.py:157} INFO - Started process (PID=9810) to work on /opt/airflow/dags/airflow.py
[2026-08-12T22:44:25.580+0000] {processor.py:829} INFO - Processing file /opt/airflow/dags/airflow.py for tasks to queue
[2026-08-12T22:44:25.584+0000] {logging_mixin.py:151} INFO - [2026-08-12T22:44:25.583+0000] {dagbag.py:536} INFO - Filling up the DagBag from /opt/airflow/dags/airflow.py
[2026-08-12T22:44:25.650+0000] {logging_mixin.py:151} INFO - [2026-08-12T22:44:25.650+0000] {dagbag.py:346} ERROR - Failed to import: /opt/airflow/dags/airflow.py
Traceback (most recent call last):
  File "/home/airflow/.local/lib/python3.8/site-packages/airflow/models/dagbag.py", line 342, in parse
    loader.exec_module(new_module)
  File "<frozen importlib._bootstrap_external>", line 843, in exec_module
  File "<frozen importlib._bootstrap>", line 219, in _call_with_frames_removed
  File "/opt/airflow/dags/airflow.py", line 23, in <module>
    from data_preprocessing_scripts.preprocessing import preprocess_data
ModuleNotFoundError: No module named 'data_preprocessing_scripts'
[2026-08-12T22:44:25.650+0000] {processor.py:841} WARNING - No viable dags retrieved from /opt/airflow/dags/airflow.py
[2026-08-12T22:44:25.658+0000] {processor.py:179} INFO - Processing /opt/airflow/dags/airflow.py took 0.084 seconds
[2026-08-12T23:30:16.305+0000] {processor.py:157} INFO - Started process (PID=9818) to work on /opt/airflow/dags/airflow.py
[2026-08-12T23:30:16.306+0000] {processor.py:829} INFO - Processing file /opt/airflow/dags/airflow.py for tasks to queue
[2026-08-12T23:30:16.309+0000] {logging_mixin.py:151} INFO - [2026-08-12T23:30:16.309+0000] {dagbag.py:536} INFO - Filling up the DagBag from /opt/airflow/dags/airflow.py
[2026-08-12T23:30:16.370+0000] {logging_mixin.py:151} INFO - [2026-08-12T23:30:16.370+0000] {dagbag.py:346} ERROR - Failed to import: /opt/airflow/dags/airflow.py
Traceback (most recent call last):
  File "/home/airflow/.local/lib/python3.8/site-packages/airflow/models/dagbag.py", line 342, in parse
    loader.exec_module(new_module)
  File "<frozen importlib._bootstrap_external>", line 843, in exec_module
  File "<frozen importlib._bootstrap>", line 219, in _call_with_frames_removed
  File "/opt/airflow/dags/airflow.py", line 23, in <module>
    from data_preprocessing_scripts.preprocessing import preprocess_data
ModuleNotFoundError: No module named 'data_preprocessing_scripts'
[2026-08-12T23:30:16.370+0000] {processor.py:841} WARNING - No viable dags retrieved from /opt/airflow/dags/airflow.py
[2026-08-12T23:30:16.377+0000] {processor.py:179} INFO - Processing /opt/airflow/dags/airflow.py took 0.076 seconds
[2026-08-12T23:30:46.620+0000] {processor.py:157} INFO - Started process (PID=9826) to work on /opt/airflow/dags/airflow.py
[2026-08-12T23:30:46.621+0000] {processor.py:829} INFO - Processing file /opt/airflow/dags/airflow.py for tasks to queue
[2026-08-12T23:30:46.623+0000] {logging_mixin.py:151} INFO - [2026-08-12T23:30:46.623+0000] {dagbag.py:536} INFO - Filling up the DagBag from /opt/airflow/dags/airflow.py
[2026-08-12T23:30:46.689+0000] {logging_mixin.py:151} INFO - [2026-08-12T23:30:46.689+0000] {dagbag.py:346} ERROR - Failed to import: /opt/airflow/dags/airflow.py
Traceback (most recent call last):
  File "/home/airflow/.local/lib/python3.8/site-packages/airflow/models/dagbag.py", line 342, in parse
    loader.exec_module(new_module)
  File "<frozen importlib._bootstrap_external>", line 843, in exec_module
  File "<frozen importlib._bootstrap>", line 219, in _call_with_frames_removed
  File "/opt/airflow/dags/airflow.py", line 23, in <module>
    from data_preprocessing_scripts.preprocessing import preprocess_data
ModuleNotFoundError: No module named 'data_preprocessing_scripts'
[2026-08-12T23:30:46.690+0000] {processor.py:841} WARNING - No viable dags retrieved from /opt/airflow/dags/airflow.py
[2026-08-12T23:30:46.697+0000] {processor.py:179} INFO - Processing /opt/airflow/dags/airflow.py took 0.081 seconds
[2026-08-12T23:45:10.937+0000] {processor.py:157} INFO - Started process (PID=9834) to work on /opt/airflow/dags/airflow.py
[2026-08-12T23:45:10.938+0000] {processor.py:829} INFO - Processing file /opt/airflow/dags/airflow.py for tasks to queue
[2026-08-12T23:45:10.940+0000] {logging_mixin.py:151} INFO - [2026-08-12T23:45:10.940+0000] {dagbag.py:536} INFO - Filling up the DagBag from /opt/airflow/dags/airflow.py
[2026-08-12T23:45:11.013+0000] {logging_mixin.py:151} INFO - [2026-08-12T23:45:11.012+0000] {dagbag.py:346} ERROR - Failed to import: /opt/airflow/dags/airflow.py
Traceback (most recent call last):
  File "/home/airflow/.local/lib/python3.8/site-packages/airflow/models/dagbag.py", line 342, in parse
    loader.exec_module(new_module)
  File "<frozen importlib._bootstrap_external>", line 843, in exec_module
  File "<frozen importlib._bootstrap>", line 219, in _call_with_frames_removed
  File "/opt/airflow/dags/airflow.py", line 23, in <module>
    from data_preprocessing_scripts.preprocessing import preprocess_data
ModuleNotFoundError: No module named 'data_preprocessing_scripts'
[2026-08-12T23:45:11.013+0000] {processor.py:841} WARNING - No viable dags retrieved from /opt/airflow/dags/airflow.py
[2026-08-12T23:45:11.021+0000] {processor.py:179} INFO - Processing /opt/airflow/dags/airflow.py took 0.086 seconds
