[2026-08-14T00:09:17.467+0000] {processor.py:157} INFO - Started process (PID=11083) to work on /opt/airflow/dags/airflow.py
[2026-08-14T00:09:17.468+0000] {processor.py:829} INFO - Processing file /opt/airflow/dags/airflow.py for tasks to queue
[2026-08-14T00:09:17.470+0000] {logging_mixin.py:151} INFO - [2026-08-14T00:09:17.470+0000] {dagbag.py:536} INFO - Filling up the DagBag from /opt/airflow/dags/airflow.py
[2026-08-14T00:09:17.578+0000] {logging_mixin.py:151} INFO - [2026-08-14T00:09:17.577+0000] {dagbag.py:346} ERROR - Failed to import: /opt/airflow/dags/airflow.py
Traceback (most recent call last):
  File "/home/airflow/.local/lib/python3.8/site-packages/airflow/models/dagbag.py", line 342, in parse
    loader.exec_module(new_module)
  File "<frozen importlib._bootstrap_external>", line 843, in exec_module
  File "<frozen importlib._bootstrap>", line 219, in _call_with_frames_removed
  File "/opt/airflow/dags/airflow.py", line 23, in <module>
    from data_preprocessing_scripts.preprocessing import preprocess_data
ModuleNotFoundError: No module named 'data_preprocessing_scripts'
[2026-08-14T00:09:17.579+0000] {processor.py:841} WARNING - No viable dags retrieved from /opt/airflow/dags/airflow.py
[2026-08-14T00:09:17.594+0000] {processor.py:179} INFO - Processing /opt/airflow/dags/airflow.py took 0.130 seconds
[2026-08-14T00:09:47.839+0000] {processor.py:157} INFO - Started process (PID=11091) to work on /opt/airflow/dags/airflow.py
[2026-08-14T00:09:47.840+0000] {processor.py:829} INFO - Processing file /opt/airflow/dags/airflow.py for tasks to queue
[2026-08-14T00:09:47.844+0000] {logging_mixin.py:151} INFO - [2026-08-14T00:09:47.844+0000] {dagbag.py:536} INFO - Filling up the DagBag from /opt/airflow/dags/airflow.py
[2026-08-14T00:09:47.927+0000] {logging_mixin.py:151} INFO - [2026-08-14T00:09:47.927+0000] {dagbag.py:346} ERROR - Failed to import: /opt/airflow/dags/airflow.py
Traceback (most recent call last):
  File "/home/airflow/.local/lib/python3.8/site-packages/airflow/models/dagbag.py", line 342, in parse
    loader.exec_module(new_module)
  File "<frozen importlib._bootstrap_external>", line 843, in exec_module
  File "<frozen importlib._bootstrap>", line 219, in _call_with_frames_removed
  File "/opt/airflow/dags/airflow.py", line 23, in <module>
    from data_preprocessing_scripts.preprocessing import preprocess_data
ModuleNotFoundError: No module named 'data_preprocessing_scripts'
[2026-08-14T00:09:47.928+0000] {processor.py:841} WARNING - No viable dags retrieved from /opt/airflow/dags/airflow.py
[2026-08-14T00:09:47.936+0000] {processor.py:179} INFO - Processing /opt/airflow/dags/airflow.py took 0.103 seconds
[2026-08-14T00:27:59.073+0000] {processor.py:157} INFO - Started process (PID=11099) to work on /opt/airflow/dags/airflow.py
[2026-08-14T00:27:59.075+0000] {processor.py:829} INFO - Processing file /opt/airflow/dags/airflow.py for tasks to queue
[2026-08-14T00:27:59.078+0000] {logging_mixin.py:151} INFO - [2026-08-14T00:27:59.077+0000] {dagbag.py:536} INFO - Filling up the DagBag from /opt/airflow/dags/airflow.py
[2026-08-14T00:27:59.177+0000] {logging_mixin.py:151} INFO - [2026-08-14T00:27:59.176+0000] {dagbag.py:346} ERROR - Failed to import: /opt/airflow/dags/airflow.py
Traceback (most recent call last):
  File "/home/airflow/.local/lib/python3.8/site-packages/airflow/models/dagbag.py", line 342, in parse
    loader.exec_module(new_module)
  File "<frozen importlib._bootstrap_external>", line 843, in exec_module
  File "<frozen importlib._bootstrap>", line 219, in _call_with_frames_removed
  File "/opt/airflow/dags/airflow.py", line 23, in <module>
    from data_preprocessing_scripts.preprocessing import preprocess_data
ModuleNotFoundError: No module named 'data_preprocessing_scripts'
[2026-08-14T00:27:59.177+0000] {processor.py:841} WARNING - No viable dags retrieved from /opt/airflow/dags/airflow.py
[2026-08-14T00:27:59.190+0000] {processor.py:179} INFO - Processing /opt/airflow/dags/airflow.py took 0.122 seconds
[2026-08-14T00:28:29.406+0000] {processor.py:157} INFO - Started process (PID=11113) to work on /opt/airflow/dags/airflow.py
[2026-08-14T00:28:29.407+0000] {processor.py:829} INFO - Processing file /opt/airflow/dags/airflow.py for tasks to queue
[2026-08-14T00:28:29.411+0000] {logging_mixin.py:151} INFO - [2026-08-14T00:28:29.410+0000] {dagbag.py:536} INFO - Filling up the DagBag from /opt/airflow/dags/airflow.py
[2026-08-14T00:28:29.498+0000] {logging_mixin.py:151} INFO - [2026-08-14T00:28:29.498+0000] {dagbag.py:346} ERROR - Failed to import: /opt/airflow/dags/airflow.py
Traceback (most recent call last):
  File "/home/airflow/.local/lib/python3.8/site-packages/airflow/models/dagbag.py", line 342, in parse
    loader.exec_module(new_module)
  File "<frozen importlib._bootstrap_external>", line 843, in exec_module
  File "<frozen importlib._bootstrap>", line 219, in _call_with_frames_removed
  File "/opt/airflow/dags/airflow.py", line 23, in <module>
    from data_preprocessing_scripts.preprocessing import preprocess_data
ModuleNotFoundError: No module named 'data_preprocessing_scripts'
[2026-08-14T00:28:29.499+0000] {processor.py:841} WARNING - No viable dags retrieved from /opt/airflow/dags/airflow.py
[2026-08-14T00:28:29.507+0000] {processor.py:179} INFO - Processing /opt/airflow/dags/airflow.py took 0.105 seconds
[2026-08-14T00:28:59.732+0000] {processor.py:157} INFO - Started process (PID=11121) to work on /opt/airflow/dags/airflow.py
[2026-08-14T00:28:59.733+0000] {processor.py:829} INFO - Processing file /opt/airflow/dags/airflow.py for tasks to queue
[2026-08-14T00:28:59.740+0000] {logging_mixin.py:151} INFO - [2026-08-14T00:28:59.738+0000] {dagbag.py:536} INFO - Filling up the DagBag from /opt/airflow/dags/airflow.py
[2026-08-14T00:28:59.806+0000] {logging_mixin.py:151} INFO - [2026-08-14T00:28:59.805+0000] {dagbag.py:346} ERROR - Failed to import: /opt/airflow/dags/airflow.py
Traceback (most recent call last):
  File "/home/airflow/.local/lib/python3.8/site-packages/airflow/models/dagbag.py", line 342, in parse
    loader.exec_module(new_module)
  File "<frozen importlib._bootstrap_external>", line 843, in exec_module
  File "<frozen importlib._bootstrap>", line 219, in _call_with_frames_removed
  File "/opt/airflow/dags/airflow.py", line 23, in <module>
    from data_preprocessing_scripts.preprocessing import preprocess_data
ModuleNotFoundError: No module named 'data_preprocessing_scripts'
[2026-08-14T00:28:59.806+0000] {processor.py:841} WARNING - No viable dags retrieved from /opt/airflow/dags/airflow.py
[2026-08-14T00:28:59.816+0000] {processor.py:179} INFO - Processing /opt/airflow/dags/airflow.py took 0.087 seconds
[2026-08-14T00:29:30.103+0000] {processor.py:157} INFO - Started process (PID=11129) to work on /opt/airflow/dags/airflow.py
[2026-08-14T00:29:30.106+0000] {processor.py:829} INFO - Processing file /opt/airflow/dags/airflow.py for tasks to queue
[2026-08-14T00:29:30.109+0000] {logging_mixin.py:151} INFO - [2026-08-14T00:29:30.109+0000] {dagbag.py:536} INFO - Filling up the DagBag from /opt/airflow/dags/airflow.py
[2026-08-14T00:29:30.190+0000] {logging_mixin.py:151} INFO - [2026-08-14T00:29:30.190+0000] {dagbag.py:346} ERROR - Failed to import: /opt/airflow/dags/airflow.py
Traceback (most recent call last):
  File "/home/airflow/.local/lib/python3.8/site-packages/airflow/models/dagbag.py", line 342, in parse
    loader.exec_module(new_module)
  File "<frozen importlib._bootstrap_external>", line 843, in exec_module
  File "<frozen importlib._bootstrap>", line 219, in _call_with_frames_removed
  File "/opt/airflow/dags/airflow.py", line 23, in <module>
    from data_preprocessing_scripts.preprocessing import preprocess_data
ModuleNotFoundError: No module named 'data_preprocessing_scripts'
[2026-08-14T00:29:30.190+0000] {processor.py:841} WARNING - No viable dags retrieved from /opt/airflow/dags/airflow.py
[2026-08-14T00:29:30.198+0000] {processor.py:179} INFO - Processing /opt/airflow/dags/airflow.py took 0.101 seconds
[2026-08-14T00:30:00.505+0000] {processor.py:157} INFO - Started process (PID=11137) to work on /opt/airflow/dags/airflow.py
[2026-08-14T00:30:00.506+0000] {processor.py:829} INFO - Processing file /opt/airflow/dags/airflow.py for tasks to queue
[2026-08-14T00:30:00.513+0000] {logging_mixin.py:151} INFO - [2026-08-14T00:30:00.513+0000] {dagbag.py:536} INFO - Filling up the DagBag from /opt/airflow/dags/airflow.py
[2026-08-14T00:30:00.596+0000] {logging_mixin.py:151} INFO - [2026-08-14T00:30:00.595+0000] {dagbag.py:346} ERROR - Failed to import: /opt/airflow/dags/airflow.py
Traceback (most recent call last):
  File "/home/airflow/.local/lib/python3.8/site-packages/airflow/models/dagbag.py", line 342, in parse
    loader.exec_module(new_module)
  File "<frozen importlib._bootstrap_external>", line 843, in exec_module
  File "<frozen importlib._bootstrap>", line 219, in _call_with_frames_removed
  File "/opt/airflow/dags/airflow.py", line 23, in <module>
    from data_preprocessing_scripts.preprocessing import preprocess_data
ModuleNotFoundError: No module named 'data_preprocessing_scripts'
[2026-08-14T00:30:00.596+0000] {processor.py:841} WARNING - No viable dags retrieved from /opt/airflow/dags/airflow.py
[2026-08-14T00:30:00.606+0000] {processor.py:179} INFO - Processing /opt/airflow/dags/airflow.py took 0.111 seconds
[2026-08-14T00:30:30.791+0000] {processor.py:157} INFO - Started process (PID=11145) to work on /opt/airflow/dags/airflow.py
[2026-08-14T00:30:30.793+0000] {processor.py:829} INFO - Processing file /opt/airflow/dags/airflow.py for tasks to queue
[2026-08-14T00:30:30.795+0000] {logging_mixin.py:151} INFO - [2026-08-14T00:30:30.794+0000] {dagbag.py:536} INFO - Filling up the DagBag from /opt/airflow/dags/airflow.py
[2026-08-14T00:30:30.858+0000] {logging_mixin.py:151} INFO - [2026-08-14T00:30:30.858+0000] {dagbag.py:346} ERROR - Failed to import: /opt/airflow/dags/airflow.py
Traceback (most recent call last):
  File "/home/airflow/.local/lib/python3.8/site-packages/airflow/models/dagbag.py", line 342, in parse
    loader.exec_module(new_module)
  File "<frozen importlib._bootstrap_external>", line 843, in exec_module
  File "<frozen importlib._bootstrap>", line 219, in _call_with_frames_removed
  File "/opt/airflow/dags/airflow.py", line 23, in <module>
    from data_preprocessing_scripts.preprocessing import preprocess_data
ModuleNotFoundError: No module named 'data_preprocessing_scripts'
[2026-08-14T00:30:30.859+0000] {processor.py:841} WARNING - No viable dags retrieved from /opt/airflow/dags/airflow.py
[2026-08-14T00:30:30.868+0000] {processor.py:179} INFO - Processing /opt/airflow/dags/airflow.py took 0.079 seconds
[2026-08-14T00:31:01.064+0000] {processor.py:157} INFO - Started process (PID=11153) to work on /opt/airflow/dags/airflow.py
[2026-08-14T00:31:01.067+0000] {processor.py:829} INFO - Processing file /opt/airflow/dags/airflow.py for tasks to queue
[2026-08-14T00:31:01.082+0000] {logging_mixin.py:151} INFO - [2026-08-14T00:31:01.082+0000] {dagbag.py:536} INFO - Filling up the DagBag from /opt/airflow/dags/airflow.py
[2026-08-14T00:31:01.196+0000] {logging_mixin.py:151} INFO - [2026-08-14T00:31:01.195+0000] {dagbag.py:346} ERROR - Failed to import: /opt/airflow/dags/airflow.py
Traceback (most recent call last):
  File "/home/airflow/.local/lib/python3.8/site-packages/airflow/models/dagbag.py", line 342, in parse
    loader.exec_module(new_module)
  File "<frozen importlib._bootstrap_external>", line 843, in exec_module
  File "<frozen importlib._bootstrap>", line 219, in _call_with_frames_removed
  File "/opt/airflow/dags/airflow.py", line 23, in <module>
    from data_preprocessing_scripts.preprocessing import preprocess_data
ModuleNotFoundError: No module named 'data_preprocessing_scripts'
[2026-08-14T00:31:01.196+0000] {processor.py:841} WARNING - No viable dags retrieved from /opt/airflow/dags/airflow.py
[2026-08-14T00:31:01.206+0000] {processor.py:179} INFO - Processing /opt/airflow/dags/airflow.py took 0.151 seconds
[2026-08-14T00:31:31.391+0000] {processor.py:157} INFO - Started process (PID=11161) to work on /opt/airflow/dags/airflow.py
[2026-08-14T00:31:31.393+0000] {processor.py:829} INFO - Processing file /opt/airflow/dags/airflow.py for tasks to queue
[2026-08-14T00:31:31.395+0000] {logging_mixin.py:151} INFO - [2026-08-14T00:31:31.395+0000] {dagbag.py:536} INFO - Filling up the DagBag from /opt/airflow/dags/airflow.py
[2026-08-14T00:31:31.469+0000] {logging_mixin.py:151} INFO - [2026-08-14T00:31:31.468+0000] {dagbag.py:346} ERROR - Failed to import: /opt/airflow/dags/airflow.py
Traceback (most recent call last):
  File "/home/airflow/.local/lib/python3.8/site-packages/airflow/models/dagbag.py", line 342, in parse
    loader.exec_module(new_module)
  File "<frozen importlib._bootstrap_external>", line 843, in exec_module
  File "<frozen importlib._bootstrap>", line 219, in _call_with_frames_removed
  File "/opt/airflow/dags/airflow.py", line 23, in <module>
    from data_preprocessing_scripts.preprocessing import preprocess_data
ModuleNotFoundError: No module named 'data_preprocessing_scripts'
[2026-08-14T00:31:31.469+0000] {processor.py:841} WARNING - No viable dags retrieved from /opt/airflow/dags/airflow.py
[2026-08-14T00:31:31.477+0000] {processor.py:179} INFO - Processing /opt/airflow/dags/airflow.py took 0.088 seconds
[2026-08-14T00:32:01.734+0000] {processor.py:157} INFO - Started process (PID=11169) to work on /opt/airflow/dags/airflow.py
[2026-08-14T00:32:01.735+0000] {processor.py:829} INFO - Processing file /opt/airflow/dags/airflow.py for tasks to queue
[2026-08-14T00:32:01.738+0000] {logging_mixin.py:151} INFO - [2026-08-14T00:32:01.738+0000] {dagbag.py:536} INFO - Filling up the DagBag from /opt/airflow/dags/airflow.py
[2026-08-14T00:32:01.806+0000] {logging_mixin.py:151} INFO - [2026-08-14T00:32:01.806+0000] {dagbag.py:346} ERROR - Failed to import: /opt/airflow/dags/airflow.py
Traceback (most recent call last):
  File "/home/airflow/.local/lib/python3.8/site-packages/airflow/models/dagbag.py", line 342, in parse
    loader.exec_module(new_module)
  File "<frozen importlib._bootstrap_external>", line 843, in exec_module
  File "<frozen importlib._bootstrap>", line 219, in _call_with_frames_removed
  File "/opt/airflow/dags/airflow.py", line 23, in <module>
    from data_preprocessing_scripts.preprocessing import preprocess_data
ModuleNotFoundError: No module named 'data_preprocessing_scripts'
[2026-08-14T00:32:01.807+0000] {processor.py:841} WARNING - No viable dags retrieved from /opt/airflow/dags/airflow.py
[2026-08-14T00:32:01.816+0000] {processor.py:179} INFO - Processing /opt/airflow/dags/airflow.py took 0.086 seconds
[2026-08-14T00:32:32.036+0000] {processor.py:157} INFO - Started process (PID=11177) to work on /opt/airflow/dags/airflow.py
[2026-08-14T00:32:32.038+0000] {processor.py:829} INFO - Processing file /opt/airflow/dags/airflow.py for tasks to queue
[2026-08-14T00:32:32.040+0000] {logging_mixin.py:151} INFO - [2026-08-14T00:32:32.040+0000] {dagbag.py:536} INFO - Filling up the DagBag from /opt/airflow/dags/airflow.py
[2026-08-14T00:32:32.110+0000] {logging_mixin.py:151} INFO - [2026-08-14T00:32:32.109+0000] {dagbag.py:346} ERROR - Failed to import: /opt/airflow/dags/airflow.py
Traceback (most recent call last):
  File "/home/airflow/.local/lib/python3.8/site-packages/airflow/models/dagbag.py", line 342, in parse
    loader.exec_module(new_module)
  File "<frozen importlib._bootstrap_external>", line 843, in exec_module
  File "<frozen importlib._bootstrap>", line 219, in _call_with_frames_removed
  File "/opt/airflow/dags/airflow.py", line 23, in <module>
    from data_preprocessing_scripts.preprocessing import preprocess_data
ModuleNotFoundError: No module named 'data_preprocessing_scripts'
[2026-08-14T00:32:32.110+0000] {processor.py:841} WARNING - No viable dags retrieved from /opt/airflow/dags/airflow.py
[2026-08-14T00:32:32.118+0000] {processor.py:179} INFO - Processing /opt/airflow/dags/airflow.py took 0.087 seconds
[2026-08-14T00:33:02.339+0000] {processor.py:157} INFO - Started process (PID=11185) to work on /opt/airflow/dags/airflow.py
[2026-08-14T00:33:02.340+0000] {processor.py:829} INFO - Processing file /opt/airflow/dags/airflow.py for tasks to queue
[2026-08-14T00:33:02.343+0000] {logging_mixin.py:151} INFO - [2026-08-14T00:33:02.343+0000] {dagbag.py:536} INFO - Filling up the DagBag from /opt/airflow/dags/airflow.py
[2026-08-14T00:33:02.432+0000] {logging_mixin.py:151} INFO - [2026-08-14T00:33:02.431+0000] {dagbag.py:346} ERROR - Failed to import: /opt/airflow/dags/airflow.py
Traceback (most recent call last):
  File "/home/airflow/.local/lib/python3.8/site-packages/airflow/models/dagbag.py", line 342, in parse
    loader.exec_module(new_module)
  File "<frozen importlib._bootstrap_external>", line 843, in exec_module
  File "<frozen importlib._bootstrap>", line 219, in _call_with_frames_removed
  File "/opt/airflow/dags/airflow.py", line 23, in <module>
    from data_preprocessing_scripts.preprocessing import preprocess_data
ModuleNotFoundError: No module named 'data_preprocessing_scripts'
[2026-08-14T00:33:02.432+0000] {processor.py:841} WARNING - No viable dags retrieved from /opt/airflow/dags/airflow.py
[2026-08-14T00:33:02.444+0000] {processor.py:179} INFO - Processing /opt/airflow/dags/airflow.py took 0.110 seconds
[2026-08-14T00:33:32.657+0000] {processor.py:157} INFO - Started process (PID=11193) to work on /opt/airflow/dags/airflow.py
[2026-08-14T00:33:32.658+0000] {processor.py:829} INFO - Processing file /opt/airflow/dags/airflow.py for tasks to queue
[2026-08-14T00:33:32.661+0000] {logging_mixin.py:151} INFO - [2026-08-14T00:33:32.661+0000] {dagbag.py:536} INFO - Filling up the DagBag from /opt/airflow/dags/airflow.py
[2026-08-14T00:33:32.724+0000] {logging_mixin.py:151} INFO - [2026-08-14T00:33:32.724+0000] {dagbag.py:346} ERROR - Failed to import: /opt/airflow/dags/airflow.py
Traceback (most recent call last):
  File "/home/airflow/.local/lib/python3.8/site-packages/airflow/models/dagbag.py", line 342, in parse
    loader.exec_module(new_module)
  File "<frozen importlib._bootstrap_external>", line 843, in exec_module
  File "<frozen importlib._bootstrap>", line 219, in _call_with_frames_removed
  File "/opt/airflow/dags/airflow.py", line 23, in <module>
    from data_preprocessing_scripts.preprocessing import preprocess_data
ModuleNotFoundError: No module named 'data_preprocessing_scripts'
[2026-08-14T00:33:32.725+0000] {processor.py:841} WARNING - No viable dags retrieved from /opt/airflow/dags/airflow.py
[2026-08-14T00:33:32.733+0000] {processor.py:179} INFO - Processing /opt/airflow/dags/airflow.py took 0.080 seconds
[2026-08-14T00:34:02.932+0000] {processor.py:157} INFO - Started process (PID=11201) to work on /opt/airflow/dags/airflow.py
[2026-08-14T00:34:02.933+0000] {processor.py:829} INFO - Processing file /opt/airflow/dags/airflow.py for tasks to queue
[2026-08-14T00:34:02.935+0000] {logging_mixin.py:151} INFO - [2026-08-14T00:34:02.934+0000] {dagbag.py:536} INFO - Filling up the DagBag from /opt/airflow/dags/airflow.py
[2026-08-14T00:34:03.001+0000] {logging_mixin.py:151} INFO - [2026-08-14T00:34:03.000+0000] {dagbag.py:346} ERROR - Failed to import: /opt/airflow/dags/airflow.py
Traceback (most recent call last):
  File "/home/airflow/.local/lib/python3.8/site-packages/airflow/models/dagbag.py", line 342, in parse
    loader.exec_module(new_module)
  File "<frozen importlib._bootstrap_external>", line 843, in exec_module
  File "<frozen importlib._bootstrap>", line 219, in _call_with_frames_removed
  File "/opt/airflow/dags/airflow.py", line 23, in <module>
    from data_preprocessing_scripts.preprocessing import preprocess_data
ModuleNotFoundError: No module named 'data_preprocessing_scripts'
[2026-08-14T00:34:03.001+0000] {processor.py:841} WARNING - No viable dags retrieved from /opt/airflow/dags/airflow.py
[2026-08-14T00:34:03.010+0000] {processor.py:179} INFO - Processing /opt/airflow/dags/airflow.py took 0.081 seconds
[2026-08-14T00:34:33.208+0000] {processor.py:157} INFO - Started process (PID=11209) to work on /opt/airflow/dags/airflow.py
[2026-08-14T00:34:33.210+0000] {processor.py:829} INFO - Processing file /opt/airflow/dags/airflow.py for tasks to queue
[2026-08-14T00:34:33.213+0000] {logging_mixin.py:151} INFO - [2026-08-14T00:34:33.213+0000] {dagbag.py:536} INFO - Filling up the DagBag from /opt/airflow/dags/airflow.py
[2026-08-14T00:34:33.286+0000] {logging_mixin.py:151} INFO - [2026-08-14T00:34:33.285+0000] {dagbag.py:346} ERROR - Failed to import: /opt/airflow/dags/airflow.py
Traceback (most recent call last):
  File "/home/airflow/.local/lib/python3.8/site-packages/airflow/models/dagbag.py", line 342, in parse
    loader.exec_module(new_module)
  File "<frozen importlib._bootstrap_external>", line 843, in exec_module
  File "<frozen importlib._bootstrap>", line 219, in _call_with_frames_removed
  File "/opt/airflow/dags/airflow.py", line 23, in <module>
    from data_preprocessing_scripts.preprocessing import preprocess_data
ModuleNotFoundError: No module named 'data_preprocessing_scripts'
[2026-08-14T00:34:33.286+0000] {processor.py:841} WARNING - No viable dags retrieved from /opt/airflow/dags/airflow.py
[2026-08-14T00:34:33.297+0000] {processor.py:179} INFO - Processing /opt/airflow/dags/airflow.py took 0.091 seconds
[2026-08-14T00:35:03.544+0000] {processor.py:157} INFO - Started process (PID=11217) to work on /opt/airflow/dags/airflow.py
[2026-08-14T00:35:03.545+0000] {processor.py:829} INFO - Processing file /opt/airflow/dags/airflow.py for tasks to queue
[2026-08-14T00:35:03.548+0000] {logging_mixin.py:151} INFO - [2026-08-14T00:35:03.547+0000] {dagbag.py:536} INFO - Filling up the DagBag from /opt/airflow/dags/airflow.py
[2026-08-14T00:35:03.629+0000] {logging_mixin.py:151} INFO - [2026-08-14T00:35:03.628+0000] {dagbag.py:346} ERROR - Failed to import: /opt/airflow/dags/airflow.py
Traceback (most recent call last):
  File "/home/airflow/.local/lib/python3.8/site-packages/airflow/models/dagbag.py", line 342, in parse
    loader.exec_module(new_module)
  File "<frozen importlib._bootstrap_external>", line 843, in exec_module
  File "<frozen importlib._bootstrap>", line 219, in _call_with_frames_removed
  File "/opt/airflow/dags/airflow.py", line 23, in <module>
    from data_preprocessing_scripts.preprocessing import preprocess_data
ModuleNotFoundError: No module named 'data_preprocessing_scripts'
[2026-08-14T00:35:03.629+0000] {processor.py:841} WARNING - No viable dags retrieved from /opt/airflow/dags/airflow.py
[2026-08-14T00:35:03.637+0000] {processor.py:179} INFO - Processing /opt/airflow/dags/airflow.py took 0.098 seconds
[2026-08-14T00:35:33.878+0000] {processor.py:157} INFO - Started process (PID=11225) to work on /opt/airflow/dags/airflow.py
[2026-08-14T00:35:33.880+0000] {processor.py:829} INFO - Processing file /opt/airflow/dags/airflow.py for tasks to queue
[2026-08-14T00:35:33.884+0000] {logging_mixin.py:151} INFO - [2026-08-14T00:35:33.884+0000] {dagbag.py:536} INFO - Filling up the DagBag from /opt/airflow/dags/airflow.py
[2026-08-14T00:35:33.969+0000] {logging_mixin.py:151} INFO - [2026-08-14T00:35:33.968+0000] {dagbag.py:346} ERROR - Failed to import: /opt/airflow/dags/airflow.py
Traceback (most recent call last):
  File "/home/airflow/.local/lib/python3.8/site-packages/airflow/models/dagbag.py", line 342, in parse
    loader.exec_module(new_module)
  File "<frozen importlib._bootstrap_external>", line 843, in exec_module
  File "<frozen importlib._bootstrap>", line 219, in _call_with_frames_removed
  File "/opt/airflow/dags/airflow.py", line 23, in <module>
    from data_preprocessing_scripts.preprocessing import preprocess_data
ModuleNotFoundError: No module named 'data_preprocessing_scripts'
[2026-08-14T00:35:33.969+0000] {processor.py:841} WARNING - No viable dags retrieved from /opt/airflow/dags/airflow.py
[2026-08-14T00:35:33.978+0000] {processor.py:179} INFO - Processing /opt/airflow/dags/airflow.py took 0.107 seconds
[2026-08-14T00:36:04.196+0000] {processor.py:157} INFO - Started process (PID=11233) to work on /opt/airflow/dags/airflow.py
[2026-08-14T00:36:04.196+0000] {processor.py:829} INFO - Processing file /opt/airflow/dags/airflow.py for tasks to queue
[2026-08-14T00:36:04.198+0000] {logging_mixin.py:151} INFO - [2026-08-14T00:36:04.198+0000] {dagbag.py:536} INFO - Filling up the DagBag from /opt/airflow/dags/airflow.py
[2026-08-14T00:36:04.266+0000] {logging_mixin.py:151} INFO - [2026-08-14T00:36:04.265+0000] {dagbag.py:346} ERROR - Failed to import: /opt/airflow/dags/airflow.py
Traceback (most recent call last):
  File "/home/airflow/.local/lib/python3.8/site-packages/airflow/models/dagbag.py", line 342, in parse
    loader.exec_module(new_module)
  File "<frozen importlib._bootstrap_external>", line 843, in exec_module
  File "<frozen importlib._bootstrap>", line 219, in _call_with_frames_removed
  File "/opt/airflow/dags/airflow.py", line 23, in <module>
    from data_preprocessing_scripts.preprocessing import preprocess_data
ModuleNotFoundError: No module named 'data_preprocessing_scripts'
[2026-08-14T00:36:04.266+0000] {processor.py:841} WARNING - No viable dags retrieved from /opt/airflow/dags/airflow.py
[2026-08-14T00:36:04.275+0000] {processor.py:179} INFO - Processing /opt/airflow/dags/airflow.py took 0.083 seconds
[2026-08-14T00:36:34.473+0000] {processor.py:157} INFO - Started process (PID=11241) to work on /opt/airflow/dags/airflow.py
[2026-08-14T00:36:34.474+0000] {processor.py:829} INFO - Processing file /opt/airflow/dags/airflow.py for tasks to queue
[2026-08-14T00:36:34.478+0000] {logging_mixin.py:151} INFO - [2026-08-14T00:36:34.478+0000] {dagbag.py:536} INFO - Filling up the DagBag from /opt/airflow/dags/airflow.py
[2026-08-14T00:36:34.557+0000] {logging_mixin.py:151} INFO - [2026-08-14T00:36:34.556+0000] {dagbag.py:346} ERROR - Failed to import: /opt/airflow/dags/airflow.py
Traceback (most recent call last):
  File "/home/airflow/.local/lib/python3.8/site-packages/airflow/models/dagbag.py", line 342, in parse
    loader.exec_module(new_module)
  File "<frozen importlib._bootstrap_external>", line 843, in exec_module
  File "<frozen importlib._bootstrap>", line 219, in _call_with_frames_removed
  File "/opt/airflow/dags/airflow.py", line 23, in <module>
    from data_preprocessing_scripts.preprocessing import preprocess_data
ModuleNotFoundError: No module named 'data_preprocessing_scripts'
[2026-08-14T00:36:34.557+0000] {processor.py:841} WARNING - No viable dags retrieved from /opt/airflow/dags/airflow.py
[2026-08-14T00:36:34.566+0000] {processor.py:179} INFO - Processing /opt/airflow/dags/airflow.py took 0.099 seconds
[2026-08-14T00:37:04.743+0000] {processor.py:157} INFO - Started process (PID=11249) to work on /opt/airflow/dags/airflow.py
[2026-08-14T00:37:04.744+0000] {processor.py:829} INFO - Processing file /opt/airflow/dags/airflow.py for tasks to queue
[2026-08-14T00:37:04.746+0000] {logging_mixin.py:151} INFO - [2026-08-14T00:37:04.746+0000] {dagbag.py:536} INFO - Filling up the DagBag from /opt/airflow/dags/airflow.py
[2026-08-14T00:37:04.812+0000] {logging_mixin.py:151} INFO - [2026-08-14T00:37:04.812+0000] {dagbag.py:346} ERROR - Failed to import: /opt/airflow/dags/airflow.py
Traceback (most recent call last):
  File "/home/airflow/.local/lib/python3.8/site-packages/airflow/models/dagbag.py", line 342, in parse
    loader.exec_module(new_module)
  File "<frozen importlib._bootstrap_external>", line 843, in exec_module
  File "<frozen importlib._bootstrap>", line 219, in _call_with_frames_removed
  File "/opt/airflow/dags/airflow.py", line 23, in <module>
    from data_preprocessing_scripts.preprocessing import preprocess_data
ModuleNotFoundError: No module named 'data_preprocessing_scripts'
[2026-08-14T00:37:04.813+0000] {processor.py:841} WARNING - No viable dags retrieved from /opt/airflow/dags/airflow.py
[2026-08-14T00:37:04.821+0000] {processor.py:179} INFO - Processing /opt/airflow/dags/airflow.py took 0.081 seconds
[2026-08-14T00:37:35.055+0000] {processor.py:157} INFO - Started process (PID=11257) to work on /opt/airflow/dags/airflow.py
[2026-08-14T00:37:35.058+0000] {processor.py:829} INFO - Processing file /opt/airflow/dags/airflow.py for tasks to queue
[2026-08-14T00:37:35.062+0000] {logging_mixin.py:151} INFO - [2026-08-14T00:37:35.062+0000] {dagbag.py:536} INFO - Filling up the DagBag from /opt/airflow/dags/airflow.py
[2026-08-14T00:37:35.142+0000] {logging_mixin.py:151} INFO - [2026-08-14T00:37:35.141+0000] {dagbag.py:346} ERROR - Failed to import: /opt/airflow/dags/airflow.py
Traceback (most recent call last):
  File "/home/airflow/.local/lib/python3.8/site-packages/airflow/models/dagbag.py", line 342, in parse
    loader.exec_module(new_module)
  File "<frozen importlib._bootstrap_external>", line 843, in exec_module
  File "<frozen importlib._bootstrap>", line 219, in _call_with_frames_removed
  File "/opt/airflow/dags/airflow.py", line 23, in <module>
    from data_preprocessing_scripts.preprocessing import preprocess_data
ModuleNotFoundError: No module named 'data_preprocessing_scripts'
[2026-08-14T00:37:35.142+0000] {processor.py:841} WARNING - No viable dags retrieved from /opt/airflow/dags/airflow.py
[2026-08-14T00:37:35.150+0000] {processor.py:179} INFO - Processing /opt/airflow/dags/airflow.py took 0.102 seconds
[2026-08-14T00:38:05.364+0000] {processor.py:157} INFO - Started process (PID=11265) to work on /opt/airflow/dags/airflow.py
[2026-08-14T00:38:05.365+0000] {processor.py:829} INFO - Processing file /opt/airflow/dags/airflow.py for tasks to queue
[2026-08-14T00:38:05.366+0000] {logging_mixin.py:151} INFO - [2026-08-14T00:38:05.366+0000] {dagbag.py:536} INFO - Filling up the DagBag from /opt/airflow/dags/airflow.py
[2026-08-14T00:38:05.436+0000] {logging_mixin.py:151} INFO - [2026-08-14T00:38:05.436+0000] {dagbag.py:346} ERROR - Failed to import: /opt/airflow/dags/airflow.py
Traceback (most recent call last):
  File "/home/airflow/.local/lib/python3.8/site-packages/airflow/models/dagbag.py", line 342, in parse
    loader.exec_module(new_module)
  File "<frozen importlib._bootstrap_external>", line 843, in exec_module
  File "<frozen importlib._bootstrap>", line 219, in _call_with_frames_removed
  File "/opt/airflow/dags/airflow.py", line 23, in <module>
    from data_preprocessing_scripts.preprocessing import preprocess_data
ModuleNotFoundError: No module named 'data_preprocessing_scripts'
[2026-08-14T00:38:05.437+0000] {processor.py:841} WARNING - No viable dags retrieved from /opt/airflow/dags/airflow.py
[2026-08-14T00:38:05.445+0000] {processor.py:179} INFO - Processing /opt/airflow/dags/airflow.py took 0.084 seconds
[2026-08-14T00:38:35.681+0000] {processor.py:157} INFO - Started process (PID=11273) to work on /opt/airflow/dags/airflow.py
[2026-08-14T00:38:35.683+0000] {processor.py:829} INFO - Processing file /opt/airflow/dags/airflow.py for tasks to queue
[2026-08-14T00:38:35.684+0000] {logging_mixin.py:151} INFO - [2026-08-14T00:38:35.684+0000] {dagbag.py:536} INFO - Filling up the DagBag from /opt/airflow/dags/airflow.py
[2026-08-14T00:38:35.765+0000] {logging_mixin.py:151} INFO - [2026-08-14T00:38:35.764+0000] {dagbag.py:346} ERROR - Failed to import: /opt/airflow/dags/airflow.py
Traceback (most recent call last):
  File "/home/airflow/.local/lib/python3.8/site-packages/airflow/models/dagbag.py", line 342, in parse
    loader.exec_module(new_module)
  File "<frozen importlib._bootstrap_external>", line 843, in exec_module
  File "<frozen importlib._bootstrap>", line 219, in _call_with_frames_removed
  File "/opt/airflow/dags/airflow.py", line 23, in <module>
    from data_preprocessing_scripts.preprocessing import preprocess_data
ModuleNotFoundError: No module named 'data_preprocessing_scripts'
[2026-08-14T00:38:35.765+0000] {processor.py:841} WARNING - No viable dags retrieved from /opt/airflow/dags/airflow.py
[2026-08-14T00:38:35.779+0000] {processor.py:179} INFO - Processing /opt/airflow/dags/airflow.py took 0.102 seconds
[2026-08-14T00:39:05.985+0000] {processor.py:157} INFO - Started process (PID=11281) to work on /opt/airflow/dags/airflow.py
[2026-08-14T00:39:05.986+0000] {processor.py:829} INFO - Processing file /opt/airflow/dags/airflow.py for tasks to queue
[2026-08-14T00:39:05.988+0000] {logging_mixin.py:151} INFO - [2026-08-14T00:39:05.988+0000] {dagbag.py:536} INFO - Filling up the DagBag from /opt/airflow/dags/airflow.py
[2026-08-14T00:39:06.070+0000] {logging_mixin.py:151} INFO - [2026-08-14T00:39:06.069+0000] {dagbag.py:346} ERROR - Failed to import: /opt/airflow/dags/airflow.py
Traceback (most recent call last):
  File "/home/airflow/.local/lib/python3.8/site-packages/airflow/models/dagbag.py", line 342, in parse
    loader.exec_module(new_module)
  File "<frozen importlib._bootstrap_external>", line 843, in exec_module
  File "<frozen importlib._bootstrap>", line 219, in _call_with_frames_removed
  File "/opt/airflow/dags/airflow.py", line 23, in <module>
    from data_preprocessing_scripts.preprocessing import preprocess_data
ModuleNotFoundError: No module named 'data_preprocessing_scripts'
[2026-08-14T00:39:06.070+0000] {processor.py:841} WARNING - No viable dags retrieved from /opt/airflow/dags/airflow.py
[2026-08-14T00:39:06.078+0000] {processor.py:179} INFO - Processing /opt/airflow/dags/airflow.py took 0.098 seconds
[2026-08-14T00:39:36.311+0000] {processor.py:157} INFO - Started process (PID=11289) to work on /opt/airflow/dags/airflow.py
[2026-08-14T00:39:36.313+0000] {processor.py:829} INFO - Processing file /opt/airflow/dags/airflow.py for tasks to queue
[2026-08-14T00:39:36.319+0000] {logging_mixin.py:151} INFO - [2026-08-14T00:39:36.319+0000] {dagbag.py:536} INFO - Filling up the DagBag from /opt/airflow/dags/airflow.py
[2026-08-14T00:39:36.409+0000] {logging_mixin.py:151} INFO - [2026-08-14T00:39:36.408+0000] {dagbag.py:346} ERROR - Failed to import: /opt/airflow/dags/airflow.py
Traceback (most recent call last):
  File "/home/airflow/.local/lib/python3.8/site-packages/airflow/models/dagbag.py", line 342, in parse
    loader.exec_module(new_module)
  File "<frozen importlib._bootstrap_external>", line 843, in exec_module
  File "<frozen importlib._bootstrap>", line 219, in _call_with_frames_removed
  File "/opt/airflow/dags/airflow.py", line 23, in <module>
    from data_preprocessing_scripts.preprocessing import preprocess_data
ModuleNotFoundError: No module named 'data_preprocessing_scripts'
[2026-08-14T00:39:36.409+0000] {processor.py:841} WARNING - No viable dags retrieved from /opt/airflow/dags/airflow.py
[2026-08-14T00:39:36.419+0000] {processor.py:179} INFO - Processing /opt/airflow/dags/airflow.py took 0.118 seconds
[2026-08-14T00:40:06.649+0000] {processor.py:157} INFO - Started process (PID=11297) to work on /opt/airflow/dags/airflow.py
[2026-08-14T00:40:06.653+0000] {processor.py:829} INFO - Processing file /opt/airflow/dags/airflow.py for tasks to queue
[2026-08-14T00:40:06.656+0000] {logging_mixin.py:151} INFO - [2026-08-14T00:40:06.655+0000] {dagbag.py:536} INFO - Filling up the DagBag from /opt/airflow/dags/airflow.py
[2026-08-14T00:40:06.739+0000] {logging_mixin.py:151} INFO - [2026-08-14T00:40:06.738+0000] {dagbag.py:346} ERROR - Failed to import: /opt/airflow/dags/airflow.py
Traceback (most recent call last):
  File "/home/airflow/.local/lib/python3.8/site-packages/airflow/models/dagbag.py", line 342, in parse
    loader.exec_module(new_module)
  File "<frozen importlib._bootstrap_external>", line 843, in exec_module
  File "<frozen importlib._bootstrap>", line 219, in _call_with_frames_removed
  File "/opt/airflow/dags/airflow.py", line 23, in <module>
    from data_preprocessing_scripts.preprocessing import preprocess_data
ModuleNotFoundError: No module named 'data_preprocessing_scripts'
[2026-08-14T00:40:06.739+0000] {processor.py:841} WARNING - No viable dags retrieved from /opt/airflow/dags/airflow.py
[2026-08-14T00:40:06.748+0000] {processor.py:179} INFO - Processing /opt/airflow/dags/airflow.py took 0.100 seconds
[2026-08-14T00:40:36.965+0000] {processor.py:157} INFO - Started process (PID=11305) to work on /opt/airflow/dags/airflow.py
[2026-08-14T00:40:36.965+0000] {processor.py:829} INFO - Processing file /opt/airflow/dags/airflow.py for tasks to queue
[2026-08-14T00:40:36.968+0000] {logging_mixin.py:151} INFO - [2026-08-14T00:40:36.968+0000] {dagbag.py:536} INFO - Filling up the DagBag from /opt/airflow/dags/airflow.py
[2026-08-14T00:40:37.039+0000] {logging_mixin.py:151} INFO - [2026-08-14T00:40:37.038+0000] {dagbag.py:346} ERROR - Failed to import: /opt/airflow/dags/airflow.py
Traceback (most recent call last):
  File "/home/airflow/.local/lib/python3.8/site-packages/airflow/models/dagbag.py", line 342, in parse
    loader.exec_module(new_module)
  File "<frozen importlib._bootstrap_external>", line 843, in exec_module
  File "<frozen importlib._bootstrap>", line 219, in _call_with_frames_removed
  File "/opt/airflow/dags/airflow.py", line 23, in <module>
    from data_preprocessing_scripts.preprocessing import preprocess_data
ModuleNotFoundError: No module named 'data_preprocessing_scripts'
[2026-08-14T00:40:37.039+0000] {processor.py:841} WARNING - No viable dags retrieved from /opt/airflow/dags/airflow.py
[2026-08-14T00:40:37.046+0000] {processor.py:179} INFO - Processing /opt/airflow/dags/airflow.py took 0.085 seconds
[2026-08-14T00:41:07.248+0000] {processor.py:157} INFO - Started process (PID=11313) to work on /opt/airflow/dags/airflow.py
[2026-08-14T00:41:07.249+0000] {processor.py:829} INFO - Processing file /opt/airflow/dags/airflow.py for tasks to queue
[2026-08-14T00:41:07.251+0000] {logging_mixin.py:151} INFO - [2026-08-14T00:41:07.250+0000] {dagbag.py:536} INFO - Filling up the DagBag from /opt/airflow/dags/airflow.py
[2026-08-14T00:41:07.317+0000] {logging_mixin.py:151} INFO - [2026-08-14T00:41:07.316+0000] {dagbag.py:346} ERROR - Failed to import: /opt/airflow/dags/airflow.py
Traceback (most recent call last):
  File "/home/airflow/.local/lib/python3.8/site-packages/airflow/models/dagbag.py", line 342, in parse
    loader.exec_module(new_module)
  File "<frozen importlib._bootstrap_external>", line 843, in exec_module
  File "<frozen importlib._bootstrap>", line 219, in _call_with_frames_removed
  File "/opt/airflow/dags/airflow.py", line 23, in <module>
    from data_preprocessing_scripts.preprocessing import preprocess_data
ModuleNotFoundError: No module named 'data_preprocessing_scripts'
[2026-08-14T00:41:07.317+0000] {processor.py:841} WARNING - No viable dags retrieved from /opt/airflow/dags/airflow.py
[2026-08-14T00:41:07.325+0000] {processor.py:179} INFO - Processing /opt/airflow/dags/airflow.py took 0.080 seconds
[2026-08-14T00:41:37.537+0000] {processor.py:157} INFO - Started process (PID=11321) to work on /opt/airflow/dags/airflow.py
[2026-08-14T00:41:37.538+0000] {processor.py:829} INFO - Processing file /opt/airflow/dags/airflow.py for tasks to queue
[2026-08-14T00:41:37.542+0000] {logging_mixin.py:151} INFO - [2026-08-14T00:41:37.541+0000] {dagbag.py:536} INFO - Filling up the DagBag from /opt/airflow/dags/airflow.py
[2026-08-14T00:41:37.614+0000] {logging_mixin.py:151} INFO - [2026-08-14T00:41:37.614+0000] {dagbag.py:346} ERROR - Failed to import: /opt/airflow/dags/airflow.py
Traceback (most recent call last):
  File "/home/airflow/.local/lib/python3.8/site-packages/airflow/models/dagbag.py", line 342, in parse
    loader.exec_module(new_module)
  File "<frozen importlib._bootstrap_external>", line 843, in exec_module
  File "<frozen importlib._bootstrap>", line 219, in _call_with_frames_removed
  File "/opt/airflow/dags/airflow.py", line 23, in <module>
    from data_preprocessing_scripts.preprocessing import preprocess_data
ModuleNotFoundError: No module named 'data_preprocessing_scripts'
[2026-08-14T00:41:37.614+0000] {processor.py:841} WARNING - No viable dags retrieved from /opt/airflow/dags/airflow.py
[2026-08-14T00:41:37.622+0000] {processor.py:179} INFO - Processing /opt/airflow/dags/airflow.py took 0.091 seconds
[2026-08-14T00:42:07.873+0000] {processor.py:157} INFO - Started process (PID=11329) to work on /opt/airflow/dags/airflow.py
[2026-08-14T00:42:07.874+0000] {processor.py:829} INFO - Processing file /opt/airflow/dags/airflow.py for tasks to queue
[2026-08-14T00:42:07.876+0000] {logging_mixin.py:151} INFO - [2026-08-14T00:42:07.876+0000] {dagbag.py:536} INFO - Filling up the DagBag from /opt/airflow/dags/airflow.py
[2026-08-14T00:42:07.931+0000] {logging_mixin.py:151} INFO - [2026-08-14T00:42:07.930+0000] {dagbag.py:346} ERROR - Failed to import: /opt/airflow/dags/airflow.py
Traceback (most recent call last):
  File "/home/airflow/.local/lib/python3.8/site-packages/airflow/models/dagbag.py", line 342, in parse
    loader.exec_module(new_module)
  File "<frozen importlib._bootstrap_external>", line 843, in exec_module
  File "<frozen importlib._bootstrap>", line 219, in _call_with_frames_removed
  File "/opt/airflow/dags/airflow.py", line 23, in <module>
    from data_preprocessing_scripts.preprocessing import preprocess_data
ModuleNotFoundError: No module named 'data_preprocessing_scripts'
[2026-08-14T00:42:07.931+0000] {processor.py:841} WARNING - No viable dags retrieved from /opt/airflow/dags/airflow.py
[2026-08-14T00:42:07.939+0000] {processor.py:179} INFO - Processing /opt/airflow/dags/airflow.py took 0.068 seconds
[2026-08-14T00:42:38.159+0000] {processor.py:157} INFO - Started process (PID=11337) to work on /opt/airflow/dags/airflow.py
[2026-08-14T00:42:38.160+0000] {processor.py:829} INFO - Processing file /opt/airflow/dags/airflow.py for tasks to queue
[2026-08-14T00:42:38.164+0000] {logging_mixin.py:151} INFO - [2026-08-14T00:42:38.163+0000] {dagbag.py:536} INFO - Filling up the DagBag from /opt/airflow/dags/airflow.py
[2026-08-14T00:42:38.244+0000] {logging_mixin.py:151} INFO - [2026-08-14T00:42:38.243+0000] {dagbag.py:346} ERROR - Failed to import: /opt/airflow/dags/airflow.py
Traceback (most recent call last):
  File "/home/airflow/.local/lib/python3.8/site-packages/airflow/models/dagbag.py", line 342, in parse
    loader.exec_module(new_module)
  File "<frozen importlib._bootstrap_external>", line 843, in exec_module
  File "<frozen importlib._bootstrap>", line 219, in _call_with_frames_removed
  File "/opt/airflow/dags/airflow.py", line 23, in <module>
    from data_preprocessing_scripts.preprocessing import preprocess_data
ModuleNotFoundError: No module named 'data_preprocessing_scripts'
[2026-08-14T00:42:38.244+0000] {processor.py:841} WARNING - No viable dags retrieved from /opt/airflow/dags/airflow.py
[2026-08-14T00:42:38.253+0000] {processor.py:179} INFO - Processing /opt/airflow/dags/airflow.py took 0.097 seconds
[2026-08-14T00:43:08.444+0000] {processor.py:157} INFO - Started process (PID=11345) to work on /opt/airflow/dags/airflow.py
[2026-08-14T00:43:08.445+0000] {processor.py:829} INFO - Processing file /opt/airflow/dags/airflow.py for tasks to queue
[2026-08-14T00:43:08.448+0000] {logging_mixin.py:151} INFO - [2026-08-14T00:43:08.448+0000] {dagbag.py:536} INFO - Filling up the DagBag from /opt/airflow/dags/airflow.py
[2026-08-14T00:43:08.511+0000] {logging_mixin.py:151} INFO - [2026-08-14T00:43:08.511+0000] {dagbag.py:346} ERROR - Failed to import: /opt/airflow/dags/airflow.py
Traceback (most recent call last):
  File "/home/airflow/.local/lib/python3.8/site-packages/airflow/models/dagbag.py", line 342, in parse
    loader.exec_module(new_module)
  File "<frozen importlib._bootstrap_external>", line 843, in exec_module
  File "<frozen importlib._bootstrap>", line 219, in _call_with_frames_removed
  File "/opt/airflow/dags/airflow.py", line 23, in <module>
    from data_preprocessing_scripts.preprocessing import preprocess_data
ModuleNotFoundError: No module named 'data_preprocessing_scripts'
[2026-08-14T00:43:08.512+0000] {processor.py:841} WARNING - No viable dags retrieved from /opt/airflow/dags/airflow.py
[2026-08-14T00:43:08.519+0000] {processor.py:179} INFO - Processing /opt/airflow/dags/airflow.py took 0.078 seconds
[2026-08-14T00:43:38.747+0000] {processor.py:157} INFO - Started process (PID=11353) to work on /opt/airflow/dags/airflow.py
[2026-08-14T00:43:38.748+0000] {processor.py:829} INFO - Processing file /opt/airflow/dags/airflow.py for tasks to queue
[2026-08-14T00:43:38.752+0000] {logging_mixin.py:151} INFO - [2026-08-14T00:43:38.751+0000] {dagbag.py:536} INFO - Filling up the DagBag from /opt/airflow/dags/airflow.py
[2026-08-14T00:43:38.824+0000] {logging_mixin.py:151} INFO - [2026-08-14T00:43:38.823+0000] {dagbag.py:346} ERROR - Failed to import: /opt/airflow/dags/airflow.py
Traceback (most recent call last):
  File "/home/airflow/.local/lib/python3.8/site-packages/airflow/models/dagbag.py", line 342, in parse
    loader.exec_module(new_module)
  File "<frozen importlib._bootstrap_external>", line 843, in exec_module
  File "<frozen importlib._bootstrap>", line 219, in _call_with_frames_removed
  File "/opt/airflow/dags/airflow.py", line 23, in <module>
    from data_preprocessing_scripts.preprocessing import preprocess_data
ModuleNotFoundError: No module named 'data_preprocessing_scripts'
[2026-08-14T00:43:38.824+0000] {processor.py:841} WARNING - No viable dags retrieved from /opt/airflow/dags/airflow.py
[2026-08-14T00:43:38.832+0000] {processor.py:179} INFO - Processing /opt/airflow/dags/airflow.py took 0.090 seconds
[2026-08-14T00:44:09.068+0000] {processor.py:157} INFO - Started process (PID=11361) to work on /opt/airflow/dags/airflow.py
[2026-08-14T00:44:09.069+0000] {processor.py:829} INFO - Processing file /opt/airflow/dags/airflow.py for tasks to queue
[2026-08-14T00:44:09.072+0000] {logging_mixin.py:151} INFO - [2026-08-14T00:44:09.072+0000] {dagbag.py:536} INFO - Filling up the DagBag from /opt/airflow/dags/airflow.py
[2026-08-14T00:44:09.135+0000] {logging_mixin.py:151} INFO - [2026-08-14T00:44:09.135+0000] {dagbag.py:346} ERROR - Failed to import: /opt/airflow/dags/airflow.py
Traceback (most recent call last):
  File "/home/airflow/.local/lib/python3.8/site-packages/airflow/models/dagbag.py", line 342, in parse
    loader.exec_module(new_module)
  File "<frozen importlib._bootstrap_external>", line 843, in exec_module
  File "<frozen importlib._bootstrap>", line 219, in _call_with_frames_removed
  File "/opt/airflow/dags/airflow.py", line 23, in <module>
    from data_preprocessing_scripts.preprocessing import preprocess_data
ModuleNotFoundError: No module named 'data_preprocessing_scripts'
[2026-08-14T00:44:09.136+0000] {processor.py:841} WARNING - No viable dags retrieved from /opt/airflow/dags/airflow.py
[2026-08-14T00:44:09.144+0000] {processor.py:179} INFO - Processing /opt/airflow/dags/airflow.py took 0.079 seconds
[2026-08-14T00:44:39.341+0000] {processor.py:157} INFO - Started process (PID=11369) to work on /opt/airflow/dags/airflow.py
[2026-08-14T00:44:39.343+0000] {processor.py:829} INFO - Processing file /opt/airflow/dags/airflow.py for tasks to queue
[2026-08-14T00:44:39.348+0000] {logging_mixin.py:151} INFO - [2026-08-14T00:44:39.346+0000] {dagbag.py:536} INFO - Filling up the DagBag from /opt/airflow/dags/airflow.py
[2026-08-14T00:44:39.416+0000] {logging_mixin.py:151} INFO - [2026-08-14T00:44:39.415+0000] {dagbag.py:346} ERROR - Failed to import: /opt/airflow/dags/airflow.py
Traceback (most recent call last):
  File "/home/airflow/.local/lib/python3.8/site-packages/airflow/models/dagbag.py", line 342, in parse
    loader.exec_module(new_module)
  File "<frozen importlib._bootstrap_external>", line 843, in exec_module
  File "<frozen importlib._bootstrap>", line 219, in _call_with_frames_removed
  File "/opt/airflow/dags/airflow.py", line 23, in <module>
    from data_preprocessing_scripts.preprocessing import preprocess_data
ModuleNotFoundError: No module named 'data_preprocessing_scripts'
[2026-08-14T00:44:39.416+0000] {processor.py:841} WARNING - No viable dags retrieved from /opt/airflow/dags/airflow.py
[2026-08-14T00:44:39.424+0000] {processor.py:179} INFO - Processing /opt/airflow/dags/airflow.py took 0.085 seconds
[2026-08-14T00:45:09.697+0000] {processor.py:157} INFO - Started process (PID=11377) to work on /opt/airflow/dags/airflow.py
[2026-08-14T00:45:09.698+0000] {processor.py:829} INFO - Processing file /opt/airflow/dags/airflow.py for tasks to queue
[2026-08-14T00:45:09.703+0000] {logging_mixin.py:151} INFO - [2026-08-14T00:45:09.703+0000] {dagbag.py:536} INFO - Filling up the DagBag from /opt/airflow/dags/airflow.py
[2026-08-14T00:45:09.775+0000] {logging_mixin.py:151} INFO - [2026-08-14T00:45:09.775+0000] {dagbag.py:346} ERROR - Failed to import: /opt/airflow/dags/airflow.py
Traceback (most recent call last):
  File "/home/airflow/.local/lib/python3.8/site-packages/airflow/models/dagbag.py", line 342, in parse
    loader.exec_module(new_module)
  File "<frozen importlib._bootstrap_external>", line 843, in exec_module
  File "<frozen importlib._bootstrap>", line 219, in _call_with_frames_removed
  File "/opt/airflow/dags/airflow.py", line 23, in <module>
    from data_preprocessing_scripts.preprocessing import preprocess_data
ModuleNotFoundError: No module named 'data_preprocessing_scripts'
[2026-08-14T00:45:09.776+0000] {processor.py:841} WARNING - No viable dags retrieved from /opt/airflow/dags/airflow.py
[2026-08-14T00:45:09.783+0000] {processor.py:179} INFO - Processing /opt/airflow/dags/airflow.py took 0.091 seconds
[2026-08-14T00:45:39.972+0000] {processor.py:157} INFO - Started process (PID=11385) to work on /opt/airflow/dags/airflow.py
[2026-08-14T00:45:39.973+0000] {processor.py:829} INFO - Processing file /opt/airflow/dags/airflow.py for tasks to queue
[2026-08-14T00:45:39.975+0000] {logging_mixin.py:151} INFO - [2026-08-14T00:45:39.975+0000] {dagbag.py:536} INFO - Filling up the DagBag from /opt/airflow/dags/airflow.py
[2026-08-14T00:45:40.045+0000] {logging_mixin.py:151} INFO - [2026-08-14T00:45:40.044+0000] {dagbag.py:346} ERROR - Failed to import: /opt/airflow/dags/airflow.py
Traceback (most recent call last):
  File "/home/airflow/.local/lib/python3.8/site-packages/airflow/models/dagbag.py", line 342, in parse
    loader.exec_module(new_module)
  File "<frozen importlib._bootstrap_external>", line 843, in exec_module
  File "<frozen importlib._bootstrap>", line 219, in _call_with_frames_removed
  File "/opt/airflow/dags/airflow.py", line 23, in <module>
    from data_preprocessing_scripts.preprocessing import preprocess_data
ModuleNotFoundError: No module named 'data_preprocessing_scripts'
[2026-08-14T00:45:40.045+0000] {processor.py:841} WARNING - No viable dags retrieved from /opt/airflow/dags/airflow.py
[2026-08-14T00:45:40.058+0000] {processor.py:179} INFO - Processing /opt/airflow/dags/airflow.py took 0.088 seconds
[2026-08-14T00:46:10.226+0000] {processor.py:157} INFO - Started process (PID=11393) to work on /opt/airflow/dags/airflow.py
[2026-08-14T00:46:10.227+0000] {processor.py:829} INFO - Processing file /opt/airflow/dags/airflow.py for tasks to queue
[2026-08-14T00:46:10.231+0000] {logging_mixin.py:151} INFO - [2026-08-14T00:46:10.230+0000] {dagbag.py:536} INFO - Filling up the DagBag from /opt/airflow/dags/airflow.py
[2026-08-14T00:46:10.299+0000] {logging_mixin.py:151} INFO - [2026-08-14T00:46:10.299+0000] {dagbag.py:346} ERROR - Failed to import: /opt/airflow/dags/airflow.py
Traceback (most recent call last):
  File "/home/airflow/.local/lib/python3.8/site-packages/airflow/models/dagbag.py", line 342, in parse
    loader.exec_module(new_module)
  File "<frozen importlib._bootstrap_external>", line 843, in exec_module
  File "<frozen importlib._bootstrap>", line 219, in _call_with_frames_removed
  File "/opt/airflow/dags/airflow.py", line 23, in <module>
    from data_preprocessing_scripts.preprocessing import preprocess_data
ModuleNotFoundError: No module named 'data_preprocessing_scripts'
[2026-08-14T00:46:10.300+0000] {processor.py:841} WARNING - No viable dags retrieved from /opt/airflow/dags/airflow.py
[2026-08-14T00:46:10.308+0000] {processor.py:179} INFO - Processing /opt/airflow/dags/airflow.py took 0.084 seconds
[2026-08-14T00:46:40.510+0000] {processor.py:157} INFO - Started process (PID=11401) to work on /opt/airflow/dags/airflow.py
[2026-08-14T00:46:40.511+0000] {processor.py:829} INFO - Processing file /opt/airflow/dags/airflow.py for tasks to queue
[2026-08-14T00:46:40.513+0000] {logging_mixin.py:151} INFO - [2026-08-14T00:46:40.513+0000] {dagbag.py:536} INFO - Filling up the DagBag from /opt/airflow/dags/airflow.py
[2026-08-14T00:46:40.581+0000] {logging_mixin.py:151} INFO - [2026-08-14T00:46:40.580+0000] {dagbag.py:346} ERROR - Failed to import: /opt/airflow/dags/airflow.py
Traceback (most recent call last):
  File "/home/airflow/.local/lib/python3.8/site-packages/airflow/models/dagbag.py", line 342, in parse
    loader.exec_module(new_module)
  File "<frozen importlib._bootstrap_external>", line 843, in exec_module
  File "<frozen importlib._bootstrap>", line 219, in _call_with_frames_removed
  File "/opt/airflow/dags/airflow.py", line 23, in <module>
    from data_preprocessing_scripts.preprocessing import preprocess_data
ModuleNotFoundError: No module named 'data_preprocessing_scripts'
[2026-08-14T00:46:40.581+0000] {processor.py:841} WARNING - No viable dags retrieved from /opt/airflow/dags/airflow.py
[2026-08-14T00:46:40.590+0000] {processor.py:179} INFO - Processing /opt/airflow/dags/airflow.py took 0.083 seconds
[2026-08-14T00:47:10.837+0000] {processor.py:157} INFO - Started process (PID=11409) to work on /opt/airflow/dags/airflow.py
[2026-08-14T00:47:10.838+0000] {processor.py:829} INFO - Processing file /opt/airflow/dags/airflow.py for tasks to queue
[2026-08-14T00:47:10.841+0000] {logging_mixin.py:151} INFO - [2026-08-14T00:47:10.841+0000] {dagbag.py:536} INFO - Filling up the DagBag from /opt/airflow/dags/airflow.py
[2026-08-14T00:47:10.916+0000] {logging_mixin.py:151} INFO - [2026-08-14T00:47:10.916+0000] {dagbag.py:346} ERROR - Failed to import: /opt/airflow/dags/airflow.py
Traceback (most recent call last):
  File "/home/airflow/.local/lib/python3.8/site-packages/airflow/models/dagbag.py", line 342, in parse
    loader.exec_module(new_module)
  File "<frozen importlib._bootstrap_external>", line 843, in exec_module
  File "<frozen importlib._bootstrap>", line 219, in _call_with_frames_removed
  File "/opt/airflow/dags/airflow.py", line 23, in <module>
    from data_preprocessing_scripts.preprocessing import preprocess_data
ModuleNotFoundError: No module named 'data_preprocessing_scripts'
[2026-08-14T00:47:10.916+0000] {processor.py:841} WARNING - No viable dags retrieved from /opt/airflow/dags/airflow.py
[2026-08-14T00:47:10.924+0000] {processor.py:179} INFO - Processing /opt/airflow/dags/airflow.py took 0.090 seconds
[2026-08-14T00:47:41.145+0000] {processor.py:157} INFO - Started process (PID=11417) to work on /opt/airflow/dags/airflow.py
[2026-08-14T00:47:41.147+0000] {processor.py:829} INFO - Processing file /opt/airflow/dags/airflow.py for tasks to queue
[2026-08-14T00:47:41.150+0000] {logging_mixin.py:151} INFO - [2026-08-14T00:47:41.150+0000] {dagbag.py:536} INFO - Filling up the DagBag from /opt/airflow/dags/airflow.py
[2026-08-14T00:47:41.216+0000] {logging_mixin.py:151} INFO - [2026-08-14T00:47:41.216+0000] {dagbag.py:346} ERROR - Failed to import: /opt/airflow/dags/airflow.py
Traceback (most recent call last):
  File "/home/airflow/.local/lib/python3.8/site-packages/airflow/models/dagbag.py", line 342, in parse
    loader.exec_module(new_module)
  File "<frozen importlib._bootstrap_external>", line 843, in exec_module
  File "<frozen importlib._bootstrap>", line 219, in _call_with_frames_removed
  File "/opt/airflow/dags/airflow.py", line 23, in <module>
    from data_preprocessing_scripts.preprocessing import preprocess_data
ModuleNotFoundError: No module named 'data_preprocessing_scripts'
[2026-08-14T00:47:41.217+0000] {processor.py:841} WARNING - No viable dags retrieved from /opt/airflow/dags/airflow.py
[2026-08-14T00:47:41.225+0000] {processor.py:179} INFO - Processing /opt/airflow/dags/airflow.py took 0.084 seconds
[2026-08-14T00:48:11.462+0000] {processor.py:157} INFO - Started process (PID=11425) to work on /opt/airflow/dags/airflow.py
[2026-08-14T00:48:11.463+0000] {processor.py:829} INFO - Processing file /opt/airflow/dags/airflow.py for tasks to queue
[2026-08-14T00:48:11.466+0000] {logging_mixin.py:151} INFO - [2026-08-14T00:48:11.465+0000] {dagbag.py:536} INFO - Filling up the DagBag from /opt/airflow/dags/airflow.py
[2026-08-14T00:48:11.529+0000] {logging_mixin.py:151} INFO - [2026-08-14T00:48:11.529+0000] {dagbag.py:346} ERROR - Failed to import: /opt/airflow/dags/airflow.py
Traceback (most recent call last):
  File "/home/airflow/.local/lib/python3.8/site-packages/airflow/models/dagbag.py", line 342, in parse
    loader.exec_module(new_module)
  File "<frozen importlib._bootstrap_external>", line 843, in exec_module
  File "<frozen importlib._bootstrap>", line 219, in _call_with_frames_removed
  File "/opt/airflow/dags/airflow.py", line 23, in <module>
    from data_preprocessing_scripts.preprocessing import preprocess_data
ModuleNotFoundError: No module named 'data_preprocessing_scripts'
[2026-08-14T00:48:11.529+0000] {processor.py:841} WARNING - No viable dags retrieved from /opt/airflow/dags/airflow.py
[2026-08-14T00:48:11.537+0000] {processor.py:179} INFO - Processing /opt/airflow/dags/airflow.py took 0.078 seconds
[2026-08-14T00:48:41.727+0000] {processor.py:157} INFO - Started process (PID=11433) to work on /opt/airflow/dags/airflow.py
[2026-08-14T00:48:41.728+0000] {processor.py:829} INFO - Processing file /opt/airflow/dags/airflow.py for tasks to queue
[2026-08-14T00:48:41.729+0000] {logging_mixin.py:151} INFO - [2026-08-14T00:48:41.729+0000] {dagbag.py:536} INFO - Filling up the DagBag from /opt/airflow/dags/airflow.py
[2026-08-14T00:48:41.790+0000] {logging_mixin.py:151} INFO - [2026-08-14T00:48:41.789+0000] {dagbag.py:346} ERROR - Failed to import: /opt/airflow/dags/airflow.py
Traceback (most recent call last):
  File "/home/airflow/.local/lib/python3.8/site-packages/airflow/models/dagbag.py", line 342, in parse
    loader.exec_module(new_module)
  File "<frozen importlib._bootstrap_external>", line 843, in exec_module
  File "<frozen importlib._bootstrap>", line 219, in _call_with_frames_removed
  File "/opt/airflow/dags/airflow.py", line 23, in <module>
    from data_preprocessing_scripts.preprocessing import preprocess_data
ModuleNotFoundError: No module named 'data_preprocessing_scripts'
[2026-08-14T00:48:41.790+0000] {processor.py:841} WARNING - No viable dags retrieved from /opt/airflow/dags/airflow.py
[2026-08-14T00:48:41.797+0000] {processor.py:179} INFO - Processing /opt/airflow/dags/airflow.py took 0.073 seconds
[2026-08-14T00:49:12.061+0000] {processor.py:157} INFO - Started process (PID=11441) to work on /opt/airflow/dags/airflow.py
[2026-08-14T00:49:12.062+0000] {processor.py:829} INFO - Processing file /opt/airflow/dags/airflow.py for tasks to queue
[2026-08-14T00:49:12.065+0000] {logging_mixin.py:151} INFO - [2026-08-14T00:49:12.064+0000] {dagbag.py:536} INFO - Filling up the DagBag from /opt/airflow/dags/airflow.py
[2026-08-14T00:49:12.126+0000] {logging_mixin.py:151} INFO - [2026-08-14T00:49:12.126+0000] {dagbag.py:346} ERROR - Failed to import: /opt/airflow/dags/airflow.py
Traceback (most recent call last):
  File "/home/airflow/.local/lib/python3.8/site-packages/airflow/models/dagbag.py", line 342, in parse
    loader.exec_module(new_module)
  File "<frozen importlib._bootstrap_external>", line 843, in exec_module
  File "<frozen importlib._bootstrap>", line 219, in _call_with_frames_removed
  File "/opt/airflow/dags/airflow.py", line 23, in <module>
    from data_preprocessing_scripts.preprocessing import preprocess_data
ModuleNotFoundError: No module named 'data_preprocessing_scripts'
[2026-08-14T00:49:12.127+0000] {processor.py:841} WARNING - No viable dags retrieved from /opt/airflow/dags/airflow.py
[2026-08-14T00:49:12.134+0000] {processor.py:179} INFO - Processing /opt/airflow/dags/airflow.py took 0.077 seconds
[2026-08-14T00:49:42.350+0000] {processor.py:157} INFO - Started process (PID=11449) to work on /opt/airflow/dags/airflow.py
[2026-08-14T00:49:42.351+0000] {processor.py:829} INFO - Processing file /opt/airflow/dags/airflow.py for tasks to queue
[2026-08-14T00:49:42.354+0000] {logging_mixin.py:151} INFO - [2026-08-14T00:49:42.354+0000] {dagbag.py:536} INFO - Filling up the DagBag from /opt/airflow/dags/airflow.py
[2026-08-14T00:49:42.423+0000] {logging_mixin.py:151} INFO - [2026-08-14T00:49:42.422+0000] {dagbag.py:346} ERROR - Failed to import: /opt/airflow/dags/airflow.py
Traceback (most recent call last):
  File "/home/airflow/.local/lib/python3.8/site-packages/airflow/models/dagbag.py", line 342, in parse
    loader.exec_module(new_module)
  File "<frozen importlib._bootstrap_external>", line 843, in exec_module
  File "<frozen importlib._bootstrap>", line 219, in _call_with_frames_removed
  File "/opt/airflow/dags/airflow.py", line 23, in <module>
    from data_preprocessing_scripts.preprocessing import preprocess_data
ModuleNotFoundError: No module named 'data_preprocessing_scripts'
[2026-08-14T00:49:42.423+0000] {processor.py:841} WARNING - No viable dags retrieved from /opt/airflow/dags/airflow.py
[2026-08-14T00:49:42.431+0000] {processor.py:179} INFO - Processing /opt/airflow/dags/airflow.py took 0.084 seconds
[2026-08-14T00:50:12.667+0000] {processor.py:157} INFO - Started process (PID=11457) to work on /opt/airflow/dags/airflow.py
[2026-08-14T00:50:12.668+0000] {processor.py:829} INFO - Processing file /opt/airflow/dags/airflow.py for tasks to queue
[2026-08-14T00:50:12.671+0000] {logging_mixin.py:151} INFO - [2026-08-14T00:50:12.671+0000] {dagbag.py:536} INFO - Filling up the DagBag from /opt/airflow/dags/airflow.py
[2026-08-14T00:50:12.735+0000] {logging_mixin.py:151} INFO - [2026-08-14T00:50:12.735+0000] {dagbag.py:346} ERROR - Failed to import: /opt/airflow/dags/airflow.py
Traceback (most recent call last):
  File "/home/airflow/.local/lib/python3.8/site-packages/airflow/models/dagbag.py", line 342, in parse
    loader.exec_module(new_module)
  File "<frozen importlib._bootstrap_external>", line 843, in exec_module
  File "<frozen importlib._bootstrap>", line 219, in _call_with_frames_removed
  File "/opt/airflow/dags/airflow.py", line 23, in <module>
    from data_preprocessing_scripts.preprocessing import preprocess_data
ModuleNotFoundError: No module named 'data_preprocessing_scripts'
[2026-08-14T00:50:12.736+0000] {processor.py:841} WARNING - No viable dags retrieved from /opt/airflow/dags/airflow.py
[2026-08-14T00:50:12.743+0000] {processor.py:179} INFO - Processing /opt/airflow/dags/airflow.py took 0.080 seconds
[2026-08-14T00:50:42.983+0000] {processor.py:157} INFO - Started process (PID=11465) to work on /opt/airflow/dags/airflow.py
[2026-08-14T00:50:42.985+0000] {processor.py:829} INFO - Processing file /opt/airflow/dags/airflow.py for tasks to queue
[2026-08-14T00:50:42.988+0000] {logging_mixin.py:151} INFO - [2026-08-14T00:50:42.988+0000] {dagbag.py:536} INFO - Filling up the DagBag from /opt/airflow/dags/airflow.py
[2026-08-14T00:50:43.055+0000] {logging_mixin.py:151} INFO - [2026-08-14T00:50:43.054+0000] {dagbag.py:346} ERROR - Failed to import: /opt/airflow/dags/airflow.py
Traceback (most recent call last):
  File "/home/airflow/.local/lib/python3.8/site-packages/airflow/models/dagbag.py", line 342, in parse
    loader.exec_module(new_module)
  File "<frozen importlib._bootstrap_external>", line 843, in exec_module
  File "<frozen importlib._bootstrap>", line 219, in _call_with_frames_removed
  File "/opt/airflow/dags/airflow.py", line 23, in <module>
    from data_preprocessing_scripts.preprocessing import preprocess_data
ModuleNotFoundError: No module named 'data_preprocessing_scripts'
[2026-08-14T00:50:43.055+0000] {processor.py:841} WARNING - No viable dags retrieved from /opt/airflow/dags/airflow.py
[2026-08-14T00:50:43.062+0000] {processor.py:179} INFO - Processing /opt/airflow/dags/airflow.py took 0.082 seconds
[2026-08-14T00:51:13.357+0000] {processor.py:157} INFO - Started process (PID=11473) to work on /opt/airflow/dags/airflow.py
[2026-08-14T00:51:13.358+0000] {processor.py:829} INFO - Processing file /opt/airflow/dags/airflow.py for tasks to queue
[2026-08-14T00:51:13.359+0000] {logging_mixin.py:151} INFO - [2026-08-14T00:51:13.359+0000] {dagbag.py:536} INFO - Filling up the DagBag from /opt/airflow/dags/airflow.py
[2026-08-14T00:51:13.417+0000] {logging_mixin.py:151} INFO - [2026-08-14T00:51:13.417+0000] {dagbag.py:346} ERROR - Failed to import: /opt/airflow/dags/airflow.py
Traceback (most recent call last):
  File "/home/airflow/.local/lib/python3.8/site-packages/airflow/models/dagbag.py", line 342, in parse
    loader.exec_module(new_module)
  File "<frozen importlib._bootstrap_external>", line 843, in exec_module
  File "<frozen importlib._bootstrap>", line 219, in _call_with_frames_removed
  File "/opt/airflow/dags/airflow.py", line 23, in <module>
    from data_preprocessing_scripts.preprocessing import preprocess_data
ModuleNotFoundError: No module named 'data_preprocessing_scripts'
[2026-08-14T00:51:13.417+0000] {processor.py:841} WARNING - No viable dags retrieved from /opt/airflow/dags/airflow.py
[2026-08-14T00:51:13.424+0000] {processor.py:179} INFO - Processing /opt/airflow/dags/airflow.py took 0.070 seconds
[2026-08-14T00:51:43.695+0000] {processor.py:157} INFO - Started process (PID=11481) to work on /opt/airflow/dags/airflow.py
[2026-08-14T00:51:43.696+0000] {processor.py:829} INFO - Processing file /opt/airflow/dags/airflow.py for tasks to queue
[2026-08-14T00:51:43.698+0000] {logging_mixin.py:151} INFO - [2026-08-14T00:51:43.698+0000] {dagbag.py:536} INFO - Filling up the DagBag from /opt/airflow/dags/airflow.py
[2026-08-14T00:51:43.761+0000] {logging_mixin.py:151} INFO - [2026-08-14T00:51:43.761+0000] {dagbag.py:346} ERROR - Failed to import: /opt/airflow/dags/airflow.py
Traceback (most recent call last):
  File "/home/airflow/.local/lib/python3.8/site-packages/airflow/models/dagbag.py", line 342, in parse
    loader.exec_module(new_module)
  File "<frozen importlib._bootstrap_external>", line 843, in exec_module
  File "<frozen importlib._bootstrap>", line 219, in _call_with_frames_removed
  File "/opt/airflow/dags/airflow.py", line 23, in <module>
    from data_preprocessing_scripts.preprocessing import preprocess_data
ModuleNotFoundError: No module named 'data_preprocessing_scripts'
[2026-08-14T00:51:43.761+0000] {processor.py:841} WARNING - No viable dags retrieved from /opt/airflow/dags/airflow.py
[2026-08-14T00:51:43.769+0000] {processor.py:179} INFO - Processing /opt/airflow/dags/airflow.py took 0.078 seconds
[2026-08-14T00:52:14.036+0000] {processor.py:157} INFO - Started process (PID=11489) to work on /opt/airflow/dags/airflow.py
[2026-08-14T00:52:14.037+0000] {processor.py:829} INFO - Processing file /opt/airflow/dags/airflow.py for tasks to queue
[2026-08-14T00:52:14.038+0000] {logging_mixin.py:151} INFO - [2026-08-14T00:52:14.038+0000] {dagbag.py:536} INFO - Filling up the DagBag from /opt/airflow/dags/airflow.py
[2026-08-14T00:52:14.096+0000] {logging_mixin.py:151} INFO - [2026-08-14T00:52:14.095+0000] {dagbag.py:346} ERROR - Failed to import: /opt/airflow/dags/airflow.py
Traceback (most recent call last):
  File "/home/airflow/.local/lib/python3.8/site-packages/airflow/models/dagbag.py", line 342, in parse
    loader.exec_module(new_module)
  File "<frozen importlib._bootstrap_external>", line 843, in exec_module
  File "<frozen importlib._bootstrap>", line 219, in _call_with_frames_removed
  File "/opt/airflow/dags/airflow.py", line 23, in <module>
    from data_preprocessing_scripts.preprocessing import preprocess_data
ModuleNotFoundError: No module named 'data_preprocessing_scripts'
[2026-08-14T00:52:14.096+0000] {processor.py:841} WARNING - No viable dags retrieved from /opt/airflow/dags/airflow.py
[2026-08-14T00:52:14.104+0000] {processor.py:179} INFO - Processing /opt/airflow/dags/airflow.py took 0.071 seconds
[2026-08-14T00:52:44.298+0000] {processor.py:157} INFO - Started process (PID=11496) to work on /opt/airflow/dags/airflow.py
[2026-08-14T00:52:44.299+0000] {processor.py:829} INFO - Processing file /opt/airflow/dags/airflow.py for tasks to queue
[2026-08-14T00:52:44.301+0000] {logging_mixin.py:151} INFO - [2026-08-14T00:52:44.301+0000] {dagbag.py:536} INFO - Filling up the DagBag from /opt/airflow/dags/airflow.py
[2026-08-14T00:52:44.364+0000] {logging_mixin.py:151} INFO - [2026-08-14T00:52:44.364+0000] {dagbag.py:346} ERROR - Failed to import: /opt/airflow/dags/airflow.py
Traceback (most recent call last):
  File "/home/airflow/.local/lib/python3.8/site-packages/airflow/models/dagbag.py", line 342, in parse
    loader.exec_module(new_module)
  File "<frozen importlib._bootstrap_external>", line 843, in exec_module
  File "<frozen importlib._bootstrap>", line 219, in _call_with_frames_removed
  File "/opt/airflow/dags/airflow.py", line 23, in <module>
    from data_preprocessing_scripts.preprocessing import preprocess_data
ModuleNotFoundError: No module named 'data_preprocessing_scripts'
[2026-08-14T00:52:44.364+0000] {processor.py:841} WARNING - No viable dags retrieved from /opt/airflow/dags/airflow.py
[2026-08-14T00:52:44.372+0000] {processor.py:179} INFO - Processing /opt/airflow/dags/airflow.py took 0.076 seconds
[2026-08-14T00:53:14.563+0000] {processor.py:157} INFO - Started process (PID=11504) to work on /opt/airflow/dags/airflow.py
[2026-08-14T00:53:14.564+0000] {processor.py:829} INFO - Processing file /opt/airflow/dags/airflow.py for tasks to queue
[2026-08-14T00:53:14.566+0000] {logging_mixin.py:151} INFO - [2026-08-14T00:53:14.566+0000] {dagbag.py:536} INFO - Filling up the DagBag from /opt/airflow/dags/airflow.py
[2026-08-14T00:53:14.623+0000] {logging_mixin.py:151} INFO - [2026-08-14T00:53:14.622+0000] {dagbag.py:346} ERROR - Failed to import: /opt/airflow/dags/airflow.py
Traceback (most recent call last):
  File "/home/airflow/.local/lib/python3.8/site-packages/airflow/models/dagbag.py", line 342, in parse
    loader.exec_module(new_module)
  File "<frozen importlib._bootstrap_external>", line 843, in exec_module
  File "<frozen importlib._bootstrap>", line 219, in _call_with_frames_removed
  File "/opt/airflow/dags/airflow.py", line 23, in <module>
    from data_preprocessing_scripts.preprocessing import preprocess_data
ModuleNotFoundError: No module named 'data_preprocessing_scripts'
[2026-08-14T00:53:14.623+0000] {processor.py:841} WARNING - No viable dags retrieved from /opt/airflow/dags/airflow.py
[2026-08-14T00:53:14.630+0000] {processor.py:179} INFO - Processing /opt/airflow/dags/airflow.py took 0.070 seconds
[2026-08-14T00:53:44.835+0000] {processor.py:157} INFO - Started process (PID=11512) to work on /opt/airflow/dags/airflow.py
[2026-08-14T00:53:44.836+0000] {processor.py:829} INFO - Processing file /opt/airflow/dags/airflow.py for tasks to queue
[2026-08-14T00:53:44.838+0000] {logging_mixin.py:151} INFO - [2026-08-14T00:53:44.838+0000] {dagbag.py:536} INFO - Filling up the DagBag from /opt/airflow/dags/airflow.py
[2026-08-14T00:53:44.902+0000] {logging_mixin.py:151} INFO - [2026-08-14T00:53:44.902+0000] {dagbag.py:346} ERROR - Failed to import: /opt/airflow/dags/airflow.py
Traceback (most recent call last):
  File "/home/airflow/.local/lib/python3.8/site-packages/airflow/models/dagbag.py", line 342, in parse
    loader.exec_module(new_module)
  File "<frozen importlib._bootstrap_external>", line 843, in exec_module
  File "<frozen importlib._bootstrap>", line 219, in _call_with_frames_removed
  File "/opt/airflow/dags/airflow.py", line 23, in <module>
    from data_preprocessing_scripts.preprocessing import preprocess_data
ModuleNotFoundError: No module named 'data_preprocessing_scripts'
[2026-08-14T00:53:44.903+0000] {processor.py:841} WARNING - No viable dags retrieved from /opt/airflow/dags/airflow.py
[2026-08-14T00:53:44.910+0000] {processor.py:179} INFO - Processing /opt/airflow/dags/airflow.py took 0.079 seconds
[2026-08-14T00:54:15.184+0000] {processor.py:157} INFO - Started process (PID=11520) to work on /opt/airflow/dags/airflow.py
[2026-08-14T00:54:15.185+0000] {processor.py:829} INFO - Processing file /opt/airflow/dags/airflow.py for tasks to queue
[2026-08-14T00:54:15.187+0000] {logging_mixin.py:151} INFO - [2026-08-14T00:54:15.187+0000] {dagbag.py:536} INFO - Filling up the DagBag from /opt/airflow/dags/airflow.py
[2026-08-14T00:54:15.251+0000] {logging_mixin.py:151} INFO - [2026-08-14T00:54:15.251+0000] {dagbag.py:346} ERROR - Failed to import: /opt/airflow/dags/airflow.py
Traceback (most recent call last):
  File "/home/airflow/.local/lib/python3.8/site-packages/airflow/models/dagbag.py", line 342, in parse
    loader.exec_module(new_module)
  File "<frozen importlib._bootstrap_external>", line 843, in exec_module
  File "<frozen importlib._bootstrap>", line 219, in _call_with_frames_removed
  File "/opt/airflow/dags/airflow.py", line 23, in <module>
    from data_preprocessing_scripts.preprocessing import preprocess_data
ModuleNotFoundError: No module named 'data_preprocessing_scripts'
[2026-08-14T00:54:15.251+0000] {processor.py:841} WARNING - No viable dags retrieved from /opt/airflow/dags/airflow.py
[2026-08-14T00:54:15.259+0000] {processor.py:179} INFO - Processing /opt/airflow/dags/airflow.py took 0.077 seconds
[2026-08-14T00:54:45.508+0000] {processor.py:157} INFO - Started process (PID=11528) to work on /opt/airflow/dags/airflow.py
[2026-08-14T00:54:45.509+0000] {processor.py:829} INFO - Processing file /opt/airflow/dags/airflow.py for tasks to queue
[2026-08-14T00:54:45.511+0000] {logging_mixin.py:151} INFO - [2026-08-14T00:54:45.511+0000] {dagbag.py:536} INFO - Filling up the DagBag from /opt/airflow/dags/airflow.py
[2026-08-14T00:54:45.576+0000] {logging_mixin.py:151} INFO - [2026-08-14T00:54:45.575+0000] {dagbag.py:346} ERROR - Failed to import: /opt/airflow/dags/airflow.py
Traceback (most recent call last):
  File "/home/airflow/.local/lib/python3.8/site-packages/airflow/models/dagbag.py", line 342, in parse
    loader.exec_module(new_module)
  File "<frozen importlib._bootstrap_external>", line 843, in exec_module
  File "<frozen importlib._bootstrap>", line 219, in _call_with_frames_removed
  File "/opt/airflow/dags/airflow.py", line 23, in <module>
    from data_preprocessing_scripts.preprocessing import preprocess_data
ModuleNotFoundError: No module named 'data_preprocessing_scripts'
[2026-08-14T00:54:45.576+0000] {processor.py:841} WARNING - No viable dags retrieved from /opt/airflow/dags/airflow.py
[2026-08-14T00:54:45.584+0000] {processor.py:179} INFO - Processing /opt/airflow/dags/airflow.py took 0.079 seconds
[2026-08-14T00:55:15.874+0000] {processor.py:157} INFO - Started process (PID=11536) to work on /opt/airflow/dags/airflow.py
[2026-08-14T00:55:15.875+0000] {processor.py:829} INFO - Processing file /opt/airflow/dags/airflow.py for tasks to queue
[2026-08-14T00:55:15.877+0000] {logging_mixin.py:151} INFO - [2026-08-14T00:55:15.877+0000] {dagbag.py:536} INFO - Filling up the DagBag from /opt/airflow/dags/airflow.py
[2026-08-14T00:55:15.940+0000] {logging_mixin.py:151} INFO - [2026-08-14T00:55:15.939+0000] {dagbag.py:346} ERROR - Failed to import: /opt/airflow/dags/airflow.py
Traceback (most recent call last):
  File "/home/airflow/.local/lib/python3.8/site-packages/airflow/models/dagbag.py", line 342, in parse
    loader.exec_module(new_module)
  File "<frozen importlib._bootstrap_external>", line 843, in exec_module
  File "<frozen importlib._bootstrap>", line 219, in _call_with_frames_removed
  File "/opt/airflow/dags/airflow.py", line 23, in <module>
    from data_preprocessing_scripts.preprocessing import preprocess_data
ModuleNotFoundError: No module named 'data_preprocessing_scripts'
[2026-08-14T00:55:15.940+0000] {processor.py:841} WARNING - No viable dags retrieved from /opt/airflow/dags/airflow.py
[2026-08-14T00:55:15.947+0000] {processor.py:179} INFO - Processing /opt/airflow/dags/airflow.py took 0.077 seconds
[2026-08-14T00:55:46.204+0000] {processor.py:157} INFO - Started process (PID=11544) to work on /opt/airflow/dags/airflow.py
[2026-08-14T00:55:46.205+0000] {processor.py:829} INFO - Processing file /opt/airflow/dags/airflow.py for tasks to queue
[2026-08-14T00:55:46.210+0000] {logging_mixin.py:151} INFO - [2026-08-14T00:55:46.208+0000] {dagbag.py:536} INFO - Filling up the DagBag from /opt/airflow/dags/airflow.py
[2026-08-14T00:55:46.294+0000] {logging_mixin.py:151} INFO - [2026-08-14T00:55:46.293+0000] {dagbag.py:346} ERROR - Failed to import: /opt/airflow/dags/airflow.py
Traceback (most recent call last):
  File "/home/airflow/.local/lib/python3.8/site-packages/airflow/models/dagbag.py", line 342, in parse
    loader.exec_module(new_module)
  File "<frozen importlib._bootstrap_external>", line 843, in exec_module
  File "<frozen importlib._bootstrap>", line 219, in _call_with_frames_removed
  File "/opt/airflow/dags/airflow.py", line 23, in <module>
    from data_preprocessing_scripts.preprocessing import preprocess_data
ModuleNotFoundError: No module named 'data_preprocessing_scripts'
[2026-08-14T00:55:46.294+0000] {processor.py:841} WARNING - No viable dags retrieved from /opt/airflow/dags/airflow.py
[2026-08-14T00:55:46.302+0000] {processor.py:179} INFO - Processing /opt/airflow/dags/airflow.py took 0.102 seconds
[2026-08-14T00:56:16.595+0000] {processor.py:157} INFO - Started process (PID=11552) to work on /opt/airflow/dags/airflow.py
[2026-08-14T00:56:16.596+0000] {processor.py:829} INFO - Processing file /opt/airflow/dags/airflow.py for tasks to queue
[2026-08-14T00:56:16.599+0000] {logging_mixin.py:151} INFO - [2026-08-14T00:56:16.599+0000] {dagbag.py:536} INFO - Filling up the DagBag from /opt/airflow/dags/airflow.py
[2026-08-14T00:56:16.658+0000] {logging_mixin.py:151} INFO - [2026-08-14T00:56:16.658+0000] {dagbag.py:346} ERROR - Failed to import: /opt/airflow/dags/airflow.py
Traceback (most recent call last):
  File "/home/airflow/.local/lib/python3.8/site-packages/airflow/models/dagbag.py", line 342, in parse
    loader.exec_module(new_module)
  File "<frozen importlib._bootstrap_external>", line 843, in exec_module
  File "<frozen importlib._bootstrap>", line 219, in _call_with_frames_removed
  File "/opt/airflow/dags/airflow.py", line 23, in <module>
    from data_preprocessing_scripts.preprocessing import preprocess_data
ModuleNotFoundError: No module named 'data_preprocessing_scripts'
[2026-08-14T00:56:16.659+0000] {processor.py:841} WARNING - No viable dags retrieved from /opt/airflow/dags/airflow.py
[2026-08-14T00:56:16.666+0000] {processor.py:179} INFO - Processing /opt/airflow/dags/airflow.py took 0.073 seconds
[2026-08-14T00:56:46.970+0000] {processor.py:157} INFO - Started process (PID=11560) to work on /opt/airflow/dags/airflow.py
[2026-08-14T00:56:46.970+0000] {processor.py:829} INFO - Processing file /opt/airflow/dags/airflow.py for tasks to queue
[2026-08-14T00:56:46.972+0000] {logging_mixin.py:151} INFO - [2026-08-14T00:56:46.972+0000] {dagbag.py:536} INFO - Filling up the DagBag from /opt/airflow/dags/airflow.py
[2026-08-14T00:56:47.028+0000] {logging_mixin.py:151} INFO - [2026-08-14T00:56:47.027+0000] {dagbag.py:346} ERROR - Failed to import: /opt/airflow/dags/airflow.py
Traceback (most recent call last):
  File "/home/airflow/.local/lib/python3.8/site-packages/airflow/models/dagbag.py", line 342, in parse
    loader.exec_module(new_module)
  File "<frozen importlib._bootstrap_external>", line 843, in exec_module
  File "<frozen importlib._bootstrap>", line 219, in _call_with_frames_removed
  File "/opt/airflow/dags/airflow.py", line 23, in <module>
    from data_preprocessing_scripts.preprocessing import preprocess_data
ModuleNotFoundError: No module named 'data_preprocessing_scripts'
[2026-08-14T00:56:47.028+0000] {processor.py:841} WARNING - No viable dags retrieved from /opt/airflow/dags/airflow.py
[2026-08-14T00:56:47.036+0000] {processor.py:179} INFO - Processing /opt/airflow/dags/airflow.py took 0.068 seconds
[2026-08-14T00:57:17.314+0000] {processor.py:157} INFO - Started process (PID=11568) to work on /opt/airflow/dags/airflow.py
[2026-08-14T00:57:17.315+0000] {processor.py:829} INFO - Processing file /opt/airflow/dags/airflow.py for tasks to queue
[2026-08-14T00:57:17.316+0000] {logging_mixin.py:151} INFO - [2026-08-14T00:57:17.316+0000] {dagbag.py:536} INFO - Filling up the DagBag from /opt/airflow/dags/airflow.py
[2026-08-14T00:57:17.382+0000] {logging_mixin.py:151} INFO - [2026-08-14T00:57:17.381+0000] {dagbag.py:346} ERROR - Failed to import: /opt/airflow/dags/airflow.py
Traceback (most recent call last):
  File "/home/airflow/.local/lib/python3.8/site-packages/airflow/models/dagbag.py", line 342, in parse
    loader.exec_module(new_module)
  File "<frozen importlib._bootstrap_external>", line 843, in exec_module
  File "<frozen importlib._bootstrap>", line 219, in _call_with_frames_removed
  File "/opt/airflow/dags/airflow.py", line 23, in <module>
    from data_preprocessing_scripts.preprocessing import preprocess_data
ModuleNotFoundError: No module named 'data_preprocessing_scripts'
[2026-08-14T00:57:17.382+0000] {processor.py:841} WARNING - No viable dags retrieved from /opt/airflow/dags/airflow.py
[2026-08-14T00:57:17.390+0000] {processor.py:179} INFO - Processing /opt/airflow/dags/airflow.py took 0.079 seconds
[2026-08-14T00:57:47.612+0000] {processor.py:157} INFO - Started process (PID=11576) to work on /opt/airflow/dags/airflow.py
[2026-08-14T00:57:47.613+0000] {processor.py:829} INFO - Processing file /opt/airflow/dags/airflow.py for tasks to queue
[2026-08-14T00:57:47.615+0000] {logging_mixin.py:151} INFO - [2026-08-14T00:57:47.615+0000] {dagbag.py:536} INFO - Filling up the DagBag from /opt/airflow/dags/airflow.py
[2026-08-14T00:57:47.670+0000] {logging_mixin.py:151} INFO - [2026-08-14T00:57:47.669+0000] {dagbag.py:346} ERROR - Failed to import: /opt/airflow/dags/airflow.py
Traceback (most recent call last):
  File "/home/airflow/.local/lib/python3.8/site-packages/airflow/models/dagbag.py", line 342, in parse
    loader.exec_module(new_module)
  File "<frozen importlib._bootstrap_external>", line 843, in exec_module
  File "<frozen importlib._bootstrap>", line 219, in _call_with_frames_removed
  File "/opt/airflow/dags/airflow.py", line 23, in <module>
    from data_preprocessing_scripts.preprocessing import preprocess_data
ModuleNotFoundError: No module named 'data_preprocessing_scripts'
[2026-08-14T00:57:47.670+0000] {processor.py:841} WARNING - No viable dags retrieved from /opt/airflow/dags/airflow.py
[2026-08-14T00:57:47.677+0000] {processor.py:179} INFO - Processing /opt/airflow/dags/airflow.py took 0.068 seconds
[2026-08-14T00:58:17.920+0000] {processor.py:157} INFO - Started process (PID=11584) to work on /opt/airflow/dags/airflow.py
[2026-08-14T00:58:17.921+0000] {processor.py:829} INFO - Processing file /opt/airflow/dags/airflow.py for tasks to queue
[2026-08-14T00:58:17.924+0000] {logging_mixin.py:151} INFO - [2026-08-14T00:58:17.923+0000] {dagbag.py:536} INFO - Filling up the DagBag from /opt/airflow/dags/airflow.py
[2026-08-14T00:58:17.983+0000] {logging_mixin.py:151} INFO - [2026-08-14T00:58:17.982+0000] {dagbag.py:346} ERROR - Failed to import: /opt/airflow/dags/airflow.py
Traceback (most recent call last):
  File "/home/airflow/.local/lib/python3.8/site-packages/airflow/models/dagbag.py", line 342, in parse
    loader.exec_module(new_module)
  File "<frozen importlib._bootstrap_external>", line 843, in exec_module
  File "<frozen importlib._bootstrap>", line 219, in _call_with_frames_removed
  File "/opt/airflow/dags/airflow.py", line 23, in <module>
    from data_preprocessing_scripts.preprocessing import preprocess_data
ModuleNotFoundError: No module named 'data_preprocessing_scripts'
[2026-08-14T00:58:17.983+0000] {processor.py:841} WARNING - No viable dags retrieved from /opt/airflow/dags/airflow.py
[2026-08-14T00:58:17.991+0000] {processor.py:179} INFO - Processing /opt/airflow/dags/airflow.py took 0.073 seconds
[2026-08-14T00:58:48.296+0000] {processor.py:157} INFO - Started process (PID=11592) to work on /opt/airflow/dags/airflow.py
[2026-08-14T00:58:48.297+0000] {processor.py:829} INFO - Processing file /opt/airflow/dags/airflow.py for tasks to queue
[2026-08-14T00:58:48.299+0000] {logging_mixin.py:151} INFO - [2026-08-14T00:58:48.299+0000] {dagbag.py:536} INFO - Filling up the DagBag from /opt/airflow/dags/airflow.py
[2026-08-14T00:58:48.366+0000] {logging_mixin.py:151} INFO - [2026-08-14T00:58:48.366+0000] {dagbag.py:346} ERROR - Failed to import: /opt/airflow/dags/airflow.py
Traceback (most recent call last):
  File "/home/airflow/.local/lib/python3.8/site-packages/airflow/models/dagbag.py", line 342, in parse
    loader.exec_module(new_module)
  File "<frozen importlib._bootstrap_external>", line 843, in exec_module
  File "<frozen importlib._bootstrap>", line 219, in _call_with_frames_removed
  File "/opt/airflow/dags/airflow.py", line 23, in <module>
    from data_preprocessing_scripts.preprocessing import preprocess_data
ModuleNotFoundError: No module named 'data_preprocessing_scripts'
[2026-08-14T00:58:48.367+0000] {processor.py:841} WARNING - No viable dags retrieved from /opt/airflow/dags/airflow.py
[2026-08-14T00:58:48.375+0000] {processor.py:179} INFO - Processing /opt/airflow/dags/airflow.py took 0.084 seconds
[2026-08-14T00:59:18.618+0000] {processor.py:157} INFO - Started process (PID=11600) to work on /opt/airflow/dags/airflow.py
[2026-08-14T00:59:18.619+0000] {processor.py:829} INFO - Processing file /opt/airflow/dags/airflow.py for tasks to queue
[2026-08-14T00:59:18.620+0000] {logging_mixin.py:151} INFO - [2026-08-14T00:59:18.620+0000] {dagbag.py:536} INFO - Filling up the DagBag from /opt/airflow/dags/airflow.py
[2026-08-14T00:59:18.683+0000] {logging_mixin.py:151} INFO - [2026-08-14T00:59:18.683+0000] {dagbag.py:346} ERROR - Failed to import: /opt/airflow/dags/airflow.py
Traceback (most recent call last):
  File "/home/airflow/.local/lib/python3.8/site-packages/airflow/models/dagbag.py", line 342, in parse
    loader.exec_module(new_module)
  File "<frozen importlib._bootstrap_external>", line 843, in exec_module
  File "<frozen importlib._bootstrap>", line 219, in _call_with_frames_removed
  File "/opt/airflow/dags/airflow.py", line 23, in <module>
    from data_preprocessing_scripts.preprocessing import preprocess_data
ModuleNotFoundError: No module named 'data_preprocessing_scripts'
[2026-08-14T00:59:18.683+0000] {processor.py:841} WARNING - No viable dags retrieved from /opt/airflow/dags/airflow.py
[2026-08-14T00:59:18.691+0000] {processor.py:179} INFO - Processing /opt/airflow/dags/airflow.py took 0.075 seconds
[2026-08-14T00:59:48.930+0000] {processor.py:157} INFO - Started process (PID=11608) to work on /opt/airflow/dags/airflow.py
[2026-08-14T00:59:48.931+0000] {processor.py:829} INFO - Processing file /opt/airflow/dags/airflow.py for tasks to queue
[2026-08-14T00:59:48.935+0000] {logging_mixin.py:151} INFO - [2026-08-14T00:59:48.935+0000] {dagbag.py:536} INFO - Filling up the DagBag from /opt/airflow/dags/airflow.py
[2026-08-14T00:59:49.004+0000] {logging_mixin.py:151} INFO - [2026-08-14T00:59:49.003+0000] {dagbag.py:346} ERROR - Failed to import: /opt/airflow/dags/airflow.py
Traceback (most recent call last):
  File "/home/airflow/.local/lib/python3.8/site-packages/airflow/models/dagbag.py", line 342, in parse
    loader.exec_module(new_module)
  File "<frozen importlib._bootstrap_external>", line 843, in exec_module
  File "<frozen importlib._bootstrap>", line 219, in _call_with_frames_removed
  File "/opt/airflow/dags/airflow.py", line 23, in <module>
    from data_preprocessing_scripts.preprocessing import preprocess_data
ModuleNotFoundError: No module named 'data_preprocessing_scripts'
[2026-08-14T00:59:49.004+0000] {processor.py:841} WARNING - No viable dags retrieved from /opt/airflow/dags/airflow.py
[2026-08-14T00:59:49.012+0000] {processor.py:179} INFO - Processing /opt/airflow/dags/airflow.py took 0.086 seconds
[2026-08-14T01:00:19.276+0000] {processor.py:157} INFO - Started process (PID=11616) to work on /opt/airflow/dags/airflow.py
[2026-08-14T01:00:19.278+0000] {processor.py:829} INFO - Processing file /opt/airflow/dags/airflow.py for tasks to queue
[2026-08-14T01:00:19.280+0000] {logging_mixin.py:151} INFO - [2026-08-14T01:00:19.279+0000] {dagbag.py:536} INFO - Filling up the DagBag from /opt/airflow/dags/airflow.py
[2026-08-14T01:00:19.343+0000] {logging_mixin.py:151} INFO - [2026-08-14T01:00:19.342+0000] {dagbag.py:346} ERROR - Failed to import: /opt/airflow/dags/airflow.py
Traceback (most recent call last):
  File "/home/airflow/.local/lib/python3.8/site-packages/airflow/models/dagbag.py", line 342, in parse
    loader.exec_module(new_module)
  File "<frozen importlib._bootstrap_external>", line 843, in exec_module
  File "<frozen importlib._bootstrap>", line 219, in _call_with_frames_removed
  File "/opt/airflow/dags/airflow.py", line 23, in <module>
    from data_preprocessing_scripts.preprocessing import preprocess_data
ModuleNotFoundError: No module named 'data_preprocessing_scripts'
[2026-08-14T01:00:19.343+0000] {processor.py:841} WARNING - No viable dags retrieved from /opt/airflow/dags/airflow.py
[2026-08-14T01:00:19.351+0000] {processor.py:179} INFO - Processing /opt/airflow/dags/airflow.py took 0.078 seconds
[2026-08-14T01:00:49.565+0000] {processor.py:157} INFO - Started process (PID=11624) to work on /opt/airflow/dags/airflow.py
[2026-08-14T01:00:49.567+0000] {processor.py:829} INFO - Processing file /opt/airflow/dags/airflow.py for tasks to queue
[2026-08-14T01:00:49.570+0000] {logging_mixin.py:151} INFO - [2026-08-14T01:00:49.570+0000] {dagbag.py:536} INFO - Filling up the DagBag from /opt/airflow/dags/airflow.py
[2026-08-14T01:00:49.645+0000] {logging_mixin.py:151} INFO - [2026-08-14T01:00:49.644+0000] {dagbag.py:346} ERROR - Failed to import: /opt/airflow/dags/airflow.py
Traceback (most recent call last):
  File "/home/airflow/.local/lib/python3.8/site-packages/airflow/models/dagbag.py", line 342, in parse
    loader.exec_module(new_module)
  File "<frozen importlib._bootstrap_external>", line 843, in exec_module
  File "<frozen importlib._bootstrap>", line 219, in _call_with_frames_removed
  File "/opt/airflow/dags/airflow.py", line 23, in <module>
    from data_preprocessing_scripts.preprocessing import preprocess_data
ModuleNotFoundError: No module named 'data_preprocessing_scripts'
[2026-08-14T01:00:49.645+0000] {processor.py:841} WARNING - No viable dags retrieved from /opt/airflow/dags/airflow.py
[2026-08-14T01:00:49.652+0000] {processor.py:179} INFO - Processing /opt/airflow/dags/airflow.py took 0.092 seconds
[2026-08-14T01:01:19.874+0000] {processor.py:157} INFO - Started process (PID=11632) to work on /opt/airflow/dags/airflow.py
[2026-08-14T01:01:19.875+0000] {processor.py:829} INFO - Processing file /opt/airflow/dags/airflow.py for tasks to queue
[2026-08-14T01:01:19.878+0000] {logging_mixin.py:151} INFO - [2026-08-14T01:01:19.878+0000] {dagbag.py:536} INFO - Filling up the DagBag from /opt/airflow/dags/airflow.py
[2026-08-14T01:01:19.938+0000] {logging_mixin.py:151} INFO - [2026-08-14T01:01:19.937+0000] {dagbag.py:346} ERROR - Failed to import: /opt/airflow/dags/airflow.py
Traceback (most recent call last):
  File "/home/airflow/.local/lib/python3.8/site-packages/airflow/models/dagbag.py", line 342, in parse
    loader.exec_module(new_module)
  File "<frozen importlib._bootstrap_external>", line 843, in exec_module
  File "<frozen importlib._bootstrap>", line 219, in _call_with_frames_removed
  File "/opt/airflow/dags/airflow.py", line 23, in <module>
    from data_preprocessing_scripts.preprocessing import preprocess_data
ModuleNotFoundError: No module named 'data_preprocessing_scripts'
[2026-08-14T01:01:19.938+0000] {processor.py:841} WARNING - No viable dags retrieved from /opt/airflow/dags/airflow.py
[2026-08-14T01:01:19.945+0000] {processor.py:179} INFO - Processing /opt/airflow/dags/airflow.py took 0.074 seconds
[2026-08-14T01:01:50.193+0000] {processor.py:157} INFO - Started process (PID=11640) to work on /opt/airflow/dags/airflow.py
[2026-08-14T01:01:50.194+0000] {processor.py:829} INFO - Processing file /opt/airflow/dags/airflow.py for tasks to queue
[2026-08-14T01:01:50.197+0000] {logging_mixin.py:151} INFO - [2026-08-14T01:01:50.197+0000] {dagbag.py:536} INFO - Filling up the DagBag from /opt/airflow/dags/airflow.py
[2026-08-14T01:01:50.262+0000] {logging_mixin.py:151} INFO - [2026-08-14T01:01:50.261+0000] {dagbag.py:346} ERROR - Failed to import: /opt/airflow/dags/airflow.py
Traceback (most recent call last):
  File "/home/airflow/.local/lib/python3.8/site-packages/airflow/models/dagbag.py", line 342, in parse
    loader.exec_module(new_module)
  File "<frozen importlib._bootstrap_external>", line 843, in exec_module
  File "<frozen importlib._bootstrap>", line 219, in _call_with_frames_removed
  File "/opt/airflow/dags/airflow.py", line 23, in <module>
    from data_preprocessing_scripts.preprocessing import preprocess_data
ModuleNotFoundError: No module named 'data_preprocessing_scripts'
[2026-08-14T01:01:50.262+0000] {processor.py:841} WARNING - No viable dags retrieved from /opt/airflow/dags/airflow.py
[2026-08-14T01:01:50.270+0000] {processor.py:179} INFO - Processing /opt/airflow/dags/airflow.py took 0.081 seconds
[2026-08-14T01:02:20.538+0000] {processor.py:157} INFO - Started process (PID=11648) to work on /opt/airflow/dags/airflow.py
[2026-08-14T01:02:20.539+0000] {processor.py:829} INFO - Processing file /opt/airflow/dags/airflow.py for tasks to queue
[2026-08-14T01:02:20.542+0000] {logging_mixin.py:151} INFO - [2026-08-14T01:02:20.541+0000] {dagbag.py:536} INFO - Filling up the DagBag from /opt/airflow/dags/airflow.py
[2026-08-14T01:02:20.604+0000] {logging_mixin.py:151} INFO - [2026-08-14T01:02:20.603+0000] {dagbag.py:346} ERROR - Failed to import: /opt/airflow/dags/airflow.py
Traceback (most recent call last):
  File "/home/airflow/.local/lib/python3.8/site-packages/airflow/models/dagbag.py", line 342, in parse
    loader.exec_module(new_module)
  File "<frozen importlib._bootstrap_external>", line 843, in exec_module
  File "<frozen importlib._bootstrap>", line 219, in _call_with_frames_removed
  File "/opt/airflow/dags/airflow.py", line 23, in <module>
    from data_preprocessing_scripts.preprocessing import preprocess_data
ModuleNotFoundError: No module named 'data_preprocessing_scripts'
[2026-08-14T01:02:20.604+0000] {processor.py:841} WARNING - No viable dags retrieved from /opt/airflow/dags/airflow.py
[2026-08-14T01:02:20.611+0000] {processor.py:179} INFO - Processing /opt/airflow/dags/airflow.py took 0.076 seconds
[2026-08-14T01:02:50.860+0000] {processor.py:157} INFO - Started process (PID=11656) to work on /opt/airflow/dags/airflow.py
[2026-08-14T01:02:50.862+0000] {processor.py:829} INFO - Processing file /opt/airflow/dags/airflow.py for tasks to queue
[2026-08-14T01:02:50.864+0000] {logging_mixin.py:151} INFO - [2026-08-14T01:02:50.864+0000] {dagbag.py:536} INFO - Filling up the DagBag from /opt/airflow/dags/airflow.py
[2026-08-14T01:02:50.930+0000] {logging_mixin.py:151} INFO - [2026-08-14T01:02:50.930+0000] {dagbag.py:346} ERROR - Failed to import: /opt/airflow/dags/airflow.py
Traceback (most recent call last):
  File "/home/airflow/.local/lib/python3.8/site-packages/airflow/models/dagbag.py", line 342, in parse
    loader.exec_module(new_module)
  File "<frozen importlib._bootstrap_external>", line 843, in exec_module
  File "<frozen importlib._bootstrap>", line 219, in _call_with_frames_removed
  File "/opt/airflow/dags/airflow.py", line 23, in <module>
    from data_preprocessing_scripts.preprocessing import preprocess_data
ModuleNotFoundError: No module named 'data_preprocessing_scripts'
[2026-08-14T01:02:50.931+0000] {processor.py:841} WARNING - No viable dags retrieved from /opt/airflow/dags/airflow.py
[2026-08-14T01:02:50.938+0000] {processor.py:179} INFO - Processing /opt/airflow/dags/airflow.py took 0.082 seconds
[2026-08-14T01:03:21.143+0000] {processor.py:157} INFO - Started process (PID=11664) to work on /opt/airflow/dags/airflow.py
[2026-08-14T01:03:21.145+0000] {processor.py:829} INFO - Processing file /opt/airflow/dags/airflow.py for tasks to queue
[2026-08-14T01:03:21.147+0000] {logging_mixin.py:151} INFO - [2026-08-14T01:03:21.147+0000] {dagbag.py:536} INFO - Filling up the DagBag from /opt/airflow/dags/airflow.py
[2026-08-14T01:03:21.204+0000] {logging_mixin.py:151} INFO - [2026-08-14T01:03:21.204+0000] {dagbag.py:346} ERROR - Failed to import: /opt/airflow/dags/airflow.py
Traceback (most recent call last):
  File "/home/airflow/.local/lib/python3.8/site-packages/airflow/models/dagbag.py", line 342, in parse
    loader.exec_module(new_module)
  File "<frozen importlib._bootstrap_external>", line 843, in exec_module
  File "<frozen importlib._bootstrap>", line 219, in _call_with_frames_removed
  File "/opt/airflow/dags/airflow.py", line 23, in <module>
    from data_preprocessing_scripts.preprocessing import preprocess_data
ModuleNotFoundError: No module named 'data_preprocessing_scripts'
[2026-08-14T01:03:21.205+0000] {processor.py:841} WARNING - No viable dags retrieved from /opt/airflow/dags/airflow.py
[2026-08-14T01:03:21.213+0000] {processor.py:179} INFO - Processing /opt/airflow/dags/airflow.py took 0.072 seconds
[2026-08-14T01:03:51.399+0000] {processor.py:157} INFO - Started process (PID=11672) to work on /opt/airflow/dags/airflow.py
[2026-08-14T01:03:51.400+0000] {processor.py:829} INFO - Processing file /opt/airflow/dags/airflow.py for tasks to queue
[2026-08-14T01:03:51.402+0000] {logging_mixin.py:151} INFO - [2026-08-14T01:03:51.402+0000] {dagbag.py:536} INFO - Filling up the DagBag from /opt/airflow/dags/airflow.py
[2026-08-14T01:03:51.463+0000] {logging_mixin.py:151} INFO - [2026-08-14T01:03:51.462+0000] {dagbag.py:346} ERROR - Failed to import: /opt/airflow/dags/airflow.py
Traceback (most recent call last):
  File "/home/airflow/.local/lib/python3.8/site-packages/airflow/models/dagbag.py", line 342, in parse
    loader.exec_module(new_module)
  File "<frozen importlib._bootstrap_external>", line 843, in exec_module
  File "<frozen importlib._bootstrap>", line 219, in _call_with_frames_removed
  File "/opt/airflow/dags/airflow.py", line 23, in <module>
    from data_preprocessing_scripts.preprocessing import preprocess_data
ModuleNotFoundError: No module named 'data_preprocessing_scripts'
[2026-08-14T01:03:51.463+0000] {processor.py:841} WARNING - No viable dags retrieved from /opt/airflow/dags/airflow.py
[2026-08-14T01:03:51.471+0000] {processor.py:179} INFO - Processing /opt/airflow/dags/airflow.py took 0.076 seconds
[2026-08-14T01:04:21.735+0000] {processor.py:157} INFO - Started process (PID=11680) to work on /opt/airflow/dags/airflow.py
[2026-08-14T01:04:21.736+0000] {processor.py:829} INFO - Processing file /opt/airflow/dags/airflow.py for tasks to queue
[2026-08-14T01:04:21.739+0000] {logging_mixin.py:151} INFO - [2026-08-14T01:04:21.739+0000] {dagbag.py:536} INFO - Filling up the DagBag from /opt/airflow/dags/airflow.py
[2026-08-14T01:04:21.799+0000] {logging_mixin.py:151} INFO - [2026-08-14T01:04:21.799+0000] {dagbag.py:346} ERROR - Failed to import: /opt/airflow/dags/airflow.py
Traceback (most recent call last):
  File "/home/airflow/.local/lib/python3.8/site-packages/airflow/models/dagbag.py", line 342, in parse
    loader.exec_module(new_module)
  File "<frozen importlib._bootstrap_external>", line 843, in exec_module
  File "<frozen importlib._bootstrap>", line 219, in _call_with_frames_removed
  File "/opt/airflow/dags/airflow.py", line 23, in <module>
    from data_preprocessing_scripts.preprocessing import preprocess_data
ModuleNotFoundError: No module named 'data_preprocessing_scripts'
[2026-08-14T01:04:21.799+0000] {processor.py:841} WARNING - No viable dags retrieved from /opt/airflow/dags/airflow.py
[2026-08-14T01:04:21.807+0000] {processor.py:179} INFO - Processing /opt/airflow/dags/airflow.py took 0.075 seconds
[2026-08-14T01:04:52.053+0000] {processor.py:157} INFO - Started process (PID=11688) to work on /opt/airflow/dags/airflow.py
[2026-08-14T01:04:52.055+0000] {processor.py:829} INFO - Processing file /opt/airflow/dags/airflow.py for tasks to queue
[2026-08-14T01:04:52.058+0000] {logging_mixin.py:151} INFO - [2026-08-14T01:04:52.058+0000] {dagbag.py:536} INFO - Filling up the DagBag from /opt/airflow/dags/airflow.py
[2026-08-14T01:04:52.114+0000] {logging_mixin.py:151} INFO - [2026-08-14T01:04:52.113+0000] {dagbag.py:346} ERROR - Failed to import: /opt/airflow/dags/airflow.py
Traceback (most recent call last):
  File "/home/airflow/.local/lib/python3.8/site-packages/airflow/models/dagbag.py", line 342, in parse
    loader.exec_module(new_module)
  File "<frozen importlib._bootstrap_external>", line 843, in exec_module
  File "<frozen importlib._bootstrap>", line 219, in _call_with_frames_removed
  File "/opt/airflow/dags/airflow.py", line 23, in <module>
    from data_preprocessing_scripts.preprocessing import preprocess_data
ModuleNotFoundError: No module named 'data_preprocessing_scripts'
[2026-08-14T01:04:52.114+0000] {processor.py:841} WARNING - No viable dags retrieved from /opt/airflow/dags/airflow.py
[2026-08-14T01:04:52.122+0000] {processor.py:179} INFO - Processing /opt/airflow/dags/airflow.py took 0.071 seconds
[2026-08-14T01:05:22.397+0000] {processor.py:157} INFO - Started process (PID=11696) to work on /opt/airflow/dags/airflow.py
[2026-08-14T01:05:22.397+0000] {processor.py:829} INFO - Processing file /opt/airflow/dags/airflow.py for tasks to queue
[2026-08-14T01:05:22.400+0000] {logging_mixin.py:151} INFO - [2026-08-14T01:05:22.399+0000] {dagbag.py:536} INFO - Filling up the DagBag from /opt/airflow/dags/airflow.py
[2026-08-14T01:05:22.458+0000] {logging_mixin.py:151} INFO - [2026-08-14T01:05:22.457+0000] {dagbag.py:346} ERROR - Failed to import: /opt/airflow/dags/airflow.py
Traceback (most recent call last):
  File "/home/airflow/.local/lib/python3.8/site-packages/airflow/models/dagbag.py", line 342, in parse
    loader.exec_module(new_module)
  File "<frozen importlib._bootstrap_external>", line 843, in exec_module
  File "<frozen importlib._bootstrap>", line 219, in _call_with_frames_removed
  File "/opt/airflow/dags/airflow.py", line 23, in <module>
    from data_preprocessing_scripts.preprocessing import preprocess_data
ModuleNotFoundError: No module named 'data_preprocessing_scripts'
[2026-08-14T01:05:22.458+0000] {processor.py:841} WARNING - No viable dags retrieved from /opt/airflow/dags/airflow.py
[2026-08-14T01:05:22.465+0000] {processor.py:179} INFO - Processing /opt/airflow/dags/airflow.py took 0.071 seconds
[2026-08-14T01:05:52.742+0000] {processor.py:157} INFO - Started process (PID=11704) to work on /opt/airflow/dags/airflow.py
[2026-08-14T01:05:52.743+0000] {processor.py:829} INFO - Processing file /opt/airflow/dags/airflow.py for tasks to queue
[2026-08-14T01:05:52.746+0000] {logging_mixin.py:151} INFO - [2026-08-14T01:05:52.746+0000] {dagbag.py:536} INFO - Filling up the DagBag from /opt/airflow/dags/airflow.py
[2026-08-14T01:05:52.808+0000] {logging_mixin.py:151} INFO - [2026-08-14T01:05:52.807+0000] {dagbag.py:346} ERROR - Failed to import: /opt/airflow/dags/airflow.py
Traceback (most recent call last):
  File "/home/airflow/.local/lib/python3.8/site-packages/airflow/models/dagbag.py", line 342, in parse
    loader.exec_module(new_module)
  File "<frozen importlib._bootstrap_external>", line 843, in exec_module
  File "<frozen importlib._bootstrap>", line 219, in _call_with_frames_removed
  File "/opt/airflow/dags/airflow.py", line 23, in <module>
    from data_preprocessing_scripts.preprocessing import preprocess_data
ModuleNotFoundError: No module named 'data_preprocessing_scripts'
[2026-08-14T01:05:52.808+0000] {processor.py:841} WARNING - No viable dags retrieved from /opt/airflow/dags/airflow.py
[2026-08-14T01:05:52.816+0000] {processor.py:179} INFO - Processing /opt/airflow/dags/airflow.py took 0.078 seconds
[2026-08-14T01:06:23.053+0000] {processor.py:157} INFO - Started process (PID=11712) to work on /opt/airflow/dags/airflow.py
[2026-08-14T01:06:23.054+0000] {processor.py:829} INFO - Processing file /opt/airflow/dags/airflow.py for tasks to queue
[2026-08-14T01:06:23.055+0000] {logging_mixin.py:151} INFO - [2026-08-14T01:06:23.055+0000] {dagbag.py:536} INFO - Filling up the DagBag from /opt/airflow/dags/airflow.py
[2026-08-14T01:06:23.115+0000] {logging_mixin.py:151} INFO - [2026-08-14T01:06:23.115+0000] {dagbag.py:346} ERROR - Failed to import: /opt/airflow/dags/airflow.py
Traceback (most recent call last):
  File "/home/airflow/.local/lib/python3.8/site-packages/airflow/models/dagbag.py", line 342, in parse
    loader.exec_module(new_module)
  File "<frozen importlib._bootstrap_external>", line 843, in exec_module
  File "<frozen importlib._bootstrap>", line 219, in _call_with_frames_removed
  File "/opt/airflow/dags/airflow.py", line 23, in <module>
    from data_preprocessing_scripts.preprocessing import preprocess_data
ModuleNotFoundError: No module named 'data_preprocessing_scripts'
[2026-08-14T01:06:23.115+0000] {processor.py:841} WARNING - No viable dags retrieved from /opt/airflow/dags/airflow.py
[2026-08-14T01:06:23.122+0000] {processor.py:179} INFO - Processing /opt/airflow/dags/airflow.py took 0.072 seconds
[2026-08-14T01:06:53.356+0000] {processor.py:157} INFO - Started process (PID=11720) to work on /opt/airflow/dags/airflow.py
[2026-08-14T01:06:53.357+0000] {processor.py:829} INFO - Processing file /opt/airflow/dags/airflow.py for tasks to queue
[2026-08-14T01:06:53.360+0000] {logging_mixin.py:151} INFO - [2026-08-14T01:06:53.359+0000] {dagbag.py:536} INFO - Filling up the DagBag from /opt/airflow/dags/airflow.py
[2026-08-14T01:06:53.421+0000] {logging_mixin.py:151} INFO - [2026-08-14T01:06:53.420+0000] {dagbag.py:346} ERROR - Failed to import: /opt/airflow/dags/airflow.py
Traceback (most recent call last):
  File "/home/airflow/.local/lib/python3.8/site-packages/airflow/models/dagbag.py", line 342, in parse
    loader.exec_module(new_module)
  File "<frozen importlib._bootstrap_external>", line 843, in exec_module
  File "<frozen importlib._bootstrap>", line 219, in _call_with_frames_removed
  File "/opt/airflow/dags/airflow.py", line 23, in <module>
    from data_preprocessing_scripts.preprocessing import preprocess_data
ModuleNotFoundError: No module named 'data_preprocessing_scripts'
[2026-08-14T01:06:53.421+0000] {processor.py:841} WARNING - No viable dags retrieved from /opt/airflow/dags/airflow.py
[2026-08-14T01:06:53.428+0000] {processor.py:179} INFO - Processing /opt/airflow/dags/airflow.py took 0.076 seconds
[2026-08-14T01:07:23.676+0000] {processor.py:157} INFO - Started process (PID=11728) to work on /opt/airflow/dags/airflow.py
[2026-08-14T01:07:23.677+0000] {processor.py:829} INFO - Processing file /opt/airflow/dags/airflow.py for tasks to queue
[2026-08-14T01:07:23.681+0000] {logging_mixin.py:151} INFO - [2026-08-14T01:07:23.680+0000] {dagbag.py:536} INFO - Filling up the DagBag from /opt/airflow/dags/airflow.py
[2026-08-14T01:07:23.751+0000] {logging_mixin.py:151} INFO - [2026-08-14T01:07:23.750+0000] {dagbag.py:346} ERROR - Failed to import: /opt/airflow/dags/airflow.py
Traceback (most recent call last):
  File "/home/airflow/.local/lib/python3.8/site-packages/airflow/models/dagbag.py", line 342, in parse
    loader.exec_module(new_module)
  File "<frozen importlib._bootstrap_external>", line 843, in exec_module
  File "<frozen importlib._bootstrap>", line 219, in _call_with_frames_removed
  File "/opt/airflow/dags/airflow.py", line 23, in <module>
    from data_preprocessing_scripts.preprocessing import preprocess_data
ModuleNotFoundError: No module named 'data_preprocessing_scripts'
[2026-08-14T01:07:23.752+0000] {processor.py:841} WARNING - No viable dags retrieved from /opt/airflow/dags/airflow.py
[2026-08-14T01:07:23.765+0000] {processor.py:179} INFO - Processing /opt/airflow/dags/airflow.py took 0.092 seconds
[2026-08-14T01:07:53.999+0000] {processor.py:157} INFO - Started process (PID=11736) to work on /opt/airflow/dags/airflow.py
[2026-08-14T01:07:54.000+0000] {processor.py:829} INFO - Processing file /opt/airflow/dags/airflow.py for tasks to queue
[2026-08-14T01:07:54.002+0000] {logging_mixin.py:151} INFO - [2026-08-14T01:07:54.001+0000] {dagbag.py:536} INFO - Filling up the DagBag from /opt/airflow/dags/airflow.py
[2026-08-14T01:07:54.068+0000] {logging_mixin.py:151} INFO - [2026-08-14T01:07:54.068+0000] {dagbag.py:346} ERROR - Failed to import: /opt/airflow/dags/airflow.py
Traceback (most recent call last):
  File "/home/airflow/.local/lib/python3.8/site-packages/airflow/models/dagbag.py", line 342, in parse
    loader.exec_module(new_module)
  File "<frozen importlib._bootstrap_external>", line 843, in exec_module
  File "<frozen importlib._bootstrap>", line 219, in _call_with_frames_removed
  File "/opt/airflow/dags/airflow.py", line 23, in <module>
    from data_preprocessing_scripts.preprocessing import preprocess_data
ModuleNotFoundError: No module named 'data_preprocessing_scripts'
[2026-08-14T01:07:54.068+0000] {processor.py:841} WARNING - No viable dags retrieved from /opt/airflow/dags/airflow.py
[2026-08-14T01:07:54.076+0000] {processor.py:179} INFO - Processing /opt/airflow/dags/airflow.py took 0.081 seconds
[2026-08-14T01:08:24.304+0000] {processor.py:157} INFO - Started process (PID=11744) to work on /opt/airflow/dags/airflow.py
[2026-08-14T01:08:24.306+0000] {processor.py:829} INFO - Processing file /opt/airflow/dags/airflow.py for tasks to queue
[2026-08-14T01:08:24.308+0000] {logging_mixin.py:151} INFO - [2026-08-14T01:08:24.308+0000] {dagbag.py:536} INFO - Filling up the DagBag from /opt/airflow/dags/airflow.py
[2026-08-14T01:08:24.366+0000] {logging_mixin.py:151} INFO - [2026-08-14T01:08:24.365+0000] {dagbag.py:346} ERROR - Failed to import: /opt/airflow/dags/airflow.py
Traceback (most recent call last):
  File "/home/airflow/.local/lib/python3.8/site-packages/airflow/models/dagbag.py", line 342, in parse
    loader.exec_module(new_module)
  File "<frozen importlib._bootstrap_external>", line 843, in exec_module
  File "<frozen importlib._bootstrap>", line 219, in _call_with_frames_removed
  File "/opt/airflow/dags/airflow.py", line 23, in <module>
    from data_preprocessing_scripts.preprocessing import preprocess_data
ModuleNotFoundError: No module named 'data_preprocessing_scripts'
[2026-08-14T01:08:24.366+0000] {processor.py:841} WARNING - No viable dags retrieved from /opt/airflow/dags/airflow.py
[2026-08-14T01:08:24.377+0000] {processor.py:179} INFO - Processing /opt/airflow/dags/airflow.py took 0.076 seconds
[2026-08-14T01:08:54.558+0000] {processor.py:157} INFO - Started process (PID=11752) to work on /opt/airflow/dags/airflow.py
[2026-08-14T01:08:54.560+0000] {processor.py:829} INFO - Processing file /opt/airflow/dags/airflow.py for tasks to queue
[2026-08-14T01:08:54.562+0000] {logging_mixin.py:151} INFO - [2026-08-14T01:08:54.562+0000] {dagbag.py:536} INFO - Filling up the DagBag from /opt/airflow/dags/airflow.py
[2026-08-14T01:08:54.631+0000] {logging_mixin.py:151} INFO - [2026-08-14T01:08:54.630+0000] {dagbag.py:346} ERROR - Failed to import: /opt/airflow/dags/airflow.py
Traceback (most recent call last):
  File "/home/airflow/.local/lib/python3.8/site-packages/airflow/models/dagbag.py", line 342, in parse
    loader.exec_module(new_module)
  File "<frozen importlib._bootstrap_external>", line 843, in exec_module
  File "<frozen importlib._bootstrap>", line 219, in _call_with_frames_removed
  File "/opt/airflow/dags/airflow.py", line 23, in <module>
    from data_preprocessing_scripts.preprocessing import preprocess_data
ModuleNotFoundError: No module named 'data_preprocessing_scripts'
[2026-08-14T01:08:54.631+0000] {processor.py:841} WARNING - No viable dags retrieved from /opt/airflow/dags/airflow.py
[2026-08-14T01:08:54.638+0000] {processor.py:179} INFO - Processing /opt/airflow/dags/airflow.py took 0.083 seconds
[2026-08-14T01:09:24.839+0000] {processor.py:157} INFO - Started process (PID=11760) to work on /opt/airflow/dags/airflow.py
[2026-08-14T01:09:24.839+0000] {processor.py:829} INFO - Processing file /opt/airflow/dags/airflow.py for tasks to queue
[2026-08-14T01:09:24.841+0000] {logging_mixin.py:151} INFO - [2026-08-14T01:09:24.841+0000] {dagbag.py:536} INFO - Filling up the DagBag from /opt/airflow/dags/airflow.py
[2026-08-14T01:09:24.906+0000] {logging_mixin.py:151} INFO - [2026-08-14T01:09:24.905+0000] {dagbag.py:346} ERROR - Failed to import: /opt/airflow/dags/airflow.py
Traceback (most recent call last):
  File "/home/airflow/.local/lib/python3.8/site-packages/airflow/models/dagbag.py", line 342, in parse
    loader.exec_module(new_module)
  File "<frozen importlib._bootstrap_external>", line 843, in exec_module
  File "<frozen importlib._bootstrap>", line 219, in _call_with_frames_removed
  File "/opt/airflow/dags/airflow.py", line 23, in <module>
    from data_preprocessing_scripts.preprocessing import preprocess_data
ModuleNotFoundError: No module named 'data_preprocessing_scripts'
[2026-08-14T01:09:24.906+0000] {processor.py:841} WARNING - No viable dags retrieved from /opt/airflow/dags/airflow.py
[2026-08-14T01:09:24.914+0000] {processor.py:179} INFO - Processing /opt/airflow/dags/airflow.py took 0.078 seconds
[2026-08-14T01:09:55.099+0000] {processor.py:157} INFO - Started process (PID=11768) to work on /opt/airflow/dags/airflow.py
[2026-08-14T01:09:55.101+0000] {processor.py:829} INFO - Processing file /opt/airflow/dags/airflow.py for tasks to queue
[2026-08-14T01:09:55.103+0000] {logging_mixin.py:151} INFO - [2026-08-14T01:09:55.103+0000] {dagbag.py:536} INFO - Filling up the DagBag from /opt/airflow/dags/airflow.py
[2026-08-14T01:09:55.174+0000] {logging_mixin.py:151} INFO - [2026-08-14T01:09:55.173+0000] {dagbag.py:346} ERROR - Failed to import: /opt/airflow/dags/airflow.py
Traceback (most recent call last):
  File "/home/airflow/.local/lib/python3.8/site-packages/airflow/models/dagbag.py", line 342, in parse
    loader.exec_module(new_module)
  File "<frozen importlib._bootstrap_external>", line 843, in exec_module
  File "<frozen importlib._bootstrap>", line 219, in _call_with_frames_removed
  File "/opt/airflow/dags/airflow.py", line 23, in <module>
    from data_preprocessing_scripts.preprocessing import preprocess_data
ModuleNotFoundError: No module named 'data_preprocessing_scripts'
[2026-08-14T01:09:55.174+0000] {processor.py:841} WARNING - No viable dags retrieved from /opt/airflow/dags/airflow.py
[2026-08-14T01:09:55.183+0000] {processor.py:179} INFO - Processing /opt/airflow/dags/airflow.py took 0.087 seconds
[2026-08-14T01:10:25.424+0000] {processor.py:157} INFO - Started process (PID=11776) to work on /opt/airflow/dags/airflow.py
[2026-08-14T01:10:25.425+0000] {processor.py:829} INFO - Processing file /opt/airflow/dags/airflow.py for tasks to queue
[2026-08-14T01:10:25.427+0000] {logging_mixin.py:151} INFO - [2026-08-14T01:10:25.426+0000] {dagbag.py:536} INFO - Filling up the DagBag from /opt/airflow/dags/airflow.py
[2026-08-14T01:10:25.489+0000] {logging_mixin.py:151} INFO - [2026-08-14T01:10:25.489+0000] {dagbag.py:346} ERROR - Failed to import: /opt/airflow/dags/airflow.py
Traceback (most recent call last):
  File "/home/airflow/.local/lib/python3.8/site-packages/airflow/models/dagbag.py", line 342, in parse
    loader.exec_module(new_module)
  File "<frozen importlib._bootstrap_external>", line 843, in exec_module
  File "<frozen importlib._bootstrap>", line 219, in _call_with_frames_removed
  File "/opt/airflow/dags/airflow.py", line 23, in <module>
    from data_preprocessing_scripts.preprocessing import preprocess_data
ModuleNotFoundError: No module named 'data_preprocessing_scripts'
[2026-08-14T01:10:25.489+0000] {processor.py:841} WARNING - No viable dags retrieved from /opt/airflow/dags/airflow.py
[2026-08-14T01:10:25.497+0000] {processor.py:179} INFO - Processing /opt/airflow/dags/airflow.py took 0.076 seconds
[2026-08-14T01:10:55.746+0000] {processor.py:157} INFO - Started process (PID=11784) to work on /opt/airflow/dags/airflow.py
[2026-08-14T01:10:55.747+0000] {processor.py:829} INFO - Processing file /opt/airflow/dags/airflow.py for tasks to queue
[2026-08-14T01:10:55.749+0000] {logging_mixin.py:151} INFO - [2026-08-14T01:10:55.749+0000] {dagbag.py:536} INFO - Filling up the DagBag from /opt/airflow/dags/airflow.py
[2026-08-14T01:10:55.815+0000] {logging_mixin.py:151} INFO - [2026-08-14T01:10:55.815+0000] {dagbag.py:346} ERROR - Failed to import: /opt/airflow/dags/airflow.py
Traceback (most recent call last):
  File "/home/airflow/.local/lib/python3.8/site-packages/airflow/models/dagbag.py", line 342, in parse
    loader.exec_module(new_module)
  File "<frozen importlib._bootstrap_external>", line 843, in exec_module
  File "<frozen importlib._bootstrap>", line 219, in _call_with_frames_removed
  File "/opt/airflow/dags/airflow.py", line 23, in <module>
    from data_preprocessing_scripts.preprocessing import preprocess_data
ModuleNotFoundError: No module named 'data_preprocessing_scripts'
[2026-08-14T01:10:55.816+0000] {processor.py:841} WARNING - No viable dags retrieved from /opt/airflow/dags/airflow.py
[2026-08-14T01:10:55.824+0000] {processor.py:179} INFO - Processing /opt/airflow/dags/airflow.py took 0.082 seconds
[2026-08-14T01:11:26.082+0000] {processor.py:157} INFO - Started process (PID=11792) to work on /opt/airflow/dags/airflow.py
[2026-08-14T01:11:26.083+0000] {processor.py:829} INFO - Processing file /opt/airflow/dags/airflow.py for tasks to queue
[2026-08-14T01:11:26.088+0000] {logging_mixin.py:151} INFO - [2026-08-14T01:11:26.088+0000] {dagbag.py:536} INFO - Filling up the DagBag from /opt/airflow/dags/airflow.py
[2026-08-14T01:11:26.158+0000] {logging_mixin.py:151} INFO - [2026-08-14T01:11:26.158+0000] {dagbag.py:346} ERROR - Failed to import: /opt/airflow/dags/airflow.py
Traceback (most recent call last):
  File "/home/airflow/.local/lib/python3.8/site-packages/airflow/models/dagbag.py", line 342, in parse
    loader.exec_module(new_module)
  File "<frozen importlib._bootstrap_external>", line 843, in exec_module
  File "<frozen importlib._bootstrap>", line 219, in _call_with_frames_removed
  File "/opt/airflow/dags/airflow.py", line 23, in <module>
    from data_preprocessing_scripts.preprocessing import preprocess_data
ModuleNotFoundError: No module named 'data_preprocessing_scripts'
[2026-08-14T01:11:26.159+0000] {processor.py:841} WARNING - No viable dags retrieved from /opt/airflow/dags/airflow.py
[2026-08-14T01:11:26.166+0000] {processor.py:179} INFO - Processing /opt/airflow/dags/airflow.py took 0.089 seconds
[2026-08-14T01:11:56.393+0000] {processor.py:157} INFO - Started process (PID=11800) to work on /opt/airflow/dags/airflow.py
[2026-08-14T01:11:56.394+0000] {processor.py:829} INFO - Processing file /opt/airflow/dags/airflow.py for tasks to queue
[2026-08-14T01:11:56.395+0000] {logging_mixin.py:151} INFO - [2026-08-14T01:11:56.395+0000] {dagbag.py:536} INFO - Filling up the DagBag from /opt/airflow/dags/airflow.py
[2026-08-14T01:11:56.455+0000] {logging_mixin.py:151} INFO - [2026-08-14T01:11:56.454+0000] {dagbag.py:346} ERROR - Failed to import: /opt/airflow/dags/airflow.py
Traceback (most recent call last):
  File "/home/airflow/.local/lib/python3.8/site-packages/airflow/models/dagbag.py", line 342, in parse
    loader.exec_module(new_module)
  File "<frozen importlib._bootstrap_external>", line 843, in exec_module
  File "<frozen importlib._bootstrap>", line 219, in _call_with_frames_removed
  File "/opt/airflow/dags/airflow.py", line 23, in <module>
    from data_preprocessing_scripts.preprocessing import preprocess_data
ModuleNotFoundError: No module named 'data_preprocessing_scripts'
[2026-08-14T01:11:56.455+0000] {processor.py:841} WARNING - No viable dags retrieved from /opt/airflow/dags/airflow.py
[2026-08-14T01:11:56.463+0000] {processor.py:179} INFO - Processing /opt/airflow/dags/airflow.py took 0.072 seconds
[2026-08-14T01:12:26.725+0000] {processor.py:157} INFO - Started process (PID=11808) to work on /opt/airflow/dags/airflow.py
[2026-08-14T01:12:26.725+0000] {processor.py:829} INFO - Processing file /opt/airflow/dags/airflow.py for tasks to queue
[2026-08-14T01:12:26.729+0000] {logging_mixin.py:151} INFO - [2026-08-14T01:12:26.729+0000] {dagbag.py:536} INFO - Filling up the DagBag from /opt/airflow/dags/airflow.py
[2026-08-14T01:12:26.796+0000] {logging_mixin.py:151} INFO - [2026-08-14T01:12:26.796+0000] {dagbag.py:346} ERROR - Failed to import: /opt/airflow/dags/airflow.py
Traceback (most recent call last):
  File "/home/airflow/.local/lib/python3.8/site-packages/airflow/models/dagbag.py", line 342, in parse
    loader.exec_module(new_module)
  File "<frozen importlib._bootstrap_external>", line 843, in exec_module
  File "<frozen importlib._bootstrap>", line 219, in _call_with_frames_removed
  File "/opt/airflow/dags/airflow.py", line 23, in <module>
    from data_preprocessing_scripts.preprocessing import preprocess_data
ModuleNotFoundError: No module named 'data_preprocessing_scripts'
[2026-08-14T01:12:26.797+0000] {processor.py:841} WARNING - No viable dags retrieved from /opt/airflow/dags/airflow.py
[2026-08-14T01:12:26.805+0000] {processor.py:179} INFO - Processing /opt/airflow/dags/airflow.py took 0.083 seconds
[2026-08-14T01:12:57.043+0000] {processor.py:157} INFO - Started process (PID=11816) to work on /opt/airflow/dags/airflow.py
[2026-08-14T01:12:57.043+0000] {processor.py:829} INFO - Processing file /opt/airflow/dags/airflow.py for tasks to queue
[2026-08-14T01:12:57.046+0000] {logging_mixin.py:151} INFO - [2026-08-14T01:12:57.045+0000] {dagbag.py:536} INFO - Filling up the DagBag from /opt/airflow/dags/airflow.py
[2026-08-14T01:12:57.110+0000] {logging_mixin.py:151} INFO - [2026-08-14T01:12:57.109+0000] {dagbag.py:346} ERROR - Failed to import: /opt/airflow/dags/airflow.py
Traceback (most recent call last):
  File "/home/airflow/.local/lib/python3.8/site-packages/airflow/models/dagbag.py", line 342, in parse
    loader.exec_module(new_module)
  File "<frozen importlib._bootstrap_external>", line 843, in exec_module
  File "<frozen importlib._bootstrap>", line 219, in _call_with_frames_removed
  File "/opt/airflow/dags/airflow.py", line 23, in <module>
    from data_preprocessing_scripts.preprocessing import preprocess_data
ModuleNotFoundError: No module named 'data_preprocessing_scripts'
[2026-08-14T01:12:57.110+0000] {processor.py:841} WARNING - No viable dags retrieved from /opt/airflow/dags/airflow.py
[2026-08-14T01:12:57.118+0000] {processor.py:179} INFO - Processing /opt/airflow/dags/airflow.py took 0.078 seconds
[2026-08-14T01:13:27.316+0000] {processor.py:157} INFO - Started process (PID=11824) to work on /opt/airflow/dags/airflow.py
[2026-08-14T01:13:27.317+0000] {processor.py:829} INFO - Processing file /opt/airflow/dags/airflow.py for tasks to queue
[2026-08-14T01:13:27.320+0000] {logging_mixin.py:151} INFO - [2026-08-14T01:13:27.319+0000] {dagbag.py:536} INFO - Filling up the DagBag from /opt/airflow/dags/airflow.py
[2026-08-14T01:13:27.384+0000] {logging_mixin.py:151} INFO - [2026-08-14T01:13:27.383+0000] {dagbag.py:346} ERROR - Failed to import: /opt/airflow/dags/airflow.py
Traceback (most recent call last):
  File "/home/airflow/.local/lib/python3.8/site-packages/airflow/models/dagbag.py", line 342, in parse
    loader.exec_module(new_module)
  File "<frozen importlib._bootstrap_external>", line 843, in exec_module
  File "<frozen importlib._bootstrap>", line 219, in _call_with_frames_removed
  File "/opt/airflow/dags/airflow.py", line 23, in <module>
    from data_preprocessing_scripts.preprocessing import preprocess_data
ModuleNotFoundError: No module named 'data_preprocessing_scripts'
[2026-08-14T01:13:27.384+0000] {processor.py:841} WARNING - No viable dags retrieved from /opt/airflow/dags/airflow.py
[2026-08-14T01:13:27.391+0000] {processor.py:179} INFO - Processing /opt/airflow/dags/airflow.py took 0.078 seconds
[2026-08-14T01:13:57.656+0000] {processor.py:157} INFO - Started process (PID=11831) to work on /opt/airflow/dags/airflow.py
[2026-08-14T01:13:57.658+0000] {processor.py:829} INFO - Processing file /opt/airflow/dags/airflow.py for tasks to queue
[2026-08-14T01:13:57.660+0000] {logging_mixin.py:151} INFO - [2026-08-14T01:13:57.660+0000] {dagbag.py:536} INFO - Filling up the DagBag from /opt/airflow/dags/airflow.py
[2026-08-14T01:13:57.725+0000] {logging_mixin.py:151} INFO - [2026-08-14T01:13:57.725+0000] {dagbag.py:346} ERROR - Failed to import: /opt/airflow/dags/airflow.py
Traceback (most recent call last):
  File "/home/airflow/.local/lib/python3.8/site-packages/airflow/models/dagbag.py", line 342, in parse
    loader.exec_module(new_module)
  File "<frozen importlib._bootstrap_external>", line 843, in exec_module
  File "<frozen importlib._bootstrap>", line 219, in _call_with_frames_removed
  File "/opt/airflow/dags/airflow.py", line 23, in <module>
    from data_preprocessing_scripts.preprocessing import preprocess_data
ModuleNotFoundError: No module named 'data_preprocessing_scripts'
[2026-08-14T01:13:57.725+0000] {processor.py:841} WARNING - No viable dags retrieved from /opt/airflow/dags/airflow.py
[2026-08-14T01:13:57.732+0000] {processor.py:179} INFO - Processing /opt/airflow/dags/airflow.py took 0.080 seconds
[2026-08-14T01:14:28.009+0000] {processor.py:157} INFO - Started process (PID=11839) to work on /opt/airflow/dags/airflow.py
[2026-08-14T01:14:28.010+0000] {processor.py:829} INFO - Processing file /opt/airflow/dags/airflow.py for tasks to queue
[2026-08-14T01:14:28.012+0000] {logging_mixin.py:151} INFO - [2026-08-14T01:14:28.011+0000] {dagbag.py:536} INFO - Filling up the DagBag from /opt/airflow/dags/airflow.py
[2026-08-14T01:14:28.073+0000] {logging_mixin.py:151} INFO - [2026-08-14T01:14:28.073+0000] {dagbag.py:346} ERROR - Failed to import: /opt/airflow/dags/airflow.py
Traceback (most recent call last):
  File "/home/airflow/.local/lib/python3.8/site-packages/airflow/models/dagbag.py", line 342, in parse
    loader.exec_module(new_module)
  File "<frozen importlib._bootstrap_external>", line 843, in exec_module
  File "<frozen importlib._bootstrap>", line 219, in _call_with_frames_removed
  File "/opt/airflow/dags/airflow.py", line 23, in <module>
    from data_preprocessing_scripts.preprocessing import preprocess_data
ModuleNotFoundError: No module named 'data_preprocessing_scripts'
[2026-08-14T01:14:28.073+0000] {processor.py:841} WARNING - No viable dags retrieved from /opt/airflow/dags/airflow.py
[2026-08-14T01:14:28.081+0000] {processor.py:179} INFO - Processing /opt/airflow/dags/airflow.py took 0.075 seconds
[2026-08-14T01:14:58.333+0000] {processor.py:157} INFO - Started process (PID=11847) to work on /opt/airflow/dags/airflow.py
[2026-08-14T01:14:58.335+0000] {processor.py:829} INFO - Processing file /opt/airflow/dags/airflow.py for tasks to queue
[2026-08-14T01:14:58.336+0000] {logging_mixin.py:151} INFO - [2026-08-14T01:14:58.336+0000] {dagbag.py:536} INFO - Filling up the DagBag from /opt/airflow/dags/airflow.py
[2026-08-14T01:14:58.396+0000] {logging_mixin.py:151} INFO - [2026-08-14T01:14:58.396+0000] {dagbag.py:346} ERROR - Failed to import: /opt/airflow/dags/airflow.py
Traceback (most recent call last):
  File "/home/airflow/.local/lib/python3.8/site-packages/airflow/models/dagbag.py", line 342, in parse
    loader.exec_module(new_module)
  File "<frozen importlib._bootstrap_external>", line 843, in exec_module
  File "<frozen importlib._bootstrap>", line 219, in _call_with_frames_removed
  File "/opt/airflow/dags/airflow.py", line 23, in <module>
    from data_preprocessing_scripts.preprocessing import preprocess_data
ModuleNotFoundError: No module named 'data_preprocessing_scripts'
[2026-08-14T01:14:58.397+0000] {processor.py:841} WARNING - No viable dags retrieved from /opt/airflow/dags/airflow.py
[2026-08-14T01:14:58.404+0000] {processor.py:179} INFO - Processing /opt/airflow/dags/airflow.py took 0.075 seconds
[2026-08-14T01:15:28.664+0000] {processor.py:157} INFO - Started process (PID=11855) to work on /opt/airflow/dags/airflow.py
[2026-08-14T01:15:28.665+0000] {processor.py:829} INFO - Processing file /opt/airflow/dags/airflow.py for tasks to queue
[2026-08-14T01:15:28.667+0000] {logging_mixin.py:151} INFO - [2026-08-14T01:15:28.667+0000] {dagbag.py:536} INFO - Filling up the DagBag from /opt/airflow/dags/airflow.py
[2026-08-14T01:15:28.727+0000] {logging_mixin.py:151} INFO - [2026-08-14T01:15:28.727+0000] {dagbag.py:346} ERROR - Failed to import: /opt/airflow/dags/airflow.py
Traceback (most recent call last):
  File "/home/airflow/.local/lib/python3.8/site-packages/airflow/models/dagbag.py", line 342, in parse
    loader.exec_module(new_module)
  File "<frozen importlib._bootstrap_external>", line 843, in exec_module
  File "<frozen importlib._bootstrap>", line 219, in _call_with_frames_removed
  File "/opt/airflow/dags/airflow.py", line 23, in <module>
    from data_preprocessing_scripts.preprocessing import preprocess_data
ModuleNotFoundError: No module named 'data_preprocessing_scripts'
[2026-08-14T01:15:28.728+0000] {processor.py:841} WARNING - No viable dags retrieved from /opt/airflow/dags/airflow.py
[2026-08-14T01:15:28.735+0000] {processor.py:179} INFO - Processing /opt/airflow/dags/airflow.py took 0.073 seconds
[2026-08-14T01:15:58.985+0000] {processor.py:157} INFO - Started process (PID=11863) to work on /opt/airflow/dags/airflow.py
[2026-08-14T01:15:58.987+0000] {processor.py:829} INFO - Processing file /opt/airflow/dags/airflow.py for tasks to queue
[2026-08-14T01:15:58.989+0000] {logging_mixin.py:151} INFO - [2026-08-14T01:15:58.989+0000] {dagbag.py:536} INFO - Filling up the DagBag from /opt/airflow/dags/airflow.py
[2026-08-14T01:15:59.055+0000] {logging_mixin.py:151} INFO - [2026-08-14T01:15:59.054+0000] {dagbag.py:346} ERROR - Failed to import: /opt/airflow/dags/airflow.py
Traceback (most recent call last):
  File "/home/airflow/.local/lib/python3.8/site-packages/airflow/models/dagbag.py", line 342, in parse
    loader.exec_module(new_module)
  File "<frozen importlib._bootstrap_external>", line 843, in exec_module
  File "<frozen importlib._bootstrap>", line 219, in _call_with_frames_removed
  File "/opt/airflow/dags/airflow.py", line 23, in <module>
    from data_preprocessing_scripts.preprocessing import preprocess_data
ModuleNotFoundError: No module named 'data_preprocessing_scripts'
[2026-08-14T01:15:59.055+0000] {processor.py:841} WARNING - No viable dags retrieved from /opt/airflow/dags/airflow.py
[2026-08-14T01:15:59.063+0000] {processor.py:179} INFO - Processing /opt/airflow/dags/airflow.py took 0.081 seconds
[2026-08-14T01:16:29.336+0000] {processor.py:157} INFO - Started process (PID=11871) to work on /opt/airflow/dags/airflow.py
[2026-08-14T01:16:29.337+0000] {processor.py:829} INFO - Processing file /opt/airflow/dags/airflow.py for tasks to queue
[2026-08-14T01:16:29.339+0000] {logging_mixin.py:151} INFO - [2026-08-14T01:16:29.339+0000] {dagbag.py:536} INFO - Filling up the DagBag from /opt/airflow/dags/airflow.py
[2026-08-14T01:16:29.401+0000] {logging_mixin.py:151} INFO - [2026-08-14T01:16:29.401+0000] {dagbag.py:346} ERROR - Failed to import: /opt/airflow/dags/airflow.py
Traceback (most recent call last):
  File "/home/airflow/.local/lib/python3.8/site-packages/airflow/models/dagbag.py", line 342, in parse
    loader.exec_module(new_module)
  File "<frozen importlib._bootstrap_external>", line 843, in exec_module
  File "<frozen importlib._bootstrap>", line 219, in _call_with_frames_removed
  File "/opt/airflow/dags/airflow.py", line 23, in <module>
    from data_preprocessing_scripts.preprocessing import preprocess_data
ModuleNotFoundError: No module named 'data_preprocessing_scripts'
[2026-08-14T01:16:29.402+0000] {processor.py:841} WARNING - No viable dags retrieved from /opt/airflow/dags/airflow.py
[2026-08-14T01:16:29.409+0000] {processor.py:179} INFO - Processing /opt/airflow/dags/airflow.py took 0.076 seconds
[2026-08-14T01:16:59.658+0000] {processor.py:157} INFO - Started process (PID=11879) to work on /opt/airflow/dags/airflow.py
[2026-08-14T01:16:59.659+0000] {processor.py:829} INFO - Processing file /opt/airflow/dags/airflow.py for tasks to queue
[2026-08-14T01:16:59.663+0000] {logging_mixin.py:151} INFO - [2026-08-14T01:16:59.661+0000] {dagbag.py:536} INFO - Filling up the DagBag from /opt/airflow/dags/airflow.py
[2026-08-14T01:16:59.727+0000] {logging_mixin.py:151} INFO - [2026-08-14T01:16:59.726+0000] {dagbag.py:346} ERROR - Failed to import: /opt/airflow/dags/airflow.py
Traceback (most recent call last):
  File "/home/airflow/.local/lib/python3.8/site-packages/airflow/models/dagbag.py", line 342, in parse
    loader.exec_module(new_module)
  File "<frozen importlib._bootstrap_external>", line 843, in exec_module
  File "<frozen importlib._bootstrap>", line 219, in _call_with_frames_removed
  File "/opt/airflow/dags/airflow.py", line 23, in <module>
    from data_preprocessing_scripts.preprocessing import preprocess_data
ModuleNotFoundError: No module named 'data_preprocessing_scripts'
[2026-08-14T01:16:59.727+0000] {processor.py:841} WARNING - No viable dags retrieved from /opt/airflow/dags/airflow.py
[2026-08-14T01:16:59.734+0000] {processor.py:179} INFO - Processing /opt/airflow/dags/airflow.py took 0.080 seconds
[2026-08-14T01:17:30.027+0000] {processor.py:157} INFO - Started process (PID=11887) to work on /opt/airflow/dags/airflow.py
[2026-08-14T01:17:30.028+0000] {processor.py:829} INFO - Processing file /opt/airflow/dags/airflow.py for tasks to queue
[2026-08-14T01:17:30.031+0000] {logging_mixin.py:151} INFO - [2026-08-14T01:17:30.029+0000] {dagbag.py:536} INFO - Filling up the DagBag from /opt/airflow/dags/airflow.py
[2026-08-14T01:17:30.088+0000] {logging_mixin.py:151} INFO - [2026-08-14T01:17:30.087+0000] {dagbag.py:346} ERROR - Failed to import: /opt/airflow/dags/airflow.py
Traceback (most recent call last):
  File "/home/airflow/.local/lib/python3.8/site-packages/airflow/models/dagbag.py", line 342, in parse
    loader.exec_module(new_module)
  File "<frozen importlib._bootstrap_external>", line 843, in exec_module
  File "<frozen importlib._bootstrap>", line 219, in _call_with_frames_removed
  File "/opt/airflow/dags/airflow.py", line 23, in <module>
    from data_preprocessing_scripts.preprocessing import preprocess_data
ModuleNotFoundError: No module named 'data_preprocessing_scripts'
[2026-08-14T01:17:30.088+0000] {processor.py:841} WARNING - No viable dags retrieved from /opt/airflow/dags/airflow.py
[2026-08-14T01:17:30.096+0000] {processor.py:179} INFO - Processing /opt/airflow/dags/airflow.py took 0.072 seconds
[2026-08-14T01:18:00.328+0000] {processor.py:157} INFO - Started process (PID=11895) to work on /opt/airflow/dags/airflow.py
[2026-08-14T01:18:00.329+0000] {processor.py:829} INFO - Processing file /opt/airflow/dags/airflow.py for tasks to queue
[2026-08-14T01:18:00.331+0000] {logging_mixin.py:151} INFO - [2026-08-14T01:18:00.331+0000] {dagbag.py:536} INFO - Filling up the DagBag from /opt/airflow/dags/airflow.py
[2026-08-14T01:18:00.397+0000] {logging_mixin.py:151} INFO - [2026-08-14T01:18:00.396+0000] {dagbag.py:346} ERROR - Failed to import: /opt/airflow/dags/airflow.py
Traceback (most recent call last):
  File "/home/airflow/.local/lib/python3.8/site-packages/airflow/models/dagbag.py", line 342, in parse
    loader.exec_module(new_module)
  File "<frozen importlib._bootstrap_external>", line 843, in exec_module
  File "<frozen importlib._bootstrap>", line 219, in _call_with_frames_removed
  File "/opt/airflow/dags/airflow.py", line 23, in <module>
    from data_preprocessing_scripts.preprocessing import preprocess_data
ModuleNotFoundError: No module named 'data_preprocessing_scripts'
[2026-08-14T01:18:00.397+0000] {processor.py:841} WARNING - No viable dags retrieved from /opt/airflow/dags/airflow.py
[2026-08-14T01:18:00.405+0000] {processor.py:179} INFO - Processing /opt/airflow/dags/airflow.py took 0.080 seconds
[2026-08-14T01:18:30.582+0000] {processor.py:157} INFO - Started process (PID=11903) to work on /opt/airflow/dags/airflow.py
[2026-08-14T01:18:30.583+0000] {processor.py:829} INFO - Processing file /opt/airflow/dags/airflow.py for tasks to queue
[2026-08-14T01:18:30.584+0000] {logging_mixin.py:151} INFO - [2026-08-14T01:18:30.584+0000] {dagbag.py:536} INFO - Filling up the DagBag from /opt/airflow/dags/airflow.py
[2026-08-14T01:18:30.644+0000] {logging_mixin.py:151} INFO - [2026-08-14T01:18:30.644+0000] {dagbag.py:346} ERROR - Failed to import: /opt/airflow/dags/airflow.py
Traceback (most recent call last):
  File "/home/airflow/.local/lib/python3.8/site-packages/airflow/models/dagbag.py", line 342, in parse
    loader.exec_module(new_module)
  File "<frozen importlib._bootstrap_external>", line 843, in exec_module
  File "<frozen importlib._bootstrap>", line 219, in _call_with_frames_removed
  File "/opt/airflow/dags/airflow.py", line 23, in <module>
    from data_preprocessing_scripts.preprocessing import preprocess_data
ModuleNotFoundError: No module named 'data_preprocessing_scripts'
[2026-08-14T01:18:30.644+0000] {processor.py:841} WARNING - No viable dags retrieved from /opt/airflow/dags/airflow.py
[2026-08-14T01:18:30.652+0000] {processor.py:179} INFO - Processing /opt/airflow/dags/airflow.py took 0.072 seconds
[2026-08-14T01:19:00.890+0000] {processor.py:157} INFO - Started process (PID=11911) to work on /opt/airflow/dags/airflow.py
[2026-08-14T01:19:00.891+0000] {processor.py:829} INFO - Processing file /opt/airflow/dags/airflow.py for tasks to queue
[2026-08-14T01:19:00.893+0000] {logging_mixin.py:151} INFO - [2026-08-14T01:19:00.893+0000] {dagbag.py:536} INFO - Filling up the DagBag from /opt/airflow/dags/airflow.py
[2026-08-14T01:19:00.957+0000] {logging_mixin.py:151} INFO - [2026-08-14T01:19:00.957+0000] {dagbag.py:346} ERROR - Failed to import: /opt/airflow/dags/airflow.py
Traceback (most recent call last):
  File "/home/airflow/.local/lib/python3.8/site-packages/airflow/models/dagbag.py", line 342, in parse
    loader.exec_module(new_module)
  File "<frozen importlib._bootstrap_external>", line 843, in exec_module
  File "<frozen importlib._bootstrap>", line 219, in _call_with_frames_removed
  File "/opt/airflow/dags/airflow.py", line 23, in <module>
    from data_preprocessing_scripts.preprocessing import preprocess_data
ModuleNotFoundError: No module named 'data_preprocessing_scripts'
[2026-08-14T01:19:00.958+0000] {processor.py:841} WARNING - No viable dags retrieved from /opt/airflow/dags/airflow.py
[2026-08-14T01:19:00.965+0000] {processor.py:179} INFO - Processing /opt/airflow/dags/airflow.py took 0.078 seconds
[2026-08-14T01:19:31.215+0000] {processor.py:157} INFO - Started process (PID=11919) to work on /opt/airflow/dags/airflow.py
[2026-08-14T01:19:31.216+0000] {processor.py:829} INFO - Processing file /opt/airflow/dags/airflow.py for tasks to queue
[2026-08-14T01:19:31.218+0000] {logging_mixin.py:151} INFO - [2026-08-14T01:19:31.218+0000] {dagbag.py:536} INFO - Filling up the DagBag from /opt/airflow/dags/airflow.py
[2026-08-14T01:19:31.282+0000] {logging_mixin.py:151} INFO - [2026-08-14T01:19:31.281+0000] {dagbag.py:346} ERROR - Failed to import: /opt/airflow/dags/airflow.py
Traceback (most recent call last):
  File "/home/airflow/.local/lib/python3.8/site-packages/airflow/models/dagbag.py", line 342, in parse
    loader.exec_module(new_module)
  File "<frozen importlib._bootstrap_external>", line 843, in exec_module
  File "<frozen importlib._bootstrap>", line 219, in _call_with_frames_removed
  File "/opt/airflow/dags/airflow.py", line 23, in <module>
    from data_preprocessing_scripts.preprocessing import preprocess_data
ModuleNotFoundError: No module named 'data_preprocessing_scripts'
[2026-08-14T01:19:31.282+0000] {processor.py:841} WARNING - No viable dags retrieved from /opt/airflow/dags/airflow.py
[2026-08-14T01:19:31.290+0000] {processor.py:179} INFO - Processing /opt/airflow/dags/airflow.py took 0.078 seconds
[2026-08-14T01:20:01.528+0000] {processor.py:157} INFO - Started process (PID=11927) to work on /opt/airflow/dags/airflow.py
[2026-08-14T01:20:01.529+0000] {processor.py:829} INFO - Processing file /opt/airflow/dags/airflow.py for tasks to queue
[2026-08-14T01:20:01.531+0000] {logging_mixin.py:151} INFO - [2026-08-14T01:20:01.530+0000] {dagbag.py:536} INFO - Filling up the DagBag from /opt/airflow/dags/airflow.py
[2026-08-14T01:20:01.585+0000] {logging_mixin.py:151} INFO - [2026-08-14T01:20:01.584+0000] {dagbag.py:346} ERROR - Failed to import: /opt/airflow/dags/airflow.py
Traceback (most recent call last):
  File "/home/airflow/.local/lib/python3.8/site-packages/airflow/models/dagbag.py", line 342, in parse
    loader.exec_module(new_module)
  File "<frozen importlib._bootstrap_external>", line 843, in exec_module
  File "<frozen importlib._bootstrap>", line 219, in _call_with_frames_removed
  File "/opt/airflow/dags/airflow.py", line 23, in <module>
    from data_preprocessing_scripts.preprocessing import preprocess_data
ModuleNotFoundError: No module named 'data_preprocessing_scripts'
[2026-08-14T01:20:01.585+0000] {processor.py:841} WARNING - No viable dags retrieved from /opt/airflow/dags/airflow.py
[2026-08-14T01:20:01.593+0000] {processor.py:179} INFO - Processing /opt/airflow/dags/airflow.py took 0.067 seconds
[2026-08-14T01:20:31.838+0000] {processor.py:157} INFO - Started process (PID=11935) to work on /opt/airflow/dags/airflow.py
[2026-08-14T01:20:31.839+0000] {processor.py:829} INFO - Processing file /opt/airflow/dags/airflow.py for tasks to queue
[2026-08-14T01:20:31.841+0000] {logging_mixin.py:151} INFO - [2026-08-14T01:20:31.840+0000] {dagbag.py:536} INFO - Filling up the DagBag from /opt/airflow/dags/airflow.py
[2026-08-14T01:20:31.903+0000] {logging_mixin.py:151} INFO - [2026-08-14T01:20:31.902+0000] {dagbag.py:346} ERROR - Failed to import: /opt/airflow/dags/airflow.py
Traceback (most recent call last):
  File "/home/airflow/.local/lib/python3.8/site-packages/airflow/models/dagbag.py", line 342, in parse
    loader.exec_module(new_module)
  File "<frozen importlib._bootstrap_external>", line 843, in exec_module
  File "<frozen importlib._bootstrap>", line 219, in _call_with_frames_removed
  File "/opt/airflow/dags/airflow.py", line 23, in <module>
    from data_preprocessing_scripts.preprocessing import preprocess_data
ModuleNotFoundError: No module named 'data_preprocessing_scripts'
[2026-08-14T01:20:31.903+0000] {processor.py:841} WARNING - No viable dags retrieved from /opt/airflow/dags/airflow.py
[2026-08-14T01:20:31.911+0000] {processor.py:179} INFO - Processing /opt/airflow/dags/airflow.py took 0.076 seconds
[2026-08-14T01:21:02.167+0000] {processor.py:157} INFO - Started process (PID=11943) to work on /opt/airflow/dags/airflow.py
[2026-08-14T01:21:02.168+0000] {processor.py:829} INFO - Processing file /opt/airflow/dags/airflow.py for tasks to queue
[2026-08-14T01:21:02.170+0000] {logging_mixin.py:151} INFO - [2026-08-14T01:21:02.169+0000] {dagbag.py:536} INFO - Filling up the DagBag from /opt/airflow/dags/airflow.py
[2026-08-14T01:21:02.237+0000] {logging_mixin.py:151} INFO - [2026-08-14T01:21:02.236+0000] {dagbag.py:346} ERROR - Failed to import: /opt/airflow/dags/airflow.py
Traceback (most recent call last):
  File "/home/airflow/.local/lib/python3.8/site-packages/airflow/models/dagbag.py", line 342, in parse
    loader.exec_module(new_module)
  File "<frozen importlib._bootstrap_external>", line 843, in exec_module
  File "<frozen importlib._bootstrap>", line 219, in _call_with_frames_removed
  File "/opt/airflow/dags/airflow.py", line 23, in <module>
    from data_preprocessing_scripts.preprocessing import preprocess_data
ModuleNotFoundError: No module named 'data_preprocessing_scripts'
[2026-08-14T01:21:02.237+0000] {processor.py:841} WARNING - No viable dags retrieved from /opt/airflow/dags/airflow.py
[2026-08-14T01:21:02.245+0000] {processor.py:179} INFO - Processing /opt/airflow/dags/airflow.py took 0.083 seconds
[2026-08-14T01:21:32.480+0000] {processor.py:157} INFO - Started process (PID=11950) to work on /opt/airflow/dags/airflow.py
[2026-08-14T01:21:32.482+0000] {processor.py:829} INFO - Processing file /opt/airflow/dags/airflow.py for tasks to queue
[2026-08-14T01:21:32.483+0000] {logging_mixin.py:151} INFO - [2026-08-14T01:21:32.483+0000] {dagbag.py:536} INFO - Filling up the DagBag from /opt/airflow/dags/airflow.py
[2026-08-14T01:21:32.545+0000] {logging_mixin.py:151} INFO - [2026-08-14T01:21:32.545+0000] {dagbag.py:346} ERROR - Failed to import: /opt/airflow/dags/airflow.py
Traceback (most recent call last):
  File "/home/airflow/.local/lib/python3.8/site-packages/airflow/models/dagbag.py", line 342, in parse
    loader.exec_module(new_module)
  File "<frozen importlib._bootstrap_external>", line 843, in exec_module
  File "<frozen importlib._bootstrap>", line 219, in _call_with_frames_removed
  File "/opt/airflow/dags/airflow.py", line 23, in <module>
    from data_preprocessing_scripts.preprocessing import preprocess_data
ModuleNotFoundError: No module named 'data_preprocessing_scripts'
[2026-08-14T01:21:32.545+0000] {processor.py:841} WARNING - No viable dags retrieved from /opt/airflow/dags/airflow.py
[2026-08-14T01:21:32.553+0000] {processor.py:179} INFO - Processing /opt/airflow/dags/airflow.py took 0.075 seconds
[2026-08-14T01:22:02.770+0000] {processor.py:157} INFO - Started process (PID=11958) to work on /opt/airflow/dags/airflow.py
[2026-08-14T01:22:02.772+0000] {processor.py:829} INFO - Processing file /opt/airflow/dags/airflow.py for tasks to queue
[2026-08-14T01:22:02.775+0000] {logging_mixin.py:151} INFO - [2026-08-14T01:22:02.775+0000] {dagbag.py:536} INFO - Filling up the DagBag from /opt/airflow/dags/airflow.py
[2026-08-14T01:22:02.837+0000] {logging_mixin.py:151} INFO - [2026-08-14T01:22:02.837+0000] {dagbag.py:346} ERROR - Failed to import: /opt/airflow/dags/airflow.py
Traceback (most recent call last):
  File "/home/airflow/.local/lib/python3.8/site-packages/airflow/models/dagbag.py", line 342, in parse
    loader.exec_module(new_module)
  File "<frozen importlib._bootstrap_external>", line 843, in exec_module
  File "<frozen importlib._bootstrap>", line 219, in _call_with_frames_removed
  File "/opt/airflow/dags/airflow.py", line 23, in <module>
    from data_preprocessing_scripts.preprocessing import preprocess_data
ModuleNotFoundError: No module named 'data_preprocessing_scripts'
[2026-08-14T01:22:02.838+0000] {processor.py:841} WARNING - No viable dags retrieved from /opt/airflow/dags/airflow.py
[2026-08-14T01:22:02.845+0000] {processor.py:179} INFO - Processing /opt/airflow/dags/airflow.py took 0.077 seconds
[2026-08-14T01:22:33.107+0000] {processor.py:157} INFO - Started process (PID=11966) to work on /opt/airflow/dags/airflow.py
[2026-08-14T01:22:33.108+0000] {processor.py:829} INFO - Processing file /opt/airflow/dags/airflow.py for tasks to queue
[2026-08-14T01:22:33.110+0000] {logging_mixin.py:151} INFO - [2026-08-14T01:22:33.110+0000] {dagbag.py:536} INFO - Filling up the DagBag from /opt/airflow/dags/airflow.py
[2026-08-14T01:22:33.176+0000] {logging_mixin.py:151} INFO - [2026-08-14T01:22:33.175+0000] {dagbag.py:346} ERROR - Failed to import: /opt/airflow/dags/airflow.py
Traceback (most recent call last):
  File "/home/airflow/.local/lib/python3.8/site-packages/airflow/models/dagbag.py", line 342, in parse
    loader.exec_module(new_module)
  File "<frozen importlib._bootstrap_external>", line 843, in exec_module
  File "<frozen importlib._bootstrap>", line 219, in _call_with_frames_removed
  File "/opt/airflow/dags/airflow.py", line 23, in <module>
    from data_preprocessing_scripts.preprocessing import preprocess_data
ModuleNotFoundError: No module named 'data_preprocessing_scripts'
[2026-08-14T01:22:33.176+0000] {processor.py:841} WARNING - No viable dags retrieved from /opt/airflow/dags/airflow.py
[2026-08-14T01:22:33.183+0000] {processor.py:179} INFO - Processing /opt/airflow/dags/airflow.py took 0.080 seconds
[2026-08-14T01:23:03.417+0000] {processor.py:157} INFO - Started process (PID=11974) to work on /opt/airflow/dags/airflow.py
[2026-08-14T01:23:03.418+0000] {processor.py:829} INFO - Processing file /opt/airflow/dags/airflow.py for tasks to queue
[2026-08-14T01:23:03.421+0000] {logging_mixin.py:151} INFO - [2026-08-14T01:23:03.420+0000] {dagbag.py:536} INFO - Filling up the DagBag from /opt/airflow/dags/airflow.py
[2026-08-14T01:23:03.485+0000] {logging_mixin.py:151} INFO - [2026-08-14T01:23:03.484+0000] {dagbag.py:346} ERROR - Failed to import: /opt/airflow/dags/airflow.py
Traceback (most recent call last):
  File "/home/airflow/.local/lib/python3.8/site-packages/airflow/models/dagbag.py", line 342, in parse
    loader.exec_module(new_module)
  File "<frozen importlib._bootstrap_external>", line 843, in exec_module
  File "<frozen importlib._bootstrap>", line 219, in _call_with_frames_removed
  File "/opt/airflow/dags/airflow.py", line 23, in <module>
    from data_preprocessing_scripts.preprocessing import preprocess_data
ModuleNotFoundError: No module named 'data_preprocessing_scripts'
[2026-08-14T01:23:03.485+0000] {processor.py:841} WARNING - No viable dags retrieved from /opt/airflow/dags/airflow.py
[2026-08-14T01:23:03.493+0000] {processor.py:179} INFO - Processing /opt/airflow/dags/airflow.py took 0.081 seconds
[2026-08-14T01:23:33.709+0000] {processor.py:157} INFO - Started process (PID=11982) to work on /opt/airflow/dags/airflow.py
[2026-08-14T01:23:33.711+0000] {processor.py:829} INFO - Processing file /opt/airflow/dags/airflow.py for tasks to queue
[2026-08-14T01:23:33.713+0000] {logging_mixin.py:151} INFO - [2026-08-14T01:23:33.713+0000] {dagbag.py:536} INFO - Filling up the DagBag from /opt/airflow/dags/airflow.py
[2026-08-14T01:23:33.778+0000] {logging_mixin.py:151} INFO - [2026-08-14T01:23:33.777+0000] {dagbag.py:346} ERROR - Failed to import: /opt/airflow/dags/airflow.py
Traceback (most recent call last):
  File "/home/airflow/.local/lib/python3.8/site-packages/airflow/models/dagbag.py", line 342, in parse
    loader.exec_module(new_module)
  File "<frozen importlib._bootstrap_external>", line 843, in exec_module
  File "<frozen importlib._bootstrap>", line 219, in _call_with_frames_removed
  File "/opt/airflow/dags/airflow.py", line 23, in <module>
    from data_preprocessing_scripts.preprocessing import preprocess_data
ModuleNotFoundError: No module named 'data_preprocessing_scripts'
[2026-08-14T01:23:33.778+0000] {processor.py:841} WARNING - No viable dags retrieved from /opt/airflow/dags/airflow.py
[2026-08-14T01:23:33.785+0000] {processor.py:179} INFO - Processing /opt/airflow/dags/airflow.py took 0.079 seconds
[2026-08-14T01:24:04.024+0000] {processor.py:157} INFO - Started process (PID=11990) to work on /opt/airflow/dags/airflow.py
[2026-08-14T01:24:04.025+0000] {processor.py:829} INFO - Processing file /opt/airflow/dags/airflow.py for tasks to queue
[2026-08-14T01:24:04.028+0000] {logging_mixin.py:151} INFO - [2026-08-14T01:24:04.027+0000] {dagbag.py:536} INFO - Filling up the DagBag from /opt/airflow/dags/airflow.py
[2026-08-14T01:24:04.095+0000] {logging_mixin.py:151} INFO - [2026-08-14T01:24:04.095+0000] {dagbag.py:346} ERROR - Failed to import: /opt/airflow/dags/airflow.py
Traceback (most recent call last):
  File "/home/airflow/.local/lib/python3.8/site-packages/airflow/models/dagbag.py", line 342, in parse
    loader.exec_module(new_module)
  File "<frozen importlib._bootstrap_external>", line 843, in exec_module
  File "<frozen importlib._bootstrap>", line 219, in _call_with_frames_removed
  File "/opt/airflow/dags/airflow.py", line 23, in <module>
    from data_preprocessing_scripts.preprocessing import preprocess_data
ModuleNotFoundError: No module named 'data_preprocessing_scripts'
[2026-08-14T01:24:04.096+0000] {processor.py:841} WARNING - No viable dags retrieved from /opt/airflow/dags/airflow.py
[2026-08-14T01:24:04.103+0000] {processor.py:179} INFO - Processing /opt/airflow/dags/airflow.py took 0.084 seconds
[2026-08-14T01:24:34.286+0000] {processor.py:157} INFO - Started process (PID=11999) to work on /opt/airflow/dags/airflow.py
[2026-08-14T01:24:34.287+0000] {processor.py:829} INFO - Processing file /opt/airflow/dags/airflow.py for tasks to queue
[2026-08-14T01:24:34.289+0000] {logging_mixin.py:151} INFO - [2026-08-14T01:24:34.289+0000] {dagbag.py:536} INFO - Filling up the DagBag from /opt/airflow/dags/airflow.py
[2026-08-14T01:24:34.360+0000] {logging_mixin.py:151} INFO - [2026-08-14T01:24:34.359+0000] {dagbag.py:346} ERROR - Failed to import: /opt/airflow/dags/airflow.py
Traceback (most recent call last):
  File "/home/airflow/.local/lib/python3.8/site-packages/airflow/models/dagbag.py", line 342, in parse
    loader.exec_module(new_module)
  File "<frozen importlib._bootstrap_external>", line 843, in exec_module
  File "<frozen importlib._bootstrap>", line 219, in _call_with_frames_removed
  File "/opt/airflow/dags/airflow.py", line 23, in <module>
    from data_preprocessing_scripts.preprocessing import preprocess_data
ModuleNotFoundError: No module named 'data_preprocessing_scripts'
[2026-08-14T01:24:34.360+0000] {processor.py:841} WARNING - No viable dags retrieved from /opt/airflow/dags/airflow.py
[2026-08-14T01:24:34.368+0000] {processor.py:179} INFO - Processing /opt/airflow/dags/airflow.py took 0.085 seconds
[2026-08-14T01:25:04.573+0000] {processor.py:157} INFO - Started process (PID=12007) to work on /opt/airflow/dags/airflow.py
[2026-08-14T01:25:04.574+0000] {processor.py:829} INFO - Processing file /opt/airflow/dags/airflow.py for tasks to queue
[2026-08-14T01:25:04.575+0000] {logging_mixin.py:151} INFO - [2026-08-14T01:25:04.575+0000] {dagbag.py:536} INFO - Filling up the DagBag from /opt/airflow/dags/airflow.py
[2026-08-14T01:25:04.638+0000] {logging_mixin.py:151} INFO - [2026-08-14T01:25:04.638+0000] {dagbag.py:346} ERROR - Failed to import: /opt/airflow/dags/airflow.py
Traceback (most recent call last):
  File "/home/airflow/.local/lib/python3.8/site-packages/airflow/models/dagbag.py", line 342, in parse
    loader.exec_module(new_module)
  File "<frozen importlib._bootstrap_external>", line 843, in exec_module
  File "<frozen importlib._bootstrap>", line 219, in _call_with_frames_removed
  File "/opt/airflow/dags/airflow.py", line 23, in <module>
    from data_preprocessing_scripts.preprocessing import preprocess_data
ModuleNotFoundError: No module named 'data_preprocessing_scripts'
[2026-08-14T01:25:04.639+0000] {processor.py:841} WARNING - No viable dags retrieved from /opt/airflow/dags/airflow.py
[2026-08-14T01:25:04.646+0000] {processor.py:179} INFO - Processing /opt/airflow/dags/airflow.py took 0.077 seconds
[2026-08-14T01:25:34.884+0000] {processor.py:157} INFO - Started process (PID=12015) to work on /opt/airflow/dags/airflow.py
[2026-08-14T01:25:34.885+0000] {processor.py:829} INFO - Processing file /opt/airflow/dags/airflow.py for tasks to queue
[2026-08-14T01:25:34.887+0000] {logging_mixin.py:151} INFO - [2026-08-14T01:25:34.887+0000] {dagbag.py:536} INFO - Filling up the DagBag from /opt/airflow/dags/airflow.py
[2026-08-14T01:25:34.949+0000] {logging_mixin.py:151} INFO - [2026-08-14T01:25:34.948+0000] {dagbag.py:346} ERROR - Failed to import: /opt/airflow/dags/airflow.py
Traceback (most recent call last):
  File "/home/airflow/.local/lib/python3.8/site-packages/airflow/models/dagbag.py", line 342, in parse
    loader.exec_module(new_module)
  File "<frozen importlib._bootstrap_external>", line 843, in exec_module
  File "<frozen importlib._bootstrap>", line 219, in _call_with_frames_removed
  File "/opt/airflow/dags/airflow.py", line 23, in <module>
    from data_preprocessing_scripts.preprocessing import preprocess_data
ModuleNotFoundError: No module named 'data_preprocessing_scripts'
[2026-08-14T01:25:34.949+0000] {processor.py:841} WARNING - No viable dags retrieved from /opt/airflow/dags/airflow.py
[2026-08-14T01:25:34.957+0000] {processor.py:179} INFO - Processing /opt/airflow/dags/airflow.py took 0.076 seconds
[2026-08-14T01:26:05.212+0000] {processor.py:157} INFO - Started process (PID=12023) to work on /opt/airflow/dags/airflow.py
[2026-08-14T01:26:05.214+0000] {processor.py:829} INFO - Processing file /opt/airflow/dags/airflow.py for tasks to queue
[2026-08-14T01:26:05.216+0000] {logging_mixin.py:151} INFO - [2026-08-14T01:26:05.216+0000] {dagbag.py:536} INFO - Filling up the DagBag from /opt/airflow/dags/airflow.py
[2026-08-14T01:26:05.278+0000] {logging_mixin.py:151} INFO - [2026-08-14T01:26:05.277+0000] {dagbag.py:346} ERROR - Failed to import: /opt/airflow/dags/airflow.py
Traceback (most recent call last):
  File "/home/airflow/.local/lib/python3.8/site-packages/airflow/models/dagbag.py", line 342, in parse
    loader.exec_module(new_module)
  File "<frozen importlib._bootstrap_external>", line 843, in exec_module
  File "<frozen importlib._bootstrap>", line 219, in _call_with_frames_removed
  File "/opt/airflow/dags/airflow.py", line 23, in <module>
    from data_preprocessing_scripts.preprocessing import preprocess_data
ModuleNotFoundError: No module named 'data_preprocessing_scripts'
[2026-08-14T01:26:05.278+0000] {processor.py:841} WARNING - No viable dags retrieved from /opt/airflow/dags/airflow.py
[2026-08-14T01:26:05.287+0000] {processor.py:179} INFO - Processing /opt/airflow/dags/airflow.py took 0.077 seconds
[2026-08-14T01:26:35.549+0000] {processor.py:157} INFO - Started process (PID=12037) to work on /opt/airflow/dags/airflow.py
[2026-08-14T01:26:35.549+0000] {processor.py:829} INFO - Processing file /opt/airflow/dags/airflow.py for tasks to queue
[2026-08-14T01:26:35.551+0000] {logging_mixin.py:151} INFO - [2026-08-14T01:26:35.551+0000] {dagbag.py:536} INFO - Filling up the DagBag from /opt/airflow/dags/airflow.py
[2026-08-14T01:26:35.609+0000] {logging_mixin.py:151} INFO - [2026-08-14T01:26:35.608+0000] {dagbag.py:346} ERROR - Failed to import: /opt/airflow/dags/airflow.py
Traceback (most recent call last):
  File "/home/airflow/.local/lib/python3.8/site-packages/airflow/models/dagbag.py", line 342, in parse
    loader.exec_module(new_module)
  File "<frozen importlib._bootstrap_external>", line 843, in exec_module
  File "<frozen importlib._bootstrap>", line 219, in _call_with_frames_removed
  File "/opt/airflow/dags/airflow.py", line 23, in <module>
    from data_preprocessing_scripts.preprocessing import preprocess_data
ModuleNotFoundError: No module named 'data_preprocessing_scripts'
[2026-08-14T01:26:35.609+0000] {processor.py:841} WARNING - No viable dags retrieved from /opt/airflow/dags/airflow.py
[2026-08-14T01:26:35.617+0000] {processor.py:179} INFO - Processing /opt/airflow/dags/airflow.py took 0.070 seconds
[2026-08-14T01:27:05.878+0000] {processor.py:157} INFO - Started process (PID=12045) to work on /opt/airflow/dags/airflow.py
[2026-08-14T01:27:05.879+0000] {processor.py:829} INFO - Processing file /opt/airflow/dags/airflow.py for tasks to queue
[2026-08-14T01:27:05.881+0000] {logging_mixin.py:151} INFO - [2026-08-14T01:27:05.880+0000] {dagbag.py:536} INFO - Filling up the DagBag from /opt/airflow/dags/airflow.py
[2026-08-14T01:27:05.948+0000] {logging_mixin.py:151} INFO - [2026-08-14T01:27:05.948+0000] {dagbag.py:346} ERROR - Failed to import: /opt/airflow/dags/airflow.py
Traceback (most recent call last):
  File "/home/airflow/.local/lib/python3.8/site-packages/airflow/models/dagbag.py", line 342, in parse
    loader.exec_module(new_module)
  File "<frozen importlib._bootstrap_external>", line 843, in exec_module
  File "<frozen importlib._bootstrap>", line 219, in _call_with_frames_removed
  File "/opt/airflow/dags/airflow.py", line 23, in <module>
    from data_preprocessing_scripts.preprocessing import preprocess_data
ModuleNotFoundError: No module named 'data_preprocessing_scripts'
[2026-08-14T01:27:05.949+0000] {processor.py:841} WARNING - No viable dags retrieved from /opt/airflow/dags/airflow.py
[2026-08-14T01:27:05.957+0000] {processor.py:179} INFO - Processing /opt/airflow/dags/airflow.py took 0.083 seconds
[2026-08-14T01:27:36.172+0000] {processor.py:157} INFO - Started process (PID=12052) to work on /opt/airflow/dags/airflow.py
[2026-08-14T01:27:36.173+0000] {processor.py:829} INFO - Processing file /opt/airflow/dags/airflow.py for tasks to queue
[2026-08-14T01:27:36.178+0000] {logging_mixin.py:151} INFO - [2026-08-14T01:27:36.178+0000] {dagbag.py:536} INFO - Filling up the DagBag from /opt/airflow/dags/airflow.py
[2026-08-14T01:27:36.247+0000] {logging_mixin.py:151} INFO - [2026-08-14T01:27:36.247+0000] {dagbag.py:346} ERROR - Failed to import: /opt/airflow/dags/airflow.py
Traceback (most recent call last):
  File "/home/airflow/.local/lib/python3.8/site-packages/airflow/models/dagbag.py", line 342, in parse
    loader.exec_module(new_module)
  File "<frozen importlib._bootstrap_external>", line 843, in exec_module
  File "<frozen importlib._bootstrap>", line 219, in _call_with_frames_removed
  File "/opt/airflow/dags/airflow.py", line 23, in <module>
    from data_preprocessing_scripts.preprocessing import preprocess_data
ModuleNotFoundError: No module named 'data_preprocessing_scripts'
[2026-08-14T01:27:36.247+0000] {processor.py:841} WARNING - No viable dags retrieved from /opt/airflow/dags/airflow.py
[2026-08-14T01:27:36.255+0000] {processor.py:179} INFO - Processing /opt/airflow/dags/airflow.py took 0.086 seconds
[2026-08-14T01:28:06.483+0000] {processor.py:157} INFO - Started process (PID=12060) to work on /opt/airflow/dags/airflow.py
[2026-08-14T01:28:06.484+0000] {processor.py:829} INFO - Processing file /opt/airflow/dags/airflow.py for tasks to queue
[2026-08-14T01:28:06.489+0000] {logging_mixin.py:151} INFO - [2026-08-14T01:28:06.488+0000] {dagbag.py:536} INFO - Filling up the DagBag from /opt/airflow/dags/airflow.py
[2026-08-14T01:28:06.565+0000] {logging_mixin.py:151} INFO - [2026-08-14T01:28:06.564+0000] {dagbag.py:346} ERROR - Failed to import: /opt/airflow/dags/airflow.py
Traceback (most recent call last):
  File "/home/airflow/.local/lib/python3.8/site-packages/airflow/models/dagbag.py", line 342, in parse
    loader.exec_module(new_module)
  File "<frozen importlib._bootstrap_external>", line 843, in exec_module
  File "<frozen importlib._bootstrap>", line 219, in _call_with_frames_removed
  File "/opt/airflow/dags/airflow.py", line 23, in <module>
    from data_preprocessing_scripts.preprocessing import preprocess_data
ModuleNotFoundError: No module named 'data_preprocessing_scripts'
[2026-08-14T01:28:06.565+0000] {processor.py:841} WARNING - No viable dags retrieved from /opt/airflow/dags/airflow.py
[2026-08-14T01:28:06.573+0000] {processor.py:179} INFO - Processing /opt/airflow/dags/airflow.py took 0.095 seconds
[2026-08-14T01:28:36.783+0000] {processor.py:157} INFO - Started process (PID=12068) to work on /opt/airflow/dags/airflow.py
[2026-08-14T01:28:36.784+0000] {processor.py:829} INFO - Processing file /opt/airflow/dags/airflow.py for tasks to queue
[2026-08-14T01:28:36.787+0000] {logging_mixin.py:151} INFO - [2026-08-14T01:28:36.786+0000] {dagbag.py:536} INFO - Filling up the DagBag from /opt/airflow/dags/airflow.py
[2026-08-14T01:28:36.854+0000] {logging_mixin.py:151} INFO - [2026-08-14T01:28:36.853+0000] {dagbag.py:346} ERROR - Failed to import: /opt/airflow/dags/airflow.py
Traceback (most recent call last):
  File "/home/airflow/.local/lib/python3.8/site-packages/airflow/models/dagbag.py", line 342, in parse
    loader.exec_module(new_module)
  File "<frozen importlib._bootstrap_external>", line 843, in exec_module
  File "<frozen importlib._bootstrap>", line 219, in _call_with_frames_removed
  File "/opt/airflow/dags/airflow.py", line 23, in <module>
    from data_preprocessing_scripts.preprocessing import preprocess_data
ModuleNotFoundError: No module named 'data_preprocessing_scripts'
[2026-08-14T01:28:36.854+0000] {processor.py:841} WARNING - No viable dags retrieved from /opt/airflow/dags/airflow.py
[2026-08-14T01:28:36.862+0000] {processor.py:179} INFO - Processing /opt/airflow/dags/airflow.py took 0.081 seconds
[2026-08-14T01:29:07.097+0000] {processor.py:157} INFO - Started process (PID=12076) to work on /opt/airflow/dags/airflow.py
[2026-08-14T01:29:07.098+0000] {processor.py:829} INFO - Processing file /opt/airflow/dags/airflow.py for tasks to queue
[2026-08-14T01:29:07.102+0000] {logging_mixin.py:151} INFO - [2026-08-14T01:29:07.101+0000] {dagbag.py:536} INFO - Filling up the DagBag from /opt/airflow/dags/airflow.py
[2026-08-14T01:29:07.168+0000] {logging_mixin.py:151} INFO - [2026-08-14T01:29:07.167+0000] {dagbag.py:346} ERROR - Failed to import: /opt/airflow/dags/airflow.py
Traceback (most recent call last):
  File "/home/airflow/.local/lib/python3.8/site-packages/airflow/models/dagbag.py", line 342, in parse
    loader.exec_module(new_module)
  File "<frozen importlib._bootstrap_external>", line 843, in exec_module
  File "<frozen importlib._bootstrap>", line 219, in _call_with_frames_removed
  File "/opt/airflow/dags/airflow.py", line 23, in <module>
    from data_preprocessing_scripts.preprocessing import preprocess_data
ModuleNotFoundError: No module named 'data_preprocessing_scripts'
[2026-08-14T01:29:07.168+0000] {processor.py:841} WARNING - No viable dags retrieved from /opt/airflow/dags/airflow.py
[2026-08-14T01:29:07.176+0000] {processor.py:179} INFO - Processing /opt/airflow/dags/airflow.py took 0.082 seconds
[2026-08-14T01:29:37.435+0000] {processor.py:157} INFO - Started process (PID=12084) to work on /opt/airflow/dags/airflow.py
[2026-08-14T01:29:37.435+0000] {processor.py:829} INFO - Processing file /opt/airflow/dags/airflow.py for tasks to queue
[2026-08-14T01:29:37.437+0000] {logging_mixin.py:151} INFO - [2026-08-14T01:29:37.437+0000] {dagbag.py:536} INFO - Filling up the DagBag from /opt/airflow/dags/airflow.py
[2026-08-14T01:29:37.507+0000] {logging_mixin.py:151} INFO - [2026-08-14T01:29:37.506+0000] {dagbag.py:346} ERROR - Failed to import: /opt/airflow/dags/airflow.py
Traceback (most recent call last):
  File "/home/airflow/.local/lib/python3.8/site-packages/airflow/models/dagbag.py", line 342, in parse
    loader.exec_module(new_module)
  File "<frozen importlib._bootstrap_external>", line 843, in exec_module
  File "<frozen importlib._bootstrap>", line 219, in _call_with_frames_removed
  File "/opt/airflow/dags/airflow.py", line 23, in <module>
    from data_preprocessing_scripts.preprocessing import preprocess_data
ModuleNotFoundError: No module named 'data_preprocessing_scripts'
[2026-08-14T01:29:37.507+0000] {processor.py:841} WARNING - No viable dags retrieved from /opt/airflow/dags/airflow.py
[2026-08-14T01:29:37.516+0000] {processor.py:179} INFO - Processing /opt/airflow/dags/airflow.py took 0.084 seconds
[2026-08-14T01:30:07.734+0000] {processor.py:157} INFO - Started process (PID=12092) to work on /opt/airflow/dags/airflow.py
[2026-08-14T01:30:07.735+0000] {processor.py:829} INFO - Processing file /opt/airflow/dags/airflow.py for tasks to queue
[2026-08-14T01:30:07.737+0000] {logging_mixin.py:151} INFO - [2026-08-14T01:30:07.737+0000] {dagbag.py:536} INFO - Filling up the DagBag from /opt/airflow/dags/airflow.py
[2026-08-14T01:30:07.796+0000] {logging_mixin.py:151} INFO - [2026-08-14T01:30:07.795+0000] {dagbag.py:346} ERROR - Failed to import: /opt/airflow/dags/airflow.py
Traceback (most recent call last):
  File "/home/airflow/.local/lib/python3.8/site-packages/airflow/models/dagbag.py", line 342, in parse
    loader.exec_module(new_module)
  File "<frozen importlib._bootstrap_external>", line 843, in exec_module
  File "<frozen importlib._bootstrap>", line 219, in _call_with_frames_removed
  File "/opt/airflow/dags/airflow.py", line 23, in <module>
    from data_preprocessing_scripts.preprocessing import preprocess_data
ModuleNotFoundError: No module named 'data_preprocessing_scripts'
[2026-08-14T01:30:07.796+0000] {processor.py:841} WARNING - No viable dags retrieved from /opt/airflow/dags/airflow.py
[2026-08-14T01:30:07.804+0000] {processor.py:179} INFO - Processing /opt/airflow/dags/airflow.py took 0.073 seconds
[2026-08-14T01:30:38.001+0000] {processor.py:157} INFO - Started process (PID=12100) to work on /opt/airflow/dags/airflow.py
[2026-08-14T01:30:38.002+0000] {processor.py:829} INFO - Processing file /opt/airflow/dags/airflow.py for tasks to queue
[2026-08-14T01:30:38.004+0000] {logging_mixin.py:151} INFO - [2026-08-14T01:30:38.004+0000] {dagbag.py:536} INFO - Filling up the DagBag from /opt/airflow/dags/airflow.py
[2026-08-14T01:30:38.064+0000] {logging_mixin.py:151} INFO - [2026-08-14T01:30:38.064+0000] {dagbag.py:346} ERROR - Failed to import: /opt/airflow/dags/airflow.py
Traceback (most recent call last):
  File "/home/airflow/.local/lib/python3.8/site-packages/airflow/models/dagbag.py", line 342, in parse
    loader.exec_module(new_module)
  File "<frozen importlib._bootstrap_external>", line 843, in exec_module
  File "<frozen importlib._bootstrap>", line 219, in _call_with_frames_removed
  File "/opt/airflow/dags/airflow.py", line 23, in <module>
    from data_preprocessing_scripts.preprocessing import preprocess_data
ModuleNotFoundError: No module named 'data_preprocessing_scripts'
[2026-08-14T01:30:38.065+0000] {processor.py:841} WARNING - No viable dags retrieved from /opt/airflow/dags/airflow.py
[2026-08-14T01:30:38.072+0000] {processor.py:179} INFO - Processing /opt/airflow/dags/airflow.py took 0.074 seconds
[2026-08-14T01:31:08.260+0000] {processor.py:157} INFO - Started process (PID=12108) to work on /opt/airflow/dags/airflow.py
[2026-08-14T01:31:08.260+0000] {processor.py:829} INFO - Processing file /opt/airflow/dags/airflow.py for tasks to queue
[2026-08-14T01:31:08.263+0000] {logging_mixin.py:151} INFO - [2026-08-14T01:31:08.263+0000] {dagbag.py:536} INFO - Filling up the DagBag from /opt/airflow/dags/airflow.py
[2026-08-14T01:31:08.321+0000] {logging_mixin.py:151} INFO - [2026-08-14T01:31:08.321+0000] {dagbag.py:346} ERROR - Failed to import: /opt/airflow/dags/airflow.py
Traceback (most recent call last):
  File "/home/airflow/.local/lib/python3.8/site-packages/airflow/models/dagbag.py", line 342, in parse
    loader.exec_module(new_module)
  File "<frozen importlib._bootstrap_external>", line 843, in exec_module
  File "<frozen importlib._bootstrap>", line 219, in _call_with_frames_removed
  File "/opt/airflow/dags/airflow.py", line 23, in <module>
    from data_preprocessing_scripts.preprocessing import preprocess_data
ModuleNotFoundError: No module named 'data_preprocessing_scripts'
[2026-08-14T01:31:08.321+0000] {processor.py:841} WARNING - No viable dags retrieved from /opt/airflow/dags/airflow.py
[2026-08-14T01:31:08.328+0000] {processor.py:179} INFO - Processing /opt/airflow/dags/airflow.py took 0.072 seconds
[2026-08-14T01:31:38.601+0000] {processor.py:157} INFO - Started process (PID=12116) to work on /opt/airflow/dags/airflow.py
[2026-08-14T01:31:38.602+0000] {processor.py:829} INFO - Processing file /opt/airflow/dags/airflow.py for tasks to queue
[2026-08-14T01:31:38.605+0000] {logging_mixin.py:151} INFO - [2026-08-14T01:31:38.605+0000] {dagbag.py:536} INFO - Filling up the DagBag from /opt/airflow/dags/airflow.py
[2026-08-14T01:31:38.672+0000] {logging_mixin.py:151} INFO - [2026-08-14T01:31:38.671+0000] {dagbag.py:346} ERROR - Failed to import: /opt/airflow/dags/airflow.py
Traceback (most recent call last):
  File "/home/airflow/.local/lib/python3.8/site-packages/airflow/models/dagbag.py", line 342, in parse
    loader.exec_module(new_module)
  File "<frozen importlib._bootstrap_external>", line 843, in exec_module
  File "<frozen importlib._bootstrap>", line 219, in _call_with_frames_removed
  File "/opt/airflow/dags/airflow.py", line 23, in <module>
    from data_preprocessing_scripts.preprocessing import preprocess_data
ModuleNotFoundError: No module named 'data_preprocessing_scripts'
[2026-08-14T01:31:38.672+0000] {processor.py:841} WARNING - No viable dags retrieved from /opt/airflow/dags/airflow.py
[2026-08-14T01:31:38.680+0000] {processor.py:179} INFO - Processing /opt/airflow/dags/airflow.py took 0.081 seconds
[2026-08-14T01:32:08.929+0000] {processor.py:157} INFO - Started process (PID=12124) to work on /opt/airflow/dags/airflow.py
[2026-08-14T01:32:08.930+0000] {processor.py:829} INFO - Processing file /opt/airflow/dags/airflow.py for tasks to queue
[2026-08-14T01:32:08.932+0000] {logging_mixin.py:151} INFO - [2026-08-14T01:32:08.932+0000] {dagbag.py:536} INFO - Filling up the DagBag from /opt/airflow/dags/airflow.py
[2026-08-14T01:32:08.998+0000] {logging_mixin.py:151} INFO - [2026-08-14T01:32:08.997+0000] {dagbag.py:346} ERROR - Failed to import: /opt/airflow/dags/airflow.py
Traceback (most recent call last):
  File "/home/airflow/.local/lib/python3.8/site-packages/airflow/models/dagbag.py", line 342, in parse
    loader.exec_module(new_module)
  File "<frozen importlib._bootstrap_external>", line 843, in exec_module
  File "<frozen importlib._bootstrap>", line 219, in _call_with_frames_removed
  File "/opt/airflow/dags/airflow.py", line 23, in <module>
    from data_preprocessing_scripts.preprocessing import preprocess_data
ModuleNotFoundError: No module named 'data_preprocessing_scripts'
[2026-08-14T01:32:08.998+0000] {processor.py:841} WARNING - No viable dags retrieved from /opt/airflow/dags/airflow.py
[2026-08-14T01:32:09.005+0000] {processor.py:179} INFO - Processing /opt/airflow/dags/airflow.py took 0.081 seconds
[2026-08-14T01:32:39.268+0000] {processor.py:157} INFO - Started process (PID=12132) to work on /opt/airflow/dags/airflow.py
[2026-08-14T01:32:39.268+0000] {processor.py:829} INFO - Processing file /opt/airflow/dags/airflow.py for tasks to queue
[2026-08-14T01:32:39.271+0000] {logging_mixin.py:151} INFO - [2026-08-14T01:32:39.271+0000] {dagbag.py:536} INFO - Filling up the DagBag from /opt/airflow/dags/airflow.py
[2026-08-14T01:32:39.329+0000] {logging_mixin.py:151} INFO - [2026-08-14T01:32:39.329+0000] {dagbag.py:346} ERROR - Failed to import: /opt/airflow/dags/airflow.py
Traceback (most recent call last):
  File "/home/airflow/.local/lib/python3.8/site-packages/airflow/models/dagbag.py", line 342, in parse
    loader.exec_module(new_module)
  File "<frozen importlib._bootstrap_external>", line 843, in exec_module
  File "<frozen importlib._bootstrap>", line 219, in _call_with_frames_removed
  File "/opt/airflow/dags/airflow.py", line 23, in <module>
    from data_preprocessing_scripts.preprocessing import preprocess_data
ModuleNotFoundError: No module named 'data_preprocessing_scripts'
[2026-08-14T01:32:39.329+0000] {processor.py:841} WARNING - No viable dags retrieved from /opt/airflow/dags/airflow.py
[2026-08-14T01:32:39.337+0000] {processor.py:179} INFO - Processing /opt/airflow/dags/airflow.py took 0.073 seconds
[2026-08-14T01:33:09.581+0000] {processor.py:157} INFO - Started process (PID=12140) to work on /opt/airflow/dags/airflow.py
[2026-08-14T01:33:09.583+0000] {processor.py:829} INFO - Processing file /opt/airflow/dags/airflow.py for tasks to queue
[2026-08-14T01:33:09.585+0000] {logging_mixin.py:151} INFO - [2026-08-14T01:33:09.585+0000] {dagbag.py:536} INFO - Filling up the DagBag from /opt/airflow/dags/airflow.py
[2026-08-14T01:33:09.650+0000] {logging_mixin.py:151} INFO - [2026-08-14T01:33:09.649+0000] {dagbag.py:346} ERROR - Failed to import: /opt/airflow/dags/airflow.py
Traceback (most recent call last):
  File "/home/airflow/.local/lib/python3.8/site-packages/airflow/models/dagbag.py", line 342, in parse
    loader.exec_module(new_module)
  File "<frozen importlib._bootstrap_external>", line 843, in exec_module
  File "<frozen importlib._bootstrap>", line 219, in _call_with_frames_removed
  File "/opt/airflow/dags/airflow.py", line 23, in <module>
    from data_preprocessing_scripts.preprocessing import preprocess_data
ModuleNotFoundError: No module named 'data_preprocessing_scripts'
[2026-08-14T01:33:09.650+0000] {processor.py:841} WARNING - No viable dags retrieved from /opt/airflow/dags/airflow.py
[2026-08-14T01:33:09.657+0000] {processor.py:179} INFO - Processing /opt/airflow/dags/airflow.py took 0.080 seconds
[2026-08-14T01:33:39.891+0000] {processor.py:157} INFO - Started process (PID=12148) to work on /opt/airflow/dags/airflow.py
[2026-08-14T01:33:39.892+0000] {processor.py:829} INFO - Processing file /opt/airflow/dags/airflow.py for tasks to queue
[2026-08-14T01:33:39.894+0000] {logging_mixin.py:151} INFO - [2026-08-14T01:33:39.894+0000] {dagbag.py:536} INFO - Filling up the DagBag from /opt/airflow/dags/airflow.py
[2026-08-14T01:33:39.965+0000] {logging_mixin.py:151} INFO - [2026-08-14T01:33:39.965+0000] {dagbag.py:346} ERROR - Failed to import: /opt/airflow/dags/airflow.py
Traceback (most recent call last):
  File "/home/airflow/.local/lib/python3.8/site-packages/airflow/models/dagbag.py", line 342, in parse
    loader.exec_module(new_module)
  File "<frozen importlib._bootstrap_external>", line 843, in exec_module
  File "<frozen importlib._bootstrap>", line 219, in _call_with_frames_removed
  File "/opt/airflow/dags/airflow.py", line 23, in <module>
    from data_preprocessing_scripts.preprocessing import preprocess_data
ModuleNotFoundError: No module named 'data_preprocessing_scripts'
[2026-08-14T01:33:39.965+0000] {processor.py:841} WARNING - No viable dags retrieved from /opt/airflow/dags/airflow.py
[2026-08-14T01:33:39.974+0000] {processor.py:179} INFO - Processing /opt/airflow/dags/airflow.py took 0.086 seconds
[2026-08-14T01:34:10.220+0000] {processor.py:157} INFO - Started process (PID=12156) to work on /opt/airflow/dags/airflow.py
[2026-08-14T01:34:10.222+0000] {processor.py:829} INFO - Processing file /opt/airflow/dags/airflow.py for tasks to queue
[2026-08-14T01:34:10.224+0000] {logging_mixin.py:151} INFO - [2026-08-14T01:34:10.223+0000] {dagbag.py:536} INFO - Filling up the DagBag from /opt/airflow/dags/airflow.py
[2026-08-14T01:34:10.291+0000] {logging_mixin.py:151} INFO - [2026-08-14T01:34:10.290+0000] {dagbag.py:346} ERROR - Failed to import: /opt/airflow/dags/airflow.py
Traceback (most recent call last):
  File "/home/airflow/.local/lib/python3.8/site-packages/airflow/models/dagbag.py", line 342, in parse
    loader.exec_module(new_module)
  File "<frozen importlib._bootstrap_external>", line 843, in exec_module
  File "<frozen importlib._bootstrap>", line 219, in _call_with_frames_removed
  File "/opt/airflow/dags/airflow.py", line 23, in <module>
    from data_preprocessing_scripts.preprocessing import preprocess_data
ModuleNotFoundError: No module named 'data_preprocessing_scripts'
[2026-08-14T01:34:10.291+0000] {processor.py:841} WARNING - No viable dags retrieved from /opt/airflow/dags/airflow.py
[2026-08-14T01:34:10.298+0000] {processor.py:179} INFO - Processing /opt/airflow/dags/airflow.py took 0.082 seconds
[2026-08-14T01:34:40.571+0000] {processor.py:157} INFO - Started process (PID=12164) to work on /opt/airflow/dags/airflow.py
[2026-08-14T01:34:40.573+0000] {processor.py:829} INFO - Processing file /opt/airflow/dags/airflow.py for tasks to queue
[2026-08-14T01:34:40.576+0000] {logging_mixin.py:151} INFO - [2026-08-14T01:34:40.576+0000] {dagbag.py:536} INFO - Filling up the DagBag from /opt/airflow/dags/airflow.py
[2026-08-14T01:34:40.650+0000] {logging_mixin.py:151} INFO - [2026-08-14T01:34:40.649+0000] {dagbag.py:346} ERROR - Failed to import: /opt/airflow/dags/airflow.py
Traceback (most recent call last):
  File "/home/airflow/.local/lib/python3.8/site-packages/airflow/models/dagbag.py", line 342, in parse
    loader.exec_module(new_module)
  File "<frozen importlib._bootstrap_external>", line 843, in exec_module
  File "<frozen importlib._bootstrap>", line 219, in _call_with_frames_removed
  File "/opt/airflow/dags/airflow.py", line 23, in <module>
    from data_preprocessing_scripts.preprocessing import preprocess_data
ModuleNotFoundError: No module named 'data_preprocessing_scripts'
[2026-08-14T01:34:40.650+0000] {processor.py:841} WARNING - No viable dags retrieved from /opt/airflow/dags/airflow.py
[2026-08-14T01:34:40.658+0000] {processor.py:179} INFO - Processing /opt/airflow/dags/airflow.py took 0.092 seconds
[2026-08-14T01:35:10.905+0000] {processor.py:157} INFO - Started process (PID=12172) to work on /opt/airflow/dags/airflow.py
[2026-08-14T01:35:10.907+0000] {processor.py:829} INFO - Processing file /opt/airflow/dags/airflow.py for tasks to queue
[2026-08-14T01:35:10.908+0000] {logging_mixin.py:151} INFO - [2026-08-14T01:35:10.908+0000] {dagbag.py:536} INFO - Filling up the DagBag from /opt/airflow/dags/airflow.py
[2026-08-14T01:35:10.972+0000] {logging_mixin.py:151} INFO - [2026-08-14T01:35:10.972+0000] {dagbag.py:346} ERROR - Failed to import: /opt/airflow/dags/airflow.py
Traceback (most recent call last):
  File "/home/airflow/.local/lib/python3.8/site-packages/airflow/models/dagbag.py", line 342, in parse
    loader.exec_module(new_module)
  File "<frozen importlib._bootstrap_external>", line 843, in exec_module
  File "<frozen importlib._bootstrap>", line 219, in _call_with_frames_removed
  File "/opt/airflow/dags/airflow.py", line 23, in <module>
    from data_preprocessing_scripts.preprocessing import preprocess_data
ModuleNotFoundError: No module named 'data_preprocessing_scripts'
[2026-08-14T01:35:10.972+0000] {processor.py:841} WARNING - No viable dags retrieved from /opt/airflow/dags/airflow.py
[2026-08-14T01:35:10.980+0000] {processor.py:179} INFO - Processing /opt/airflow/dags/airflow.py took 0.079 seconds
[2026-08-14T01:35:41.222+0000] {processor.py:157} INFO - Started process (PID=12180) to work on /opt/airflow/dags/airflow.py
[2026-08-14T01:35:41.223+0000] {processor.py:829} INFO - Processing file /opt/airflow/dags/airflow.py for tasks to queue
[2026-08-14T01:35:41.224+0000] {logging_mixin.py:151} INFO - [2026-08-14T01:35:41.224+0000] {dagbag.py:536} INFO - Filling up the DagBag from /opt/airflow/dags/airflow.py
[2026-08-14T01:35:41.284+0000] {logging_mixin.py:151} INFO - [2026-08-14T01:35:41.283+0000] {dagbag.py:346} ERROR - Failed to import: /opt/airflow/dags/airflow.py
Traceback (most recent call last):
  File "/home/airflow/.local/lib/python3.8/site-packages/airflow/models/dagbag.py", line 342, in parse
    loader.exec_module(new_module)
  File "<frozen importlib._bootstrap_external>", line 843, in exec_module
  File "<frozen importlib._bootstrap>", line 219, in _call_with_frames_removed
  File "/opt/airflow/dags/airflow.py", line 23, in <module>
    from data_preprocessing_scripts.preprocessing import preprocess_data
ModuleNotFoundError: No module named 'data_preprocessing_scripts'
[2026-08-14T01:35:41.284+0000] {processor.py:841} WARNING - No viable dags retrieved from /opt/airflow/dags/airflow.py
[2026-08-14T01:35:41.292+0000] {processor.py:179} INFO - Processing /opt/airflow/dags/airflow.py took 0.073 seconds
[2026-08-14T01:36:11.522+0000] {processor.py:157} INFO - Started process (PID=12188) to work on /opt/airflow/dags/airflow.py
[2026-08-14T01:36:11.523+0000] {processor.py:829} INFO - Processing file /opt/airflow/dags/airflow.py for tasks to queue
[2026-08-14T01:36:11.525+0000] {logging_mixin.py:151} INFO - [2026-08-14T01:36:11.525+0000] {dagbag.py:536} INFO - Filling up the DagBag from /opt/airflow/dags/airflow.py
[2026-08-14T01:36:11.588+0000] {logging_mixin.py:151} INFO - [2026-08-14T01:36:11.588+0000] {dagbag.py:346} ERROR - Failed to import: /opt/airflow/dags/airflow.py
Traceback (most recent call last):
  File "/home/airflow/.local/lib/python3.8/site-packages/airflow/models/dagbag.py", line 342, in parse
    loader.exec_module(new_module)
  File "<frozen importlib._bootstrap_external>", line 843, in exec_module
  File "<frozen importlib._bootstrap>", line 219, in _call_with_frames_removed
  File "/opt/airflow/dags/airflow.py", line 23, in <module>
    from data_preprocessing_scripts.preprocessing import preprocess_data
ModuleNotFoundError: No module named 'data_preprocessing_scripts'
[2026-08-14T01:36:11.589+0000] {processor.py:841} WARNING - No viable dags retrieved from /opt/airflow/dags/airflow.py
[2026-08-14T01:36:11.596+0000] {processor.py:179} INFO - Processing /opt/airflow/dags/airflow.py took 0.078 seconds
[2026-08-14T01:36:41.813+0000] {processor.py:157} INFO - Started process (PID=12196) to work on /opt/airflow/dags/airflow.py
[2026-08-14T01:36:41.814+0000] {processor.py:829} INFO - Processing file /opt/airflow/dags/airflow.py for tasks to queue
[2026-08-14T01:36:41.816+0000] {logging_mixin.py:151} INFO - [2026-08-14T01:36:41.816+0000] {dagbag.py:536} INFO - Filling up the DagBag from /opt/airflow/dags/airflow.py
[2026-08-14T01:36:41.880+0000] {logging_mixin.py:151} INFO - [2026-08-14T01:36:41.879+0000] {dagbag.py:346} ERROR - Failed to import: /opt/airflow/dags/airflow.py
Traceback (most recent call last):
  File "/home/airflow/.local/lib/python3.8/site-packages/airflow/models/dagbag.py", line 342, in parse
    loader.exec_module(new_module)
  File "<frozen importlib._bootstrap_external>", line 843, in exec_module
  File "<frozen importlib._bootstrap>", line 219, in _call_with_frames_removed
  File "/opt/airflow/dags/airflow.py", line 23, in <module>
    from data_preprocessing_scripts.preprocessing import preprocess_data
ModuleNotFoundError: No module named 'data_preprocessing_scripts'
[2026-08-14T01:36:41.880+0000] {processor.py:841} WARNING - No viable dags retrieved from /opt/airflow/dags/airflow.py
[2026-08-14T01:36:41.888+0000] {processor.py:179} INFO - Processing /opt/airflow/dags/airflow.py took 0.077 seconds
[2026-08-14T01:37:12.158+0000] {processor.py:157} INFO - Started process (PID=12204) to work on /opt/airflow/dags/airflow.py
[2026-08-14T01:37:12.161+0000] {processor.py:829} INFO - Processing file /opt/airflow/dags/airflow.py for tasks to queue
[2026-08-14T01:37:12.162+0000] {logging_mixin.py:151} INFO - [2026-08-14T01:37:12.162+0000] {dagbag.py:536} INFO - Filling up the DagBag from /opt/airflow/dags/airflow.py
[2026-08-14T01:37:12.227+0000] {logging_mixin.py:151} INFO - [2026-08-14T01:37:12.226+0000] {dagbag.py:346} ERROR - Failed to import: /opt/airflow/dags/airflow.py
Traceback (most recent call last):
  File "/home/airflow/.local/lib/python3.8/site-packages/airflow/models/dagbag.py", line 342, in parse
    loader.exec_module(new_module)
  File "<frozen importlib._bootstrap_external>", line 843, in exec_module
  File "<frozen importlib._bootstrap>", line 219, in _call_with_frames_removed
  File "/opt/airflow/dags/airflow.py", line 23, in <module>
    from data_preprocessing_scripts.preprocessing import preprocess_data
ModuleNotFoundError: No module named 'data_preprocessing_scripts'
[2026-08-14T01:37:12.227+0000] {processor.py:841} WARNING - No viable dags retrieved from /opt/airflow/dags/airflow.py
[2026-08-14T01:37:12.235+0000] {processor.py:179} INFO - Processing /opt/airflow/dags/airflow.py took 0.080 seconds
[2026-08-14T01:37:42.489+0000] {processor.py:157} INFO - Started process (PID=12212) to work on /opt/airflow/dags/airflow.py
[2026-08-14T01:37:42.490+0000] {processor.py:829} INFO - Processing file /opt/airflow/dags/airflow.py for tasks to queue
[2026-08-14T01:37:42.492+0000] {logging_mixin.py:151} INFO - [2026-08-14T01:37:42.492+0000] {dagbag.py:536} INFO - Filling up the DagBag from /opt/airflow/dags/airflow.py
[2026-08-14T01:37:42.554+0000] {logging_mixin.py:151} INFO - [2026-08-14T01:37:42.554+0000] {dagbag.py:346} ERROR - Failed to import: /opt/airflow/dags/airflow.py
Traceback (most recent call last):
  File "/home/airflow/.local/lib/python3.8/site-packages/airflow/models/dagbag.py", line 342, in parse
    loader.exec_module(new_module)
  File "<frozen importlib._bootstrap_external>", line 843, in exec_module
  File "<frozen importlib._bootstrap>", line 219, in _call_with_frames_removed
  File "/opt/airflow/dags/airflow.py", line 23, in <module>
    from data_preprocessing_scripts.preprocessing import preprocess_data
ModuleNotFoundError: No module named 'data_preprocessing_scripts'
[2026-08-14T01:37:42.554+0000] {processor.py:841} WARNING - No viable dags retrieved from /opt/airflow/dags/airflow.py
[2026-08-14T01:37:42.562+0000] {processor.py:179} INFO - Processing /opt/airflow/dags/airflow.py took 0.075 seconds
[2026-08-14T01:38:12.815+0000] {processor.py:157} INFO - Started process (PID=12220) to work on /opt/airflow/dags/airflow.py
[2026-08-14T01:38:12.816+0000] {processor.py:829} INFO - Processing file /opt/airflow/dags/airflow.py for tasks to queue
[2026-08-14T01:38:12.819+0000] {logging_mixin.py:151} INFO - [2026-08-14T01:38:12.818+0000] {dagbag.py:536} INFO - Filling up the DagBag from /opt/airflow/dags/airflow.py
[2026-08-14T01:38:12.889+0000] {logging_mixin.py:151} INFO - [2026-08-14T01:38:12.888+0000] {dagbag.py:346} ERROR - Failed to import: /opt/airflow/dags/airflow.py
Traceback (most recent call last):
  File "/home/airflow/.local/lib/python3.8/site-packages/airflow/models/dagbag.py", line 342, in parse
    loader.exec_module(new_module)
  File "<frozen importlib._bootstrap_external>", line 843, in exec_module
  File "<frozen importlib._bootstrap>", line 219, in _call_with_frames_removed
  File "/opt/airflow/dags/airflow.py", line 23, in <module>
    from data_preprocessing_scripts.preprocessing import preprocess_data
ModuleNotFoundError: No module named 'data_preprocessing_scripts'
[2026-08-14T01:38:12.889+0000] {processor.py:841} WARNING - No viable dags retrieved from /opt/airflow/dags/airflow.py
[2026-08-14T01:38:12.896+0000] {processor.py:179} INFO - Processing /opt/airflow/dags/airflow.py took 0.085 seconds
[2026-08-14T01:38:43.136+0000] {processor.py:157} INFO - Started process (PID=12228) to work on /opt/airflow/dags/airflow.py
[2026-08-14T01:38:43.137+0000] {processor.py:829} INFO - Processing file /opt/airflow/dags/airflow.py for tasks to queue
[2026-08-14T01:38:43.139+0000] {logging_mixin.py:151} INFO - [2026-08-14T01:38:43.139+0000] {dagbag.py:536} INFO - Filling up the DagBag from /opt/airflow/dags/airflow.py
[2026-08-14T01:38:43.200+0000] {logging_mixin.py:151} INFO - [2026-08-14T01:38:43.200+0000] {dagbag.py:346} ERROR - Failed to import: /opt/airflow/dags/airflow.py
Traceback (most recent call last):
  File "/home/airflow/.local/lib/python3.8/site-packages/airflow/models/dagbag.py", line 342, in parse
    loader.exec_module(new_module)
  File "<frozen importlib._bootstrap_external>", line 843, in exec_module
  File "<frozen importlib._bootstrap>", line 219, in _call_with_frames_removed
  File "/opt/airflow/dags/airflow.py", line 23, in <module>
    from data_preprocessing_scripts.preprocessing import preprocess_data
ModuleNotFoundError: No module named 'data_preprocessing_scripts'
[2026-08-14T01:38:43.200+0000] {processor.py:841} WARNING - No viable dags retrieved from /opt/airflow/dags/airflow.py
[2026-08-14T01:38:43.208+0000] {processor.py:179} INFO - Processing /opt/airflow/dags/airflow.py took 0.074 seconds
[2026-08-14T01:39:13.442+0000] {processor.py:157} INFO - Started process (PID=12236) to work on /opt/airflow/dags/airflow.py
[2026-08-14T01:39:13.445+0000] {processor.py:829} INFO - Processing file /opt/airflow/dags/airflow.py for tasks to queue
[2026-08-14T01:39:13.448+0000] {logging_mixin.py:151} INFO - [2026-08-14T01:39:13.447+0000] {dagbag.py:536} INFO - Filling up the DagBag from /opt/airflow/dags/airflow.py
[2026-08-14T01:39:13.517+0000] {logging_mixin.py:151} INFO - [2026-08-14T01:39:13.517+0000] {dagbag.py:346} ERROR - Failed to import: /opt/airflow/dags/airflow.py
Traceback (most recent call last):
  File "/home/airflow/.local/lib/python3.8/site-packages/airflow/models/dagbag.py", line 342, in parse
    loader.exec_module(new_module)
  File "<frozen importlib._bootstrap_external>", line 843, in exec_module
  File "<frozen importlib._bootstrap>", line 219, in _call_with_frames_removed
  File "/opt/airflow/dags/airflow.py", line 23, in <module>
    from data_preprocessing_scripts.preprocessing import preprocess_data
ModuleNotFoundError: No module named 'data_preprocessing_scripts'
[2026-08-14T01:39:13.517+0000] {processor.py:841} WARNING - No viable dags retrieved from /opt/airflow/dags/airflow.py
[2026-08-14T01:39:13.526+0000] {processor.py:179} INFO - Processing /opt/airflow/dags/airflow.py took 0.088 seconds
[2026-08-14T01:39:43.838+0000] {processor.py:157} INFO - Started process (PID=12244) to work on /opt/airflow/dags/airflow.py
[2026-08-14T01:39:43.839+0000] {processor.py:829} INFO - Processing file /opt/airflow/dags/airflow.py for tasks to queue
[2026-08-14T01:39:43.841+0000] {logging_mixin.py:151} INFO - [2026-08-14T01:39:43.841+0000] {dagbag.py:536} INFO - Filling up the DagBag from /opt/airflow/dags/airflow.py
[2026-08-14T01:39:43.899+0000] {logging_mixin.py:151} INFO - [2026-08-14T01:39:43.899+0000] {dagbag.py:346} ERROR - Failed to import: /opt/airflow/dags/airflow.py
Traceback (most recent call last):
  File "/home/airflow/.local/lib/python3.8/site-packages/airflow/models/dagbag.py", line 342, in parse
    loader.exec_module(new_module)
  File "<frozen importlib._bootstrap_external>", line 843, in exec_module
  File "<frozen importlib._bootstrap>", line 219, in _call_with_frames_removed
  File "/opt/airflow/dags/airflow.py", line 23, in <module>
    from data_preprocessing_scripts.preprocessing import preprocess_data
ModuleNotFoundError: No module named 'data_preprocessing_scripts'
[2026-08-14T01:39:43.900+0000] {processor.py:841} WARNING - No viable dags retrieved from /opt/airflow/dags/airflow.py
[2026-08-14T01:39:43.907+0000] {processor.py:179} INFO - Processing /opt/airflow/dags/airflow.py took 0.072 seconds
[2026-08-14T01:40:14.168+0000] {processor.py:157} INFO - Started process (PID=12252) to work on /opt/airflow/dags/airflow.py
[2026-08-14T01:40:14.169+0000] {processor.py:829} INFO - Processing file /opt/airflow/dags/airflow.py for tasks to queue
[2026-08-14T01:40:14.171+0000] {logging_mixin.py:151} INFO - [2026-08-14T01:40:14.170+0000] {dagbag.py:536} INFO - Filling up the DagBag from /opt/airflow/dags/airflow.py
[2026-08-14T01:40:14.235+0000] {logging_mixin.py:151} INFO - [2026-08-14T01:40:14.234+0000] {dagbag.py:346} ERROR - Failed to import: /opt/airflow/dags/airflow.py
Traceback (most recent call last):
  File "/home/airflow/.local/lib/python3.8/site-packages/airflow/models/dagbag.py", line 342, in parse
    loader.exec_module(new_module)
  File "<frozen importlib._bootstrap_external>", line 843, in exec_module
  File "<frozen importlib._bootstrap>", line 219, in _call_with_frames_removed
  File "/opt/airflow/dags/airflow.py", line 23, in <module>
    from data_preprocessing_scripts.preprocessing import preprocess_data
ModuleNotFoundError: No module named 'data_preprocessing_scripts'
[2026-08-14T01:40:14.235+0000] {processor.py:841} WARNING - No viable dags retrieved from /opt/airflow/dags/airflow.py
[2026-08-14T01:40:14.243+0000] {processor.py:179} INFO - Processing /opt/airflow/dags/airflow.py took 0.078 seconds
[2026-08-14T01:40:44.481+0000] {processor.py:157} INFO - Started process (PID=12260) to work on /opt/airflow/dags/airflow.py
[2026-08-14T01:40:44.482+0000] {processor.py:829} INFO - Processing file /opt/airflow/dags/airflow.py for tasks to queue
[2026-08-14T01:40:44.484+0000] {logging_mixin.py:151} INFO - [2026-08-14T01:40:44.484+0000] {dagbag.py:536} INFO - Filling up the DagBag from /opt/airflow/dags/airflow.py
[2026-08-14T01:40:44.544+0000] {logging_mixin.py:151} INFO - [2026-08-14T01:40:44.543+0000] {dagbag.py:346} ERROR - Failed to import: /opt/airflow/dags/airflow.py
Traceback (most recent call last):
  File "/home/airflow/.local/lib/python3.8/site-packages/airflow/models/dagbag.py", line 342, in parse
    loader.exec_module(new_module)
  File "<frozen importlib._bootstrap_external>", line 843, in exec_module
  File "<frozen importlib._bootstrap>", line 219, in _call_with_frames_removed
  File "/opt/airflow/dags/airflow.py", line 23, in <module>
    from data_preprocessing_scripts.preprocessing import preprocess_data
ModuleNotFoundError: No module named 'data_preprocessing_scripts'
[2026-08-14T01:40:44.544+0000] {processor.py:841} WARNING - No viable dags retrieved from /opt/airflow/dags/airflow.py
[2026-08-14T01:40:44.552+0000] {processor.py:179} INFO - Processing /opt/airflow/dags/airflow.py took 0.074 seconds
[2026-08-14T01:41:14.804+0000] {processor.py:157} INFO - Started process (PID=12268) to work on /opt/airflow/dags/airflow.py
[2026-08-14T01:41:14.805+0000] {processor.py:829} INFO - Processing file /opt/airflow/dags/airflow.py for tasks to queue
[2026-08-14T01:41:14.807+0000] {logging_mixin.py:151} INFO - [2026-08-14T01:41:14.807+0000] {dagbag.py:536} INFO - Filling up the DagBag from /opt/airflow/dags/airflow.py
[2026-08-14T01:41:14.869+0000] {logging_mixin.py:151} INFO - [2026-08-14T01:41:14.869+0000] {dagbag.py:346} ERROR - Failed to import: /opt/airflow/dags/airflow.py
Traceback (most recent call last):
  File "/home/airflow/.local/lib/python3.8/site-packages/airflow/models/dagbag.py", line 342, in parse
    loader.exec_module(new_module)
  File "<frozen importlib._bootstrap_external>", line 843, in exec_module
  File "<frozen importlib._bootstrap>", line 219, in _call_with_frames_removed
  File "/opt/airflow/dags/airflow.py", line 23, in <module>
    from data_preprocessing_scripts.preprocessing import preprocess_data
ModuleNotFoundError: No module named 'data_preprocessing_scripts'
[2026-08-14T01:41:14.870+0000] {processor.py:841} WARNING - No viable dags retrieved from /opt/airflow/dags/airflow.py
[2026-08-14T01:41:14.877+0000] {processor.py:179} INFO - Processing /opt/airflow/dags/airflow.py took 0.077 seconds
[2026-08-14T01:41:45.135+0000] {processor.py:157} INFO - Started process (PID=12276) to work on /opt/airflow/dags/airflow.py
[2026-08-14T01:41:45.136+0000] {processor.py:829} INFO - Processing file /opt/airflow/dags/airflow.py for tasks to queue
[2026-08-14T01:41:45.137+0000] {logging_mixin.py:151} INFO - [2026-08-14T01:41:45.137+0000] {dagbag.py:536} INFO - Filling up the DagBag from /opt/airflow/dags/airflow.py
[2026-08-14T01:41:45.200+0000] {logging_mixin.py:151} INFO - [2026-08-14T01:41:45.200+0000] {dagbag.py:346} ERROR - Failed to import: /opt/airflow/dags/airflow.py
Traceback (most recent call last):
  File "/home/airflow/.local/lib/python3.8/site-packages/airflow/models/dagbag.py", line 342, in parse
    loader.exec_module(new_module)
  File "<frozen importlib._bootstrap_external>", line 843, in exec_module
  File "<frozen importlib._bootstrap>", line 219, in _call_with_frames_removed
  File "/opt/airflow/dags/airflow.py", line 23, in <module>
    from data_preprocessing_scripts.preprocessing import preprocess_data
ModuleNotFoundError: No module named 'data_preprocessing_scripts'
[2026-08-14T01:41:45.201+0000] {processor.py:841} WARNING - No viable dags retrieved from /opt/airflow/dags/airflow.py
[2026-08-14T01:41:45.208+0000] {processor.py:179} INFO - Processing /opt/airflow/dags/airflow.py took 0.076 seconds
[2026-08-14T01:42:15.464+0000] {processor.py:157} INFO - Started process (PID=12284) to work on /opt/airflow/dags/airflow.py
[2026-08-14T01:42:15.465+0000] {processor.py:829} INFO - Processing file /opt/airflow/dags/airflow.py for tasks to queue
[2026-08-14T01:42:15.468+0000] {logging_mixin.py:151} INFO - [2026-08-14T01:42:15.467+0000] {dagbag.py:536} INFO - Filling up the DagBag from /opt/airflow/dags/airflow.py
[2026-08-14T01:42:15.529+0000] {logging_mixin.py:151} INFO - [2026-08-14T01:42:15.528+0000] {dagbag.py:346} ERROR - Failed to import: /opt/airflow/dags/airflow.py
Traceback (most recent call last):
  File "/home/airflow/.local/lib/python3.8/site-packages/airflow/models/dagbag.py", line 342, in parse
    loader.exec_module(new_module)
  File "<frozen importlib._bootstrap_external>", line 843, in exec_module
  File "<frozen importlib._bootstrap>", line 219, in _call_with_frames_removed
  File "/opt/airflow/dags/airflow.py", line 23, in <module>
    from data_preprocessing_scripts.preprocessing import preprocess_data
ModuleNotFoundError: No module named 'data_preprocessing_scripts'
[2026-08-14T01:42:15.529+0000] {processor.py:841} WARNING - No viable dags retrieved from /opt/airflow/dags/airflow.py
[2026-08-14T01:42:15.536+0000] {processor.py:179} INFO - Processing /opt/airflow/dags/airflow.py took 0.077 seconds
[2026-08-14T01:42:45.840+0000] {processor.py:157} INFO - Started process (PID=12292) to work on /opt/airflow/dags/airflow.py
[2026-08-14T01:42:45.841+0000] {processor.py:829} INFO - Processing file /opt/airflow/dags/airflow.py for tasks to queue
[2026-08-14T01:42:45.843+0000] {logging_mixin.py:151} INFO - [2026-08-14T01:42:45.843+0000] {dagbag.py:536} INFO - Filling up the DagBag from /opt/airflow/dags/airflow.py
[2026-08-14T01:42:45.903+0000] {logging_mixin.py:151} INFO - [2026-08-14T01:42:45.903+0000] {dagbag.py:346} ERROR - Failed to import: /opt/airflow/dags/airflow.py
Traceback (most recent call last):
  File "/home/airflow/.local/lib/python3.8/site-packages/airflow/models/dagbag.py", line 342, in parse
    loader.exec_module(new_module)
  File "<frozen importlib._bootstrap_external>", line 843, in exec_module
  File "<frozen importlib._bootstrap>", line 219, in _call_with_frames_removed
  File "/opt/airflow/dags/airflow.py", line 23, in <module>
    from data_preprocessing_scripts.preprocessing import preprocess_data
ModuleNotFoundError: No module named 'data_preprocessing_scripts'
[2026-08-14T01:42:45.904+0000] {processor.py:841} WARNING - No viable dags retrieved from /opt/airflow/dags/airflow.py
[2026-08-14T01:42:45.911+0000] {processor.py:179} INFO - Processing /opt/airflow/dags/airflow.py took 0.073 seconds
[2026-08-14T01:43:16.179+0000] {processor.py:157} INFO - Started process (PID=12300) to work on /opt/airflow/dags/airflow.py
[2026-08-14T01:43:16.180+0000] {processor.py:829} INFO - Processing file /opt/airflow/dags/airflow.py for tasks to queue
[2026-08-14T01:43:16.182+0000] {logging_mixin.py:151} INFO - [2026-08-14T01:43:16.182+0000] {dagbag.py:536} INFO - Filling up the DagBag from /opt/airflow/dags/airflow.py
[2026-08-14T01:43:16.246+0000] {logging_mixin.py:151} INFO - [2026-08-14T01:43:16.245+0000] {dagbag.py:346} ERROR - Failed to import: /opt/airflow/dags/airflow.py
Traceback (most recent call last):
  File "/home/airflow/.local/lib/python3.8/site-packages/airflow/models/dagbag.py", line 342, in parse
    loader.exec_module(new_module)
  File "<frozen importlib._bootstrap_external>", line 843, in exec_module
  File "<frozen importlib._bootstrap>", line 219, in _call_with_frames_removed
  File "/opt/airflow/dags/airflow.py", line 23, in <module>
    from data_preprocessing_scripts.preprocessing import preprocess_data
ModuleNotFoundError: No module named 'data_preprocessing_scripts'
[2026-08-14T01:43:16.246+0000] {processor.py:841} WARNING - No viable dags retrieved from /opt/airflow/dags/airflow.py
[2026-08-14T01:43:16.253+0000] {processor.py:179} INFO - Processing /opt/airflow/dags/airflow.py took 0.079 seconds
[2026-08-14T01:43:46.517+0000] {processor.py:157} INFO - Started process (PID=12308) to work on /opt/airflow/dags/airflow.py
[2026-08-14T01:43:46.518+0000] {processor.py:829} INFO - Processing file /opt/airflow/dags/airflow.py for tasks to queue
[2026-08-14T01:43:46.519+0000] {logging_mixin.py:151} INFO - [2026-08-14T01:43:46.519+0000] {dagbag.py:536} INFO - Filling up the DagBag from /opt/airflow/dags/airflow.py
[2026-08-14T01:43:46.581+0000] {logging_mixin.py:151} INFO - [2026-08-14T01:43:46.581+0000] {dagbag.py:346} ERROR - Failed to import: /opt/airflow/dags/airflow.py
Traceback (most recent call last):
  File "/home/airflow/.local/lib/python3.8/site-packages/airflow/models/dagbag.py", line 342, in parse
    loader.exec_module(new_module)
  File "<frozen importlib._bootstrap_external>", line 843, in exec_module
  File "<frozen importlib._bootstrap>", line 219, in _call_with_frames_removed
  File "/opt/airflow/dags/airflow.py", line 23, in <module>
    from data_preprocessing_scripts.preprocessing import preprocess_data
ModuleNotFoundError: No module named 'data_preprocessing_scripts'
[2026-08-14T01:43:46.581+0000] {processor.py:841} WARNING - No viable dags retrieved from /opt/airflow/dags/airflow.py
[2026-08-14T01:43:46.589+0000] {processor.py:179} INFO - Processing /opt/airflow/dags/airflow.py took 0.075 seconds
[2026-08-14T01:44:16.799+0000] {processor.py:157} INFO - Started process (PID=12316) to work on /opt/airflow/dags/airflow.py
[2026-08-14T01:44:16.800+0000] {processor.py:829} INFO - Processing file /opt/airflow/dags/airflow.py for tasks to queue
[2026-08-14T01:44:16.802+0000] {logging_mixin.py:151} INFO - [2026-08-14T01:44:16.802+0000] {dagbag.py:536} INFO - Filling up the DagBag from /opt/airflow/dags/airflow.py
[2026-08-14T01:44:16.861+0000] {logging_mixin.py:151} INFO - [2026-08-14T01:44:16.861+0000] {dagbag.py:346} ERROR - Failed to import: /opt/airflow/dags/airflow.py
Traceback (most recent call last):
  File "/home/airflow/.local/lib/python3.8/site-packages/airflow/models/dagbag.py", line 342, in parse
    loader.exec_module(new_module)
  File "<frozen importlib._bootstrap_external>", line 843, in exec_module
  File "<frozen importlib._bootstrap>", line 219, in _call_with_frames_removed
  File "/opt/airflow/dags/airflow.py", line 23, in <module>
    from data_preprocessing_scripts.preprocessing import preprocess_data
ModuleNotFoundError: No module named 'data_preprocessing_scripts'
[2026-08-14T01:44:16.861+0000] {processor.py:841} WARNING - No viable dags retrieved from /opt/airflow/dags/airflow.py
[2026-08-14T01:44:16.869+0000] {processor.py:179} INFO - Processing /opt/airflow/dags/airflow.py took 0.072 seconds
[2026-08-14T01:44:47.124+0000] {processor.py:157} INFO - Started process (PID=12324) to work on /opt/airflow/dags/airflow.py
[2026-08-14T01:44:47.125+0000] {processor.py:829} INFO - Processing file /opt/airflow/dags/airflow.py for tasks to queue
[2026-08-14T01:44:47.127+0000] {logging_mixin.py:151} INFO - [2026-08-14T01:44:47.127+0000] {dagbag.py:536} INFO - Filling up the DagBag from /opt/airflow/dags/airflow.py
[2026-08-14T01:44:47.184+0000] {logging_mixin.py:151} INFO - [2026-08-14T01:44:47.183+0000] {dagbag.py:346} ERROR - Failed to import: /opt/airflow/dags/airflow.py
Traceback (most recent call last):
  File "/home/airflow/.local/lib/python3.8/site-packages/airflow/models/dagbag.py", line 342, in parse
    loader.exec_module(new_module)
  File "<frozen importlib._bootstrap_external>", line 843, in exec_module
  File "<frozen importlib._bootstrap>", line 219, in _call_with_frames_removed
  File "/opt/airflow/dags/airflow.py", line 23, in <module>
    from data_preprocessing_scripts.preprocessing import preprocess_data
ModuleNotFoundError: No module named 'data_preprocessing_scripts'
[2026-08-14T01:44:47.184+0000] {processor.py:841} WARNING - No viable dags retrieved from /opt/airflow/dags/airflow.py
[2026-08-14T01:44:47.192+0000] {processor.py:179} INFO - Processing /opt/airflow/dags/airflow.py took 0.072 seconds
[2026-08-14T01:45:17.455+0000] {processor.py:157} INFO - Started process (PID=12333) to work on /opt/airflow/dags/airflow.py
[2026-08-14T01:45:17.456+0000] {processor.py:829} INFO - Processing file /opt/airflow/dags/airflow.py for tasks to queue
[2026-08-14T01:45:17.459+0000] {logging_mixin.py:151} INFO - [2026-08-14T01:45:17.459+0000] {dagbag.py:536} INFO - Filling up the DagBag from /opt/airflow/dags/airflow.py
[2026-08-14T01:45:17.522+0000] {logging_mixin.py:151} INFO - [2026-08-14T01:45:17.521+0000] {dagbag.py:346} ERROR - Failed to import: /opt/airflow/dags/airflow.py
Traceback (most recent call last):
  File "/home/airflow/.local/lib/python3.8/site-packages/airflow/models/dagbag.py", line 342, in parse
    loader.exec_module(new_module)
  File "<frozen importlib._bootstrap_external>", line 843, in exec_module
  File "<frozen importlib._bootstrap>", line 219, in _call_with_frames_removed
  File "/opt/airflow/dags/airflow.py", line 23, in <module>
    from data_preprocessing_scripts.preprocessing import preprocess_data
ModuleNotFoundError: No module named 'data_preprocessing_scripts'
[2026-08-14T01:45:17.522+0000] {processor.py:841} WARNING - No viable dags retrieved from /opt/airflow/dags/airflow.py
[2026-08-14T01:45:17.530+0000] {processor.py:179} INFO - Processing /opt/airflow/dags/airflow.py took 0.078 seconds
[2026-08-14T01:45:47.728+0000] {processor.py:157} INFO - Started process (PID=12341) to work on /opt/airflow/dags/airflow.py
[2026-08-14T01:45:47.729+0000] {processor.py:829} INFO - Processing file /opt/airflow/dags/airflow.py for tasks to queue
[2026-08-14T01:45:47.730+0000] {logging_mixin.py:151} INFO - [2026-08-14T01:45:47.730+0000] {dagbag.py:536} INFO - Filling up the DagBag from /opt/airflow/dags/airflow.py
[2026-08-14T01:45:47.793+0000] {logging_mixin.py:151} INFO - [2026-08-14T01:45:47.793+0000] {dagbag.py:346} ERROR - Failed to import: /opt/airflow/dags/airflow.py
Traceback (most recent call last):
  File "/home/airflow/.local/lib/python3.8/site-packages/airflow/models/dagbag.py", line 342, in parse
    loader.exec_module(new_module)
  File "<frozen importlib._bootstrap_external>", line 843, in exec_module
  File "<frozen importlib._bootstrap>", line 219, in _call_with_frames_removed
  File "/opt/airflow/dags/airflow.py", line 23, in <module>
    from data_preprocessing_scripts.preprocessing import preprocess_data
ModuleNotFoundError: No module named 'data_preprocessing_scripts'
[2026-08-14T01:45:47.794+0000] {processor.py:841} WARNING - No viable dags retrieved from /opt/airflow/dags/airflow.py
[2026-08-14T01:45:47.800+0000] {processor.py:179} INFO - Processing /opt/airflow/dags/airflow.py took 0.075 seconds
[2026-08-14T01:46:18.028+0000] {processor.py:157} INFO - Started process (PID=12349) to work on /opt/airflow/dags/airflow.py
[2026-08-14T01:46:18.029+0000] {processor.py:829} INFO - Processing file /opt/airflow/dags/airflow.py for tasks to queue
[2026-08-14T01:46:18.033+0000] {logging_mixin.py:151} INFO - [2026-08-14T01:46:18.033+0000] {dagbag.py:536} INFO - Filling up the DagBag from /opt/airflow/dags/airflow.py
[2026-08-14T01:46:18.097+0000] {logging_mixin.py:151} INFO - [2026-08-14T01:46:18.096+0000] {dagbag.py:346} ERROR - Failed to import: /opt/airflow/dags/airflow.py
Traceback (most recent call last):
  File "/home/airflow/.local/lib/python3.8/site-packages/airflow/models/dagbag.py", line 342, in parse
    loader.exec_module(new_module)
  File "<frozen importlib._bootstrap_external>", line 843, in exec_module
  File "<frozen importlib._bootstrap>", line 219, in _call_with_frames_removed
  File "/opt/airflow/dags/airflow.py", line 23, in <module>
    from data_preprocessing_scripts.preprocessing import preprocess_data
ModuleNotFoundError: No module named 'data_preprocessing_scripts'
[2026-08-14T01:46:18.097+0000] {processor.py:841} WARNING - No viable dags retrieved from /opt/airflow/dags/airflow.py
[2026-08-14T01:46:18.105+0000] {processor.py:179} INFO - Processing /opt/airflow/dags/airflow.py took 0.082 seconds
[2026-08-14T01:46:48.342+0000] {processor.py:157} INFO - Started process (PID=12357) to work on /opt/airflow/dags/airflow.py
[2026-08-14T01:46:48.344+0000] {processor.py:829} INFO - Processing file /opt/airflow/dags/airflow.py for tasks to queue
[2026-08-14T01:46:48.346+0000] {logging_mixin.py:151} INFO - [2026-08-14T01:46:48.346+0000] {dagbag.py:536} INFO - Filling up the DagBag from /opt/airflow/dags/airflow.py
[2026-08-14T01:46:48.406+0000] {logging_mixin.py:151} INFO - [2026-08-14T01:46:48.405+0000] {dagbag.py:346} ERROR - Failed to import: /opt/airflow/dags/airflow.py
Traceback (most recent call last):
  File "/home/airflow/.local/lib/python3.8/site-packages/airflow/models/dagbag.py", line 342, in parse
    loader.exec_module(new_module)
  File "<frozen importlib._bootstrap_external>", line 843, in exec_module
  File "<frozen importlib._bootstrap>", line 219, in _call_with_frames_removed
  File "/opt/airflow/dags/airflow.py", line 23, in <module>
    from data_preprocessing_scripts.preprocessing import preprocess_data
ModuleNotFoundError: No module named 'data_preprocessing_scripts'
[2026-08-14T01:46:48.406+0000] {processor.py:841} WARNING - No viable dags retrieved from /opt/airflow/dags/airflow.py
[2026-08-14T01:46:48.414+0000] {processor.py:179} INFO - Processing /opt/airflow/dags/airflow.py took 0.074 seconds
[2026-08-14T01:47:18.600+0000] {processor.py:157} INFO - Started process (PID=12365) to work on /opt/airflow/dags/airflow.py
[2026-08-14T01:47:18.601+0000] {processor.py:829} INFO - Processing file /opt/airflow/dags/airflow.py for tasks to queue
[2026-08-14T01:47:18.603+0000] {logging_mixin.py:151} INFO - [2026-08-14T01:47:18.603+0000] {dagbag.py:536} INFO - Filling up the DagBag from /opt/airflow/dags/airflow.py
[2026-08-14T01:47:18.665+0000] {logging_mixin.py:151} INFO - [2026-08-14T01:47:18.664+0000] {dagbag.py:346} ERROR - Failed to import: /opt/airflow/dags/airflow.py
Traceback (most recent call last):
  File "/home/airflow/.local/lib/python3.8/site-packages/airflow/models/dagbag.py", line 342, in parse
    loader.exec_module(new_module)
  File "<frozen importlib._bootstrap_external>", line 843, in exec_module
  File "<frozen importlib._bootstrap>", line 219, in _call_with_frames_removed
  File "/opt/airflow/dags/airflow.py", line 23, in <module>
    from data_preprocessing_scripts.preprocessing import preprocess_data
ModuleNotFoundError: No module named 'data_preprocessing_scripts'
[2026-08-14T01:47:18.665+0000] {processor.py:841} WARNING - No viable dags retrieved from /opt/airflow/dags/airflow.py
[2026-08-14T01:47:18.674+0000] {processor.py:179} INFO - Processing /opt/airflow/dags/airflow.py took 0.076 seconds
[2026-08-14T01:47:48.875+0000] {processor.py:157} INFO - Started process (PID=12373) to work on /opt/airflow/dags/airflow.py
[2026-08-14T01:47:48.876+0000] {processor.py:829} INFO - Processing file /opt/airflow/dags/airflow.py for tasks to queue
[2026-08-14T01:47:48.878+0000] {logging_mixin.py:151} INFO - [2026-08-14T01:47:48.878+0000] {dagbag.py:536} INFO - Filling up the DagBag from /opt/airflow/dags/airflow.py
[2026-08-14T01:47:48.940+0000] {logging_mixin.py:151} INFO - [2026-08-14T01:47:48.939+0000] {dagbag.py:346} ERROR - Failed to import: /opt/airflow/dags/airflow.py
Traceback (most recent call last):
  File "/home/airflow/.local/lib/python3.8/site-packages/airflow/models/dagbag.py", line 342, in parse
    loader.exec_module(new_module)
  File "<frozen importlib._bootstrap_external>", line 843, in exec_module
  File "<frozen importlib._bootstrap>", line 219, in _call_with_frames_removed
  File "/opt/airflow/dags/airflow.py", line 23, in <module>
    from data_preprocessing_scripts.preprocessing import preprocess_data
ModuleNotFoundError: No module named 'data_preprocessing_scripts'
[2026-08-14T01:47:48.940+0000] {processor.py:841} WARNING - No viable dags retrieved from /opt/airflow/dags/airflow.py
[2026-08-14T01:47:48.948+0000] {processor.py:179} INFO - Processing /opt/airflow/dags/airflow.py took 0.075 seconds
[2026-08-14T01:48:19.158+0000] {processor.py:157} INFO - Started process (PID=12381) to work on /opt/airflow/dags/airflow.py
[2026-08-14T01:48:19.159+0000] {processor.py:829} INFO - Processing file /opt/airflow/dags/airflow.py for tasks to queue
[2026-08-14T01:48:19.160+0000] {logging_mixin.py:151} INFO - [2026-08-14T01:48:19.160+0000] {dagbag.py:536} INFO - Filling up the DagBag from /opt/airflow/dags/airflow.py
[2026-08-14T01:48:19.225+0000] {logging_mixin.py:151} INFO - [2026-08-14T01:48:19.225+0000] {dagbag.py:346} ERROR - Failed to import: /opt/airflow/dags/airflow.py
Traceback (most recent call last):
  File "/home/airflow/.local/lib/python3.8/site-packages/airflow/models/dagbag.py", line 342, in parse
    loader.exec_module(new_module)
  File "<frozen importlib._bootstrap_external>", line 843, in exec_module
  File "<frozen importlib._bootstrap>", line 219, in _call_with_frames_removed
  File "/opt/airflow/dags/airflow.py", line 23, in <module>
    from data_preprocessing_scripts.preprocessing import preprocess_data
ModuleNotFoundError: No module named 'data_preprocessing_scripts'
[2026-08-14T01:48:19.225+0000] {processor.py:841} WARNING - No viable dags retrieved from /opt/airflow/dags/airflow.py
[2026-08-14T01:48:19.233+0000] {processor.py:179} INFO - Processing /opt/airflow/dags/airflow.py took 0.077 seconds
[2026-08-14T01:48:49.449+0000] {processor.py:157} INFO - Started process (PID=12389) to work on /opt/airflow/dags/airflow.py
[2026-08-14T01:48:49.450+0000] {processor.py:829} INFO - Processing file /opt/airflow/dags/airflow.py for tasks to queue
[2026-08-14T01:48:49.452+0000] {logging_mixin.py:151} INFO - [2026-08-14T01:48:49.452+0000] {dagbag.py:536} INFO - Filling up the DagBag from /opt/airflow/dags/airflow.py
[2026-08-14T01:48:49.512+0000] {logging_mixin.py:151} INFO - [2026-08-14T01:48:49.511+0000] {dagbag.py:346} ERROR - Failed to import: /opt/airflow/dags/airflow.py
Traceback (most recent call last):
  File "/home/airflow/.local/lib/python3.8/site-packages/airflow/models/dagbag.py", line 342, in parse
    loader.exec_module(new_module)
  File "<frozen importlib._bootstrap_external>", line 843, in exec_module
  File "<frozen importlib._bootstrap>", line 219, in _call_with_frames_removed
  File "/opt/airflow/dags/airflow.py", line 23, in <module>
    from data_preprocessing_scripts.preprocessing import preprocess_data
ModuleNotFoundError: No module named 'data_preprocessing_scripts'
[2026-08-14T01:48:49.512+0000] {processor.py:841} WARNING - No viable dags retrieved from /opt/airflow/dags/airflow.py
[2026-08-14T01:48:49.520+0000] {processor.py:179} INFO - Processing /opt/airflow/dags/airflow.py took 0.073 seconds
[2026-08-14T01:49:19.715+0000] {processor.py:157} INFO - Started process (PID=12397) to work on /opt/airflow/dags/airflow.py
[2026-08-14T01:49:19.716+0000] {processor.py:829} INFO - Processing file /opt/airflow/dags/airflow.py for tasks to queue
[2026-08-14T01:49:19.718+0000] {logging_mixin.py:151} INFO - [2026-08-14T01:49:19.718+0000] {dagbag.py:536} INFO - Filling up the DagBag from /opt/airflow/dags/airflow.py
[2026-08-14T01:49:19.784+0000] {logging_mixin.py:151} INFO - [2026-08-14T01:49:19.783+0000] {dagbag.py:346} ERROR - Failed to import: /opt/airflow/dags/airflow.py
Traceback (most recent call last):
  File "/home/airflow/.local/lib/python3.8/site-packages/airflow/models/dagbag.py", line 342, in parse
    loader.exec_module(new_module)
  File "<frozen importlib._bootstrap_external>", line 843, in exec_module
  File "<frozen importlib._bootstrap>", line 219, in _call_with_frames_removed
  File "/opt/airflow/dags/airflow.py", line 23, in <module>
    from data_preprocessing_scripts.preprocessing import preprocess_data
ModuleNotFoundError: No module named 'data_preprocessing_scripts'
[2026-08-14T01:49:19.784+0000] {processor.py:841} WARNING - No viable dags retrieved from /opt/airflow/dags/airflow.py
[2026-08-14T01:49:19.792+0000] {processor.py:179} INFO - Processing /opt/airflow/dags/airflow.py took 0.079 seconds
[2026-08-14T01:49:49.964+0000] {processor.py:157} INFO - Started process (PID=12405) to work on /opt/airflow/dags/airflow.py
[2026-08-14T01:49:49.965+0000] {processor.py:829} INFO - Processing file /opt/airflow/dags/airflow.py for tasks to queue
[2026-08-14T01:49:49.966+0000] {logging_mixin.py:151} INFO - [2026-08-14T01:49:49.966+0000] {dagbag.py:536} INFO - Filling up the DagBag from /opt/airflow/dags/airflow.py
[2026-08-14T01:49:50.029+0000] {logging_mixin.py:151} INFO - [2026-08-14T01:49:50.028+0000] {dagbag.py:346} ERROR - Failed to import: /opt/airflow/dags/airflow.py
Traceback (most recent call last):
  File "/home/airflow/.local/lib/python3.8/site-packages/airflow/models/dagbag.py", line 342, in parse
    loader.exec_module(new_module)
  File "<frozen importlib._bootstrap_external>", line 843, in exec_module
  File "<frozen importlib._bootstrap>", line 219, in _call_with_frames_removed
  File "/opt/airflow/dags/airflow.py", line 23, in <module>
    from data_preprocessing_scripts.preprocessing import preprocess_data
ModuleNotFoundError: No module named 'data_preprocessing_scripts'
[2026-08-14T01:49:50.029+0000] {processor.py:841} WARNING - No viable dags retrieved from /opt/airflow/dags/airflow.py
[2026-08-14T01:49:50.037+0000] {processor.py:179} INFO - Processing /opt/airflow/dags/airflow.py took 0.076 seconds
[2026-08-14T01:50:20.246+0000] {processor.py:157} INFO - Started process (PID=12413) to work on /opt/airflow/dags/airflow.py
[2026-08-14T01:50:20.247+0000] {processor.py:829} INFO - Processing file /opt/airflow/dags/airflow.py for tasks to queue
[2026-08-14T01:50:20.249+0000] {logging_mixin.py:151} INFO - [2026-08-14T01:50:20.249+0000] {dagbag.py:536} INFO - Filling up the DagBag from /opt/airflow/dags/airflow.py
[2026-08-14T01:50:20.316+0000] {logging_mixin.py:151} INFO - [2026-08-14T01:50:20.316+0000] {dagbag.py:346} ERROR - Failed to import: /opt/airflow/dags/airflow.py
Traceback (most recent call last):
  File "/home/airflow/.local/lib/python3.8/site-packages/airflow/models/dagbag.py", line 342, in parse
    loader.exec_module(new_module)
  File "<frozen importlib._bootstrap_external>", line 843, in exec_module
  File "<frozen importlib._bootstrap>", line 219, in _call_with_frames_removed
  File "/opt/airflow/dags/airflow.py", line 23, in <module>
    from data_preprocessing_scripts.preprocessing import preprocess_data
ModuleNotFoundError: No module named 'data_preprocessing_scripts'
[2026-08-14T01:50:20.317+0000] {processor.py:841} WARNING - No viable dags retrieved from /opt/airflow/dags/airflow.py
[2026-08-14T01:50:20.324+0000] {processor.py:179} INFO - Processing /opt/airflow/dags/airflow.py took 0.081 seconds
[2026-08-14T01:50:50.568+0000] {processor.py:157} INFO - Started process (PID=12421) to work on /opt/airflow/dags/airflow.py
[2026-08-14T01:50:50.569+0000] {processor.py:829} INFO - Processing file /opt/airflow/dags/airflow.py for tasks to queue
[2026-08-14T01:50:50.571+0000] {logging_mixin.py:151} INFO - [2026-08-14T01:50:50.571+0000] {dagbag.py:536} INFO - Filling up the DagBag from /opt/airflow/dags/airflow.py
[2026-08-14T01:50:50.634+0000] {logging_mixin.py:151} INFO - [2026-08-14T01:50:50.634+0000] {dagbag.py:346} ERROR - Failed to import: /opt/airflow/dags/airflow.py
Traceback (most recent call last):
  File "/home/airflow/.local/lib/python3.8/site-packages/airflow/models/dagbag.py", line 342, in parse
    loader.exec_module(new_module)
  File "<frozen importlib._bootstrap_external>", line 843, in exec_module
  File "<frozen importlib._bootstrap>", line 219, in _call_with_frames_removed
  File "/opt/airflow/dags/airflow.py", line 23, in <module>
    from data_preprocessing_scripts.preprocessing import preprocess_data
ModuleNotFoundError: No module named 'data_preprocessing_scripts'
[2026-08-14T01:50:50.634+0000] {processor.py:841} WARNING - No viable dags retrieved from /opt/airflow/dags/airflow.py
[2026-08-14T01:50:50.642+0000] {processor.py:179} INFO - Processing /opt/airflow/dags/airflow.py took 0.076 seconds
[2026-08-14T01:51:20.875+0000] {processor.py:157} INFO - Started process (PID=12429) to work on /opt/airflow/dags/airflow.py
[2026-08-14T01:51:20.876+0000] {processor.py:829} INFO - Processing file /opt/airflow/dags/airflow.py for tasks to queue
[2026-08-14T01:51:20.880+0000] {logging_mixin.py:151} INFO - [2026-08-14T01:51:20.880+0000] {dagbag.py:536} INFO - Filling up the DagBag from /opt/airflow/dags/airflow.py
[2026-08-14T01:51:20.947+0000] {logging_mixin.py:151} INFO - [2026-08-14T01:51:20.947+0000] {dagbag.py:346} ERROR - Failed to import: /opt/airflow/dags/airflow.py
Traceback (most recent call last):
  File "/home/airflow/.local/lib/python3.8/site-packages/airflow/models/dagbag.py", line 342, in parse
    loader.exec_module(new_module)
  File "<frozen importlib._bootstrap_external>", line 843, in exec_module
  File "<frozen importlib._bootstrap>", line 219, in _call_with_frames_removed
  File "/opt/airflow/dags/airflow.py", line 23, in <module>
    from data_preprocessing_scripts.preprocessing import preprocess_data
ModuleNotFoundError: No module named 'data_preprocessing_scripts'
[2026-08-14T01:51:20.947+0000] {processor.py:841} WARNING - No viable dags retrieved from /opt/airflow/dags/airflow.py
[2026-08-14T01:51:20.955+0000] {processor.py:179} INFO - Processing /opt/airflow/dags/airflow.py took 0.084 seconds
[2026-08-14T01:51:51.188+0000] {processor.py:157} INFO - Started process (PID=12437) to work on /opt/airflow/dags/airflow.py
[2026-08-14T01:51:51.190+0000] {processor.py:829} INFO - Processing file /opt/airflow/dags/airflow.py for tasks to queue
[2026-08-14T01:51:51.191+0000] {logging_mixin.py:151} INFO - [2026-08-14T01:51:51.191+0000] {dagbag.py:536} INFO - Filling up the DagBag from /opt/airflow/dags/airflow.py
[2026-08-14T01:51:51.254+0000] {logging_mixin.py:151} INFO - [2026-08-14T01:51:51.254+0000] {dagbag.py:346} ERROR - Failed to import: /opt/airflow/dags/airflow.py
Traceback (most recent call last):
  File "/home/airflow/.local/lib/python3.8/site-packages/airflow/models/dagbag.py", line 342, in parse
    loader.exec_module(new_module)
  File "<frozen importlib._bootstrap_external>", line 843, in exec_module
  File "<frozen importlib._bootstrap>", line 219, in _call_with_frames_removed
  File "/opt/airflow/dags/airflow.py", line 23, in <module>
    from data_preprocessing_scripts.preprocessing import preprocess_data
ModuleNotFoundError: No module named 'data_preprocessing_scripts'
[2026-08-14T01:51:51.254+0000] {processor.py:841} WARNING - No viable dags retrieved from /opt/airflow/dags/airflow.py
[2026-08-14T01:51:51.263+0000] {processor.py:179} INFO - Processing /opt/airflow/dags/airflow.py took 0.077 seconds
[2026-08-14T01:52:21.467+0000] {processor.py:157} INFO - Started process (PID=12445) to work on /opt/airflow/dags/airflow.py
[2026-08-14T01:52:21.469+0000] {processor.py:829} INFO - Processing file /opt/airflow/dags/airflow.py for tasks to queue
[2026-08-14T01:52:21.471+0000] {logging_mixin.py:151} INFO - [2026-08-14T01:52:21.471+0000] {dagbag.py:536} INFO - Filling up the DagBag from /opt/airflow/dags/airflow.py
[2026-08-14T01:52:21.536+0000] {logging_mixin.py:151} INFO - [2026-08-14T01:52:21.535+0000] {dagbag.py:346} ERROR - Failed to import: /opt/airflow/dags/airflow.py
Traceback (most recent call last):
  File "/home/airflow/.local/lib/python3.8/site-packages/airflow/models/dagbag.py", line 342, in parse
    loader.exec_module(new_module)
  File "<frozen importlib._bootstrap_external>", line 843, in exec_module
  File "<frozen importlib._bootstrap>", line 219, in _call_with_frames_removed
  File "/opt/airflow/dags/airflow.py", line 23, in <module>
    from data_preprocessing_scripts.preprocessing import preprocess_data
ModuleNotFoundError: No module named 'data_preprocessing_scripts'
[2026-08-14T01:52:21.536+0000] {processor.py:841} WARNING - No viable dags retrieved from /opt/airflow/dags/airflow.py
[2026-08-14T01:52:21.544+0000] {processor.py:179} INFO - Processing /opt/airflow/dags/airflow.py took 0.080 seconds
[2026-08-14T01:52:51.735+0000] {processor.py:157} INFO - Started process (PID=12453) to work on /opt/airflow/dags/airflow.py
[2026-08-14T01:52:51.736+0000] {processor.py:829} INFO - Processing file /opt/airflow/dags/airflow.py for tasks to queue
[2026-08-14T01:52:51.739+0000] {logging_mixin.py:151} INFO - [2026-08-14T01:52:51.739+0000] {dagbag.py:536} INFO - Filling up the DagBag from /opt/airflow/dags/airflow.py
[2026-08-14T01:52:51.811+0000] {logging_mixin.py:151} INFO - [2026-08-14T01:52:51.811+0000] {dagbag.py:346} ERROR - Failed to import: /opt/airflow/dags/airflow.py
Traceback (most recent call last):
  File "/home/airflow/.local/lib/python3.8/site-packages/airflow/models/dagbag.py", line 342, in parse
    loader.exec_module(new_module)
  File "<frozen importlib._bootstrap_external>", line 843, in exec_module
  File "<frozen importlib._bootstrap>", line 219, in _call_with_frames_removed
  File "/opt/airflow/dags/airflow.py", line 23, in <module>
    from data_preprocessing_scripts.preprocessing import preprocess_data
ModuleNotFoundError: No module named 'data_preprocessing_scripts'
[2026-08-14T01:52:51.812+0000] {processor.py:841} WARNING - No viable dags retrieved from /opt/airflow/dags/airflow.py
[2026-08-14T01:52:51.819+0000] {processor.py:179} INFO - Processing /opt/airflow/dags/airflow.py took 0.087 seconds
[2026-08-14T01:53:21.999+0000] {processor.py:157} INFO - Started process (PID=12461) to work on /opt/airflow/dags/airflow.py
[2026-08-14T01:53:22.000+0000] {processor.py:829} INFO - Processing file /opt/airflow/dags/airflow.py for tasks to queue
[2026-08-14T01:53:22.002+0000] {logging_mixin.py:151} INFO - [2026-08-14T01:53:22.002+0000] {dagbag.py:536} INFO - Filling up the DagBag from /opt/airflow/dags/airflow.py
[2026-08-14T01:53:22.066+0000] {logging_mixin.py:151} INFO - [2026-08-14T01:53:22.065+0000] {dagbag.py:346} ERROR - Failed to import: /opt/airflow/dags/airflow.py
Traceback (most recent call last):
  File "/home/airflow/.local/lib/python3.8/site-packages/airflow/models/dagbag.py", line 342, in parse
    loader.exec_module(new_module)
  File "<frozen importlib._bootstrap_external>", line 843, in exec_module
  File "<frozen importlib._bootstrap>", line 219, in _call_with_frames_removed
  File "/opt/airflow/dags/airflow.py", line 23, in <module>
    from data_preprocessing_scripts.preprocessing import preprocess_data
ModuleNotFoundError: No module named 'data_preprocessing_scripts'
[2026-08-14T01:53:22.066+0000] {processor.py:841} WARNING - No viable dags retrieved from /opt/airflow/dags/airflow.py
[2026-08-14T01:53:22.074+0000] {processor.py:179} INFO - Processing /opt/airflow/dags/airflow.py took 0.077 seconds
[2026-08-14T01:53:52.258+0000] {processor.py:157} INFO - Started process (PID=12469) to work on /opt/airflow/dags/airflow.py
[2026-08-14T01:53:52.258+0000] {processor.py:829} INFO - Processing file /opt/airflow/dags/airflow.py for tasks to queue
[2026-08-14T01:53:52.260+0000] {logging_mixin.py:151} INFO - [2026-08-14T01:53:52.260+0000] {dagbag.py:536} INFO - Filling up the DagBag from /opt/airflow/dags/airflow.py
[2026-08-14T01:53:52.322+0000] {logging_mixin.py:151} INFO - [2026-08-14T01:53:52.321+0000] {dagbag.py:346} ERROR - Failed to import: /opt/airflow/dags/airflow.py
Traceback (most recent call last):
  File "/home/airflow/.local/lib/python3.8/site-packages/airflow/models/dagbag.py", line 342, in parse
    loader.exec_module(new_module)
  File "<frozen importlib._bootstrap_external>", line 843, in exec_module
  File "<frozen importlib._bootstrap>", line 219, in _call_with_frames_removed
  File "/opt/airflow/dags/airflow.py", line 23, in <module>
    from data_preprocessing_scripts.preprocessing import preprocess_data
ModuleNotFoundError: No module named 'data_preprocessing_scripts'
[2026-08-14T01:53:52.322+0000] {processor.py:841} WARNING - No viable dags retrieved from /opt/airflow/dags/airflow.py
[2026-08-14T01:53:52.330+0000] {processor.py:179} INFO - Processing /opt/airflow/dags/airflow.py took 0.075 seconds
[2026-08-14T01:54:22.527+0000] {processor.py:157} INFO - Started process (PID=12477) to work on /opt/airflow/dags/airflow.py
[2026-08-14T01:54:22.528+0000] {processor.py:829} INFO - Processing file /opt/airflow/dags/airflow.py for tasks to queue
[2026-08-14T01:54:22.530+0000] {logging_mixin.py:151} INFO - [2026-08-14T01:54:22.530+0000] {dagbag.py:536} INFO - Filling up the DagBag from /opt/airflow/dags/airflow.py
[2026-08-14T01:54:22.590+0000] {logging_mixin.py:151} INFO - [2026-08-14T01:54:22.589+0000] {dagbag.py:346} ERROR - Failed to import: /opt/airflow/dags/airflow.py
Traceback (most recent call last):
  File "/home/airflow/.local/lib/python3.8/site-packages/airflow/models/dagbag.py", line 342, in parse
    loader.exec_module(new_module)
  File "<frozen importlib._bootstrap_external>", line 843, in exec_module
  File "<frozen importlib._bootstrap>", line 219, in _call_with_frames_removed
  File "/opt/airflow/dags/airflow.py", line 23, in <module>
    from data_preprocessing_scripts.preprocessing import preprocess_data
ModuleNotFoundError: No module named 'data_preprocessing_scripts'
[2026-08-14T01:54:22.590+0000] {processor.py:841} WARNING - No viable dags retrieved from /opt/airflow/dags/airflow.py
[2026-08-14T01:54:22.598+0000] {processor.py:179} INFO - Processing /opt/airflow/dags/airflow.py took 0.074 seconds
[2026-08-14T01:54:52.802+0000] {processor.py:157} INFO - Started process (PID=12485) to work on /opt/airflow/dags/airflow.py
[2026-08-14T01:54:52.803+0000] {processor.py:829} INFO - Processing file /opt/airflow/dags/airflow.py for tasks to queue
[2026-08-14T01:54:52.804+0000] {logging_mixin.py:151} INFO - [2026-08-14T01:54:52.804+0000] {dagbag.py:536} INFO - Filling up the DagBag from /opt/airflow/dags/airflow.py
[2026-08-14T01:54:52.865+0000] {logging_mixin.py:151} INFO - [2026-08-14T01:54:52.865+0000] {dagbag.py:346} ERROR - Failed to import: /opt/airflow/dags/airflow.py
Traceback (most recent call last):
  File "/home/airflow/.local/lib/python3.8/site-packages/airflow/models/dagbag.py", line 342, in parse
    loader.exec_module(new_module)
  File "<frozen importlib._bootstrap_external>", line 843, in exec_module
  File "<frozen importlib._bootstrap>", line 219, in _call_with_frames_removed
  File "/opt/airflow/dags/airflow.py", line 23, in <module>
    from data_preprocessing_scripts.preprocessing import preprocess_data
ModuleNotFoundError: No module named 'data_preprocessing_scripts'
[2026-08-14T01:54:52.866+0000] {processor.py:841} WARNING - No viable dags retrieved from /opt/airflow/dags/airflow.py
[2026-08-14T01:54:52.874+0000] {processor.py:179} INFO - Processing /opt/airflow/dags/airflow.py took 0.074 seconds
[2026-08-14T01:55:23.064+0000] {processor.py:157} INFO - Started process (PID=12493) to work on /opt/airflow/dags/airflow.py
[2026-08-14T01:55:23.065+0000] {processor.py:829} INFO - Processing file /opt/airflow/dags/airflow.py for tasks to queue
[2026-08-14T01:55:23.067+0000] {logging_mixin.py:151} INFO - [2026-08-14T01:55:23.067+0000] {dagbag.py:536} INFO - Filling up the DagBag from /opt/airflow/dags/airflow.py
[2026-08-14T01:55:23.124+0000] {logging_mixin.py:151} INFO - [2026-08-14T01:55:23.123+0000] {dagbag.py:346} ERROR - Failed to import: /opt/airflow/dags/airflow.py
Traceback (most recent call last):
  File "/home/airflow/.local/lib/python3.8/site-packages/airflow/models/dagbag.py", line 342, in parse
    loader.exec_module(new_module)
  File "<frozen importlib._bootstrap_external>", line 843, in exec_module
  File "<frozen importlib._bootstrap>", line 219, in _call_with_frames_removed
  File "/opt/airflow/dags/airflow.py", line 23, in <module>
    from data_preprocessing_scripts.preprocessing import preprocess_data
ModuleNotFoundError: No module named 'data_preprocessing_scripts'
[2026-08-14T01:55:23.124+0000] {processor.py:841} WARNING - No viable dags retrieved from /opt/airflow/dags/airflow.py
[2026-08-14T01:55:23.133+0000] {processor.py:179} INFO - Processing /opt/airflow/dags/airflow.py took 0.071 seconds
[2026-08-14T01:55:53.324+0000] {processor.py:157} INFO - Started process (PID=12501) to work on /opt/airflow/dags/airflow.py
[2026-08-14T01:55:53.324+0000] {processor.py:829} INFO - Processing file /opt/airflow/dags/airflow.py for tasks to queue
[2026-08-14T01:55:53.326+0000] {logging_mixin.py:151} INFO - [2026-08-14T01:55:53.326+0000] {dagbag.py:536} INFO - Filling up the DagBag from /opt/airflow/dags/airflow.py
[2026-08-14T01:55:53.383+0000] {logging_mixin.py:151} INFO - [2026-08-14T01:55:53.382+0000] {dagbag.py:346} ERROR - Failed to import: /opt/airflow/dags/airflow.py
Traceback (most recent call last):
  File "/home/airflow/.local/lib/python3.8/site-packages/airflow/models/dagbag.py", line 342, in parse
    loader.exec_module(new_module)
  File "<frozen importlib._bootstrap_external>", line 843, in exec_module
  File "<frozen importlib._bootstrap>", line 219, in _call_with_frames_removed
  File "/opt/airflow/dags/airflow.py", line 23, in <module>
    from data_preprocessing_scripts.preprocessing import preprocess_data
ModuleNotFoundError: No module named 'data_preprocessing_scripts'
[2026-08-14T01:55:53.383+0000] {processor.py:841} WARNING - No viable dags retrieved from /opt/airflow/dags/airflow.py
[2026-08-14T01:55:53.390+0000] {processor.py:179} INFO - Processing /opt/airflow/dags/airflow.py took 0.069 seconds
[2026-08-14T01:56:23.585+0000] {processor.py:157} INFO - Started process (PID=12509) to work on /opt/airflow/dags/airflow.py
[2026-08-14T01:56:23.586+0000] {processor.py:829} INFO - Processing file /opt/airflow/dags/airflow.py for tasks to queue
[2026-08-14T01:56:23.588+0000] {logging_mixin.py:151} INFO - [2026-08-14T01:56:23.588+0000] {dagbag.py:536} INFO - Filling up the DagBag from /opt/airflow/dags/airflow.py
[2026-08-14T01:56:23.648+0000] {logging_mixin.py:151} INFO - [2026-08-14T01:56:23.648+0000] {dagbag.py:346} ERROR - Failed to import: /opt/airflow/dags/airflow.py
Traceback (most recent call last):
  File "/home/airflow/.local/lib/python3.8/site-packages/airflow/models/dagbag.py", line 342, in parse
    loader.exec_module(new_module)
  File "<frozen importlib._bootstrap_external>", line 843, in exec_module
  File "<frozen importlib._bootstrap>", line 219, in _call_with_frames_removed
  File "/opt/airflow/dags/airflow.py", line 23, in <module>
    from data_preprocessing_scripts.preprocessing import preprocess_data
ModuleNotFoundError: No module named 'data_preprocessing_scripts'
[2026-08-14T01:56:23.648+0000] {processor.py:841} WARNING - No viable dags retrieved from /opt/airflow/dags/airflow.py
[2026-08-14T01:56:23.656+0000] {processor.py:179} INFO - Processing /opt/airflow/dags/airflow.py took 0.073 seconds
[2026-08-14T01:56:53.845+0000] {processor.py:157} INFO - Started process (PID=12517) to work on /opt/airflow/dags/airflow.py
[2026-08-14T01:56:53.846+0000] {processor.py:829} INFO - Processing file /opt/airflow/dags/airflow.py for tasks to queue
[2026-08-14T01:56:53.848+0000] {logging_mixin.py:151} INFO - [2026-08-14T01:56:53.848+0000] {dagbag.py:536} INFO - Filling up the DagBag from /opt/airflow/dags/airflow.py
[2026-08-14T01:56:53.908+0000] {logging_mixin.py:151} INFO - [2026-08-14T01:56:53.908+0000] {dagbag.py:346} ERROR - Failed to import: /opt/airflow/dags/airflow.py
Traceback (most recent call last):
  File "/home/airflow/.local/lib/python3.8/site-packages/airflow/models/dagbag.py", line 342, in parse
    loader.exec_module(new_module)
  File "<frozen importlib._bootstrap_external>", line 843, in exec_module
  File "<frozen importlib._bootstrap>", line 219, in _call_with_frames_removed
  File "/opt/airflow/dags/airflow.py", line 23, in <module>
    from data_preprocessing_scripts.preprocessing import preprocess_data
ModuleNotFoundError: No module named 'data_preprocessing_scripts'
[2026-08-14T01:56:53.909+0000] {processor.py:841} WARNING - No viable dags retrieved from /opt/airflow/dags/airflow.py
[2026-08-14T01:56:53.917+0000] {processor.py:179} INFO - Processing /opt/airflow/dags/airflow.py took 0.075 seconds
[2026-08-14T01:57:24.116+0000] {processor.py:157} INFO - Started process (PID=12525) to work on /opt/airflow/dags/airflow.py
[2026-08-14T01:57:24.117+0000] {processor.py:829} INFO - Processing file /opt/airflow/dags/airflow.py for tasks to queue
[2026-08-14T01:57:24.118+0000] {logging_mixin.py:151} INFO - [2026-08-14T01:57:24.118+0000] {dagbag.py:536} INFO - Filling up the DagBag from /opt/airflow/dags/airflow.py
[2026-08-14T01:57:24.185+0000] {logging_mixin.py:151} INFO - [2026-08-14T01:57:24.184+0000] {dagbag.py:346} ERROR - Failed to import: /opt/airflow/dags/airflow.py
Traceback (most recent call last):
  File "/home/airflow/.local/lib/python3.8/site-packages/airflow/models/dagbag.py", line 342, in parse
    loader.exec_module(new_module)
  File "<frozen importlib._bootstrap_external>", line 843, in exec_module
  File "<frozen importlib._bootstrap>", line 219, in _call_with_frames_removed
  File "/opt/airflow/dags/airflow.py", line 23, in <module>
    from data_preprocessing_scripts.preprocessing import preprocess_data
ModuleNotFoundError: No module named 'data_preprocessing_scripts'
[2026-08-14T01:57:24.185+0000] {processor.py:841} WARNING - No viable dags retrieved from /opt/airflow/dags/airflow.py
[2026-08-14T01:57:24.194+0000] {processor.py:179} INFO - Processing /opt/airflow/dags/airflow.py took 0.081 seconds
[2026-08-14T01:57:54.381+0000] {processor.py:157} INFO - Started process (PID=12533) to work on /opt/airflow/dags/airflow.py
[2026-08-14T01:57:54.382+0000] {processor.py:829} INFO - Processing file /opt/airflow/dags/airflow.py for tasks to queue
[2026-08-14T01:57:54.384+0000] {logging_mixin.py:151} INFO - [2026-08-14T01:57:54.384+0000] {dagbag.py:536} INFO - Filling up the DagBag from /opt/airflow/dags/airflow.py
[2026-08-14T01:57:54.445+0000] {logging_mixin.py:151} INFO - [2026-08-14T01:57:54.444+0000] {dagbag.py:346} ERROR - Failed to import: /opt/airflow/dags/airflow.py
Traceback (most recent call last):
  File "/home/airflow/.local/lib/python3.8/site-packages/airflow/models/dagbag.py", line 342, in parse
    loader.exec_module(new_module)
  File "<frozen importlib._bootstrap_external>", line 843, in exec_module
  File "<frozen importlib._bootstrap>", line 219, in _call_with_frames_removed
  File "/opt/airflow/dags/airflow.py", line 23, in <module>
    from data_preprocessing_scripts.preprocessing import preprocess_data
ModuleNotFoundError: No module named 'data_preprocessing_scripts'
[2026-08-14T01:57:54.445+0000] {processor.py:841} WARNING - No viable dags retrieved from /opt/airflow/dags/airflow.py
[2026-08-14T01:57:54.453+0000] {processor.py:179} INFO - Processing /opt/airflow/dags/airflow.py took 0.074 seconds
[2026-08-14T01:58:24.662+0000] {processor.py:157} INFO - Started process (PID=12541) to work on /opt/airflow/dags/airflow.py
[2026-08-14T01:58:24.663+0000] {processor.py:829} INFO - Processing file /opt/airflow/dags/airflow.py for tasks to queue
[2026-08-14T01:58:24.666+0000] {logging_mixin.py:151} INFO - [2026-08-14T01:58:24.666+0000] {dagbag.py:536} INFO - Filling up the DagBag from /opt/airflow/dags/airflow.py
[2026-08-14T01:58:24.732+0000] {logging_mixin.py:151} INFO - [2026-08-14T01:58:24.731+0000] {dagbag.py:346} ERROR - Failed to import: /opt/airflow/dags/airflow.py
Traceback (most recent call last):
  File "/home/airflow/.local/lib/python3.8/site-packages/airflow/models/dagbag.py", line 342, in parse
    loader.exec_module(new_module)
  File "<frozen importlib._bootstrap_external>", line 843, in exec_module
  File "<frozen importlib._bootstrap>", line 219, in _call_with_frames_removed
  File "/opt/airflow/dags/airflow.py", line 23, in <module>
    from data_preprocessing_scripts.preprocessing import preprocess_data
ModuleNotFoundError: No module named 'data_preprocessing_scripts'
[2026-08-14T01:58:24.732+0000] {processor.py:841} WARNING - No viable dags retrieved from /opt/airflow/dags/airflow.py
[2026-08-14T01:58:24.741+0000] {processor.py:179} INFO - Processing /opt/airflow/dags/airflow.py took 0.081 seconds
[2026-08-14T01:58:54.940+0000] {processor.py:157} INFO - Started process (PID=12549) to work on /opt/airflow/dags/airflow.py
[2026-08-14T01:58:54.941+0000] {processor.py:829} INFO - Processing file /opt/airflow/dags/airflow.py for tasks to queue
[2026-08-14T01:58:54.944+0000] {logging_mixin.py:151} INFO - [2026-08-14T01:58:54.944+0000] {dagbag.py:536} INFO - Filling up the DagBag from /opt/airflow/dags/airflow.py
[2026-08-14T01:58:55.012+0000] {logging_mixin.py:151} INFO - [2026-08-14T01:58:55.011+0000] {dagbag.py:346} ERROR - Failed to import: /opt/airflow/dags/airflow.py
Traceback (most recent call last):
  File "/home/airflow/.local/lib/python3.8/site-packages/airflow/models/dagbag.py", line 342, in parse
    loader.exec_module(new_module)
  File "<frozen importlib._bootstrap_external>", line 843, in exec_module
  File "<frozen importlib._bootstrap>", line 219, in _call_with_frames_removed
  File "/opt/airflow/dags/airflow.py", line 23, in <module>
    from data_preprocessing_scripts.preprocessing import preprocess_data
ModuleNotFoundError: No module named 'data_preprocessing_scripts'
[2026-08-14T01:58:55.012+0000] {processor.py:841} WARNING - No viable dags retrieved from /opt/airflow/dags/airflow.py
[2026-08-14T01:58:55.019+0000] {processor.py:179} INFO - Processing /opt/airflow/dags/airflow.py took 0.082 seconds
[2026-08-14T01:59:25.206+0000] {processor.py:157} INFO - Started process (PID=12557) to work on /opt/airflow/dags/airflow.py
[2026-08-14T01:59:25.207+0000] {processor.py:829} INFO - Processing file /opt/airflow/dags/airflow.py for tasks to queue
[2026-08-14T01:59:25.210+0000] {logging_mixin.py:151} INFO - [2026-08-14T01:59:25.210+0000] {dagbag.py:536} INFO - Filling up the DagBag from /opt/airflow/dags/airflow.py
[2026-08-14T01:59:25.278+0000] {logging_mixin.py:151} INFO - [2026-08-14T01:59:25.277+0000] {dagbag.py:346} ERROR - Failed to import: /opt/airflow/dags/airflow.py
Traceback (most recent call last):
  File "/home/airflow/.local/lib/python3.8/site-packages/airflow/models/dagbag.py", line 342, in parse
    loader.exec_module(new_module)
  File "<frozen importlib._bootstrap_external>", line 843, in exec_module
  File "<frozen importlib._bootstrap>", line 219, in _call_with_frames_removed
  File "/opt/airflow/dags/airflow.py", line 23, in <module>
    from data_preprocessing_scripts.preprocessing import preprocess_data
ModuleNotFoundError: No module named 'data_preprocessing_scripts'
[2026-08-14T01:59:25.278+0000] {processor.py:841} WARNING - No viable dags retrieved from /opt/airflow/dags/airflow.py
[2026-08-14T01:59:25.286+0000] {processor.py:179} INFO - Processing /opt/airflow/dags/airflow.py took 0.083 seconds
[2026-08-14T01:59:55.467+0000] {processor.py:157} INFO - Started process (PID=12565) to work on /opt/airflow/dags/airflow.py
[2026-08-14T01:59:55.467+0000] {processor.py:829} INFO - Processing file /opt/airflow/dags/airflow.py for tasks to queue
[2026-08-14T01:59:55.469+0000] {logging_mixin.py:151} INFO - [2026-08-14T01:59:55.469+0000] {dagbag.py:536} INFO - Filling up the DagBag from /opt/airflow/dags/airflow.py
[2026-08-14T01:59:55.530+0000] {logging_mixin.py:151} INFO - [2026-08-14T01:59:55.529+0000] {dagbag.py:346} ERROR - Failed to import: /opt/airflow/dags/airflow.py
Traceback (most recent call last):
  File "/home/airflow/.local/lib/python3.8/site-packages/airflow/models/dagbag.py", line 342, in parse
    loader.exec_module(new_module)
  File "<frozen importlib._bootstrap_external>", line 843, in exec_module
  File "<frozen importlib._bootstrap>", line 219, in _call_with_frames_removed
  File "/opt/airflow/dags/airflow.py", line 23, in <module>
    from data_preprocessing_scripts.preprocessing import preprocess_data
ModuleNotFoundError: No module named 'data_preprocessing_scripts'
[2026-08-14T01:59:55.530+0000] {processor.py:841} WARNING - No viable dags retrieved from /opt/airflow/dags/airflow.py
[2026-08-14T01:59:55.538+0000] {processor.py:179} INFO - Processing /opt/airflow/dags/airflow.py took 0.073 seconds
[2026-08-14T02:00:25.728+0000] {processor.py:157} INFO - Started process (PID=12573) to work on /opt/airflow/dags/airflow.py
[2026-08-14T02:00:25.730+0000] {processor.py:829} INFO - Processing file /opt/airflow/dags/airflow.py for tasks to queue
[2026-08-14T02:00:25.733+0000] {logging_mixin.py:151} INFO - [2026-08-14T02:00:25.732+0000] {dagbag.py:536} INFO - Filling up the DagBag from /opt/airflow/dags/airflow.py
[2026-08-14T02:00:25.794+0000] {logging_mixin.py:151} INFO - [2026-08-14T02:00:25.794+0000] {dagbag.py:346} ERROR - Failed to import: /opt/airflow/dags/airflow.py
Traceback (most recent call last):
  File "/home/airflow/.local/lib/python3.8/site-packages/airflow/models/dagbag.py", line 342, in parse
    loader.exec_module(new_module)
  File "<frozen importlib._bootstrap_external>", line 843, in exec_module
  File "<frozen importlib._bootstrap>", line 219, in _call_with_frames_removed
  File "/opt/airflow/dags/airflow.py", line 23, in <module>
    from data_preprocessing_scripts.preprocessing import preprocess_data
ModuleNotFoundError: No module named 'data_preprocessing_scripts'
[2026-08-14T02:00:25.795+0000] {processor.py:841} WARNING - No viable dags retrieved from /opt/airflow/dags/airflow.py
[2026-08-14T02:00:25.803+0000] {processor.py:179} INFO - Processing /opt/airflow/dags/airflow.py took 0.077 seconds
[2026-08-14T02:00:55.996+0000] {processor.py:157} INFO - Started process (PID=12581) to work on /opt/airflow/dags/airflow.py
[2026-08-14T02:00:55.998+0000] {processor.py:829} INFO - Processing file /opt/airflow/dags/airflow.py for tasks to queue
[2026-08-14T02:00:56.000+0000] {logging_mixin.py:151} INFO - [2026-08-14T02:00:56.000+0000] {dagbag.py:536} INFO - Filling up the DagBag from /opt/airflow/dags/airflow.py
[2026-08-14T02:00:56.065+0000] {logging_mixin.py:151} INFO - [2026-08-14T02:00:56.064+0000] {dagbag.py:346} ERROR - Failed to import: /opt/airflow/dags/airflow.py
Traceback (most recent call last):
  File "/home/airflow/.local/lib/python3.8/site-packages/airflow/models/dagbag.py", line 342, in parse
    loader.exec_module(new_module)
  File "<frozen importlib._bootstrap_external>", line 843, in exec_module
  File "<frozen importlib._bootstrap>", line 219, in _call_with_frames_removed
  File "/opt/airflow/dags/airflow.py", line 23, in <module>
    from data_preprocessing_scripts.preprocessing import preprocess_data
ModuleNotFoundError: No module named 'data_preprocessing_scripts'
[2026-08-14T02:00:56.065+0000] {processor.py:841} WARNING - No viable dags retrieved from /opt/airflow/dags/airflow.py
[2026-08-14T02:00:56.073+0000] {processor.py:179} INFO - Processing /opt/airflow/dags/airflow.py took 0.078 seconds
[2026-08-14T02:01:26.269+0000] {processor.py:157} INFO - Started process (PID=12589) to work on /opt/airflow/dags/airflow.py
[2026-08-14T02:01:26.270+0000] {processor.py:829} INFO - Processing file /opt/airflow/dags/airflow.py for tasks to queue
[2026-08-14T02:01:26.272+0000] {logging_mixin.py:151} INFO - [2026-08-14T02:01:26.272+0000] {dagbag.py:536} INFO - Filling up the DagBag from /opt/airflow/dags/airflow.py
[2026-08-14T02:01:26.340+0000] {logging_mixin.py:151} INFO - [2026-08-14T02:01:26.339+0000] {dagbag.py:346} ERROR - Failed to import: /opt/airflow/dags/airflow.py
Traceback (most recent call last):
  File "/home/airflow/.local/lib/python3.8/site-packages/airflow/models/dagbag.py", line 342, in parse
    loader.exec_module(new_module)
  File "<frozen importlib._bootstrap_external>", line 843, in exec_module
  File "<frozen importlib._bootstrap>", line 219, in _call_with_frames_removed
  File "/opt/airflow/dags/airflow.py", line 23, in <module>
    from data_preprocessing_scripts.preprocessing import preprocess_data
ModuleNotFoundError: No module named 'data_preprocessing_scripts'
[2026-08-14T02:01:26.340+0000] {processor.py:841} WARNING - No viable dags retrieved from /opt/airflow/dags/airflow.py
[2026-08-14T02:01:26.347+0000] {processor.py:179} INFO - Processing /opt/airflow/dags/airflow.py took 0.082 seconds
[2026-08-14T02:01:56.557+0000] {processor.py:157} INFO - Started process (PID=12597) to work on /opt/airflow/dags/airflow.py
[2026-08-14T02:01:56.558+0000] {processor.py:829} INFO - Processing file /opt/airflow/dags/airflow.py for tasks to queue
[2026-08-14T02:01:56.561+0000] {logging_mixin.py:151} INFO - [2026-08-14T02:01:56.561+0000] {dagbag.py:536} INFO - Filling up the DagBag from /opt/airflow/dags/airflow.py
[2026-08-14T02:01:56.628+0000] {logging_mixin.py:151} INFO - [2026-08-14T02:01:56.627+0000] {dagbag.py:346} ERROR - Failed to import: /opt/airflow/dags/airflow.py
Traceback (most recent call last):
  File "/home/airflow/.local/lib/python3.8/site-packages/airflow/models/dagbag.py", line 342, in parse
    loader.exec_module(new_module)
  File "<frozen importlib._bootstrap_external>", line 843, in exec_module
  File "<frozen importlib._bootstrap>", line 219, in _call_with_frames_removed
  File "/opt/airflow/dags/airflow.py", line 23, in <module>
    from data_preprocessing_scripts.preprocessing import preprocess_data
ModuleNotFoundError: No module named 'data_preprocessing_scripts'
[2026-08-14T02:01:56.628+0000] {processor.py:841} WARNING - No viable dags retrieved from /opt/airflow/dags/airflow.py
[2026-08-14T02:01:56.636+0000] {processor.py:179} INFO - Processing /opt/airflow/dags/airflow.py took 0.081 seconds
[2026-08-14T02:02:26.847+0000] {processor.py:157} INFO - Started process (PID=12606) to work on /opt/airflow/dags/airflow.py
[2026-08-14T02:02:26.848+0000] {processor.py:829} INFO - Processing file /opt/airflow/dags/airflow.py for tasks to queue
[2026-08-14T02:02:26.850+0000] {logging_mixin.py:151} INFO - [2026-08-14T02:02:26.849+0000] {dagbag.py:536} INFO - Filling up the DagBag from /opt/airflow/dags/airflow.py
[2026-08-14T02:02:26.905+0000] {logging_mixin.py:151} INFO - [2026-08-14T02:02:26.904+0000] {dagbag.py:346} ERROR - Failed to import: /opt/airflow/dags/airflow.py
Traceback (most recent call last):
  File "/home/airflow/.local/lib/python3.8/site-packages/airflow/models/dagbag.py", line 342, in parse
    loader.exec_module(new_module)
  File "<frozen importlib._bootstrap_external>", line 843, in exec_module
  File "<frozen importlib._bootstrap>", line 219, in _call_with_frames_removed
  File "/opt/airflow/dags/airflow.py", line 23, in <module>
    from data_preprocessing_scripts.preprocessing import preprocess_data
ModuleNotFoundError: No module named 'data_preprocessing_scripts'
[2026-08-14T02:02:26.905+0000] {processor.py:841} WARNING - No viable dags retrieved from /opt/airflow/dags/airflow.py
[2026-08-14T02:02:26.913+0000] {processor.py:179} INFO - Processing /opt/airflow/dags/airflow.py took 0.069 seconds
[2026-08-14T02:02:57.092+0000] {processor.py:157} INFO - Started process (PID=12614) to work on /opt/airflow/dags/airflow.py
[2026-08-14T02:02:57.093+0000] {processor.py:829} INFO - Processing file /opt/airflow/dags/airflow.py for tasks to queue
[2026-08-14T02:02:57.094+0000] {logging_mixin.py:151} INFO - [2026-08-14T02:02:57.094+0000] {dagbag.py:536} INFO - Filling up the DagBag from /opt/airflow/dags/airflow.py
[2026-08-14T02:02:57.155+0000] {logging_mixin.py:151} INFO - [2026-08-14T02:02:57.155+0000] {dagbag.py:346} ERROR - Failed to import: /opt/airflow/dags/airflow.py
Traceback (most recent call last):
  File "/home/airflow/.local/lib/python3.8/site-packages/airflow/models/dagbag.py", line 342, in parse
    loader.exec_module(new_module)
  File "<frozen importlib._bootstrap_external>", line 843, in exec_module
  File "<frozen importlib._bootstrap>", line 219, in _call_with_frames_removed
  File "/opt/airflow/dags/airflow.py", line 23, in <module>
    from data_preprocessing_scripts.preprocessing import preprocess_data
ModuleNotFoundError: No module named 'data_preprocessing_scripts'
[2026-08-14T02:02:57.156+0000] {processor.py:841} WARNING - No viable dags retrieved from /opt/airflow/dags/airflow.py
[2026-08-14T02:02:57.164+0000] {processor.py:179} INFO - Processing /opt/airflow/dags/airflow.py took 0.074 seconds
[2026-08-14T02:03:27.366+0000] {processor.py:157} INFO - Started process (PID=12622) to work on /opt/airflow/dags/airflow.py
[2026-08-14T02:03:27.367+0000] {processor.py:829} INFO - Processing file /opt/airflow/dags/airflow.py for tasks to queue
[2026-08-14T02:03:27.369+0000] {logging_mixin.py:151} INFO - [2026-08-14T02:03:27.369+0000] {dagbag.py:536} INFO - Filling up the DagBag from /opt/airflow/dags/airflow.py
[2026-08-14T02:03:27.435+0000] {logging_mixin.py:151} INFO - [2026-08-14T02:03:27.434+0000] {dagbag.py:346} ERROR - Failed to import: /opt/airflow/dags/airflow.py
Traceback (most recent call last):
  File "/home/airflow/.local/lib/python3.8/site-packages/airflow/models/dagbag.py", line 342, in parse
    loader.exec_module(new_module)
  File "<frozen importlib._bootstrap_external>", line 843, in exec_module
  File "<frozen importlib._bootstrap>", line 219, in _call_with_frames_removed
  File "/opt/airflow/dags/airflow.py", line 23, in <module>
    from data_preprocessing_scripts.preprocessing import preprocess_data
ModuleNotFoundError: No module named 'data_preprocessing_scripts'
[2026-08-14T02:03:27.435+0000] {processor.py:841} WARNING - No viable dags retrieved from /opt/airflow/dags/airflow.py
[2026-08-14T02:03:27.444+0000] {processor.py:179} INFO - Processing /opt/airflow/dags/airflow.py took 0.079 seconds
[2026-08-14T02:03:57.639+0000] {processor.py:157} INFO - Started process (PID=12630) to work on /opt/airflow/dags/airflow.py
[2026-08-14T02:03:57.640+0000] {processor.py:829} INFO - Processing file /opt/airflow/dags/airflow.py for tasks to queue
[2026-08-14T02:03:57.642+0000] {logging_mixin.py:151} INFO - [2026-08-14T02:03:57.642+0000] {dagbag.py:536} INFO - Filling up the DagBag from /opt/airflow/dags/airflow.py
[2026-08-14T02:03:57.708+0000] {logging_mixin.py:151} INFO - [2026-08-14T02:03:57.707+0000] {dagbag.py:346} ERROR - Failed to import: /opt/airflow/dags/airflow.py
Traceback (most recent call last):
  File "/home/airflow/.local/lib/python3.8/site-packages/airflow/models/dagbag.py", line 342, in parse
    loader.exec_module(new_module)
  File "<frozen importlib._bootstrap_external>", line 843, in exec_module
  File "<frozen importlib._bootstrap>", line 219, in _call_with_frames_removed
  File "/opt/airflow/dags/airflow.py", line 23, in <module>
    from data_preprocessing_scripts.preprocessing import preprocess_data
ModuleNotFoundError: No module named 'data_preprocessing_scripts'
[2026-08-14T02:03:57.708+0000] {processor.py:841} WARNING - No viable dags retrieved from /opt/airflow/dags/airflow.py
[2026-08-14T02:03:57.716+0000] {processor.py:179} INFO - Processing /opt/airflow/dags/airflow.py took 0.079 seconds
[2026-08-14T02:04:27.916+0000] {processor.py:157} INFO - Started process (PID=12638) to work on /opt/airflow/dags/airflow.py
[2026-08-14T02:04:27.918+0000] {processor.py:829} INFO - Processing file /opt/airflow/dags/airflow.py for tasks to queue
[2026-08-14T02:04:27.921+0000] {logging_mixin.py:151} INFO - [2026-08-14T02:04:27.921+0000] {dagbag.py:536} INFO - Filling up the DagBag from /opt/airflow/dags/airflow.py
[2026-08-14T02:04:27.986+0000] {logging_mixin.py:151} INFO - [2026-08-14T02:04:27.986+0000] {dagbag.py:346} ERROR - Failed to import: /opt/airflow/dags/airflow.py
Traceback (most recent call last):
  File "/home/airflow/.local/lib/python3.8/site-packages/airflow/models/dagbag.py", line 342, in parse
    loader.exec_module(new_module)
  File "<frozen importlib._bootstrap_external>", line 843, in exec_module
  File "<frozen importlib._bootstrap>", line 219, in _call_with_frames_removed
  File "/opt/airflow/dags/airflow.py", line 23, in <module>
    from data_preprocessing_scripts.preprocessing import preprocess_data
ModuleNotFoundError: No module named 'data_preprocessing_scripts'
[2026-08-14T02:04:27.987+0000] {processor.py:841} WARNING - No viable dags retrieved from /opt/airflow/dags/airflow.py
[2026-08-14T02:04:27.994+0000] {processor.py:179} INFO - Processing /opt/airflow/dags/airflow.py took 0.081 seconds
[2026-08-14T02:04:58.207+0000] {processor.py:157} INFO - Started process (PID=12646) to work on /opt/airflow/dags/airflow.py
[2026-08-14T02:04:58.208+0000] {processor.py:829} INFO - Processing file /opt/airflow/dags/airflow.py for tasks to queue
[2026-08-14T02:04:58.210+0000] {logging_mixin.py:151} INFO - [2026-08-14T02:04:58.209+0000] {dagbag.py:536} INFO - Filling up the DagBag from /opt/airflow/dags/airflow.py
[2026-08-14T02:04:58.270+0000] {logging_mixin.py:151} INFO - [2026-08-14T02:04:58.269+0000] {dagbag.py:346} ERROR - Failed to import: /opt/airflow/dags/airflow.py
Traceback (most recent call last):
  File "/home/airflow/.local/lib/python3.8/site-packages/airflow/models/dagbag.py", line 342, in parse
    loader.exec_module(new_module)
  File "<frozen importlib._bootstrap_external>", line 843, in exec_module
  File "<frozen importlib._bootstrap>", line 219, in _call_with_frames_removed
  File "/opt/airflow/dags/airflow.py", line 23, in <module>
    from data_preprocessing_scripts.preprocessing import preprocess_data
ModuleNotFoundError: No module named 'data_preprocessing_scripts'
[2026-08-14T02:04:58.270+0000] {processor.py:841} WARNING - No viable dags retrieved from /opt/airflow/dags/airflow.py
[2026-08-14T02:04:58.278+0000] {processor.py:179} INFO - Processing /opt/airflow/dags/airflow.py took 0.073 seconds
[2026-08-14T02:05:28.551+0000] {processor.py:157} INFO - Started process (PID=12654) to work on /opt/airflow/dags/airflow.py
[2026-08-14T02:05:28.553+0000] {processor.py:829} INFO - Processing file /opt/airflow/dags/airflow.py for tasks to queue
[2026-08-14T02:05:28.555+0000] {logging_mixin.py:151} INFO - [2026-08-14T02:05:28.554+0000] {dagbag.py:536} INFO - Filling up the DagBag from /opt/airflow/dags/airflow.py
[2026-08-14T02:05:28.618+0000] {logging_mixin.py:151} INFO - [2026-08-14T02:05:28.617+0000] {dagbag.py:346} ERROR - Failed to import: /opt/airflow/dags/airflow.py
Traceback (most recent call last):
  File "/home/airflow/.local/lib/python3.8/site-packages/airflow/models/dagbag.py", line 342, in parse
    loader.exec_module(new_module)
  File "<frozen importlib._bootstrap_external>", line 843, in exec_module
  File "<frozen importlib._bootstrap>", line 219, in _call_with_frames_removed
  File "/opt/airflow/dags/airflow.py", line 23, in <module>
    from data_preprocessing_scripts.preprocessing import preprocess_data
ModuleNotFoundError: No module named 'data_preprocessing_scripts'
[2026-08-14T02:05:28.618+0000] {processor.py:841} WARNING - No viable dags retrieved from /opt/airflow/dags/airflow.py
[2026-08-14T02:05:28.625+0000] {processor.py:179} INFO - Processing /opt/airflow/dags/airflow.py took 0.078 seconds
[2026-08-14T02:05:58.867+0000] {processor.py:157} INFO - Started process (PID=12662) to work on /opt/airflow/dags/airflow.py
[2026-08-14T02:05:58.868+0000] {processor.py:829} INFO - Processing file /opt/airflow/dags/airflow.py for tasks to queue
[2026-08-14T02:05:58.870+0000] {logging_mixin.py:151} INFO - [2026-08-14T02:05:58.870+0000] {dagbag.py:536} INFO - Filling up the DagBag from /opt/airflow/dags/airflow.py
[2026-08-14T02:05:58.938+0000] {logging_mixin.py:151} INFO - [2026-08-14T02:05:58.937+0000] {dagbag.py:346} ERROR - Failed to import: /opt/airflow/dags/airflow.py
Traceback (most recent call last):
  File "/home/airflow/.local/lib/python3.8/site-packages/airflow/models/dagbag.py", line 342, in parse
    loader.exec_module(new_module)
  File "<frozen importlib._bootstrap_external>", line 843, in exec_module
  File "<frozen importlib._bootstrap>", line 219, in _call_with_frames_removed
  File "/opt/airflow/dags/airflow.py", line 23, in <module>
    from data_preprocessing_scripts.preprocessing import preprocess_data
ModuleNotFoundError: No module named 'data_preprocessing_scripts'
[2026-08-14T02:05:58.938+0000] {processor.py:841} WARNING - No viable dags retrieved from /opt/airflow/dags/airflow.py
[2026-08-14T02:05:58.946+0000] {processor.py:179} INFO - Processing /opt/airflow/dags/airflow.py took 0.082 seconds
[2026-08-14T02:06:29.143+0000] {processor.py:157} INFO - Started process (PID=12670) to work on /opt/airflow/dags/airflow.py
[2026-08-14T02:06:29.144+0000] {processor.py:829} INFO - Processing file /opt/airflow/dags/airflow.py for tasks to queue
[2026-08-14T02:06:29.146+0000] {logging_mixin.py:151} INFO - [2026-08-14T02:06:29.146+0000] {dagbag.py:536} INFO - Filling up the DagBag from /opt/airflow/dags/airflow.py
[2026-08-14T02:06:29.210+0000] {logging_mixin.py:151} INFO - [2026-08-14T02:06:29.210+0000] {dagbag.py:346} ERROR - Failed to import: /opt/airflow/dags/airflow.py
Traceback (most recent call last):
  File "/home/airflow/.local/lib/python3.8/site-packages/airflow/models/dagbag.py", line 342, in parse
    loader.exec_module(new_module)
  File "<frozen importlib._bootstrap_external>", line 843, in exec_module
  File "<frozen importlib._bootstrap>", line 219, in _call_with_frames_removed
  File "/opt/airflow/dags/airflow.py", line 23, in <module>
    from data_preprocessing_scripts.preprocessing import preprocess_data
ModuleNotFoundError: No module named 'data_preprocessing_scripts'
[2026-08-14T02:06:29.211+0000] {processor.py:841} WARNING - No viable dags retrieved from /opt/airflow/dags/airflow.py
[2026-08-14T02:06:29.218+0000] {processor.py:179} INFO - Processing /opt/airflow/dags/airflow.py took 0.078 seconds
[2026-08-14T02:06:59.439+0000] {processor.py:157} INFO - Started process (PID=12678) to work on /opt/airflow/dags/airflow.py
[2026-08-14T02:06:59.442+0000] {processor.py:829} INFO - Processing file /opt/airflow/dags/airflow.py for tasks to queue
[2026-08-14T02:06:59.443+0000] {logging_mixin.py:151} INFO - [2026-08-14T02:06:59.443+0000] {dagbag.py:536} INFO - Filling up the DagBag from /opt/airflow/dags/airflow.py
[2026-08-14T02:06:59.502+0000] {logging_mixin.py:151} INFO - [2026-08-14T02:06:59.502+0000] {dagbag.py:346} ERROR - Failed to import: /opt/airflow/dags/airflow.py
Traceback (most recent call last):
  File "/home/airflow/.local/lib/python3.8/site-packages/airflow/models/dagbag.py", line 342, in parse
    loader.exec_module(new_module)
  File "<frozen importlib._bootstrap_external>", line 843, in exec_module
  File "<frozen importlib._bootstrap>", line 219, in _call_with_frames_removed
  File "/opt/airflow/dags/airflow.py", line 23, in <module>
    from data_preprocessing_scripts.preprocessing import preprocess_data
ModuleNotFoundError: No module named 'data_preprocessing_scripts'
[2026-08-14T02:06:59.502+0000] {processor.py:841} WARNING - No viable dags retrieved from /opt/airflow/dags/airflow.py
[2026-08-14T02:06:59.509+0000] {processor.py:179} INFO - Processing /opt/airflow/dags/airflow.py took 0.073 seconds
[2026-08-14T02:07:29.769+0000] {processor.py:157} INFO - Started process (PID=12686) to work on /opt/airflow/dags/airflow.py
[2026-08-14T02:07:29.770+0000] {processor.py:829} INFO - Processing file /opt/airflow/dags/airflow.py for tasks to queue
[2026-08-14T02:07:29.772+0000] {logging_mixin.py:151} INFO - [2026-08-14T02:07:29.771+0000] {dagbag.py:536} INFO - Filling up the DagBag from /opt/airflow/dags/airflow.py
[2026-08-14T02:07:29.836+0000] {logging_mixin.py:151} INFO - [2026-08-14T02:07:29.835+0000] {dagbag.py:346} ERROR - Failed to import: /opt/airflow/dags/airflow.py
Traceback (most recent call last):
  File "/home/airflow/.local/lib/python3.8/site-packages/airflow/models/dagbag.py", line 342, in parse
    loader.exec_module(new_module)
  File "<frozen importlib._bootstrap_external>", line 843, in exec_module
  File "<frozen importlib._bootstrap>", line 219, in _call_with_frames_removed
  File "/opt/airflow/dags/airflow.py", line 23, in <module>
    from data_preprocessing_scripts.preprocessing import preprocess_data
ModuleNotFoundError: No module named 'data_preprocessing_scripts'
[2026-08-14T02:07:29.836+0000] {processor.py:841} WARNING - No viable dags retrieved from /opt/airflow/dags/airflow.py
[2026-08-14T02:07:29.843+0000] {processor.py:179} INFO - Processing /opt/airflow/dags/airflow.py took 0.078 seconds
[2026-08-14T02:08:00.082+0000] {processor.py:157} INFO - Started process (PID=12694) to work on /opt/airflow/dags/airflow.py
[2026-08-14T02:08:00.084+0000] {processor.py:829} INFO - Processing file /opt/airflow/dags/airflow.py for tasks to queue
[2026-08-14T02:08:00.086+0000] {logging_mixin.py:151} INFO - [2026-08-14T02:08:00.086+0000] {dagbag.py:536} INFO - Filling up the DagBag from /opt/airflow/dags/airflow.py
[2026-08-14T02:08:00.150+0000] {logging_mixin.py:151} INFO - [2026-08-14T02:08:00.149+0000] {dagbag.py:346} ERROR - Failed to import: /opt/airflow/dags/airflow.py
Traceback (most recent call last):
  File "/home/airflow/.local/lib/python3.8/site-packages/airflow/models/dagbag.py", line 342, in parse
    loader.exec_module(new_module)
  File "<frozen importlib._bootstrap_external>", line 843, in exec_module
  File "<frozen importlib._bootstrap>", line 219, in _call_with_frames_removed
  File "/opt/airflow/dags/airflow.py", line 23, in <module>
    from data_preprocessing_scripts.preprocessing import preprocess_data
ModuleNotFoundError: No module named 'data_preprocessing_scripts'
[2026-08-14T02:08:00.150+0000] {processor.py:841} WARNING - No viable dags retrieved from /opt/airflow/dags/airflow.py
[2026-08-14T02:08:00.157+0000] {processor.py:179} INFO - Processing /opt/airflow/dags/airflow.py took 0.078 seconds
[2026-08-14T02:08:30.393+0000] {processor.py:157} INFO - Started process (PID=12702) to work on /opt/airflow/dags/airflow.py
[2026-08-14T02:08:30.393+0000] {processor.py:829} INFO - Processing file /opt/airflow/dags/airflow.py for tasks to queue
[2026-08-14T02:08:30.396+0000] {logging_mixin.py:151} INFO - [2026-08-14T02:08:30.395+0000] {dagbag.py:536} INFO - Filling up the DagBag from /opt/airflow/dags/airflow.py
[2026-08-14T02:08:30.459+0000] {logging_mixin.py:151} INFO - [2026-08-14T02:08:30.459+0000] {dagbag.py:346} ERROR - Failed to import: /opt/airflow/dags/airflow.py
Traceback (most recent call last):
  File "/home/airflow/.local/lib/python3.8/site-packages/airflow/models/dagbag.py", line 342, in parse
    loader.exec_module(new_module)
  File "<frozen importlib._bootstrap_external>", line 843, in exec_module
  File "<frozen importlib._bootstrap>", line 219, in _call_with_frames_removed
  File "/opt/airflow/dags/airflow.py", line 23, in <module>
    from data_preprocessing_scripts.preprocessing import preprocess_data
ModuleNotFoundError: No module named 'data_preprocessing_scripts'
[2026-08-14T02:08:30.459+0000] {processor.py:841} WARNING - No viable dags retrieved from /opt/airflow/dags/airflow.py
[2026-08-14T02:08:30.467+0000] {processor.py:179} INFO - Processing /opt/airflow/dags/airflow.py took 0.078 seconds
[2026-08-14T02:09:00.718+0000] {processor.py:157} INFO - Started process (PID=12710) to work on /opt/airflow/dags/airflow.py
[2026-08-14T02:09:00.719+0000] {processor.py:829} INFO - Processing file /opt/airflow/dags/airflow.py for tasks to queue
[2026-08-14T02:09:00.721+0000] {logging_mixin.py:151} INFO - [2026-08-14T02:09:00.721+0000] {dagbag.py:536} INFO - Filling up the DagBag from /opt/airflow/dags/airflow.py
[2026-08-14T02:09:00.782+0000] {logging_mixin.py:151} INFO - [2026-08-14T02:09:00.781+0000] {dagbag.py:346} ERROR - Failed to import: /opt/airflow/dags/airflow.py
Traceback (most recent call last):
  File "/home/airflow/.local/lib/python3.8/site-packages/airflow/models/dagbag.py", line 342, in parse
    loader.exec_module(new_module)
  File "<frozen importlib._bootstrap_external>", line 843, in exec_module
  File "<frozen importlib._bootstrap>", line 219, in _call_with_frames_removed
  File "/opt/airflow/dags/airflow.py", line 23, in <module>
    from data_preprocessing_scripts.preprocessing import preprocess_data
ModuleNotFoundError: No module named 'data_preprocessing_scripts'
[2026-08-14T02:09:00.782+0000] {processor.py:841} WARNING - No viable dags retrieved from /opt/airflow/dags/airflow.py
[2026-08-14T02:09:00.790+0000] {processor.py:179} INFO - Processing /opt/airflow/dags/airflow.py took 0.074 seconds
[2026-08-14T02:09:31.046+0000] {processor.py:157} INFO - Started process (PID=12718) to work on /opt/airflow/dags/airflow.py
[2026-08-14T02:09:31.047+0000] {processor.py:829} INFO - Processing file /opt/airflow/dags/airflow.py for tasks to queue
[2026-08-14T02:09:31.050+0000] {logging_mixin.py:151} INFO - [2026-08-14T02:09:31.050+0000] {dagbag.py:536} INFO - Filling up the DagBag from /opt/airflow/dags/airflow.py
[2026-08-14T02:09:31.121+0000] {logging_mixin.py:151} INFO - [2026-08-14T02:09:31.120+0000] {dagbag.py:346} ERROR - Failed to import: /opt/airflow/dags/airflow.py
Traceback (most recent call last):
  File "/home/airflow/.local/lib/python3.8/site-packages/airflow/models/dagbag.py", line 342, in parse
    loader.exec_module(new_module)
  File "<frozen importlib._bootstrap_external>", line 843, in exec_module
  File "<frozen importlib._bootstrap>", line 219, in _call_with_frames_removed
  File "/opt/airflow/dags/airflow.py", line 23, in <module>
    from data_preprocessing_scripts.preprocessing import preprocess_data
ModuleNotFoundError: No module named 'data_preprocessing_scripts'
[2026-08-14T02:09:31.121+0000] {processor.py:841} WARNING - No viable dags retrieved from /opt/airflow/dags/airflow.py
[2026-08-14T02:09:31.129+0000] {processor.py:179} INFO - Processing /opt/airflow/dags/airflow.py took 0.087 seconds
[2026-08-14T02:10:01.386+0000] {processor.py:157} INFO - Started process (PID=12726) to work on /opt/airflow/dags/airflow.py
[2026-08-14T02:10:01.386+0000] {processor.py:829} INFO - Processing file /opt/airflow/dags/airflow.py for tasks to queue
[2026-08-14T02:10:01.388+0000] {logging_mixin.py:151} INFO - [2026-08-14T02:10:01.388+0000] {dagbag.py:536} INFO - Filling up the DagBag from /opt/airflow/dags/airflow.py
[2026-08-14T02:10:01.444+0000] {logging_mixin.py:151} INFO - [2026-08-14T02:10:01.444+0000] {dagbag.py:346} ERROR - Failed to import: /opt/airflow/dags/airflow.py
Traceback (most recent call last):
  File "/home/airflow/.local/lib/python3.8/site-packages/airflow/models/dagbag.py", line 342, in parse
    loader.exec_module(new_module)
  File "<frozen importlib._bootstrap_external>", line 843, in exec_module
  File "<frozen importlib._bootstrap>", line 219, in _call_with_frames_removed
  File "/opt/airflow/dags/airflow.py", line 23, in <module>
    from data_preprocessing_scripts.preprocessing import preprocess_data
ModuleNotFoundError: No module named 'data_preprocessing_scripts'
[2026-08-14T02:10:01.445+0000] {processor.py:841} WARNING - No viable dags retrieved from /opt/airflow/dags/airflow.py
[2026-08-14T02:10:01.452+0000] {processor.py:179} INFO - Processing /opt/airflow/dags/airflow.py took 0.069 seconds
[2026-08-14T02:10:31.719+0000] {processor.py:157} INFO - Started process (PID=12734) to work on /opt/airflow/dags/airflow.py
[2026-08-14T02:10:31.720+0000] {processor.py:829} INFO - Processing file /opt/airflow/dags/airflow.py for tasks to queue
[2026-08-14T02:10:31.722+0000] {logging_mixin.py:151} INFO - [2026-08-14T02:10:31.722+0000] {dagbag.py:536} INFO - Filling up the DagBag from /opt/airflow/dags/airflow.py
[2026-08-14T02:10:31.789+0000] {logging_mixin.py:151} INFO - [2026-08-14T02:10:31.788+0000] {dagbag.py:346} ERROR - Failed to import: /opt/airflow/dags/airflow.py
Traceback (most recent call last):
  File "/home/airflow/.local/lib/python3.8/site-packages/airflow/models/dagbag.py", line 342, in parse
    loader.exec_module(new_module)
  File "<frozen importlib._bootstrap_external>", line 843, in exec_module
  File "<frozen importlib._bootstrap>", line 219, in _call_with_frames_removed
  File "/opt/airflow/dags/airflow.py", line 23, in <module>
    from data_preprocessing_scripts.preprocessing import preprocess_data
ModuleNotFoundError: No module named 'data_preprocessing_scripts'
[2026-08-14T02:10:31.789+0000] {processor.py:841} WARNING - No viable dags retrieved from /opt/airflow/dags/airflow.py
[2026-08-14T02:10:31.796+0000] {processor.py:179} INFO - Processing /opt/airflow/dags/airflow.py took 0.081 seconds
[2026-08-14T02:11:02.045+0000] {processor.py:157} INFO - Started process (PID=12742) to work on /opt/airflow/dags/airflow.py
[2026-08-14T02:11:02.046+0000] {processor.py:829} INFO - Processing file /opt/airflow/dags/airflow.py for tasks to queue
[2026-08-14T02:11:02.048+0000] {logging_mixin.py:151} INFO - [2026-08-14T02:11:02.047+0000] {dagbag.py:536} INFO - Filling up the DagBag from /opt/airflow/dags/airflow.py
[2026-08-14T02:11:02.106+0000] {logging_mixin.py:151} INFO - [2026-08-14T02:11:02.105+0000] {dagbag.py:346} ERROR - Failed to import: /opt/airflow/dags/airflow.py
Traceback (most recent call last):
  File "/home/airflow/.local/lib/python3.8/site-packages/airflow/models/dagbag.py", line 342, in parse
    loader.exec_module(new_module)
  File "<frozen importlib._bootstrap_external>", line 843, in exec_module
  File "<frozen importlib._bootstrap>", line 219, in _call_with_frames_removed
  File "/opt/airflow/dags/airflow.py", line 23, in <module>
    from data_preprocessing_scripts.preprocessing import preprocess_data
ModuleNotFoundError: No module named 'data_preprocessing_scripts'
[2026-08-14T02:11:02.106+0000] {processor.py:841} WARNING - No viable dags retrieved from /opt/airflow/dags/airflow.py
[2026-08-14T02:11:02.113+0000] {processor.py:179} INFO - Processing /opt/airflow/dags/airflow.py took 0.070 seconds
[2026-08-14T02:11:32.287+0000] {processor.py:157} INFO - Started process (PID=12750) to work on /opt/airflow/dags/airflow.py
[2026-08-14T02:11:32.288+0000] {processor.py:829} INFO - Processing file /opt/airflow/dags/airflow.py for tasks to queue
[2026-08-14T02:11:32.291+0000] {logging_mixin.py:151} INFO - [2026-08-14T02:11:32.291+0000] {dagbag.py:536} INFO - Filling up the DagBag from /opt/airflow/dags/airflow.py
[2026-08-14T02:11:32.351+0000] {logging_mixin.py:151} INFO - [2026-08-14T02:11:32.350+0000] {dagbag.py:346} ERROR - Failed to import: /opt/airflow/dags/airflow.py
Traceback (most recent call last):
  File "/home/airflow/.local/lib/python3.8/site-packages/airflow/models/dagbag.py", line 342, in parse
    loader.exec_module(new_module)
  File "<frozen importlib._bootstrap_external>", line 843, in exec_module
  File "<frozen importlib._bootstrap>", line 219, in _call_with_frames_removed
  File "/opt/airflow/dags/airflow.py", line 23, in <module>
    from data_preprocessing_scripts.preprocessing import preprocess_data
ModuleNotFoundError: No module named 'data_preprocessing_scripts'
[2026-08-14T02:11:32.351+0000] {processor.py:841} WARNING - No viable dags retrieved from /opt/airflow/dags/airflow.py
[2026-08-14T02:11:32.359+0000] {processor.py:179} INFO - Processing /opt/airflow/dags/airflow.py took 0.074 seconds
[2026-08-14T02:12:02.566+0000] {processor.py:157} INFO - Started process (PID=12758) to work on /opt/airflow/dags/airflow.py
[2026-08-14T02:12:02.568+0000] {processor.py:829} INFO - Processing file /opt/airflow/dags/airflow.py for tasks to queue
[2026-08-14T02:12:02.570+0000] {logging_mixin.py:151} INFO - [2026-08-14T02:12:02.570+0000] {dagbag.py:536} INFO - Filling up the DagBag from /opt/airflow/dags/airflow.py
[2026-08-14T02:12:02.633+0000] {logging_mixin.py:151} INFO - [2026-08-14T02:12:02.632+0000] {dagbag.py:346} ERROR - Failed to import: /opt/airflow/dags/airflow.py
Traceback (most recent call last):
  File "/home/airflow/.local/lib/python3.8/site-packages/airflow/models/dagbag.py", line 342, in parse
    loader.exec_module(new_module)
  File "<frozen importlib._bootstrap_external>", line 843, in exec_module
  File "<frozen importlib._bootstrap>", line 219, in _call_with_frames_removed
  File "/opt/airflow/dags/airflow.py", line 23, in <module>
    from data_preprocessing_scripts.preprocessing import preprocess_data
ModuleNotFoundError: No module named 'data_preprocessing_scripts'
[2026-08-14T02:12:02.633+0000] {processor.py:841} WARNING - No viable dags retrieved from /opt/airflow/dags/airflow.py
[2026-08-14T02:12:02.640+0000] {processor.py:179} INFO - Processing /opt/airflow/dags/airflow.py took 0.076 seconds
[2026-08-14T02:12:32.889+0000] {processor.py:157} INFO - Started process (PID=12766) to work on /opt/airflow/dags/airflow.py
[2026-08-14T02:12:32.891+0000] {processor.py:829} INFO - Processing file /opt/airflow/dags/airflow.py for tasks to queue
[2026-08-14T02:12:32.895+0000] {logging_mixin.py:151} INFO - [2026-08-14T02:12:32.893+0000] {dagbag.py:536} INFO - Filling up the DagBag from /opt/airflow/dags/airflow.py
[2026-08-14T02:12:32.957+0000] {logging_mixin.py:151} INFO - [2026-08-14T02:12:32.957+0000] {dagbag.py:346} ERROR - Failed to import: /opt/airflow/dags/airflow.py
Traceback (most recent call last):
  File "/home/airflow/.local/lib/python3.8/site-packages/airflow/models/dagbag.py", line 342, in parse
    loader.exec_module(new_module)
  File "<frozen importlib._bootstrap_external>", line 843, in exec_module
  File "<frozen importlib._bootstrap>", line 219, in _call_with_frames_removed
  File "/opt/airflow/dags/airflow.py", line 23, in <module>
    from data_preprocessing_scripts.preprocessing import preprocess_data
ModuleNotFoundError: No module named 'data_preprocessing_scripts'
[2026-08-14T02:12:32.958+0000] {processor.py:841} WARNING - No viable dags retrieved from /opt/airflow/dags/airflow.py
[2026-08-14T02:12:32.965+0000] {processor.py:179} INFO - Processing /opt/airflow/dags/airflow.py took 0.079 seconds
[2026-08-14T02:13:03.211+0000] {processor.py:157} INFO - Started process (PID=12774) to work on /opt/airflow/dags/airflow.py
[2026-08-14T02:13:03.212+0000] {processor.py:829} INFO - Processing file /opt/airflow/dags/airflow.py for tasks to queue
[2026-08-14T02:13:03.215+0000] {logging_mixin.py:151} INFO - [2026-08-14T02:13:03.215+0000] {dagbag.py:536} INFO - Filling up the DagBag from /opt/airflow/dags/airflow.py
[2026-08-14T02:13:03.283+0000] {logging_mixin.py:151} INFO - [2026-08-14T02:13:03.282+0000] {dagbag.py:346} ERROR - Failed to import: /opt/airflow/dags/airflow.py
Traceback (most recent call last):
  File "/home/airflow/.local/lib/python3.8/site-packages/airflow/models/dagbag.py", line 342, in parse
    loader.exec_module(new_module)
  File "<frozen importlib._bootstrap_external>", line 843, in exec_module
  File "<frozen importlib._bootstrap>", line 219, in _call_with_frames_removed
  File "/opt/airflow/dags/airflow.py", line 23, in <module>
    from data_preprocessing_scripts.preprocessing import preprocess_data
ModuleNotFoundError: No module named 'data_preprocessing_scripts'
[2026-08-14T02:13:03.283+0000] {processor.py:841} WARNING - No viable dags retrieved from /opt/airflow/dags/airflow.py
[2026-08-14T02:13:03.290+0000] {processor.py:179} INFO - Processing /opt/airflow/dags/airflow.py took 0.083 seconds
[2026-08-14T02:13:33.540+0000] {processor.py:157} INFO - Started process (PID=12782) to work on /opt/airflow/dags/airflow.py
[2026-08-14T02:13:33.541+0000] {processor.py:829} INFO - Processing file /opt/airflow/dags/airflow.py for tasks to queue
[2026-08-14T02:13:33.543+0000] {logging_mixin.py:151} INFO - [2026-08-14T02:13:33.543+0000] {dagbag.py:536} INFO - Filling up the DagBag from /opt/airflow/dags/airflow.py
[2026-08-14T02:13:33.609+0000] {logging_mixin.py:151} INFO - [2026-08-14T02:13:33.608+0000] {dagbag.py:346} ERROR - Failed to import: /opt/airflow/dags/airflow.py
Traceback (most recent call last):
  File "/home/airflow/.local/lib/python3.8/site-packages/airflow/models/dagbag.py", line 342, in parse
    loader.exec_module(new_module)
  File "<frozen importlib._bootstrap_external>", line 843, in exec_module
  File "<frozen importlib._bootstrap>", line 219, in _call_with_frames_removed
  File "/opt/airflow/dags/airflow.py", line 23, in <module>
    from data_preprocessing_scripts.preprocessing import preprocess_data
ModuleNotFoundError: No module named 'data_preprocessing_scripts'
[2026-08-14T02:13:33.609+0000] {processor.py:841} WARNING - No viable dags retrieved from /opt/airflow/dags/airflow.py
[2026-08-14T02:13:33.617+0000] {processor.py:179} INFO - Processing /opt/airflow/dags/airflow.py took 0.081 seconds
[2026-08-14T02:14:03.866+0000] {processor.py:157} INFO - Started process (PID=12790) to work on /opt/airflow/dags/airflow.py
[2026-08-14T02:14:03.868+0000] {processor.py:829} INFO - Processing file /opt/airflow/dags/airflow.py for tasks to queue
[2026-08-14T02:14:03.869+0000] {logging_mixin.py:151} INFO - [2026-08-14T02:14:03.869+0000] {dagbag.py:536} INFO - Filling up the DagBag from /opt/airflow/dags/airflow.py
[2026-08-14T02:14:03.928+0000] {logging_mixin.py:151} INFO - [2026-08-14T02:14:03.927+0000] {dagbag.py:346} ERROR - Failed to import: /opt/airflow/dags/airflow.py
Traceback (most recent call last):
  File "/home/airflow/.local/lib/python3.8/site-packages/airflow/models/dagbag.py", line 342, in parse
    loader.exec_module(new_module)
  File "<frozen importlib._bootstrap_external>", line 843, in exec_module
  File "<frozen importlib._bootstrap>", line 219, in _call_with_frames_removed
  File "/opt/airflow/dags/airflow.py", line 23, in <module>
    from data_preprocessing_scripts.preprocessing import preprocess_data
ModuleNotFoundError: No module named 'data_preprocessing_scripts'
[2026-08-14T02:14:03.928+0000] {processor.py:841} WARNING - No viable dags retrieved from /opt/airflow/dags/airflow.py
[2026-08-14T02:14:03.935+0000] {processor.py:179} INFO - Processing /opt/airflow/dags/airflow.py took 0.072 seconds
[2026-08-14T02:14:34.166+0000] {processor.py:157} INFO - Started process (PID=12798) to work on /opt/airflow/dags/airflow.py
[2026-08-14T02:14:34.167+0000] {processor.py:829} INFO - Processing file /opt/airflow/dags/airflow.py for tasks to queue
[2026-08-14T02:14:34.170+0000] {logging_mixin.py:151} INFO - [2026-08-14T02:14:34.170+0000] {dagbag.py:536} INFO - Filling up the DagBag from /opt/airflow/dags/airflow.py
[2026-08-14T02:14:34.239+0000] {logging_mixin.py:151} INFO - [2026-08-14T02:14:34.238+0000] {dagbag.py:346} ERROR - Failed to import: /opt/airflow/dags/airflow.py
Traceback (most recent call last):
  File "/home/airflow/.local/lib/python3.8/site-packages/airflow/models/dagbag.py", line 342, in parse
    loader.exec_module(new_module)
  File "<frozen importlib._bootstrap_external>", line 843, in exec_module
  File "<frozen importlib._bootstrap>", line 219, in _call_with_frames_removed
  File "/opt/airflow/dags/airflow.py", line 23, in <module>
    from data_preprocessing_scripts.preprocessing import preprocess_data
ModuleNotFoundError: No module named 'data_preprocessing_scripts'
[2026-08-14T02:14:34.239+0000] {processor.py:841} WARNING - No viable dags retrieved from /opt/airflow/dags/airflow.py
[2026-08-14T02:14:34.247+0000] {processor.py:179} INFO - Processing /opt/airflow/dags/airflow.py took 0.087 seconds
[2026-08-14T02:15:04.510+0000] {processor.py:157} INFO - Started process (PID=12806) to work on /opt/airflow/dags/airflow.py
[2026-08-14T02:15:04.510+0000] {processor.py:829} INFO - Processing file /opt/airflow/dags/airflow.py for tasks to queue
[2026-08-14T02:15:04.512+0000] {logging_mixin.py:151} INFO - [2026-08-14T02:15:04.512+0000] {dagbag.py:536} INFO - Filling up the DagBag from /opt/airflow/dags/airflow.py
[2026-08-14T02:15:04.575+0000] {logging_mixin.py:151} INFO - [2026-08-14T02:15:04.574+0000] {dagbag.py:346} ERROR - Failed to import: /opt/airflow/dags/airflow.py
Traceback (most recent call last):
  File "/home/airflow/.local/lib/python3.8/site-packages/airflow/models/dagbag.py", line 342, in parse
    loader.exec_module(new_module)
  File "<frozen importlib._bootstrap_external>", line 843, in exec_module
  File "<frozen importlib._bootstrap>", line 219, in _call_with_frames_removed
  File "/opt/airflow/dags/airflow.py", line 23, in <module>
    from data_preprocessing_scripts.preprocessing import preprocess_data
ModuleNotFoundError: No module named 'data_preprocessing_scripts'
[2026-08-14T02:15:04.575+0000] {processor.py:841} WARNING - No viable dags retrieved from /opt/airflow/dags/airflow.py
[2026-08-14T02:15:04.582+0000] {processor.py:179} INFO - Processing /opt/airflow/dags/airflow.py took 0.075 seconds
[2026-08-14T02:15:34.858+0000] {processor.py:157} INFO - Started process (PID=12814) to work on /opt/airflow/dags/airflow.py
[2026-08-14T02:15:34.860+0000] {processor.py:829} INFO - Processing file /opt/airflow/dags/airflow.py for tasks to queue
[2026-08-14T02:15:34.862+0000] {logging_mixin.py:151} INFO - [2026-08-14T02:15:34.862+0000] {dagbag.py:536} INFO - Filling up the DagBag from /opt/airflow/dags/airflow.py
[2026-08-14T02:15:34.926+0000] {logging_mixin.py:151} INFO - [2026-08-14T02:15:34.925+0000] {dagbag.py:346} ERROR - Failed to import: /opt/airflow/dags/airflow.py
Traceback (most recent call last):
  File "/home/airflow/.local/lib/python3.8/site-packages/airflow/models/dagbag.py", line 342, in parse
    loader.exec_module(new_module)
  File "<frozen importlib._bootstrap_external>", line 843, in exec_module
  File "<frozen importlib._bootstrap>", line 219, in _call_with_frames_removed
  File "/opt/airflow/dags/airflow.py", line 23, in <module>
    from data_preprocessing_scripts.preprocessing import preprocess_data
ModuleNotFoundError: No module named 'data_preprocessing_scripts'
[2026-08-14T02:15:34.926+0000] {processor.py:841} WARNING - No viable dags retrieved from /opt/airflow/dags/airflow.py
[2026-08-14T02:15:34.933+0000] {processor.py:179} INFO - Processing /opt/airflow/dags/airflow.py took 0.080 seconds
[2026-08-14T02:16:05.192+0000] {processor.py:157} INFO - Started process (PID=12822) to work on /opt/airflow/dags/airflow.py
[2026-08-14T02:16:05.193+0000] {processor.py:829} INFO - Processing file /opt/airflow/dags/airflow.py for tasks to queue
[2026-08-14T02:16:05.195+0000] {logging_mixin.py:151} INFO - [2026-08-14T02:16:05.194+0000] {dagbag.py:536} INFO - Filling up the DagBag from /opt/airflow/dags/airflow.py
[2026-08-14T02:16:05.257+0000] {logging_mixin.py:151} INFO - [2026-08-14T02:16:05.256+0000] {dagbag.py:346} ERROR - Failed to import: /opt/airflow/dags/airflow.py
Traceback (most recent call last):
  File "/home/airflow/.local/lib/python3.8/site-packages/airflow/models/dagbag.py", line 342, in parse
    loader.exec_module(new_module)
  File "<frozen importlib._bootstrap_external>", line 843, in exec_module
  File "<frozen importlib._bootstrap>", line 219, in _call_with_frames_removed
  File "/opt/airflow/dags/airflow.py", line 23, in <module>
    from data_preprocessing_scripts.preprocessing import preprocess_data
ModuleNotFoundError: No module named 'data_preprocessing_scripts'
[2026-08-14T02:16:05.257+0000] {processor.py:841} WARNING - No viable dags retrieved from /opt/airflow/dags/airflow.py
[2026-08-14T02:16:05.265+0000] {processor.py:179} INFO - Processing /opt/airflow/dags/airflow.py took 0.076 seconds
[2026-08-14T02:16:35.521+0000] {processor.py:157} INFO - Started process (PID=12830) to work on /opt/airflow/dags/airflow.py
[2026-08-14T02:16:35.522+0000] {processor.py:829} INFO - Processing file /opt/airflow/dags/airflow.py for tasks to queue
[2026-08-14T02:16:35.525+0000] {logging_mixin.py:151} INFO - [2026-08-14T02:16:35.525+0000] {dagbag.py:536} INFO - Filling up the DagBag from /opt/airflow/dags/airflow.py
[2026-08-14T02:16:35.590+0000] {logging_mixin.py:151} INFO - [2026-08-14T02:16:35.589+0000] {dagbag.py:346} ERROR - Failed to import: /opt/airflow/dags/airflow.py
Traceback (most recent call last):
  File "/home/airflow/.local/lib/python3.8/site-packages/airflow/models/dagbag.py", line 342, in parse
    loader.exec_module(new_module)
  File "<frozen importlib._bootstrap_external>", line 843, in exec_module
  File "<frozen importlib._bootstrap>", line 219, in _call_with_frames_removed
  File "/opt/airflow/dags/airflow.py", line 23, in <module>
    from data_preprocessing_scripts.preprocessing import preprocess_data
ModuleNotFoundError: No module named 'data_preprocessing_scripts'
[2026-08-14T02:16:35.590+0000] {processor.py:841} WARNING - No viable dags retrieved from /opt/airflow/dags/airflow.py
[2026-08-14T02:16:35.597+0000] {processor.py:179} INFO - Processing /opt/airflow/dags/airflow.py took 0.080 seconds
[2026-08-14T02:17:05.783+0000] {processor.py:157} INFO - Started process (PID=12838) to work on /opt/airflow/dags/airflow.py
[2026-08-14T02:17:05.784+0000] {processor.py:829} INFO - Processing file /opt/airflow/dags/airflow.py for tasks to queue
[2026-08-14T02:17:05.786+0000] {logging_mixin.py:151} INFO - [2026-08-14T02:17:05.786+0000] {dagbag.py:536} INFO - Filling up the DagBag from /opt/airflow/dags/airflow.py
[2026-08-14T02:17:05.850+0000] {logging_mixin.py:151} INFO - [2026-08-14T02:17:05.849+0000] {dagbag.py:346} ERROR - Failed to import: /opt/airflow/dags/airflow.py
Traceback (most recent call last):
  File "/home/airflow/.local/lib/python3.8/site-packages/airflow/models/dagbag.py", line 342, in parse
    loader.exec_module(new_module)
  File "<frozen importlib._bootstrap_external>", line 843, in exec_module
  File "<frozen importlib._bootstrap>", line 219, in _call_with_frames_removed
  File "/opt/airflow/dags/airflow.py", line 23, in <module>
    from data_preprocessing_scripts.preprocessing import preprocess_data
ModuleNotFoundError: No module named 'data_preprocessing_scripts'
[2026-08-14T02:17:05.850+0000] {processor.py:841} WARNING - No viable dags retrieved from /opt/airflow/dags/airflow.py
[2026-08-14T02:17:05.858+0000] {processor.py:179} INFO - Processing /opt/airflow/dags/airflow.py took 0.078 seconds
[2026-08-14T02:17:36.080+0000] {processor.py:157} INFO - Started process (PID=12846) to work on /opt/airflow/dags/airflow.py
[2026-08-14T02:17:36.081+0000] {processor.py:829} INFO - Processing file /opt/airflow/dags/airflow.py for tasks to queue
[2026-08-14T02:17:36.082+0000] {logging_mixin.py:151} INFO - [2026-08-14T02:17:36.082+0000] {dagbag.py:536} INFO - Filling up the DagBag from /opt/airflow/dags/airflow.py
[2026-08-14T02:17:36.151+0000] {logging_mixin.py:151} INFO - [2026-08-14T02:17:36.151+0000] {dagbag.py:346} ERROR - Failed to import: /opt/airflow/dags/airflow.py
Traceback (most recent call last):
  File "/home/airflow/.local/lib/python3.8/site-packages/airflow/models/dagbag.py", line 342, in parse
    loader.exec_module(new_module)
  File "<frozen importlib._bootstrap_external>", line 843, in exec_module
  File "<frozen importlib._bootstrap>", line 219, in _call_with_frames_removed
  File "/opt/airflow/dags/airflow.py", line 23, in <module>
    from data_preprocessing_scripts.preprocessing import preprocess_data
ModuleNotFoundError: No module named 'data_preprocessing_scripts'
[2026-08-14T02:17:36.152+0000] {processor.py:841} WARNING - No viable dags retrieved from /opt/airflow/dags/airflow.py
[2026-08-14T02:17:36.160+0000] {processor.py:179} INFO - Processing /opt/airflow/dags/airflow.py took 0.082 seconds
[2026-08-14T02:18:06.437+0000] {processor.py:157} INFO - Started process (PID=12854) to work on /opt/airflow/dags/airflow.py
[2026-08-14T02:18:06.439+0000] {processor.py:829} INFO - Processing file /opt/airflow/dags/airflow.py for tasks to queue
[2026-08-14T02:18:06.441+0000] {logging_mixin.py:151} INFO - [2026-08-14T02:18:06.441+0000] {dagbag.py:536} INFO - Filling up the DagBag from /opt/airflow/dags/airflow.py
[2026-08-14T02:18:06.504+0000] {logging_mixin.py:151} INFO - [2026-08-14T02:18:06.504+0000] {dagbag.py:346} ERROR - Failed to import: /opt/airflow/dags/airflow.py
Traceback (most recent call last):
  File "/home/airflow/.local/lib/python3.8/site-packages/airflow/models/dagbag.py", line 342, in parse
    loader.exec_module(new_module)
  File "<frozen importlib._bootstrap_external>", line 843, in exec_module
  File "<frozen importlib._bootstrap>", line 219, in _call_with_frames_removed
  File "/opt/airflow/dags/airflow.py", line 23, in <module>
    from data_preprocessing_scripts.preprocessing import preprocess_data
ModuleNotFoundError: No module named 'data_preprocessing_scripts'
[2026-08-14T02:18:06.505+0000] {processor.py:841} WARNING - No viable dags retrieved from /opt/airflow/dags/airflow.py
[2026-08-14T02:18:06.512+0000] {processor.py:179} INFO - Processing /opt/airflow/dags/airflow.py took 0.078 seconds
[2026-08-14T02:18:36.717+0000] {processor.py:157} INFO - Started process (PID=12862) to work on /opt/airflow/dags/airflow.py
[2026-08-14T02:18:36.718+0000] {processor.py:829} INFO - Processing file /opt/airflow/dags/airflow.py for tasks to queue
[2026-08-14T02:18:36.721+0000] {logging_mixin.py:151} INFO - [2026-08-14T02:18:36.720+0000] {dagbag.py:536} INFO - Filling up the DagBag from /opt/airflow/dags/airflow.py
[2026-08-14T02:18:36.788+0000] {logging_mixin.py:151} INFO - [2026-08-14T02:18:36.787+0000] {dagbag.py:346} ERROR - Failed to import: /opt/airflow/dags/airflow.py
Traceback (most recent call last):
  File "/home/airflow/.local/lib/python3.8/site-packages/airflow/models/dagbag.py", line 342, in parse
    loader.exec_module(new_module)
  File "<frozen importlib._bootstrap_external>", line 843, in exec_module
  File "<frozen importlib._bootstrap>", line 219, in _call_with_frames_removed
  File "/opt/airflow/dags/airflow.py", line 23, in <module>
    from data_preprocessing_scripts.preprocessing import preprocess_data
ModuleNotFoundError: No module named 'data_preprocessing_scripts'
[2026-08-14T02:18:36.788+0000] {processor.py:841} WARNING - No viable dags retrieved from /opt/airflow/dags/airflow.py
[2026-08-14T02:18:36.795+0000] {processor.py:179} INFO - Processing /opt/airflow/dags/airflow.py took 0.082 seconds
[2026-08-14T02:19:06.983+0000] {processor.py:157} INFO - Started process (PID=12870) to work on /opt/airflow/dags/airflow.py
[2026-08-14T02:19:06.984+0000] {processor.py:829} INFO - Processing file /opt/airflow/dags/airflow.py for tasks to queue
[2026-08-14T02:19:06.986+0000] {logging_mixin.py:151} INFO - [2026-08-14T02:19:06.985+0000] {dagbag.py:536} INFO - Filling up the DagBag from /opt/airflow/dags/airflow.py
[2026-08-14T02:19:07.047+0000] {logging_mixin.py:151} INFO - [2026-08-14T02:19:07.047+0000] {dagbag.py:346} ERROR - Failed to import: /opt/airflow/dags/airflow.py
Traceback (most recent call last):
  File "/home/airflow/.local/lib/python3.8/site-packages/airflow/models/dagbag.py", line 342, in parse
    loader.exec_module(new_module)
  File "<frozen importlib._bootstrap_external>", line 843, in exec_module
  File "<frozen importlib._bootstrap>", line 219, in _call_with_frames_removed
  File "/opt/airflow/dags/airflow.py", line 23, in <module>
    from data_preprocessing_scripts.preprocessing import preprocess_data
ModuleNotFoundError: No module named 'data_preprocessing_scripts'
[2026-08-14T02:19:07.048+0000] {processor.py:841} WARNING - No viable dags retrieved from /opt/airflow/dags/airflow.py
[2026-08-14T02:19:07.057+0000] {processor.py:179} INFO - Processing /opt/airflow/dags/airflow.py took 0.076 seconds
[2026-08-14T02:19:37.280+0000] {processor.py:157} INFO - Started process (PID=12878) to work on /opt/airflow/dags/airflow.py
[2026-08-14T02:19:37.282+0000] {processor.py:829} INFO - Processing file /opt/airflow/dags/airflow.py for tasks to queue
[2026-08-14T02:19:37.284+0000] {logging_mixin.py:151} INFO - [2026-08-14T02:19:37.284+0000] {dagbag.py:536} INFO - Filling up the DagBag from /opt/airflow/dags/airflow.py
[2026-08-14T02:19:37.356+0000] {logging_mixin.py:151} INFO - [2026-08-14T02:19:37.356+0000] {dagbag.py:346} ERROR - Failed to import: /opt/airflow/dags/airflow.py
Traceback (most recent call last):
  File "/home/airflow/.local/lib/python3.8/site-packages/airflow/models/dagbag.py", line 342, in parse
    loader.exec_module(new_module)
  File "<frozen importlib._bootstrap_external>", line 843, in exec_module
  File "<frozen importlib._bootstrap>", line 219, in _call_with_frames_removed
  File "/opt/airflow/dags/airflow.py", line 23, in <module>
    from data_preprocessing_scripts.preprocessing import preprocess_data
ModuleNotFoundError: No module named 'data_preprocessing_scripts'
[2026-08-14T02:19:37.357+0000] {processor.py:841} WARNING - No viable dags retrieved from /opt/airflow/dags/airflow.py
[2026-08-14T02:19:37.364+0000] {processor.py:179} INFO - Processing /opt/airflow/dags/airflow.py took 0.087 seconds
[2026-08-14T02:20:07.607+0000] {processor.py:157} INFO - Started process (PID=12886) to work on /opt/airflow/dags/airflow.py
[2026-08-14T02:20:07.609+0000] {processor.py:829} INFO - Processing file /opt/airflow/dags/airflow.py for tasks to queue
[2026-08-14T02:20:07.612+0000] {logging_mixin.py:151} INFO - [2026-08-14T02:20:07.611+0000] {dagbag.py:536} INFO - Filling up the DagBag from /opt/airflow/dags/airflow.py
[2026-08-14T02:20:07.690+0000] {logging_mixin.py:151} INFO - [2026-08-14T02:20:07.689+0000] {dagbag.py:346} ERROR - Failed to import: /opt/airflow/dags/airflow.py
Traceback (most recent call last):
  File "/home/airflow/.local/lib/python3.8/site-packages/airflow/models/dagbag.py", line 342, in parse
    loader.exec_module(new_module)
  File "<frozen importlib._bootstrap_external>", line 843, in exec_module
  File "<frozen importlib._bootstrap>", line 219, in _call_with_frames_removed
  File "/opt/airflow/dags/airflow.py", line 23, in <module>
    from data_preprocessing_scripts.preprocessing import preprocess_data
ModuleNotFoundError: No module named 'data_preprocessing_scripts'
[2026-08-14T02:20:07.690+0000] {processor.py:841} WARNING - No viable dags retrieved from /opt/airflow/dags/airflow.py
[2026-08-14T02:20:07.707+0000] {processor.py:179} INFO - Processing /opt/airflow/dags/airflow.py took 0.102 seconds
[2026-08-14T02:20:37.920+0000] {processor.py:157} INFO - Started process (PID=12894) to work on /opt/airflow/dags/airflow.py
[2026-08-14T02:20:37.921+0000] {processor.py:829} INFO - Processing file /opt/airflow/dags/airflow.py for tasks to queue
[2026-08-14T02:20:37.924+0000] {logging_mixin.py:151} INFO - [2026-08-14T02:20:37.924+0000] {dagbag.py:536} INFO - Filling up the DagBag from /opt/airflow/dags/airflow.py
[2026-08-14T02:20:37.994+0000] {logging_mixin.py:151} INFO - [2026-08-14T02:20:37.993+0000] {dagbag.py:346} ERROR - Failed to import: /opt/airflow/dags/airflow.py
Traceback (most recent call last):
  File "/home/airflow/.local/lib/python3.8/site-packages/airflow/models/dagbag.py", line 342, in parse
    loader.exec_module(new_module)
  File "<frozen importlib._bootstrap_external>", line 843, in exec_module
  File "<frozen importlib._bootstrap>", line 219, in _call_with_frames_removed
  File "/opt/airflow/dags/airflow.py", line 23, in <module>
    from data_preprocessing_scripts.preprocessing import preprocess_data
ModuleNotFoundError: No module named 'data_preprocessing_scripts'
[2026-08-14T02:20:37.994+0000] {processor.py:841} WARNING - No viable dags retrieved from /opt/airflow/dags/airflow.py
[2026-08-14T02:20:38.002+0000] {processor.py:179} INFO - Processing /opt/airflow/dags/airflow.py took 0.085 seconds
[2026-08-14T02:21:08.247+0000] {processor.py:157} INFO - Started process (PID=12902) to work on /opt/airflow/dags/airflow.py
[2026-08-14T02:21:08.248+0000] {processor.py:829} INFO - Processing file /opt/airflow/dags/airflow.py for tasks to queue
[2026-08-14T02:21:08.251+0000] {logging_mixin.py:151} INFO - [2026-08-14T02:21:08.250+0000] {dagbag.py:536} INFO - Filling up the DagBag from /opt/airflow/dags/airflow.py
[2026-08-14T02:21:08.310+0000] {logging_mixin.py:151} INFO - [2026-08-14T02:21:08.310+0000] {dagbag.py:346} ERROR - Failed to import: /opt/airflow/dags/airflow.py
Traceback (most recent call last):
  File "/home/airflow/.local/lib/python3.8/site-packages/airflow/models/dagbag.py", line 342, in parse
    loader.exec_module(new_module)
  File "<frozen importlib._bootstrap_external>", line 843, in exec_module
  File "<frozen importlib._bootstrap>", line 219, in _call_with_frames_removed
  File "/opt/airflow/dags/airflow.py", line 23, in <module>
    from data_preprocessing_scripts.preprocessing import preprocess_data
ModuleNotFoundError: No module named 'data_preprocessing_scripts'
[2026-08-14T02:21:08.311+0000] {processor.py:841} WARNING - No viable dags retrieved from /opt/airflow/dags/airflow.py
[2026-08-14T02:21:08.319+0000] {processor.py:179} INFO - Processing /opt/airflow/dags/airflow.py took 0.074 seconds
[2026-08-14T02:21:38.569+0000] {processor.py:157} INFO - Started process (PID=12910) to work on /opt/airflow/dags/airflow.py
[2026-08-14T02:21:38.570+0000] {processor.py:829} INFO - Processing file /opt/airflow/dags/airflow.py for tasks to queue
[2026-08-14T02:21:38.573+0000] {logging_mixin.py:151} INFO - [2026-08-14T02:21:38.573+0000] {dagbag.py:536} INFO - Filling up the DagBag from /opt/airflow/dags/airflow.py
[2026-08-14T02:21:38.637+0000] {logging_mixin.py:151} INFO - [2026-08-14T02:21:38.636+0000] {dagbag.py:346} ERROR - Failed to import: /opt/airflow/dags/airflow.py
Traceback (most recent call last):
  File "/home/airflow/.local/lib/python3.8/site-packages/airflow/models/dagbag.py", line 342, in parse
    loader.exec_module(new_module)
  File "<frozen importlib._bootstrap_external>", line 843, in exec_module
  File "<frozen importlib._bootstrap>", line 219, in _call_with_frames_removed
  File "/opt/airflow/dags/airflow.py", line 23, in <module>
    from data_preprocessing_scripts.preprocessing import preprocess_data
ModuleNotFoundError: No module named 'data_preprocessing_scripts'
[2026-08-14T02:21:38.637+0000] {processor.py:841} WARNING - No viable dags retrieved from /opt/airflow/dags/airflow.py
[2026-08-14T02:21:38.644+0000] {processor.py:179} INFO - Processing /opt/airflow/dags/airflow.py took 0.080 seconds
[2026-08-14T02:22:08.926+0000] {processor.py:157} INFO - Started process (PID=12918) to work on /opt/airflow/dags/airflow.py
[2026-08-14T02:22:08.927+0000] {processor.py:829} INFO - Processing file /opt/airflow/dags/airflow.py for tasks to queue
[2026-08-14T02:22:08.929+0000] {logging_mixin.py:151} INFO - [2026-08-14T02:22:08.928+0000] {dagbag.py:536} INFO - Filling up the DagBag from /opt/airflow/dags/airflow.py
[2026-08-14T02:22:08.992+0000] {logging_mixin.py:151} INFO - [2026-08-14T02:22:08.991+0000] {dagbag.py:346} ERROR - Failed to import: /opt/airflow/dags/airflow.py
Traceback (most recent call last):
  File "/home/airflow/.local/lib/python3.8/site-packages/airflow/models/dagbag.py", line 342, in parse
    loader.exec_module(new_module)
  File "<frozen importlib._bootstrap_external>", line 843, in exec_module
  File "<frozen importlib._bootstrap>", line 219, in _call_with_frames_removed
  File "/opt/airflow/dags/airflow.py", line 23, in <module>
    from data_preprocessing_scripts.preprocessing import preprocess_data
ModuleNotFoundError: No module named 'data_preprocessing_scripts'
[2026-08-14T02:22:08.992+0000] {processor.py:841} WARNING - No viable dags retrieved from /opt/airflow/dags/airflow.py
[2026-08-14T02:22:09.000+0000] {processor.py:179} INFO - Processing /opt/airflow/dags/airflow.py took 0.077 seconds
[2026-08-14T02:22:39.179+0000] {processor.py:157} INFO - Started process (PID=12926) to work on /opt/airflow/dags/airflow.py
[2026-08-14T02:22:39.180+0000] {processor.py:829} INFO - Processing file /opt/airflow/dags/airflow.py for tasks to queue
[2026-08-14T02:22:39.182+0000] {logging_mixin.py:151} INFO - [2026-08-14T02:22:39.182+0000] {dagbag.py:536} INFO - Filling up the DagBag from /opt/airflow/dags/airflow.py
[2026-08-14T02:22:39.243+0000] {logging_mixin.py:151} INFO - [2026-08-14T02:22:39.242+0000] {dagbag.py:346} ERROR - Failed to import: /opt/airflow/dags/airflow.py
Traceback (most recent call last):
  File "/home/airflow/.local/lib/python3.8/site-packages/airflow/models/dagbag.py", line 342, in parse
    loader.exec_module(new_module)
  File "<frozen importlib._bootstrap_external>", line 843, in exec_module
  File "<frozen importlib._bootstrap>", line 219, in _call_with_frames_removed
  File "/opt/airflow/dags/airflow.py", line 23, in <module>
    from data_preprocessing_scripts.preprocessing import preprocess_data
ModuleNotFoundError: No module named 'data_preprocessing_scripts'
[2026-08-14T02:22:39.243+0000] {processor.py:841} WARNING - No viable dags retrieved from /opt/airflow/dags/airflow.py
[2026-08-14T02:22:39.251+0000] {processor.py:179} INFO - Processing /opt/airflow/dags/airflow.py took 0.075 seconds
[2026-08-14T02:23:09.530+0000] {processor.py:157} INFO - Started process (PID=12934) to work on /opt/airflow/dags/airflow.py
[2026-08-14T02:23:09.531+0000] {processor.py:829} INFO - Processing file /opt/airflow/dags/airflow.py for tasks to queue
[2026-08-14T02:23:09.533+0000] {logging_mixin.py:151} INFO - [2026-08-14T02:23:09.533+0000] {dagbag.py:536} INFO - Filling up the DagBag from /opt/airflow/dags/airflow.py
[2026-08-14T02:23:09.593+0000] {logging_mixin.py:151} INFO - [2026-08-14T02:23:09.593+0000] {dagbag.py:346} ERROR - Failed to import: /opt/airflow/dags/airflow.py
Traceback (most recent call last):
  File "/home/airflow/.local/lib/python3.8/site-packages/airflow/models/dagbag.py", line 342, in parse
    loader.exec_module(new_module)
  File "<frozen importlib._bootstrap_external>", line 843, in exec_module
  File "<frozen importlib._bootstrap>", line 219, in _call_with_frames_removed
  File "/opt/airflow/dags/airflow.py", line 23, in <module>
    from data_preprocessing_scripts.preprocessing import preprocess_data
ModuleNotFoundError: No module named 'data_preprocessing_scripts'
[2026-08-14T02:23:09.594+0000] {processor.py:841} WARNING - No viable dags retrieved from /opt/airflow/dags/airflow.py
[2026-08-14T02:23:09.601+0000] {processor.py:179} INFO - Processing /opt/airflow/dags/airflow.py took 0.073 seconds
[2026-08-14T02:23:39.842+0000] {processor.py:157} INFO - Started process (PID=12942) to work on /opt/airflow/dags/airflow.py
[2026-08-14T02:23:39.843+0000] {processor.py:829} INFO - Processing file /opt/airflow/dags/airflow.py for tasks to queue
[2026-08-14T02:23:39.844+0000] {logging_mixin.py:151} INFO - [2026-08-14T02:23:39.844+0000] {dagbag.py:536} INFO - Filling up the DagBag from /opt/airflow/dags/airflow.py
[2026-08-14T02:23:39.906+0000] {logging_mixin.py:151} INFO - [2026-08-14T02:23:39.905+0000] {dagbag.py:346} ERROR - Failed to import: /opt/airflow/dags/airflow.py
Traceback (most recent call last):
  File "/home/airflow/.local/lib/python3.8/site-packages/airflow/models/dagbag.py", line 342, in parse
    loader.exec_module(new_module)
  File "<frozen importlib._bootstrap_external>", line 843, in exec_module
  File "<frozen importlib._bootstrap>", line 219, in _call_with_frames_removed
  File "/opt/airflow/dags/airflow.py", line 23, in <module>
    from data_preprocessing_scripts.preprocessing import preprocess_data
ModuleNotFoundError: No module named 'data_preprocessing_scripts'
[2026-08-14T02:23:39.906+0000] {processor.py:841} WARNING - No viable dags retrieved from /opt/airflow/dags/airflow.py
[2026-08-14T02:23:39.915+0000] {processor.py:179} INFO - Processing /opt/airflow/dags/airflow.py took 0.075 seconds
[2026-08-14T02:24:10.146+0000] {processor.py:157} INFO - Started process (PID=12950) to work on /opt/airflow/dags/airflow.py
[2026-08-14T02:24:10.147+0000] {processor.py:829} INFO - Processing file /opt/airflow/dags/airflow.py for tasks to queue
[2026-08-14T02:24:10.149+0000] {logging_mixin.py:151} INFO - [2026-08-14T02:24:10.148+0000] {dagbag.py:536} INFO - Filling up the DagBag from /opt/airflow/dags/airflow.py
[2026-08-14T02:24:10.205+0000] {logging_mixin.py:151} INFO - [2026-08-14T02:24:10.204+0000] {dagbag.py:346} ERROR - Failed to import: /opt/airflow/dags/airflow.py
Traceback (most recent call last):
  File "/home/airflow/.local/lib/python3.8/site-packages/airflow/models/dagbag.py", line 342, in parse
    loader.exec_module(new_module)
  File "<frozen importlib._bootstrap_external>", line 843, in exec_module
  File "<frozen importlib._bootstrap>", line 219, in _call_with_frames_removed
  File "/opt/airflow/dags/airflow.py", line 23, in <module>
    from data_preprocessing_scripts.preprocessing import preprocess_data
ModuleNotFoundError: No module named 'data_preprocessing_scripts'
[2026-08-14T02:24:10.205+0000] {processor.py:841} WARNING - No viable dags retrieved from /opt/airflow/dags/airflow.py
[2026-08-14T02:24:10.212+0000] {processor.py:179} INFO - Processing /opt/airflow/dags/airflow.py took 0.068 seconds
[2026-08-14T02:24:40.467+0000] {processor.py:157} INFO - Started process (PID=12958) to work on /opt/airflow/dags/airflow.py
[2026-08-14T02:24:40.468+0000] {processor.py:829} INFO - Processing file /opt/airflow/dags/airflow.py for tasks to queue
[2026-08-14T02:24:40.472+0000] {logging_mixin.py:151} INFO - [2026-08-14T02:24:40.471+0000] {dagbag.py:536} INFO - Filling up the DagBag from /opt/airflow/dags/airflow.py
[2026-08-14T02:24:40.548+0000] {logging_mixin.py:151} INFO - [2026-08-14T02:24:40.548+0000] {dagbag.py:346} ERROR - Failed to import: /opt/airflow/dags/airflow.py
Traceback (most recent call last):
  File "/home/airflow/.local/lib/python3.8/site-packages/airflow/models/dagbag.py", line 342, in parse
    loader.exec_module(new_module)
  File "<frozen importlib._bootstrap_external>", line 843, in exec_module
  File "<frozen importlib._bootstrap>", line 219, in _call_with_frames_removed
  File "/opt/airflow/dags/airflow.py", line 23, in <module>
    from data_preprocessing_scripts.preprocessing import preprocess_data
ModuleNotFoundError: No module named 'data_preprocessing_scripts'
[2026-08-14T02:24:40.548+0000] {processor.py:841} WARNING - No viable dags retrieved from /opt/airflow/dags/airflow.py
[2026-08-14T02:24:40.556+0000] {processor.py:179} INFO - Processing /opt/airflow/dags/airflow.py took 0.095 seconds
[2026-08-14T02:25:10.791+0000] {processor.py:157} INFO - Started process (PID=12966) to work on /opt/airflow/dags/airflow.py
[2026-08-14T02:25:10.791+0000] {processor.py:829} INFO - Processing file /opt/airflow/dags/airflow.py for tasks to queue
[2026-08-14T02:25:10.793+0000] {logging_mixin.py:151} INFO - [2026-08-14T02:25:10.793+0000] {dagbag.py:536} INFO - Filling up the DagBag from /opt/airflow/dags/airflow.py
[2026-08-14T02:25:10.856+0000] {logging_mixin.py:151} INFO - [2026-08-14T02:25:10.855+0000] {dagbag.py:346} ERROR - Failed to import: /opt/airflow/dags/airflow.py
Traceback (most recent call last):
  File "/home/airflow/.local/lib/python3.8/site-packages/airflow/models/dagbag.py", line 342, in parse
    loader.exec_module(new_module)
  File "<frozen importlib._bootstrap_external>", line 843, in exec_module
  File "<frozen importlib._bootstrap>", line 219, in _call_with_frames_removed
  File "/opt/airflow/dags/airflow.py", line 23, in <module>
    from data_preprocessing_scripts.preprocessing import preprocess_data
ModuleNotFoundError: No module named 'data_preprocessing_scripts'
[2026-08-14T02:25:10.856+0000] {processor.py:841} WARNING - No viable dags retrieved from /opt/airflow/dags/airflow.py
[2026-08-14T02:25:10.865+0000] {processor.py:179} INFO - Processing /opt/airflow/dags/airflow.py took 0.077 seconds
[2026-08-14T02:25:41.092+0000] {processor.py:157} INFO - Started process (PID=12974) to work on /opt/airflow/dags/airflow.py
[2026-08-14T02:25:41.092+0000] {processor.py:829} INFO - Processing file /opt/airflow/dags/airflow.py for tasks to queue
[2026-08-14T02:25:41.095+0000] {logging_mixin.py:151} INFO - [2026-08-14T02:25:41.094+0000] {dagbag.py:536} INFO - Filling up the DagBag from /opt/airflow/dags/airflow.py
[2026-08-14T02:25:41.163+0000] {logging_mixin.py:151} INFO - [2026-08-14T02:25:41.162+0000] {dagbag.py:346} ERROR - Failed to import: /opt/airflow/dags/airflow.py
Traceback (most recent call last):
  File "/home/airflow/.local/lib/python3.8/site-packages/airflow/models/dagbag.py", line 342, in parse
    loader.exec_module(new_module)
  File "<frozen importlib._bootstrap_external>", line 843, in exec_module
  File "<frozen importlib._bootstrap>", line 219, in _call_with_frames_removed
  File "/opt/airflow/dags/airflow.py", line 23, in <module>
    from data_preprocessing_scripts.preprocessing import preprocess_data
ModuleNotFoundError: No module named 'data_preprocessing_scripts'
[2026-08-14T02:25:41.164+0000] {processor.py:841} WARNING - No viable dags retrieved from /opt/airflow/dags/airflow.py
[2026-08-14T02:25:41.172+0000] {processor.py:179} INFO - Processing /opt/airflow/dags/airflow.py took 0.084 seconds
[2026-08-14T02:26:11.405+0000] {processor.py:157} INFO - Started process (PID=12988) to work on /opt/airflow/dags/airflow.py
[2026-08-14T02:26:11.406+0000] {processor.py:829} INFO - Processing file /opt/airflow/dags/airflow.py for tasks to queue
[2026-08-14T02:26:11.408+0000] {logging_mixin.py:151} INFO - [2026-08-14T02:26:11.407+0000] {dagbag.py:536} INFO - Filling up the DagBag from /opt/airflow/dags/airflow.py
[2026-08-14T02:26:11.469+0000] {logging_mixin.py:151} INFO - [2026-08-14T02:26:11.468+0000] {dagbag.py:346} ERROR - Failed to import: /opt/airflow/dags/airflow.py
Traceback (most recent call last):
  File "/home/airflow/.local/lib/python3.8/site-packages/airflow/models/dagbag.py", line 342, in parse
    loader.exec_module(new_module)
  File "<frozen importlib._bootstrap_external>", line 843, in exec_module
  File "<frozen importlib._bootstrap>", line 219, in _call_with_frames_removed
  File "/opt/airflow/dags/airflow.py", line 23, in <module>
    from data_preprocessing_scripts.preprocessing import preprocess_data
ModuleNotFoundError: No module named 'data_preprocessing_scripts'
[2026-08-14T02:26:11.469+0000] {processor.py:841} WARNING - No viable dags retrieved from /opt/airflow/dags/airflow.py
[2026-08-14T02:26:11.646+0000] {processor.py:179} INFO - Processing /opt/airflow/dags/airflow.py took 0.244 seconds
[2026-08-14T02:26:41.720+0000] {processor.py:157} INFO - Started process (PID=12996) to work on /opt/airflow/dags/airflow.py
[2026-08-14T02:26:41.721+0000] {processor.py:829} INFO - Processing file /opt/airflow/dags/airflow.py for tasks to queue
[2026-08-14T02:26:41.724+0000] {logging_mixin.py:151} INFO - [2026-08-14T02:26:41.723+0000] {dagbag.py:536} INFO - Filling up the DagBag from /opt/airflow/dags/airflow.py
[2026-08-14T02:26:41.792+0000] {logging_mixin.py:151} INFO - [2026-08-14T02:26:41.791+0000] {dagbag.py:346} ERROR - Failed to import: /opt/airflow/dags/airflow.py
Traceback (most recent call last):
  File "/home/airflow/.local/lib/python3.8/site-packages/airflow/models/dagbag.py", line 342, in parse
    loader.exec_module(new_module)
  File "<frozen importlib._bootstrap_external>", line 843, in exec_module
  File "<frozen importlib._bootstrap>", line 219, in _call_with_frames_removed
  File "/opt/airflow/dags/airflow.py", line 23, in <module>
    from data_preprocessing_scripts.preprocessing import preprocess_data
ModuleNotFoundError: No module named 'data_preprocessing_scripts'
[2026-08-14T02:26:41.792+0000] {processor.py:841} WARNING - No viable dags retrieved from /opt/airflow/dags/airflow.py
[2026-08-14T02:26:41.800+0000] {processor.py:179} INFO - Processing /opt/airflow/dags/airflow.py took 0.084 seconds
[2026-08-14T02:27:12.061+0000] {processor.py:157} INFO - Started process (PID=13004) to work on /opt/airflow/dags/airflow.py
[2026-08-14T02:27:12.062+0000] {processor.py:829} INFO - Processing file /opt/airflow/dags/airflow.py for tasks to queue
[2026-08-14T02:27:12.063+0000] {logging_mixin.py:151} INFO - [2026-08-14T02:27:12.063+0000] {dagbag.py:536} INFO - Filling up the DagBag from /opt/airflow/dags/airflow.py
[2026-08-14T02:27:12.205+0000] {logging_mixin.py:151} INFO - [2026-08-14T02:27:12.204+0000] {dagbag.py:346} ERROR - Failed to import: /opt/airflow/dags/airflow.py
Traceback (most recent call last):
  File "/home/airflow/.local/lib/python3.8/site-packages/airflow/models/dagbag.py", line 342, in parse
    loader.exec_module(new_module)
  File "<frozen importlib._bootstrap_external>", line 843, in exec_module
  File "<frozen importlib._bootstrap>", line 219, in _call_with_frames_removed
  File "/opt/airflow/dags/airflow.py", line 23, in <module>
    from data_preprocessing_scripts.preprocessing import preprocess_data
ModuleNotFoundError: No module named 'data_preprocessing_scripts'
[2026-08-14T02:27:12.205+0000] {processor.py:841} WARNING - No viable dags retrieved from /opt/airflow/dags/airflow.py
[2026-08-14T02:27:12.212+0000] {processor.py:179} INFO - Processing /opt/airflow/dags/airflow.py took 0.154 seconds
[2026-08-14T02:27:42.351+0000] {processor.py:157} INFO - Started process (PID=13012) to work on /opt/airflow/dags/airflow.py
[2026-08-14T02:27:42.352+0000] {processor.py:829} INFO - Processing file /opt/airflow/dags/airflow.py for tasks to queue
[2026-08-14T02:27:42.353+0000] {logging_mixin.py:151} INFO - [2026-08-14T02:27:42.353+0000] {dagbag.py:536} INFO - Filling up the DagBag from /opt/airflow/dags/airflow.py
[2026-08-14T02:27:42.414+0000] {logging_mixin.py:151} INFO - [2026-08-14T02:27:42.413+0000] {dagbag.py:346} ERROR - Failed to import: /opt/airflow/dags/airflow.py
Traceback (most recent call last):
  File "/home/airflow/.local/lib/python3.8/site-packages/airflow/models/dagbag.py", line 342, in parse
    loader.exec_module(new_module)
  File "<frozen importlib._bootstrap_external>", line 843, in exec_module
  File "<frozen importlib._bootstrap>", line 219, in _call_with_frames_removed
  File "/opt/airflow/dags/airflow.py", line 23, in <module>
    from data_preprocessing_scripts.preprocessing import preprocess_data
ModuleNotFoundError: No module named 'data_preprocessing_scripts'
[2026-08-14T02:27:42.414+0000] {processor.py:841} WARNING - No viable dags retrieved from /opt/airflow/dags/airflow.py
[2026-08-14T02:27:42.421+0000] {processor.py:179} INFO - Processing /opt/airflow/dags/airflow.py took 0.072 seconds
[2026-08-14T02:28:12.625+0000] {processor.py:157} INFO - Started process (PID=13020) to work on /opt/airflow/dags/airflow.py
[2026-08-14T02:28:12.626+0000] {processor.py:829} INFO - Processing file /opt/airflow/dags/airflow.py for tasks to queue
[2026-08-14T02:28:12.627+0000] {logging_mixin.py:151} INFO - [2026-08-14T02:28:12.627+0000] {dagbag.py:536} INFO - Filling up the DagBag from /opt/airflow/dags/airflow.py
[2026-08-14T02:28:12.693+0000] {logging_mixin.py:151} INFO - [2026-08-14T02:28:12.692+0000] {dagbag.py:346} ERROR - Failed to import: /opt/airflow/dags/airflow.py
Traceback (most recent call last):
  File "/home/airflow/.local/lib/python3.8/site-packages/airflow/models/dagbag.py", line 342, in parse
    loader.exec_module(new_module)
  File "<frozen importlib._bootstrap_external>", line 843, in exec_module
  File "<frozen importlib._bootstrap>", line 219, in _call_with_frames_removed
  File "/opt/airflow/dags/airflow.py", line 23, in <module>
    from data_preprocessing_scripts.preprocessing import preprocess_data
ModuleNotFoundError: No module named 'data_preprocessing_scripts'
[2026-08-14T02:28:12.693+0000] {processor.py:841} WARNING - No viable dags retrieved from /opt/airflow/dags/airflow.py
[2026-08-14T02:28:12.700+0000] {processor.py:179} INFO - Processing /opt/airflow/dags/airflow.py took 0.079 seconds
[2026-08-14T02:28:42.877+0000] {processor.py:157} INFO - Started process (PID=13028) to work on /opt/airflow/dags/airflow.py
[2026-08-14T02:28:42.878+0000] {processor.py:829} INFO - Processing file /opt/airflow/dags/airflow.py for tasks to queue
[2026-08-14T02:28:42.882+0000] {logging_mixin.py:151} INFO - [2026-08-14T02:28:42.882+0000] {dagbag.py:536} INFO - Filling up the DagBag from /opt/airflow/dags/airflow.py
[2026-08-14T02:28:42.951+0000] {logging_mixin.py:151} INFO - [2026-08-14T02:28:42.950+0000] {dagbag.py:346} ERROR - Failed to import: /opt/airflow/dags/airflow.py
Traceback (most recent call last):
  File "/home/airflow/.local/lib/python3.8/site-packages/airflow/models/dagbag.py", line 342, in parse
    loader.exec_module(new_module)
  File "<frozen importlib._bootstrap_external>", line 843, in exec_module
  File "<frozen importlib._bootstrap>", line 219, in _call_with_frames_removed
  File "/opt/airflow/dags/airflow.py", line 23, in <module>
    from data_preprocessing_scripts.preprocessing import preprocess_data
ModuleNotFoundError: No module named 'data_preprocessing_scripts'
[2026-08-14T02:28:42.951+0000] {processor.py:841} WARNING - No viable dags retrieved from /opt/airflow/dags/airflow.py
[2026-08-14T02:28:43.051+0000] {processor.py:179} INFO - Processing /opt/airflow/dags/airflow.py took 0.176 seconds
[2026-08-14T02:29:13.155+0000] {processor.py:157} INFO - Started process (PID=13037) to work on /opt/airflow/dags/airflow.py
[2026-08-14T02:29:13.155+0000] {processor.py:829} INFO - Processing file /opt/airflow/dags/airflow.py for tasks to queue
[2026-08-14T02:29:13.157+0000] {logging_mixin.py:151} INFO - [2026-08-14T02:29:13.157+0000] {dagbag.py:536} INFO - Filling up the DagBag from /opt/airflow/dags/airflow.py
[2026-08-14T02:29:13.215+0000] {logging_mixin.py:151} INFO - [2026-08-14T02:29:13.214+0000] {dagbag.py:346} ERROR - Failed to import: /opt/airflow/dags/airflow.py
Traceback (most recent call last):
  File "/home/airflow/.local/lib/python3.8/site-packages/airflow/models/dagbag.py", line 342, in parse
    loader.exec_module(new_module)
  File "<frozen importlib._bootstrap_external>", line 843, in exec_module
  File "<frozen importlib._bootstrap>", line 219, in _call_with_frames_removed
  File "/opt/airflow/dags/airflow.py", line 23, in <module>
    from data_preprocessing_scripts.preprocessing import preprocess_data
ModuleNotFoundError: No module named 'data_preprocessing_scripts'
[2026-08-14T02:29:13.215+0000] {processor.py:841} WARNING - No viable dags retrieved from /opt/airflow/dags/airflow.py
[2026-08-14T02:29:13.222+0000] {processor.py:179} INFO - Processing /opt/airflow/dags/airflow.py took 0.069 seconds
[2026-08-14T02:29:43.413+0000] {processor.py:157} INFO - Started process (PID=13045) to work on /opt/airflow/dags/airflow.py
[2026-08-14T02:29:43.415+0000] {processor.py:829} INFO - Processing file /opt/airflow/dags/airflow.py for tasks to queue
[2026-08-14T02:29:43.418+0000] {logging_mixin.py:151} INFO - [2026-08-14T02:29:43.417+0000] {dagbag.py:536} INFO - Filling up the DagBag from /opt/airflow/dags/airflow.py
[2026-08-14T02:29:43.571+0000] {logging_mixin.py:151} INFO - [2026-08-14T02:29:43.571+0000] {dagbag.py:346} ERROR - Failed to import: /opt/airflow/dags/airflow.py
Traceback (most recent call last):
  File "/home/airflow/.local/lib/python3.8/site-packages/airflow/models/dagbag.py", line 342, in parse
    loader.exec_module(new_module)
  File "<frozen importlib._bootstrap_external>", line 843, in exec_module
  File "<frozen importlib._bootstrap>", line 219, in _call_with_frames_removed
  File "/opt/airflow/dags/airflow.py", line 23, in <module>
    from data_preprocessing_scripts.preprocessing import preprocess_data
ModuleNotFoundError: No module named 'data_preprocessing_scripts'
[2026-08-14T02:29:43.571+0000] {processor.py:841} WARNING - No viable dags retrieved from /opt/airflow/dags/airflow.py
[2026-08-14T02:29:43.579+0000] {processor.py:179} INFO - Processing /opt/airflow/dags/airflow.py took 0.168 seconds
[2026-08-14T02:30:13.696+0000] {processor.py:157} INFO - Started process (PID=13053) to work on /opt/airflow/dags/airflow.py
[2026-08-14T02:30:13.696+0000] {processor.py:829} INFO - Processing file /opt/airflow/dags/airflow.py for tasks to queue
[2026-08-14T02:30:13.697+0000] {logging_mixin.py:151} INFO - [2026-08-14T02:30:13.697+0000] {dagbag.py:536} INFO - Filling up the DagBag from /opt/airflow/dags/airflow.py
[2026-08-14T02:30:13.759+0000] {logging_mixin.py:151} INFO - [2026-08-14T02:30:13.759+0000] {dagbag.py:346} ERROR - Failed to import: /opt/airflow/dags/airflow.py
Traceback (most recent call last):
  File "/home/airflow/.local/lib/python3.8/site-packages/airflow/models/dagbag.py", line 342, in parse
    loader.exec_module(new_module)
  File "<frozen importlib._bootstrap_external>", line 843, in exec_module
  File "<frozen importlib._bootstrap>", line 219, in _call_with_frames_removed
  File "/opt/airflow/dags/airflow.py", line 23, in <module>
    from data_preprocessing_scripts.preprocessing import preprocess_data
ModuleNotFoundError: No module named 'data_preprocessing_scripts'
[2026-08-14T02:30:13.760+0000] {processor.py:841} WARNING - No viable dags retrieved from /opt/airflow/dags/airflow.py
[2026-08-14T02:30:13.767+0000] {processor.py:179} INFO - Processing /opt/airflow/dags/airflow.py took 0.073 seconds
[2026-08-14T02:30:44.001+0000] {processor.py:157} INFO - Started process (PID=13061) to work on /opt/airflow/dags/airflow.py
[2026-08-14T02:30:44.002+0000] {processor.py:829} INFO - Processing file /opt/airflow/dags/airflow.py for tasks to queue
[2026-08-14T02:30:44.004+0000] {logging_mixin.py:151} INFO - [2026-08-14T02:30:44.003+0000] {dagbag.py:536} INFO - Filling up the DagBag from /opt/airflow/dags/airflow.py
[2026-08-14T02:30:44.060+0000] {logging_mixin.py:151} INFO - [2026-08-14T02:30:44.059+0000] {dagbag.py:346} ERROR - Failed to import: /opt/airflow/dags/airflow.py
Traceback (most recent call last):
  File "/home/airflow/.local/lib/python3.8/site-packages/airflow/models/dagbag.py", line 342, in parse
    loader.exec_module(new_module)
  File "<frozen importlib._bootstrap_external>", line 843, in exec_module
  File "<frozen importlib._bootstrap>", line 219, in _call_with_frames_removed
  File "/opt/airflow/dags/airflow.py", line 23, in <module>
    from data_preprocessing_scripts.preprocessing import preprocess_data
ModuleNotFoundError: No module named 'data_preprocessing_scripts'
[2026-08-14T02:30:44.060+0000] {processor.py:841} WARNING - No viable dags retrieved from /opt/airflow/dags/airflow.py
[2026-08-14T02:30:44.070+0000] {processor.py:179} INFO - Processing /opt/airflow/dags/airflow.py took 0.071 seconds
[2026-08-14T02:31:14.237+0000] {processor.py:157} INFO - Started process (PID=13069) to work on /opt/airflow/dags/airflow.py
[2026-08-14T02:31:14.238+0000] {processor.py:829} INFO - Processing file /opt/airflow/dags/airflow.py for tasks to queue
[2026-08-14T02:31:14.240+0000] {logging_mixin.py:151} INFO - [2026-08-14T02:31:14.240+0000] {dagbag.py:536} INFO - Filling up the DagBag from /opt/airflow/dags/airflow.py
[2026-08-14T02:31:14.299+0000] {logging_mixin.py:151} INFO - [2026-08-14T02:31:14.298+0000] {dagbag.py:346} ERROR - Failed to import: /opt/airflow/dags/airflow.py
Traceback (most recent call last):
  File "/home/airflow/.local/lib/python3.8/site-packages/airflow/models/dagbag.py", line 342, in parse
    loader.exec_module(new_module)
  File "<frozen importlib._bootstrap_external>", line 843, in exec_module
  File "<frozen importlib._bootstrap>", line 219, in _call_with_frames_removed
  File "/opt/airflow/dags/airflow.py", line 23, in <module>
    from data_preprocessing_scripts.preprocessing import preprocess_data
ModuleNotFoundError: No module named 'data_preprocessing_scripts'
[2026-08-14T02:31:14.299+0000] {processor.py:841} WARNING - No viable dags retrieved from /opt/airflow/dags/airflow.py
[2026-08-14T02:31:14.307+0000] {processor.py:179} INFO - Processing /opt/airflow/dags/airflow.py took 0.071 seconds
[2026-08-14T02:31:44.575+0000] {processor.py:157} INFO - Started process (PID=13077) to work on /opt/airflow/dags/airflow.py
[2026-08-14T02:31:44.575+0000] {processor.py:829} INFO - Processing file /opt/airflow/dags/airflow.py for tasks to queue
[2026-08-14T02:31:44.579+0000] {logging_mixin.py:151} INFO - [2026-08-14T02:31:44.579+0000] {dagbag.py:536} INFO - Filling up the DagBag from /opt/airflow/dags/airflow.py
[2026-08-14T02:31:44.644+0000] {logging_mixin.py:151} INFO - [2026-08-14T02:31:44.643+0000] {dagbag.py:346} ERROR - Failed to import: /opt/airflow/dags/airflow.py
Traceback (most recent call last):
  File "/home/airflow/.local/lib/python3.8/site-packages/airflow/models/dagbag.py", line 342, in parse
    loader.exec_module(new_module)
  File "<frozen importlib._bootstrap_external>", line 843, in exec_module
  File "<frozen importlib._bootstrap>", line 219, in _call_with_frames_removed
  File "/opt/airflow/dags/airflow.py", line 23, in <module>
    from data_preprocessing_scripts.preprocessing import preprocess_data
ModuleNotFoundError: No module named 'data_preprocessing_scripts'
[2026-08-14T02:31:44.644+0000] {processor.py:841} WARNING - No viable dags retrieved from /opt/airflow/dags/airflow.py
[2026-08-14T02:31:44.652+0000] {processor.py:179} INFO - Processing /opt/airflow/dags/airflow.py took 0.082 seconds
[2026-08-14T02:32:14.912+0000] {processor.py:157} INFO - Started process (PID=13085) to work on /opt/airflow/dags/airflow.py
[2026-08-14T02:32:14.913+0000] {processor.py:829} INFO - Processing file /opt/airflow/dags/airflow.py for tasks to queue
[2026-08-14T02:32:14.915+0000] {logging_mixin.py:151} INFO - [2026-08-14T02:32:14.914+0000] {dagbag.py:536} INFO - Filling up the DagBag from /opt/airflow/dags/airflow.py
[2026-08-14T02:32:14.976+0000] {logging_mixin.py:151} INFO - [2026-08-14T02:32:14.975+0000] {dagbag.py:346} ERROR - Failed to import: /opt/airflow/dags/airflow.py
Traceback (most recent call last):
  File "/home/airflow/.local/lib/python3.8/site-packages/airflow/models/dagbag.py", line 342, in parse
    loader.exec_module(new_module)
  File "<frozen importlib._bootstrap_external>", line 843, in exec_module
  File "<frozen importlib._bootstrap>", line 219, in _call_with_frames_removed
  File "/opt/airflow/dags/airflow.py", line 23, in <module>
    from data_preprocessing_scripts.preprocessing import preprocess_data
ModuleNotFoundError: No module named 'data_preprocessing_scripts'
[2026-08-14T02:32:14.976+0000] {processor.py:841} WARNING - No viable dags retrieved from /opt/airflow/dags/airflow.py
[2026-08-14T02:32:14.984+0000] {processor.py:179} INFO - Processing /opt/airflow/dags/airflow.py took 0.075 seconds
[2026-08-14T02:32:45.221+0000] {processor.py:157} INFO - Started process (PID=13093) to work on /opt/airflow/dags/airflow.py
[2026-08-14T02:32:45.223+0000] {processor.py:829} INFO - Processing file /opt/airflow/dags/airflow.py for tasks to queue
[2026-08-14T02:32:45.226+0000] {logging_mixin.py:151} INFO - [2026-08-14T02:32:45.226+0000] {dagbag.py:536} INFO - Filling up the DagBag from /opt/airflow/dags/airflow.py
[2026-08-14T02:32:45.290+0000] {logging_mixin.py:151} INFO - [2026-08-14T02:32:45.289+0000] {dagbag.py:346} ERROR - Failed to import: /opt/airflow/dags/airflow.py
Traceback (most recent call last):
  File "/home/airflow/.local/lib/python3.8/site-packages/airflow/models/dagbag.py", line 342, in parse
    loader.exec_module(new_module)
  File "<frozen importlib._bootstrap_external>", line 843, in exec_module
  File "<frozen importlib._bootstrap>", line 219, in _call_with_frames_removed
  File "/opt/airflow/dags/airflow.py", line 23, in <module>
    from data_preprocessing_scripts.preprocessing import preprocess_data
ModuleNotFoundError: No module named 'data_preprocessing_scripts'
[2026-08-14T02:32:45.290+0000] {processor.py:841} WARNING - No viable dags retrieved from /opt/airflow/dags/airflow.py
[2026-08-14T02:32:45.297+0000] {processor.py:179} INFO - Processing /opt/airflow/dags/airflow.py took 0.080 seconds
[2026-08-14T02:33:15.561+0000] {processor.py:157} INFO - Started process (PID=13101) to work on /opt/airflow/dags/airflow.py
[2026-08-14T02:33:15.561+0000] {processor.py:829} INFO - Processing file /opt/airflow/dags/airflow.py for tasks to queue
[2026-08-14T02:33:15.564+0000] {logging_mixin.py:151} INFO - [2026-08-14T02:33:15.563+0000] {dagbag.py:536} INFO - Filling up the DagBag from /opt/airflow/dags/airflow.py
[2026-08-14T02:33:15.623+0000] {logging_mixin.py:151} INFO - [2026-08-14T02:33:15.622+0000] {dagbag.py:346} ERROR - Failed to import: /opt/airflow/dags/airflow.py
Traceback (most recent call last):
  File "/home/airflow/.local/lib/python3.8/site-packages/airflow/models/dagbag.py", line 342, in parse
    loader.exec_module(new_module)
  File "<frozen importlib._bootstrap_external>", line 843, in exec_module
  File "<frozen importlib._bootstrap>", line 219, in _call_with_frames_removed
  File "/opt/airflow/dags/airflow.py", line 23, in <module>
    from data_preprocessing_scripts.preprocessing import preprocess_data
ModuleNotFoundError: No module named 'data_preprocessing_scripts'
[2026-08-14T02:33:15.623+0000] {processor.py:841} WARNING - No viable dags retrieved from /opt/airflow/dags/airflow.py
[2026-08-14T02:33:15.632+0000] {processor.py:179} INFO - Processing /opt/airflow/dags/airflow.py took 0.074 seconds
[2026-08-14T02:33:45.881+0000] {processor.py:157} INFO - Started process (PID=13109) to work on /opt/airflow/dags/airflow.py
[2026-08-14T02:33:45.882+0000] {processor.py:829} INFO - Processing file /opt/airflow/dags/airflow.py for tasks to queue
[2026-08-14T02:33:45.884+0000] {logging_mixin.py:151} INFO - [2026-08-14T02:33:45.884+0000] {dagbag.py:536} INFO - Filling up the DagBag from /opt/airflow/dags/airflow.py
[2026-08-14T02:33:45.943+0000] {logging_mixin.py:151} INFO - [2026-08-14T02:33:45.943+0000] {dagbag.py:346} ERROR - Failed to import: /opt/airflow/dags/airflow.py
Traceback (most recent call last):
  File "/home/airflow/.local/lib/python3.8/site-packages/airflow/models/dagbag.py", line 342, in parse
    loader.exec_module(new_module)
  File "<frozen importlib._bootstrap_external>", line 843, in exec_module
  File "<frozen importlib._bootstrap>", line 219, in _call_with_frames_removed
  File "/opt/airflow/dags/airflow.py", line 23, in <module>
    from data_preprocessing_scripts.preprocessing import preprocess_data
ModuleNotFoundError: No module named 'data_preprocessing_scripts'
[2026-08-14T02:33:45.944+0000] {processor.py:841} WARNING - No viable dags retrieved from /opt/airflow/dags/airflow.py
[2026-08-14T02:33:45.951+0000] {processor.py:179} INFO - Processing /opt/airflow/dags/airflow.py took 0.076 seconds
[2026-08-14T02:34:16.193+0000] {processor.py:157} INFO - Started process (PID=13117) to work on /opt/airflow/dags/airflow.py
[2026-08-14T02:34:16.194+0000] {processor.py:829} INFO - Processing file /opt/airflow/dags/airflow.py for tasks to queue
[2026-08-14T02:34:16.196+0000] {logging_mixin.py:151} INFO - [2026-08-14T02:34:16.195+0000] {dagbag.py:536} INFO - Filling up the DagBag from /opt/airflow/dags/airflow.py
[2026-08-14T02:34:16.257+0000] {logging_mixin.py:151} INFO - [2026-08-14T02:34:16.257+0000] {dagbag.py:346} ERROR - Failed to import: /opt/airflow/dags/airflow.py
Traceback (most recent call last):
  File "/home/airflow/.local/lib/python3.8/site-packages/airflow/models/dagbag.py", line 342, in parse
    loader.exec_module(new_module)
  File "<frozen importlib._bootstrap_external>", line 843, in exec_module
  File "<frozen importlib._bootstrap>", line 219, in _call_with_frames_removed
  File "/opt/airflow/dags/airflow.py", line 23, in <module>
    from data_preprocessing_scripts.preprocessing import preprocess_data
ModuleNotFoundError: No module named 'data_preprocessing_scripts'
[2026-08-14T02:34:16.257+0000] {processor.py:841} WARNING - No viable dags retrieved from /opt/airflow/dags/airflow.py
[2026-08-14T02:34:16.265+0000] {processor.py:179} INFO - Processing /opt/airflow/dags/airflow.py took 0.076 seconds
[2026-08-14T02:34:46.498+0000] {processor.py:157} INFO - Started process (PID=13125) to work on /opt/airflow/dags/airflow.py
[2026-08-14T02:34:46.499+0000] {processor.py:829} INFO - Processing file /opt/airflow/dags/airflow.py for tasks to queue
[2026-08-14T02:34:46.500+0000] {logging_mixin.py:151} INFO - [2026-08-14T02:34:46.500+0000] {dagbag.py:536} INFO - Filling up the DagBag from /opt/airflow/dags/airflow.py
[2026-08-14T02:34:46.562+0000] {logging_mixin.py:151} INFO - [2026-08-14T02:34:46.561+0000] {dagbag.py:346} ERROR - Failed to import: /opt/airflow/dags/airflow.py
Traceback (most recent call last):
  File "/home/airflow/.local/lib/python3.8/site-packages/airflow/models/dagbag.py", line 342, in parse
    loader.exec_module(new_module)
  File "<frozen importlib._bootstrap_external>", line 843, in exec_module
  File "<frozen importlib._bootstrap>", line 219, in _call_with_frames_removed
  File "/opt/airflow/dags/airflow.py", line 23, in <module>
    from data_preprocessing_scripts.preprocessing import preprocess_data
ModuleNotFoundError: No module named 'data_preprocessing_scripts'
[2026-08-14T02:34:46.562+0000] {processor.py:841} WARNING - No viable dags retrieved from /opt/airflow/dags/airflow.py
[2026-08-14T02:34:46.569+0000] {processor.py:179} INFO - Processing /opt/airflow/dags/airflow.py took 0.078 seconds
[2026-08-14T02:35:16.818+0000] {processor.py:157} INFO - Started process (PID=13134) to work on /opt/airflow/dags/airflow.py
[2026-08-14T02:35:16.819+0000] {processor.py:829} INFO - Processing file /opt/airflow/dags/airflow.py for tasks to queue
[2026-08-14T02:35:16.821+0000] {logging_mixin.py:151} INFO - [2026-08-14T02:35:16.821+0000] {dagbag.py:536} INFO - Filling up the DagBag from /opt/airflow/dags/airflow.py
[2026-08-14T02:35:16.884+0000] {logging_mixin.py:151} INFO - [2026-08-14T02:35:16.884+0000] {dagbag.py:346} ERROR - Failed to import: /opt/airflow/dags/airflow.py
Traceback (most recent call last):
  File "/home/airflow/.local/lib/python3.8/site-packages/airflow/models/dagbag.py", line 342, in parse
    loader.exec_module(new_module)
  File "<frozen importlib._bootstrap_external>", line 843, in exec_module
  File "<frozen importlib._bootstrap>", line 219, in _call_with_frames_removed
  File "/opt/airflow/dags/airflow.py", line 23, in <module>
    from data_preprocessing_scripts.preprocessing import preprocess_data
ModuleNotFoundError: No module named 'data_preprocessing_scripts'
[2026-08-14T02:35:16.884+0000] {processor.py:841} WARNING - No viable dags retrieved from /opt/airflow/dags/airflow.py
[2026-08-14T02:35:16.892+0000] {processor.py:179} INFO - Processing /opt/airflow/dags/airflow.py took 0.077 seconds
[2026-08-14T02:35:47.118+0000] {processor.py:157} INFO - Started process (PID=13142) to work on /opt/airflow/dags/airflow.py
[2026-08-14T02:35:47.119+0000] {processor.py:829} INFO - Processing file /opt/airflow/dags/airflow.py for tasks to queue
[2026-08-14T02:35:47.121+0000] {logging_mixin.py:151} INFO - [2026-08-14T02:35:47.121+0000] {dagbag.py:536} INFO - Filling up the DagBag from /opt/airflow/dags/airflow.py
[2026-08-14T02:35:47.178+0000] {logging_mixin.py:151} INFO - [2026-08-14T02:35:47.178+0000] {dagbag.py:346} ERROR - Failed to import: /opt/airflow/dags/airflow.py
Traceback (most recent call last):
  File "/home/airflow/.local/lib/python3.8/site-packages/airflow/models/dagbag.py", line 342, in parse
    loader.exec_module(new_module)
  File "<frozen importlib._bootstrap_external>", line 843, in exec_module
  File "<frozen importlib._bootstrap>", line 219, in _call_with_frames_removed
  File "/opt/airflow/dags/airflow.py", line 23, in <module>
    from data_preprocessing_scripts.preprocessing import preprocess_data
ModuleNotFoundError: No module named 'data_preprocessing_scripts'
[2026-08-14T02:35:47.179+0000] {processor.py:841} WARNING - No viable dags retrieved from /opt/airflow/dags/airflow.py
[2026-08-14T02:35:47.187+0000] {processor.py:179} INFO - Processing /opt/airflow/dags/airflow.py took 0.071 seconds
[2026-08-14T02:36:17.426+0000] {processor.py:157} INFO - Started process (PID=13150) to work on /opt/airflow/dags/airflow.py
[2026-08-14T02:36:17.427+0000] {processor.py:829} INFO - Processing file /opt/airflow/dags/airflow.py for tasks to queue
[2026-08-14T02:36:17.429+0000] {logging_mixin.py:151} INFO - [2026-08-14T02:36:17.428+0000] {dagbag.py:536} INFO - Filling up the DagBag from /opt/airflow/dags/airflow.py
[2026-08-14T02:36:17.488+0000] {logging_mixin.py:151} INFO - [2026-08-14T02:36:17.487+0000] {dagbag.py:346} ERROR - Failed to import: /opt/airflow/dags/airflow.py
Traceback (most recent call last):
  File "/home/airflow/.local/lib/python3.8/site-packages/airflow/models/dagbag.py", line 342, in parse
    loader.exec_module(new_module)
  File "<frozen importlib._bootstrap_external>", line 843, in exec_module
  File "<frozen importlib._bootstrap>", line 219, in _call_with_frames_removed
  File "/opt/airflow/dags/airflow.py", line 23, in <module>
    from data_preprocessing_scripts.preprocessing import preprocess_data
ModuleNotFoundError: No module named 'data_preprocessing_scripts'
[2026-08-14T02:36:17.488+0000] {processor.py:841} WARNING - No viable dags retrieved from /opt/airflow/dags/airflow.py
[2026-08-14T02:36:17.495+0000] {processor.py:179} INFO - Processing /opt/airflow/dags/airflow.py took 0.072 seconds
[2026-08-14T02:36:47.736+0000] {processor.py:157} INFO - Started process (PID=13158) to work on /opt/airflow/dags/airflow.py
[2026-08-14T02:36:47.737+0000] {processor.py:829} INFO - Processing file /opt/airflow/dags/airflow.py for tasks to queue
[2026-08-14T02:36:47.740+0000] {logging_mixin.py:151} INFO - [2026-08-14T02:36:47.740+0000] {dagbag.py:536} INFO - Filling up the DagBag from /opt/airflow/dags/airflow.py
[2026-08-14T02:36:47.819+0000] {logging_mixin.py:151} INFO - [2026-08-14T02:36:47.819+0000] {dagbag.py:346} ERROR - Failed to import: /opt/airflow/dags/airflow.py
Traceback (most recent call last):
  File "/home/airflow/.local/lib/python3.8/site-packages/airflow/models/dagbag.py", line 342, in parse
    loader.exec_module(new_module)
  File "<frozen importlib._bootstrap_external>", line 843, in exec_module
  File "<frozen importlib._bootstrap>", line 219, in _call_with_frames_removed
  File "/opt/airflow/dags/airflow.py", line 23, in <module>
    from data_preprocessing_scripts.preprocessing import preprocess_data
ModuleNotFoundError: No module named 'data_preprocessing_scripts'
[2026-08-14T02:36:47.820+0000] {processor.py:841} WARNING - No viable dags retrieved from /opt/airflow/dags/airflow.py
[2026-08-14T02:36:47.828+0000] {processor.py:179} INFO - Processing /opt/airflow/dags/airflow.py took 0.097 seconds
[2026-08-14T02:37:18.046+0000] {processor.py:157} INFO - Started process (PID=13166) to work on /opt/airflow/dags/airflow.py
[2026-08-14T02:37:18.047+0000] {processor.py:829} INFO - Processing file /opt/airflow/dags/airflow.py for tasks to queue
[2026-08-14T02:37:18.050+0000] {logging_mixin.py:151} INFO - [2026-08-14T02:37:18.050+0000] {dagbag.py:536} INFO - Filling up the DagBag from /opt/airflow/dags/airflow.py
[2026-08-14T02:37:18.114+0000] {logging_mixin.py:151} INFO - [2026-08-14T02:37:18.113+0000] {dagbag.py:346} ERROR - Failed to import: /opt/airflow/dags/airflow.py
Traceback (most recent call last):
  File "/home/airflow/.local/lib/python3.8/site-packages/airflow/models/dagbag.py", line 342, in parse
    loader.exec_module(new_module)
  File "<frozen importlib._bootstrap_external>", line 843, in exec_module
  File "<frozen importlib._bootstrap>", line 219, in _call_with_frames_removed
  File "/opt/airflow/dags/airflow.py", line 23, in <module>
    from data_preprocessing_scripts.preprocessing import preprocess_data
ModuleNotFoundError: No module named 'data_preprocessing_scripts'
[2026-08-14T02:37:18.114+0000] {processor.py:841} WARNING - No viable dags retrieved from /opt/airflow/dags/airflow.py
[2026-08-14T02:37:18.122+0000] {processor.py:179} INFO - Processing /opt/airflow/dags/airflow.py took 0.079 seconds
[2026-08-14T02:37:48.366+0000] {processor.py:157} INFO - Started process (PID=13174) to work on /opt/airflow/dags/airflow.py
[2026-08-14T02:37:48.367+0000] {processor.py:829} INFO - Processing file /opt/airflow/dags/airflow.py for tasks to queue
[2026-08-14T02:37:48.369+0000] {logging_mixin.py:151} INFO - [2026-08-14T02:37:48.368+0000] {dagbag.py:536} INFO - Filling up the DagBag from /opt/airflow/dags/airflow.py
[2026-08-14T02:37:48.433+0000] {logging_mixin.py:151} INFO - [2026-08-14T02:37:48.432+0000] {dagbag.py:346} ERROR - Failed to import: /opt/airflow/dags/airflow.py
Traceback (most recent call last):
  File "/home/airflow/.local/lib/python3.8/site-packages/airflow/models/dagbag.py", line 342, in parse
    loader.exec_module(new_module)
  File "<frozen importlib._bootstrap_external>", line 843, in exec_module
  File "<frozen importlib._bootstrap>", line 219, in _call_with_frames_removed
  File "/opt/airflow/dags/airflow.py", line 23, in <module>
    from data_preprocessing_scripts.preprocessing import preprocess_data
ModuleNotFoundError: No module named 'data_preprocessing_scripts'
[2026-08-14T02:37:48.433+0000] {processor.py:841} WARNING - No viable dags retrieved from /opt/airflow/dags/airflow.py
[2026-08-14T02:37:48.440+0000] {processor.py:179} INFO - Processing /opt/airflow/dags/airflow.py took 0.078 seconds
[2026-08-14T02:38:18.705+0000] {processor.py:157} INFO - Started process (PID=13182) to work on /opt/airflow/dags/airflow.py
[2026-08-14T02:38:18.706+0000] {processor.py:829} INFO - Processing file /opt/airflow/dags/airflow.py for tasks to queue
[2026-08-14T02:38:18.708+0000] {logging_mixin.py:151} INFO - [2026-08-14T02:38:18.707+0000] {dagbag.py:536} INFO - Filling up the DagBag from /opt/airflow/dags/airflow.py
[2026-08-14T02:38:18.771+0000] {logging_mixin.py:151} INFO - [2026-08-14T02:38:18.770+0000] {dagbag.py:346} ERROR - Failed to import: /opt/airflow/dags/airflow.py
Traceback (most recent call last):
  File "/home/airflow/.local/lib/python3.8/site-packages/airflow/models/dagbag.py", line 342, in parse
    loader.exec_module(new_module)
  File "<frozen importlib._bootstrap_external>", line 843, in exec_module
  File "<frozen importlib._bootstrap>", line 219, in _call_with_frames_removed
  File "/opt/airflow/dags/airflow.py", line 23, in <module>
    from data_preprocessing_scripts.preprocessing import preprocess_data
ModuleNotFoundError: No module named 'data_preprocessing_scripts'
[2026-08-14T02:38:18.771+0000] {processor.py:841} WARNING - No viable dags retrieved from /opt/airflow/dags/airflow.py
[2026-08-14T02:38:18.883+0000] {processor.py:179} INFO - Processing /opt/airflow/dags/airflow.py took 0.182 seconds
[2026-08-14T02:38:49.029+0000] {processor.py:157} INFO - Started process (PID=13190) to work on /opt/airflow/dags/airflow.py
[2026-08-14T02:38:49.030+0000] {processor.py:829} INFO - Processing file /opt/airflow/dags/airflow.py for tasks to queue
[2026-08-14T02:38:49.032+0000] {logging_mixin.py:151} INFO - [2026-08-14T02:38:49.031+0000] {dagbag.py:536} INFO - Filling up the DagBag from /opt/airflow/dags/airflow.py
[2026-08-14T02:38:49.102+0000] {logging_mixin.py:151} INFO - [2026-08-14T02:38:49.102+0000] {dagbag.py:346} ERROR - Failed to import: /opt/airflow/dags/airflow.py
Traceback (most recent call last):
  File "/home/airflow/.local/lib/python3.8/site-packages/airflow/models/dagbag.py", line 342, in parse
    loader.exec_module(new_module)
  File "<frozen importlib._bootstrap_external>", line 843, in exec_module
  File "<frozen importlib._bootstrap>", line 219, in _call_with_frames_removed
  File "/opt/airflow/dags/airflow.py", line 23, in <module>
    from data_preprocessing_scripts.preprocessing import preprocess_data
ModuleNotFoundError: No module named 'data_preprocessing_scripts'
[2026-08-14T02:38:49.103+0000] {processor.py:841} WARNING - No viable dags retrieved from /opt/airflow/dags/airflow.py
[2026-08-14T02:38:49.110+0000] {processor.py:179} INFO - Processing /opt/airflow/dags/airflow.py took 0.085 seconds
[2026-08-14T02:39:19.308+0000] {processor.py:157} INFO - Started process (PID=13198) to work on /opt/airflow/dags/airflow.py
[2026-08-14T02:39:19.309+0000] {processor.py:829} INFO - Processing file /opt/airflow/dags/airflow.py for tasks to queue
[2026-08-14T02:39:19.310+0000] {logging_mixin.py:151} INFO - [2026-08-14T02:39:19.310+0000] {dagbag.py:536} INFO - Filling up the DagBag from /opt/airflow/dags/airflow.py
[2026-08-14T02:39:19.448+0000] {logging_mixin.py:151} INFO - [2026-08-14T02:39:19.447+0000] {dagbag.py:346} ERROR - Failed to import: /opt/airflow/dags/airflow.py
Traceback (most recent call last):
  File "/home/airflow/.local/lib/python3.8/site-packages/airflow/models/dagbag.py", line 342, in parse
    loader.exec_module(new_module)
  File "<frozen importlib._bootstrap_external>", line 843, in exec_module
  File "<frozen importlib._bootstrap>", line 219, in _call_with_frames_removed
  File "/opt/airflow/dags/airflow.py", line 23, in <module>
    from data_preprocessing_scripts.preprocessing import preprocess_data
ModuleNotFoundError: No module named 'data_preprocessing_scripts'
[2026-08-14T02:39:19.448+0000] {processor.py:841} WARNING - No viable dags retrieved from /opt/airflow/dags/airflow.py
[2026-08-14T02:39:19.454+0000] {processor.py:179} INFO - Processing /opt/airflow/dags/airflow.py took 0.148 seconds
[2026-08-14T02:39:49.645+0000] {processor.py:157} INFO - Started process (PID=13206) to work on /opt/airflow/dags/airflow.py
[2026-08-14T02:39:49.646+0000] {processor.py:829} INFO - Processing file /opt/airflow/dags/airflow.py for tasks to queue
[2026-08-14T02:39:49.648+0000] {logging_mixin.py:151} INFO - [2026-08-14T02:39:49.648+0000] {dagbag.py:536} INFO - Filling up the DagBag from /opt/airflow/dags/airflow.py
[2026-08-14T02:39:49.725+0000] {logging_mixin.py:151} INFO - [2026-08-14T02:39:49.724+0000] {dagbag.py:346} ERROR - Failed to import: /opt/airflow/dags/airflow.py
Traceback (most recent call last):
  File "/home/airflow/.local/lib/python3.8/site-packages/airflow/models/dagbag.py", line 342, in parse
    loader.exec_module(new_module)
  File "<frozen importlib._bootstrap_external>", line 843, in exec_module
  File "<frozen importlib._bootstrap>", line 219, in _call_with_frames_removed
  File "/opt/airflow/dags/airflow.py", line 23, in <module>
    from data_preprocessing_scripts.preprocessing import preprocess_data
ModuleNotFoundError: No module named 'data_preprocessing_scripts'
[2026-08-14T02:39:49.725+0000] {processor.py:841} WARNING - No viable dags retrieved from /opt/airflow/dags/airflow.py
[2026-08-14T02:39:49.732+0000] {processor.py:179} INFO - Processing /opt/airflow/dags/airflow.py took 0.091 seconds
[2026-08-14T02:40:19.938+0000] {processor.py:157} INFO - Started process (PID=13214) to work on /opt/airflow/dags/airflow.py
[2026-08-14T02:40:19.939+0000] {processor.py:829} INFO - Processing file /opt/airflow/dags/airflow.py for tasks to queue
[2026-08-14T02:40:19.941+0000] {logging_mixin.py:151} INFO - [2026-08-14T02:40:19.941+0000] {dagbag.py:536} INFO - Filling up the DagBag from /opt/airflow/dags/airflow.py
[2026-08-14T02:40:20.004+0000] {logging_mixin.py:151} INFO - [2026-08-14T02:40:20.004+0000] {dagbag.py:346} ERROR - Failed to import: /opt/airflow/dags/airflow.py
Traceback (most recent call last):
  File "/home/airflow/.local/lib/python3.8/site-packages/airflow/models/dagbag.py", line 342, in parse
    loader.exec_module(new_module)
  File "<frozen importlib._bootstrap_external>", line 843, in exec_module
  File "<frozen importlib._bootstrap>", line 219, in _call_with_frames_removed
  File "/opt/airflow/dags/airflow.py", line 23, in <module>
    from data_preprocessing_scripts.preprocessing import preprocess_data
ModuleNotFoundError: No module named 'data_preprocessing_scripts'
[2026-08-14T02:40:20.004+0000] {processor.py:841} WARNING - No viable dags retrieved from /opt/airflow/dags/airflow.py
[2026-08-14T02:40:20.012+0000] {processor.py:179} INFO - Processing /opt/airflow/dags/airflow.py took 0.076 seconds
[2026-08-14T02:40:50.206+0000] {processor.py:157} INFO - Started process (PID=13222) to work on /opt/airflow/dags/airflow.py
[2026-08-14T02:40:50.206+0000] {processor.py:829} INFO - Processing file /opt/airflow/dags/airflow.py for tasks to queue
[2026-08-14T02:40:50.209+0000] {logging_mixin.py:151} INFO - [2026-08-14T02:40:50.208+0000] {dagbag.py:536} INFO - Filling up the DagBag from /opt/airflow/dags/airflow.py
[2026-08-14T02:40:50.274+0000] {logging_mixin.py:151} INFO - [2026-08-14T02:40:50.273+0000] {dagbag.py:346} ERROR - Failed to import: /opt/airflow/dags/airflow.py
Traceback (most recent call last):
  File "/home/airflow/.local/lib/python3.8/site-packages/airflow/models/dagbag.py", line 342, in parse
    loader.exec_module(new_module)
  File "<frozen importlib._bootstrap_external>", line 843, in exec_module
  File "<frozen importlib._bootstrap>", line 219, in _call_with_frames_removed
  File "/opt/airflow/dags/airflow.py", line 23, in <module>
    from data_preprocessing_scripts.preprocessing import preprocess_data
ModuleNotFoundError: No module named 'data_preprocessing_scripts'
[2026-08-14T02:40:50.274+0000] {processor.py:841} WARNING - No viable dags retrieved from /opt/airflow/dags/airflow.py
[2026-08-14T02:40:50.367+0000] {processor.py:179} INFO - Processing /opt/airflow/dags/airflow.py took 0.163 seconds
[2026-08-14T02:41:20.519+0000] {processor.py:157} INFO - Started process (PID=13230) to work on /opt/airflow/dags/airflow.py
[2026-08-14T02:41:20.519+0000] {processor.py:829} INFO - Processing file /opt/airflow/dags/airflow.py for tasks to queue
[2026-08-14T02:41:20.521+0000] {logging_mixin.py:151} INFO - [2026-08-14T02:41:20.521+0000] {dagbag.py:536} INFO - Filling up the DagBag from /opt/airflow/dags/airflow.py
[2026-08-14T02:41:20.582+0000] {logging_mixin.py:151} INFO - [2026-08-14T02:41:20.582+0000] {dagbag.py:346} ERROR - Failed to import: /opt/airflow/dags/airflow.py
Traceback (most recent call last):
  File "/home/airflow/.local/lib/python3.8/site-packages/airflow/models/dagbag.py", line 342, in parse
    loader.exec_module(new_module)
  File "<frozen importlib._bootstrap_external>", line 843, in exec_module
  File "<frozen importlib._bootstrap>", line 219, in _call_with_frames_removed
  File "/opt/airflow/dags/airflow.py", line 23, in <module>
    from data_preprocessing_scripts.preprocessing import preprocess_data
ModuleNotFoundError: No module named 'data_preprocessing_scripts'
[2026-08-14T02:41:20.583+0000] {processor.py:841} WARNING - No viable dags retrieved from /opt/airflow/dags/airflow.py
[2026-08-14T02:41:20.590+0000] {processor.py:179} INFO - Processing /opt/airflow/dags/airflow.py took 0.074 seconds
[2026-08-14T02:41:50.875+0000] {processor.py:157} INFO - Started process (PID=13238) to work on /opt/airflow/dags/airflow.py
[2026-08-14T02:41:50.876+0000] {processor.py:829} INFO - Processing file /opt/airflow/dags/airflow.py for tasks to queue
[2026-08-14T02:41:50.878+0000] {logging_mixin.py:151} INFO - [2026-08-14T02:41:50.878+0000] {dagbag.py:536} INFO - Filling up the DagBag from /opt/airflow/dags/airflow.py
[2026-08-14T02:41:51.014+0000] {logging_mixin.py:151} INFO - [2026-08-14T02:41:51.014+0000] {dagbag.py:346} ERROR - Failed to import: /opt/airflow/dags/airflow.py
Traceback (most recent call last):
  File "/home/airflow/.local/lib/python3.8/site-packages/airflow/models/dagbag.py", line 342, in parse
    loader.exec_module(new_module)
  File "<frozen importlib._bootstrap_external>", line 843, in exec_module
  File "<frozen importlib._bootstrap>", line 219, in _call_with_frames_removed
  File "/opt/airflow/dags/airflow.py", line 23, in <module>
    from data_preprocessing_scripts.preprocessing import preprocess_data
ModuleNotFoundError: No module named 'data_preprocessing_scripts'
[2026-08-14T02:41:51.015+0000] {processor.py:841} WARNING - No viable dags retrieved from /opt/airflow/dags/airflow.py
[2026-08-14T02:41:51.021+0000] {processor.py:179} INFO - Processing /opt/airflow/dags/airflow.py took 0.149 seconds
[2026-08-14T02:42:21.176+0000] {processor.py:157} INFO - Started process (PID=13246) to work on /opt/airflow/dags/airflow.py
[2026-08-14T02:42:21.177+0000] {processor.py:829} INFO - Processing file /opt/airflow/dags/airflow.py for tasks to queue
[2026-08-14T02:42:21.178+0000] {logging_mixin.py:151} INFO - [2026-08-14T02:42:21.178+0000] {dagbag.py:536} INFO - Filling up the DagBag from /opt/airflow/dags/airflow.py
[2026-08-14T02:42:21.237+0000] {logging_mixin.py:151} INFO - [2026-08-14T02:42:21.237+0000] {dagbag.py:346} ERROR - Failed to import: /opt/airflow/dags/airflow.py
Traceback (most recent call last):
  File "/home/airflow/.local/lib/python3.8/site-packages/airflow/models/dagbag.py", line 342, in parse
    loader.exec_module(new_module)
  File "<frozen importlib._bootstrap_external>", line 843, in exec_module
  File "<frozen importlib._bootstrap>", line 219, in _call_with_frames_removed
  File "/opt/airflow/dags/airflow.py", line 23, in <module>
    from data_preprocessing_scripts.preprocessing import preprocess_data
ModuleNotFoundError: No module named 'data_preprocessing_scripts'
[2026-08-14T02:42:21.237+0000] {processor.py:841} WARNING - No viable dags retrieved from /opt/airflow/dags/airflow.py
[2026-08-14T02:42:21.244+0000] {processor.py:179} INFO - Processing /opt/airflow/dags/airflow.py took 0.070 seconds
[2026-08-14T02:42:51.488+0000] {processor.py:157} INFO - Started process (PID=13254) to work on /opt/airflow/dags/airflow.py
[2026-08-14T02:42:51.489+0000] {processor.py:829} INFO - Processing file /opt/airflow/dags/airflow.py for tasks to queue
[2026-08-14T02:42:51.494+0000] {logging_mixin.py:151} INFO - [2026-08-14T02:42:51.492+0000] {dagbag.py:536} INFO - Filling up the DagBag from /opt/airflow/dags/airflow.py
[2026-08-14T02:42:51.558+0000] {logging_mixin.py:151} INFO - [2026-08-14T02:42:51.558+0000] {dagbag.py:346} ERROR - Failed to import: /opt/airflow/dags/airflow.py
Traceback (most recent call last):
  File "/home/airflow/.local/lib/python3.8/site-packages/airflow/models/dagbag.py", line 342, in parse
    loader.exec_module(new_module)
  File "<frozen importlib._bootstrap_external>", line 843, in exec_module
  File "<frozen importlib._bootstrap>", line 219, in _call_with_frames_removed
  File "/opt/airflow/dags/airflow.py", line 23, in <module>
    from data_preprocessing_scripts.preprocessing import preprocess_data
ModuleNotFoundError: No module named 'data_preprocessing_scripts'
[2026-08-14T02:42:51.558+0000] {processor.py:841} WARNING - No viable dags retrieved from /opt/airflow/dags/airflow.py
[2026-08-14T02:42:51.566+0000] {processor.py:179} INFO - Processing /opt/airflow/dags/airflow.py took 0.083 seconds
[2026-08-14T02:43:21.836+0000] {processor.py:157} INFO - Started process (PID=13262) to work on /opt/airflow/dags/airflow.py
[2026-08-14T02:43:21.837+0000] {processor.py:829} INFO - Processing file /opt/airflow/dags/airflow.py for tasks to queue
[2026-08-14T02:43:21.839+0000] {logging_mixin.py:151} INFO - [2026-08-14T02:43:21.838+0000] {dagbag.py:536} INFO - Filling up the DagBag from /opt/airflow/dags/airflow.py
[2026-08-14T02:43:21.969+0000] {logging_mixin.py:151} INFO - [2026-08-14T02:43:21.968+0000] {dagbag.py:346} ERROR - Failed to import: /opt/airflow/dags/airflow.py
Traceback (most recent call last):
  File "/home/airflow/.local/lib/python3.8/site-packages/airflow/models/dagbag.py", line 342, in parse
    loader.exec_module(new_module)
  File "<frozen importlib._bootstrap_external>", line 843, in exec_module
  File "<frozen importlib._bootstrap>", line 219, in _call_with_frames_removed
  File "/opt/airflow/dags/airflow.py", line 23, in <module>
    from data_preprocessing_scripts.preprocessing import preprocess_data
ModuleNotFoundError: No module named 'data_preprocessing_scripts'
[2026-08-14T02:43:21.969+0000] {processor.py:841} WARNING - No viable dags retrieved from /opt/airflow/dags/airflow.py
[2026-08-14T02:43:21.975+0000] {processor.py:179} INFO - Processing /opt/airflow/dags/airflow.py took 0.142 seconds
[2026-08-14T02:43:52.148+0000] {processor.py:157} INFO - Started process (PID=13270) to work on /opt/airflow/dags/airflow.py
[2026-08-14T02:43:52.150+0000] {processor.py:829} INFO - Processing file /opt/airflow/dags/airflow.py for tasks to queue
[2026-08-14T02:43:52.152+0000] {logging_mixin.py:151} INFO - [2026-08-14T02:43:52.152+0000] {dagbag.py:536} INFO - Filling up the DagBag from /opt/airflow/dags/airflow.py
[2026-08-14T02:43:52.217+0000] {logging_mixin.py:151} INFO - [2026-08-14T02:43:52.216+0000] {dagbag.py:346} ERROR - Failed to import: /opt/airflow/dags/airflow.py
Traceback (most recent call last):
  File "/home/airflow/.local/lib/python3.8/site-packages/airflow/models/dagbag.py", line 342, in parse
    loader.exec_module(new_module)
  File "<frozen importlib._bootstrap_external>", line 843, in exec_module
  File "<frozen importlib._bootstrap>", line 219, in _call_with_frames_removed
  File "/opt/airflow/dags/airflow.py", line 23, in <module>
    from data_preprocessing_scripts.preprocessing import preprocess_data
ModuleNotFoundError: No module named 'data_preprocessing_scripts'
[2026-08-14T02:43:52.217+0000] {processor.py:841} WARNING - No viable dags retrieved from /opt/airflow/dags/airflow.py
[2026-08-14T02:43:52.224+0000] {processor.py:179} INFO - Processing /opt/airflow/dags/airflow.py took 0.080 seconds
[2026-08-14T02:44:22.480+0000] {processor.py:157} INFO - Started process (PID=13278) to work on /opt/airflow/dags/airflow.py
[2026-08-14T02:44:22.481+0000] {processor.py:829} INFO - Processing file /opt/airflow/dags/airflow.py for tasks to queue
[2026-08-14T02:44:22.483+0000] {logging_mixin.py:151} INFO - [2026-08-14T02:44:22.483+0000] {dagbag.py:536} INFO - Filling up the DagBag from /opt/airflow/dags/airflow.py
[2026-08-14T02:44:22.544+0000] {logging_mixin.py:151} INFO - [2026-08-14T02:44:22.543+0000] {dagbag.py:346} ERROR - Failed to import: /opt/airflow/dags/airflow.py
Traceback (most recent call last):
  File "/home/airflow/.local/lib/python3.8/site-packages/airflow/models/dagbag.py", line 342, in parse
    loader.exec_module(new_module)
  File "<frozen importlib._bootstrap_external>", line 843, in exec_module
  File "<frozen importlib._bootstrap>", line 219, in _call_with_frames_removed
  File "/opt/airflow/dags/airflow.py", line 23, in <module>
    from data_preprocessing_scripts.preprocessing import preprocess_data
ModuleNotFoundError: No module named 'data_preprocessing_scripts'
[2026-08-14T02:44:22.544+0000] {processor.py:841} WARNING - No viable dags retrieved from /opt/airflow/dags/airflow.py
[2026-08-14T02:44:22.551+0000] {processor.py:179} INFO - Processing /opt/airflow/dags/airflow.py took 0.075 seconds
[2026-08-14T02:44:52.801+0000] {processor.py:157} INFO - Started process (PID=13286) to work on /opt/airflow/dags/airflow.py
[2026-08-14T02:44:52.802+0000] {processor.py:829} INFO - Processing file /opt/airflow/dags/airflow.py for tasks to queue
[2026-08-14T02:44:52.804+0000] {logging_mixin.py:151} INFO - [2026-08-14T02:44:52.804+0000] {dagbag.py:536} INFO - Filling up the DagBag from /opt/airflow/dags/airflow.py
[2026-08-14T02:44:52.867+0000] {logging_mixin.py:151} INFO - [2026-08-14T02:44:52.866+0000] {dagbag.py:346} ERROR - Failed to import: /opt/airflow/dags/airflow.py
Traceback (most recent call last):
  File "/home/airflow/.local/lib/python3.8/site-packages/airflow/models/dagbag.py", line 342, in parse
    loader.exec_module(new_module)
  File "<frozen importlib._bootstrap_external>", line 843, in exec_module
  File "<frozen importlib._bootstrap>", line 219, in _call_with_frames_removed
  File "/opt/airflow/dags/airflow.py", line 23, in <module>
    from data_preprocessing_scripts.preprocessing import preprocess_data
ModuleNotFoundError: No module named 'data_preprocessing_scripts'
[2026-08-14T02:44:52.867+0000] {processor.py:841} WARNING - No viable dags retrieved from /opt/airflow/dags/airflow.py
[2026-08-14T02:44:52.874+0000] {processor.py:179} INFO - Processing /opt/airflow/dags/airflow.py took 0.077 seconds
[2026-08-14T02:45:23.160+0000] {processor.py:157} INFO - Started process (PID=13294) to work on /opt/airflow/dags/airflow.py
[2026-08-14T02:45:23.161+0000] {processor.py:829} INFO - Processing file /opt/airflow/dags/airflow.py for tasks to queue
[2026-08-14T02:45:23.163+0000] {logging_mixin.py:151} INFO - [2026-08-14T02:45:23.163+0000] {dagbag.py:536} INFO - Filling up the DagBag from /opt/airflow/dags/airflow.py
[2026-08-14T02:45:23.221+0000] {logging_mixin.py:151} INFO - [2026-08-14T02:45:23.221+0000] {dagbag.py:346} ERROR - Failed to import: /opt/airflow/dags/airflow.py
Traceback (most recent call last):
  File "/home/airflow/.local/lib/python3.8/site-packages/airflow/models/dagbag.py", line 342, in parse
    loader.exec_module(new_module)
  File "<frozen importlib._bootstrap_external>", line 843, in exec_module
  File "<frozen importlib._bootstrap>", line 219, in _call_with_frames_removed
  File "/opt/airflow/dags/airflow.py", line 23, in <module>
    from data_preprocessing_scripts.preprocessing import preprocess_data
ModuleNotFoundError: No module named 'data_preprocessing_scripts'
[2026-08-14T02:45:23.221+0000] {processor.py:841} WARNING - No viable dags retrieved from /opt/airflow/dags/airflow.py
[2026-08-14T02:45:23.229+0000] {processor.py:179} INFO - Processing /opt/airflow/dags/airflow.py took 0.071 seconds
[2026-08-14T02:45:53.483+0000] {processor.py:157} INFO - Started process (PID=13302) to work on /opt/airflow/dags/airflow.py
[2026-08-14T02:45:53.484+0000] {processor.py:829} INFO - Processing file /opt/airflow/dags/airflow.py for tasks to queue
[2026-08-14T02:45:53.486+0000] {logging_mixin.py:151} INFO - [2026-08-14T02:45:53.485+0000] {dagbag.py:536} INFO - Filling up the DagBag from /opt/airflow/dags/airflow.py
[2026-08-14T02:45:53.622+0000] {logging_mixin.py:151} INFO - [2026-08-14T02:45:53.621+0000] {dagbag.py:346} ERROR - Failed to import: /opt/airflow/dags/airflow.py
Traceback (most recent call last):
  File "/home/airflow/.local/lib/python3.8/site-packages/airflow/models/dagbag.py", line 342, in parse
    loader.exec_module(new_module)
  File "<frozen importlib._bootstrap_external>", line 843, in exec_module
  File "<frozen importlib._bootstrap>", line 219, in _call_with_frames_removed
  File "/opt/airflow/dags/airflow.py", line 23, in <module>
    from data_preprocessing_scripts.preprocessing import preprocess_data
ModuleNotFoundError: No module named 'data_preprocessing_scripts'
[2026-08-14T02:45:53.622+0000] {processor.py:841} WARNING - No viable dags retrieved from /opt/airflow/dags/airflow.py
[2026-08-14T02:45:53.628+0000] {processor.py:179} INFO - Processing /opt/airflow/dags/airflow.py took 0.150 seconds
[2026-08-14T02:46:23.810+0000] {processor.py:157} INFO - Started process (PID=13310) to work on /opt/airflow/dags/airflow.py
[2026-08-14T02:46:23.811+0000] {processor.py:829} INFO - Processing file /opt/airflow/dags/airflow.py for tasks to queue
[2026-08-14T02:46:23.812+0000] {logging_mixin.py:151} INFO - [2026-08-14T02:46:23.812+0000] {dagbag.py:536} INFO - Filling up the DagBag from /opt/airflow/dags/airflow.py
[2026-08-14T02:46:23.883+0000] {logging_mixin.py:151} INFO - [2026-08-14T02:46:23.881+0000] {dagbag.py:346} ERROR - Failed to import: /opt/airflow/dags/airflow.py
Traceback (most recent call last):
  File "/home/airflow/.local/lib/python3.8/site-packages/airflow/models/dagbag.py", line 342, in parse
    loader.exec_module(new_module)
  File "<frozen importlib._bootstrap_external>", line 843, in exec_module
  File "<frozen importlib._bootstrap>", line 219, in _call_with_frames_removed
  File "/opt/airflow/dags/airflow.py", line 23, in <module>
    from data_preprocessing_scripts.preprocessing import preprocess_data
ModuleNotFoundError: No module named 'data_preprocessing_scripts'
[2026-08-14T02:46:23.883+0000] {processor.py:841} WARNING - No viable dags retrieved from /opt/airflow/dags/airflow.py
[2026-08-14T02:46:23.898+0000] {processor.py:179} INFO - Processing /opt/airflow/dags/airflow.py took 0.090 seconds
[2026-08-14T02:46:54.144+0000] {processor.py:157} INFO - Started process (PID=13318) to work on /opt/airflow/dags/airflow.py
[2026-08-14T02:46:54.145+0000] {processor.py:829} INFO - Processing file /opt/airflow/dags/airflow.py for tasks to queue
[2026-08-14T02:46:54.149+0000] {logging_mixin.py:151} INFO - [2026-08-14T02:46:54.149+0000] {dagbag.py:536} INFO - Filling up the DagBag from /opt/airflow/dags/airflow.py
[2026-08-14T02:46:54.225+0000] {logging_mixin.py:151} INFO - [2026-08-14T02:46:54.224+0000] {dagbag.py:346} ERROR - Failed to import: /opt/airflow/dags/airflow.py
Traceback (most recent call last):
  File "/home/airflow/.local/lib/python3.8/site-packages/airflow/models/dagbag.py", line 342, in parse
    loader.exec_module(new_module)
  File "<frozen importlib._bootstrap_external>", line 843, in exec_module
  File "<frozen importlib._bootstrap>", line 219, in _call_with_frames_removed
  File "/opt/airflow/dags/airflow.py", line 23, in <module>
    from data_preprocessing_scripts.preprocessing import preprocess_data
ModuleNotFoundError: No module named 'data_preprocessing_scripts'
[2026-08-14T02:46:54.225+0000] {processor.py:841} WARNING - No viable dags retrieved from /opt/airflow/dags/airflow.py
[2026-08-14T02:46:54.232+0000] {processor.py:179} INFO - Processing /opt/airflow/dags/airflow.py took 0.094 seconds
[2026-08-14T02:47:24.426+0000] {processor.py:157} INFO - Started process (PID=13326) to work on /opt/airflow/dags/airflow.py
[2026-08-14T02:47:24.426+0000] {processor.py:829} INFO - Processing file /opt/airflow/dags/airflow.py for tasks to queue
[2026-08-14T02:47:24.428+0000] {logging_mixin.py:151} INFO - [2026-08-14T02:47:24.428+0000] {dagbag.py:536} INFO - Filling up the DagBag from /opt/airflow/dags/airflow.py
[2026-08-14T02:47:24.501+0000] {logging_mixin.py:151} INFO - [2026-08-14T02:47:24.500+0000] {dagbag.py:346} ERROR - Failed to import: /opt/airflow/dags/airflow.py
Traceback (most recent call last):
  File "/home/airflow/.local/lib/python3.8/site-packages/airflow/models/dagbag.py", line 342, in parse
    loader.exec_module(new_module)
  File "<frozen importlib._bootstrap_external>", line 843, in exec_module
  File "<frozen importlib._bootstrap>", line 219, in _call_with_frames_removed
  File "/opt/airflow/dags/airflow.py", line 23, in <module>
    from data_preprocessing_scripts.preprocessing import preprocess_data
ModuleNotFoundError: No module named 'data_preprocessing_scripts'
[2026-08-14T02:47:24.501+0000] {processor.py:841} WARNING - No viable dags retrieved from /opt/airflow/dags/airflow.py
[2026-08-14T02:47:24.509+0000] {processor.py:179} INFO - Processing /opt/airflow/dags/airflow.py took 0.086 seconds
[2026-08-14T02:47:54.764+0000] {processor.py:157} INFO - Started process (PID=13334) to work on /opt/airflow/dags/airflow.py
[2026-08-14T02:47:54.765+0000] {processor.py:829} INFO - Processing file /opt/airflow/dags/airflow.py for tasks to queue
[2026-08-14T02:47:54.768+0000] {logging_mixin.py:151} INFO - [2026-08-14T02:47:54.767+0000] {dagbag.py:536} INFO - Filling up the DagBag from /opt/airflow/dags/airflow.py
[2026-08-14T02:47:54.830+0000] {logging_mixin.py:151} INFO - [2026-08-14T02:47:54.830+0000] {dagbag.py:346} ERROR - Failed to import: /opt/airflow/dags/airflow.py
Traceback (most recent call last):
  File "/home/airflow/.local/lib/python3.8/site-packages/airflow/models/dagbag.py", line 342, in parse
    loader.exec_module(new_module)
  File "<frozen importlib._bootstrap_external>", line 843, in exec_module
  File "<frozen importlib._bootstrap>", line 219, in _call_with_frames_removed
  File "/opt/airflow/dags/airflow.py", line 23, in <module>
    from data_preprocessing_scripts.preprocessing import preprocess_data
ModuleNotFoundError: No module named 'data_preprocessing_scripts'
[2026-08-14T02:47:54.830+0000] {processor.py:841} WARNING - No viable dags retrieved from /opt/airflow/dags/airflow.py
[2026-08-14T02:47:54.839+0000] {processor.py:179} INFO - Processing /opt/airflow/dags/airflow.py took 0.077 seconds
[2026-08-14T02:48:25.109+0000] {processor.py:157} INFO - Started process (PID=13342) to work on /opt/airflow/dags/airflow.py
[2026-08-14T02:48:25.111+0000] {processor.py:829} INFO - Processing file /opt/airflow/dags/airflow.py for tasks to queue
[2026-08-14T02:48:25.112+0000] {logging_mixin.py:151} INFO - [2026-08-14T02:48:25.112+0000] {dagbag.py:536} INFO - Filling up the DagBag from /opt/airflow/dags/airflow.py
[2026-08-14T02:48:25.276+0000] {logging_mixin.py:151} INFO - [2026-08-14T02:48:25.275+0000] {dagbag.py:346} ERROR - Failed to import: /opt/airflow/dags/airflow.py
Traceback (most recent call last):
  File "/home/airflow/.local/lib/python3.8/site-packages/airflow/models/dagbag.py", line 342, in parse
    loader.exec_module(new_module)
  File "<frozen importlib._bootstrap_external>", line 843, in exec_module
  File "<frozen importlib._bootstrap>", line 219, in _call_with_frames_removed
  File "/opt/airflow/dags/airflow.py", line 23, in <module>
    from data_preprocessing_scripts.preprocessing import preprocess_data
ModuleNotFoundError: No module named 'data_preprocessing_scripts'
[2026-08-14T02:48:25.276+0000] {processor.py:841} WARNING - No viable dags retrieved from /opt/airflow/dags/airflow.py
[2026-08-14T02:48:25.283+0000] {processor.py:179} INFO - Processing /opt/airflow/dags/airflow.py took 0.176 seconds
[2026-08-14T02:48:55.395+0000] {processor.py:157} INFO - Started process (PID=13350) to work on /opt/airflow/dags/airflow.py
[2026-08-14T02:48:55.395+0000] {processor.py:829} INFO - Processing file /opt/airflow/dags/airflow.py for tasks to queue
[2026-08-14T02:48:55.397+0000] {logging_mixin.py:151} INFO - [2026-08-14T02:48:55.397+0000] {dagbag.py:536} INFO - Filling up the DagBag from /opt/airflow/dags/airflow.py
[2026-08-14T02:48:55.459+0000] {logging_mixin.py:151} INFO - [2026-08-14T02:48:55.459+0000] {dagbag.py:346} ERROR - Failed to import: /opt/airflow/dags/airflow.py
Traceback (most recent call last):
  File "/home/airflow/.local/lib/python3.8/site-packages/airflow/models/dagbag.py", line 342, in parse
    loader.exec_module(new_module)
  File "<frozen importlib._bootstrap_external>", line 843, in exec_module
  File "<frozen importlib._bootstrap>", line 219, in _call_with_frames_removed
  File "/opt/airflow/dags/airflow.py", line 23, in <module>
    from data_preprocessing_scripts.preprocessing import preprocess_data
ModuleNotFoundError: No module named 'data_preprocessing_scripts'
[2026-08-14T02:48:55.460+0000] {processor.py:841} WARNING - No viable dags retrieved from /opt/airflow/dags/airflow.py
[2026-08-14T02:48:55.467+0000] {processor.py:179} INFO - Processing /opt/airflow/dags/airflow.py took 0.076 seconds
[2026-08-14T02:49:25.683+0000] {processor.py:157} INFO - Started process (PID=13358) to work on /opt/airflow/dags/airflow.py
[2026-08-14T02:49:25.684+0000] {processor.py:829} INFO - Processing file /opt/airflow/dags/airflow.py for tasks to queue
[2026-08-14T02:49:25.686+0000] {logging_mixin.py:151} INFO - [2026-08-14T02:49:25.686+0000] {dagbag.py:536} INFO - Filling up the DagBag from /opt/airflow/dags/airflow.py
[2026-08-14T02:49:25.752+0000] {logging_mixin.py:151} INFO - [2026-08-14T02:49:25.752+0000] {dagbag.py:346} ERROR - Failed to import: /opt/airflow/dags/airflow.py
Traceback (most recent call last):
  File "/home/airflow/.local/lib/python3.8/site-packages/airflow/models/dagbag.py", line 342, in parse
    loader.exec_module(new_module)
  File "<frozen importlib._bootstrap_external>", line 843, in exec_module
  File "<frozen importlib._bootstrap>", line 219, in _call_with_frames_removed
  File "/opt/airflow/dags/airflow.py", line 23, in <module>
    from data_preprocessing_scripts.preprocessing import preprocess_data
ModuleNotFoundError: No module named 'data_preprocessing_scripts'
[2026-08-14T02:49:25.753+0000] {processor.py:841} WARNING - No viable dags retrieved from /opt/airflow/dags/airflow.py
[2026-08-14T02:49:25.760+0000] {processor.py:179} INFO - Processing /opt/airflow/dags/airflow.py took 0.079 seconds
[2026-08-14T02:49:56.033+0000] {processor.py:157} INFO - Started process (PID=13366) to work on /opt/airflow/dags/airflow.py
[2026-08-14T02:49:56.034+0000] {processor.py:829} INFO - Processing file /opt/airflow/dags/airflow.py for tasks to queue
[2026-08-14T02:49:56.038+0000] {logging_mixin.py:151} INFO - [2026-08-14T02:49:56.038+0000] {dagbag.py:536} INFO - Filling up the DagBag from /opt/airflow/dags/airflow.py
[2026-08-14T02:49:56.105+0000] {logging_mixin.py:151} INFO - [2026-08-14T02:49:56.105+0000] {dagbag.py:346} ERROR - Failed to import: /opt/airflow/dags/airflow.py
Traceback (most recent call last):
  File "/home/airflow/.local/lib/python3.8/site-packages/airflow/models/dagbag.py", line 342, in parse
    loader.exec_module(new_module)
  File "<frozen importlib._bootstrap_external>", line 843, in exec_module
  File "<frozen importlib._bootstrap>", line 219, in _call_with_frames_removed
  File "/opt/airflow/dags/airflow.py", line 23, in <module>
    from data_preprocessing_scripts.preprocessing import preprocess_data
ModuleNotFoundError: No module named 'data_preprocessing_scripts'
[2026-08-14T02:49:56.105+0000] {processor.py:841} WARNING - No viable dags retrieved from /opt/airflow/dags/airflow.py
[2026-08-14T02:49:56.114+0000] {processor.py:179} INFO - Processing /opt/airflow/dags/airflow.py took 0.084 seconds
[2026-08-14T02:50:26.313+0000] {processor.py:157} INFO - Started process (PID=13374) to work on /opt/airflow/dags/airflow.py
[2026-08-14T02:50:26.315+0000] {processor.py:829} INFO - Processing file /opt/airflow/dags/airflow.py for tasks to queue
[2026-08-14T02:50:26.316+0000] {logging_mixin.py:151} INFO - [2026-08-14T02:50:26.316+0000] {dagbag.py:536} INFO - Filling up the DagBag from /opt/airflow/dags/airflow.py
[2026-08-14T02:50:26.381+0000] {logging_mixin.py:151} INFO - [2026-08-14T02:50:26.380+0000] {dagbag.py:346} ERROR - Failed to import: /opt/airflow/dags/airflow.py
Traceback (most recent call last):
  File "/home/airflow/.local/lib/python3.8/site-packages/airflow/models/dagbag.py", line 342, in parse
    loader.exec_module(new_module)
  File "<frozen importlib._bootstrap_external>", line 843, in exec_module
  File "<frozen importlib._bootstrap>", line 219, in _call_with_frames_removed
  File "/opt/airflow/dags/airflow.py", line 23, in <module>
    from data_preprocessing_scripts.preprocessing import preprocess_data
ModuleNotFoundError: No module named 'data_preprocessing_scripts'
[2026-08-14T02:50:26.381+0000] {processor.py:841} WARNING - No viable dags retrieved from /opt/airflow/dags/airflow.py
[2026-08-14T02:50:26.460+0000] {processor.py:179} INFO - Processing /opt/airflow/dags/airflow.py took 0.149 seconds
[2026-08-14T02:50:56.555+0000] {processor.py:157} INFO - Started process (PID=13382) to work on /opt/airflow/dags/airflow.py
[2026-08-14T02:50:56.556+0000] {processor.py:829} INFO - Processing file /opt/airflow/dags/airflow.py for tasks to queue
[2026-08-14T02:50:56.558+0000] {logging_mixin.py:151} INFO - [2026-08-14T02:50:56.557+0000] {dagbag.py:536} INFO - Filling up the DagBag from /opt/airflow/dags/airflow.py
[2026-08-14T02:50:56.709+0000] {logging_mixin.py:151} INFO - [2026-08-14T02:50:56.709+0000] {dagbag.py:346} ERROR - Failed to import: /opt/airflow/dags/airflow.py
Traceback (most recent call last):
  File "/home/airflow/.local/lib/python3.8/site-packages/airflow/models/dagbag.py", line 342, in parse
    loader.exec_module(new_module)
  File "<frozen importlib._bootstrap_external>", line 843, in exec_module
  File "<frozen importlib._bootstrap>", line 219, in _call_with_frames_removed
  File "/opt/airflow/dags/airflow.py", line 23, in <module>
    from data_preprocessing_scripts.preprocessing import preprocess_data
ModuleNotFoundError: No module named 'data_preprocessing_scripts'
[2026-08-14T02:50:56.710+0000] {processor.py:841} WARNING - No viable dags retrieved from /opt/airflow/dags/airflow.py
[2026-08-14T02:50:56.716+0000] {processor.py:179} INFO - Processing /opt/airflow/dags/airflow.py took 0.164 seconds
[2026-08-14T02:51:26.845+0000] {processor.py:157} INFO - Started process (PID=13390) to work on /opt/airflow/dags/airflow.py
[2026-08-14T02:51:26.846+0000] {processor.py:829} INFO - Processing file /opt/airflow/dags/airflow.py for tasks to queue
[2026-08-14T02:51:26.848+0000] {logging_mixin.py:151} INFO - [2026-08-14T02:51:26.848+0000] {dagbag.py:536} INFO - Filling up the DagBag from /opt/airflow/dags/airflow.py
[2026-08-14T02:51:26.977+0000] {logging_mixin.py:151} INFO - [2026-08-14T02:51:26.977+0000] {dagbag.py:346} ERROR - Failed to import: /opt/airflow/dags/airflow.py
Traceback (most recent call last):
  File "/home/airflow/.local/lib/python3.8/site-packages/airflow/models/dagbag.py", line 342, in parse
    loader.exec_module(new_module)
  File "<frozen importlib._bootstrap_external>", line 843, in exec_module
  File "<frozen importlib._bootstrap>", line 219, in _call_with_frames_removed
  File "/opt/airflow/dags/airflow.py", line 23, in <module>
    from data_preprocessing_scripts.preprocessing import preprocess_data
ModuleNotFoundError: No module named 'data_preprocessing_scripts'
[2026-08-14T02:51:26.978+0000] {processor.py:841} WARNING - No viable dags retrieved from /opt/airflow/dags/airflow.py
[2026-08-14T02:51:26.984+0000] {processor.py:179} INFO - Processing /opt/airflow/dags/airflow.py took 0.142 seconds
[2026-08-14T02:51:57.137+0000] {processor.py:157} INFO - Started process (PID=13398) to work on /opt/airflow/dags/airflow.py
[2026-08-14T02:51:57.137+0000] {processor.py:829} INFO - Processing file /opt/airflow/dags/airflow.py for tasks to queue
[2026-08-14T02:51:57.139+0000] {logging_mixin.py:151} INFO - [2026-08-14T02:51:57.139+0000] {dagbag.py:536} INFO - Filling up the DagBag from /opt/airflow/dags/airflow.py
[2026-08-14T02:51:57.197+0000] {logging_mixin.py:151} INFO - [2026-08-14T02:51:57.197+0000] {dagbag.py:346} ERROR - Failed to import: /opt/airflow/dags/airflow.py
Traceback (most recent call last):
  File "/home/airflow/.local/lib/python3.8/site-packages/airflow/models/dagbag.py", line 342, in parse
    loader.exec_module(new_module)
  File "<frozen importlib._bootstrap_external>", line 843, in exec_module
  File "<frozen importlib._bootstrap>", line 219, in _call_with_frames_removed
  File "/opt/airflow/dags/airflow.py", line 23, in <module>
    from data_preprocessing_scripts.preprocessing import preprocess_data
ModuleNotFoundError: No module named 'data_preprocessing_scripts'
[2026-08-14T02:51:57.198+0000] {processor.py:841} WARNING - No viable dags retrieved from /opt/airflow/dags/airflow.py
[2026-08-14T02:51:57.207+0000] {processor.py:179} INFO - Processing /opt/airflow/dags/airflow.py took 0.072 seconds
[2026-08-14T02:52:27.458+0000] {processor.py:157} INFO - Started process (PID=13406) to work on /opt/airflow/dags/airflow.py
[2026-08-14T02:52:27.459+0000] {processor.py:829} INFO - Processing file /opt/airflow/dags/airflow.py for tasks to queue
[2026-08-14T02:52:27.461+0000] {logging_mixin.py:151} INFO - [2026-08-14T02:52:27.461+0000] {dagbag.py:536} INFO - Filling up the DagBag from /opt/airflow/dags/airflow.py
[2026-08-14T02:52:27.514+0000] {logging_mixin.py:151} INFO - [2026-08-14T02:52:27.513+0000] {dagbag.py:346} ERROR - Failed to import: /opt/airflow/dags/airflow.py
Traceback (most recent call last):
  File "/home/airflow/.local/lib/python3.8/site-packages/airflow/models/dagbag.py", line 342, in parse
    loader.exec_module(new_module)
  File "<frozen importlib._bootstrap_external>", line 843, in exec_module
  File "<frozen importlib._bootstrap>", line 219, in _call_with_frames_removed
  File "/opt/airflow/dags/airflow.py", line 23, in <module>
    from data_preprocessing_scripts.preprocessing import preprocess_data
ModuleNotFoundError: No module named 'data_preprocessing_scripts'
[2026-08-14T02:52:27.514+0000] {processor.py:841} WARNING - No viable dags retrieved from /opt/airflow/dags/airflow.py
[2026-08-14T02:52:27.522+0000] {processor.py:179} INFO - Processing /opt/airflow/dags/airflow.py took 0.066 seconds
[2026-08-14T02:52:57.784+0000] {processor.py:157} INFO - Started process (PID=13414) to work on /opt/airflow/dags/airflow.py
[2026-08-14T02:52:57.785+0000] {processor.py:829} INFO - Processing file /opt/airflow/dags/airflow.py for tasks to queue
[2026-08-14T02:52:57.788+0000] {logging_mixin.py:151} INFO - [2026-08-14T02:52:57.788+0000] {dagbag.py:536} INFO - Filling up the DagBag from /opt/airflow/dags/airflow.py
[2026-08-14T02:52:57.857+0000] {logging_mixin.py:151} INFO - [2026-08-14T02:52:57.857+0000] {dagbag.py:346} ERROR - Failed to import: /opt/airflow/dags/airflow.py
Traceback (most recent call last):
  File "/home/airflow/.local/lib/python3.8/site-packages/airflow/models/dagbag.py", line 342, in parse
    loader.exec_module(new_module)
  File "<frozen importlib._bootstrap_external>", line 843, in exec_module
  File "<frozen importlib._bootstrap>", line 219, in _call_with_frames_removed
  File "/opt/airflow/dags/airflow.py", line 23, in <module>
    from data_preprocessing_scripts.preprocessing import preprocess_data
ModuleNotFoundError: No module named 'data_preprocessing_scripts'
[2026-08-14T02:52:57.858+0000] {processor.py:841} WARNING - No viable dags retrieved from /opt/airflow/dags/airflow.py
[2026-08-14T02:52:57.946+0000] {processor.py:179} INFO - Processing /opt/airflow/dags/airflow.py took 0.165 seconds
[2026-08-14T02:53:28.109+0000] {processor.py:157} INFO - Started process (PID=13422) to work on /opt/airflow/dags/airflow.py
[2026-08-14T02:53:28.111+0000] {processor.py:829} INFO - Processing file /opt/airflow/dags/airflow.py for tasks to queue
[2026-08-14T02:53:28.113+0000] {logging_mixin.py:151} INFO - [2026-08-14T02:53:28.112+0000] {dagbag.py:536} INFO - Filling up the DagBag from /opt/airflow/dags/airflow.py
[2026-08-14T02:53:28.258+0000] {logging_mixin.py:151} INFO - [2026-08-14T02:53:28.257+0000] {dagbag.py:346} ERROR - Failed to import: /opt/airflow/dags/airflow.py
Traceback (most recent call last):
  File "/home/airflow/.local/lib/python3.8/site-packages/airflow/models/dagbag.py", line 342, in parse
    loader.exec_module(new_module)
  File "<frozen importlib._bootstrap_external>", line 843, in exec_module
  File "<frozen importlib._bootstrap>", line 219, in _call_with_frames_removed
  File "/opt/airflow/dags/airflow.py", line 23, in <module>
    from data_preprocessing_scripts.preprocessing import preprocess_data
ModuleNotFoundError: No module named 'data_preprocessing_scripts'
[2026-08-14T02:53:28.258+0000] {processor.py:841} WARNING - No viable dags retrieved from /opt/airflow/dags/airflow.py
[2026-08-14T02:53:28.265+0000] {processor.py:179} INFO - Processing /opt/airflow/dags/airflow.py took 0.160 seconds
[2026-08-14T02:53:58.399+0000] {processor.py:157} INFO - Started process (PID=13430) to work on /opt/airflow/dags/airflow.py
[2026-08-14T02:53:58.400+0000] {processor.py:829} INFO - Processing file /opt/airflow/dags/airflow.py for tasks to queue
[2026-08-14T02:53:58.402+0000] {logging_mixin.py:151} INFO - [2026-08-14T02:53:58.402+0000] {dagbag.py:536} INFO - Filling up the DagBag from /opt/airflow/dags/airflow.py
[2026-08-14T02:53:58.553+0000] {logging_mixin.py:151} INFO - [2026-08-14T02:53:58.552+0000] {dagbag.py:346} ERROR - Failed to import: /opt/airflow/dags/airflow.py
Traceback (most recent call last):
  File "/home/airflow/.local/lib/python3.8/site-packages/airflow/models/dagbag.py", line 342, in parse
    loader.exec_module(new_module)
  File "<frozen importlib._bootstrap_external>", line 843, in exec_module
  File "<frozen importlib._bootstrap>", line 219, in _call_with_frames_removed
  File "/opt/airflow/dags/airflow.py", line 23, in <module>
    from data_preprocessing_scripts.preprocessing import preprocess_data
ModuleNotFoundError: No module named 'data_preprocessing_scripts'
[2026-08-14T02:53:58.553+0000] {processor.py:841} WARNING - No viable dags retrieved from /opt/airflow/dags/airflow.py
[2026-08-14T02:53:58.559+0000] {processor.py:179} INFO - Processing /opt/airflow/dags/airflow.py took 0.164 seconds
[2026-08-14T02:54:28.716+0000] {processor.py:157} INFO - Started process (PID=13438) to work on /opt/airflow/dags/airflow.py
[2026-08-14T02:54:28.716+0000] {processor.py:829} INFO - Processing file /opt/airflow/dags/airflow.py for tasks to queue
[2026-08-14T02:54:28.718+0000] {logging_mixin.py:151} INFO - [2026-08-14T02:54:28.717+0000] {dagbag.py:536} INFO - Filling up the DagBag from /opt/airflow/dags/airflow.py
[2026-08-14T02:54:28.781+0000] {logging_mixin.py:151} INFO - [2026-08-14T02:54:28.781+0000] {dagbag.py:346} ERROR - Failed to import: /opt/airflow/dags/airflow.py
Traceback (most recent call last):
  File "/home/airflow/.local/lib/python3.8/site-packages/airflow/models/dagbag.py", line 342, in parse
    loader.exec_module(new_module)
  File "<frozen importlib._bootstrap_external>", line 843, in exec_module
  File "<frozen importlib._bootstrap>", line 219, in _call_with_frames_removed
  File "/opt/airflow/dags/airflow.py", line 23, in <module>
    from data_preprocessing_scripts.preprocessing import preprocess_data
ModuleNotFoundError: No module named 'data_preprocessing_scripts'
[2026-08-14T02:54:28.781+0000] {processor.py:841} WARNING - No viable dags retrieved from /opt/airflow/dags/airflow.py
[2026-08-14T02:54:28.790+0000] {processor.py:179} INFO - Processing /opt/airflow/dags/airflow.py took 0.077 seconds
[2026-08-14T02:54:58.999+0000] {processor.py:157} INFO - Started process (PID=13446) to work on /opt/airflow/dags/airflow.py
[2026-08-14T02:54:59.000+0000] {processor.py:829} INFO - Processing file /opt/airflow/dags/airflow.py for tasks to queue
[2026-08-14T02:54:59.002+0000] {logging_mixin.py:151} INFO - [2026-08-14T02:54:59.002+0000] {dagbag.py:536} INFO - Filling up the DagBag from /opt/airflow/dags/airflow.py
[2026-08-14T02:54:59.065+0000] {logging_mixin.py:151} INFO - [2026-08-14T02:54:59.065+0000] {dagbag.py:346} ERROR - Failed to import: /opt/airflow/dags/airflow.py
Traceback (most recent call last):
  File "/home/airflow/.local/lib/python3.8/site-packages/airflow/models/dagbag.py", line 342, in parse
    loader.exec_module(new_module)
  File "<frozen importlib._bootstrap_external>", line 843, in exec_module
  File "<frozen importlib._bootstrap>", line 219, in _call_with_frames_removed
  File "/opt/airflow/dags/airflow.py", line 23, in <module>
    from data_preprocessing_scripts.preprocessing import preprocess_data
ModuleNotFoundError: No module named 'data_preprocessing_scripts'
[2026-08-14T02:54:59.066+0000] {processor.py:841} WARNING - No viable dags retrieved from /opt/airflow/dags/airflow.py
[2026-08-14T02:54:59.074+0000] {processor.py:179} INFO - Processing /opt/airflow/dags/airflow.py took 0.077 seconds
[2026-08-14T02:55:29.294+0000] {processor.py:157} INFO - Started process (PID=13454) to work on /opt/airflow/dags/airflow.py
[2026-08-14T02:55:29.296+0000] {processor.py:829} INFO - Processing file /opt/airflow/dags/airflow.py for tasks to queue
[2026-08-14T02:55:29.298+0000] {logging_mixin.py:151} INFO - [2026-08-14T02:55:29.297+0000] {dagbag.py:536} INFO - Filling up the DagBag from /opt/airflow/dags/airflow.py
[2026-08-14T02:55:29.442+0000] {logging_mixin.py:151} INFO - [2026-08-14T02:55:29.441+0000] {dagbag.py:346} ERROR - Failed to import: /opt/airflow/dags/airflow.py
Traceback (most recent call last):
  File "/home/airflow/.local/lib/python3.8/site-packages/airflow/models/dagbag.py", line 342, in parse
    loader.exec_module(new_module)
  File "<frozen importlib._bootstrap_external>", line 843, in exec_module
  File "<frozen importlib._bootstrap>", line 219, in _call_with_frames_removed
  File "/opt/airflow/dags/airflow.py", line 23, in <module>
    from data_preprocessing_scripts.preprocessing import preprocess_data
ModuleNotFoundError: No module named 'data_preprocessing_scripts'
[2026-08-14T02:55:29.442+0000] {processor.py:841} WARNING - No viable dags retrieved from /opt/airflow/dags/airflow.py
[2026-08-14T02:55:29.449+0000] {processor.py:179} INFO - Processing /opt/airflow/dags/airflow.py took 0.157 seconds
[2026-08-14T02:55:59.575+0000] {processor.py:157} INFO - Started process (PID=13462) to work on /opt/airflow/dags/airflow.py
[2026-08-14T02:55:59.576+0000] {processor.py:829} INFO - Processing file /opt/airflow/dags/airflow.py for tasks to queue
[2026-08-14T02:55:59.579+0000] {logging_mixin.py:151} INFO - [2026-08-14T02:55:59.579+0000] {dagbag.py:536} INFO - Filling up the DagBag from /opt/airflow/dags/airflow.py
[2026-08-14T02:55:59.739+0000] {logging_mixin.py:151} INFO - [2026-08-14T02:55:59.738+0000] {dagbag.py:346} ERROR - Failed to import: /opt/airflow/dags/airflow.py
Traceback (most recent call last):
  File "/home/airflow/.local/lib/python3.8/site-packages/airflow/models/dagbag.py", line 342, in parse
    loader.exec_module(new_module)
  File "<frozen importlib._bootstrap_external>", line 843, in exec_module
  File "<frozen importlib._bootstrap>", line 219, in _call_with_frames_removed
  File "/opt/airflow/dags/airflow.py", line 23, in <module>
    from data_preprocessing_scripts.preprocessing import preprocess_data
ModuleNotFoundError: No module named 'data_preprocessing_scripts'
[2026-08-14T02:55:59.739+0000] {processor.py:841} WARNING - No viable dags retrieved from /opt/airflow/dags/airflow.py
[2026-08-14T02:55:59.746+0000] {processor.py:179} INFO - Processing /opt/airflow/dags/airflow.py took 0.176 seconds
[2026-08-14T02:56:29.898+0000] {processor.py:157} INFO - Started process (PID=13470) to work on /opt/airflow/dags/airflow.py
[2026-08-14T02:56:29.899+0000] {processor.py:829} INFO - Processing file /opt/airflow/dags/airflow.py for tasks to queue
[2026-08-14T02:56:29.900+0000] {logging_mixin.py:151} INFO - [2026-08-14T02:56:29.900+0000] {dagbag.py:536} INFO - Filling up the DagBag from /opt/airflow/dags/airflow.py
[2026-08-14T02:56:30.035+0000] {logging_mixin.py:151} INFO - [2026-08-14T02:56:30.034+0000] {dagbag.py:346} ERROR - Failed to import: /opt/airflow/dags/airflow.py
Traceback (most recent call last):
  File "/home/airflow/.local/lib/python3.8/site-packages/airflow/models/dagbag.py", line 342, in parse
    loader.exec_module(new_module)
  File "<frozen importlib._bootstrap_external>", line 843, in exec_module
  File "<frozen importlib._bootstrap>", line 219, in _call_with_frames_removed
  File "/opt/airflow/dags/airflow.py", line 23, in <module>
    from data_preprocessing_scripts.preprocessing import preprocess_data
ModuleNotFoundError: No module named 'data_preprocessing_scripts'
[2026-08-14T02:56:30.035+0000] {processor.py:841} WARNING - No viable dags retrieved from /opt/airflow/dags/airflow.py
[2026-08-14T02:56:30.041+0000] {processor.py:179} INFO - Processing /opt/airflow/dags/airflow.py took 0.145 seconds
[2026-08-14T02:57:00.164+0000] {processor.py:157} INFO - Started process (PID=13478) to work on /opt/airflow/dags/airflow.py
[2026-08-14T02:57:00.165+0000] {processor.py:829} INFO - Processing file /opt/airflow/dags/airflow.py for tasks to queue
[2026-08-14T02:57:00.170+0000] {logging_mixin.py:151} INFO - [2026-08-14T02:57:00.169+0000] {dagbag.py:536} INFO - Filling up the DagBag from /opt/airflow/dags/airflow.py
[2026-08-14T02:57:00.255+0000] {logging_mixin.py:151} INFO - [2026-08-14T02:57:00.254+0000] {dagbag.py:346} ERROR - Failed to import: /opt/airflow/dags/airflow.py
Traceback (most recent call last):
  File "/home/airflow/.local/lib/python3.8/site-packages/airflow/models/dagbag.py", line 342, in parse
    loader.exec_module(new_module)
  File "<frozen importlib._bootstrap_external>", line 843, in exec_module
  File "<frozen importlib._bootstrap>", line 219, in _call_with_frames_removed
  File "/opt/airflow/dags/airflow.py", line 23, in <module>
    from data_preprocessing_scripts.preprocessing import preprocess_data
ModuleNotFoundError: No module named 'data_preprocessing_scripts'
[2026-08-14T02:57:00.255+0000] {processor.py:841} WARNING - No viable dags retrieved from /opt/airflow/dags/airflow.py
[2026-08-14T02:57:00.263+0000] {processor.py:179} INFO - Processing /opt/airflow/dags/airflow.py took 0.104 seconds
[2026-08-14T02:57:30.486+0000] {processor.py:157} INFO - Started process (PID=13486) to work on /opt/airflow/dags/airflow.py
[2026-08-14T02:57:30.488+0000] {processor.py:829} INFO - Processing file /opt/airflow/dags/airflow.py for tasks to queue
[2026-08-14T02:57:30.493+0000] {logging_mixin.py:151} INFO - [2026-08-14T02:57:30.492+0000] {dagbag.py:536} INFO - Filling up the DagBag from /opt/airflow/dags/airflow.py
[2026-08-14T02:57:30.565+0000] {logging_mixin.py:151} INFO - [2026-08-14T02:57:30.564+0000] {dagbag.py:346} ERROR - Failed to import: /opt/airflow/dags/airflow.py
Traceback (most recent call last):
  File "/home/airflow/.local/lib/python3.8/site-packages/airflow/models/dagbag.py", line 342, in parse
    loader.exec_module(new_module)
  File "<frozen importlib._bootstrap_external>", line 843, in exec_module
  File "<frozen importlib._bootstrap>", line 219, in _call_with_frames_removed
  File "/opt/airflow/dags/airflow.py", line 23, in <module>
    from data_preprocessing_scripts.preprocessing import preprocess_data
ModuleNotFoundError: No module named 'data_preprocessing_scripts'
[2026-08-14T02:57:30.565+0000] {processor.py:841} WARNING - No viable dags retrieved from /opt/airflow/dags/airflow.py
[2026-08-14T02:57:30.574+0000] {processor.py:179} INFO - Processing /opt/airflow/dags/airflow.py took 0.092 seconds
[2026-08-14T02:58:00.835+0000] {processor.py:157} INFO - Started process (PID=13494) to work on /opt/airflow/dags/airflow.py
[2026-08-14T02:58:00.836+0000] {processor.py:829} INFO - Processing file /opt/airflow/dags/airflow.py for tasks to queue
[2026-08-14T02:58:00.838+0000] {logging_mixin.py:151} INFO - [2026-08-14T02:58:00.838+0000] {dagbag.py:536} INFO - Filling up the DagBag from /opt/airflow/dags/airflow.py
[2026-08-14T02:58:01.051+0000] {logging_mixin.py:151} INFO - [2026-08-14T02:58:01.051+0000] {dagbag.py:346} ERROR - Failed to import: /opt/airflow/dags/airflow.py
Traceback (most recent call last):
  File "/home/airflow/.local/lib/python3.8/site-packages/airflow/models/dagbag.py", line 342, in parse
    loader.exec_module(new_module)
  File "<frozen importlib._bootstrap_external>", line 843, in exec_module
  File "<frozen importlib._bootstrap>", line 219, in _call_with_frames_removed
  File "/opt/airflow/dags/airflow.py", line 23, in <module>
    from data_preprocessing_scripts.preprocessing import preprocess_data
ModuleNotFoundError: No module named 'data_preprocessing_scripts'
[2026-08-14T02:58:01.052+0000] {processor.py:841} WARNING - No viable dags retrieved from /opt/airflow/dags/airflow.py
[2026-08-14T02:58:01.063+0000] {processor.py:179} INFO - Processing /opt/airflow/dags/airflow.py took 0.232 seconds
[2026-08-14T02:58:31.137+0000] {processor.py:157} INFO - Started process (PID=13502) to work on /opt/airflow/dags/airflow.py
[2026-08-14T02:58:31.137+0000] {processor.py:829} INFO - Processing file /opt/airflow/dags/airflow.py for tasks to queue
[2026-08-14T02:58:31.139+0000] {logging_mixin.py:151} INFO - [2026-08-14T02:58:31.139+0000] {dagbag.py:536} INFO - Filling up the DagBag from /opt/airflow/dags/airflow.py
[2026-08-14T02:58:31.295+0000] {logging_mixin.py:151} INFO - [2026-08-14T02:58:31.294+0000] {dagbag.py:346} ERROR - Failed to import: /opt/airflow/dags/airflow.py
Traceback (most recent call last):
  File "/home/airflow/.local/lib/python3.8/site-packages/airflow/models/dagbag.py", line 342, in parse
    loader.exec_module(new_module)
  File "<frozen importlib._bootstrap_external>", line 843, in exec_module
  File "<frozen importlib._bootstrap>", line 219, in _call_with_frames_removed
  File "/opt/airflow/dags/airflow.py", line 23, in <module>
    from data_preprocessing_scripts.preprocessing import preprocess_data
ModuleNotFoundError: No module named 'data_preprocessing_scripts'
[2026-08-14T02:58:31.295+0000] {processor.py:841} WARNING - No viable dags retrieved from /opt/airflow/dags/airflow.py
[2026-08-14T02:58:31.303+0000] {processor.py:179} INFO - Processing /opt/airflow/dags/airflow.py took 0.169 seconds
[2026-08-14T02:59:01.438+0000] {processor.py:157} INFO - Started process (PID=13510) to work on /opt/airflow/dags/airflow.py
[2026-08-14T02:59:01.439+0000] {processor.py:829} INFO - Processing file /opt/airflow/dags/airflow.py for tasks to queue
[2026-08-14T02:59:01.441+0000] {logging_mixin.py:151} INFO - [2026-08-14T02:59:01.441+0000] {dagbag.py:536} INFO - Filling up the DagBag from /opt/airflow/dags/airflow.py
[2026-08-14T02:59:01.577+0000] {logging_mixin.py:151} INFO - [2026-08-14T02:59:01.576+0000] {dagbag.py:346} ERROR - Failed to import: /opt/airflow/dags/airflow.py
Traceback (most recent call last):
  File "/home/airflow/.local/lib/python3.8/site-packages/airflow/models/dagbag.py", line 342, in parse
    loader.exec_module(new_module)
  File "<frozen importlib._bootstrap_external>", line 843, in exec_module
  File "<frozen importlib._bootstrap>", line 219, in _call_with_frames_removed
  File "/opt/airflow/dags/airflow.py", line 23, in <module>
    from data_preprocessing_scripts.preprocessing import preprocess_data
ModuleNotFoundError: No module named 'data_preprocessing_scripts'
[2026-08-14T02:59:01.577+0000] {processor.py:841} WARNING - No viable dags retrieved from /opt/airflow/dags/airflow.py
[2026-08-14T02:59:01.583+0000] {processor.py:179} INFO - Processing /opt/airflow/dags/airflow.py took 0.149 seconds
[2026-08-14T02:59:31.754+0000] {processor.py:157} INFO - Started process (PID=13518) to work on /opt/airflow/dags/airflow.py
[2026-08-14T02:59:31.754+0000] {processor.py:829} INFO - Processing file /opt/airflow/dags/airflow.py for tasks to queue
[2026-08-14T02:59:31.756+0000] {logging_mixin.py:151} INFO - [2026-08-14T02:59:31.756+0000] {dagbag.py:536} INFO - Filling up the DagBag from /opt/airflow/dags/airflow.py
[2026-08-14T02:59:31.816+0000] {logging_mixin.py:151} INFO - [2026-08-14T02:59:31.816+0000] {dagbag.py:346} ERROR - Failed to import: /opt/airflow/dags/airflow.py
Traceback (most recent call last):
  File "/home/airflow/.local/lib/python3.8/site-packages/airflow/models/dagbag.py", line 342, in parse
    loader.exec_module(new_module)
  File "<frozen importlib._bootstrap_external>", line 843, in exec_module
  File "<frozen importlib._bootstrap>", line 219, in _call_with_frames_removed
  File "/opt/airflow/dags/airflow.py", line 23, in <module>
    from data_preprocessing_scripts.preprocessing import preprocess_data
ModuleNotFoundError: No module named 'data_preprocessing_scripts'
[2026-08-14T02:59:31.817+0000] {processor.py:841} WARNING - No viable dags retrieved from /opt/airflow/dags/airflow.py
[2026-08-14T02:59:31.824+0000] {processor.py:179} INFO - Processing /opt/airflow/dags/airflow.py took 0.074 seconds
[2026-08-14T03:00:02.063+0000] {processor.py:157} INFO - Started process (PID=13526) to work on /opt/airflow/dags/airflow.py
[2026-08-14T03:00:02.064+0000] {processor.py:829} INFO - Processing file /opt/airflow/dags/airflow.py for tasks to queue
[2026-08-14T03:00:02.067+0000] {logging_mixin.py:151} INFO - [2026-08-14T03:00:02.066+0000] {dagbag.py:536} INFO - Filling up the DagBag from /opt/airflow/dags/airflow.py
[2026-08-14T03:00:02.132+0000] {logging_mixin.py:151} INFO - [2026-08-14T03:00:02.131+0000] {dagbag.py:346} ERROR - Failed to import: /opt/airflow/dags/airflow.py
Traceback (most recent call last):
  File "/home/airflow/.local/lib/python3.8/site-packages/airflow/models/dagbag.py", line 342, in parse
    loader.exec_module(new_module)
  File "<frozen importlib._bootstrap_external>", line 843, in exec_module
  File "<frozen importlib._bootstrap>", line 219, in _call_with_frames_removed
  File "/opt/airflow/dags/airflow.py", line 23, in <module>
    from data_preprocessing_scripts.preprocessing import preprocess_data
ModuleNotFoundError: No module named 'data_preprocessing_scripts'
[2026-08-14T03:00:02.132+0000] {processor.py:841} WARNING - No viable dags retrieved from /opt/airflow/dags/airflow.py
[2026-08-14T03:00:02.141+0000] {processor.py:179} INFO - Processing /opt/airflow/dags/airflow.py took 0.083 seconds
[2026-08-14T03:00:32.404+0000] {processor.py:157} INFO - Started process (PID=13534) to work on /opt/airflow/dags/airflow.py
[2026-08-14T03:00:32.405+0000] {processor.py:829} INFO - Processing file /opt/airflow/dags/airflow.py for tasks to queue
[2026-08-14T03:00:32.407+0000] {logging_mixin.py:151} INFO - [2026-08-14T03:00:32.407+0000] {dagbag.py:536} INFO - Filling up the DagBag from /opt/airflow/dags/airflow.py
[2026-08-14T03:00:32.541+0000] {logging_mixin.py:151} INFO - [2026-08-14T03:00:32.540+0000] {dagbag.py:346} ERROR - Failed to import: /opt/airflow/dags/airflow.py
Traceback (most recent call last):
  File "/home/airflow/.local/lib/python3.8/site-packages/airflow/models/dagbag.py", line 342, in parse
    loader.exec_module(new_module)
  File "<frozen importlib._bootstrap_external>", line 843, in exec_module
  File "<frozen importlib._bootstrap>", line 219, in _call_with_frames_removed
  File "/opt/airflow/dags/airflow.py", line 23, in <module>
    from data_preprocessing_scripts.preprocessing import preprocess_data
ModuleNotFoundError: No module named 'data_preprocessing_scripts'
[2026-08-14T03:00:32.541+0000] {processor.py:841} WARNING - No viable dags retrieved from /opt/airflow/dags/airflow.py
[2026-08-14T03:00:32.547+0000] {processor.py:179} INFO - Processing /opt/airflow/dags/airflow.py took 0.147 seconds
[2026-08-14T03:01:02.712+0000] {processor.py:157} INFO - Started process (PID=13542) to work on /opt/airflow/dags/airflow.py
[2026-08-14T03:01:02.714+0000] {processor.py:829} INFO - Processing file /opt/airflow/dags/airflow.py for tasks to queue
[2026-08-14T03:01:02.716+0000] {logging_mixin.py:151} INFO - [2026-08-14T03:01:02.716+0000] {dagbag.py:536} INFO - Filling up the DagBag from /opt/airflow/dags/airflow.py
[2026-08-14T03:01:02.858+0000] {logging_mixin.py:151} INFO - [2026-08-14T03:01:02.858+0000] {dagbag.py:346} ERROR - Failed to import: /opt/airflow/dags/airflow.py
Traceback (most recent call last):
  File "/home/airflow/.local/lib/python3.8/site-packages/airflow/models/dagbag.py", line 342, in parse
    loader.exec_module(new_module)
  File "<frozen importlib._bootstrap_external>", line 843, in exec_module
  File "<frozen importlib._bootstrap>", line 219, in _call_with_frames_removed
  File "/opt/airflow/dags/airflow.py", line 23, in <module>
    from data_preprocessing_scripts.preprocessing import preprocess_data
ModuleNotFoundError: No module named 'data_preprocessing_scripts'
[2026-08-14T03:01:02.859+0000] {processor.py:841} WARNING - No viable dags retrieved from /opt/airflow/dags/airflow.py
[2026-08-14T03:01:02.865+0000] {processor.py:179} INFO - Processing /opt/airflow/dags/airflow.py took 0.156 seconds
[2026-08-14T03:01:33.032+0000] {processor.py:157} INFO - Started process (PID=13550) to work on /opt/airflow/dags/airflow.py
[2026-08-14T03:01:33.033+0000] {processor.py:829} INFO - Processing file /opt/airflow/dags/airflow.py for tasks to queue
[2026-08-14T03:01:33.034+0000] {logging_mixin.py:151} INFO - [2026-08-14T03:01:33.034+0000] {dagbag.py:536} INFO - Filling up the DagBag from /opt/airflow/dags/airflow.py
[2026-08-14T03:01:33.165+0000] {logging_mixin.py:151} INFO - [2026-08-14T03:01:33.164+0000] {dagbag.py:346} ERROR - Failed to import: /opt/airflow/dags/airflow.py
Traceback (most recent call last):
  File "/home/airflow/.local/lib/python3.8/site-packages/airflow/models/dagbag.py", line 342, in parse
    loader.exec_module(new_module)
  File "<frozen importlib._bootstrap_external>", line 843, in exec_module
  File "<frozen importlib._bootstrap>", line 219, in _call_with_frames_removed
  File "/opt/airflow/dags/airflow.py", line 23, in <module>
    from data_preprocessing_scripts.preprocessing import preprocess_data
ModuleNotFoundError: No module named 'data_preprocessing_scripts'
[2026-08-14T03:01:33.165+0000] {processor.py:841} WARNING - No viable dags retrieved from /opt/airflow/dags/airflow.py
[2026-08-14T03:01:33.171+0000] {processor.py:179} INFO - Processing /opt/airflow/dags/airflow.py took 0.141 seconds
[2026-08-14T03:02:03.329+0000] {processor.py:157} INFO - Started process (PID=13558) to work on /opt/airflow/dags/airflow.py
[2026-08-14T03:02:03.330+0000] {processor.py:829} INFO - Processing file /opt/airflow/dags/airflow.py for tasks to queue
[2026-08-14T03:02:03.332+0000] {logging_mixin.py:151} INFO - [2026-08-14T03:02:03.331+0000] {dagbag.py:536} INFO - Filling up the DagBag from /opt/airflow/dags/airflow.py
[2026-08-14T03:02:03.396+0000] {logging_mixin.py:151} INFO - [2026-08-14T03:02:03.395+0000] {dagbag.py:346} ERROR - Failed to import: /opt/airflow/dags/airflow.py
Traceback (most recent call last):
  File "/home/airflow/.local/lib/python3.8/site-packages/airflow/models/dagbag.py", line 342, in parse
    loader.exec_module(new_module)
  File "<frozen importlib._bootstrap_external>", line 843, in exec_module
  File "<frozen importlib._bootstrap>", line 219, in _call_with_frames_removed
  File "/opt/airflow/dags/airflow.py", line 23, in <module>
    from data_preprocessing_scripts.preprocessing import preprocess_data
ModuleNotFoundError: No module named 'data_preprocessing_scripts'
[2026-08-14T03:02:03.396+0000] {processor.py:841} WARNING - No viable dags retrieved from /opt/airflow/dags/airflow.py
[2026-08-14T03:02:03.403+0000] {processor.py:179} INFO - Processing /opt/airflow/dags/airflow.py took 0.079 seconds
[2026-08-14T03:02:33.648+0000] {processor.py:157} INFO - Started process (PID=13566) to work on /opt/airflow/dags/airflow.py
[2026-08-14T03:02:33.649+0000] {processor.py:829} INFO - Processing file /opt/airflow/dags/airflow.py for tasks to queue
[2026-08-14T03:02:33.651+0000] {logging_mixin.py:151} INFO - [2026-08-14T03:02:33.651+0000] {dagbag.py:536} INFO - Filling up the DagBag from /opt/airflow/dags/airflow.py
[2026-08-14T03:02:33.715+0000] {logging_mixin.py:151} INFO - [2026-08-14T03:02:33.714+0000] {dagbag.py:346} ERROR - Failed to import: /opt/airflow/dags/airflow.py
Traceback (most recent call last):
  File "/home/airflow/.local/lib/python3.8/site-packages/airflow/models/dagbag.py", line 342, in parse
    loader.exec_module(new_module)
  File "<frozen importlib._bootstrap_external>", line 843, in exec_module
  File "<frozen importlib._bootstrap>", line 219, in _call_with_frames_removed
  File "/opt/airflow/dags/airflow.py", line 23, in <module>
    from data_preprocessing_scripts.preprocessing import preprocess_data
ModuleNotFoundError: No module named 'data_preprocessing_scripts'
[2026-08-14T03:02:33.715+0000] {processor.py:841} WARNING - No viable dags retrieved from /opt/airflow/dags/airflow.py
[2026-08-14T03:02:33.790+0000] {processor.py:179} INFO - Processing /opt/airflow/dags/airflow.py took 0.145 seconds
[2026-08-14T03:03:03.927+0000] {processor.py:157} INFO - Started process (PID=13574) to work on /opt/airflow/dags/airflow.py
[2026-08-14T03:03:03.928+0000] {processor.py:829} INFO - Processing file /opt/airflow/dags/airflow.py for tasks to queue
[2026-08-14T03:03:03.930+0000] {logging_mixin.py:151} INFO - [2026-08-14T03:03:03.930+0000] {dagbag.py:536} INFO - Filling up the DagBag from /opt/airflow/dags/airflow.py
[2026-08-14T03:03:04.070+0000] {logging_mixin.py:151} INFO - [2026-08-14T03:03:04.070+0000] {dagbag.py:346} ERROR - Failed to import: /opt/airflow/dags/airflow.py
Traceback (most recent call last):
  File "/home/airflow/.local/lib/python3.8/site-packages/airflow/models/dagbag.py", line 342, in parse
    loader.exec_module(new_module)
  File "<frozen importlib._bootstrap_external>", line 843, in exec_module
  File "<frozen importlib._bootstrap>", line 219, in _call_with_frames_removed
  File "/opt/airflow/dags/airflow.py", line 23, in <module>
    from data_preprocessing_scripts.preprocessing import preprocess_data
ModuleNotFoundError: No module named 'data_preprocessing_scripts'
[2026-08-14T03:03:04.070+0000] {processor.py:841} WARNING - No viable dags retrieved from /opt/airflow/dags/airflow.py
[2026-08-14T03:03:04.077+0000] {processor.py:179} INFO - Processing /opt/airflow/dags/airflow.py took 0.154 seconds
[2026-08-14T03:03:34.221+0000] {processor.py:157} INFO - Started process (PID=13582) to work on /opt/airflow/dags/airflow.py
[2026-08-14T03:03:34.222+0000] {processor.py:829} INFO - Processing file /opt/airflow/dags/airflow.py for tasks to queue
[2026-08-14T03:03:34.223+0000] {logging_mixin.py:151} INFO - [2026-08-14T03:03:34.223+0000] {dagbag.py:536} INFO - Filling up the DagBag from /opt/airflow/dags/airflow.py
[2026-08-14T03:03:34.359+0000] {logging_mixin.py:151} INFO - [2026-08-14T03:03:34.358+0000] {dagbag.py:346} ERROR - Failed to import: /opt/airflow/dags/airflow.py
Traceback (most recent call last):
  File "/home/airflow/.local/lib/python3.8/site-packages/airflow/models/dagbag.py", line 342, in parse
    loader.exec_module(new_module)
  File "<frozen importlib._bootstrap_external>", line 843, in exec_module
  File "<frozen importlib._bootstrap>", line 219, in _call_with_frames_removed
  File "/opt/airflow/dags/airflow.py", line 23, in <module>
    from data_preprocessing_scripts.preprocessing import preprocess_data
ModuleNotFoundError: No module named 'data_preprocessing_scripts'
[2026-08-14T03:03:34.359+0000] {processor.py:841} WARNING - No viable dags retrieved from /opt/airflow/dags/airflow.py
[2026-08-14T03:03:34.366+0000] {processor.py:179} INFO - Processing /opt/airflow/dags/airflow.py took 0.148 seconds
[2026-08-14T03:04:04.511+0000] {processor.py:157} INFO - Started process (PID=13590) to work on /opt/airflow/dags/airflow.py
[2026-08-14T03:04:04.512+0000] {processor.py:829} INFO - Processing file /opt/airflow/dags/airflow.py for tasks to queue
[2026-08-14T03:04:04.513+0000] {logging_mixin.py:151} INFO - [2026-08-14T03:04:04.513+0000] {dagbag.py:536} INFO - Filling up the DagBag from /opt/airflow/dags/airflow.py
[2026-08-14T03:04:04.643+0000] {logging_mixin.py:151} INFO - [2026-08-14T03:04:04.642+0000] {dagbag.py:346} ERROR - Failed to import: /opt/airflow/dags/airflow.py
Traceback (most recent call last):
  File "/home/airflow/.local/lib/python3.8/site-packages/airflow/models/dagbag.py", line 342, in parse
    loader.exec_module(new_module)
  File "<frozen importlib._bootstrap_external>", line 843, in exec_module
  File "<frozen importlib._bootstrap>", line 219, in _call_with_frames_removed
  File "/opt/airflow/dags/airflow.py", line 23, in <module>
    from data_preprocessing_scripts.preprocessing import preprocess_data
ModuleNotFoundError: No module named 'data_preprocessing_scripts'
[2026-08-14T03:04:04.643+0000] {processor.py:841} WARNING - No viable dags retrieved from /opt/airflow/dags/airflow.py
[2026-08-14T03:04:04.649+0000] {processor.py:179} INFO - Processing /opt/airflow/dags/airflow.py took 0.140 seconds
[2026-08-14T03:04:34.844+0000] {processor.py:157} INFO - Started process (PID=13598) to work on /opt/airflow/dags/airflow.py
[2026-08-14T03:04:34.845+0000] {processor.py:829} INFO - Processing file /opt/airflow/dags/airflow.py for tasks to queue
[2026-08-14T03:04:34.849+0000] {logging_mixin.py:151} INFO - [2026-08-14T03:04:34.848+0000] {dagbag.py:536} INFO - Filling up the DagBag from /opt/airflow/dags/airflow.py
[2026-08-14T03:04:34.919+0000] {logging_mixin.py:151} INFO - [2026-08-14T03:04:34.919+0000] {dagbag.py:346} ERROR - Failed to import: /opt/airflow/dags/airflow.py
Traceback (most recent call last):
  File "/home/airflow/.local/lib/python3.8/site-packages/airflow/models/dagbag.py", line 342, in parse
    loader.exec_module(new_module)
  File "<frozen importlib._bootstrap_external>", line 843, in exec_module
  File "<frozen importlib._bootstrap>", line 219, in _call_with_frames_removed
  File "/opt/airflow/dags/airflow.py", line 23, in <module>
    from data_preprocessing_scripts.preprocessing import preprocess_data
ModuleNotFoundError: No module named 'data_preprocessing_scripts'
[2026-08-14T03:04:34.920+0000] {processor.py:841} WARNING - No viable dags retrieved from /opt/airflow/dags/airflow.py
[2026-08-14T03:04:34.927+0000] {processor.py:179} INFO - Processing /opt/airflow/dags/airflow.py took 0.087 seconds
[2026-08-14T03:05:05.181+0000] {processor.py:157} INFO - Started process (PID=13606) to work on /opt/airflow/dags/airflow.py
[2026-08-14T03:05:05.183+0000] {processor.py:829} INFO - Processing file /opt/airflow/dags/airflow.py for tasks to queue
[2026-08-14T03:05:05.186+0000] {logging_mixin.py:151} INFO - [2026-08-14T03:05:05.185+0000] {dagbag.py:536} INFO - Filling up the DagBag from /opt/airflow/dags/airflow.py
[2026-08-14T03:05:05.250+0000] {logging_mixin.py:151} INFO - [2026-08-14T03:05:05.249+0000] {dagbag.py:346} ERROR - Failed to import: /opt/airflow/dags/airflow.py
Traceback (most recent call last):
  File "/home/airflow/.local/lib/python3.8/site-packages/airflow/models/dagbag.py", line 342, in parse
    loader.exec_module(new_module)
  File "<frozen importlib._bootstrap_external>", line 843, in exec_module
  File "<frozen importlib._bootstrap>", line 219, in _call_with_frames_removed
  File "/opt/airflow/dags/airflow.py", line 23, in <module>
    from data_preprocessing_scripts.preprocessing import preprocess_data
ModuleNotFoundError: No module named 'data_preprocessing_scripts'
[2026-08-14T03:05:05.250+0000] {processor.py:841} WARNING - No viable dags retrieved from /opt/airflow/dags/airflow.py
[2026-08-14T03:05:05.362+0000] {processor.py:179} INFO - Processing /opt/airflow/dags/airflow.py took 0.186 seconds
[2026-08-14T03:05:35.524+0000] {processor.py:157} INFO - Started process (PID=13614) to work on /opt/airflow/dags/airflow.py
[2026-08-14T03:05:35.525+0000] {processor.py:829} INFO - Processing file /opt/airflow/dags/airflow.py for tasks to queue
[2026-08-14T03:05:35.528+0000] {logging_mixin.py:151} INFO - [2026-08-14T03:05:35.528+0000] {dagbag.py:536} INFO - Filling up the DagBag from /opt/airflow/dags/airflow.py
[2026-08-14T03:05:35.665+0000] {logging_mixin.py:151} INFO - [2026-08-14T03:05:35.665+0000] {dagbag.py:346} ERROR - Failed to import: /opt/airflow/dags/airflow.py
Traceback (most recent call last):
  File "/home/airflow/.local/lib/python3.8/site-packages/airflow/models/dagbag.py", line 342, in parse
    loader.exec_module(new_module)
  File "<frozen importlib._bootstrap_external>", line 843, in exec_module
  File "<frozen importlib._bootstrap>", line 219, in _call_with_frames_removed
  File "/opt/airflow/dags/airflow.py", line 23, in <module>
    from data_preprocessing_scripts.preprocessing import preprocess_data
ModuleNotFoundError: No module named 'data_preprocessing_scripts'
[2026-08-14T03:05:35.665+0000] {processor.py:841} WARNING - No viable dags retrieved from /opt/airflow/dags/airflow.py
[2026-08-14T03:05:35.672+0000] {processor.py:179} INFO - Processing /opt/airflow/dags/airflow.py took 0.151 seconds
[2026-08-14T03:06:05.821+0000] {processor.py:157} INFO - Started process (PID=13622) to work on /opt/airflow/dags/airflow.py
[2026-08-14T03:06:05.822+0000] {processor.py:829} INFO - Processing file /opt/airflow/dags/airflow.py for tasks to queue
[2026-08-14T03:06:05.824+0000] {logging_mixin.py:151} INFO - [2026-08-14T03:06:05.824+0000] {dagbag.py:536} INFO - Filling up the DagBag from /opt/airflow/dags/airflow.py
[2026-08-14T03:06:05.958+0000] {logging_mixin.py:151} INFO - [2026-08-14T03:06:05.958+0000] {dagbag.py:346} ERROR - Failed to import: /opt/airflow/dags/airflow.py
Traceback (most recent call last):
  File "/home/airflow/.local/lib/python3.8/site-packages/airflow/models/dagbag.py", line 342, in parse
    loader.exec_module(new_module)
  File "<frozen importlib._bootstrap_external>", line 843, in exec_module
  File "<frozen importlib._bootstrap>", line 219, in _call_with_frames_removed
  File "/opt/airflow/dags/airflow.py", line 23, in <module>
    from data_preprocessing_scripts.preprocessing import preprocess_data
ModuleNotFoundError: No module named 'data_preprocessing_scripts'
[2026-08-14T03:06:05.958+0000] {processor.py:841} WARNING - No viable dags retrieved from /opt/airflow/dags/airflow.py
[2026-08-14T03:06:05.964+0000] {processor.py:179} INFO - Processing /opt/airflow/dags/airflow.py took 0.147 seconds
[2026-08-14T03:06:36.148+0000] {processor.py:157} INFO - Started process (PID=13630) to work on /opt/airflow/dags/airflow.py
[2026-08-14T03:06:36.149+0000] {processor.py:829} INFO - Processing file /opt/airflow/dags/airflow.py for tasks to queue
[2026-08-14T03:06:36.150+0000] {logging_mixin.py:151} INFO - [2026-08-14T03:06:36.150+0000] {dagbag.py:536} INFO - Filling up the DagBag from /opt/airflow/dags/airflow.py
[2026-08-14T03:06:36.288+0000] {logging_mixin.py:151} INFO - [2026-08-14T03:06:36.287+0000] {dagbag.py:346} ERROR - Failed to import: /opt/airflow/dags/airflow.py
Traceback (most recent call last):
  File "/home/airflow/.local/lib/python3.8/site-packages/airflow/models/dagbag.py", line 342, in parse
    loader.exec_module(new_module)
  File "<frozen importlib._bootstrap_external>", line 843, in exec_module
  File "<frozen importlib._bootstrap>", line 219, in _call_with_frames_removed
  File "/opt/airflow/dags/airflow.py", line 23, in <module>
    from data_preprocessing_scripts.preprocessing import preprocess_data
ModuleNotFoundError: No module named 'data_preprocessing_scripts'
[2026-08-14T03:06:36.288+0000] {processor.py:841} WARNING - No viable dags retrieved from /opt/airflow/dags/airflow.py
[2026-08-14T03:06:36.294+0000] {processor.py:179} INFO - Processing /opt/airflow/dags/airflow.py took 0.148 seconds
[2026-08-14T03:07:06.463+0000] {processor.py:157} INFO - Started process (PID=13638) to work on /opt/airflow/dags/airflow.py
[2026-08-14T03:07:06.463+0000] {processor.py:829} INFO - Processing file /opt/airflow/dags/airflow.py for tasks to queue
[2026-08-14T03:07:06.464+0000] {logging_mixin.py:151} INFO - [2026-08-14T03:07:06.464+0000] {dagbag.py:536} INFO - Filling up the DagBag from /opt/airflow/dags/airflow.py
[2026-08-14T03:07:06.521+0000] {logging_mixin.py:151} INFO - [2026-08-14T03:07:06.520+0000] {dagbag.py:346} ERROR - Failed to import: /opt/airflow/dags/airflow.py
Traceback (most recent call last):
  File "/home/airflow/.local/lib/python3.8/site-packages/airflow/models/dagbag.py", line 342, in parse
    loader.exec_module(new_module)
  File "<frozen importlib._bootstrap_external>", line 843, in exec_module
  File "<frozen importlib._bootstrap>", line 219, in _call_with_frames_removed
  File "/opt/airflow/dags/airflow.py", line 23, in <module>
    from data_preprocessing_scripts.preprocessing import preprocess_data
ModuleNotFoundError: No module named 'data_preprocessing_scripts'
[2026-08-14T03:07:06.521+0000] {processor.py:841} WARNING - No viable dags retrieved from /opt/airflow/dags/airflow.py
[2026-08-14T03:07:06.529+0000] {processor.py:179} INFO - Processing /opt/airflow/dags/airflow.py took 0.069 seconds
[2026-08-14T03:07:36.756+0000] {processor.py:157} INFO - Started process (PID=13646) to work on /opt/airflow/dags/airflow.py
[2026-08-14T03:07:36.758+0000] {processor.py:829} INFO - Processing file /opt/airflow/dags/airflow.py for tasks to queue
[2026-08-14T03:07:36.759+0000] {logging_mixin.py:151} INFO - [2026-08-14T03:07:36.759+0000] {dagbag.py:536} INFO - Filling up the DagBag from /opt/airflow/dags/airflow.py
[2026-08-14T03:07:36.909+0000] {logging_mixin.py:151} INFO - [2026-08-14T03:07:36.909+0000] {dagbag.py:346} ERROR - Failed to import: /opt/airflow/dags/airflow.py
Traceback (most recent call last):
  File "/home/airflow/.local/lib/python3.8/site-packages/airflow/models/dagbag.py", line 342, in parse
    loader.exec_module(new_module)
  File "<frozen importlib._bootstrap_external>", line 843, in exec_module
  File "<frozen importlib._bootstrap>", line 219, in _call_with_frames_removed
  File "/opt/airflow/dags/airflow.py", line 23, in <module>
    from data_preprocessing_scripts.preprocessing import preprocess_data
ModuleNotFoundError: No module named 'data_preprocessing_scripts'
[2026-08-14T03:07:36.909+0000] {processor.py:841} WARNING - No viable dags retrieved from /opt/airflow/dags/airflow.py
[2026-08-14T03:07:36.916+0000] {processor.py:179} INFO - Processing /opt/airflow/dags/airflow.py took 0.161 seconds
[2026-08-14T03:08:07.073+0000] {processor.py:157} INFO - Started process (PID=13654) to work on /opt/airflow/dags/airflow.py
[2026-08-14T03:08:07.074+0000] {processor.py:829} INFO - Processing file /opt/airflow/dags/airflow.py for tasks to queue
[2026-08-14T03:08:07.076+0000] {logging_mixin.py:151} INFO - [2026-08-14T03:08:07.076+0000] {dagbag.py:536} INFO - Filling up the DagBag from /opt/airflow/dags/airflow.py
[2026-08-14T03:08:07.233+0000] {logging_mixin.py:151} INFO - [2026-08-14T03:08:07.233+0000] {dagbag.py:346} ERROR - Failed to import: /opt/airflow/dags/airflow.py
Traceback (most recent call last):
  File "/home/airflow/.local/lib/python3.8/site-packages/airflow/models/dagbag.py", line 342, in parse
    loader.exec_module(new_module)
  File "<frozen importlib._bootstrap_external>", line 843, in exec_module
  File "<frozen importlib._bootstrap>", line 219, in _call_with_frames_removed
  File "/opt/airflow/dags/airflow.py", line 23, in <module>
    from data_preprocessing_scripts.preprocessing import preprocess_data
ModuleNotFoundError: No module named 'data_preprocessing_scripts'
[2026-08-14T03:08:07.233+0000] {processor.py:841} WARNING - No viable dags retrieved from /opt/airflow/dags/airflow.py
[2026-08-14T03:08:07.240+0000] {processor.py:179} INFO - Processing /opt/airflow/dags/airflow.py took 0.171 seconds
[2026-08-14T03:08:37.355+0000] {processor.py:157} INFO - Started process (PID=13662) to work on /opt/airflow/dags/airflow.py
[2026-08-14T03:08:37.355+0000] {processor.py:829} INFO - Processing file /opt/airflow/dags/airflow.py for tasks to queue
[2026-08-14T03:08:37.357+0000] {logging_mixin.py:151} INFO - [2026-08-14T03:08:37.357+0000] {dagbag.py:536} INFO - Filling up the DagBag from /opt/airflow/dags/airflow.py
[2026-08-14T03:08:37.492+0000] {logging_mixin.py:151} INFO - [2026-08-14T03:08:37.492+0000] {dagbag.py:346} ERROR - Failed to import: /opt/airflow/dags/airflow.py
Traceback (most recent call last):
  File "/home/airflow/.local/lib/python3.8/site-packages/airflow/models/dagbag.py", line 342, in parse
    loader.exec_module(new_module)
  File "<frozen importlib._bootstrap_external>", line 843, in exec_module
  File "<frozen importlib._bootstrap>", line 219, in _call_with_frames_removed
  File "/opt/airflow/dags/airflow.py", line 23, in <module>
    from data_preprocessing_scripts.preprocessing import preprocess_data
ModuleNotFoundError: No module named 'data_preprocessing_scripts'
[2026-08-14T03:08:37.492+0000] {processor.py:841} WARNING - No viable dags retrieved from /opt/airflow/dags/airflow.py
[2026-08-14T03:08:37.499+0000] {processor.py:179} INFO - Processing /opt/airflow/dags/airflow.py took 0.146 seconds
[2026-08-14T03:09:07.636+0000] {processor.py:157} INFO - Started process (PID=13670) to work on /opt/airflow/dags/airflow.py
[2026-08-14T03:09:07.637+0000] {processor.py:829} INFO - Processing file /opt/airflow/dags/airflow.py for tasks to queue
[2026-08-14T03:09:07.639+0000] {logging_mixin.py:151} INFO - [2026-08-14T03:09:07.639+0000] {dagbag.py:536} INFO - Filling up the DagBag from /opt/airflow/dags/airflow.py
[2026-08-14T03:09:07.780+0000] {logging_mixin.py:151} INFO - [2026-08-14T03:09:07.780+0000] {dagbag.py:346} ERROR - Failed to import: /opt/airflow/dags/airflow.py
Traceback (most recent call last):
  File "/home/airflow/.local/lib/python3.8/site-packages/airflow/models/dagbag.py", line 342, in parse
    loader.exec_module(new_module)
  File "<frozen importlib._bootstrap_external>", line 843, in exec_module
  File "<frozen importlib._bootstrap>", line 219, in _call_with_frames_removed
  File "/opt/airflow/dags/airflow.py", line 23, in <module>
    from data_preprocessing_scripts.preprocessing import preprocess_data
ModuleNotFoundError: No module named 'data_preprocessing_scripts'
[2026-08-14T03:09:07.781+0000] {processor.py:841} WARNING - No viable dags retrieved from /opt/airflow/dags/airflow.py
[2026-08-14T03:09:07.787+0000] {processor.py:179} INFO - Processing /opt/airflow/dags/airflow.py took 0.156 seconds
[2026-08-14T03:09:37.966+0000] {processor.py:157} INFO - Started process (PID=13678) to work on /opt/airflow/dags/airflow.py
[2026-08-14T03:09:37.967+0000] {processor.py:829} INFO - Processing file /opt/airflow/dags/airflow.py for tasks to queue
[2026-08-14T03:09:37.968+0000] {logging_mixin.py:151} INFO - [2026-08-14T03:09:37.968+0000] {dagbag.py:536} INFO - Filling up the DagBag from /opt/airflow/dags/airflow.py
[2026-08-14T03:09:38.027+0000] {logging_mixin.py:151} INFO - [2026-08-14T03:09:38.027+0000] {dagbag.py:346} ERROR - Failed to import: /opt/airflow/dags/airflow.py
Traceback (most recent call last):
  File "/home/airflow/.local/lib/python3.8/site-packages/airflow/models/dagbag.py", line 342, in parse
    loader.exec_module(new_module)
  File "<frozen importlib._bootstrap_external>", line 843, in exec_module
  File "<frozen importlib._bootstrap>", line 219, in _call_with_frames_removed
  File "/opt/airflow/dags/airflow.py", line 23, in <module>
    from data_preprocessing_scripts.preprocessing import preprocess_data
ModuleNotFoundError: No module named 'data_preprocessing_scripts'
[2026-08-14T03:09:38.027+0000] {processor.py:841} WARNING - No viable dags retrieved from /opt/airflow/dags/airflow.py
[2026-08-14T03:09:38.035+0000] {processor.py:179} INFO - Processing /opt/airflow/dags/airflow.py took 0.072 seconds
[2026-08-14T03:10:08.387+0000] {processor.py:157} INFO - Started process (PID=13685) to work on /opt/airflow/dags/airflow.py
[2026-08-14T03:10:08.389+0000] {processor.py:829} INFO - Processing file /opt/airflow/dags/airflow.py for tasks to queue
[2026-08-14T03:10:08.391+0000] {logging_mixin.py:151} INFO - [2026-08-14T03:10:08.390+0000] {dagbag.py:536} INFO - Filling up the DagBag from /opt/airflow/dags/airflow.py
[2026-08-14T03:10:08.523+0000] {logging_mixin.py:151} INFO - [2026-08-14T03:10:08.523+0000] {dagbag.py:346} ERROR - Failed to import: /opt/airflow/dags/airflow.py
Traceback (most recent call last):
  File "/home/airflow/.local/lib/python3.8/site-packages/airflow/models/dagbag.py", line 342, in parse
    loader.exec_module(new_module)
  File "<frozen importlib._bootstrap_external>", line 843, in exec_module
  File "<frozen importlib._bootstrap>", line 219, in _call_with_frames_removed
  File "/opt/airflow/dags/airflow.py", line 23, in <module>
    from data_preprocessing_scripts.preprocessing import preprocess_data
ModuleNotFoundError: No module named 'data_preprocessing_scripts'
[2026-08-14T03:10:08.523+0000] {processor.py:841} WARNING - No viable dags retrieved from /opt/airflow/dags/airflow.py
[2026-08-14T03:10:08.529+0000] {processor.py:179} INFO - Processing /opt/airflow/dags/airflow.py took 0.147 seconds
[2026-08-14T03:10:38.703+0000] {processor.py:157} INFO - Started process (PID=13693) to work on /opt/airflow/dags/airflow.py
[2026-08-14T03:10:38.704+0000] {processor.py:829} INFO - Processing file /opt/airflow/dags/airflow.py for tasks to queue
[2026-08-14T03:10:38.705+0000] {logging_mixin.py:151} INFO - [2026-08-14T03:10:38.705+0000] {dagbag.py:536} INFO - Filling up the DagBag from /opt/airflow/dags/airflow.py
[2026-08-14T03:10:38.835+0000] {logging_mixin.py:151} INFO - [2026-08-14T03:10:38.834+0000] {dagbag.py:346} ERROR - Failed to import: /opt/airflow/dags/airflow.py
Traceback (most recent call last):
  File "/home/airflow/.local/lib/python3.8/site-packages/airflow/models/dagbag.py", line 342, in parse
    loader.exec_module(new_module)
  File "<frozen importlib._bootstrap_external>", line 843, in exec_module
  File "<frozen importlib._bootstrap>", line 219, in _call_with_frames_removed
  File "/opt/airflow/dags/airflow.py", line 23, in <module>
    from data_preprocessing_scripts.preprocessing import preprocess_data
ModuleNotFoundError: No module named 'data_preprocessing_scripts'
[2026-08-14T03:10:38.835+0000] {processor.py:841} WARNING - No viable dags retrieved from /opt/airflow/dags/airflow.py
[2026-08-14T03:10:38.842+0000] {processor.py:179} INFO - Processing /opt/airflow/dags/airflow.py took 0.141 seconds
[2026-08-14T03:11:09.012+0000] {processor.py:157} INFO - Started process (PID=13701) to work on /opt/airflow/dags/airflow.py
[2026-08-14T03:11:09.013+0000] {processor.py:829} INFO - Processing file /opt/airflow/dags/airflow.py for tasks to queue
[2026-08-14T03:11:09.015+0000] {logging_mixin.py:151} INFO - [2026-08-14T03:11:09.015+0000] {dagbag.py:536} INFO - Filling up the DagBag from /opt/airflow/dags/airflow.py
[2026-08-14T03:11:09.165+0000] {logging_mixin.py:151} INFO - [2026-08-14T03:11:09.164+0000] {dagbag.py:346} ERROR - Failed to import: /opt/airflow/dags/airflow.py
Traceback (most recent call last):
  File "/home/airflow/.local/lib/python3.8/site-packages/airflow/models/dagbag.py", line 342, in parse
    loader.exec_module(new_module)
  File "<frozen importlib._bootstrap_external>", line 843, in exec_module
  File "<frozen importlib._bootstrap>", line 219, in _call_with_frames_removed
  File "/opt/airflow/dags/airflow.py", line 23, in <module>
    from data_preprocessing_scripts.preprocessing import preprocess_data
ModuleNotFoundError: No module named 'data_preprocessing_scripts'
[2026-08-14T03:11:09.165+0000] {processor.py:841} WARNING - No viable dags retrieved from /opt/airflow/dags/airflow.py
[2026-08-14T03:11:09.173+0000] {processor.py:179} INFO - Processing /opt/airflow/dags/airflow.py took 0.165 seconds
[2026-08-14T03:11:39.310+0000] {processor.py:157} INFO - Started process (PID=13709) to work on /opt/airflow/dags/airflow.py
[2026-08-14T03:11:39.311+0000] {processor.py:829} INFO - Processing file /opt/airflow/dags/airflow.py for tasks to queue
[2026-08-14T03:11:39.313+0000] {logging_mixin.py:151} INFO - [2026-08-14T03:11:39.312+0000] {dagbag.py:536} INFO - Filling up the DagBag from /opt/airflow/dags/airflow.py
[2026-08-14T03:11:39.460+0000] {logging_mixin.py:151} INFO - [2026-08-14T03:11:39.459+0000] {dagbag.py:346} ERROR - Failed to import: /opt/airflow/dags/airflow.py
Traceback (most recent call last):
  File "/home/airflow/.local/lib/python3.8/site-packages/airflow/models/dagbag.py", line 342, in parse
    loader.exec_module(new_module)
  File "<frozen importlib._bootstrap_external>", line 843, in exec_module
  File "<frozen importlib._bootstrap>", line 219, in _call_with_frames_removed
  File "/opt/airflow/dags/airflow.py", line 23, in <module>
    from data_preprocessing_scripts.preprocessing import preprocess_data
ModuleNotFoundError: No module named 'data_preprocessing_scripts'
[2026-08-14T03:11:39.460+0000] {processor.py:841} WARNING - No viable dags retrieved from /opt/airflow/dags/airflow.py
[2026-08-14T03:11:39.466+0000] {processor.py:179} INFO - Processing /opt/airflow/dags/airflow.py took 0.159 seconds
[2026-08-14T03:12:09.627+0000] {processor.py:157} INFO - Started process (PID=13717) to work on /opt/airflow/dags/airflow.py
[2026-08-14T03:12:09.628+0000] {processor.py:829} INFO - Processing file /opt/airflow/dags/airflow.py for tasks to queue
[2026-08-14T03:12:09.631+0000] {logging_mixin.py:151} INFO - [2026-08-14T03:12:09.631+0000] {dagbag.py:536} INFO - Filling up the DagBag from /opt/airflow/dags/airflow.py
[2026-08-14T03:12:09.718+0000] {logging_mixin.py:151} INFO - [2026-08-14T03:12:09.717+0000] {dagbag.py:346} ERROR - Failed to import: /opt/airflow/dags/airflow.py
Traceback (most recent call last):
  File "/home/airflow/.local/lib/python3.8/site-packages/airflow/models/dagbag.py", line 342, in parse
    loader.exec_module(new_module)
  File "<frozen importlib._bootstrap_external>", line 843, in exec_module
  File "<frozen importlib._bootstrap>", line 219, in _call_with_frames_removed
  File "/opt/airflow/dags/airflow.py", line 23, in <module>
    from data_preprocessing_scripts.preprocessing import preprocess_data
ModuleNotFoundError: No module named 'data_preprocessing_scripts'
[2026-08-14T03:12:09.718+0000] {processor.py:841} WARNING - No viable dags retrieved from /opt/airflow/dags/airflow.py
[2026-08-14T03:12:09.728+0000] {processor.py:179} INFO - Processing /opt/airflow/dags/airflow.py took 0.104 seconds
[2026-08-14T03:12:39.893+0000] {processor.py:157} INFO - Started process (PID=13726) to work on /opt/airflow/dags/airflow.py
[2026-08-14T03:12:39.894+0000] {processor.py:829} INFO - Processing file /opt/airflow/dags/airflow.py for tasks to queue
[2026-08-14T03:12:39.896+0000] {logging_mixin.py:151} INFO - [2026-08-14T03:12:39.896+0000] {dagbag.py:536} INFO - Filling up the DagBag from /opt/airflow/dags/airflow.py
[2026-08-14T03:12:40.090+0000] {logging_mixin.py:151} INFO - [2026-08-14T03:12:40.089+0000] {dagbag.py:346} ERROR - Failed to import: /opt/airflow/dags/airflow.py
Traceback (most recent call last):
  File "/home/airflow/.local/lib/python3.8/site-packages/airflow/models/dagbag.py", line 342, in parse
    loader.exec_module(new_module)
  File "<frozen importlib._bootstrap_external>", line 843, in exec_module
  File "<frozen importlib._bootstrap>", line 219, in _call_with_frames_removed
  File "/opt/airflow/dags/airflow.py", line 23, in <module>
    from data_preprocessing_scripts.preprocessing import preprocess_data
ModuleNotFoundError: No module named 'data_preprocessing_scripts'
[2026-08-14T03:12:40.090+0000] {processor.py:841} WARNING - No viable dags retrieved from /opt/airflow/dags/airflow.py
[2026-08-14T03:12:40.096+0000] {processor.py:179} INFO - Processing /opt/airflow/dags/airflow.py took 0.206 seconds
[2026-08-14T03:13:10.165+0000] {processor.py:157} INFO - Started process (PID=13734) to work on /opt/airflow/dags/airflow.py
[2026-08-14T03:13:10.165+0000] {processor.py:829} INFO - Processing file /opt/airflow/dags/airflow.py for tasks to queue
[2026-08-14T03:13:10.167+0000] {logging_mixin.py:151} INFO - [2026-08-14T03:13:10.167+0000] {dagbag.py:536} INFO - Filling up the DagBag from /opt/airflow/dags/airflow.py
[2026-08-14T03:13:10.319+0000] {logging_mixin.py:151} INFO - [2026-08-14T03:13:10.319+0000] {dagbag.py:346} ERROR - Failed to import: /opt/airflow/dags/airflow.py
Traceback (most recent call last):
  File "/home/airflow/.local/lib/python3.8/site-packages/airflow/models/dagbag.py", line 342, in parse
    loader.exec_module(new_module)
  File "<frozen importlib._bootstrap_external>", line 843, in exec_module
  File "<frozen importlib._bootstrap>", line 219, in _call_with_frames_removed
  File "/opt/airflow/dags/airflow.py", line 23, in <module>
    from data_preprocessing_scripts.preprocessing import preprocess_data
ModuleNotFoundError: No module named 'data_preprocessing_scripts'
[2026-08-14T03:13:10.320+0000] {processor.py:841} WARNING - No viable dags retrieved from /opt/airflow/dags/airflow.py
[2026-08-14T03:13:10.327+0000] {processor.py:179} INFO - Processing /opt/airflow/dags/airflow.py took 0.165 seconds
[2026-08-14T03:13:40.447+0000] {processor.py:157} INFO - Started process (PID=13742) to work on /opt/airflow/dags/airflow.py
[2026-08-14T03:13:40.447+0000] {processor.py:829} INFO - Processing file /opt/airflow/dags/airflow.py for tasks to queue
[2026-08-14T03:13:40.450+0000] {logging_mixin.py:151} INFO - [2026-08-14T03:13:40.449+0000] {dagbag.py:536} INFO - Filling up the DagBag from /opt/airflow/dags/airflow.py
[2026-08-14T03:13:40.618+0000] {logging_mixin.py:151} INFO - [2026-08-14T03:13:40.616+0000] {dagbag.py:346} ERROR - Failed to import: /opt/airflow/dags/airflow.py
Traceback (most recent call last):
  File "/home/airflow/.local/lib/python3.8/site-packages/airflow/models/dagbag.py", line 342, in parse
    loader.exec_module(new_module)
  File "<frozen importlib._bootstrap_external>", line 843, in exec_module
  File "<frozen importlib._bootstrap>", line 219, in _call_with_frames_removed
  File "/opt/airflow/dags/airflow.py", line 23, in <module>
    from data_preprocessing_scripts.preprocessing import preprocess_data
ModuleNotFoundError: No module named 'data_preprocessing_scripts'
[2026-08-14T03:13:40.619+0000] {processor.py:841} WARNING - No viable dags retrieved from /opt/airflow/dags/airflow.py
[2026-08-14T03:13:40.628+0000] {processor.py:179} INFO - Processing /opt/airflow/dags/airflow.py took 0.184 seconds
[2026-08-14T03:14:10.766+0000] {processor.py:157} INFO - Started process (PID=13750) to work on /opt/airflow/dags/airflow.py
[2026-08-14T03:14:10.767+0000] {processor.py:829} INFO - Processing file /opt/airflow/dags/airflow.py for tasks to queue
[2026-08-14T03:14:10.769+0000] {logging_mixin.py:151} INFO - [2026-08-14T03:14:10.769+0000] {dagbag.py:536} INFO - Filling up the DagBag from /opt/airflow/dags/airflow.py
[2026-08-14T03:14:10.907+0000] {logging_mixin.py:151} INFO - [2026-08-14T03:14:10.906+0000] {dagbag.py:346} ERROR - Failed to import: /opt/airflow/dags/airflow.py
Traceback (most recent call last):
  File "/home/airflow/.local/lib/python3.8/site-packages/airflow/models/dagbag.py", line 342, in parse
    loader.exec_module(new_module)
  File "<frozen importlib._bootstrap_external>", line 843, in exec_module
  File "<frozen importlib._bootstrap>", line 219, in _call_with_frames_removed
  File "/opt/airflow/dags/airflow.py", line 23, in <module>
    from data_preprocessing_scripts.preprocessing import preprocess_data
ModuleNotFoundError: No module named 'data_preprocessing_scripts'
[2026-08-14T03:14:10.907+0000] {processor.py:841} WARNING - No viable dags retrieved from /opt/airflow/dags/airflow.py
[2026-08-14T03:14:10.913+0000] {processor.py:179} INFO - Processing /opt/airflow/dags/airflow.py took 0.150 seconds
[2026-08-14T03:14:41.049+0000] {processor.py:157} INFO - Started process (PID=13758) to work on /opt/airflow/dags/airflow.py
[2026-08-14T03:14:41.049+0000] {processor.py:829} INFO - Processing file /opt/airflow/dags/airflow.py for tasks to queue
[2026-08-14T03:14:41.051+0000] {logging_mixin.py:151} INFO - [2026-08-14T03:14:41.051+0000] {dagbag.py:536} INFO - Filling up the DagBag from /opt/airflow/dags/airflow.py
[2026-08-14T03:14:41.113+0000] {logging_mixin.py:151} INFO - [2026-08-14T03:14:41.113+0000] {dagbag.py:346} ERROR - Failed to import: /opt/airflow/dags/airflow.py
Traceback (most recent call last):
  File "/home/airflow/.local/lib/python3.8/site-packages/airflow/models/dagbag.py", line 342, in parse
    loader.exec_module(new_module)
  File "<frozen importlib._bootstrap_external>", line 843, in exec_module
  File "<frozen importlib._bootstrap>", line 219, in _call_with_frames_removed
  File "/opt/airflow/dags/airflow.py", line 23, in <module>
    from data_preprocessing_scripts.preprocessing import preprocess_data
ModuleNotFoundError: No module named 'data_preprocessing_scripts'
[2026-08-14T03:14:41.114+0000] {processor.py:841} WARNING - No viable dags retrieved from /opt/airflow/dags/airflow.py
[2026-08-14T03:14:41.192+0000] {processor.py:179} INFO - Processing /opt/airflow/dags/airflow.py took 0.146 seconds
[2026-08-14T03:15:11.347+0000] {processor.py:157} INFO - Started process (PID=13766) to work on /opt/airflow/dags/airflow.py
[2026-08-14T03:15:11.348+0000] {processor.py:829} INFO - Processing file /opt/airflow/dags/airflow.py for tasks to queue
[2026-08-14T03:15:11.350+0000] {logging_mixin.py:151} INFO - [2026-08-14T03:15:11.350+0000] {dagbag.py:536} INFO - Filling up the DagBag from /opt/airflow/dags/airflow.py
[2026-08-14T03:15:11.495+0000] {logging_mixin.py:151} INFO - [2026-08-14T03:15:11.494+0000] {dagbag.py:346} ERROR - Failed to import: /opt/airflow/dags/airflow.py
Traceback (most recent call last):
  File "/home/airflow/.local/lib/python3.8/site-packages/airflow/models/dagbag.py", line 342, in parse
    loader.exec_module(new_module)
  File "<frozen importlib._bootstrap_external>", line 843, in exec_module
  File "<frozen importlib._bootstrap>", line 219, in _call_with_frames_removed
  File "/opt/airflow/dags/airflow.py", line 23, in <module>
    from data_preprocessing_scripts.preprocessing import preprocess_data
ModuleNotFoundError: No module named 'data_preprocessing_scripts'
[2026-08-14T03:15:11.495+0000] {processor.py:841} WARNING - No viable dags retrieved from /opt/airflow/dags/airflow.py
[2026-08-14T03:15:11.501+0000] {processor.py:179} INFO - Processing /opt/airflow/dags/airflow.py took 0.158 seconds
[2026-08-14T03:15:41.674+0000] {processor.py:157} INFO - Started process (PID=13774) to work on /opt/airflow/dags/airflow.py
[2026-08-14T03:15:41.674+0000] {processor.py:829} INFO - Processing file /opt/airflow/dags/airflow.py for tasks to queue
[2026-08-14T03:15:41.675+0000] {logging_mixin.py:151} INFO - [2026-08-14T03:15:41.675+0000] {dagbag.py:536} INFO - Filling up the DagBag from /opt/airflow/dags/airflow.py
[2026-08-14T03:15:41.807+0000] {logging_mixin.py:151} INFO - [2026-08-14T03:15:41.807+0000] {dagbag.py:346} ERROR - Failed to import: /opt/airflow/dags/airflow.py
Traceback (most recent call last):
  File "/home/airflow/.local/lib/python3.8/site-packages/airflow/models/dagbag.py", line 342, in parse
    loader.exec_module(new_module)
  File "<frozen importlib._bootstrap_external>", line 843, in exec_module
  File "<frozen importlib._bootstrap>", line 219, in _call_with_frames_removed
  File "/opt/airflow/dags/airflow.py", line 23, in <module>
    from data_preprocessing_scripts.preprocessing import preprocess_data
ModuleNotFoundError: No module named 'data_preprocessing_scripts'
[2026-08-14T03:15:41.808+0000] {processor.py:841} WARNING - No viable dags retrieved from /opt/airflow/dags/airflow.py
[2026-08-14T03:15:41.814+0000] {processor.py:179} INFO - Processing /opt/airflow/dags/airflow.py took 0.144 seconds
[2026-08-14T03:16:11.990+0000] {processor.py:157} INFO - Started process (PID=13782) to work on /opt/airflow/dags/airflow.py
[2026-08-14T03:16:11.991+0000] {processor.py:829} INFO - Processing file /opt/airflow/dags/airflow.py for tasks to queue
[2026-08-14T03:16:11.993+0000] {logging_mixin.py:151} INFO - [2026-08-14T03:16:11.992+0000] {dagbag.py:536} INFO - Filling up the DagBag from /opt/airflow/dags/airflow.py
[2026-08-14T03:16:12.128+0000] {logging_mixin.py:151} INFO - [2026-08-14T03:16:12.127+0000] {dagbag.py:346} ERROR - Failed to import: /opt/airflow/dags/airflow.py
Traceback (most recent call last):
  File "/home/airflow/.local/lib/python3.8/site-packages/airflow/models/dagbag.py", line 342, in parse
    loader.exec_module(new_module)
  File "<frozen importlib._bootstrap_external>", line 843, in exec_module
  File "<frozen importlib._bootstrap>", line 219, in _call_with_frames_removed
  File "/opt/airflow/dags/airflow.py", line 23, in <module>
    from data_preprocessing_scripts.preprocessing import preprocess_data
ModuleNotFoundError: No module named 'data_preprocessing_scripts'
[2026-08-14T03:16:12.128+0000] {processor.py:841} WARNING - No viable dags retrieved from /opt/airflow/dags/airflow.py
[2026-08-14T03:16:12.134+0000] {processor.py:179} INFO - Processing /opt/airflow/dags/airflow.py took 0.148 seconds
[2026-08-14T03:16:42.297+0000] {processor.py:157} INFO - Started process (PID=13790) to work on /opt/airflow/dags/airflow.py
[2026-08-14T03:16:42.298+0000] {processor.py:829} INFO - Processing file /opt/airflow/dags/airflow.py for tasks to queue
[2026-08-14T03:16:42.299+0000] {logging_mixin.py:151} INFO - [2026-08-14T03:16:42.299+0000] {dagbag.py:536} INFO - Filling up the DagBag from /opt/airflow/dags/airflow.py
[2026-08-14T03:16:42.364+0000] {logging_mixin.py:151} INFO - [2026-08-14T03:16:42.363+0000] {dagbag.py:346} ERROR - Failed to import: /opt/airflow/dags/airflow.py
Traceback (most recent call last):
  File "/home/airflow/.local/lib/python3.8/site-packages/airflow/models/dagbag.py", line 342, in parse
    loader.exec_module(new_module)
  File "<frozen importlib._bootstrap_external>", line 843, in exec_module
  File "<frozen importlib._bootstrap>", line 219, in _call_with_frames_removed
  File "/opt/airflow/dags/airflow.py", line 23, in <module>
    from data_preprocessing_scripts.preprocessing import preprocess_data
ModuleNotFoundError: No module named 'data_preprocessing_scripts'
[2026-08-14T03:16:42.364+0000] {processor.py:841} WARNING - No viable dags retrieved from /opt/airflow/dags/airflow.py
[2026-08-14T03:16:42.372+0000] {processor.py:179} INFO - Processing /opt/airflow/dags/airflow.py took 0.078 seconds
[2026-08-14T03:17:12.601+0000] {processor.py:157} INFO - Started process (PID=13798) to work on /opt/airflow/dags/airflow.py
[2026-08-14T03:17:12.602+0000] {processor.py:829} INFO - Processing file /opt/airflow/dags/airflow.py for tasks to queue
[2026-08-14T03:17:12.605+0000] {logging_mixin.py:151} INFO - [2026-08-14T03:17:12.604+0000] {dagbag.py:536} INFO - Filling up the DagBag from /opt/airflow/dags/airflow.py
[2026-08-14T03:17:12.669+0000] {logging_mixin.py:151} INFO - [2026-08-14T03:17:12.668+0000] {dagbag.py:346} ERROR - Failed to import: /opt/airflow/dags/airflow.py
Traceback (most recent call last):
  File "/home/airflow/.local/lib/python3.8/site-packages/airflow/models/dagbag.py", line 342, in parse
    loader.exec_module(new_module)
  File "<frozen importlib._bootstrap_external>", line 843, in exec_module
  File "<frozen importlib._bootstrap>", line 219, in _call_with_frames_removed
  File "/opt/airflow/dags/airflow.py", line 23, in <module>
    from data_preprocessing_scripts.preprocessing import preprocess_data
ModuleNotFoundError: No module named 'data_preprocessing_scripts'
[2026-08-14T03:17:12.669+0000] {processor.py:841} WARNING - No viable dags retrieved from /opt/airflow/dags/airflow.py
[2026-08-14T03:17:12.754+0000] {processor.py:179} INFO - Processing /opt/airflow/dags/airflow.py took 0.157 seconds
[2026-08-14T03:17:42.955+0000] {processor.py:157} INFO - Started process (PID=13806) to work on /opt/airflow/dags/airflow.py
[2026-08-14T03:17:42.956+0000] {processor.py:829} INFO - Processing file /opt/airflow/dags/airflow.py for tasks to queue
[2026-08-14T03:17:42.959+0000] {logging_mixin.py:151} INFO - [2026-08-14T03:17:42.959+0000] {dagbag.py:536} INFO - Filling up the DagBag from /opt/airflow/dags/airflow.py
[2026-08-14T03:17:43.104+0000] {logging_mixin.py:151} INFO - [2026-08-14T03:17:43.103+0000] {dagbag.py:346} ERROR - Failed to import: /opt/airflow/dags/airflow.py
Traceback (most recent call last):
  File "/home/airflow/.local/lib/python3.8/site-packages/airflow/models/dagbag.py", line 342, in parse
    loader.exec_module(new_module)
  File "<frozen importlib._bootstrap_external>", line 843, in exec_module
  File "<frozen importlib._bootstrap>", line 219, in _call_with_frames_removed
  File "/opt/airflow/dags/airflow.py", line 23, in <module>
    from data_preprocessing_scripts.preprocessing import preprocess_data
ModuleNotFoundError: No module named 'data_preprocessing_scripts'
[2026-08-14T03:17:43.104+0000] {processor.py:841} WARNING - No viable dags retrieved from /opt/airflow/dags/airflow.py
[2026-08-14T03:17:43.111+0000] {processor.py:179} INFO - Processing /opt/airflow/dags/airflow.py took 0.159 seconds
[2026-08-14T03:18:13.244+0000] {processor.py:157} INFO - Started process (PID=13814) to work on /opt/airflow/dags/airflow.py
[2026-08-14T03:18:13.245+0000] {processor.py:829} INFO - Processing file /opt/airflow/dags/airflow.py for tasks to queue
[2026-08-14T03:18:13.247+0000] {logging_mixin.py:151} INFO - [2026-08-14T03:18:13.247+0000] {dagbag.py:536} INFO - Filling up the DagBag from /opt/airflow/dags/airflow.py
[2026-08-14T03:18:13.381+0000] {logging_mixin.py:151} INFO - [2026-08-14T03:18:13.381+0000] {dagbag.py:346} ERROR - Failed to import: /opt/airflow/dags/airflow.py
Traceback (most recent call last):
  File "/home/airflow/.local/lib/python3.8/site-packages/airflow/models/dagbag.py", line 342, in parse
    loader.exec_module(new_module)
  File "<frozen importlib._bootstrap_external>", line 843, in exec_module
  File "<frozen importlib._bootstrap>", line 219, in _call_with_frames_removed
  File "/opt/airflow/dags/airflow.py", line 23, in <module>
    from data_preprocessing_scripts.preprocessing import preprocess_data
ModuleNotFoundError: No module named 'data_preprocessing_scripts'
[2026-08-14T03:18:13.381+0000] {processor.py:841} WARNING - No viable dags retrieved from /opt/airflow/dags/airflow.py
[2026-08-14T03:18:13.388+0000] {processor.py:179} INFO - Processing /opt/airflow/dags/airflow.py took 0.147 seconds
[2026-08-14T03:18:43.551+0000] {processor.py:157} INFO - Started process (PID=13822) to work on /opt/airflow/dags/airflow.py
[2026-08-14T03:18:43.551+0000] {processor.py:829} INFO - Processing file /opt/airflow/dags/airflow.py for tasks to queue
[2026-08-14T03:18:43.553+0000] {logging_mixin.py:151} INFO - [2026-08-14T03:18:43.553+0000] {dagbag.py:536} INFO - Filling up the DagBag from /opt/airflow/dags/airflow.py
[2026-08-14T03:18:43.689+0000] {logging_mixin.py:151} INFO - [2026-08-14T03:18:43.688+0000] {dagbag.py:346} ERROR - Failed to import: /opt/airflow/dags/airflow.py
Traceback (most recent call last):
  File "/home/airflow/.local/lib/python3.8/site-packages/airflow/models/dagbag.py", line 342, in parse
    loader.exec_module(new_module)
  File "<frozen importlib._bootstrap_external>", line 843, in exec_module
  File "<frozen importlib._bootstrap>", line 219, in _call_with_frames_removed
  File "/opt/airflow/dags/airflow.py", line 23, in <module>
    from data_preprocessing_scripts.preprocessing import preprocess_data
ModuleNotFoundError: No module named 'data_preprocessing_scripts'
[2026-08-14T03:18:43.689+0000] {processor.py:841} WARNING - No viable dags retrieved from /opt/airflow/dags/airflow.py
[2026-08-14T03:18:43.695+0000] {processor.py:179} INFO - Processing /opt/airflow/dags/airflow.py took 0.147 seconds
[2026-08-14T03:19:13.874+0000] {processor.py:157} INFO - Started process (PID=13830) to work on /opt/airflow/dags/airflow.py
[2026-08-14T03:19:13.875+0000] {processor.py:829} INFO - Processing file /opt/airflow/dags/airflow.py for tasks to queue
[2026-08-14T03:19:13.877+0000] {logging_mixin.py:151} INFO - [2026-08-14T03:19:13.877+0000] {dagbag.py:536} INFO - Filling up the DagBag from /opt/airflow/dags/airflow.py
[2026-08-14T03:19:14.010+0000] {logging_mixin.py:151} INFO - [2026-08-14T03:19:14.010+0000] {dagbag.py:346} ERROR - Failed to import: /opt/airflow/dags/airflow.py
Traceback (most recent call last):
  File "/home/airflow/.local/lib/python3.8/site-packages/airflow/models/dagbag.py", line 342, in parse
    loader.exec_module(new_module)
  File "<frozen importlib._bootstrap_external>", line 843, in exec_module
  File "<frozen importlib._bootstrap>", line 219, in _call_with_frames_removed
  File "/opt/airflow/dags/airflow.py", line 23, in <module>
    from data_preprocessing_scripts.preprocessing import preprocess_data
ModuleNotFoundError: No module named 'data_preprocessing_scripts'
[2026-08-14T03:19:14.010+0000] {processor.py:841} WARNING - No viable dags retrieved from /opt/airflow/dags/airflow.py
[2026-08-14T03:19:14.017+0000] {processor.py:179} INFO - Processing /opt/airflow/dags/airflow.py took 0.147 seconds
[2026-08-14T03:19:44.176+0000] {processor.py:157} INFO - Started process (PID=13838) to work on /opt/airflow/dags/airflow.py
[2026-08-14T03:19:44.177+0000] {processor.py:829} INFO - Processing file /opt/airflow/dags/airflow.py for tasks to queue
[2026-08-14T03:19:44.178+0000] {logging_mixin.py:151} INFO - [2026-08-14T03:19:44.178+0000] {dagbag.py:536} INFO - Filling up the DagBag from /opt/airflow/dags/airflow.py
[2026-08-14T03:19:44.310+0000] {logging_mixin.py:151} INFO - [2026-08-14T03:19:44.309+0000] {dagbag.py:346} ERROR - Failed to import: /opt/airflow/dags/airflow.py
Traceback (most recent call last):
  File "/home/airflow/.local/lib/python3.8/site-packages/airflow/models/dagbag.py", line 342, in parse
    loader.exec_module(new_module)
  File "<frozen importlib._bootstrap_external>", line 843, in exec_module
  File "<frozen importlib._bootstrap>", line 219, in _call_with_frames_removed
  File "/opt/airflow/dags/airflow.py", line 23, in <module>
    from data_preprocessing_scripts.preprocessing import preprocess_data
ModuleNotFoundError: No module named 'data_preprocessing_scripts'
[2026-08-14T03:19:44.310+0000] {processor.py:841} WARNING - No viable dags retrieved from /opt/airflow/dags/airflow.py
[2026-08-14T03:19:44.316+0000] {processor.py:179} INFO - Processing /opt/airflow/dags/airflow.py took 0.142 seconds
[2026-08-14T03:20:14.477+0000] {processor.py:157} INFO - Started process (PID=13846) to work on /opt/airflow/dags/airflow.py
[2026-08-14T03:20:14.477+0000] {processor.py:829} INFO - Processing file /opt/airflow/dags/airflow.py for tasks to queue
[2026-08-14T03:20:14.478+0000] {logging_mixin.py:151} INFO - [2026-08-14T03:20:14.478+0000] {dagbag.py:536} INFO - Filling up the DagBag from /opt/airflow/dags/airflow.py
[2026-08-14T03:20:14.607+0000] {logging_mixin.py:151} INFO - [2026-08-14T03:20:14.606+0000] {dagbag.py:346} ERROR - Failed to import: /opt/airflow/dags/airflow.py
Traceback (most recent call last):
  File "/home/airflow/.local/lib/python3.8/site-packages/airflow/models/dagbag.py", line 342, in parse
    loader.exec_module(new_module)
  File "<frozen importlib._bootstrap_external>", line 843, in exec_module
  File "<frozen importlib._bootstrap>", line 219, in _call_with_frames_removed
  File "/opt/airflow/dags/airflow.py", line 23, in <module>
    from data_preprocessing_scripts.preprocessing import preprocess_data
ModuleNotFoundError: No module named 'data_preprocessing_scripts'
[2026-08-14T03:20:14.607+0000] {processor.py:841} WARNING - No viable dags retrieved from /opt/airflow/dags/airflow.py
[2026-08-14T03:20:14.614+0000] {processor.py:179} INFO - Processing /opt/airflow/dags/airflow.py took 0.139 seconds
[2026-08-14T03:20:44.784+0000] {processor.py:157} INFO - Started process (PID=13854) to work on /opt/airflow/dags/airflow.py
[2026-08-14T03:20:44.785+0000] {processor.py:829} INFO - Processing file /opt/airflow/dags/airflow.py for tasks to queue
[2026-08-14T03:20:44.787+0000] {logging_mixin.py:151} INFO - [2026-08-14T03:20:44.787+0000] {dagbag.py:536} INFO - Filling up the DagBag from /opt/airflow/dags/airflow.py
[2026-08-14T03:20:44.939+0000] {logging_mixin.py:151} INFO - [2026-08-14T03:20:44.939+0000] {dagbag.py:346} ERROR - Failed to import: /opt/airflow/dags/airflow.py
Traceback (most recent call last):
  File "/home/airflow/.local/lib/python3.8/site-packages/airflow/models/dagbag.py", line 342, in parse
    loader.exec_module(new_module)
  File "<frozen importlib._bootstrap_external>", line 843, in exec_module
  File "<frozen importlib._bootstrap>", line 219, in _call_with_frames_removed
  File "/opt/airflow/dags/airflow.py", line 23, in <module>
    from data_preprocessing_scripts.preprocessing import preprocess_data
ModuleNotFoundError: No module named 'data_preprocessing_scripts'
[2026-08-14T03:20:44.939+0000] {processor.py:841} WARNING - No viable dags retrieved from /opt/airflow/dags/airflow.py
[2026-08-14T03:20:44.946+0000] {processor.py:179} INFO - Processing /opt/airflow/dags/airflow.py took 0.164 seconds
[2026-08-14T03:21:15.140+0000] {processor.py:157} INFO - Started process (PID=13862) to work on /opt/airflow/dags/airflow.py
[2026-08-14T03:21:15.144+0000] {processor.py:829} INFO - Processing file /opt/airflow/dags/airflow.py for tasks to queue
[2026-08-14T03:21:15.145+0000] {logging_mixin.py:151} INFO - [2026-08-14T03:21:15.145+0000] {dagbag.py:536} INFO - Filling up the DagBag from /opt/airflow/dags/airflow.py
[2026-08-14T03:21:15.284+0000] {logging_mixin.py:151} INFO - [2026-08-14T03:21:15.283+0000] {dagbag.py:346} ERROR - Failed to import: /opt/airflow/dags/airflow.py
Traceback (most recent call last):
  File "/home/airflow/.local/lib/python3.8/site-packages/airflow/models/dagbag.py", line 342, in parse
    loader.exec_module(new_module)
  File "<frozen importlib._bootstrap_external>", line 843, in exec_module
  File "<frozen importlib._bootstrap>", line 219, in _call_with_frames_removed
  File "/opt/airflow/dags/airflow.py", line 23, in <module>
    from data_preprocessing_scripts.preprocessing import preprocess_data
ModuleNotFoundError: No module named 'data_preprocessing_scripts'
[2026-08-14T03:21:15.284+0000] {processor.py:841} WARNING - No viable dags retrieved from /opt/airflow/dags/airflow.py
[2026-08-14T03:21:15.290+0000] {processor.py:179} INFO - Processing /opt/airflow/dags/airflow.py took 0.153 seconds
[2026-08-14T03:21:45.468+0000] {processor.py:157} INFO - Started process (PID=13870) to work on /opt/airflow/dags/airflow.py
[2026-08-14T03:21:45.469+0000] {processor.py:829} INFO - Processing file /opt/airflow/dags/airflow.py for tasks to queue
[2026-08-14T03:21:45.470+0000] {logging_mixin.py:151} INFO - [2026-08-14T03:21:45.470+0000] {dagbag.py:536} INFO - Filling up the DagBag from /opt/airflow/dags/airflow.py
[2026-08-14T03:21:45.608+0000] {logging_mixin.py:151} INFO - [2026-08-14T03:21:45.608+0000] {dagbag.py:346} ERROR - Failed to import: /opt/airflow/dags/airflow.py
Traceback (most recent call last):
  File "/home/airflow/.local/lib/python3.8/site-packages/airflow/models/dagbag.py", line 342, in parse
    loader.exec_module(new_module)
  File "<frozen importlib._bootstrap_external>", line 843, in exec_module
  File "<frozen importlib._bootstrap>", line 219, in _call_with_frames_removed
  File "/opt/airflow/dags/airflow.py", line 23, in <module>
    from data_preprocessing_scripts.preprocessing import preprocess_data
ModuleNotFoundError: No module named 'data_preprocessing_scripts'
[2026-08-14T03:21:45.609+0000] {processor.py:841} WARNING - No viable dags retrieved from /opt/airflow/dags/airflow.py
[2026-08-14T03:21:45.616+0000] {processor.py:179} INFO - Processing /opt/airflow/dags/airflow.py took 0.150 seconds
[2026-08-14T03:22:15.830+0000] {processor.py:157} INFO - Started process (PID=13878) to work on /opt/airflow/dags/airflow.py
[2026-08-14T03:22:15.831+0000] {processor.py:829} INFO - Processing file /opt/airflow/dags/airflow.py for tasks to queue
[2026-08-14T03:22:15.833+0000] {logging_mixin.py:151} INFO - [2026-08-14T03:22:15.833+0000] {dagbag.py:536} INFO - Filling up the DagBag from /opt/airflow/dags/airflow.py
[2026-08-14T03:22:15.991+0000] {logging_mixin.py:151} INFO - [2026-08-14T03:22:15.990+0000] {dagbag.py:346} ERROR - Failed to import: /opt/airflow/dags/airflow.py
Traceback (most recent call last):
  File "/home/airflow/.local/lib/python3.8/site-packages/airflow/models/dagbag.py", line 342, in parse
    loader.exec_module(new_module)
  File "<frozen importlib._bootstrap_external>", line 843, in exec_module
  File "<frozen importlib._bootstrap>", line 219, in _call_with_frames_removed
  File "/opt/airflow/dags/airflow.py", line 23, in <module>
    from data_preprocessing_scripts.preprocessing import preprocess_data
ModuleNotFoundError: No module named 'data_preprocessing_scripts'
[2026-08-14T03:22:15.991+0000] {processor.py:841} WARNING - No viable dags retrieved from /opt/airflow/dags/airflow.py
[2026-08-14T03:22:16.005+0000] {processor.py:179} INFO - Processing /opt/airflow/dags/airflow.py took 0.179 seconds
[2026-08-14T03:22:46.182+0000] {processor.py:157} INFO - Started process (PID=13886) to work on /opt/airflow/dags/airflow.py
[2026-08-14T03:22:46.183+0000] {processor.py:829} INFO - Processing file /opt/airflow/dags/airflow.py for tasks to queue
[2026-08-14T03:22:46.184+0000] {logging_mixin.py:151} INFO - [2026-08-14T03:22:46.184+0000] {dagbag.py:536} INFO - Filling up the DagBag from /opt/airflow/dags/airflow.py
[2026-08-14T03:22:46.314+0000] {logging_mixin.py:151} INFO - [2026-08-14T03:22:46.314+0000] {dagbag.py:346} ERROR - Failed to import: /opt/airflow/dags/airflow.py
Traceback (most recent call last):
  File "/home/airflow/.local/lib/python3.8/site-packages/airflow/models/dagbag.py", line 342, in parse
    loader.exec_module(new_module)
  File "<frozen importlib._bootstrap_external>", line 843, in exec_module
  File "<frozen importlib._bootstrap>", line 219, in _call_with_frames_removed
  File "/opt/airflow/dags/airflow.py", line 23, in <module>
    from data_preprocessing_scripts.preprocessing import preprocess_data
ModuleNotFoundError: No module named 'data_preprocessing_scripts'
[2026-08-14T03:22:46.314+0000] {processor.py:841} WARNING - No viable dags retrieved from /opt/airflow/dags/airflow.py
[2026-08-14T03:22:46.321+0000] {processor.py:179} INFO - Processing /opt/airflow/dags/airflow.py took 0.141 seconds
[2026-08-14T03:23:16.475+0000] {processor.py:157} INFO - Started process (PID=13894) to work on /opt/airflow/dags/airflow.py
[2026-08-14T03:23:16.476+0000] {processor.py:829} INFO - Processing file /opt/airflow/dags/airflow.py for tasks to queue
[2026-08-14T03:23:16.478+0000] {logging_mixin.py:151} INFO - [2026-08-14T03:23:16.478+0000] {dagbag.py:536} INFO - Filling up the DagBag from /opt/airflow/dags/airflow.py
[2026-08-14T03:23:16.612+0000] {logging_mixin.py:151} INFO - [2026-08-14T03:23:16.611+0000] {dagbag.py:346} ERROR - Failed to import: /opt/airflow/dags/airflow.py
Traceback (most recent call last):
  File "/home/airflow/.local/lib/python3.8/site-packages/airflow/models/dagbag.py", line 342, in parse
    loader.exec_module(new_module)
  File "<frozen importlib._bootstrap_external>", line 843, in exec_module
  File "<frozen importlib._bootstrap>", line 219, in _call_with_frames_removed
  File "/opt/airflow/dags/airflow.py", line 23, in <module>
    from data_preprocessing_scripts.preprocessing import preprocess_data
ModuleNotFoundError: No module named 'data_preprocessing_scripts'
[2026-08-14T03:23:16.612+0000] {processor.py:841} WARNING - No viable dags retrieved from /opt/airflow/dags/airflow.py
[2026-08-14T03:23:16.618+0000] {processor.py:179} INFO - Processing /opt/airflow/dags/airflow.py took 0.147 seconds
[2026-08-14T03:23:46.799+0000] {processor.py:157} INFO - Started process (PID=13902) to work on /opt/airflow/dags/airflow.py
[2026-08-14T03:23:46.799+0000] {processor.py:829} INFO - Processing file /opt/airflow/dags/airflow.py for tasks to queue
[2026-08-14T03:23:46.802+0000] {logging_mixin.py:151} INFO - [2026-08-14T03:23:46.801+0000] {dagbag.py:536} INFO - Filling up the DagBag from /opt/airflow/dags/airflow.py
[2026-08-14T03:23:46.927+0000] {logging_mixin.py:151} INFO - [2026-08-14T03:23:46.926+0000] {dagbag.py:346} ERROR - Failed to import: /opt/airflow/dags/airflow.py
Traceback (most recent call last):
  File "/home/airflow/.local/lib/python3.8/site-packages/airflow/models/dagbag.py", line 342, in parse
    loader.exec_module(new_module)
  File "<frozen importlib._bootstrap_external>", line 843, in exec_module
  File "<frozen importlib._bootstrap>", line 219, in _call_with_frames_removed
  File "/opt/airflow/dags/airflow.py", line 23, in <module>
    from data_preprocessing_scripts.preprocessing import preprocess_data
ModuleNotFoundError: No module named 'data_preprocessing_scripts'
[2026-08-14T03:23:46.927+0000] {processor.py:841} WARNING - No viable dags retrieved from /opt/airflow/dags/airflow.py
[2026-08-14T03:23:46.933+0000] {processor.py:179} INFO - Processing /opt/airflow/dags/airflow.py took 0.137 seconds
[2026-08-14T03:24:17.130+0000] {processor.py:157} INFO - Started process (PID=13910) to work on /opt/airflow/dags/airflow.py
[2026-08-14T03:24:17.131+0000] {processor.py:829} INFO - Processing file /opt/airflow/dags/airflow.py for tasks to queue
[2026-08-14T03:24:17.133+0000] {logging_mixin.py:151} INFO - [2026-08-14T03:24:17.132+0000] {dagbag.py:536} INFO - Filling up the DagBag from /opt/airflow/dags/airflow.py
[2026-08-14T03:24:17.284+0000] {logging_mixin.py:151} INFO - [2026-08-14T03:24:17.283+0000] {dagbag.py:346} ERROR - Failed to import: /opt/airflow/dags/airflow.py
Traceback (most recent call last):
  File "/home/airflow/.local/lib/python3.8/site-packages/airflow/models/dagbag.py", line 342, in parse
    loader.exec_module(new_module)
  File "<frozen importlib._bootstrap_external>", line 843, in exec_module
  File "<frozen importlib._bootstrap>", line 219, in _call_with_frames_removed
  File "/opt/airflow/dags/airflow.py", line 23, in <module>
    from data_preprocessing_scripts.preprocessing import preprocess_data
ModuleNotFoundError: No module named 'data_preprocessing_scripts'
[2026-08-14T03:24:17.284+0000] {processor.py:841} WARNING - No viable dags retrieved from /opt/airflow/dags/airflow.py
[2026-08-14T03:24:17.293+0000] {processor.py:179} INFO - Processing /opt/airflow/dags/airflow.py took 0.168 seconds
[2026-08-14T03:24:47.480+0000] {processor.py:157} INFO - Started process (PID=13924) to work on /opt/airflow/dags/airflow.py
[2026-08-14T03:24:47.481+0000] {processor.py:829} INFO - Processing file /opt/airflow/dags/airflow.py for tasks to queue
[2026-08-14T03:24:47.483+0000] {logging_mixin.py:151} INFO - [2026-08-14T03:24:47.483+0000] {dagbag.py:536} INFO - Filling up the DagBag from /opt/airflow/dags/airflow.py
[2026-08-14T03:24:47.669+0000] {logging_mixin.py:151} INFO - [2026-08-14T03:24:47.669+0000] {dagbag.py:346} ERROR - Failed to import: /opt/airflow/dags/airflow.py
Traceback (most recent call last):
  File "/home/airflow/.local/lib/python3.8/site-packages/airflow/models/dagbag.py", line 342, in parse
    loader.exec_module(new_module)
  File "<frozen importlib._bootstrap_external>", line 843, in exec_module
  File "<frozen importlib._bootstrap>", line 219, in _call_with_frames_removed
  File "/opt/airflow/dags/airflow.py", line 23, in <module>
    from data_preprocessing_scripts.preprocessing import preprocess_data
ModuleNotFoundError: No module named 'data_preprocessing_scripts'
[2026-08-14T03:24:47.670+0000] {processor.py:841} WARNING - No viable dags retrieved from /opt/airflow/dags/airflow.py
[2026-08-14T03:24:47.676+0000] {processor.py:179} INFO - Processing /opt/airflow/dags/airflow.py took 0.199 seconds
[2026-08-14T03:25:17.836+0000] {processor.py:157} INFO - Started process (PID=13932) to work on /opt/airflow/dags/airflow.py
[2026-08-14T03:25:17.836+0000] {processor.py:829} INFO - Processing file /opt/airflow/dags/airflow.py for tasks to queue
[2026-08-14T03:25:17.838+0000] {logging_mixin.py:151} INFO - [2026-08-14T03:25:17.838+0000] {dagbag.py:536} INFO - Filling up the DagBag from /opt/airflow/dags/airflow.py
[2026-08-14T03:25:17.985+0000] {logging_mixin.py:151} INFO - [2026-08-14T03:25:17.984+0000] {dagbag.py:346} ERROR - Failed to import: /opt/airflow/dags/airflow.py
Traceback (most recent call last):
  File "/home/airflow/.local/lib/python3.8/site-packages/airflow/models/dagbag.py", line 342, in parse
    loader.exec_module(new_module)
  File "<frozen importlib._bootstrap_external>", line 843, in exec_module
  File "<frozen importlib._bootstrap>", line 219, in _call_with_frames_removed
  File "/opt/airflow/dags/airflow.py", line 23, in <module>
    from data_preprocessing_scripts.preprocessing import preprocess_data
ModuleNotFoundError: No module named 'data_preprocessing_scripts'
[2026-08-14T03:25:17.985+0000] {processor.py:841} WARNING - No viable dags retrieved from /opt/airflow/dags/airflow.py
[2026-08-14T03:25:17.992+0000] {processor.py:179} INFO - Processing /opt/airflow/dags/airflow.py took 0.160 seconds
[2026-08-14T03:25:48.156+0000] {processor.py:157} INFO - Started process (PID=13940) to work on /opt/airflow/dags/airflow.py
[2026-08-14T03:25:48.156+0000] {processor.py:829} INFO - Processing file /opt/airflow/dags/airflow.py for tasks to queue
[2026-08-14T03:25:48.157+0000] {logging_mixin.py:151} INFO - [2026-08-14T03:25:48.157+0000] {dagbag.py:536} INFO - Filling up the DagBag from /opt/airflow/dags/airflow.py
[2026-08-14T03:25:48.282+0000] {logging_mixin.py:151} INFO - [2026-08-14T03:25:48.282+0000] {dagbag.py:346} ERROR - Failed to import: /opt/airflow/dags/airflow.py
Traceback (most recent call last):
  File "/home/airflow/.local/lib/python3.8/site-packages/airflow/models/dagbag.py", line 342, in parse
    loader.exec_module(new_module)
  File "<frozen importlib._bootstrap_external>", line 843, in exec_module
  File "<frozen importlib._bootstrap>", line 219, in _call_with_frames_removed
  File "/opt/airflow/dags/airflow.py", line 23, in <module>
    from data_preprocessing_scripts.preprocessing import preprocess_data
ModuleNotFoundError: No module named 'data_preprocessing_scripts'
[2026-08-14T03:25:48.282+0000] {processor.py:841} WARNING - No viable dags retrieved from /opt/airflow/dags/airflow.py
[2026-08-14T03:25:48.289+0000] {processor.py:179} INFO - Processing /opt/airflow/dags/airflow.py took 0.135 seconds
[2026-08-14T03:26:18.463+0000] {processor.py:157} INFO - Started process (PID=13948) to work on /opt/airflow/dags/airflow.py
[2026-08-14T03:26:18.464+0000] {processor.py:829} INFO - Processing file /opt/airflow/dags/airflow.py for tasks to queue
[2026-08-14T03:26:18.465+0000] {logging_mixin.py:151} INFO - [2026-08-14T03:26:18.465+0000] {dagbag.py:536} INFO - Filling up the DagBag from /opt/airflow/dags/airflow.py
[2026-08-14T03:26:18.625+0000] {logging_mixin.py:151} INFO - [2026-08-14T03:26:18.625+0000] {dagbag.py:346} ERROR - Failed to import: /opt/airflow/dags/airflow.py
Traceback (most recent call last):
  File "/home/airflow/.local/lib/python3.8/site-packages/airflow/models/dagbag.py", line 342, in parse
    loader.exec_module(new_module)
  File "<frozen importlib._bootstrap_external>", line 843, in exec_module
  File "<frozen importlib._bootstrap>", line 219, in _call_with_frames_removed
  File "/opt/airflow/dags/airflow.py", line 23, in <module>
    from data_preprocessing_scripts.preprocessing import preprocess_data
ModuleNotFoundError: No module named 'data_preprocessing_scripts'
[2026-08-14T03:26:18.626+0000] {processor.py:841} WARNING - No viable dags retrieved from /opt/airflow/dags/airflow.py
[2026-08-14T03:26:18.633+0000] {processor.py:179} INFO - Processing /opt/airflow/dags/airflow.py took 0.173 seconds
[2026-08-14T03:26:48.825+0000] {processor.py:157} INFO - Started process (PID=13956) to work on /opt/airflow/dags/airflow.py
[2026-08-14T03:26:48.826+0000] {processor.py:829} INFO - Processing file /opt/airflow/dags/airflow.py for tasks to queue
[2026-08-14T03:26:48.827+0000] {logging_mixin.py:151} INFO - [2026-08-14T03:26:48.827+0000] {dagbag.py:536} INFO - Filling up the DagBag from /opt/airflow/dags/airflow.py
[2026-08-14T03:26:48.958+0000] {logging_mixin.py:151} INFO - [2026-08-14T03:26:48.957+0000] {dagbag.py:346} ERROR - Failed to import: /opt/airflow/dags/airflow.py
Traceback (most recent call last):
  File "/home/airflow/.local/lib/python3.8/site-packages/airflow/models/dagbag.py", line 342, in parse
    loader.exec_module(new_module)
  File "<frozen importlib._bootstrap_external>", line 843, in exec_module
  File "<frozen importlib._bootstrap>", line 219, in _call_with_frames_removed
  File "/opt/airflow/dags/airflow.py", line 23, in <module>
    from data_preprocessing_scripts.preprocessing import preprocess_data
ModuleNotFoundError: No module named 'data_preprocessing_scripts'
[2026-08-14T03:26:48.958+0000] {processor.py:841} WARNING - No viable dags retrieved from /opt/airflow/dags/airflow.py
[2026-08-14T03:26:48.965+0000] {processor.py:179} INFO - Processing /opt/airflow/dags/airflow.py took 0.142 seconds
[2026-08-14T03:27:19.219+0000] {processor.py:157} INFO - Started process (PID=13964) to work on /opt/airflow/dags/airflow.py
[2026-08-14T03:27:19.219+0000] {processor.py:829} INFO - Processing file /opt/airflow/dags/airflow.py for tasks to queue
[2026-08-14T03:27:19.221+0000] {logging_mixin.py:151} INFO - [2026-08-14T03:27:19.221+0000] {dagbag.py:536} INFO - Filling up the DagBag from /opt/airflow/dags/airflow.py
[2026-08-14T03:27:19.358+0000] {logging_mixin.py:151} INFO - [2026-08-14T03:27:19.357+0000] {dagbag.py:346} ERROR - Failed to import: /opt/airflow/dags/airflow.py
Traceback (most recent call last):
  File "/home/airflow/.local/lib/python3.8/site-packages/airflow/models/dagbag.py", line 342, in parse
    loader.exec_module(new_module)
  File "<frozen importlib._bootstrap_external>", line 843, in exec_module
  File "<frozen importlib._bootstrap>", line 219, in _call_with_frames_removed
  File "/opt/airflow/dags/airflow.py", line 23, in <module>
    from data_preprocessing_scripts.preprocessing import preprocess_data
ModuleNotFoundError: No module named 'data_preprocessing_scripts'
[2026-08-14T03:27:19.358+0000] {processor.py:841} WARNING - No viable dags retrieved from /opt/airflow/dags/airflow.py
[2026-08-14T03:27:19.364+0000] {processor.py:179} INFO - Processing /opt/airflow/dags/airflow.py took 0.149 seconds
[2026-08-14T03:27:49.604+0000] {processor.py:157} INFO - Started process (PID=13972) to work on /opt/airflow/dags/airflow.py
[2026-08-14T03:27:49.605+0000] {processor.py:829} INFO - Processing file /opt/airflow/dags/airflow.py for tasks to queue
[2026-08-14T03:27:49.606+0000] {logging_mixin.py:151} INFO - [2026-08-14T03:27:49.606+0000] {dagbag.py:536} INFO - Filling up the DagBag from /opt/airflow/dags/airflow.py
[2026-08-14T03:27:49.737+0000] {logging_mixin.py:151} INFO - [2026-08-14T03:27:49.737+0000] {dagbag.py:346} ERROR - Failed to import: /opt/airflow/dags/airflow.py
Traceback (most recent call last):
  File "/home/airflow/.local/lib/python3.8/site-packages/airflow/models/dagbag.py", line 342, in parse
    loader.exec_module(new_module)
  File "<frozen importlib._bootstrap_external>", line 843, in exec_module
  File "<frozen importlib._bootstrap>", line 219, in _call_with_frames_removed
  File "/opt/airflow/dags/airflow.py", line 23, in <module>
    from data_preprocessing_scripts.preprocessing import preprocess_data
ModuleNotFoundError: No module named 'data_preprocessing_scripts'
[2026-08-14T03:27:49.737+0000] {processor.py:841} WARNING - No viable dags retrieved from /opt/airflow/dags/airflow.py
[2026-08-14T03:27:49.743+0000] {processor.py:179} INFO - Processing /opt/airflow/dags/airflow.py took 0.142 seconds
[2026-08-14T03:28:19.959+0000] {processor.py:157} INFO - Started process (PID=13980) to work on /opt/airflow/dags/airflow.py
[2026-08-14T03:28:19.960+0000] {processor.py:829} INFO - Processing file /opt/airflow/dags/airflow.py for tasks to queue
[2026-08-14T03:28:19.962+0000] {logging_mixin.py:151} INFO - [2026-08-14T03:28:19.962+0000] {dagbag.py:536} INFO - Filling up the DagBag from /opt/airflow/dags/airflow.py
[2026-08-14T03:28:20.096+0000] {logging_mixin.py:151} INFO - [2026-08-14T03:28:20.096+0000] {dagbag.py:346} ERROR - Failed to import: /opt/airflow/dags/airflow.py
Traceback (most recent call last):
  File "/home/airflow/.local/lib/python3.8/site-packages/airflow/models/dagbag.py", line 342, in parse
    loader.exec_module(new_module)
  File "<frozen importlib._bootstrap_external>", line 843, in exec_module
  File "<frozen importlib._bootstrap>", line 219, in _call_with_frames_removed
  File "/opt/airflow/dags/airflow.py", line 23, in <module>
    from data_preprocessing_scripts.preprocessing import preprocess_data
ModuleNotFoundError: No module named 'data_preprocessing_scripts'
[2026-08-14T03:28:20.096+0000] {processor.py:841} WARNING - No viable dags retrieved from /opt/airflow/dags/airflow.py
[2026-08-14T03:28:20.102+0000] {processor.py:179} INFO - Processing /opt/airflow/dags/airflow.py took 0.146 seconds
[2026-08-14T03:28:50.297+0000] {processor.py:157} INFO - Started process (PID=13988) to work on /opt/airflow/dags/airflow.py
[2026-08-14T03:28:50.298+0000] {processor.py:829} INFO - Processing file /opt/airflow/dags/airflow.py for tasks to queue
[2026-08-14T03:28:50.300+0000] {logging_mixin.py:151} INFO - [2026-08-14T03:28:50.299+0000] {dagbag.py:536} INFO - Filling up the DagBag from /opt/airflow/dags/airflow.py
[2026-08-14T03:28:50.435+0000] {logging_mixin.py:151} INFO - [2026-08-14T03:28:50.435+0000] {dagbag.py:346} ERROR - Failed to import: /opt/airflow/dags/airflow.py
Traceback (most recent call last):
  File "/home/airflow/.local/lib/python3.8/site-packages/airflow/models/dagbag.py", line 342, in parse
    loader.exec_module(new_module)
  File "<frozen importlib._bootstrap_external>", line 843, in exec_module
  File "<frozen importlib._bootstrap>", line 219, in _call_with_frames_removed
  File "/opt/airflow/dags/airflow.py", line 23, in <module>
    from data_preprocessing_scripts.preprocessing import preprocess_data
ModuleNotFoundError: No module named 'data_preprocessing_scripts'
[2026-08-14T03:28:50.435+0000] {processor.py:841} WARNING - No viable dags retrieved from /opt/airflow/dags/airflow.py
[2026-08-14T03:28:50.441+0000] {processor.py:179} INFO - Processing /opt/airflow/dags/airflow.py took 0.147 seconds
[2026-08-14T03:29:20.649+0000] {processor.py:157} INFO - Started process (PID=13997) to work on /opt/airflow/dags/airflow.py
[2026-08-14T03:29:20.650+0000] {processor.py:829} INFO - Processing file /opt/airflow/dags/airflow.py for tasks to queue
[2026-08-14T03:29:20.651+0000] {logging_mixin.py:151} INFO - [2026-08-14T03:29:20.651+0000] {dagbag.py:536} INFO - Filling up the DagBag from /opt/airflow/dags/airflow.py
[2026-08-14T03:29:20.787+0000] {logging_mixin.py:151} INFO - [2026-08-14T03:29:20.786+0000] {dagbag.py:346} ERROR - Failed to import: /opt/airflow/dags/airflow.py
Traceback (most recent call last):
  File "/home/airflow/.local/lib/python3.8/site-packages/airflow/models/dagbag.py", line 342, in parse
    loader.exec_module(new_module)
  File "<frozen importlib._bootstrap_external>", line 843, in exec_module
  File "<frozen importlib._bootstrap>", line 219, in _call_with_frames_removed
  File "/opt/airflow/dags/airflow.py", line 23, in <module>
    from data_preprocessing_scripts.preprocessing import preprocess_data
ModuleNotFoundError: No module named 'data_preprocessing_scripts'
[2026-08-14T03:29:20.787+0000] {processor.py:841} WARNING - No viable dags retrieved from /opt/airflow/dags/airflow.py
[2026-08-14T03:29:20.794+0000] {processor.py:179} INFO - Processing /opt/airflow/dags/airflow.py took 0.148 seconds
[2026-08-14T03:29:50.987+0000] {processor.py:157} INFO - Started process (PID=14005) to work on /opt/airflow/dags/airflow.py
[2026-08-14T03:29:50.988+0000] {processor.py:829} INFO - Processing file /opt/airflow/dags/airflow.py for tasks to queue
[2026-08-14T03:29:50.989+0000] {logging_mixin.py:151} INFO - [2026-08-14T03:29:50.989+0000] {dagbag.py:536} INFO - Filling up the DagBag from /opt/airflow/dags/airflow.py
[2026-08-14T03:29:51.124+0000] {logging_mixin.py:151} INFO - [2026-08-14T03:29:51.123+0000] {dagbag.py:346} ERROR - Failed to import: /opt/airflow/dags/airflow.py
Traceback (most recent call last):
  File "/home/airflow/.local/lib/python3.8/site-packages/airflow/models/dagbag.py", line 342, in parse
    loader.exec_module(new_module)
  File "<frozen importlib._bootstrap_external>", line 843, in exec_module
  File "<frozen importlib._bootstrap>", line 219, in _call_with_frames_removed
  File "/opt/airflow/dags/airflow.py", line 23, in <module>
    from data_preprocessing_scripts.preprocessing import preprocess_data
ModuleNotFoundError: No module named 'data_preprocessing_scripts'
[2026-08-14T03:29:51.124+0000] {processor.py:841} WARNING - No viable dags retrieved from /opt/airflow/dags/airflow.py
[2026-08-14T03:29:51.130+0000] {processor.py:179} INFO - Processing /opt/airflow/dags/airflow.py took 0.146 seconds
[2026-08-14T03:30:21.314+0000] {processor.py:157} INFO - Started process (PID=14013) to work on /opt/airflow/dags/airflow.py
[2026-08-14T03:30:21.315+0000] {processor.py:829} INFO - Processing file /opt/airflow/dags/airflow.py for tasks to queue
[2026-08-14T03:30:21.316+0000] {logging_mixin.py:151} INFO - [2026-08-14T03:30:21.316+0000] {dagbag.py:536} INFO - Filling up the DagBag from /opt/airflow/dags/airflow.py
[2026-08-14T03:30:21.449+0000] {logging_mixin.py:151} INFO - [2026-08-14T03:30:21.448+0000] {dagbag.py:346} ERROR - Failed to import: /opt/airflow/dags/airflow.py
Traceback (most recent call last):
  File "/home/airflow/.local/lib/python3.8/site-packages/airflow/models/dagbag.py", line 342, in parse
    loader.exec_module(new_module)
  File "<frozen importlib._bootstrap_external>", line 843, in exec_module
  File "<frozen importlib._bootstrap>", line 219, in _call_with_frames_removed
  File "/opt/airflow/dags/airflow.py", line 23, in <module>
    from data_preprocessing_scripts.preprocessing import preprocess_data
ModuleNotFoundError: No module named 'data_preprocessing_scripts'
[2026-08-14T03:30:21.449+0000] {processor.py:841} WARNING - No viable dags retrieved from /opt/airflow/dags/airflow.py
[2026-08-14T03:30:21.455+0000] {processor.py:179} INFO - Processing /opt/airflow/dags/airflow.py took 0.145 seconds
[2026-08-14T03:30:51.677+0000] {processor.py:157} INFO - Started process (PID=14021) to work on /opt/airflow/dags/airflow.py
[2026-08-14T03:30:51.678+0000] {processor.py:829} INFO - Processing file /opt/airflow/dags/airflow.py for tasks to queue
[2026-08-14T03:30:51.680+0000] {logging_mixin.py:151} INFO - [2026-08-14T03:30:51.679+0000] {dagbag.py:536} INFO - Filling up the DagBag from /opt/airflow/dags/airflow.py
[2026-08-14T03:30:51.816+0000] {logging_mixin.py:151} INFO - [2026-08-14T03:30:51.816+0000] {dagbag.py:346} ERROR - Failed to import: /opt/airflow/dags/airflow.py
Traceback (most recent call last):
  File "/home/airflow/.local/lib/python3.8/site-packages/airflow/models/dagbag.py", line 342, in parse
    loader.exec_module(new_module)
  File "<frozen importlib._bootstrap_external>", line 843, in exec_module
  File "<frozen importlib._bootstrap>", line 219, in _call_with_frames_removed
  File "/opt/airflow/dags/airflow.py", line 23, in <module>
    from data_preprocessing_scripts.preprocessing import preprocess_data
ModuleNotFoundError: No module named 'data_preprocessing_scripts'
[2026-08-14T03:30:51.816+0000] {processor.py:841} WARNING - No viable dags retrieved from /opt/airflow/dags/airflow.py
[2026-08-14T03:30:51.823+0000] {processor.py:179} INFO - Processing /opt/airflow/dags/airflow.py took 0.149 seconds
[2026-08-14T03:31:22.087+0000] {processor.py:157} INFO - Started process (PID=14029) to work on /opt/airflow/dags/airflow.py
[2026-08-14T03:31:22.088+0000] {processor.py:829} INFO - Processing file /opt/airflow/dags/airflow.py for tasks to queue
[2026-08-14T03:31:22.091+0000] {logging_mixin.py:151} INFO - [2026-08-14T03:31:22.091+0000] {dagbag.py:536} INFO - Filling up the DagBag from /opt/airflow/dags/airflow.py
[2026-08-14T03:31:22.224+0000] {logging_mixin.py:151} INFO - [2026-08-14T03:31:22.224+0000] {dagbag.py:346} ERROR - Failed to import: /opt/airflow/dags/airflow.py
Traceback (most recent call last):
  File "/home/airflow/.local/lib/python3.8/site-packages/airflow/models/dagbag.py", line 342, in parse
    loader.exec_module(new_module)
  File "<frozen importlib._bootstrap_external>", line 843, in exec_module
  File "<frozen importlib._bootstrap>", line 219, in _call_with_frames_removed
  File "/opt/airflow/dags/airflow.py", line 23, in <module>
    from data_preprocessing_scripts.preprocessing import preprocess_data
ModuleNotFoundError: No module named 'data_preprocessing_scripts'
[2026-08-14T03:31:22.224+0000] {processor.py:841} WARNING - No viable dags retrieved from /opt/airflow/dags/airflow.py
[2026-08-14T03:31:22.231+0000] {processor.py:179} INFO - Processing /opt/airflow/dags/airflow.py took 0.147 seconds
[2026-08-14T03:31:52.446+0000] {processor.py:157} INFO - Started process (PID=14037) to work on /opt/airflow/dags/airflow.py
[2026-08-14T03:31:52.447+0000] {processor.py:829} INFO - Processing file /opt/airflow/dags/airflow.py for tasks to queue
[2026-08-14T03:31:52.448+0000] {logging_mixin.py:151} INFO - [2026-08-14T03:31:52.448+0000] {dagbag.py:536} INFO - Filling up the DagBag from /opt/airflow/dags/airflow.py
[2026-08-14T03:31:52.580+0000] {logging_mixin.py:151} INFO - [2026-08-14T03:31:52.579+0000] {dagbag.py:346} ERROR - Failed to import: /opt/airflow/dags/airflow.py
Traceback (most recent call last):
  File "/home/airflow/.local/lib/python3.8/site-packages/airflow/models/dagbag.py", line 342, in parse
    loader.exec_module(new_module)
  File "<frozen importlib._bootstrap_external>", line 843, in exec_module
  File "<frozen importlib._bootstrap>", line 219, in _call_with_frames_removed
  File "/opt/airflow/dags/airflow.py", line 23, in <module>
    from data_preprocessing_scripts.preprocessing import preprocess_data
ModuleNotFoundError: No module named 'data_preprocessing_scripts'
[2026-08-14T03:31:52.580+0000] {processor.py:841} WARNING - No viable dags retrieved from /opt/airflow/dags/airflow.py
[2026-08-14T03:31:52.587+0000] {processor.py:179} INFO - Processing /opt/airflow/dags/airflow.py took 0.143 seconds
[2026-08-14T03:32:22.813+0000] {processor.py:157} INFO - Started process (PID=14045) to work on /opt/airflow/dags/airflow.py
[2026-08-14T03:32:22.814+0000] {processor.py:829} INFO - Processing file /opt/airflow/dags/airflow.py for tasks to queue
[2026-08-14T03:32:22.817+0000] {logging_mixin.py:151} INFO - [2026-08-14T03:32:22.816+0000] {dagbag.py:536} INFO - Filling up the DagBag from /opt/airflow/dags/airflow.py
[2026-08-14T03:32:22.954+0000] {logging_mixin.py:151} INFO - [2026-08-14T03:32:22.953+0000] {dagbag.py:346} ERROR - Failed to import: /opt/airflow/dags/airflow.py
Traceback (most recent call last):
  File "/home/airflow/.local/lib/python3.8/site-packages/airflow/models/dagbag.py", line 342, in parse
    loader.exec_module(new_module)
  File "<frozen importlib._bootstrap_external>", line 843, in exec_module
  File "<frozen importlib._bootstrap>", line 219, in _call_with_frames_removed
  File "/opt/airflow/dags/airflow.py", line 23, in <module>
    from data_preprocessing_scripts.preprocessing import preprocess_data
ModuleNotFoundError: No module named 'data_preprocessing_scripts'
[2026-08-14T03:32:22.954+0000] {processor.py:841} WARNING - No viable dags retrieved from /opt/airflow/dags/airflow.py
[2026-08-14T03:32:22.960+0000] {processor.py:179} INFO - Processing /opt/airflow/dags/airflow.py took 0.151 seconds
[2026-08-14T03:32:53.211+0000] {processor.py:157} INFO - Started process (PID=14053) to work on /opt/airflow/dags/airflow.py
[2026-08-14T03:32:53.212+0000] {processor.py:829} INFO - Processing file /opt/airflow/dags/airflow.py for tasks to queue
[2026-08-14T03:32:53.216+0000] {logging_mixin.py:151} INFO - [2026-08-14T03:32:53.215+0000] {dagbag.py:536} INFO - Filling up the DagBag from /opt/airflow/dags/airflow.py
[2026-08-14T03:32:53.399+0000] {logging_mixin.py:151} INFO - [2026-08-14T03:32:53.398+0000] {dagbag.py:346} ERROR - Failed to import: /opt/airflow/dags/airflow.py
Traceback (most recent call last):
  File "/home/airflow/.local/lib/python3.8/site-packages/airflow/models/dagbag.py", line 342, in parse
    loader.exec_module(new_module)
  File "<frozen importlib._bootstrap_external>", line 843, in exec_module
  File "<frozen importlib._bootstrap>", line 219, in _call_with_frames_removed
  File "/opt/airflow/dags/airflow.py", line 23, in <module>
    from data_preprocessing_scripts.preprocessing import preprocess_data
ModuleNotFoundError: No module named 'data_preprocessing_scripts'
[2026-08-14T03:32:53.399+0000] {processor.py:841} WARNING - No viable dags retrieved from /opt/airflow/dags/airflow.py
[2026-08-14T03:32:53.406+0000] {processor.py:179} INFO - Processing /opt/airflow/dags/airflow.py took 0.199 seconds
[2026-08-14T03:33:23.567+0000] {processor.py:157} INFO - Started process (PID=14061) to work on /opt/airflow/dags/airflow.py
[2026-08-14T03:33:23.568+0000] {processor.py:829} INFO - Processing file /opt/airflow/dags/airflow.py for tasks to queue
[2026-08-14T03:33:23.570+0000] {logging_mixin.py:151} INFO - [2026-08-14T03:33:23.570+0000] {dagbag.py:536} INFO - Filling up the DagBag from /opt/airflow/dags/airflow.py
[2026-08-14T03:33:23.729+0000] {logging_mixin.py:151} INFO - [2026-08-14T03:33:23.728+0000] {dagbag.py:346} ERROR - Failed to import: /opt/airflow/dags/airflow.py
Traceback (most recent call last):
  File "/home/airflow/.local/lib/python3.8/site-packages/airflow/models/dagbag.py", line 342, in parse
    loader.exec_module(new_module)
  File "<frozen importlib._bootstrap_external>", line 843, in exec_module
  File "<frozen importlib._bootstrap>", line 219, in _call_with_frames_removed
  File "/opt/airflow/dags/airflow.py", line 23, in <module>
    from data_preprocessing_scripts.preprocessing import preprocess_data
ModuleNotFoundError: No module named 'data_preprocessing_scripts'
[2026-08-14T03:33:23.730+0000] {processor.py:841} WARNING - No viable dags retrieved from /opt/airflow/dags/airflow.py
[2026-08-14T03:33:23.741+0000] {processor.py:179} INFO - Processing /opt/airflow/dags/airflow.py took 0.177 seconds
[2026-08-14T03:33:53.912+0000] {processor.py:157} INFO - Started process (PID=14069) to work on /opt/airflow/dags/airflow.py
[2026-08-14T03:33:53.913+0000] {processor.py:829} INFO - Processing file /opt/airflow/dags/airflow.py for tasks to queue
[2026-08-14T03:33:53.914+0000] {logging_mixin.py:151} INFO - [2026-08-14T03:33:53.914+0000] {dagbag.py:536} INFO - Filling up the DagBag from /opt/airflow/dags/airflow.py
[2026-08-14T03:33:54.043+0000] {logging_mixin.py:151} INFO - [2026-08-14T03:33:54.042+0000] {dagbag.py:346} ERROR - Failed to import: /opt/airflow/dags/airflow.py
Traceback (most recent call last):
  File "/home/airflow/.local/lib/python3.8/site-packages/airflow/models/dagbag.py", line 342, in parse
    loader.exec_module(new_module)
  File "<frozen importlib._bootstrap_external>", line 843, in exec_module
  File "<frozen importlib._bootstrap>", line 219, in _call_with_frames_removed
  File "/opt/airflow/dags/airflow.py", line 23, in <module>
    from data_preprocessing_scripts.preprocessing import preprocess_data
ModuleNotFoundError: No module named 'data_preprocessing_scripts'
[2026-08-14T03:33:54.043+0000] {processor.py:841} WARNING - No viable dags retrieved from /opt/airflow/dags/airflow.py
[2026-08-14T03:33:54.050+0000] {processor.py:179} INFO - Processing /opt/airflow/dags/airflow.py took 0.140 seconds
[2026-08-14T03:34:24.302+0000] {processor.py:157} INFO - Started process (PID=14077) to work on /opt/airflow/dags/airflow.py
[2026-08-14T03:34:24.303+0000] {processor.py:829} INFO - Processing file /opt/airflow/dags/airflow.py for tasks to queue
[2026-08-14T03:34:24.305+0000] {logging_mixin.py:151} INFO - [2026-08-14T03:34:24.305+0000] {dagbag.py:536} INFO - Filling up the DagBag from /opt/airflow/dags/airflow.py
[2026-08-14T03:34:24.438+0000] {logging_mixin.py:151} INFO - [2026-08-14T03:34:24.438+0000] {dagbag.py:346} ERROR - Failed to import: /opt/airflow/dags/airflow.py
Traceback (most recent call last):
  File "/home/airflow/.local/lib/python3.8/site-packages/airflow/models/dagbag.py", line 342, in parse
    loader.exec_module(new_module)
  File "<frozen importlib._bootstrap_external>", line 843, in exec_module
  File "<frozen importlib._bootstrap>", line 219, in _call_with_frames_removed
  File "/opt/airflow/dags/airflow.py", line 23, in <module>
    from data_preprocessing_scripts.preprocessing import preprocess_data
ModuleNotFoundError: No module named 'data_preprocessing_scripts'
[2026-08-14T03:34:24.438+0000] {processor.py:841} WARNING - No viable dags retrieved from /opt/airflow/dags/airflow.py
[2026-08-14T03:34:24.444+0000] {processor.py:179} INFO - Processing /opt/airflow/dags/airflow.py took 0.146 seconds
[2026-08-14T03:34:54.649+0000] {processor.py:157} INFO - Started process (PID=14085) to work on /opt/airflow/dags/airflow.py
[2026-08-14T03:34:54.650+0000] {processor.py:829} INFO - Processing file /opt/airflow/dags/airflow.py for tasks to queue
[2026-08-14T03:34:54.651+0000] {logging_mixin.py:151} INFO - [2026-08-14T03:34:54.651+0000] {dagbag.py:536} INFO - Filling up the DagBag from /opt/airflow/dags/airflow.py
[2026-08-14T03:34:54.785+0000] {logging_mixin.py:151} INFO - [2026-08-14T03:34:54.784+0000] {dagbag.py:346} ERROR - Failed to import: /opt/airflow/dags/airflow.py
Traceback (most recent call last):
  File "/home/airflow/.local/lib/python3.8/site-packages/airflow/models/dagbag.py", line 342, in parse
    loader.exec_module(new_module)
  File "<frozen importlib._bootstrap_external>", line 843, in exec_module
  File "<frozen importlib._bootstrap>", line 219, in _call_with_frames_removed
  File "/opt/airflow/dags/airflow.py", line 23, in <module>
    from data_preprocessing_scripts.preprocessing import preprocess_data
ModuleNotFoundError: No module named 'data_preprocessing_scripts'
[2026-08-14T03:34:54.785+0000] {processor.py:841} WARNING - No viable dags retrieved from /opt/airflow/dags/airflow.py
[2026-08-14T03:34:54.791+0000] {processor.py:179} INFO - Processing /opt/airflow/dags/airflow.py took 0.146 seconds
[2026-08-14T03:35:25.073+0000] {processor.py:157} INFO - Started process (PID=14093) to work on /opt/airflow/dags/airflow.py
[2026-08-14T03:35:25.075+0000] {processor.py:829} INFO - Processing file /opt/airflow/dags/airflow.py for tasks to queue
[2026-08-14T03:35:25.078+0000] {logging_mixin.py:151} INFO - [2026-08-14T03:35:25.078+0000] {dagbag.py:536} INFO - Filling up the DagBag from /opt/airflow/dags/airflow.py
[2026-08-14T03:35:25.212+0000] {logging_mixin.py:151} INFO - [2026-08-14T03:35:25.211+0000] {dagbag.py:346} ERROR - Failed to import: /opt/airflow/dags/airflow.py
Traceback (most recent call last):
  File "/home/airflow/.local/lib/python3.8/site-packages/airflow/models/dagbag.py", line 342, in parse
    loader.exec_module(new_module)
  File "<frozen importlib._bootstrap_external>", line 843, in exec_module
  File "<frozen importlib._bootstrap>", line 219, in _call_with_frames_removed
  File "/opt/airflow/dags/airflow.py", line 23, in <module>
    from data_preprocessing_scripts.preprocessing import preprocess_data
ModuleNotFoundError: No module named 'data_preprocessing_scripts'
[2026-08-14T03:35:25.212+0000] {processor.py:841} WARNING - No viable dags retrieved from /opt/airflow/dags/airflow.py
[2026-08-14T03:35:25.218+0000] {processor.py:179} INFO - Processing /opt/airflow/dags/airflow.py took 0.149 seconds
[2026-08-14T03:35:55.472+0000] {processor.py:157} INFO - Started process (PID=14101) to work on /opt/airflow/dags/airflow.py
[2026-08-14T03:35:55.473+0000] {processor.py:829} INFO - Processing file /opt/airflow/dags/airflow.py for tasks to queue
[2026-08-14T03:35:55.475+0000] {logging_mixin.py:151} INFO - [2026-08-14T03:35:55.475+0000] {dagbag.py:536} INFO - Filling up the DagBag from /opt/airflow/dags/airflow.py
[2026-08-14T03:35:55.607+0000] {logging_mixin.py:151} INFO - [2026-08-14T03:35:55.606+0000] {dagbag.py:346} ERROR - Failed to import: /opt/airflow/dags/airflow.py
Traceback (most recent call last):
  File "/home/airflow/.local/lib/python3.8/site-packages/airflow/models/dagbag.py", line 342, in parse
    loader.exec_module(new_module)
  File "<frozen importlib._bootstrap_external>", line 843, in exec_module
  File "<frozen importlib._bootstrap>", line 219, in _call_with_frames_removed
  File "/opt/airflow/dags/airflow.py", line 23, in <module>
    from data_preprocessing_scripts.preprocessing import preprocess_data
ModuleNotFoundError: No module named 'data_preprocessing_scripts'
[2026-08-14T03:35:55.607+0000] {processor.py:841} WARNING - No viable dags retrieved from /opt/airflow/dags/airflow.py
[2026-08-14T03:35:55.614+0000] {processor.py:179} INFO - Processing /opt/airflow/dags/airflow.py took 0.144 seconds
[2026-08-14T03:36:25.822+0000] {processor.py:157} INFO - Started process (PID=14109) to work on /opt/airflow/dags/airflow.py
[2026-08-14T03:36:25.823+0000] {processor.py:829} INFO - Processing file /opt/airflow/dags/airflow.py for tasks to queue
[2026-08-14T03:36:25.825+0000] {logging_mixin.py:151} INFO - [2026-08-14T03:36:25.824+0000] {dagbag.py:536} INFO - Filling up the DagBag from /opt/airflow/dags/airflow.py
[2026-08-14T03:36:25.993+0000] {logging_mixin.py:151} INFO - [2026-08-14T03:36:25.993+0000] {dagbag.py:346} ERROR - Failed to import: /opt/airflow/dags/airflow.py
Traceback (most recent call last):
  File "/home/airflow/.local/lib/python3.8/site-packages/airflow/models/dagbag.py", line 342, in parse
    loader.exec_module(new_module)
  File "<frozen importlib._bootstrap_external>", line 843, in exec_module
  File "<frozen importlib._bootstrap>", line 219, in _call_with_frames_removed
  File "/opt/airflow/dags/airflow.py", line 23, in <module>
    from data_preprocessing_scripts.preprocessing import preprocess_data
ModuleNotFoundError: No module named 'data_preprocessing_scripts'
[2026-08-14T03:36:25.993+0000] {processor.py:841} WARNING - No viable dags retrieved from /opt/airflow/dags/airflow.py
[2026-08-14T03:36:26.000+0000] {processor.py:179} INFO - Processing /opt/airflow/dags/airflow.py took 0.182 seconds
[2026-08-14T03:36:56.227+0000] {processor.py:157} INFO - Started process (PID=14117) to work on /opt/airflow/dags/airflow.py
[2026-08-14T03:36:56.228+0000] {processor.py:829} INFO - Processing file /opt/airflow/dags/airflow.py for tasks to queue
[2026-08-14T03:36:56.229+0000] {logging_mixin.py:151} INFO - [2026-08-14T03:36:56.229+0000] {dagbag.py:536} INFO - Filling up the DagBag from /opt/airflow/dags/airflow.py
[2026-08-14T03:36:56.363+0000] {logging_mixin.py:151} INFO - [2026-08-14T03:36:56.363+0000] {dagbag.py:346} ERROR - Failed to import: /opt/airflow/dags/airflow.py
Traceback (most recent call last):
  File "/home/airflow/.local/lib/python3.8/site-packages/airflow/models/dagbag.py", line 342, in parse
    loader.exec_module(new_module)
  File "<frozen importlib._bootstrap_external>", line 843, in exec_module
  File "<frozen importlib._bootstrap>", line 219, in _call_with_frames_removed
  File "/opt/airflow/dags/airflow.py", line 23, in <module>
    from data_preprocessing_scripts.preprocessing import preprocess_data
ModuleNotFoundError: No module named 'data_preprocessing_scripts'
[2026-08-14T03:36:56.363+0000] {processor.py:841} WARNING - No viable dags retrieved from /opt/airflow/dags/airflow.py
[2026-08-14T03:36:56.370+0000] {processor.py:179} INFO - Processing /opt/airflow/dags/airflow.py took 0.145 seconds
[2026-08-14T03:37:26.563+0000] {processor.py:157} INFO - Started process (PID=14125) to work on /opt/airflow/dags/airflow.py
[2026-08-14T03:37:26.564+0000] {processor.py:829} INFO - Processing file /opt/airflow/dags/airflow.py for tasks to queue
[2026-08-14T03:37:26.565+0000] {logging_mixin.py:151} INFO - [2026-08-14T03:37:26.565+0000] {dagbag.py:536} INFO - Filling up the DagBag from /opt/airflow/dags/airflow.py
[2026-08-14T03:37:26.700+0000] {logging_mixin.py:151} INFO - [2026-08-14T03:37:26.700+0000] {dagbag.py:346} ERROR - Failed to import: /opt/airflow/dags/airflow.py
Traceback (most recent call last):
  File "/home/airflow/.local/lib/python3.8/site-packages/airflow/models/dagbag.py", line 342, in parse
    loader.exec_module(new_module)
  File "<frozen importlib._bootstrap_external>", line 843, in exec_module
  File "<frozen importlib._bootstrap>", line 219, in _call_with_frames_removed
  File "/opt/airflow/dags/airflow.py", line 23, in <module>
    from data_preprocessing_scripts.preprocessing import preprocess_data
ModuleNotFoundError: No module named 'data_preprocessing_scripts'
[2026-08-14T03:37:26.700+0000] {processor.py:841} WARNING - No viable dags retrieved from /opt/airflow/dags/airflow.py
[2026-08-14T03:37:26.706+0000] {processor.py:179} INFO - Processing /opt/airflow/dags/airflow.py took 0.147 seconds
[2026-08-14T03:37:56.883+0000] {processor.py:157} INFO - Started process (PID=14133) to work on /opt/airflow/dags/airflow.py
[2026-08-14T03:37:56.884+0000] {processor.py:829} INFO - Processing file /opt/airflow/dags/airflow.py for tasks to queue
[2026-08-14T03:37:56.885+0000] {logging_mixin.py:151} INFO - [2026-08-14T03:37:56.885+0000] {dagbag.py:536} INFO - Filling up the DagBag from /opt/airflow/dags/airflow.py
[2026-08-14T03:37:57.019+0000] {logging_mixin.py:151} INFO - [2026-08-14T03:37:57.019+0000] {dagbag.py:346} ERROR - Failed to import: /opt/airflow/dags/airflow.py
Traceback (most recent call last):
  File "/home/airflow/.local/lib/python3.8/site-packages/airflow/models/dagbag.py", line 342, in parse
    loader.exec_module(new_module)
  File "<frozen importlib._bootstrap_external>", line 843, in exec_module
  File "<frozen importlib._bootstrap>", line 219, in _call_with_frames_removed
  File "/opt/airflow/dags/airflow.py", line 23, in <module>
    from data_preprocessing_scripts.preprocessing import preprocess_data
ModuleNotFoundError: No module named 'data_preprocessing_scripts'
[2026-08-14T03:37:57.020+0000] {processor.py:841} WARNING - No viable dags retrieved from /opt/airflow/dags/airflow.py
[2026-08-14T03:37:57.026+0000] {processor.py:179} INFO - Processing /opt/airflow/dags/airflow.py took 0.145 seconds
[2026-08-14T03:38:27.268+0000] {processor.py:157} INFO - Started process (PID=14141) to work on /opt/airflow/dags/airflow.py
[2026-08-14T03:38:27.269+0000] {processor.py:829} INFO - Processing file /opt/airflow/dags/airflow.py for tasks to queue
[2026-08-14T03:38:27.271+0000] {logging_mixin.py:151} INFO - [2026-08-14T03:38:27.271+0000] {dagbag.py:536} INFO - Filling up the DagBag from /opt/airflow/dags/airflow.py
[2026-08-14T03:38:27.413+0000] {logging_mixin.py:151} INFO - [2026-08-14T03:38:27.412+0000] {dagbag.py:346} ERROR - Failed to import: /opt/airflow/dags/airflow.py
Traceback (most recent call last):
  File "/home/airflow/.local/lib/python3.8/site-packages/airflow/models/dagbag.py", line 342, in parse
    loader.exec_module(new_module)
  File "<frozen importlib._bootstrap_external>", line 843, in exec_module
  File "<frozen importlib._bootstrap>", line 219, in _call_with_frames_removed
  File "/opt/airflow/dags/airflow.py", line 23, in <module>
    from data_preprocessing_scripts.preprocessing import preprocess_data
ModuleNotFoundError: No module named 'data_preprocessing_scripts'
[2026-08-14T03:38:27.413+0000] {processor.py:841} WARNING - No viable dags retrieved from /opt/airflow/dags/airflow.py
[2026-08-14T03:38:27.420+0000] {processor.py:179} INFO - Processing /opt/airflow/dags/airflow.py took 0.156 seconds
[2026-08-14T03:38:57.630+0000] {processor.py:157} INFO - Started process (PID=14149) to work on /opt/airflow/dags/airflow.py
[2026-08-14T03:38:57.630+0000] {processor.py:829} INFO - Processing file /opt/airflow/dags/airflow.py for tasks to queue
[2026-08-14T03:38:57.632+0000] {logging_mixin.py:151} INFO - [2026-08-14T03:38:57.632+0000] {dagbag.py:536} INFO - Filling up the DagBag from /opt/airflow/dags/airflow.py
[2026-08-14T03:38:57.765+0000] {logging_mixin.py:151} INFO - [2026-08-14T03:38:57.765+0000] {dagbag.py:346} ERROR - Failed to import: /opt/airflow/dags/airflow.py
Traceback (most recent call last):
  File "/home/airflow/.local/lib/python3.8/site-packages/airflow/models/dagbag.py", line 342, in parse
    loader.exec_module(new_module)
  File "<frozen importlib._bootstrap_external>", line 843, in exec_module
  File "<frozen importlib._bootstrap>", line 219, in _call_with_frames_removed
  File "/opt/airflow/dags/airflow.py", line 23, in <module>
    from data_preprocessing_scripts.preprocessing import preprocess_data
ModuleNotFoundError: No module named 'data_preprocessing_scripts'
[2026-08-14T03:38:57.765+0000] {processor.py:841} WARNING - No viable dags retrieved from /opt/airflow/dags/airflow.py
[2026-08-14T03:38:57.772+0000] {processor.py:179} INFO - Processing /opt/airflow/dags/airflow.py took 0.145 seconds
[2026-08-14T03:39:27.998+0000] {processor.py:157} INFO - Started process (PID=14157) to work on /opt/airflow/dags/airflow.py
[2026-08-14T03:39:27.999+0000] {processor.py:829} INFO - Processing file /opt/airflow/dags/airflow.py for tasks to queue
[2026-08-14T03:39:28.001+0000] {logging_mixin.py:151} INFO - [2026-08-14T03:39:28.000+0000] {dagbag.py:536} INFO - Filling up the DagBag from /opt/airflow/dags/airflow.py
[2026-08-14T03:39:28.136+0000] {logging_mixin.py:151} INFO - [2026-08-14T03:39:28.136+0000] {dagbag.py:346} ERROR - Failed to import: /opt/airflow/dags/airflow.py
Traceback (most recent call last):
  File "/home/airflow/.local/lib/python3.8/site-packages/airflow/models/dagbag.py", line 342, in parse
    loader.exec_module(new_module)
  File "<frozen importlib._bootstrap_external>", line 843, in exec_module
  File "<frozen importlib._bootstrap>", line 219, in _call_with_frames_removed
  File "/opt/airflow/dags/airflow.py", line 23, in <module>
    from data_preprocessing_scripts.preprocessing import preprocess_data
ModuleNotFoundError: No module named 'data_preprocessing_scripts'
[2026-08-14T03:39:28.136+0000] {processor.py:841} WARNING - No viable dags retrieved from /opt/airflow/dags/airflow.py
[2026-08-14T03:39:28.142+0000] {processor.py:179} INFO - Processing /opt/airflow/dags/airflow.py took 0.147 seconds
[2026-08-14T03:39:58.406+0000] {processor.py:157} INFO - Started process (PID=14165) to work on /opt/airflow/dags/airflow.py
[2026-08-14T03:39:58.407+0000] {processor.py:829} INFO - Processing file /opt/airflow/dags/airflow.py for tasks to queue
[2026-08-14T03:39:58.409+0000] {logging_mixin.py:151} INFO - [2026-08-14T03:39:58.409+0000] {dagbag.py:536} INFO - Filling up the DagBag from /opt/airflow/dags/airflow.py
[2026-08-14T03:39:58.545+0000] {logging_mixin.py:151} INFO - [2026-08-14T03:39:58.545+0000] {dagbag.py:346} ERROR - Failed to import: /opt/airflow/dags/airflow.py
Traceback (most recent call last):
  File "/home/airflow/.local/lib/python3.8/site-packages/airflow/models/dagbag.py", line 342, in parse
    loader.exec_module(new_module)
  File "<frozen importlib._bootstrap_external>", line 843, in exec_module
  File "<frozen importlib._bootstrap>", line 219, in _call_with_frames_removed
  File "/opt/airflow/dags/airflow.py", line 23, in <module>
    from data_preprocessing_scripts.preprocessing import preprocess_data
ModuleNotFoundError: No module named 'data_preprocessing_scripts'
[2026-08-14T03:39:58.545+0000] {processor.py:841} WARNING - No viable dags retrieved from /opt/airflow/dags/airflow.py
[2026-08-14T03:39:58.551+0000] {processor.py:179} INFO - Processing /opt/airflow/dags/airflow.py took 0.148 seconds
[2026-08-14T03:40:28.776+0000] {processor.py:157} INFO - Started process (PID=14173) to work on /opt/airflow/dags/airflow.py
[2026-08-14T03:40:28.777+0000] {processor.py:829} INFO - Processing file /opt/airflow/dags/airflow.py for tasks to queue
[2026-08-14T03:40:28.779+0000] {logging_mixin.py:151} INFO - [2026-08-14T03:40:28.779+0000] {dagbag.py:536} INFO - Filling up the DagBag from /opt/airflow/dags/airflow.py
[2026-08-14T03:40:28.912+0000] {logging_mixin.py:151} INFO - [2026-08-14T03:40:28.912+0000] {dagbag.py:346} ERROR - Failed to import: /opt/airflow/dags/airflow.py
Traceback (most recent call last):
  File "/home/airflow/.local/lib/python3.8/site-packages/airflow/models/dagbag.py", line 342, in parse
    loader.exec_module(new_module)
  File "<frozen importlib._bootstrap_external>", line 843, in exec_module
  File "<frozen importlib._bootstrap>", line 219, in _call_with_frames_removed
  File "/opt/airflow/dags/airflow.py", line 23, in <module>
    from data_preprocessing_scripts.preprocessing import preprocess_data
ModuleNotFoundError: No module named 'data_preprocessing_scripts'
[2026-08-14T03:40:28.913+0000] {processor.py:841} WARNING - No viable dags retrieved from /opt/airflow/dags/airflow.py
[2026-08-14T03:40:28.919+0000] {processor.py:179} INFO - Processing /opt/airflow/dags/airflow.py took 0.147 seconds
[2026-08-14T03:40:59.146+0000] {processor.py:157} INFO - Started process (PID=14181) to work on /opt/airflow/dags/airflow.py
[2026-08-14T03:40:59.147+0000] {processor.py:829} INFO - Processing file /opt/airflow/dags/airflow.py for tasks to queue
[2026-08-14T03:40:59.148+0000] {logging_mixin.py:151} INFO - [2026-08-14T03:40:59.148+0000] {dagbag.py:536} INFO - Filling up the DagBag from /opt/airflow/dags/airflow.py
[2026-08-14T03:40:59.278+0000] {logging_mixin.py:151} INFO - [2026-08-14T03:40:59.278+0000] {dagbag.py:346} ERROR - Failed to import: /opt/airflow/dags/airflow.py
Traceback (most recent call last):
  File "/home/airflow/.local/lib/python3.8/site-packages/airflow/models/dagbag.py", line 342, in parse
    loader.exec_module(new_module)
  File "<frozen importlib._bootstrap_external>", line 843, in exec_module
  File "<frozen importlib._bootstrap>", line 219, in _call_with_frames_removed
  File "/opt/airflow/dags/airflow.py", line 23, in <module>
    from data_preprocessing_scripts.preprocessing import preprocess_data
ModuleNotFoundError: No module named 'data_preprocessing_scripts'
[2026-08-14T03:40:59.278+0000] {processor.py:841} WARNING - No viable dags retrieved from /opt/airflow/dags/airflow.py
[2026-08-14T03:40:59.285+0000] {processor.py:179} INFO - Processing /opt/airflow/dags/airflow.py took 0.142 seconds
[2026-08-14T03:41:29.531+0000] {processor.py:157} INFO - Started process (PID=14189) to work on /opt/airflow/dags/airflow.py
[2026-08-14T03:41:29.532+0000] {processor.py:829} INFO - Processing file /opt/airflow/dags/airflow.py for tasks to queue
[2026-08-14T03:41:29.535+0000] {logging_mixin.py:151} INFO - [2026-08-14T03:41:29.535+0000] {dagbag.py:536} INFO - Filling up the DagBag from /opt/airflow/dags/airflow.py
[2026-08-14T03:41:29.670+0000] {logging_mixin.py:151} INFO - [2026-08-14T03:41:29.670+0000] {dagbag.py:346} ERROR - Failed to import: /opt/airflow/dags/airflow.py
Traceback (most recent call last):
  File "/home/airflow/.local/lib/python3.8/site-packages/airflow/models/dagbag.py", line 342, in parse
    loader.exec_module(new_module)
  File "<frozen importlib._bootstrap_external>", line 843, in exec_module
  File "<frozen importlib._bootstrap>", line 219, in _call_with_frames_removed
  File "/opt/airflow/dags/airflow.py", line 23, in <module>
    from data_preprocessing_scripts.preprocessing import preprocess_data
ModuleNotFoundError: No module named 'data_preprocessing_scripts'
[2026-08-14T03:41:29.670+0000] {processor.py:841} WARNING - No viable dags retrieved from /opt/airflow/dags/airflow.py
[2026-08-14T03:41:29.677+0000] {processor.py:179} INFO - Processing /opt/airflow/dags/airflow.py took 0.150 seconds
[2026-08-14T03:41:59.861+0000] {processor.py:157} INFO - Started process (PID=14197) to work on /opt/airflow/dags/airflow.py
[2026-08-14T03:41:59.862+0000] {processor.py:829} INFO - Processing file /opt/airflow/dags/airflow.py for tasks to queue
[2026-08-14T03:41:59.863+0000] {logging_mixin.py:151} INFO - [2026-08-14T03:41:59.863+0000] {dagbag.py:536} INFO - Filling up the DagBag from /opt/airflow/dags/airflow.py
[2026-08-14T03:41:59.997+0000] {logging_mixin.py:151} INFO - [2026-08-14T03:41:59.997+0000] {dagbag.py:346} ERROR - Failed to import: /opt/airflow/dags/airflow.py
Traceback (most recent call last):
  File "/home/airflow/.local/lib/python3.8/site-packages/airflow/models/dagbag.py", line 342, in parse
    loader.exec_module(new_module)
  File "<frozen importlib._bootstrap_external>", line 843, in exec_module
  File "<frozen importlib._bootstrap>", line 219, in _call_with_frames_removed
  File "/opt/airflow/dags/airflow.py", line 23, in <module>
    from data_preprocessing_scripts.preprocessing import preprocess_data
ModuleNotFoundError: No module named 'data_preprocessing_scripts'
[2026-08-14T03:41:59.997+0000] {processor.py:841} WARNING - No viable dags retrieved from /opt/airflow/dags/airflow.py
[2026-08-14T03:42:00.004+0000] {processor.py:179} INFO - Processing /opt/airflow/dags/airflow.py took 0.146 seconds
[2026-08-14T03:42:30.162+0000] {processor.py:157} INFO - Started process (PID=14205) to work on /opt/airflow/dags/airflow.py
[2026-08-14T03:42:30.162+0000] {processor.py:829} INFO - Processing file /opt/airflow/dags/airflow.py for tasks to queue
[2026-08-14T03:42:30.164+0000] {logging_mixin.py:151} INFO - [2026-08-14T03:42:30.163+0000] {dagbag.py:536} INFO - Filling up the DagBag from /opt/airflow/dags/airflow.py
[2026-08-14T03:42:30.287+0000] {logging_mixin.py:151} INFO - [2026-08-14T03:42:30.287+0000] {dagbag.py:346} ERROR - Failed to import: /opt/airflow/dags/airflow.py
Traceback (most recent call last):
  File "/home/airflow/.local/lib/python3.8/site-packages/airflow/models/dagbag.py", line 342, in parse
    loader.exec_module(new_module)
  File "<frozen importlib._bootstrap_external>", line 843, in exec_module
  File "<frozen importlib._bootstrap>", line 219, in _call_with_frames_removed
  File "/opt/airflow/dags/airflow.py", line 23, in <module>
    from data_preprocessing_scripts.preprocessing import preprocess_data
ModuleNotFoundError: No module named 'data_preprocessing_scripts'
[2026-08-14T03:42:30.287+0000] {processor.py:841} WARNING - No viable dags retrieved from /opt/airflow/dags/airflow.py
[2026-08-14T03:42:30.294+0000] {processor.py:179} INFO - Processing /opt/airflow/dags/airflow.py took 0.135 seconds
[2026-08-14T03:43:00.514+0000] {processor.py:157} INFO - Started process (PID=14213) to work on /opt/airflow/dags/airflow.py
[2026-08-14T03:43:00.514+0000] {processor.py:829} INFO - Processing file /opt/airflow/dags/airflow.py for tasks to queue
[2026-08-14T03:43:00.515+0000] {logging_mixin.py:151} INFO - [2026-08-14T03:43:00.515+0000] {dagbag.py:536} INFO - Filling up the DagBag from /opt/airflow/dags/airflow.py
[2026-08-14T03:43:00.638+0000] {logging_mixin.py:151} INFO - [2026-08-14T03:43:00.637+0000] {dagbag.py:346} ERROR - Failed to import: /opt/airflow/dags/airflow.py
Traceback (most recent call last):
  File "/home/airflow/.local/lib/python3.8/site-packages/airflow/models/dagbag.py", line 342, in parse
    loader.exec_module(new_module)
  File "<frozen importlib._bootstrap_external>", line 843, in exec_module
  File "<frozen importlib._bootstrap>", line 219, in _call_with_frames_removed
  File "/opt/airflow/dags/airflow.py", line 23, in <module>
    from data_preprocessing_scripts.preprocessing import preprocess_data
ModuleNotFoundError: No module named 'data_preprocessing_scripts'
[2026-08-14T03:43:00.638+0000] {processor.py:841} WARNING - No viable dags retrieved from /opt/airflow/dags/airflow.py
[2026-08-14T03:43:00.644+0000] {processor.py:179} INFO - Processing /opt/airflow/dags/airflow.py took 0.133 seconds
[2026-08-14T03:43:30.874+0000] {processor.py:157} INFO - Started process (PID=14221) to work on /opt/airflow/dags/airflow.py
[2026-08-14T03:43:30.875+0000] {processor.py:829} INFO - Processing file /opt/airflow/dags/airflow.py for tasks to queue
[2026-08-14T03:43:30.878+0000] {logging_mixin.py:151} INFO - [2026-08-14T03:43:30.878+0000] {dagbag.py:536} INFO - Filling up the DagBag from /opt/airflow/dags/airflow.py
[2026-08-14T03:43:31.013+0000] {logging_mixin.py:151} INFO - [2026-08-14T03:43:31.012+0000] {dagbag.py:346} ERROR - Failed to import: /opt/airflow/dags/airflow.py
Traceback (most recent call last):
  File "/home/airflow/.local/lib/python3.8/site-packages/airflow/models/dagbag.py", line 342, in parse
    loader.exec_module(new_module)
  File "<frozen importlib._bootstrap_external>", line 843, in exec_module
  File "<frozen importlib._bootstrap>", line 219, in _call_with_frames_removed
  File "/opt/airflow/dags/airflow.py", line 23, in <module>
    from data_preprocessing_scripts.preprocessing import preprocess_data
ModuleNotFoundError: No module named 'data_preprocessing_scripts'
[2026-08-14T03:43:31.013+0000] {processor.py:841} WARNING - No viable dags retrieved from /opt/airflow/dags/airflow.py
[2026-08-14T03:43:31.019+0000] {processor.py:179} INFO - Processing /opt/airflow/dags/airflow.py took 0.149 seconds
[2026-08-14T03:44:01.270+0000] {processor.py:157} INFO - Started process (PID=14229) to work on /opt/airflow/dags/airflow.py
[2026-08-14T03:44:01.271+0000] {processor.py:829} INFO - Processing file /opt/airflow/dags/airflow.py for tasks to queue
[2026-08-14T03:44:01.272+0000] {logging_mixin.py:151} INFO - [2026-08-14T03:44:01.272+0000] {dagbag.py:536} INFO - Filling up the DagBag from /opt/airflow/dags/airflow.py
[2026-08-14T03:44:01.401+0000] {logging_mixin.py:151} INFO - [2026-08-14T03:44:01.400+0000] {dagbag.py:346} ERROR - Failed to import: /opt/airflow/dags/airflow.py
Traceback (most recent call last):
  File "/home/airflow/.local/lib/python3.8/site-packages/airflow/models/dagbag.py", line 342, in parse
    loader.exec_module(new_module)
  File "<frozen importlib._bootstrap_external>", line 843, in exec_module
  File "<frozen importlib._bootstrap>", line 219, in _call_with_frames_removed
  File "/opt/airflow/dags/airflow.py", line 23, in <module>
    from data_preprocessing_scripts.preprocessing import preprocess_data
ModuleNotFoundError: No module named 'data_preprocessing_scripts'
[2026-08-14T03:44:01.401+0000] {processor.py:841} WARNING - No viable dags retrieved from /opt/airflow/dags/airflow.py
[2026-08-14T03:44:01.407+0000] {processor.py:179} INFO - Processing /opt/airflow/dags/airflow.py took 0.140 seconds
[2026-08-14T03:44:31.652+0000] {processor.py:157} INFO - Started process (PID=14237) to work on /opt/airflow/dags/airflow.py
[2026-08-14T03:44:31.653+0000] {processor.py:829} INFO - Processing file /opt/airflow/dags/airflow.py for tasks to queue
[2026-08-14T03:44:31.655+0000] {logging_mixin.py:151} INFO - [2026-08-14T03:44:31.654+0000] {dagbag.py:536} INFO - Filling up the DagBag from /opt/airflow/dags/airflow.py
[2026-08-14T03:44:31.784+0000] {logging_mixin.py:151} INFO - [2026-08-14T03:44:31.783+0000] {dagbag.py:346} ERROR - Failed to import: /opt/airflow/dags/airflow.py
Traceback (most recent call last):
  File "/home/airflow/.local/lib/python3.8/site-packages/airflow/models/dagbag.py", line 342, in parse
    loader.exec_module(new_module)
  File "<frozen importlib._bootstrap_external>", line 843, in exec_module
  File "<frozen importlib._bootstrap>", line 219, in _call_with_frames_removed
  File "/opt/airflow/dags/airflow.py", line 23, in <module>
    from data_preprocessing_scripts.preprocessing import preprocess_data
ModuleNotFoundError: No module named 'data_preprocessing_scripts'
[2026-08-14T03:44:31.784+0000] {processor.py:841} WARNING - No viable dags retrieved from /opt/airflow/dags/airflow.py
[2026-08-14T03:44:31.790+0000] {processor.py:179} INFO - Processing /opt/airflow/dags/airflow.py took 0.143 seconds
[2026-08-14T03:45:01.997+0000] {processor.py:157} INFO - Started process (PID=14245) to work on /opt/airflow/dags/airflow.py
[2026-08-14T03:45:01.997+0000] {processor.py:829} INFO - Processing file /opt/airflow/dags/airflow.py for tasks to queue
[2026-08-14T03:45:01.999+0000] {logging_mixin.py:151} INFO - [2026-08-14T03:45:01.999+0000] {dagbag.py:536} INFO - Filling up the DagBag from /opt/airflow/dags/airflow.py
[2026-08-14T03:45:02.130+0000] {logging_mixin.py:151} INFO - [2026-08-14T03:45:02.129+0000] {dagbag.py:346} ERROR - Failed to import: /opt/airflow/dags/airflow.py
Traceback (most recent call last):
  File "/home/airflow/.local/lib/python3.8/site-packages/airflow/models/dagbag.py", line 342, in parse
    loader.exec_module(new_module)
  File "<frozen importlib._bootstrap_external>", line 843, in exec_module
  File "<frozen importlib._bootstrap>", line 219, in _call_with_frames_removed
  File "/opt/airflow/dags/airflow.py", line 23, in <module>
    from data_preprocessing_scripts.preprocessing import preprocess_data
ModuleNotFoundError: No module named 'data_preprocessing_scripts'
[2026-08-14T03:45:02.130+0000] {processor.py:841} WARNING - No viable dags retrieved from /opt/airflow/dags/airflow.py
[2026-08-14T03:45:02.136+0000] {processor.py:179} INFO - Processing /opt/airflow/dags/airflow.py took 0.143 seconds
[2026-08-14T03:45:32.413+0000] {processor.py:157} INFO - Started process (PID=14253) to work on /opt/airflow/dags/airflow.py
[2026-08-14T03:45:32.414+0000] {processor.py:829} INFO - Processing file /opt/airflow/dags/airflow.py for tasks to queue
[2026-08-14T03:45:32.417+0000] {logging_mixin.py:151} INFO - [2026-08-14T03:45:32.417+0000] {dagbag.py:536} INFO - Filling up the DagBag from /opt/airflow/dags/airflow.py
[2026-08-14T03:45:32.572+0000] {logging_mixin.py:151} INFO - [2026-08-14T03:45:32.572+0000] {dagbag.py:346} ERROR - Failed to import: /opt/airflow/dags/airflow.py
Traceback (most recent call last):
  File "/home/airflow/.local/lib/python3.8/site-packages/airflow/models/dagbag.py", line 342, in parse
    loader.exec_module(new_module)
  File "<frozen importlib._bootstrap_external>", line 843, in exec_module
  File "<frozen importlib._bootstrap>", line 219, in _call_with_frames_removed
  File "/opt/airflow/dags/airflow.py", line 23, in <module>
    from data_preprocessing_scripts.preprocessing import preprocess_data
ModuleNotFoundError: No module named 'data_preprocessing_scripts'
[2026-08-14T03:45:32.573+0000] {processor.py:841} WARNING - No viable dags retrieved from /opt/airflow/dags/airflow.py
[2026-08-14T03:45:32.580+0000] {processor.py:179} INFO - Processing /opt/airflow/dags/airflow.py took 0.170 seconds
[2026-08-14T03:46:02.716+0000] {processor.py:157} INFO - Started process (PID=14261) to work on /opt/airflow/dags/airflow.py
[2026-08-14T03:46:02.716+0000] {processor.py:829} INFO - Processing file /opt/airflow/dags/airflow.py for tasks to queue
[2026-08-14T03:46:02.721+0000] {logging_mixin.py:151} INFO - [2026-08-14T03:46:02.721+0000] {dagbag.py:536} INFO - Filling up the DagBag from /opt/airflow/dags/airflow.py
[2026-08-14T03:46:02.917+0000] {logging_mixin.py:151} INFO - [2026-08-14T03:46:02.916+0000] {dagbag.py:346} ERROR - Failed to import: /opt/airflow/dags/airflow.py
Traceback (most recent call last):
  File "/home/airflow/.local/lib/python3.8/site-packages/airflow/models/dagbag.py", line 342, in parse
    loader.exec_module(new_module)
  File "<frozen importlib._bootstrap_external>", line 843, in exec_module
  File "<frozen importlib._bootstrap>", line 219, in _call_with_frames_removed
  File "/opt/airflow/dags/airflow.py", line 23, in <module>
    from data_preprocessing_scripts.preprocessing import preprocess_data
ModuleNotFoundError: No module named 'data_preprocessing_scripts'
[2026-08-14T03:46:02.917+0000] {processor.py:841} WARNING - No viable dags retrieved from /opt/airflow/dags/airflow.py
[2026-08-14T03:46:02.926+0000] {processor.py:179} INFO - Processing /opt/airflow/dags/airflow.py took 0.214 seconds
[2026-08-14T03:46:33.001+0000] {processor.py:157} INFO - Started process (PID=14269) to work on /opt/airflow/dags/airflow.py
[2026-08-14T03:46:33.002+0000] {processor.py:829} INFO - Processing file /opt/airflow/dags/airflow.py for tasks to queue
[2026-08-14T03:46:33.003+0000] {logging_mixin.py:151} INFO - [2026-08-14T03:46:33.003+0000] {dagbag.py:536} INFO - Filling up the DagBag from /opt/airflow/dags/airflow.py
[2026-08-14T03:46:33.137+0000] {logging_mixin.py:151} INFO - [2026-08-14T03:46:33.136+0000] {dagbag.py:346} ERROR - Failed to import: /opt/airflow/dags/airflow.py
Traceback (most recent call last):
  File "/home/airflow/.local/lib/python3.8/site-packages/airflow/models/dagbag.py", line 342, in parse
    loader.exec_module(new_module)
  File "<frozen importlib._bootstrap_external>", line 843, in exec_module
  File "<frozen importlib._bootstrap>", line 219, in _call_with_frames_removed
  File "/opt/airflow/dags/airflow.py", line 23, in <module>
    from data_preprocessing_scripts.preprocessing import preprocess_data
ModuleNotFoundError: No module named 'data_preprocessing_scripts'
[2026-08-14T03:46:33.137+0000] {processor.py:841} WARNING - No viable dags retrieved from /opt/airflow/dags/airflow.py
[2026-08-14T03:46:33.143+0000] {processor.py:179} INFO - Processing /opt/airflow/dags/airflow.py took 0.145 seconds
[2026-08-14T03:47:03.304+0000] {processor.py:157} INFO - Started process (PID=14277) to work on /opt/airflow/dags/airflow.py
[2026-08-14T03:47:03.304+0000] {processor.py:829} INFO - Processing file /opt/airflow/dags/airflow.py for tasks to queue
[2026-08-14T03:47:03.307+0000] {logging_mixin.py:151} INFO - [2026-08-14T03:47:03.307+0000] {dagbag.py:536} INFO - Filling up the DagBag from /opt/airflow/dags/airflow.py
[2026-08-14T03:47:03.452+0000] {logging_mixin.py:151} INFO - [2026-08-14T03:47:03.451+0000] {dagbag.py:346} ERROR - Failed to import: /opt/airflow/dags/airflow.py
Traceback (most recent call last):
  File "/home/airflow/.local/lib/python3.8/site-packages/airflow/models/dagbag.py", line 342, in parse
    loader.exec_module(new_module)
  File "<frozen importlib._bootstrap_external>", line 843, in exec_module
  File "<frozen importlib._bootstrap>", line 219, in _call_with_frames_removed
  File "/opt/airflow/dags/airflow.py", line 23, in <module>
    from data_preprocessing_scripts.preprocessing import preprocess_data
ModuleNotFoundError: No module named 'data_preprocessing_scripts'
[2026-08-14T03:47:03.452+0000] {processor.py:841} WARNING - No viable dags retrieved from /opt/airflow/dags/airflow.py
[2026-08-14T03:47:03.459+0000] {processor.py:179} INFO - Processing /opt/airflow/dags/airflow.py took 0.158 seconds
[2026-08-14T03:47:33.595+0000] {processor.py:157} INFO - Started process (PID=14285) to work on /opt/airflow/dags/airflow.py
[2026-08-14T03:47:33.596+0000] {processor.py:829} INFO - Processing file /opt/airflow/dags/airflow.py for tasks to queue
[2026-08-14T03:47:33.598+0000] {logging_mixin.py:151} INFO - [2026-08-14T03:47:33.598+0000] {dagbag.py:536} INFO - Filling up the DagBag from /opt/airflow/dags/airflow.py
[2026-08-14T03:47:33.738+0000] {logging_mixin.py:151} INFO - [2026-08-14T03:47:33.737+0000] {dagbag.py:346} ERROR - Failed to import: /opt/airflow/dags/airflow.py
Traceback (most recent call last):
  File "/home/airflow/.local/lib/python3.8/site-packages/airflow/models/dagbag.py", line 342, in parse
    loader.exec_module(new_module)
  File "<frozen importlib._bootstrap_external>", line 843, in exec_module
  File "<frozen importlib._bootstrap>", line 219, in _call_with_frames_removed
  File "/opt/airflow/dags/airflow.py", line 23, in <module>
    from data_preprocessing_scripts.preprocessing import preprocess_data
ModuleNotFoundError: No module named 'data_preprocessing_scripts'
[2026-08-14T03:47:33.738+0000] {processor.py:841} WARNING - No viable dags retrieved from /opt/airflow/dags/airflow.py
[2026-08-14T03:47:33.745+0000] {processor.py:179} INFO - Processing /opt/airflow/dags/airflow.py took 0.153 seconds
[2026-08-14T03:48:03.920+0000] {processor.py:157} INFO - Started process (PID=14293) to work on /opt/airflow/dags/airflow.py
[2026-08-14T03:48:03.921+0000] {processor.py:829} INFO - Processing file /opt/airflow/dags/airflow.py for tasks to queue
[2026-08-14T03:48:03.922+0000] {logging_mixin.py:151} INFO - [2026-08-14T03:48:03.922+0000] {dagbag.py:536} INFO - Filling up the DagBag from /opt/airflow/dags/airflow.py
[2026-08-14T03:48:04.054+0000] {logging_mixin.py:151} INFO - [2026-08-14T03:48:04.054+0000] {dagbag.py:346} ERROR - Failed to import: /opt/airflow/dags/airflow.py
Traceback (most recent call last):
  File "/home/airflow/.local/lib/python3.8/site-packages/airflow/models/dagbag.py", line 342, in parse
    loader.exec_module(new_module)
  File "<frozen importlib._bootstrap_external>", line 843, in exec_module
  File "<frozen importlib._bootstrap>", line 219, in _call_with_frames_removed
  File "/opt/airflow/dags/airflow.py", line 23, in <module>
    from data_preprocessing_scripts.preprocessing import preprocess_data
ModuleNotFoundError: No module named 'data_preprocessing_scripts'
[2026-08-14T03:48:04.056+0000] {processor.py:841} WARNING - No viable dags retrieved from /opt/airflow/dags/airflow.py
[2026-08-14T03:48:04.062+0000] {processor.py:179} INFO - Processing /opt/airflow/dags/airflow.py took 0.144 seconds
[2026-08-14T03:48:34.246+0000] {processor.py:157} INFO - Started process (PID=14301) to work on /opt/airflow/dags/airflow.py
[2026-08-14T03:48:34.247+0000] {processor.py:829} INFO - Processing file /opt/airflow/dags/airflow.py for tasks to queue
[2026-08-14T03:48:34.249+0000] {logging_mixin.py:151} INFO - [2026-08-14T03:48:34.249+0000] {dagbag.py:536} INFO - Filling up the DagBag from /opt/airflow/dags/airflow.py
[2026-08-14T03:48:34.381+0000] {logging_mixin.py:151} INFO - [2026-08-14T03:48:34.380+0000] {dagbag.py:346} ERROR - Failed to import: /opt/airflow/dags/airflow.py
Traceback (most recent call last):
  File "/home/airflow/.local/lib/python3.8/site-packages/airflow/models/dagbag.py", line 342, in parse
    loader.exec_module(new_module)
  File "<frozen importlib._bootstrap_external>", line 843, in exec_module
  File "<frozen importlib._bootstrap>", line 219, in _call_with_frames_removed
  File "/opt/airflow/dags/airflow.py", line 23, in <module>
    from data_preprocessing_scripts.preprocessing import preprocess_data
ModuleNotFoundError: No module named 'data_preprocessing_scripts'
[2026-08-14T03:48:34.381+0000] {processor.py:841} WARNING - No viable dags retrieved from /opt/airflow/dags/airflow.py
[2026-08-14T03:48:34.387+0000] {processor.py:179} INFO - Processing /opt/airflow/dags/airflow.py took 0.145 seconds
[2026-08-14T03:49:04.578+0000] {processor.py:157} INFO - Started process (PID=14309) to work on /opt/airflow/dags/airflow.py
[2026-08-14T03:49:04.579+0000] {processor.py:829} INFO - Processing file /opt/airflow/dags/airflow.py for tasks to queue
[2026-08-14T03:49:04.580+0000] {logging_mixin.py:151} INFO - [2026-08-14T03:49:04.580+0000] {dagbag.py:536} INFO - Filling up the DagBag from /opt/airflow/dags/airflow.py
[2026-08-14T03:49:04.706+0000] {logging_mixin.py:151} INFO - [2026-08-14T03:49:04.705+0000] {dagbag.py:346} ERROR - Failed to import: /opt/airflow/dags/airflow.py
Traceback (most recent call last):
  File "/home/airflow/.local/lib/python3.8/site-packages/airflow/models/dagbag.py", line 342, in parse
    loader.exec_module(new_module)
  File "<frozen importlib._bootstrap_external>", line 843, in exec_module
  File "<frozen importlib._bootstrap>", line 219, in _call_with_frames_removed
  File "/opt/airflow/dags/airflow.py", line 23, in <module>
    from data_preprocessing_scripts.preprocessing import preprocess_data
ModuleNotFoundError: No module named 'data_preprocessing_scripts'
[2026-08-14T03:49:04.706+0000] {processor.py:841} WARNING - No viable dags retrieved from /opt/airflow/dags/airflow.py
[2026-08-14T03:49:04.712+0000] {processor.py:179} INFO - Processing /opt/airflow/dags/airflow.py took 0.137 seconds
[2026-08-14T03:49:34.899+0000] {processor.py:157} INFO - Started process (PID=14317) to work on /opt/airflow/dags/airflow.py
[2026-08-14T03:49:34.900+0000] {processor.py:829} INFO - Processing file /opt/airflow/dags/airflow.py for tasks to queue
[2026-08-14T03:49:34.902+0000] {logging_mixin.py:151} INFO - [2026-08-14T03:49:34.902+0000] {dagbag.py:536} INFO - Filling up the DagBag from /opt/airflow/dags/airflow.py
[2026-08-14T03:49:35.041+0000] {logging_mixin.py:151} INFO - [2026-08-14T03:49:35.040+0000] {dagbag.py:346} ERROR - Failed to import: /opt/airflow/dags/airflow.py
Traceback (most recent call last):
  File "/home/airflow/.local/lib/python3.8/site-packages/airflow/models/dagbag.py", line 342, in parse
    loader.exec_module(new_module)
  File "<frozen importlib._bootstrap_external>", line 843, in exec_module
  File "<frozen importlib._bootstrap>", line 219, in _call_with_frames_removed
  File "/opt/airflow/dags/airflow.py", line 23, in <module>
    from data_preprocessing_scripts.preprocessing import preprocess_data
ModuleNotFoundError: No module named 'data_preprocessing_scripts'
[2026-08-14T03:49:35.041+0000] {processor.py:841} WARNING - No viable dags retrieved from /opt/airflow/dags/airflow.py
[2026-08-14T03:49:35.048+0000] {processor.py:179} INFO - Processing /opt/airflow/dags/airflow.py took 0.153 seconds
[2026-08-14T03:50:05.189+0000] {processor.py:157} INFO - Started process (PID=14325) to work on /opt/airflow/dags/airflow.py
[2026-08-14T03:50:05.190+0000] {processor.py:829} INFO - Processing file /opt/airflow/dags/airflow.py for tasks to queue
[2026-08-14T03:50:05.191+0000] {logging_mixin.py:151} INFO - [2026-08-14T03:50:05.191+0000] {dagbag.py:536} INFO - Filling up the DagBag from /opt/airflow/dags/airflow.py
[2026-08-14T03:50:05.325+0000] {logging_mixin.py:151} INFO - [2026-08-14T03:50:05.324+0000] {dagbag.py:346} ERROR - Failed to import: /opt/airflow/dags/airflow.py
Traceback (most recent call last):
  File "/home/airflow/.local/lib/python3.8/site-packages/airflow/models/dagbag.py", line 342, in parse
    loader.exec_module(new_module)
  File "<frozen importlib._bootstrap_external>", line 843, in exec_module
  File "<frozen importlib._bootstrap>", line 219, in _call_with_frames_removed
  File "/opt/airflow/dags/airflow.py", line 23, in <module>
    from data_preprocessing_scripts.preprocessing import preprocess_data
ModuleNotFoundError: No module named 'data_preprocessing_scripts'
[2026-08-14T03:50:05.325+0000] {processor.py:841} WARNING - No viable dags retrieved from /opt/airflow/dags/airflow.py
[2026-08-14T03:50:05.332+0000] {processor.py:179} INFO - Processing /opt/airflow/dags/airflow.py took 0.145 seconds
[2026-08-14T03:50:35.520+0000] {processor.py:157} INFO - Started process (PID=14333) to work on /opt/airflow/dags/airflow.py
[2026-08-14T03:50:35.521+0000] {processor.py:829} INFO - Processing file /opt/airflow/dags/airflow.py for tasks to queue
[2026-08-14T03:50:35.524+0000] {logging_mixin.py:151} INFO - [2026-08-14T03:50:35.523+0000] {dagbag.py:536} INFO - Filling up the DagBag from /opt/airflow/dags/airflow.py
[2026-08-14T03:50:35.665+0000] {logging_mixin.py:151} INFO - [2026-08-14T03:50:35.664+0000] {dagbag.py:346} ERROR - Failed to import: /opt/airflow/dags/airflow.py
Traceback (most recent call last):
  File "/home/airflow/.local/lib/python3.8/site-packages/airflow/models/dagbag.py", line 342, in parse
    loader.exec_module(new_module)
  File "<frozen importlib._bootstrap_external>", line 843, in exec_module
  File "<frozen importlib._bootstrap>", line 219, in _call_with_frames_removed
  File "/opt/airflow/dags/airflow.py", line 23, in <module>
    from data_preprocessing_scripts.preprocessing import preprocess_data
ModuleNotFoundError: No module named 'data_preprocessing_scripts'
[2026-08-14T03:50:35.665+0000] {processor.py:841} WARNING - No viable dags retrieved from /opt/airflow/dags/airflow.py
[2026-08-14T03:50:35.671+0000] {processor.py:179} INFO - Processing /opt/airflow/dags/airflow.py took 0.156 seconds
[2026-08-14T03:51:05.862+0000] {processor.py:157} INFO - Started process (PID=14341) to work on /opt/airflow/dags/airflow.py
[2026-08-14T03:51:05.864+0000] {processor.py:829} INFO - Processing file /opt/airflow/dags/airflow.py for tasks to queue
[2026-08-14T03:51:05.866+0000] {logging_mixin.py:151} INFO - [2026-08-14T03:51:05.866+0000] {dagbag.py:536} INFO - Filling up the DagBag from /opt/airflow/dags/airflow.py
[2026-08-14T03:51:05.993+0000] {logging_mixin.py:151} INFO - [2026-08-14T03:51:05.993+0000] {dagbag.py:346} ERROR - Failed to import: /opt/airflow/dags/airflow.py
Traceback (most recent call last):
  File "/home/airflow/.local/lib/python3.8/site-packages/airflow/models/dagbag.py", line 342, in parse
    loader.exec_module(new_module)
  File "<frozen importlib._bootstrap_external>", line 843, in exec_module
  File "<frozen importlib._bootstrap>", line 219, in _call_with_frames_removed
  File "/opt/airflow/dags/airflow.py", line 23, in <module>
    from data_preprocessing_scripts.preprocessing import preprocess_data
ModuleNotFoundError: No module named 'data_preprocessing_scripts'
[2026-08-14T03:51:05.993+0000] {processor.py:841} WARNING - No viable dags retrieved from /opt/airflow/dags/airflow.py
[2026-08-14T03:51:06.000+0000] {processor.py:179} INFO - Processing /opt/airflow/dags/airflow.py took 0.141 seconds
[2026-08-14T03:51:36.182+0000] {processor.py:157} INFO - Started process (PID=14349) to work on /opt/airflow/dags/airflow.py
[2026-08-14T03:51:36.183+0000] {processor.py:829} INFO - Processing file /opt/airflow/dags/airflow.py for tasks to queue
[2026-08-14T03:51:36.186+0000] {logging_mixin.py:151} INFO - [2026-08-14T03:51:36.185+0000] {dagbag.py:536} INFO - Filling up the DagBag from /opt/airflow/dags/airflow.py
[2026-08-14T03:51:36.324+0000] {logging_mixin.py:151} INFO - [2026-08-14T03:51:36.323+0000] {dagbag.py:346} ERROR - Failed to import: /opt/airflow/dags/airflow.py
Traceback (most recent call last):
  File "/home/airflow/.local/lib/python3.8/site-packages/airflow/models/dagbag.py", line 342, in parse
    loader.exec_module(new_module)
  File "<frozen importlib._bootstrap_external>", line 843, in exec_module
  File "<frozen importlib._bootstrap>", line 219, in _call_with_frames_removed
  File "/opt/airflow/dags/airflow.py", line 23, in <module>
    from data_preprocessing_scripts.preprocessing import preprocess_data
ModuleNotFoundError: No module named 'data_preprocessing_scripts'
[2026-08-14T03:51:36.324+0000] {processor.py:841} WARNING - No viable dags retrieved from /opt/airflow/dags/airflow.py
[2026-08-14T03:51:36.332+0000] {processor.py:179} INFO - Processing /opt/airflow/dags/airflow.py took 0.153 seconds
[2026-08-14T03:52:06.464+0000] {processor.py:157} INFO - Started process (PID=14357) to work on /opt/airflow/dags/airflow.py
[2026-08-14T03:52:06.465+0000] {processor.py:829} INFO - Processing file /opt/airflow/dags/airflow.py for tasks to queue
[2026-08-14T03:52:06.466+0000] {logging_mixin.py:151} INFO - [2026-08-14T03:52:06.466+0000] {dagbag.py:536} INFO - Filling up the DagBag from /opt/airflow/dags/airflow.py
[2026-08-14T03:52:06.601+0000] {logging_mixin.py:151} INFO - [2026-08-14T03:52:06.601+0000] {dagbag.py:346} ERROR - Failed to import: /opt/airflow/dags/airflow.py
Traceback (most recent call last):
  File "/home/airflow/.local/lib/python3.8/site-packages/airflow/models/dagbag.py", line 342, in parse
    loader.exec_module(new_module)
  File "<frozen importlib._bootstrap_external>", line 843, in exec_module
  File "<frozen importlib._bootstrap>", line 219, in _call_with_frames_removed
  File "/opt/airflow/dags/airflow.py", line 23, in <module>
    from data_preprocessing_scripts.preprocessing import preprocess_data
ModuleNotFoundError: No module named 'data_preprocessing_scripts'
[2026-08-14T03:52:06.601+0000] {processor.py:841} WARNING - No viable dags retrieved from /opt/airflow/dags/airflow.py
[2026-08-14T03:52:06.608+0000] {processor.py:179} INFO - Processing /opt/airflow/dags/airflow.py took 0.146 seconds
[2026-08-14T03:52:36.710+0000] {processor.py:157} INFO - Started process (PID=14365) to work on /opt/airflow/dags/airflow.py
[2026-08-14T03:52:36.710+0000] {processor.py:829} INFO - Processing file /opt/airflow/dags/airflow.py for tasks to queue
[2026-08-14T03:52:36.712+0000] {logging_mixin.py:151} INFO - [2026-08-14T03:52:36.711+0000] {dagbag.py:536} INFO - Filling up the DagBag from /opt/airflow/dags/airflow.py
[2026-08-14T03:52:36.851+0000] {logging_mixin.py:151} INFO - [2026-08-14T03:52:36.851+0000] {dagbag.py:346} ERROR - Failed to import: /opt/airflow/dags/airflow.py
Traceback (most recent call last):
  File "/home/airflow/.local/lib/python3.8/site-packages/airflow/models/dagbag.py", line 342, in parse
    loader.exec_module(new_module)
  File "<frozen importlib._bootstrap_external>", line 843, in exec_module
  File "<frozen importlib._bootstrap>", line 219, in _call_with_frames_removed
  File "/opt/airflow/dags/airflow.py", line 23, in <module>
    from data_preprocessing_scripts.preprocessing import preprocess_data
ModuleNotFoundError: No module named 'data_preprocessing_scripts'
[2026-08-14T03:52:36.852+0000] {processor.py:841} WARNING - No viable dags retrieved from /opt/airflow/dags/airflow.py
[2026-08-14T03:52:36.858+0000] {processor.py:179} INFO - Processing /opt/airflow/dags/airflow.py took 0.151 seconds
[2026-08-14T03:53:06.958+0000] {processor.py:157} INFO - Started process (PID=14373) to work on /opt/airflow/dags/airflow.py
[2026-08-14T03:53:06.959+0000] {processor.py:829} INFO - Processing file /opt/airflow/dags/airflow.py for tasks to queue
[2026-08-14T03:53:06.960+0000] {logging_mixin.py:151} INFO - [2026-08-14T03:53:06.960+0000] {dagbag.py:536} INFO - Filling up the DagBag from /opt/airflow/dags/airflow.py
[2026-08-14T03:53:07.093+0000] {logging_mixin.py:151} INFO - [2026-08-14T03:53:07.092+0000] {dagbag.py:346} ERROR - Failed to import: /opt/airflow/dags/airflow.py
Traceback (most recent call last):
  File "/home/airflow/.local/lib/python3.8/site-packages/airflow/models/dagbag.py", line 342, in parse
    loader.exec_module(new_module)
  File "<frozen importlib._bootstrap_external>", line 843, in exec_module
  File "<frozen importlib._bootstrap>", line 219, in _call_with_frames_removed
  File "/opt/airflow/dags/airflow.py", line 23, in <module>
    from data_preprocessing_scripts.preprocessing import preprocess_data
ModuleNotFoundError: No module named 'data_preprocessing_scripts'
[2026-08-14T03:53:07.093+0000] {processor.py:841} WARNING - No viable dags retrieved from /opt/airflow/dags/airflow.py
[2026-08-14T03:53:07.100+0000] {processor.py:179} INFO - Processing /opt/airflow/dags/airflow.py took 0.146 seconds
[2026-08-14T03:53:37.245+0000] {processor.py:157} INFO - Started process (PID=14381) to work on /opt/airflow/dags/airflow.py
[2026-08-14T03:53:37.246+0000] {processor.py:829} INFO - Processing file /opt/airflow/dags/airflow.py for tasks to queue
[2026-08-14T03:53:37.249+0000] {logging_mixin.py:151} INFO - [2026-08-14T03:53:37.249+0000] {dagbag.py:536} INFO - Filling up the DagBag from /opt/airflow/dags/airflow.py
[2026-08-14T03:53:37.430+0000] {logging_mixin.py:151} INFO - [2026-08-14T03:53:37.429+0000] {dagbag.py:346} ERROR - Failed to import: /opt/airflow/dags/airflow.py
Traceback (most recent call last):
  File "/home/airflow/.local/lib/python3.8/site-packages/airflow/models/dagbag.py", line 342, in parse
    loader.exec_module(new_module)
  File "<frozen importlib._bootstrap_external>", line 843, in exec_module
  File "<frozen importlib._bootstrap>", line 219, in _call_with_frames_removed
  File "/opt/airflow/dags/airflow.py", line 23, in <module>
    from data_preprocessing_scripts.preprocessing import preprocess_data
ModuleNotFoundError: No module named 'data_preprocessing_scripts'
[2026-08-14T03:53:37.430+0000] {processor.py:841} WARNING - No viable dags retrieved from /opt/airflow/dags/airflow.py
[2026-08-14T03:53:37.437+0000] {processor.py:179} INFO - Processing /opt/airflow/dags/airflow.py took 0.197 seconds
[2026-08-14T03:54:07.563+0000] {processor.py:157} INFO - Started process (PID=14389) to work on /opt/airflow/dags/airflow.py
[2026-08-14T03:54:07.563+0000] {processor.py:829} INFO - Processing file /opt/airflow/dags/airflow.py for tasks to queue
[2026-08-14T03:54:07.565+0000] {logging_mixin.py:151} INFO - [2026-08-14T03:54:07.564+0000] {dagbag.py:536} INFO - Filling up the DagBag from /opt/airflow/dags/airflow.py
[2026-08-14T03:54:07.691+0000] {logging_mixin.py:151} INFO - [2026-08-14T03:54:07.691+0000] {dagbag.py:346} ERROR - Failed to import: /opt/airflow/dags/airflow.py
Traceback (most recent call last):
  File "/home/airflow/.local/lib/python3.8/site-packages/airflow/models/dagbag.py", line 342, in parse
    loader.exec_module(new_module)
  File "<frozen importlib._bootstrap_external>", line 843, in exec_module
  File "<frozen importlib._bootstrap>", line 219, in _call_with_frames_removed
  File "/opt/airflow/dags/airflow.py", line 23, in <module>
    from data_preprocessing_scripts.preprocessing import preprocess_data
ModuleNotFoundError: No module named 'data_preprocessing_scripts'
[2026-08-14T03:54:07.691+0000] {processor.py:841} WARNING - No viable dags retrieved from /opt/airflow/dags/airflow.py
[2026-08-14T03:54:07.697+0000] {processor.py:179} INFO - Processing /opt/airflow/dags/airflow.py took 0.137 seconds
[2026-08-14T03:54:37.883+0000] {processor.py:157} INFO - Started process (PID=14397) to work on /opt/airflow/dags/airflow.py
[2026-08-14T03:54:37.884+0000] {processor.py:829} INFO - Processing file /opt/airflow/dags/airflow.py for tasks to queue
[2026-08-14T03:54:37.886+0000] {logging_mixin.py:151} INFO - [2026-08-14T03:54:37.886+0000] {dagbag.py:536} INFO - Filling up the DagBag from /opt/airflow/dags/airflow.py
[2026-08-14T03:54:38.028+0000] {logging_mixin.py:151} INFO - [2026-08-14T03:54:38.028+0000] {dagbag.py:346} ERROR - Failed to import: /opt/airflow/dags/airflow.py
Traceback (most recent call last):
  File "/home/airflow/.local/lib/python3.8/site-packages/airflow/models/dagbag.py", line 342, in parse
    loader.exec_module(new_module)
  File "<frozen importlib._bootstrap_external>", line 843, in exec_module
  File "<frozen importlib._bootstrap>", line 219, in _call_with_frames_removed
  File "/opt/airflow/dags/airflow.py", line 23, in <module>
    from data_preprocessing_scripts.preprocessing import preprocess_data
ModuleNotFoundError: No module named 'data_preprocessing_scripts'
[2026-08-14T03:54:38.029+0000] {processor.py:841} WARNING - No viable dags retrieved from /opt/airflow/dags/airflow.py
[2026-08-14T03:54:38.035+0000] {processor.py:179} INFO - Processing /opt/airflow/dags/airflow.py took 0.156 seconds
[2026-08-14T03:55:08.223+0000] {processor.py:157} INFO - Started process (PID=14405) to work on /opt/airflow/dags/airflow.py
[2026-08-14T03:55:08.223+0000] {processor.py:829} INFO - Processing file /opt/airflow/dags/airflow.py for tasks to queue
[2026-08-14T03:55:08.225+0000] {logging_mixin.py:151} INFO - [2026-08-14T03:55:08.224+0000] {dagbag.py:536} INFO - Filling up the DagBag from /opt/airflow/dags/airflow.py
[2026-08-14T03:55:08.357+0000] {logging_mixin.py:151} INFO - [2026-08-14T03:55:08.357+0000] {dagbag.py:346} ERROR - Failed to import: /opt/airflow/dags/airflow.py
Traceback (most recent call last):
  File "/home/airflow/.local/lib/python3.8/site-packages/airflow/models/dagbag.py", line 342, in parse
    loader.exec_module(new_module)
  File "<frozen importlib._bootstrap_external>", line 843, in exec_module
  File "<frozen importlib._bootstrap>", line 219, in _call_with_frames_removed
  File "/opt/airflow/dags/airflow.py", line 23, in <module>
    from data_preprocessing_scripts.preprocessing import preprocess_data
ModuleNotFoundError: No module named 'data_preprocessing_scripts'
[2026-08-14T03:55:08.358+0000] {processor.py:841} WARNING - No viable dags retrieved from /opt/airflow/dags/airflow.py
[2026-08-14T03:55:08.364+0000] {processor.py:179} INFO - Processing /opt/airflow/dags/airflow.py took 0.144 seconds
[2026-08-14T03:55:38.545+0000] {processor.py:157} INFO - Started process (PID=14413) to work on /opt/airflow/dags/airflow.py
[2026-08-14T03:55:38.547+0000] {processor.py:829} INFO - Processing file /opt/airflow/dags/airflow.py for tasks to queue
[2026-08-14T03:55:38.550+0000] {logging_mixin.py:151} INFO - [2026-08-14T03:55:38.550+0000] {dagbag.py:536} INFO - Filling up the DagBag from /opt/airflow/dags/airflow.py
[2026-08-14T03:55:38.714+0000] {logging_mixin.py:151} INFO - [2026-08-14T03:55:38.713+0000] {dagbag.py:346} ERROR - Failed to import: /opt/airflow/dags/airflow.py
Traceback (most recent call last):
  File "/home/airflow/.local/lib/python3.8/site-packages/airflow/models/dagbag.py", line 342, in parse
    loader.exec_module(new_module)
  File "<frozen importlib._bootstrap_external>", line 843, in exec_module
  File "<frozen importlib._bootstrap>", line 219, in _call_with_frames_removed
  File "/opt/airflow/dags/airflow.py", line 23, in <module>
    from data_preprocessing_scripts.preprocessing import preprocess_data
ModuleNotFoundError: No module named 'data_preprocessing_scripts'
[2026-08-14T03:55:38.714+0000] {processor.py:841} WARNING - No viable dags retrieved from /opt/airflow/dags/airflow.py
[2026-08-14T03:55:38.722+0000] {processor.py:179} INFO - Processing /opt/airflow/dags/airflow.py took 0.183 seconds
[2026-08-14T03:56:08.908+0000] {processor.py:157} INFO - Started process (PID=14421) to work on /opt/airflow/dags/airflow.py
[2026-08-14T03:56:08.908+0000] {processor.py:829} INFO - Processing file /opt/airflow/dags/airflow.py for tasks to queue
[2026-08-14T03:56:08.910+0000] {logging_mixin.py:151} INFO - [2026-08-14T03:56:08.910+0000] {dagbag.py:536} INFO - Filling up the DagBag from /opt/airflow/dags/airflow.py
[2026-08-14T03:56:09.044+0000] {logging_mixin.py:151} INFO - [2026-08-14T03:56:09.043+0000] {dagbag.py:346} ERROR - Failed to import: /opt/airflow/dags/airflow.py
Traceback (most recent call last):
  File "/home/airflow/.local/lib/python3.8/site-packages/airflow/models/dagbag.py", line 342, in parse
    loader.exec_module(new_module)
  File "<frozen importlib._bootstrap_external>", line 843, in exec_module
  File "<frozen importlib._bootstrap>", line 219, in _call_with_frames_removed
  File "/opt/airflow/dags/airflow.py", line 23, in <module>
    from data_preprocessing_scripts.preprocessing import preprocess_data
ModuleNotFoundError: No module named 'data_preprocessing_scripts'
[2026-08-14T03:56:09.044+0000] {processor.py:841} WARNING - No viable dags retrieved from /opt/airflow/dags/airflow.py
[2026-08-14T03:56:09.050+0000] {processor.py:179} INFO - Processing /opt/airflow/dags/airflow.py took 0.146 seconds
[2026-08-14T03:56:39.257+0000] {processor.py:157} INFO - Started process (PID=14429) to work on /opt/airflow/dags/airflow.py
[2026-08-14T03:56:39.258+0000] {processor.py:829} INFO - Processing file /opt/airflow/dags/airflow.py for tasks to queue
[2026-08-14T03:56:39.261+0000] {logging_mixin.py:151} INFO - [2026-08-14T03:56:39.260+0000] {dagbag.py:536} INFO - Filling up the DagBag from /opt/airflow/dags/airflow.py
[2026-08-14T03:56:39.461+0000] {logging_mixin.py:151} INFO - [2026-08-14T03:56:39.460+0000] {dagbag.py:346} ERROR - Failed to import: /opt/airflow/dags/airflow.py
Traceback (most recent call last):
  File "/home/airflow/.local/lib/python3.8/site-packages/airflow/models/dagbag.py", line 342, in parse
    loader.exec_module(new_module)
  File "<frozen importlib._bootstrap_external>", line 843, in exec_module
  File "<frozen importlib._bootstrap>", line 219, in _call_with_frames_removed
  File "/opt/airflow/dags/airflow.py", line 23, in <module>
    from data_preprocessing_scripts.preprocessing import preprocess_data
ModuleNotFoundError: No module named 'data_preprocessing_scripts'
[2026-08-14T03:56:39.461+0000] {processor.py:841} WARNING - No viable dags retrieved from /opt/airflow/dags/airflow.py
[2026-08-14T03:56:39.468+0000] {processor.py:179} INFO - Processing /opt/airflow/dags/airflow.py took 0.217 seconds
[2026-08-14T03:57:09.610+0000] {processor.py:157} INFO - Started process (PID=14437) to work on /opt/airflow/dags/airflow.py
[2026-08-14T03:57:09.611+0000] {processor.py:829} INFO - Processing file /opt/airflow/dags/airflow.py for tasks to queue
[2026-08-14T03:57:09.612+0000] {logging_mixin.py:151} INFO - [2026-08-14T03:57:09.612+0000] {dagbag.py:536} INFO - Filling up the DagBag from /opt/airflow/dags/airflow.py
[2026-08-14T03:57:09.749+0000] {logging_mixin.py:151} INFO - [2026-08-14T03:57:09.748+0000] {dagbag.py:346} ERROR - Failed to import: /opt/airflow/dags/airflow.py
Traceback (most recent call last):
  File "/home/airflow/.local/lib/python3.8/site-packages/airflow/models/dagbag.py", line 342, in parse
    loader.exec_module(new_module)
  File "<frozen importlib._bootstrap_external>", line 843, in exec_module
  File "<frozen importlib._bootstrap>", line 219, in _call_with_frames_removed
  File "/opt/airflow/dags/airflow.py", line 23, in <module>
    from data_preprocessing_scripts.preprocessing import preprocess_data
ModuleNotFoundError: No module named 'data_preprocessing_scripts'
[2026-08-14T03:57:09.749+0000] {processor.py:841} WARNING - No viable dags retrieved from /opt/airflow/dags/airflow.py
[2026-08-14T03:57:09.755+0000] {processor.py:179} INFO - Processing /opt/airflow/dags/airflow.py took 0.148 seconds
[2026-08-14T03:57:39.898+0000] {processor.py:157} INFO - Started process (PID=14445) to work on /opt/airflow/dags/airflow.py
[2026-08-14T03:57:39.899+0000] {processor.py:829} INFO - Processing file /opt/airflow/dags/airflow.py for tasks to queue
[2026-08-14T03:57:39.901+0000] {logging_mixin.py:151} INFO - [2026-08-14T03:57:39.901+0000] {dagbag.py:536} INFO - Filling up the DagBag from /opt/airflow/dags/airflow.py
[2026-08-14T03:57:40.057+0000] {logging_mixin.py:151} INFO - [2026-08-14T03:57:40.056+0000] {dagbag.py:346} ERROR - Failed to import: /opt/airflow/dags/airflow.py
Traceback (most recent call last):
  File "/home/airflow/.local/lib/python3.8/site-packages/airflow/models/dagbag.py", line 342, in parse
    loader.exec_module(new_module)
  File "<frozen importlib._bootstrap_external>", line 843, in exec_module
  File "<frozen importlib._bootstrap>", line 219, in _call_with_frames_removed
  File "/opt/airflow/dags/airflow.py", line 23, in <module>
    from data_preprocessing_scripts.preprocessing import preprocess_data
ModuleNotFoundError: No module named 'data_preprocessing_scripts'
[2026-08-14T03:57:40.057+0000] {processor.py:841} WARNING - No viable dags retrieved from /opt/airflow/dags/airflow.py
[2026-08-14T03:57:40.064+0000] {processor.py:179} INFO - Processing /opt/airflow/dags/airflow.py took 0.169 seconds
[2026-08-14T03:58:10.149+0000] {processor.py:157} INFO - Started process (PID=14453) to work on /opt/airflow/dags/airflow.py
[2026-08-14T03:58:10.149+0000] {processor.py:829} INFO - Processing file /opt/airflow/dags/airflow.py for tasks to queue
[2026-08-14T03:58:10.151+0000] {logging_mixin.py:151} INFO - [2026-08-14T03:58:10.151+0000] {dagbag.py:536} INFO - Filling up the DagBag from /opt/airflow/dags/airflow.py
[2026-08-14T03:58:10.296+0000] {logging_mixin.py:151} INFO - [2026-08-14T03:58:10.295+0000] {dagbag.py:346} ERROR - Failed to import: /opt/airflow/dags/airflow.py
Traceback (most recent call last):
  File "/home/airflow/.local/lib/python3.8/site-packages/airflow/models/dagbag.py", line 342, in parse
    loader.exec_module(new_module)
  File "<frozen importlib._bootstrap_external>", line 843, in exec_module
  File "<frozen importlib._bootstrap>", line 219, in _call_with_frames_removed
  File "/opt/airflow/dags/airflow.py", line 23, in <module>
    from data_preprocessing_scripts.preprocessing import preprocess_data
ModuleNotFoundError: No module named 'data_preprocessing_scripts'
[2026-08-14T03:58:10.296+0000] {processor.py:841} WARNING - No viable dags retrieved from /opt/airflow/dags/airflow.py
[2026-08-14T03:58:10.302+0000] {processor.py:179} INFO - Processing /opt/airflow/dags/airflow.py took 0.156 seconds
[2026-08-14T03:58:40.438+0000] {processor.py:157} INFO - Started process (PID=14461) to work on /opt/airflow/dags/airflow.py
[2026-08-14T03:58:40.438+0000] {processor.py:829} INFO - Processing file /opt/airflow/dags/airflow.py for tasks to queue
[2026-08-14T03:58:40.440+0000] {logging_mixin.py:151} INFO - [2026-08-14T03:58:40.440+0000] {dagbag.py:536} INFO - Filling up the DagBag from /opt/airflow/dags/airflow.py
[2026-08-14T03:58:40.579+0000] {logging_mixin.py:151} INFO - [2026-08-14T03:58:40.579+0000] {dagbag.py:346} ERROR - Failed to import: /opt/airflow/dags/airflow.py
Traceback (most recent call last):
  File "/home/airflow/.local/lib/python3.8/site-packages/airflow/models/dagbag.py", line 342, in parse
    loader.exec_module(new_module)
  File "<frozen importlib._bootstrap_external>", line 843, in exec_module
  File "<frozen importlib._bootstrap>", line 219, in _call_with_frames_removed
  File "/opt/airflow/dags/airflow.py", line 23, in <module>
    from data_preprocessing_scripts.preprocessing import preprocess_data
ModuleNotFoundError: No module named 'data_preprocessing_scripts'
[2026-08-14T03:58:40.580+0000] {processor.py:841} WARNING - No viable dags retrieved from /opt/airflow/dags/airflow.py
[2026-08-14T03:58:40.586+0000] {processor.py:179} INFO - Processing /opt/airflow/dags/airflow.py took 0.151 seconds
[2026-08-14T03:59:10.785+0000] {processor.py:157} INFO - Started process (PID=14469) to work on /opt/airflow/dags/airflow.py
[2026-08-14T03:59:10.786+0000] {processor.py:829} INFO - Processing file /opt/airflow/dags/airflow.py for tasks to queue
[2026-08-14T03:59:10.789+0000] {logging_mixin.py:151} INFO - [2026-08-14T03:59:10.788+0000] {dagbag.py:536} INFO - Filling up the DagBag from /opt/airflow/dags/airflow.py
[2026-08-14T03:59:10.920+0000] {logging_mixin.py:151} INFO - [2026-08-14T03:59:10.919+0000] {dagbag.py:346} ERROR - Failed to import: /opt/airflow/dags/airflow.py
Traceback (most recent call last):
  File "/home/airflow/.local/lib/python3.8/site-packages/airflow/models/dagbag.py", line 342, in parse
    loader.exec_module(new_module)
  File "<frozen importlib._bootstrap_external>", line 843, in exec_module
  File "<frozen importlib._bootstrap>", line 219, in _call_with_frames_removed
  File "/opt/airflow/dags/airflow.py", line 23, in <module>
    from data_preprocessing_scripts.preprocessing import preprocess_data
ModuleNotFoundError: No module named 'data_preprocessing_scripts'
[2026-08-14T03:59:10.920+0000] {processor.py:841} WARNING - No viable dags retrieved from /opt/airflow/dags/airflow.py
[2026-08-14T03:59:10.926+0000] {processor.py:179} INFO - Processing /opt/airflow/dags/airflow.py took 0.144 seconds
[2026-08-14T03:59:41.097+0000] {processor.py:157} INFO - Started process (PID=14477) to work on /opt/airflow/dags/airflow.py
[2026-08-14T03:59:41.098+0000] {processor.py:829} INFO - Processing file /opt/airflow/dags/airflow.py for tasks to queue
[2026-08-14T03:59:41.100+0000] {logging_mixin.py:151} INFO - [2026-08-14T03:59:41.099+0000] {dagbag.py:536} INFO - Filling up the DagBag from /opt/airflow/dags/airflow.py
[2026-08-14T03:59:41.254+0000] {logging_mixin.py:151} INFO - [2026-08-14T03:59:41.254+0000] {dagbag.py:346} ERROR - Failed to import: /opt/airflow/dags/airflow.py
Traceback (most recent call last):
  File "/home/airflow/.local/lib/python3.8/site-packages/airflow/models/dagbag.py", line 342, in parse
    loader.exec_module(new_module)
  File "<frozen importlib._bootstrap_external>", line 843, in exec_module
  File "<frozen importlib._bootstrap>", line 219, in _call_with_frames_removed
  File "/opt/airflow/dags/airflow.py", line 23, in <module>
    from data_preprocessing_scripts.preprocessing import preprocess_data
ModuleNotFoundError: No module named 'data_preprocessing_scripts'
[2026-08-14T03:59:41.254+0000] {processor.py:841} WARNING - No viable dags retrieved from /opt/airflow/dags/airflow.py
[2026-08-14T03:59:41.261+0000] {processor.py:179} INFO - Processing /opt/airflow/dags/airflow.py took 0.166 seconds
[2026-08-14T04:00:11.410+0000] {processor.py:157} INFO - Started process (PID=14485) to work on /opt/airflow/dags/airflow.py
[2026-08-14T04:00:11.411+0000] {processor.py:829} INFO - Processing file /opt/airflow/dags/airflow.py for tasks to queue
[2026-08-14T04:00:11.412+0000] {logging_mixin.py:151} INFO - [2026-08-14T04:00:11.412+0000] {dagbag.py:536} INFO - Filling up the DagBag from /opt/airflow/dags/airflow.py
[2026-08-14T04:00:11.553+0000] {logging_mixin.py:151} INFO - [2026-08-14T04:00:11.552+0000] {dagbag.py:346} ERROR - Failed to import: /opt/airflow/dags/airflow.py
Traceback (most recent call last):
  File "/home/airflow/.local/lib/python3.8/site-packages/airflow/models/dagbag.py", line 342, in parse
    loader.exec_module(new_module)
  File "<frozen importlib._bootstrap_external>", line 843, in exec_module
  File "<frozen importlib._bootstrap>", line 219, in _call_with_frames_removed
  File "/opt/airflow/dags/airflow.py", line 23, in <module>
    from data_preprocessing_scripts.preprocessing import preprocess_data
ModuleNotFoundError: No module named 'data_preprocessing_scripts'
[2026-08-14T04:00:11.553+0000] {processor.py:841} WARNING - No viable dags retrieved from /opt/airflow/dags/airflow.py
[2026-08-14T04:00:11.559+0000] {processor.py:179} INFO - Processing /opt/airflow/dags/airflow.py took 0.152 seconds
[2026-08-14T04:00:41.745+0000] {processor.py:157} INFO - Started process (PID=14493) to work on /opt/airflow/dags/airflow.py
[2026-08-14T04:00:41.746+0000] {processor.py:829} INFO - Processing file /opt/airflow/dags/airflow.py for tasks to queue
[2026-08-14T04:00:41.748+0000] {logging_mixin.py:151} INFO - [2026-08-14T04:00:41.747+0000] {dagbag.py:536} INFO - Filling up the DagBag from /opt/airflow/dags/airflow.py
[2026-08-14T04:00:41.913+0000] {logging_mixin.py:151} INFO - [2026-08-14T04:00:41.913+0000] {dagbag.py:346} ERROR - Failed to import: /opt/airflow/dags/airflow.py
Traceback (most recent call last):
  File "/home/airflow/.local/lib/python3.8/site-packages/airflow/models/dagbag.py", line 342, in parse
    loader.exec_module(new_module)
  File "<frozen importlib._bootstrap_external>", line 843, in exec_module
  File "<frozen importlib._bootstrap>", line 219, in _call_with_frames_removed
  File "/opt/airflow/dags/airflow.py", line 23, in <module>
    from data_preprocessing_scripts.preprocessing import preprocess_data
ModuleNotFoundError: No module named 'data_preprocessing_scripts'
[2026-08-14T04:00:41.914+0000] {processor.py:841} WARNING - No viable dags retrieved from /opt/airflow/dags/airflow.py
[2026-08-14T04:00:41.922+0000] {processor.py:179} INFO - Processing /opt/airflow/dags/airflow.py took 0.182 seconds
[2026-08-14T04:01:12.116+0000] {processor.py:157} INFO - Started process (PID=14501) to work on /opt/airflow/dags/airflow.py
[2026-08-14T04:01:12.117+0000] {processor.py:829} INFO - Processing file /opt/airflow/dags/airflow.py for tasks to queue
[2026-08-14T04:01:12.118+0000] {logging_mixin.py:151} INFO - [2026-08-14T04:01:12.118+0000] {dagbag.py:536} INFO - Filling up the DagBag from /opt/airflow/dags/airflow.py
[2026-08-14T04:01:12.249+0000] {logging_mixin.py:151} INFO - [2026-08-14T04:01:12.249+0000] {dagbag.py:346} ERROR - Failed to import: /opt/airflow/dags/airflow.py
Traceback (most recent call last):
  File "/home/airflow/.local/lib/python3.8/site-packages/airflow/models/dagbag.py", line 342, in parse
    loader.exec_module(new_module)
  File "<frozen importlib._bootstrap_external>", line 843, in exec_module
  File "<frozen importlib._bootstrap>", line 219, in _call_with_frames_removed
  File "/opt/airflow/dags/airflow.py", line 23, in <module>
    from data_preprocessing_scripts.preprocessing import preprocess_data
ModuleNotFoundError: No module named 'data_preprocessing_scripts'
[2026-08-14T04:01:12.250+0000] {processor.py:841} WARNING - No viable dags retrieved from /opt/airflow/dags/airflow.py
[2026-08-14T04:01:12.256+0000] {processor.py:179} INFO - Processing /opt/airflow/dags/airflow.py took 0.143 seconds
[2026-08-14T04:01:42.411+0000] {processor.py:157} INFO - Started process (PID=14509) to work on /opt/airflow/dags/airflow.py
[2026-08-14T04:01:42.412+0000] {processor.py:829} INFO - Processing file /opt/airflow/dags/airflow.py for tasks to queue
[2026-08-14T04:01:42.414+0000] {logging_mixin.py:151} INFO - [2026-08-14T04:01:42.414+0000] {dagbag.py:536} INFO - Filling up the DagBag from /opt/airflow/dags/airflow.py
[2026-08-14T04:01:42.554+0000] {logging_mixin.py:151} INFO - [2026-08-14T04:01:42.553+0000] {dagbag.py:346} ERROR - Failed to import: /opt/airflow/dags/airflow.py
Traceback (most recent call last):
  File "/home/airflow/.local/lib/python3.8/site-packages/airflow/models/dagbag.py", line 342, in parse
    loader.exec_module(new_module)
  File "<frozen importlib._bootstrap_external>", line 843, in exec_module
  File "<frozen importlib._bootstrap>", line 219, in _call_with_frames_removed
  File "/opt/airflow/dags/airflow.py", line 23, in <module>
    from data_preprocessing_scripts.preprocessing import preprocess_data
ModuleNotFoundError: No module named 'data_preprocessing_scripts'
[2026-08-14T04:01:42.554+0000] {processor.py:841} WARNING - No viable dags retrieved from /opt/airflow/dags/airflow.py
[2026-08-14T04:01:42.561+0000] {processor.py:179} INFO - Processing /opt/airflow/dags/airflow.py took 0.154 seconds
[2026-08-14T04:02:12.703+0000] {processor.py:157} INFO - Started process (PID=14517) to work on /opt/airflow/dags/airflow.py
[2026-08-14T04:02:12.703+0000] {processor.py:829} INFO - Processing file /opt/airflow/dags/airflow.py for tasks to queue
[2026-08-14T04:02:12.705+0000] {logging_mixin.py:151} INFO - [2026-08-14T04:02:12.704+0000] {dagbag.py:536} INFO - Filling up the DagBag from /opt/airflow/dags/airflow.py
[2026-08-14T04:02:12.835+0000] {logging_mixin.py:151} INFO - [2026-08-14T04:02:12.835+0000] {dagbag.py:346} ERROR - Failed to import: /opt/airflow/dags/airflow.py
Traceback (most recent call last):
  File "/home/airflow/.local/lib/python3.8/site-packages/airflow/models/dagbag.py", line 342, in parse
    loader.exec_module(new_module)
  File "<frozen importlib._bootstrap_external>", line 843, in exec_module
  File "<frozen importlib._bootstrap>", line 219, in _call_with_frames_removed
  File "/opt/airflow/dags/airflow.py", line 23, in <module>
    from data_preprocessing_scripts.preprocessing import preprocess_data
ModuleNotFoundError: No module named 'data_preprocessing_scripts'
[2026-08-14T04:02:12.835+0000] {processor.py:841} WARNING - No viable dags retrieved from /opt/airflow/dags/airflow.py
[2026-08-14T04:02:12.842+0000] {processor.py:179} INFO - Processing /opt/airflow/dags/airflow.py took 0.142 seconds
[2026-08-14T04:02:43.017+0000] {processor.py:157} INFO - Started process (PID=14525) to work on /opt/airflow/dags/airflow.py
[2026-08-14T04:02:43.018+0000] {processor.py:829} INFO - Processing file /opt/airflow/dags/airflow.py for tasks to queue
[2026-08-14T04:02:43.020+0000] {logging_mixin.py:151} INFO - [2026-08-14T04:02:43.019+0000] {dagbag.py:536} INFO - Filling up the DagBag from /opt/airflow/dags/airflow.py
[2026-08-14T04:02:43.171+0000] {logging_mixin.py:151} INFO - [2026-08-14T04:02:43.171+0000] {dagbag.py:346} ERROR - Failed to import: /opt/airflow/dags/airflow.py
Traceback (most recent call last):
  File "/home/airflow/.local/lib/python3.8/site-packages/airflow/models/dagbag.py", line 342, in parse
    loader.exec_module(new_module)
  File "<frozen importlib._bootstrap_external>", line 843, in exec_module
  File "<frozen importlib._bootstrap>", line 219, in _call_with_frames_removed
  File "/opt/airflow/dags/airflow.py", line 23, in <module>
    from data_preprocessing_scripts.preprocessing import preprocess_data
ModuleNotFoundError: No module named 'data_preprocessing_scripts'
[2026-08-14T04:02:43.172+0000] {processor.py:841} WARNING - No viable dags retrieved from /opt/airflow/dags/airflow.py
[2026-08-14T04:02:43.179+0000] {processor.py:179} INFO - Processing /opt/airflow/dags/airflow.py took 0.165 seconds
[2026-08-14T04:03:13.337+0000] {processor.py:157} INFO - Started process (PID=14533) to work on /opt/airflow/dags/airflow.py
[2026-08-14T04:03:13.338+0000] {processor.py:829} INFO - Processing file /opt/airflow/dags/airflow.py for tasks to queue
[2026-08-14T04:03:13.342+0000] {logging_mixin.py:151} INFO - [2026-08-14T04:03:13.342+0000] {dagbag.py:536} INFO - Filling up the DagBag from /opt/airflow/dags/airflow.py
[2026-08-14T04:03:13.546+0000] {logging_mixin.py:151} INFO - [2026-08-14T04:03:13.545+0000] {dagbag.py:346} ERROR - Failed to import: /opt/airflow/dags/airflow.py
Traceback (most recent call last):
  File "/home/airflow/.local/lib/python3.8/site-packages/airflow/models/dagbag.py", line 342, in parse
    loader.exec_module(new_module)
  File "<frozen importlib._bootstrap_external>", line 843, in exec_module
  File "<frozen importlib._bootstrap>", line 219, in _call_with_frames_removed
  File "/opt/airflow/dags/airflow.py", line 23, in <module>
    from data_preprocessing_scripts.preprocessing import preprocess_data
ModuleNotFoundError: No module named 'data_preprocessing_scripts'
[2026-08-14T04:03:13.546+0000] {processor.py:841} WARNING - No viable dags retrieved from /opt/airflow/dags/airflow.py
[2026-08-14T04:03:13.553+0000] {processor.py:179} INFO - Processing /opt/airflow/dags/airflow.py took 0.220 seconds
[2026-08-14T04:03:43.650+0000] {processor.py:157} INFO - Started process (PID=14541) to work on /opt/airflow/dags/airflow.py
[2026-08-14T04:03:43.651+0000] {processor.py:829} INFO - Processing file /opt/airflow/dags/airflow.py for tasks to queue
[2026-08-14T04:03:43.653+0000] {logging_mixin.py:151} INFO - [2026-08-14T04:03:43.653+0000] {dagbag.py:536} INFO - Filling up the DagBag from /opt/airflow/dags/airflow.py
[2026-08-14T04:03:43.795+0000] {logging_mixin.py:151} INFO - [2026-08-14T04:03:43.794+0000] {dagbag.py:346} ERROR - Failed to import: /opt/airflow/dags/airflow.py
Traceback (most recent call last):
  File "/home/airflow/.local/lib/python3.8/site-packages/airflow/models/dagbag.py", line 342, in parse
    loader.exec_module(new_module)
  File "<frozen importlib._bootstrap_external>", line 843, in exec_module
  File "<frozen importlib._bootstrap>", line 219, in _call_with_frames_removed
  File "/opt/airflow/dags/airflow.py", line 23, in <module>
    from data_preprocessing_scripts.preprocessing import preprocess_data
ModuleNotFoundError: No module named 'data_preprocessing_scripts'
[2026-08-14T04:03:43.795+0000] {processor.py:841} WARNING - No viable dags retrieved from /opt/airflow/dags/airflow.py
[2026-08-14T04:03:43.802+0000] {processor.py:179} INFO - Processing /opt/airflow/dags/airflow.py took 0.156 seconds
[2026-08-14T04:04:13.950+0000] {processor.py:157} INFO - Started process (PID=14549) to work on /opt/airflow/dags/airflow.py
[2026-08-14T04:04:13.950+0000] {processor.py:829} INFO - Processing file /opt/airflow/dags/airflow.py for tasks to queue
[2026-08-14T04:04:13.951+0000] {logging_mixin.py:151} INFO - [2026-08-14T04:04:13.951+0000] {dagbag.py:536} INFO - Filling up the DagBag from /opt/airflow/dags/airflow.py
[2026-08-14T04:04:14.081+0000] {logging_mixin.py:151} INFO - [2026-08-14T04:04:14.081+0000] {dagbag.py:346} ERROR - Failed to import: /opt/airflow/dags/airflow.py
Traceback (most recent call last):
  File "/home/airflow/.local/lib/python3.8/site-packages/airflow/models/dagbag.py", line 342, in parse
    loader.exec_module(new_module)
  File "<frozen importlib._bootstrap_external>", line 843, in exec_module
  File "<frozen importlib._bootstrap>", line 219, in _call_with_frames_removed
  File "/opt/airflow/dags/airflow.py", line 23, in <module>
    from data_preprocessing_scripts.preprocessing import preprocess_data
ModuleNotFoundError: No module named 'data_preprocessing_scripts'
[2026-08-14T04:04:14.082+0000] {processor.py:841} WARNING - No viable dags retrieved from /opt/airflow/dags/airflow.py
[2026-08-14T04:04:14.088+0000] {processor.py:179} INFO - Processing /opt/airflow/dags/airflow.py took 0.141 seconds
[2026-08-14T04:04:44.293+0000] {processor.py:157} INFO - Started process (PID=14557) to work on /opt/airflow/dags/airflow.py
[2026-08-14T04:04:44.293+0000] {processor.py:829} INFO - Processing file /opt/airflow/dags/airflow.py for tasks to queue
[2026-08-14T04:04:44.295+0000] {logging_mixin.py:151} INFO - [2026-08-14T04:04:44.295+0000] {dagbag.py:536} INFO - Filling up the DagBag from /opt/airflow/dags/airflow.py
[2026-08-14T04:04:44.429+0000] {logging_mixin.py:151} INFO - [2026-08-14T04:04:44.428+0000] {dagbag.py:346} ERROR - Failed to import: /opt/airflow/dags/airflow.py
Traceback (most recent call last):
  File "/home/airflow/.local/lib/python3.8/site-packages/airflow/models/dagbag.py", line 342, in parse
    loader.exec_module(new_module)
  File "<frozen importlib._bootstrap_external>", line 843, in exec_module
  File "<frozen importlib._bootstrap>", line 219, in _call_with_frames_removed
  File "/opt/airflow/dags/airflow.py", line 23, in <module>
    from data_preprocessing_scripts.preprocessing import preprocess_data
ModuleNotFoundError: No module named 'data_preprocessing_scripts'
[2026-08-14T04:04:44.429+0000] {processor.py:841} WARNING - No viable dags retrieved from /opt/airflow/dags/airflow.py
[2026-08-14T04:04:44.435+0000] {processor.py:179} INFO - Processing /opt/airflow/dags/airflow.py took 0.147 seconds
[2026-08-14T04:05:14.598+0000] {processor.py:157} INFO - Started process (PID=14565) to work on /opt/airflow/dags/airflow.py
[2026-08-14T04:05:14.599+0000] {processor.py:829} INFO - Processing file /opt/airflow/dags/airflow.py for tasks to queue
[2026-08-14T04:05:14.600+0000] {logging_mixin.py:151} INFO - [2026-08-14T04:05:14.600+0000] {dagbag.py:536} INFO - Filling up the DagBag from /opt/airflow/dags/airflow.py
[2026-08-14T04:05:14.731+0000] {logging_mixin.py:151} INFO - [2026-08-14T04:05:14.731+0000] {dagbag.py:346} ERROR - Failed to import: /opt/airflow/dags/airflow.py
Traceback (most recent call last):
  File "/home/airflow/.local/lib/python3.8/site-packages/airflow/models/dagbag.py", line 342, in parse
    loader.exec_module(new_module)
  File "<frozen importlib._bootstrap_external>", line 843, in exec_module
  File "<frozen importlib._bootstrap>", line 219, in _call_with_frames_removed
  File "/opt/airflow/dags/airflow.py", line 23, in <module>
    from data_preprocessing_scripts.preprocessing import preprocess_data
ModuleNotFoundError: No module named 'data_preprocessing_scripts'
[2026-08-14T04:05:14.732+0000] {processor.py:841} WARNING - No viable dags retrieved from /opt/airflow/dags/airflow.py
[2026-08-14T04:05:14.738+0000] {processor.py:179} INFO - Processing /opt/airflow/dags/airflow.py took 0.142 seconds
[2026-08-14T04:05:44.896+0000] {processor.py:157} INFO - Started process (PID=14573) to work on /opt/airflow/dags/airflow.py
[2026-08-14T04:05:44.897+0000] {processor.py:829} INFO - Processing file /opt/airflow/dags/airflow.py for tasks to queue
[2026-08-14T04:05:44.900+0000] {logging_mixin.py:151} INFO - [2026-08-14T04:05:44.899+0000] {dagbag.py:536} INFO - Filling up the DagBag from /opt/airflow/dags/airflow.py
[2026-08-14T04:05:45.045+0000] {logging_mixin.py:151} INFO - [2026-08-14T04:05:45.044+0000] {dagbag.py:346} ERROR - Failed to import: /opt/airflow/dags/airflow.py
Traceback (most recent call last):
  File "/home/airflow/.local/lib/python3.8/site-packages/airflow/models/dagbag.py", line 342, in parse
    loader.exec_module(new_module)
  File "<frozen importlib._bootstrap_external>", line 843, in exec_module
  File "<frozen importlib._bootstrap>", line 219, in _call_with_frames_removed
  File "/opt/airflow/dags/airflow.py", line 23, in <module>
    from data_preprocessing_scripts.preprocessing import preprocess_data
ModuleNotFoundError: No module named 'data_preprocessing_scripts'
[2026-08-14T04:05:45.045+0000] {processor.py:841} WARNING - No viable dags retrieved from /opt/airflow/dags/airflow.py
[2026-08-14T04:05:45.053+0000] {processor.py:179} INFO - Processing /opt/airflow/dags/airflow.py took 0.162 seconds
[2026-08-14T04:06:15.219+0000] {processor.py:157} INFO - Started process (PID=14581) to work on /opt/airflow/dags/airflow.py
[2026-08-14T04:06:15.220+0000] {processor.py:829} INFO - Processing file /opt/airflow/dags/airflow.py for tasks to queue
[2026-08-14T04:06:15.221+0000] {logging_mixin.py:151} INFO - [2026-08-14T04:06:15.221+0000] {dagbag.py:536} INFO - Filling up the DagBag from /opt/airflow/dags/airflow.py
[2026-08-14T04:06:15.353+0000] {logging_mixin.py:151} INFO - [2026-08-14T04:06:15.353+0000] {dagbag.py:346} ERROR - Failed to import: /opt/airflow/dags/airflow.py
Traceback (most recent call last):
  File "/home/airflow/.local/lib/python3.8/site-packages/airflow/models/dagbag.py", line 342, in parse
    loader.exec_module(new_module)
  File "<frozen importlib._bootstrap_external>", line 843, in exec_module
  File "<frozen importlib._bootstrap>", line 219, in _call_with_frames_removed
  File "/opt/airflow/dags/airflow.py", line 23, in <module>
    from data_preprocessing_scripts.preprocessing import preprocess_data
ModuleNotFoundError: No module named 'data_preprocessing_scripts'
[2026-08-14T04:06:15.354+0000] {processor.py:841} WARNING - No viable dags retrieved from /opt/airflow/dags/airflow.py
[2026-08-14T04:06:15.360+0000] {processor.py:179} INFO - Processing /opt/airflow/dags/airflow.py took 0.143 seconds
[2026-08-14T04:06:45.538+0000] {processor.py:157} INFO - Started process (PID=14589) to work on /opt/airflow/dags/airflow.py
[2026-08-14T04:06:45.539+0000] {processor.py:829} INFO - Processing file /opt/airflow/dags/airflow.py for tasks to queue
[2026-08-14T04:06:45.541+0000] {logging_mixin.py:151} INFO - [2026-08-14T04:06:45.541+0000] {dagbag.py:536} INFO - Filling up the DagBag from /opt/airflow/dags/airflow.py
[2026-08-14T04:06:45.672+0000] {logging_mixin.py:151} INFO - [2026-08-14T04:06:45.672+0000] {dagbag.py:346} ERROR - Failed to import: /opt/airflow/dags/airflow.py
Traceback (most recent call last):
  File "/home/airflow/.local/lib/python3.8/site-packages/airflow/models/dagbag.py", line 342, in parse
    loader.exec_module(new_module)
  File "<frozen importlib._bootstrap_external>", line 843, in exec_module
  File "<frozen importlib._bootstrap>", line 219, in _call_with_frames_removed
  File "/opt/airflow/dags/airflow.py", line 23, in <module>
    from data_preprocessing_scripts.preprocessing import preprocess_data
ModuleNotFoundError: No module named 'data_preprocessing_scripts'
[2026-08-14T04:06:45.673+0000] {processor.py:841} WARNING - No viable dags retrieved from /opt/airflow/dags/airflow.py
[2026-08-14T04:06:45.679+0000] {processor.py:179} INFO - Processing /opt/airflow/dags/airflow.py took 0.145 seconds
[2026-08-14T04:07:15.852+0000] {processor.py:157} INFO - Started process (PID=14597) to work on /opt/airflow/dags/airflow.py
[2026-08-14T04:07:15.853+0000] {processor.py:829} INFO - Processing file /opt/airflow/dags/airflow.py for tasks to queue
[2026-08-14T04:07:15.855+0000] {logging_mixin.py:151} INFO - [2026-08-14T04:07:15.854+0000] {dagbag.py:536} INFO - Filling up the DagBag from /opt/airflow/dags/airflow.py
[2026-08-14T04:07:15.994+0000] {logging_mixin.py:151} INFO - [2026-08-14T04:07:15.993+0000] {dagbag.py:346} ERROR - Failed to import: /opt/airflow/dags/airflow.py
Traceback (most recent call last):
  File "/home/airflow/.local/lib/python3.8/site-packages/airflow/models/dagbag.py", line 342, in parse
    loader.exec_module(new_module)
  File "<frozen importlib._bootstrap_external>", line 843, in exec_module
  File "<frozen importlib._bootstrap>", line 219, in _call_with_frames_removed
  File "/opt/airflow/dags/airflow.py", line 23, in <module>
    from data_preprocessing_scripts.preprocessing import preprocess_data
ModuleNotFoundError: No module named 'data_preprocessing_scripts'
[2026-08-14T04:07:15.994+0000] {processor.py:841} WARNING - No viable dags retrieved from /opt/airflow/dags/airflow.py
[2026-08-14T04:07:16.001+0000] {processor.py:179} INFO - Processing /opt/airflow/dags/airflow.py took 0.152 seconds
[2026-08-14T04:07:46.193+0000] {processor.py:157} INFO - Started process (PID=14605) to work on /opt/airflow/dags/airflow.py
[2026-08-14T04:07:46.194+0000] {processor.py:829} INFO - Processing file /opt/airflow/dags/airflow.py for tasks to queue
[2026-08-14T04:07:46.196+0000] {logging_mixin.py:151} INFO - [2026-08-14T04:07:46.195+0000] {dagbag.py:536} INFO - Filling up the DagBag from /opt/airflow/dags/airflow.py
[2026-08-14T04:07:46.331+0000] {logging_mixin.py:151} INFO - [2026-08-14T04:07:46.331+0000] {dagbag.py:346} ERROR - Failed to import: /opt/airflow/dags/airflow.py
Traceback (most recent call last):
  File "/home/airflow/.local/lib/python3.8/site-packages/airflow/models/dagbag.py", line 342, in parse
    loader.exec_module(new_module)
  File "<frozen importlib._bootstrap_external>", line 843, in exec_module
  File "<frozen importlib._bootstrap>", line 219, in _call_with_frames_removed
  File "/opt/airflow/dags/airflow.py", line 23, in <module>
    from data_preprocessing_scripts.preprocessing import preprocess_data
ModuleNotFoundError: No module named 'data_preprocessing_scripts'
[2026-08-14T04:07:46.331+0000] {processor.py:841} WARNING - No viable dags retrieved from /opt/airflow/dags/airflow.py
[2026-08-14T04:07:46.338+0000] {processor.py:179} INFO - Processing /opt/airflow/dags/airflow.py took 0.148 seconds
[2026-08-14T04:08:16.501+0000] {processor.py:157} INFO - Started process (PID=14613) to work on /opt/airflow/dags/airflow.py
[2026-08-14T04:08:16.501+0000] {processor.py:829} INFO - Processing file /opt/airflow/dags/airflow.py for tasks to queue
[2026-08-14T04:08:16.503+0000] {logging_mixin.py:151} INFO - [2026-08-14T04:08:16.503+0000] {dagbag.py:536} INFO - Filling up the DagBag from /opt/airflow/dags/airflow.py
[2026-08-14T04:08:16.635+0000] {logging_mixin.py:151} INFO - [2026-08-14T04:08:16.635+0000] {dagbag.py:346} ERROR - Failed to import: /opt/airflow/dags/airflow.py
Traceback (most recent call last):
  File "/home/airflow/.local/lib/python3.8/site-packages/airflow/models/dagbag.py", line 342, in parse
    loader.exec_module(new_module)
  File "<frozen importlib._bootstrap_external>", line 843, in exec_module
  File "<frozen importlib._bootstrap>", line 219, in _call_with_frames_removed
  File "/opt/airflow/dags/airflow.py", line 23, in <module>
    from data_preprocessing_scripts.preprocessing import preprocess_data
ModuleNotFoundError: No module named 'data_preprocessing_scripts'
[2026-08-14T04:08:16.635+0000] {processor.py:841} WARNING - No viable dags retrieved from /opt/airflow/dags/airflow.py
[2026-08-14T04:08:16.641+0000] {processor.py:179} INFO - Processing /opt/airflow/dags/airflow.py took 0.143 seconds
[2026-08-14T04:08:46.789+0000] {processor.py:157} INFO - Started process (PID=14621) to work on /opt/airflow/dags/airflow.py
[2026-08-14T04:08:46.790+0000] {processor.py:829} INFO - Processing file /opt/airflow/dags/airflow.py for tasks to queue
[2026-08-14T04:08:46.792+0000] {logging_mixin.py:151} INFO - [2026-08-14T04:08:46.791+0000] {dagbag.py:536} INFO - Filling up the DagBag from /opt/airflow/dags/airflow.py
[2026-08-14T04:08:46.932+0000] {logging_mixin.py:151} INFO - [2026-08-14T04:08:46.931+0000] {dagbag.py:346} ERROR - Failed to import: /opt/airflow/dags/airflow.py
Traceback (most recent call last):
  File "/home/airflow/.local/lib/python3.8/site-packages/airflow/models/dagbag.py", line 342, in parse
    loader.exec_module(new_module)
  File "<frozen importlib._bootstrap_external>", line 843, in exec_module
  File "<frozen importlib._bootstrap>", line 219, in _call_with_frames_removed
  File "/opt/airflow/dags/airflow.py", line 23, in <module>
    from data_preprocessing_scripts.preprocessing import preprocess_data
ModuleNotFoundError: No module named 'data_preprocessing_scripts'
[2026-08-14T04:08:46.932+0000] {processor.py:841} WARNING - No viable dags retrieved from /opt/airflow/dags/airflow.py
[2026-08-14T04:08:46.939+0000] {processor.py:179} INFO - Processing /opt/airflow/dags/airflow.py took 0.151 seconds
[2026-08-14T04:09:17.086+0000] {processor.py:157} INFO - Started process (PID=14629) to work on /opt/airflow/dags/airflow.py
[2026-08-14T04:09:17.087+0000] {processor.py:829} INFO - Processing file /opt/airflow/dags/airflow.py for tasks to queue
[2026-08-14T04:09:17.088+0000] {logging_mixin.py:151} INFO - [2026-08-14T04:09:17.088+0000] {dagbag.py:536} INFO - Filling up the DagBag from /opt/airflow/dags/airflow.py
[2026-08-14T04:09:17.216+0000] {logging_mixin.py:151} INFO - [2026-08-14T04:09:17.216+0000] {dagbag.py:346} ERROR - Failed to import: /opt/airflow/dags/airflow.py
Traceback (most recent call last):
  File "/home/airflow/.local/lib/python3.8/site-packages/airflow/models/dagbag.py", line 342, in parse
    loader.exec_module(new_module)
  File "<frozen importlib._bootstrap_external>", line 843, in exec_module
  File "<frozen importlib._bootstrap>", line 219, in _call_with_frames_removed
  File "/opt/airflow/dags/airflow.py", line 23, in <module>
    from data_preprocessing_scripts.preprocessing import preprocess_data
ModuleNotFoundError: No module named 'data_preprocessing_scripts'
[2026-08-14T04:09:17.216+0000] {processor.py:841} WARNING - No viable dags retrieved from /opt/airflow/dags/airflow.py
[2026-08-14T04:09:17.223+0000] {processor.py:179} INFO - Processing /opt/airflow/dags/airflow.py took 0.139 seconds
[2026-08-14T04:09:47.411+0000] {processor.py:157} INFO - Started process (PID=14637) to work on /opt/airflow/dags/airflow.py
[2026-08-14T04:09:47.412+0000] {processor.py:829} INFO - Processing file /opt/airflow/dags/airflow.py for tasks to queue
[2026-08-14T04:09:47.414+0000] {logging_mixin.py:151} INFO - [2026-08-14T04:09:47.414+0000] {dagbag.py:536} INFO - Filling up the DagBag from /opt/airflow/dags/airflow.py
[2026-08-14T04:09:47.549+0000] {logging_mixin.py:151} INFO - [2026-08-14T04:09:47.548+0000] {dagbag.py:346} ERROR - Failed to import: /opt/airflow/dags/airflow.py
Traceback (most recent call last):
  File "/home/airflow/.local/lib/python3.8/site-packages/airflow/models/dagbag.py", line 342, in parse
    loader.exec_module(new_module)
  File "<frozen importlib._bootstrap_external>", line 843, in exec_module
  File "<frozen importlib._bootstrap>", line 219, in _call_with_frames_removed
  File "/opt/airflow/dags/airflow.py", line 23, in <module>
    from data_preprocessing_scripts.preprocessing import preprocess_data
ModuleNotFoundError: No module named 'data_preprocessing_scripts'
[2026-08-14T04:09:47.549+0000] {processor.py:841} WARNING - No viable dags retrieved from /opt/airflow/dags/airflow.py
[2026-08-14T04:09:47.555+0000] {processor.py:179} INFO - Processing /opt/airflow/dags/airflow.py took 0.149 seconds
[2026-08-14T04:10:17.721+0000] {processor.py:157} INFO - Started process (PID=14645) to work on /opt/airflow/dags/airflow.py
[2026-08-14T04:10:17.721+0000] {processor.py:829} INFO - Processing file /opt/airflow/dags/airflow.py for tasks to queue
[2026-08-14T04:10:17.722+0000] {logging_mixin.py:151} INFO - [2026-08-14T04:10:17.722+0000] {dagbag.py:536} INFO - Filling up the DagBag from /opt/airflow/dags/airflow.py
[2026-08-14T04:10:17.851+0000] {logging_mixin.py:151} INFO - [2026-08-14T04:10:17.850+0000] {dagbag.py:346} ERROR - Failed to import: /opt/airflow/dags/airflow.py
Traceback (most recent call last):
  File "/home/airflow/.local/lib/python3.8/site-packages/airflow/models/dagbag.py", line 342, in parse
    loader.exec_module(new_module)
  File "<frozen importlib._bootstrap_external>", line 843, in exec_module
  File "<frozen importlib._bootstrap>", line 219, in _call_with_frames_removed
  File "/opt/airflow/dags/airflow.py", line 23, in <module>
    from data_preprocessing_scripts.preprocessing import preprocess_data
ModuleNotFoundError: No module named 'data_preprocessing_scripts'
[2026-08-14T04:10:17.851+0000] {processor.py:841} WARNING - No viable dags retrieved from /opt/airflow/dags/airflow.py
[2026-08-14T04:10:17.857+0000] {processor.py:179} INFO - Processing /opt/airflow/dags/airflow.py took 0.138 seconds
[2026-08-14T04:10:48.091+0000] {processor.py:157} INFO - Started process (PID=14653) to work on /opt/airflow/dags/airflow.py
[2026-08-14T04:10:48.092+0000] {processor.py:829} INFO - Processing file /opt/airflow/dags/airflow.py for tasks to queue
[2026-08-14T04:10:48.095+0000] {logging_mixin.py:151} INFO - [2026-08-14T04:10:48.095+0000] {dagbag.py:536} INFO - Filling up the DagBag from /opt/airflow/dags/airflow.py
[2026-08-14T04:10:48.226+0000] {logging_mixin.py:151} INFO - [2026-08-14T04:10:48.225+0000] {dagbag.py:346} ERROR - Failed to import: /opt/airflow/dags/airflow.py
Traceback (most recent call last):
  File "/home/airflow/.local/lib/python3.8/site-packages/airflow/models/dagbag.py", line 342, in parse
    loader.exec_module(new_module)
  File "<frozen importlib._bootstrap_external>", line 843, in exec_module
  File "<frozen importlib._bootstrap>", line 219, in _call_with_frames_removed
  File "/opt/airflow/dags/airflow.py", line 23, in <module>
    from data_preprocessing_scripts.preprocessing import preprocess_data
ModuleNotFoundError: No module named 'data_preprocessing_scripts'
[2026-08-14T04:10:48.226+0000] {processor.py:841} WARNING - No viable dags retrieved from /opt/airflow/dags/airflow.py
[2026-08-14T04:10:48.232+0000] {processor.py:179} INFO - Processing /opt/airflow/dags/airflow.py took 0.145 seconds
[2026-08-14T04:11:18.357+0000] {processor.py:157} INFO - Started process (PID=14661) to work on /opt/airflow/dags/airflow.py
[2026-08-14T04:11:18.358+0000] {processor.py:829} INFO - Processing file /opt/airflow/dags/airflow.py for tasks to queue
[2026-08-14T04:11:18.359+0000] {logging_mixin.py:151} INFO - [2026-08-14T04:11:18.359+0000] {dagbag.py:536} INFO - Filling up the DagBag from /opt/airflow/dags/airflow.py
[2026-08-14T04:11:18.501+0000] {logging_mixin.py:151} INFO - [2026-08-14T04:11:18.500+0000] {dagbag.py:346} ERROR - Failed to import: /opt/airflow/dags/airflow.py
Traceback (most recent call last):
  File "/home/airflow/.local/lib/python3.8/site-packages/airflow/models/dagbag.py", line 342, in parse
    loader.exec_module(new_module)
  File "<frozen importlib._bootstrap_external>", line 843, in exec_module
  File "<frozen importlib._bootstrap>", line 219, in _call_with_frames_removed
  File "/opt/airflow/dags/airflow.py", line 23, in <module>
    from data_preprocessing_scripts.preprocessing import preprocess_data
ModuleNotFoundError: No module named 'data_preprocessing_scripts'
[2026-08-14T04:11:18.501+0000] {processor.py:841} WARNING - No viable dags retrieved from /opt/airflow/dags/airflow.py
[2026-08-14T04:11:18.507+0000] {processor.py:179} INFO - Processing /opt/airflow/dags/airflow.py took 0.153 seconds
[2026-08-14T04:11:48.657+0000] {processor.py:157} INFO - Started process (PID=14669) to work on /opt/airflow/dags/airflow.py
[2026-08-14T04:11:48.658+0000] {processor.py:829} INFO - Processing file /opt/airflow/dags/airflow.py for tasks to queue
[2026-08-14T04:11:48.660+0000] {logging_mixin.py:151} INFO - [2026-08-14T04:11:48.660+0000] {dagbag.py:536} INFO - Filling up the DagBag from /opt/airflow/dags/airflow.py
[2026-08-14T04:11:48.813+0000] {logging_mixin.py:151} INFO - [2026-08-14T04:11:48.812+0000] {dagbag.py:346} ERROR - Failed to import: /opt/airflow/dags/airflow.py
Traceback (most recent call last):
  File "/home/airflow/.local/lib/python3.8/site-packages/airflow/models/dagbag.py", line 342, in parse
    loader.exec_module(new_module)
  File "<frozen importlib._bootstrap_external>", line 843, in exec_module
  File "<frozen importlib._bootstrap>", line 219, in _call_with_frames_removed
  File "/opt/airflow/dags/airflow.py", line 23, in <module>
    from data_preprocessing_scripts.preprocessing import preprocess_data
ModuleNotFoundError: No module named 'data_preprocessing_scripts'
[2026-08-14T04:11:48.813+0000] {processor.py:841} WARNING - No viable dags retrieved from /opt/airflow/dags/airflow.py
[2026-08-14T04:11:48.819+0000] {processor.py:179} INFO - Processing /opt/airflow/dags/airflow.py took 0.166 seconds
[2026-08-14T04:12:18.978+0000] {processor.py:157} INFO - Started process (PID=14677) to work on /opt/airflow/dags/airflow.py
[2026-08-14T04:12:18.979+0000] {processor.py:829} INFO - Processing file /opt/airflow/dags/airflow.py for tasks to queue
[2026-08-14T04:12:18.982+0000] {logging_mixin.py:151} INFO - [2026-08-14T04:12:18.982+0000] {dagbag.py:536} INFO - Filling up the DagBag from /opt/airflow/dags/airflow.py
[2026-08-14T04:12:19.155+0000] {logging_mixin.py:151} INFO - [2026-08-14T04:12:19.155+0000] {dagbag.py:346} ERROR - Failed to import: /opt/airflow/dags/airflow.py
Traceback (most recent call last):
  File "/home/airflow/.local/lib/python3.8/site-packages/airflow/models/dagbag.py", line 342, in parse
    loader.exec_module(new_module)
  File "<frozen importlib._bootstrap_external>", line 843, in exec_module
  File "<frozen importlib._bootstrap>", line 219, in _call_with_frames_removed
  File "/opt/airflow/dags/airflow.py", line 23, in <module>
    from data_preprocessing_scripts.preprocessing import preprocess_data
ModuleNotFoundError: No module named 'data_preprocessing_scripts'
[2026-08-14T04:12:19.156+0000] {processor.py:841} WARNING - No viable dags retrieved from /opt/airflow/dags/airflow.py
[2026-08-14T04:12:19.162+0000] {processor.py:179} INFO - Processing /opt/airflow/dags/airflow.py took 0.188 seconds
[2026-08-14T04:12:49.298+0000] {processor.py:157} INFO - Started process (PID=14685) to work on /opt/airflow/dags/airflow.py
[2026-08-14T04:12:49.299+0000] {processor.py:829} INFO - Processing file /opt/airflow/dags/airflow.py for tasks to queue
[2026-08-14T04:12:49.301+0000] {logging_mixin.py:151} INFO - [2026-08-14T04:12:49.301+0000] {dagbag.py:536} INFO - Filling up the DagBag from /opt/airflow/dags/airflow.py
[2026-08-14T04:12:49.452+0000] {logging_mixin.py:151} INFO - [2026-08-14T04:12:49.451+0000] {dagbag.py:346} ERROR - Failed to import: /opt/airflow/dags/airflow.py
Traceback (most recent call last):
  File "/home/airflow/.local/lib/python3.8/site-packages/airflow/models/dagbag.py", line 342, in parse
    loader.exec_module(new_module)
  File "<frozen importlib._bootstrap_external>", line 843, in exec_module
  File "<frozen importlib._bootstrap>", line 219, in _call_with_frames_removed
  File "/opt/airflow/dags/airflow.py", line 23, in <module>
    from data_preprocessing_scripts.preprocessing import preprocess_data
ModuleNotFoundError: No module named 'data_preprocessing_scripts'
[2026-08-14T04:12:49.452+0000] {processor.py:841} WARNING - No viable dags retrieved from /opt/airflow/dags/airflow.py
[2026-08-14T04:12:49.459+0000] {processor.py:179} INFO - Processing /opt/airflow/dags/airflow.py took 0.165 seconds
[2026-08-14T04:13:19.638+0000] {processor.py:157} INFO - Started process (PID=14693) to work on /opt/airflow/dags/airflow.py
[2026-08-14T04:13:19.638+0000] {processor.py:829} INFO - Processing file /opt/airflow/dags/airflow.py for tasks to queue
[2026-08-14T04:13:19.640+0000] {logging_mixin.py:151} INFO - [2026-08-14T04:13:19.640+0000] {dagbag.py:536} INFO - Filling up the DagBag from /opt/airflow/dags/airflow.py
[2026-08-14T04:13:19.776+0000] {logging_mixin.py:151} INFO - [2026-08-14T04:13:19.775+0000] {dagbag.py:346} ERROR - Failed to import: /opt/airflow/dags/airflow.py
Traceback (most recent call last):
  File "/home/airflow/.local/lib/python3.8/site-packages/airflow/models/dagbag.py", line 342, in parse
    loader.exec_module(new_module)
  File "<frozen importlib._bootstrap_external>", line 843, in exec_module
  File "<frozen importlib._bootstrap>", line 219, in _call_with_frames_removed
  File "/opt/airflow/dags/airflow.py", line 23, in <module>
    from data_preprocessing_scripts.preprocessing import preprocess_data
ModuleNotFoundError: No module named 'data_preprocessing_scripts'
[2026-08-14T04:13:19.776+0000] {processor.py:841} WARNING - No viable dags retrieved from /opt/airflow/dags/airflow.py
[2026-08-14T04:13:19.782+0000] {processor.py:179} INFO - Processing /opt/airflow/dags/airflow.py took 0.148 seconds
[2026-08-14T04:13:49.946+0000] {processor.py:157} INFO - Started process (PID=14701) to work on /opt/airflow/dags/airflow.py
[2026-08-14T04:13:49.947+0000] {processor.py:829} INFO - Processing file /opt/airflow/dags/airflow.py for tasks to queue
[2026-08-14T04:13:49.950+0000] {logging_mixin.py:151} INFO - [2026-08-14T04:13:49.950+0000] {dagbag.py:536} INFO - Filling up the DagBag from /opt/airflow/dags/airflow.py
[2026-08-14T04:13:50.086+0000] {logging_mixin.py:151} INFO - [2026-08-14T04:13:50.086+0000] {dagbag.py:346} ERROR - Failed to import: /opt/airflow/dags/airflow.py
Traceback (most recent call last):
  File "/home/airflow/.local/lib/python3.8/site-packages/airflow/models/dagbag.py", line 342, in parse
    loader.exec_module(new_module)
  File "<frozen importlib._bootstrap_external>", line 843, in exec_module
  File "<frozen importlib._bootstrap>", line 219, in _call_with_frames_removed
  File "/opt/airflow/dags/airflow.py", line 23, in <module>
    from data_preprocessing_scripts.preprocessing import preprocess_data
ModuleNotFoundError: No module named 'data_preprocessing_scripts'
[2026-08-14T04:13:50.086+0000] {processor.py:841} WARNING - No viable dags retrieved from /opt/airflow/dags/airflow.py
[2026-08-14T04:13:50.093+0000] {processor.py:179} INFO - Processing /opt/airflow/dags/airflow.py took 0.151 seconds
[2026-08-14T04:14:20.284+0000] {processor.py:157} INFO - Started process (PID=14709) to work on /opt/airflow/dags/airflow.py
[2026-08-14T04:14:20.285+0000] {processor.py:829} INFO - Processing file /opt/airflow/dags/airflow.py for tasks to queue
[2026-08-14T04:14:20.288+0000] {logging_mixin.py:151} INFO - [2026-08-14T04:14:20.288+0000] {dagbag.py:536} INFO - Filling up the DagBag from /opt/airflow/dags/airflow.py
[2026-08-14T04:14:20.426+0000] {logging_mixin.py:151} INFO - [2026-08-14T04:14:20.426+0000] {dagbag.py:346} ERROR - Failed to import: /opt/airflow/dags/airflow.py
Traceback (most recent call last):
  File "/home/airflow/.local/lib/python3.8/site-packages/airflow/models/dagbag.py", line 342, in parse
    loader.exec_module(new_module)
  File "<frozen importlib._bootstrap_external>", line 843, in exec_module
  File "<frozen importlib._bootstrap>", line 219, in _call_with_frames_removed
  File "/opt/airflow/dags/airflow.py", line 23, in <module>
    from data_preprocessing_scripts.preprocessing import preprocess_data
ModuleNotFoundError: No module named 'data_preprocessing_scripts'
[2026-08-14T04:14:20.426+0000] {processor.py:841} WARNING - No viable dags retrieved from /opt/airflow/dags/airflow.py
[2026-08-14T04:14:20.433+0000] {processor.py:179} INFO - Processing /opt/airflow/dags/airflow.py took 0.153 seconds
[2026-08-14T04:14:50.568+0000] {processor.py:157} INFO - Started process (PID=14717) to work on /opt/airflow/dags/airflow.py
[2026-08-14T04:14:50.568+0000] {processor.py:829} INFO - Processing file /opt/airflow/dags/airflow.py for tasks to queue
[2026-08-14T04:14:50.570+0000] {logging_mixin.py:151} INFO - [2026-08-14T04:14:50.570+0000] {dagbag.py:536} INFO - Filling up the DagBag from /opt/airflow/dags/airflow.py
[2026-08-14T04:14:50.704+0000] {logging_mixin.py:151} INFO - [2026-08-14T04:14:50.704+0000] {dagbag.py:346} ERROR - Failed to import: /opt/airflow/dags/airflow.py
Traceback (most recent call last):
  File "/home/airflow/.local/lib/python3.8/site-packages/airflow/models/dagbag.py", line 342, in parse
    loader.exec_module(new_module)
  File "<frozen importlib._bootstrap_external>", line 843, in exec_module
  File "<frozen importlib._bootstrap>", line 219, in _call_with_frames_removed
  File "/opt/airflow/dags/airflow.py", line 23, in <module>
    from data_preprocessing_scripts.preprocessing import preprocess_data
ModuleNotFoundError: No module named 'data_preprocessing_scripts'
[2026-08-14T04:14:50.705+0000] {processor.py:841} WARNING - No viable dags retrieved from /opt/airflow/dags/airflow.py
[2026-08-14T04:14:50.711+0000] {processor.py:179} INFO - Processing /opt/airflow/dags/airflow.py took 0.148 seconds
[2026-08-14T04:15:20.892+0000] {processor.py:157} INFO - Started process (PID=14725) to work on /opt/airflow/dags/airflow.py
[2026-08-14T04:15:20.893+0000] {processor.py:829} INFO - Processing file /opt/airflow/dags/airflow.py for tasks to queue
[2026-08-14T04:15:20.894+0000] {logging_mixin.py:151} INFO - [2026-08-14T04:15:20.894+0000] {dagbag.py:536} INFO - Filling up the DagBag from /opt/airflow/dags/airflow.py
[2026-08-14T04:15:21.023+0000] {logging_mixin.py:151} INFO - [2026-08-14T04:15:21.023+0000] {dagbag.py:346} ERROR - Failed to import: /opt/airflow/dags/airflow.py
Traceback (most recent call last):
  File "/home/airflow/.local/lib/python3.8/site-packages/airflow/models/dagbag.py", line 342, in parse
    loader.exec_module(new_module)
  File "<frozen importlib._bootstrap_external>", line 843, in exec_module
  File "<frozen importlib._bootstrap>", line 219, in _call_with_frames_removed
  File "/opt/airflow/dags/airflow.py", line 23, in <module>
    from data_preprocessing_scripts.preprocessing import preprocess_data
ModuleNotFoundError: No module named 'data_preprocessing_scripts'
[2026-08-14T04:15:21.023+0000] {processor.py:841} WARNING - No viable dags retrieved from /opt/airflow/dags/airflow.py
[2026-08-14T04:15:21.030+0000] {processor.py:179} INFO - Processing /opt/airflow/dags/airflow.py took 0.141 seconds
[2026-08-14T04:15:51.206+0000] {processor.py:157} INFO - Started process (PID=14733) to work on /opt/airflow/dags/airflow.py
[2026-08-14T04:15:51.207+0000] {processor.py:829} INFO - Processing file /opt/airflow/dags/airflow.py for tasks to queue
[2026-08-14T04:15:51.209+0000] {logging_mixin.py:151} INFO - [2026-08-14T04:15:51.208+0000] {dagbag.py:536} INFO - Filling up the DagBag from /opt/airflow/dags/airflow.py
[2026-08-14T04:15:51.347+0000] {logging_mixin.py:151} INFO - [2026-08-14T04:15:51.347+0000] {dagbag.py:346} ERROR - Failed to import: /opt/airflow/dags/airflow.py
Traceback (most recent call last):
  File "/home/airflow/.local/lib/python3.8/site-packages/airflow/models/dagbag.py", line 342, in parse
    loader.exec_module(new_module)
  File "<frozen importlib._bootstrap_external>", line 843, in exec_module
  File "<frozen importlib._bootstrap>", line 219, in _call_with_frames_removed
  File "/opt/airflow/dags/airflow.py", line 23, in <module>
    from data_preprocessing_scripts.preprocessing import preprocess_data
ModuleNotFoundError: No module named 'data_preprocessing_scripts'
[2026-08-14T04:15:51.347+0000] {processor.py:841} WARNING - No viable dags retrieved from /opt/airflow/dags/airflow.py
[2026-08-14T04:15:51.354+0000] {processor.py:179} INFO - Processing /opt/airflow/dags/airflow.py took 0.151 seconds
[2026-08-14T04:16:21.526+0000] {processor.py:157} INFO - Started process (PID=14741) to work on /opt/airflow/dags/airflow.py
[2026-08-14T04:16:21.528+0000] {processor.py:829} INFO - Processing file /opt/airflow/dags/airflow.py for tasks to queue
[2026-08-14T04:16:21.530+0000] {logging_mixin.py:151} INFO - [2026-08-14T04:16:21.530+0000] {dagbag.py:536} INFO - Filling up the DagBag from /opt/airflow/dags/airflow.py
[2026-08-14T04:16:21.676+0000] {logging_mixin.py:151} INFO - [2026-08-14T04:16:21.675+0000] {dagbag.py:346} ERROR - Failed to import: /opt/airflow/dags/airflow.py
Traceback (most recent call last):
  File "/home/airflow/.local/lib/python3.8/site-packages/airflow/models/dagbag.py", line 342, in parse
    loader.exec_module(new_module)
  File "<frozen importlib._bootstrap_external>", line 843, in exec_module
  File "<frozen importlib._bootstrap>", line 219, in _call_with_frames_removed
  File "/opt/airflow/dags/airflow.py", line 23, in <module>
    from data_preprocessing_scripts.preprocessing import preprocess_data
ModuleNotFoundError: No module named 'data_preprocessing_scripts'
[2026-08-14T04:16:21.676+0000] {processor.py:841} WARNING - No viable dags retrieved from /opt/airflow/dags/airflow.py
[2026-08-14T04:16:21.682+0000] {processor.py:179} INFO - Processing /opt/airflow/dags/airflow.py took 0.159 seconds
[2026-08-14T04:16:51.823+0000] {processor.py:157} INFO - Started process (PID=14749) to work on /opt/airflow/dags/airflow.py
[2026-08-14T04:16:51.824+0000] {processor.py:829} INFO - Processing file /opt/airflow/dags/airflow.py for tasks to queue
[2026-08-14T04:16:51.826+0000] {logging_mixin.py:151} INFO - [2026-08-14T04:16:51.826+0000] {dagbag.py:536} INFO - Filling up the DagBag from /opt/airflow/dags/airflow.py
[2026-08-14T04:16:51.966+0000] {logging_mixin.py:151} INFO - [2026-08-14T04:16:51.965+0000] {dagbag.py:346} ERROR - Failed to import: /opt/airflow/dags/airflow.py
Traceback (most recent call last):
  File "/home/airflow/.local/lib/python3.8/site-packages/airflow/models/dagbag.py", line 342, in parse
    loader.exec_module(new_module)
  File "<frozen importlib._bootstrap_external>", line 843, in exec_module
  File "<frozen importlib._bootstrap>", line 219, in _call_with_frames_removed
  File "/opt/airflow/dags/airflow.py", line 23, in <module>
    from data_preprocessing_scripts.preprocessing import preprocess_data
ModuleNotFoundError: No module named 'data_preprocessing_scripts'
[2026-08-14T04:16:51.966+0000] {processor.py:841} WARNING - No viable dags retrieved from /opt/airflow/dags/airflow.py
[2026-08-14T04:16:51.972+0000] {processor.py:179} INFO - Processing /opt/airflow/dags/airflow.py took 0.153 seconds
[2026-08-14T04:17:22.121+0000] {processor.py:157} INFO - Started process (PID=14757) to work on /opt/airflow/dags/airflow.py
[2026-08-14T04:17:22.122+0000] {processor.py:829} INFO - Processing file /opt/airflow/dags/airflow.py for tasks to queue
[2026-08-14T04:17:22.123+0000] {logging_mixin.py:151} INFO - [2026-08-14T04:17:22.123+0000] {dagbag.py:536} INFO - Filling up the DagBag from /opt/airflow/dags/airflow.py
[2026-08-14T04:17:22.251+0000] {logging_mixin.py:151} INFO - [2026-08-14T04:17:22.251+0000] {dagbag.py:346} ERROR - Failed to import: /opt/airflow/dags/airflow.py
Traceback (most recent call last):
  File "/home/airflow/.local/lib/python3.8/site-packages/airflow/models/dagbag.py", line 342, in parse
    loader.exec_module(new_module)
  File "<frozen importlib._bootstrap_external>", line 843, in exec_module
  File "<frozen importlib._bootstrap>", line 219, in _call_with_frames_removed
  File "/opt/airflow/dags/airflow.py", line 23, in <module>
    from data_preprocessing_scripts.preprocessing import preprocess_data
ModuleNotFoundError: No module named 'data_preprocessing_scripts'
[2026-08-14T04:17:22.252+0000] {processor.py:841} WARNING - No viable dags retrieved from /opt/airflow/dags/airflow.py
[2026-08-14T04:17:22.258+0000] {processor.py:179} INFO - Processing /opt/airflow/dags/airflow.py took 0.140 seconds
[2026-08-14T04:17:52.455+0000] {processor.py:157} INFO - Started process (PID=14765) to work on /opt/airflow/dags/airflow.py
[2026-08-14T04:17:52.456+0000] {processor.py:829} INFO - Processing file /opt/airflow/dags/airflow.py for tasks to queue
[2026-08-14T04:17:52.457+0000] {logging_mixin.py:151} INFO - [2026-08-14T04:17:52.457+0000] {dagbag.py:536} INFO - Filling up the DagBag from /opt/airflow/dags/airflow.py
[2026-08-14T04:17:52.590+0000] {logging_mixin.py:151} INFO - [2026-08-14T04:17:52.589+0000] {dagbag.py:346} ERROR - Failed to import: /opt/airflow/dags/airflow.py
Traceback (most recent call last):
  File "/home/airflow/.local/lib/python3.8/site-packages/airflow/models/dagbag.py", line 342, in parse
    loader.exec_module(new_module)
  File "<frozen importlib._bootstrap_external>", line 843, in exec_module
  File "<frozen importlib._bootstrap>", line 219, in _call_with_frames_removed
  File "/opt/airflow/dags/airflow.py", line 23, in <module>
    from data_preprocessing_scripts.preprocessing import preprocess_data
ModuleNotFoundError: No module named 'data_preprocessing_scripts'
[2026-08-14T04:17:52.590+0000] {processor.py:841} WARNING - No viable dags retrieved from /opt/airflow/dags/airflow.py
[2026-08-14T04:17:52.597+0000] {processor.py:179} INFO - Processing /opt/airflow/dags/airflow.py took 0.146 seconds
[2026-08-14T04:18:22.778+0000] {processor.py:157} INFO - Started process (PID=14773) to work on /opt/airflow/dags/airflow.py
[2026-08-14T04:18:22.779+0000] {processor.py:829} INFO - Processing file /opt/airflow/dags/airflow.py for tasks to queue
[2026-08-14T04:18:22.782+0000] {logging_mixin.py:151} INFO - [2026-08-14T04:18:22.782+0000] {dagbag.py:536} INFO - Filling up the DagBag from /opt/airflow/dags/airflow.py
[2026-08-14T04:18:22.966+0000] {logging_mixin.py:151} INFO - [2026-08-14T04:18:22.965+0000] {dagbag.py:346} ERROR - Failed to import: /opt/airflow/dags/airflow.py
Traceback (most recent call last):
  File "/home/airflow/.local/lib/python3.8/site-packages/airflow/models/dagbag.py", line 342, in parse
    loader.exec_module(new_module)
  File "<frozen importlib._bootstrap_external>", line 843, in exec_module
  File "<frozen importlib._bootstrap>", line 219, in _call_with_frames_removed
  File "/opt/airflow/dags/airflow.py", line 23, in <module>
    from data_preprocessing_scripts.preprocessing import preprocess_data
ModuleNotFoundError: No module named 'data_preprocessing_scripts'
[2026-08-14T04:18:22.966+0000] {processor.py:841} WARNING - No viable dags retrieved from /opt/airflow/dags/airflow.py
[2026-08-14T04:18:22.974+0000] {processor.py:179} INFO - Processing /opt/airflow/dags/airflow.py took 0.200 seconds
[2026-08-14T04:18:53.112+0000] {processor.py:157} INFO - Started process (PID=14787) to work on /opt/airflow/dags/airflow.py
[2026-08-14T04:18:53.112+0000] {processor.py:829} INFO - Processing file /opt/airflow/dags/airflow.py for tasks to queue
[2026-08-14T04:18:53.114+0000] {logging_mixin.py:151} INFO - [2026-08-14T04:18:53.114+0000] {dagbag.py:536} INFO - Filling up the DagBag from /opt/airflow/dags/airflow.py
[2026-08-14T04:18:53.260+0000] {logging_mixin.py:151} INFO - [2026-08-14T04:18:53.260+0000] {dagbag.py:346} ERROR - Failed to import: /opt/airflow/dags/airflow.py
Traceback (most recent call last):
  File "/home/airflow/.local/lib/python3.8/site-packages/airflow/models/dagbag.py", line 342, in parse
    loader.exec_module(new_module)
  File "<frozen importlib._bootstrap_external>", line 843, in exec_module
  File "<frozen importlib._bootstrap>", line 219, in _call_with_frames_removed
  File "/opt/airflow/dags/airflow.py", line 23, in <module>
    from data_preprocessing_scripts.preprocessing import preprocess_data
ModuleNotFoundError: No module named 'data_preprocessing_scripts'
[2026-08-14T04:18:53.260+0000] {processor.py:841} WARNING - No viable dags retrieved from /opt/airflow/dags/airflow.py
[2026-08-14T04:18:53.268+0000] {processor.py:179} INFO - Processing /opt/airflow/dags/airflow.py took 0.159 seconds
[2026-08-14T04:19:23.425+0000] {processor.py:157} INFO - Started process (PID=14795) to work on /opt/airflow/dags/airflow.py
[2026-08-14T04:19:23.426+0000] {processor.py:829} INFO - Processing file /opt/airflow/dags/airflow.py for tasks to queue
[2026-08-14T04:19:23.427+0000] {logging_mixin.py:151} INFO - [2026-08-14T04:19:23.427+0000] {dagbag.py:536} INFO - Filling up the DagBag from /opt/airflow/dags/airflow.py
[2026-08-14T04:19:23.579+0000] {logging_mixin.py:151} INFO - [2026-08-14T04:19:23.578+0000] {dagbag.py:346} ERROR - Failed to import: /opt/airflow/dags/airflow.py
Traceback (most recent call last):
  File "/home/airflow/.local/lib/python3.8/site-packages/airflow/models/dagbag.py", line 342, in parse
    loader.exec_module(new_module)
  File "<frozen importlib._bootstrap_external>", line 843, in exec_module
  File "<frozen importlib._bootstrap>", line 219, in _call_with_frames_removed
  File "/opt/airflow/dags/airflow.py", line 23, in <module>
    from data_preprocessing_scripts.preprocessing import preprocess_data
ModuleNotFoundError: No module named 'data_preprocessing_scripts'
[2026-08-14T04:19:23.580+0000] {processor.py:841} WARNING - No viable dags retrieved from /opt/airflow/dags/airflow.py
[2026-08-14T04:19:23.589+0000] {processor.py:179} INFO - Processing /opt/airflow/dags/airflow.py took 0.165 seconds
[2026-08-14T04:19:53.728+0000] {processor.py:157} INFO - Started process (PID=14803) to work on /opt/airflow/dags/airflow.py
[2026-08-14T04:19:53.729+0000] {processor.py:829} INFO - Processing file /opt/airflow/dags/airflow.py for tasks to queue
[2026-08-14T04:19:53.730+0000] {logging_mixin.py:151} INFO - [2026-08-14T04:19:53.730+0000] {dagbag.py:536} INFO - Filling up the DagBag from /opt/airflow/dags/airflow.py
[2026-08-14T04:19:53.873+0000] {logging_mixin.py:151} INFO - [2026-08-14T04:19:53.872+0000] {dagbag.py:346} ERROR - Failed to import: /opt/airflow/dags/airflow.py
Traceback (most recent call last):
  File "/home/airflow/.local/lib/python3.8/site-packages/airflow/models/dagbag.py", line 342, in parse
    loader.exec_module(new_module)
  File "<frozen importlib._bootstrap_external>", line 843, in exec_module
  File "<frozen importlib._bootstrap>", line 219, in _call_with_frames_removed
  File "/opt/airflow/dags/airflow.py", line 23, in <module>
    from data_preprocessing_scripts.preprocessing import preprocess_data
ModuleNotFoundError: No module named 'data_preprocessing_scripts'
[2026-08-14T04:19:53.873+0000] {processor.py:841} WARNING - No viable dags retrieved from /opt/airflow/dags/airflow.py
[2026-08-14T04:19:53.879+0000] {processor.py:179} INFO - Processing /opt/airflow/dags/airflow.py took 0.155 seconds
[2026-08-14T04:20:24.015+0000] {processor.py:157} INFO - Started process (PID=14811) to work on /opt/airflow/dags/airflow.py
[2026-08-14T04:20:24.015+0000] {processor.py:829} INFO - Processing file /opt/airflow/dags/airflow.py for tasks to queue
[2026-08-14T04:20:24.017+0000] {logging_mixin.py:151} INFO - [2026-08-14T04:20:24.017+0000] {dagbag.py:536} INFO - Filling up the DagBag from /opt/airflow/dags/airflow.py
[2026-08-14T04:20:24.155+0000] {logging_mixin.py:151} INFO - [2026-08-14T04:20:24.154+0000] {dagbag.py:346} ERROR - Failed to import: /opt/airflow/dags/airflow.py
Traceback (most recent call last):
  File "/home/airflow/.local/lib/python3.8/site-packages/airflow/models/dagbag.py", line 342, in parse
    loader.exec_module(new_module)
  File "<frozen importlib._bootstrap_external>", line 843, in exec_module
  File "<frozen importlib._bootstrap>", line 219, in _call_with_frames_removed
  File "/opt/airflow/dags/airflow.py", line 23, in <module>
    from data_preprocessing_scripts.preprocessing import preprocess_data
ModuleNotFoundError: No module named 'data_preprocessing_scripts'
[2026-08-14T04:20:24.155+0000] {processor.py:841} WARNING - No viable dags retrieved from /opt/airflow/dags/airflow.py
[2026-08-14T04:20:24.161+0000] {processor.py:179} INFO - Processing /opt/airflow/dags/airflow.py took 0.149 seconds
[2026-08-14T04:20:54.337+0000] {processor.py:157} INFO - Started process (PID=14819) to work on /opt/airflow/dags/airflow.py
[2026-08-14T04:20:54.337+0000] {processor.py:829} INFO - Processing file /opt/airflow/dags/airflow.py for tasks to queue
[2026-08-14T04:20:54.338+0000] {logging_mixin.py:151} INFO - [2026-08-14T04:20:54.338+0000] {dagbag.py:536} INFO - Filling up the DagBag from /opt/airflow/dags/airflow.py
[2026-08-14T04:20:54.467+0000] {logging_mixin.py:151} INFO - [2026-08-14T04:20:54.467+0000] {dagbag.py:346} ERROR - Failed to import: /opt/airflow/dags/airflow.py
Traceback (most recent call last):
  File "/home/airflow/.local/lib/python3.8/site-packages/airflow/models/dagbag.py", line 342, in parse
    loader.exec_module(new_module)
  File "<frozen importlib._bootstrap_external>", line 843, in exec_module
  File "<frozen importlib._bootstrap>", line 219, in _call_with_frames_removed
  File "/opt/airflow/dags/airflow.py", line 23, in <module>
    from data_preprocessing_scripts.preprocessing import preprocess_data
ModuleNotFoundError: No module named 'data_preprocessing_scripts'
[2026-08-14T04:20:54.467+0000] {processor.py:841} WARNING - No viable dags retrieved from /opt/airflow/dags/airflow.py
[2026-08-14T04:20:54.474+0000] {processor.py:179} INFO - Processing /opt/airflow/dags/airflow.py took 0.139 seconds
[2026-08-14T04:21:24.638+0000] {processor.py:157} INFO - Started process (PID=14827) to work on /opt/airflow/dags/airflow.py
[2026-08-14T04:21:24.638+0000] {processor.py:829} INFO - Processing file /opt/airflow/dags/airflow.py for tasks to queue
[2026-08-14T04:21:24.639+0000] {logging_mixin.py:151} INFO - [2026-08-14T04:21:24.639+0000] {dagbag.py:536} INFO - Filling up the DagBag from /opt/airflow/dags/airflow.py
[2026-08-14T04:21:24.785+0000] {logging_mixin.py:151} INFO - [2026-08-14T04:21:24.784+0000] {dagbag.py:346} ERROR - Failed to import: /opt/airflow/dags/airflow.py
Traceback (most recent call last):
  File "/home/airflow/.local/lib/python3.8/site-packages/airflow/models/dagbag.py", line 342, in parse
    loader.exec_module(new_module)
  File "<frozen importlib._bootstrap_external>", line 843, in exec_module
  File "<frozen importlib._bootstrap>", line 219, in _call_with_frames_removed
  File "/opt/airflow/dags/airflow.py", line 23, in <module>
    from data_preprocessing_scripts.preprocessing import preprocess_data
ModuleNotFoundError: No module named 'data_preprocessing_scripts'
[2026-08-14T04:21:24.785+0000] {processor.py:841} WARNING - No viable dags retrieved from /opt/airflow/dags/airflow.py
[2026-08-14T04:21:24.797+0000] {processor.py:179} INFO - Processing /opt/airflow/dags/airflow.py took 0.161 seconds
[2026-08-14T04:21:54.953+0000] {processor.py:157} INFO - Started process (PID=14836) to work on /opt/airflow/dags/airflow.py
[2026-08-14T04:21:54.954+0000] {processor.py:829} INFO - Processing file /opt/airflow/dags/airflow.py for tasks to queue
[2026-08-14T04:21:54.958+0000] {logging_mixin.py:151} INFO - [2026-08-14T04:21:54.958+0000] {dagbag.py:536} INFO - Filling up the DagBag from /opt/airflow/dags/airflow.py
[2026-08-14T04:21:55.130+0000] {logging_mixin.py:151} INFO - [2026-08-14T04:21:55.129+0000] {dagbag.py:346} ERROR - Failed to import: /opt/airflow/dags/airflow.py
Traceback (most recent call last):
  File "/home/airflow/.local/lib/python3.8/site-packages/airflow/models/dagbag.py", line 342, in parse
    loader.exec_module(new_module)
  File "<frozen importlib._bootstrap_external>", line 843, in exec_module
  File "<frozen importlib._bootstrap>", line 219, in _call_with_frames_removed
  File "/opt/airflow/dags/airflow.py", line 23, in <module>
    from data_preprocessing_scripts.preprocessing import preprocess_data
ModuleNotFoundError: No module named 'data_preprocessing_scripts'
[2026-08-14T04:21:55.130+0000] {processor.py:841} WARNING - No viable dags retrieved from /opt/airflow/dags/airflow.py
[2026-08-14T04:21:55.136+0000] {processor.py:179} INFO - Processing /opt/airflow/dags/airflow.py took 0.186 seconds
[2026-08-14T04:22:25.223+0000] {processor.py:157} INFO - Started process (PID=14844) to work on /opt/airflow/dags/airflow.py
[2026-08-14T04:22:25.224+0000] {processor.py:829} INFO - Processing file /opt/airflow/dags/airflow.py for tasks to queue
[2026-08-14T04:22:25.225+0000] {logging_mixin.py:151} INFO - [2026-08-14T04:22:25.225+0000] {dagbag.py:536} INFO - Filling up the DagBag from /opt/airflow/dags/airflow.py
[2026-08-14T04:22:25.378+0000] {logging_mixin.py:151} INFO - [2026-08-14T04:22:25.377+0000] {dagbag.py:346} ERROR - Failed to import: /opt/airflow/dags/airflow.py
Traceback (most recent call last):
  File "/home/airflow/.local/lib/python3.8/site-packages/airflow/models/dagbag.py", line 342, in parse
    loader.exec_module(new_module)
  File "<frozen importlib._bootstrap_external>", line 843, in exec_module
  File "<frozen importlib._bootstrap>", line 219, in _call_with_frames_removed
  File "/opt/airflow/dags/airflow.py", line 23, in <module>
    from data_preprocessing_scripts.preprocessing import preprocess_data
ModuleNotFoundError: No module named 'data_preprocessing_scripts'
[2026-08-14T04:22:25.378+0000] {processor.py:841} WARNING - No viable dags retrieved from /opt/airflow/dags/airflow.py
[2026-08-14T04:22:25.384+0000] {processor.py:179} INFO - Processing /opt/airflow/dags/airflow.py took 0.164 seconds
[2026-08-14T04:22:55.529+0000] {processor.py:157} INFO - Started process (PID=14852) to work on /opt/airflow/dags/airflow.py
[2026-08-14T04:22:55.530+0000] {processor.py:829} INFO - Processing file /opt/airflow/dags/airflow.py for tasks to queue
[2026-08-14T04:22:55.531+0000] {logging_mixin.py:151} INFO - [2026-08-14T04:22:55.531+0000] {dagbag.py:536} INFO - Filling up the DagBag from /opt/airflow/dags/airflow.py
[2026-08-14T04:22:55.665+0000] {logging_mixin.py:151} INFO - [2026-08-14T04:22:55.665+0000] {dagbag.py:346} ERROR - Failed to import: /opt/airflow/dags/airflow.py
Traceback (most recent call last):
  File "/home/airflow/.local/lib/python3.8/site-packages/airflow/models/dagbag.py", line 342, in parse
    loader.exec_module(new_module)
  File "<frozen importlib._bootstrap_external>", line 843, in exec_module
  File "<frozen importlib._bootstrap>", line 219, in _call_with_frames_removed
  File "/opt/airflow/dags/airflow.py", line 23, in <module>
    from data_preprocessing_scripts.preprocessing import preprocess_data
ModuleNotFoundError: No module named 'data_preprocessing_scripts'
[2026-08-14T04:22:55.665+0000] {processor.py:841} WARNING - No viable dags retrieved from /opt/airflow/dags/airflow.py
[2026-08-14T04:22:55.672+0000] {processor.py:179} INFO - Processing /opt/airflow/dags/airflow.py took 0.145 seconds
[2026-08-14T04:23:25.852+0000] {processor.py:157} INFO - Started process (PID=14860) to work on /opt/airflow/dags/airflow.py
[2026-08-14T04:23:25.853+0000] {processor.py:829} INFO - Processing file /opt/airflow/dags/airflow.py for tasks to queue
[2026-08-14T04:23:25.855+0000] {logging_mixin.py:151} INFO - [2026-08-14T04:23:25.855+0000] {dagbag.py:536} INFO - Filling up the DagBag from /opt/airflow/dags/airflow.py
[2026-08-14T04:23:26.015+0000] {logging_mixin.py:151} INFO - [2026-08-14T04:23:26.015+0000] {dagbag.py:346} ERROR - Failed to import: /opt/airflow/dags/airflow.py
Traceback (most recent call last):
  File "/home/airflow/.local/lib/python3.8/site-packages/airflow/models/dagbag.py", line 342, in parse
    loader.exec_module(new_module)
  File "<frozen importlib._bootstrap_external>", line 843, in exec_module
  File "<frozen importlib._bootstrap>", line 219, in _call_with_frames_removed
  File "/opt/airflow/dags/airflow.py", line 23, in <module>
    from data_preprocessing_scripts.preprocessing import preprocess_data
ModuleNotFoundError: No module named 'data_preprocessing_scripts'
[2026-08-14T04:23:26.016+0000] {processor.py:841} WARNING - No viable dags retrieved from /opt/airflow/dags/airflow.py
[2026-08-14T04:23:26.023+0000] {processor.py:179} INFO - Processing /opt/airflow/dags/airflow.py took 0.174 seconds
[2026-08-14T04:23:56.133+0000] {processor.py:157} INFO - Started process (PID=14868) to work on /opt/airflow/dags/airflow.py
[2026-08-14T04:23:56.134+0000] {processor.py:829} INFO - Processing file /opt/airflow/dags/airflow.py for tasks to queue
[2026-08-14T04:23:56.136+0000] {logging_mixin.py:151} INFO - [2026-08-14T04:23:56.136+0000] {dagbag.py:536} INFO - Filling up the DagBag from /opt/airflow/dags/airflow.py
[2026-08-14T04:23:56.297+0000] {logging_mixin.py:151} INFO - [2026-08-14T04:23:56.296+0000] {dagbag.py:346} ERROR - Failed to import: /opt/airflow/dags/airflow.py
Traceback (most recent call last):
  File "/home/airflow/.local/lib/python3.8/site-packages/airflow/models/dagbag.py", line 342, in parse
    loader.exec_module(new_module)
  File "<frozen importlib._bootstrap_external>", line 843, in exec_module
  File "<frozen importlib._bootstrap>", line 219, in _call_with_frames_removed
  File "/opt/airflow/dags/airflow.py", line 23, in <module>
    from data_preprocessing_scripts.preprocessing import preprocess_data
ModuleNotFoundError: No module named 'data_preprocessing_scripts'
[2026-08-14T04:23:56.297+0000] {processor.py:841} WARNING - No viable dags retrieved from /opt/airflow/dags/airflow.py
[2026-08-14T04:23:56.305+0000] {processor.py:179} INFO - Processing /opt/airflow/dags/airflow.py took 0.175 seconds
[2026-08-14T04:24:26.467+0000] {processor.py:157} INFO - Started process (PID=14876) to work on /opt/airflow/dags/airflow.py
[2026-08-14T04:24:26.468+0000] {processor.py:829} INFO - Processing file /opt/airflow/dags/airflow.py for tasks to queue
[2026-08-14T04:24:26.469+0000] {logging_mixin.py:151} INFO - [2026-08-14T04:24:26.469+0000] {dagbag.py:536} INFO - Filling up the DagBag from /opt/airflow/dags/airflow.py
[2026-08-14T04:24:26.601+0000] {logging_mixin.py:151} INFO - [2026-08-14T04:24:26.600+0000] {dagbag.py:346} ERROR - Failed to import: /opt/airflow/dags/airflow.py
Traceback (most recent call last):
  File "/home/airflow/.local/lib/python3.8/site-packages/airflow/models/dagbag.py", line 342, in parse
    loader.exec_module(new_module)
  File "<frozen importlib._bootstrap_external>", line 843, in exec_module
  File "<frozen importlib._bootstrap>", line 219, in _call_with_frames_removed
  File "/opt/airflow/dags/airflow.py", line 23, in <module>
    from data_preprocessing_scripts.preprocessing import preprocess_data
ModuleNotFoundError: No module named 'data_preprocessing_scripts'
[2026-08-14T04:24:26.601+0000] {processor.py:841} WARNING - No viable dags retrieved from /opt/airflow/dags/airflow.py
[2026-08-14T04:24:26.607+0000] {processor.py:179} INFO - Processing /opt/airflow/dags/airflow.py took 0.142 seconds
[2026-08-14T04:24:56.782+0000] {processor.py:157} INFO - Started process (PID=14884) to work on /opt/airflow/dags/airflow.py
[2026-08-14T04:24:56.783+0000] {processor.py:829} INFO - Processing file /opt/airflow/dags/airflow.py for tasks to queue
[2026-08-14T04:24:56.787+0000] {logging_mixin.py:151} INFO - [2026-08-14T04:24:56.787+0000] {dagbag.py:536} INFO - Filling up the DagBag from /opt/airflow/dags/airflow.py
[2026-08-14T04:24:56.973+0000] {logging_mixin.py:151} INFO - [2026-08-14T04:24:56.973+0000] {dagbag.py:346} ERROR - Failed to import: /opt/airflow/dags/airflow.py
Traceback (most recent call last):
  File "/home/airflow/.local/lib/python3.8/site-packages/airflow/models/dagbag.py", line 342, in parse
    loader.exec_module(new_module)
  File "<frozen importlib._bootstrap_external>", line 843, in exec_module
  File "<frozen importlib._bootstrap>", line 219, in _call_with_frames_removed
  File "/opt/airflow/dags/airflow.py", line 23, in <module>
    from data_preprocessing_scripts.preprocessing import preprocess_data
ModuleNotFoundError: No module named 'data_preprocessing_scripts'
[2026-08-14T04:24:56.973+0000] {processor.py:841} WARNING - No viable dags retrieved from /opt/airflow/dags/airflow.py
[2026-08-14T04:24:56.980+0000] {processor.py:179} INFO - Processing /opt/airflow/dags/airflow.py took 0.202 seconds
[2026-08-14T04:25:27.099+0000] {processor.py:157} INFO - Started process (PID=14892) to work on /opt/airflow/dags/airflow.py
[2026-08-14T04:25:27.099+0000] {processor.py:829} INFO - Processing file /opt/airflow/dags/airflow.py for tasks to queue
[2026-08-14T04:25:27.101+0000] {logging_mixin.py:151} INFO - [2026-08-14T04:25:27.101+0000] {dagbag.py:536} INFO - Filling up the DagBag from /opt/airflow/dags/airflow.py
[2026-08-14T04:25:27.246+0000] {logging_mixin.py:151} INFO - [2026-08-14T04:25:27.246+0000] {dagbag.py:346} ERROR - Failed to import: /opt/airflow/dags/airflow.py
Traceback (most recent call last):
  File "/home/airflow/.local/lib/python3.8/site-packages/airflow/models/dagbag.py", line 342, in parse
    loader.exec_module(new_module)
  File "<frozen importlib._bootstrap_external>", line 843, in exec_module
  File "<frozen importlib._bootstrap>", line 219, in _call_with_frames_removed
  File "/opt/airflow/dags/airflow.py", line 23, in <module>
    from data_preprocessing_scripts.preprocessing import preprocess_data
ModuleNotFoundError: No module named 'data_preprocessing_scripts'
[2026-08-14T04:25:27.247+0000] {processor.py:841} WARNING - No viable dags retrieved from /opt/airflow/dags/airflow.py
[2026-08-14T04:25:27.253+0000] {processor.py:179} INFO - Processing /opt/airflow/dags/airflow.py took 0.157 seconds
[2026-08-14T04:25:57.388+0000] {processor.py:157} INFO - Started process (PID=14900) to work on /opt/airflow/dags/airflow.py
[2026-08-14T04:25:57.389+0000] {processor.py:829} INFO - Processing file /opt/airflow/dags/airflow.py for tasks to queue
[2026-08-14T04:25:57.390+0000] {logging_mixin.py:151} INFO - [2026-08-14T04:25:57.390+0000] {dagbag.py:536} INFO - Filling up the DagBag from /opt/airflow/dags/airflow.py
[2026-08-14T04:25:57.527+0000] {logging_mixin.py:151} INFO - [2026-08-14T04:25:57.527+0000] {dagbag.py:346} ERROR - Failed to import: /opt/airflow/dags/airflow.py
Traceback (most recent call last):
  File "/home/airflow/.local/lib/python3.8/site-packages/airflow/models/dagbag.py", line 342, in parse
    loader.exec_module(new_module)
  File "<frozen importlib._bootstrap_external>", line 843, in exec_module
  File "<frozen importlib._bootstrap>", line 219, in _call_with_frames_removed
  File "/opt/airflow/dags/airflow.py", line 23, in <module>
    from data_preprocessing_scripts.preprocessing import preprocess_data
ModuleNotFoundError: No module named 'data_preprocessing_scripts'
[2026-08-14T04:25:57.528+0000] {processor.py:841} WARNING - No viable dags retrieved from /opt/airflow/dags/airflow.py
[2026-08-14T04:25:57.534+0000] {processor.py:179} INFO - Processing /opt/airflow/dags/airflow.py took 0.148 seconds
[2026-08-14T04:26:27.683+0000] {processor.py:157} INFO - Started process (PID=14908) to work on /opt/airflow/dags/airflow.py
[2026-08-14T04:26:27.683+0000] {processor.py:829} INFO - Processing file /opt/airflow/dags/airflow.py for tasks to queue
[2026-08-14T04:26:27.685+0000] {logging_mixin.py:151} INFO - [2026-08-14T04:26:27.685+0000] {dagbag.py:536} INFO - Filling up the DagBag from /opt/airflow/dags/airflow.py
[2026-08-14T04:26:27.831+0000] {logging_mixin.py:151} INFO - [2026-08-14T04:26:27.830+0000] {dagbag.py:346} ERROR - Failed to import: /opt/airflow/dags/airflow.py
Traceback (most recent call last):
  File "/home/airflow/.local/lib/python3.8/site-packages/airflow/models/dagbag.py", line 342, in parse
    loader.exec_module(new_module)
  File "<frozen importlib._bootstrap_external>", line 843, in exec_module
  File "<frozen importlib._bootstrap>", line 219, in _call_with_frames_removed
  File "/opt/airflow/dags/airflow.py", line 23, in <module>
    from data_preprocessing_scripts.preprocessing import preprocess_data
ModuleNotFoundError: No module named 'data_preprocessing_scripts'
[2026-08-14T04:26:27.831+0000] {processor.py:841} WARNING - No viable dags retrieved from /opt/airflow/dags/airflow.py
[2026-08-14T04:26:27.838+0000] {processor.py:179} INFO - Processing /opt/airflow/dags/airflow.py took 0.158 seconds
[2026-08-14T04:26:57.955+0000] {processor.py:157} INFO - Started process (PID=14916) to work on /opt/airflow/dags/airflow.py
[2026-08-14T04:26:57.955+0000] {processor.py:829} INFO - Processing file /opt/airflow/dags/airflow.py for tasks to queue
[2026-08-14T04:26:57.957+0000] {logging_mixin.py:151} INFO - [2026-08-14T04:26:57.957+0000] {dagbag.py:536} INFO - Filling up the DagBag from /opt/airflow/dags/airflow.py
[2026-08-14T04:26:58.095+0000] {logging_mixin.py:151} INFO - [2026-08-14T04:26:58.094+0000] {dagbag.py:346} ERROR - Failed to import: /opt/airflow/dags/airflow.py
Traceback (most recent call last):
  File "/home/airflow/.local/lib/python3.8/site-packages/airflow/models/dagbag.py", line 342, in parse
    loader.exec_module(new_module)
  File "<frozen importlib._bootstrap_external>", line 843, in exec_module
  File "<frozen importlib._bootstrap>", line 219, in _call_with_frames_removed
  File "/opt/airflow/dags/airflow.py", line 23, in <module>
    from data_preprocessing_scripts.preprocessing import preprocess_data
ModuleNotFoundError: No module named 'data_preprocessing_scripts'
[2026-08-14T04:26:58.095+0000] {processor.py:841} WARNING - No viable dags retrieved from /opt/airflow/dags/airflow.py
[2026-08-14T04:26:58.101+0000] {processor.py:179} INFO - Processing /opt/airflow/dags/airflow.py took 0.149 seconds
[2026-08-14T04:27:28.263+0000] {processor.py:157} INFO - Started process (PID=14924) to work on /opt/airflow/dags/airflow.py
[2026-08-14T04:27:28.263+0000] {processor.py:829} INFO - Processing file /opt/airflow/dags/airflow.py for tasks to queue
[2026-08-14T04:27:28.265+0000] {logging_mixin.py:151} INFO - [2026-08-14T04:27:28.265+0000] {dagbag.py:536} INFO - Filling up the DagBag from /opt/airflow/dags/airflow.py
[2026-08-14T04:27:28.392+0000] {logging_mixin.py:151} INFO - [2026-08-14T04:27:28.391+0000] {dagbag.py:346} ERROR - Failed to import: /opt/airflow/dags/airflow.py
Traceback (most recent call last):
  File "/home/airflow/.local/lib/python3.8/site-packages/airflow/models/dagbag.py", line 342, in parse
    loader.exec_module(new_module)
  File "<frozen importlib._bootstrap_external>", line 843, in exec_module
  File "<frozen importlib._bootstrap>", line 219, in _call_with_frames_removed
  File "/opt/airflow/dags/airflow.py", line 23, in <module>
    from data_preprocessing_scripts.preprocessing import preprocess_data
ModuleNotFoundError: No module named 'data_preprocessing_scripts'
[2026-08-14T04:27:28.392+0000] {processor.py:841} WARNING - No viable dags retrieved from /opt/airflow/dags/airflow.py
[2026-08-14T04:27:28.399+0000] {processor.py:179} INFO - Processing /opt/airflow/dags/airflow.py took 0.139 seconds
[2026-08-14T04:27:58.577+0000] {processor.py:157} INFO - Started process (PID=14932) to work on /opt/airflow/dags/airflow.py
[2026-08-14T04:27:58.578+0000] {processor.py:829} INFO - Processing file /opt/airflow/dags/airflow.py for tasks to queue
[2026-08-14T04:27:58.580+0000] {logging_mixin.py:151} INFO - [2026-08-14T04:27:58.580+0000] {dagbag.py:536} INFO - Filling up the DagBag from /opt/airflow/dags/airflow.py
[2026-08-14T04:27:58.735+0000] {logging_mixin.py:151} INFO - [2026-08-14T04:27:58.735+0000] {dagbag.py:346} ERROR - Failed to import: /opt/airflow/dags/airflow.py
Traceback (most recent call last):
  File "/home/airflow/.local/lib/python3.8/site-packages/airflow/models/dagbag.py", line 342, in parse
    loader.exec_module(new_module)
  File "<frozen importlib._bootstrap_external>", line 843, in exec_module
  File "<frozen importlib._bootstrap>", line 219, in _call_with_frames_removed
  File "/opt/airflow/dags/airflow.py", line 23, in <module>
    from data_preprocessing_scripts.preprocessing import preprocess_data
ModuleNotFoundError: No module named 'data_preprocessing_scripts'
[2026-08-14T04:27:58.735+0000] {processor.py:841} WARNING - No viable dags retrieved from /opt/airflow/dags/airflow.py
[2026-08-14T04:27:58.743+0000] {processor.py:179} INFO - Processing /opt/airflow/dags/airflow.py took 0.170 seconds
[2026-08-14T04:28:28.899+0000] {processor.py:157} INFO - Started process (PID=14940) to work on /opt/airflow/dags/airflow.py
[2026-08-14T04:28:28.900+0000] {processor.py:829} INFO - Processing file /opt/airflow/dags/airflow.py for tasks to queue
[2026-08-14T04:28:28.901+0000] {logging_mixin.py:151} INFO - [2026-08-14T04:28:28.901+0000] {dagbag.py:536} INFO - Filling up the DagBag from /opt/airflow/dags/airflow.py
[2026-08-14T04:28:29.030+0000] {logging_mixin.py:151} INFO - [2026-08-14T04:28:29.030+0000] {dagbag.py:346} ERROR - Failed to import: /opt/airflow/dags/airflow.py
Traceback (most recent call last):
  File "/home/airflow/.local/lib/python3.8/site-packages/airflow/models/dagbag.py", line 342, in parse
    loader.exec_module(new_module)
  File "<frozen importlib._bootstrap_external>", line 843, in exec_module
  File "<frozen importlib._bootstrap>", line 219, in _call_with_frames_removed
  File "/opt/airflow/dags/airflow.py", line 23, in <module>
    from data_preprocessing_scripts.preprocessing import preprocess_data
ModuleNotFoundError: No module named 'data_preprocessing_scripts'
[2026-08-14T04:28:29.030+0000] {processor.py:841} WARNING - No viable dags retrieved from /opt/airflow/dags/airflow.py
[2026-08-14T04:28:29.038+0000] {processor.py:179} INFO - Processing /opt/airflow/dags/airflow.py took 0.142 seconds
[2026-08-14T04:28:59.173+0000] {processor.py:157} INFO - Started process (PID=14948) to work on /opt/airflow/dags/airflow.py
[2026-08-14T04:28:59.174+0000] {processor.py:829} INFO - Processing file /opt/airflow/dags/airflow.py for tasks to queue
[2026-08-14T04:28:59.176+0000] {logging_mixin.py:151} INFO - [2026-08-14T04:28:59.175+0000] {dagbag.py:536} INFO - Filling up the DagBag from /opt/airflow/dags/airflow.py
[2026-08-14T04:28:59.321+0000] {logging_mixin.py:151} INFO - [2026-08-14T04:28:59.320+0000] {dagbag.py:346} ERROR - Failed to import: /opt/airflow/dags/airflow.py
Traceback (most recent call last):
  File "/home/airflow/.local/lib/python3.8/site-packages/airflow/models/dagbag.py", line 342, in parse
    loader.exec_module(new_module)
  File "<frozen importlib._bootstrap_external>", line 843, in exec_module
  File "<frozen importlib._bootstrap>", line 219, in _call_with_frames_removed
  File "/opt/airflow/dags/airflow.py", line 23, in <module>
    from data_preprocessing_scripts.preprocessing import preprocess_data
ModuleNotFoundError: No module named 'data_preprocessing_scripts'
[2026-08-14T04:28:59.321+0000] {processor.py:841} WARNING - No viable dags retrieved from /opt/airflow/dags/airflow.py
[2026-08-14T04:28:59.328+0000] {processor.py:179} INFO - Processing /opt/airflow/dags/airflow.py took 0.158 seconds
[2026-08-14T04:29:29.480+0000] {processor.py:157} INFO - Started process (PID=14956) to work on /opt/airflow/dags/airflow.py
[2026-08-14T04:29:29.480+0000] {processor.py:829} INFO - Processing file /opt/airflow/dags/airflow.py for tasks to queue
[2026-08-14T04:29:29.481+0000] {logging_mixin.py:151} INFO - [2026-08-14T04:29:29.481+0000] {dagbag.py:536} INFO - Filling up the DagBag from /opt/airflow/dags/airflow.py
[2026-08-14T04:29:29.626+0000] {logging_mixin.py:151} INFO - [2026-08-14T04:29:29.626+0000] {dagbag.py:346} ERROR - Failed to import: /opt/airflow/dags/airflow.py
Traceback (most recent call last):
  File "/home/airflow/.local/lib/python3.8/site-packages/airflow/models/dagbag.py", line 342, in parse
    loader.exec_module(new_module)
  File "<frozen importlib._bootstrap_external>", line 843, in exec_module
  File "<frozen importlib._bootstrap>", line 219, in _call_with_frames_removed
  File "/opt/airflow/dags/airflow.py", line 23, in <module>
    from data_preprocessing_scripts.preprocessing import preprocess_data
ModuleNotFoundError: No module named 'data_preprocessing_scripts'
[2026-08-14T04:29:29.626+0000] {processor.py:841} WARNING - No viable dags retrieved from /opt/airflow/dags/airflow.py
[2026-08-14T04:29:29.633+0000] {processor.py:179} INFO - Processing /opt/airflow/dags/airflow.py took 0.156 seconds
[2026-08-14T04:29:59.789+0000] {processor.py:157} INFO - Started process (PID=14964) to work on /opt/airflow/dags/airflow.py
[2026-08-14T04:29:59.790+0000] {processor.py:829} INFO - Processing file /opt/airflow/dags/airflow.py for tasks to queue
[2026-08-14T04:29:59.793+0000] {logging_mixin.py:151} INFO - [2026-08-14T04:29:59.792+0000] {dagbag.py:536} INFO - Filling up the DagBag from /opt/airflow/dags/airflow.py
[2026-08-14T04:29:59.932+0000] {logging_mixin.py:151} INFO - [2026-08-14T04:29:59.932+0000] {dagbag.py:346} ERROR - Failed to import: /opt/airflow/dags/airflow.py
Traceback (most recent call last):
  File "/home/airflow/.local/lib/python3.8/site-packages/airflow/models/dagbag.py", line 342, in parse
    loader.exec_module(new_module)
  File "<frozen importlib._bootstrap_external>", line 843, in exec_module
  File "<frozen importlib._bootstrap>", line 219, in _call_with_frames_removed
  File "/opt/airflow/dags/airflow.py", line 23, in <module>
    from data_preprocessing_scripts.preprocessing import preprocess_data
ModuleNotFoundError: No module named 'data_preprocessing_scripts'
[2026-08-14T04:29:59.933+0000] {processor.py:841} WARNING - No viable dags retrieved from /opt/airflow/dags/airflow.py
[2026-08-14T04:29:59.940+0000] {processor.py:179} INFO - Processing /opt/airflow/dags/airflow.py took 0.155 seconds
[2026-08-14T04:30:30.112+0000] {processor.py:157} INFO - Started process (PID=14972) to work on /opt/airflow/dags/airflow.py
[2026-08-14T04:30:30.113+0000] {processor.py:829} INFO - Processing file /opt/airflow/dags/airflow.py for tasks to queue
[2026-08-14T04:30:30.114+0000] {logging_mixin.py:151} INFO - [2026-08-14T04:30:30.114+0000] {dagbag.py:536} INFO - Filling up the DagBag from /opt/airflow/dags/airflow.py
[2026-08-14T04:30:30.243+0000] {logging_mixin.py:151} INFO - [2026-08-14T04:30:30.242+0000] {dagbag.py:346} ERROR - Failed to import: /opt/airflow/dags/airflow.py
Traceback (most recent call last):
  File "/home/airflow/.local/lib/python3.8/site-packages/airflow/models/dagbag.py", line 342, in parse
    loader.exec_module(new_module)
  File "<frozen importlib._bootstrap_external>", line 843, in exec_module
  File "<frozen importlib._bootstrap>", line 219, in _call_with_frames_removed
  File "/opt/airflow/dags/airflow.py", line 23, in <module>
    from data_preprocessing_scripts.preprocessing import preprocess_data
ModuleNotFoundError: No module named 'data_preprocessing_scripts'
[2026-08-14T04:30:30.243+0000] {processor.py:841} WARNING - No viable dags retrieved from /opt/airflow/dags/airflow.py
[2026-08-14T04:30:30.250+0000] {processor.py:179} INFO - Processing /opt/airflow/dags/airflow.py took 0.140 seconds
[2026-08-14T04:31:00.442+0000] {processor.py:157} INFO - Started process (PID=14980) to work on /opt/airflow/dags/airflow.py
[2026-08-14T04:31:00.443+0000] {processor.py:829} INFO - Processing file /opt/airflow/dags/airflow.py for tasks to queue
[2026-08-14T04:31:00.447+0000] {logging_mixin.py:151} INFO - [2026-08-14T04:31:00.447+0000] {dagbag.py:536} INFO - Filling up the DagBag from /opt/airflow/dags/airflow.py
[2026-08-14T04:31:00.636+0000] {logging_mixin.py:151} INFO - [2026-08-14T04:31:00.635+0000] {dagbag.py:346} ERROR - Failed to import: /opt/airflow/dags/airflow.py
Traceback (most recent call last):
  File "/home/airflow/.local/lib/python3.8/site-packages/airflow/models/dagbag.py", line 342, in parse
    loader.exec_module(new_module)
  File "<frozen importlib._bootstrap_external>", line 843, in exec_module
  File "<frozen importlib._bootstrap>", line 219, in _call_with_frames_removed
  File "/opt/airflow/dags/airflow.py", line 23, in <module>
    from data_preprocessing_scripts.preprocessing import preprocess_data
ModuleNotFoundError: No module named 'data_preprocessing_scripts'
[2026-08-14T04:31:00.636+0000] {processor.py:841} WARNING - No viable dags retrieved from /opt/airflow/dags/airflow.py
[2026-08-14T04:31:00.643+0000] {processor.py:179} INFO - Processing /opt/airflow/dags/airflow.py took 0.207 seconds
[2026-08-14T04:31:30.769+0000] {processor.py:157} INFO - Started process (PID=14988) to work on /opt/airflow/dags/airflow.py
[2026-08-14T04:31:30.770+0000] {processor.py:829} INFO - Processing file /opt/airflow/dags/airflow.py for tasks to queue
[2026-08-14T04:31:30.772+0000] {logging_mixin.py:151} INFO - [2026-08-14T04:31:30.771+0000] {dagbag.py:536} INFO - Filling up the DagBag from /opt/airflow/dags/airflow.py
[2026-08-14T04:31:30.934+0000] {logging_mixin.py:151} INFO - [2026-08-14T04:31:30.933+0000] {dagbag.py:346} ERROR - Failed to import: /opt/airflow/dags/airflow.py
Traceback (most recent call last):
  File "/home/airflow/.local/lib/python3.8/site-packages/airflow/models/dagbag.py", line 342, in parse
    loader.exec_module(new_module)
  File "<frozen importlib._bootstrap_external>", line 843, in exec_module
  File "<frozen importlib._bootstrap>", line 219, in _call_with_frames_removed
  File "/opt/airflow/dags/airflow.py", line 23, in <module>
    from data_preprocessing_scripts.preprocessing import preprocess_data
ModuleNotFoundError: No module named 'data_preprocessing_scripts'
[2026-08-14T04:31:30.934+0000] {processor.py:841} WARNING - No viable dags retrieved from /opt/airflow/dags/airflow.py
[2026-08-14T04:31:30.941+0000] {processor.py:179} INFO - Processing /opt/airflow/dags/airflow.py took 0.176 seconds
[2026-08-14T04:32:01.017+0000] {processor.py:157} INFO - Started process (PID=14996) to work on /opt/airflow/dags/airflow.py
[2026-08-14T04:32:01.018+0000] {processor.py:829} INFO - Processing file /opt/airflow/dags/airflow.py for tasks to queue
[2026-08-14T04:32:01.021+0000] {logging_mixin.py:151} INFO - [2026-08-14T04:32:01.021+0000] {dagbag.py:536} INFO - Filling up the DagBag from /opt/airflow/dags/airflow.py
[2026-08-14T04:32:01.213+0000] {logging_mixin.py:151} INFO - [2026-08-14T04:32:01.212+0000] {dagbag.py:346} ERROR - Failed to import: /opt/airflow/dags/airflow.py
Traceback (most recent call last):
  File "/home/airflow/.local/lib/python3.8/site-packages/airflow/models/dagbag.py", line 342, in parse
    loader.exec_module(new_module)
  File "<frozen importlib._bootstrap_external>", line 843, in exec_module
  File "<frozen importlib._bootstrap>", line 219, in _call_with_frames_removed
  File "/opt/airflow/dags/airflow.py", line 23, in <module>
    from data_preprocessing_scripts.preprocessing import preprocess_data
ModuleNotFoundError: No module named 'data_preprocessing_scripts'
[2026-08-14T04:32:01.213+0000] {processor.py:841} WARNING - No viable dags retrieved from /opt/airflow/dags/airflow.py
[2026-08-14T04:32:01.222+0000] {processor.py:179} INFO - Processing /opt/airflow/dags/airflow.py took 0.208 seconds
[2026-08-14T04:49:09.844+0000] {processor.py:157} INFO - Started process (PID=15004) to work on /opt/airflow/dags/airflow.py
[2026-08-14T04:49:09.847+0000] {processor.py:829} INFO - Processing file /opt/airflow/dags/airflow.py for tasks to queue
[2026-08-14T04:49:09.850+0000] {logging_mixin.py:151} INFO - [2026-08-14T04:49:09.849+0000] {dagbag.py:536} INFO - Filling up the DagBag from /opt/airflow/dags/airflow.py
[2026-08-14T04:49:10.137+0000] {logging_mixin.py:151} INFO - [2026-08-14T04:49:10.136+0000] {dagbag.py:346} ERROR - Failed to import: /opt/airflow/dags/airflow.py
Traceback (most recent call last):
  File "/home/airflow/.local/lib/python3.8/site-packages/airflow/models/dagbag.py", line 342, in parse
    loader.exec_module(new_module)
  File "<frozen importlib._bootstrap_external>", line 843, in exec_module
  File "<frozen importlib._bootstrap>", line 219, in _call_with_frames_removed
  File "/opt/airflow/dags/airflow.py", line 23, in <module>
    from data_preprocessing_scripts.preprocessing import preprocess_data
ModuleNotFoundError: No module named 'data_preprocessing_scripts'
[2026-08-14T04:49:10.137+0000] {processor.py:841} WARNING - No viable dags retrieved from /opt/airflow/dags/airflow.py
[2026-08-14T04:49:10.148+0000] {processor.py:179} INFO - Processing /opt/airflow/dags/airflow.py took 0.306 seconds
[2026-08-14T05:07:23.708+0000] {processor.py:157} INFO - Started process (PID=15012) to work on /opt/airflow/dags/airflow.py
[2026-08-14T05:07:23.710+0000] {processor.py:829} INFO - Processing file /opt/airflow/dags/airflow.py for tasks to queue
[2026-08-14T05:07:23.714+0000] {logging_mixin.py:151} INFO - [2026-08-14T05:07:23.714+0000] {dagbag.py:536} INFO - Filling up the DagBag from /opt/airflow/dags/airflow.py
[2026-08-14T05:07:23.884+0000] {logging_mixin.py:151} INFO - [2026-08-14T05:07:23.884+0000] {dagbag.py:346} ERROR - Failed to import: /opt/airflow/dags/airflow.py
Traceback (most recent call last):
  File "/home/airflow/.local/lib/python3.8/site-packages/airflow/models/dagbag.py", line 342, in parse
    loader.exec_module(new_module)
  File "<frozen importlib._bootstrap_external>", line 843, in exec_module
  File "<frozen importlib._bootstrap>", line 219, in _call_with_frames_removed
  File "/opt/airflow/dags/airflow.py", line 23, in <module>
    from data_preprocessing_scripts.preprocessing import preprocess_data
ModuleNotFoundError: No module named 'data_preprocessing_scripts'
[2026-08-14T05:07:23.885+0000] {processor.py:841} WARNING - No viable dags retrieved from /opt/airflow/dags/airflow.py
[2026-08-14T05:07:23.894+0000] {processor.py:179} INFO - Processing /opt/airflow/dags/airflow.py took 0.189 seconds
[2026-08-14T05:07:54.036+0000] {processor.py:157} INFO - Started process (PID=15020) to work on /opt/airflow/dags/airflow.py
[2026-08-14T05:07:54.037+0000] {processor.py:829} INFO - Processing file /opt/airflow/dags/airflow.py for tasks to queue
[2026-08-14T05:07:54.040+0000] {logging_mixin.py:151} INFO - [2026-08-14T05:07:54.040+0000] {dagbag.py:536} INFO - Filling up the DagBag from /opt/airflow/dags/airflow.py
[2026-08-14T05:07:54.231+0000] {logging_mixin.py:151} INFO - [2026-08-14T05:07:54.231+0000] {dagbag.py:346} ERROR - Failed to import: /opt/airflow/dags/airflow.py
Traceback (most recent call last):
  File "/home/airflow/.local/lib/python3.8/site-packages/airflow/models/dagbag.py", line 342, in parse
    loader.exec_module(new_module)
  File "<frozen importlib._bootstrap_external>", line 843, in exec_module
  File "<frozen importlib._bootstrap>", line 219, in _call_with_frames_removed
  File "/opt/airflow/dags/airflow.py", line 23, in <module>
    from data_preprocessing_scripts.preprocessing import preprocess_data
ModuleNotFoundError: No module named 'data_preprocessing_scripts'
[2026-08-14T05:07:54.232+0000] {processor.py:841} WARNING - No viable dags retrieved from /opt/airflow/dags/airflow.py
[2026-08-14T05:07:54.239+0000] {processor.py:179} INFO - Processing /opt/airflow/dags/airflow.py took 0.209 seconds
[2026-08-14T05:08:24.346+0000] {processor.py:157} INFO - Started process (PID=15028) to work on /opt/airflow/dags/airflow.py
[2026-08-14T05:08:24.346+0000] {processor.py:829} INFO - Processing file /opt/airflow/dags/airflow.py for tasks to queue
[2026-08-14T05:08:24.350+0000] {logging_mixin.py:151} INFO - [2026-08-14T05:08:24.350+0000] {dagbag.py:536} INFO - Filling up the DagBag from /opt/airflow/dags/airflow.py
[2026-08-14T05:08:24.493+0000] {logging_mixin.py:151} INFO - [2026-08-14T05:08:24.493+0000] {dagbag.py:346} ERROR - Failed to import: /opt/airflow/dags/airflow.py
Traceback (most recent call last):
  File "/home/airflow/.local/lib/python3.8/site-packages/airflow/models/dagbag.py", line 342, in parse
    loader.exec_module(new_module)
  File "<frozen importlib._bootstrap_external>", line 843, in exec_module
  File "<frozen importlib._bootstrap>", line 219, in _call_with_frames_removed
  File "/opt/airflow/dags/airflow.py", line 23, in <module>
    from data_preprocessing_scripts.preprocessing import preprocess_data
ModuleNotFoundError: No module named 'data_preprocessing_scripts'
[2026-08-14T05:08:24.493+0000] {processor.py:841} WARNING - No viable dags retrieved from /opt/airflow/dags/airflow.py
[2026-08-14T05:08:24.500+0000] {processor.py:179} INFO - Processing /opt/airflow/dags/airflow.py took 0.158 seconds
[2026-08-14T05:08:54.626+0000] {processor.py:157} INFO - Started process (PID=15036) to work on /opt/airflow/dags/airflow.py
[2026-08-14T05:08:54.627+0000] {processor.py:829} INFO - Processing file /opt/airflow/dags/airflow.py for tasks to queue
[2026-08-14T05:08:54.630+0000] {logging_mixin.py:151} INFO - [2026-08-14T05:08:54.629+0000] {dagbag.py:536} INFO - Filling up the DagBag from /opt/airflow/dags/airflow.py
[2026-08-14T05:08:54.804+0000] {logging_mixin.py:151} INFO - [2026-08-14T05:08:54.803+0000] {dagbag.py:346} ERROR - Failed to import: /opt/airflow/dags/airflow.py
Traceback (most recent call last):
  File "/home/airflow/.local/lib/python3.8/site-packages/airflow/models/dagbag.py", line 342, in parse
    loader.exec_module(new_module)
  File "<frozen importlib._bootstrap_external>", line 843, in exec_module
  File "<frozen importlib._bootstrap>", line 219, in _call_with_frames_removed
  File "/opt/airflow/dags/airflow.py", line 23, in <module>
    from data_preprocessing_scripts.preprocessing import preprocess_data
ModuleNotFoundError: No module named 'data_preprocessing_scripts'
[2026-08-14T05:08:54.804+0000] {processor.py:841} WARNING - No viable dags retrieved from /opt/airflow/dags/airflow.py
[2026-08-14T05:08:54.812+0000] {processor.py:179} INFO - Processing /opt/airflow/dags/airflow.py took 0.191 seconds
[2026-08-14T05:09:24.960+0000] {processor.py:157} INFO - Started process (PID=15044) to work on /opt/airflow/dags/airflow.py
[2026-08-14T05:09:24.961+0000] {processor.py:829} INFO - Processing file /opt/airflow/dags/airflow.py for tasks to queue
[2026-08-14T05:09:24.963+0000] {logging_mixin.py:151} INFO - [2026-08-14T05:09:24.963+0000] {dagbag.py:536} INFO - Filling up the DagBag from /opt/airflow/dags/airflow.py
[2026-08-14T05:09:25.115+0000] {logging_mixin.py:151} INFO - [2026-08-14T05:09:25.114+0000] {dagbag.py:346} ERROR - Failed to import: /opt/airflow/dags/airflow.py
Traceback (most recent call last):
  File "/home/airflow/.local/lib/python3.8/site-packages/airflow/models/dagbag.py", line 342, in parse
    loader.exec_module(new_module)
  File "<frozen importlib._bootstrap_external>", line 843, in exec_module
  File "<frozen importlib._bootstrap>", line 219, in _call_with_frames_removed
  File "/opt/airflow/dags/airflow.py", line 23, in <module>
    from data_preprocessing_scripts.preprocessing import preprocess_data
ModuleNotFoundError: No module named 'data_preprocessing_scripts'
[2026-08-14T05:09:25.115+0000] {processor.py:841} WARNING - No viable dags retrieved from /opt/airflow/dags/airflow.py
[2026-08-14T05:09:25.121+0000] {processor.py:179} INFO - Processing /opt/airflow/dags/airflow.py took 0.164 seconds
[2026-08-14T05:09:55.246+0000] {processor.py:157} INFO - Started process (PID=15052) to work on /opt/airflow/dags/airflow.py
[2026-08-14T05:09:55.247+0000] {processor.py:829} INFO - Processing file /opt/airflow/dags/airflow.py for tasks to queue
[2026-08-14T05:09:55.248+0000] {logging_mixin.py:151} INFO - [2026-08-14T05:09:55.248+0000] {dagbag.py:536} INFO - Filling up the DagBag from /opt/airflow/dags/airflow.py
[2026-08-14T05:09:55.399+0000] {logging_mixin.py:151} INFO - [2026-08-14T05:09:55.399+0000] {dagbag.py:346} ERROR - Failed to import: /opt/airflow/dags/airflow.py
Traceback (most recent call last):
  File "/home/airflow/.local/lib/python3.8/site-packages/airflow/models/dagbag.py", line 342, in parse
    loader.exec_module(new_module)
  File "<frozen importlib._bootstrap_external>", line 843, in exec_module
  File "<frozen importlib._bootstrap>", line 219, in _call_with_frames_removed
  File "/opt/airflow/dags/airflow.py", line 23, in <module>
    from data_preprocessing_scripts.preprocessing import preprocess_data
ModuleNotFoundError: No module named 'data_preprocessing_scripts'
[2026-08-14T05:09:55.399+0000] {processor.py:841} WARNING - No viable dags retrieved from /opt/airflow/dags/airflow.py
[2026-08-14T05:09:55.406+0000] {processor.py:179} INFO - Processing /opt/airflow/dags/airflow.py took 0.164 seconds
[2026-08-14T05:10:25.524+0000] {processor.py:157} INFO - Started process (PID=15060) to work on /opt/airflow/dags/airflow.py
[2026-08-14T05:10:25.525+0000] {processor.py:829} INFO - Processing file /opt/airflow/dags/airflow.py for tasks to queue
[2026-08-14T05:10:25.527+0000] {logging_mixin.py:151} INFO - [2026-08-14T05:10:25.527+0000] {dagbag.py:536} INFO - Filling up the DagBag from /opt/airflow/dags/airflow.py
[2026-08-14T05:10:25.694+0000] {logging_mixin.py:151} INFO - [2026-08-14T05:10:25.693+0000] {dagbag.py:346} ERROR - Failed to import: /opt/airflow/dags/airflow.py
Traceback (most recent call last):
  File "/home/airflow/.local/lib/python3.8/site-packages/airflow/models/dagbag.py", line 342, in parse
    loader.exec_module(new_module)
  File "<frozen importlib._bootstrap_external>", line 843, in exec_module
  File "<frozen importlib._bootstrap>", line 219, in _call_with_frames_removed
  File "/opt/airflow/dags/airflow.py", line 23, in <module>
    from data_preprocessing_scripts.preprocessing import preprocess_data
ModuleNotFoundError: No module named 'data_preprocessing_scripts'
[2026-08-14T05:10:25.694+0000] {processor.py:841} WARNING - No viable dags retrieved from /opt/airflow/dags/airflow.py
[2026-08-14T05:10:25.702+0000] {processor.py:179} INFO - Processing /opt/airflow/dags/airflow.py took 0.179 seconds
[2026-08-14T05:10:55.834+0000] {processor.py:157} INFO - Started process (PID=15068) to work on /opt/airflow/dags/airflow.py
[2026-08-14T05:10:55.835+0000] {processor.py:829} INFO - Processing file /opt/airflow/dags/airflow.py for tasks to queue
[2026-08-14T05:10:55.837+0000] {logging_mixin.py:151} INFO - [2026-08-14T05:10:55.836+0000] {dagbag.py:536} INFO - Filling up the DagBag from /opt/airflow/dags/airflow.py
[2026-08-14T05:10:55.987+0000] {logging_mixin.py:151} INFO - [2026-08-14T05:10:55.987+0000] {dagbag.py:346} ERROR - Failed to import: /opt/airflow/dags/airflow.py
Traceback (most recent call last):
  File "/home/airflow/.local/lib/python3.8/site-packages/airflow/models/dagbag.py", line 342, in parse
    loader.exec_module(new_module)
  File "<frozen importlib._bootstrap_external>", line 843, in exec_module
  File "<frozen importlib._bootstrap>", line 219, in _call_with_frames_removed
  File "/opt/airflow/dags/airflow.py", line 23, in <module>
    from data_preprocessing_scripts.preprocessing import preprocess_data
ModuleNotFoundError: No module named 'data_preprocessing_scripts'
[2026-08-14T05:10:55.988+0000] {processor.py:841} WARNING - No viable dags retrieved from /opt/airflow/dags/airflow.py
[2026-08-14T05:10:55.994+0000] {processor.py:179} INFO - Processing /opt/airflow/dags/airflow.py took 0.164 seconds
[2026-08-14T05:11:26.132+0000] {processor.py:157} INFO - Started process (PID=15076) to work on /opt/airflow/dags/airflow.py
[2026-08-14T05:11:26.133+0000] {processor.py:829} INFO - Processing file /opt/airflow/dags/airflow.py for tasks to queue
[2026-08-14T05:11:26.136+0000] {logging_mixin.py:151} INFO - [2026-08-14T05:11:26.135+0000] {dagbag.py:536} INFO - Filling up the DagBag from /opt/airflow/dags/airflow.py
[2026-08-14T05:11:26.337+0000] {logging_mixin.py:151} INFO - [2026-08-14T05:11:26.337+0000] {dagbag.py:346} ERROR - Failed to import: /opt/airflow/dags/airflow.py
Traceback (most recent call last):
  File "/home/airflow/.local/lib/python3.8/site-packages/airflow/models/dagbag.py", line 342, in parse
    loader.exec_module(new_module)
  File "<frozen importlib._bootstrap_external>", line 843, in exec_module
  File "<frozen importlib._bootstrap>", line 219, in _call_with_frames_removed
  File "/opt/airflow/dags/airflow.py", line 23, in <module>
    from data_preprocessing_scripts.preprocessing import preprocess_data
ModuleNotFoundError: No module named 'data_preprocessing_scripts'
[2026-08-14T05:11:26.338+0000] {processor.py:841} WARNING - No viable dags retrieved from /opt/airflow/dags/airflow.py
[2026-08-14T05:11:26.345+0000] {processor.py:179} INFO - Processing /opt/airflow/dags/airflow.py took 0.216 seconds
[2026-08-14T05:11:56.416+0000] {processor.py:157} INFO - Started process (PID=15084) to work on /opt/airflow/dags/airflow.py
[2026-08-14T05:11:56.417+0000] {processor.py:829} INFO - Processing file /opt/airflow/dags/airflow.py for tasks to queue
[2026-08-14T05:11:56.420+0000] {logging_mixin.py:151} INFO - [2026-08-14T05:11:56.420+0000] {dagbag.py:536} INFO - Filling up the DagBag from /opt/airflow/dags/airflow.py
[2026-08-14T05:11:56.573+0000] {logging_mixin.py:151} INFO - [2026-08-14T05:11:56.573+0000] {dagbag.py:346} ERROR - Failed to import: /opt/airflow/dags/airflow.py
Traceback (most recent call last):
  File "/home/airflow/.local/lib/python3.8/site-packages/airflow/models/dagbag.py", line 342, in parse
    loader.exec_module(new_module)
  File "<frozen importlib._bootstrap_external>", line 843, in exec_module
  File "<frozen importlib._bootstrap>", line 219, in _call_with_frames_removed
  File "/opt/airflow/dags/airflow.py", line 23, in <module>
    from data_preprocessing_scripts.preprocessing import preprocess_data
ModuleNotFoundError: No module named 'data_preprocessing_scripts'
[2026-08-14T05:11:56.573+0000] {processor.py:841} WARNING - No viable dags retrieved from /opt/airflow/dags/airflow.py
[2026-08-14T05:11:56.581+0000] {processor.py:179} INFO - Processing /opt/airflow/dags/airflow.py took 0.171 seconds
[2026-08-14T05:12:26.736+0000] {processor.py:157} INFO - Started process (PID=15092) to work on /opt/airflow/dags/airflow.py
[2026-08-14T05:12:26.737+0000] {processor.py:829} INFO - Processing file /opt/airflow/dags/airflow.py for tasks to queue
[2026-08-14T05:12:26.739+0000] {logging_mixin.py:151} INFO - [2026-08-14T05:12:26.739+0000] {dagbag.py:536} INFO - Filling up the DagBag from /opt/airflow/dags/airflow.py
[2026-08-14T05:12:26.895+0000] {logging_mixin.py:151} INFO - [2026-08-14T05:12:26.895+0000] {dagbag.py:346} ERROR - Failed to import: /opt/airflow/dags/airflow.py
Traceback (most recent call last):
  File "/home/airflow/.local/lib/python3.8/site-packages/airflow/models/dagbag.py", line 342, in parse
    loader.exec_module(new_module)
  File "<frozen importlib._bootstrap_external>", line 843, in exec_module
  File "<frozen importlib._bootstrap>", line 219, in _call_with_frames_removed
  File "/opt/airflow/dags/airflow.py", line 23, in <module>
    from data_preprocessing_scripts.preprocessing import preprocess_data
ModuleNotFoundError: No module named 'data_preprocessing_scripts'
[2026-08-14T05:12:26.895+0000] {processor.py:841} WARNING - No viable dags retrieved from /opt/airflow/dags/airflow.py
[2026-08-14T05:12:26.904+0000] {processor.py:179} INFO - Processing /opt/airflow/dags/airflow.py took 0.171 seconds
[2026-08-14T05:12:57.033+0000] {processor.py:157} INFO - Started process (PID=15100) to work on /opt/airflow/dags/airflow.py
[2026-08-14T05:12:57.034+0000] {processor.py:829} INFO - Processing file /opt/airflow/dags/airflow.py for tasks to queue
[2026-08-14T05:12:57.037+0000] {logging_mixin.py:151} INFO - [2026-08-14T05:12:57.036+0000] {dagbag.py:536} INFO - Filling up the DagBag from /opt/airflow/dags/airflow.py
[2026-08-14T05:12:57.200+0000] {logging_mixin.py:151} INFO - [2026-08-14T05:12:57.200+0000] {dagbag.py:346} ERROR - Failed to import: /opt/airflow/dags/airflow.py
Traceback (most recent call last):
  File "/home/airflow/.local/lib/python3.8/site-packages/airflow/models/dagbag.py", line 342, in parse
    loader.exec_module(new_module)
  File "<frozen importlib._bootstrap_external>", line 843, in exec_module
  File "<frozen importlib._bootstrap>", line 219, in _call_with_frames_removed
  File "/opt/airflow/dags/airflow.py", line 23, in <module>
    from data_preprocessing_scripts.preprocessing import preprocess_data
ModuleNotFoundError: No module named 'data_preprocessing_scripts'
[2026-08-14T05:12:57.201+0000] {processor.py:841} WARNING - No viable dags retrieved from /opt/airflow/dags/airflow.py
[2026-08-14T05:12:57.208+0000] {processor.py:179} INFO - Processing /opt/airflow/dags/airflow.py took 0.180 seconds
[2026-08-14T05:13:27.332+0000] {processor.py:157} INFO - Started process (PID=15108) to work on /opt/airflow/dags/airflow.py
[2026-08-14T05:13:27.332+0000] {processor.py:829} INFO - Processing file /opt/airflow/dags/airflow.py for tasks to queue
[2026-08-14T05:13:27.334+0000] {logging_mixin.py:151} INFO - [2026-08-14T05:13:27.334+0000] {dagbag.py:536} INFO - Filling up the DagBag from /opt/airflow/dags/airflow.py
[2026-08-14T05:13:27.474+0000] {logging_mixin.py:151} INFO - [2026-08-14T05:13:27.473+0000] {dagbag.py:346} ERROR - Failed to import: /opt/airflow/dags/airflow.py
Traceback (most recent call last):
  File "/home/airflow/.local/lib/python3.8/site-packages/airflow/models/dagbag.py", line 342, in parse
    loader.exec_module(new_module)
  File "<frozen importlib._bootstrap_external>", line 843, in exec_module
  File "<frozen importlib._bootstrap>", line 219, in _call_with_frames_removed
  File "/opt/airflow/dags/airflow.py", line 23, in <module>
    from data_preprocessing_scripts.preprocessing import preprocess_data
ModuleNotFoundError: No module named 'data_preprocessing_scripts'
[2026-08-14T05:13:27.474+0000] {processor.py:841} WARNING - No viable dags retrieved from /opt/airflow/dags/airflow.py
[2026-08-14T05:13:27.480+0000] {processor.py:179} INFO - Processing /opt/airflow/dags/airflow.py took 0.151 seconds
[2026-08-14T05:13:57.693+0000] {processor.py:157} INFO - Started process (PID=15116) to work on /opt/airflow/dags/airflow.py
[2026-08-14T05:13:57.694+0000] {processor.py:829} INFO - Processing file /opt/airflow/dags/airflow.py for tasks to queue
[2026-08-14T05:13:57.698+0000] {logging_mixin.py:151} INFO - [2026-08-14T05:13:57.698+0000] {dagbag.py:536} INFO - Filling up the DagBag from /opt/airflow/dags/airflow.py
[2026-08-14T05:13:57.870+0000] {logging_mixin.py:151} INFO - [2026-08-14T05:13:57.869+0000] {dagbag.py:346} ERROR - Failed to import: /opt/airflow/dags/airflow.py
Traceback (most recent call last):
  File "/home/airflow/.local/lib/python3.8/site-packages/airflow/models/dagbag.py", line 342, in parse
    loader.exec_module(new_module)
  File "<frozen importlib._bootstrap_external>", line 843, in exec_module
  File "<frozen importlib._bootstrap>", line 219, in _call_with_frames_removed
  File "/opt/airflow/dags/airflow.py", line 23, in <module>
    from data_preprocessing_scripts.preprocessing import preprocess_data
ModuleNotFoundError: No module named 'data_preprocessing_scripts'
[2026-08-14T05:13:57.870+0000] {processor.py:841} WARNING - No viable dags retrieved from /opt/airflow/dags/airflow.py
[2026-08-14T05:13:57.877+0000] {processor.py:179} INFO - Processing /opt/airflow/dags/airflow.py took 0.190 seconds
[2026-08-14T05:14:27.991+0000] {processor.py:157} INFO - Started process (PID=15124) to work on /opt/airflow/dags/airflow.py
[2026-08-14T05:14:27.992+0000] {processor.py:829} INFO - Processing file /opt/airflow/dags/airflow.py for tasks to queue
[2026-08-14T05:14:27.994+0000] {logging_mixin.py:151} INFO - [2026-08-14T05:14:27.994+0000] {dagbag.py:536} INFO - Filling up the DagBag from /opt/airflow/dags/airflow.py
[2026-08-14T05:14:28.161+0000] {logging_mixin.py:151} INFO - [2026-08-14T05:14:28.160+0000] {dagbag.py:346} ERROR - Failed to import: /opt/airflow/dags/airflow.py
Traceback (most recent call last):
  File "/home/airflow/.local/lib/python3.8/site-packages/airflow/models/dagbag.py", line 342, in parse
    loader.exec_module(new_module)
  File "<frozen importlib._bootstrap_external>", line 843, in exec_module
  File "<frozen importlib._bootstrap>", line 219, in _call_with_frames_removed
  File "/opt/airflow/dags/airflow.py", line 23, in <module>
    from data_preprocessing_scripts.preprocessing import preprocess_data
ModuleNotFoundError: No module named 'data_preprocessing_scripts'
[2026-08-14T05:14:28.161+0000] {processor.py:841} WARNING - No viable dags retrieved from /opt/airflow/dags/airflow.py
[2026-08-14T05:14:28.168+0000] {processor.py:179} INFO - Processing /opt/airflow/dags/airflow.py took 0.180 seconds
[2026-08-14T05:14:58.293+0000] {processor.py:157} INFO - Started process (PID=15132) to work on /opt/airflow/dags/airflow.py
[2026-08-14T05:14:58.293+0000] {processor.py:829} INFO - Processing file /opt/airflow/dags/airflow.py for tasks to queue
[2026-08-14T05:14:58.295+0000] {logging_mixin.py:151} INFO - [2026-08-14T05:14:58.295+0000] {dagbag.py:536} INFO - Filling up the DagBag from /opt/airflow/dags/airflow.py
[2026-08-14T05:14:58.455+0000] {logging_mixin.py:151} INFO - [2026-08-14T05:14:58.454+0000] {dagbag.py:346} ERROR - Failed to import: /opt/airflow/dags/airflow.py
Traceback (most recent call last):
  File "/home/airflow/.local/lib/python3.8/site-packages/airflow/models/dagbag.py", line 342, in parse
    loader.exec_module(new_module)
  File "<frozen importlib._bootstrap_external>", line 843, in exec_module
  File "<frozen importlib._bootstrap>", line 219, in _call_with_frames_removed
  File "/opt/airflow/dags/airflow.py", line 23, in <module>
    from data_preprocessing_scripts.preprocessing import preprocess_data
ModuleNotFoundError: No module named 'data_preprocessing_scripts'
[2026-08-14T05:14:58.455+0000] {processor.py:841} WARNING - No viable dags retrieved from /opt/airflow/dags/airflow.py
[2026-08-14T05:14:58.462+0000] {processor.py:179} INFO - Processing /opt/airflow/dags/airflow.py took 0.173 seconds
[2026-08-14T05:15:28.603+0000] {processor.py:157} INFO - Started process (PID=15140) to work on /opt/airflow/dags/airflow.py
[2026-08-14T05:15:28.604+0000] {processor.py:829} INFO - Processing file /opt/airflow/dags/airflow.py for tasks to queue
[2026-08-14T05:15:28.608+0000] {logging_mixin.py:151} INFO - [2026-08-14T05:15:28.607+0000] {dagbag.py:536} INFO - Filling up the DagBag from /opt/airflow/dags/airflow.py
[2026-08-14T05:15:28.764+0000] {logging_mixin.py:151} INFO - [2026-08-14T05:15:28.763+0000] {dagbag.py:346} ERROR - Failed to import: /opt/airflow/dags/airflow.py
Traceback (most recent call last):
  File "/home/airflow/.local/lib/python3.8/site-packages/airflow/models/dagbag.py", line 342, in parse
    loader.exec_module(new_module)
  File "<frozen importlib._bootstrap_external>", line 843, in exec_module
  File "<frozen importlib._bootstrap>", line 219, in _call_with_frames_removed
  File "/opt/airflow/dags/airflow.py", line 23, in <module>
    from data_preprocessing_scripts.preprocessing import preprocess_data
ModuleNotFoundError: No module named 'data_preprocessing_scripts'
[2026-08-14T05:15:28.764+0000] {processor.py:841} WARNING - No viable dags retrieved from /opt/airflow/dags/airflow.py
[2026-08-14T05:15:28.772+0000] {processor.py:179} INFO - Processing /opt/airflow/dags/airflow.py took 0.173 seconds
[2026-08-14T05:15:58.911+0000] {processor.py:157} INFO - Started process (PID=15148) to work on /opt/airflow/dags/airflow.py
[2026-08-14T05:15:58.912+0000] {processor.py:829} INFO - Processing file /opt/airflow/dags/airflow.py for tasks to queue
[2026-08-14T05:15:58.914+0000] {logging_mixin.py:151} INFO - [2026-08-14T05:15:58.913+0000] {dagbag.py:536} INFO - Filling up the DagBag from /opt/airflow/dags/airflow.py
[2026-08-14T05:15:59.072+0000] {logging_mixin.py:151} INFO - [2026-08-14T05:15:59.071+0000] {dagbag.py:346} ERROR - Failed to import: /opt/airflow/dags/airflow.py
Traceback (most recent call last):
  File "/home/airflow/.local/lib/python3.8/site-packages/airflow/models/dagbag.py", line 342, in parse
    loader.exec_module(new_module)
  File "<frozen importlib._bootstrap_external>", line 843, in exec_module
  File "<frozen importlib._bootstrap>", line 219, in _call_with_frames_removed
  File "/opt/airflow/dags/airflow.py", line 23, in <module>
    from data_preprocessing_scripts.preprocessing import preprocess_data
ModuleNotFoundError: No module named 'data_preprocessing_scripts'
[2026-08-14T05:15:59.072+0000] {processor.py:841} WARNING - No viable dags retrieved from /opt/airflow/dags/airflow.py
[2026-08-14T05:15:59.079+0000] {processor.py:179} INFO - Processing /opt/airflow/dags/airflow.py took 0.172 seconds
[2026-08-14T05:16:29.183+0000] {processor.py:157} INFO - Started process (PID=15156) to work on /opt/airflow/dags/airflow.py
[2026-08-14T05:16:29.184+0000] {processor.py:829} INFO - Processing file /opt/airflow/dags/airflow.py for tasks to queue
[2026-08-14T05:16:29.187+0000] {logging_mixin.py:151} INFO - [2026-08-14T05:16:29.187+0000] {dagbag.py:536} INFO - Filling up the DagBag from /opt/airflow/dags/airflow.py
[2026-08-14T05:16:29.346+0000] {logging_mixin.py:151} INFO - [2026-08-14T05:16:29.345+0000] {dagbag.py:346} ERROR - Failed to import: /opt/airflow/dags/airflow.py
Traceback (most recent call last):
  File "/home/airflow/.local/lib/python3.8/site-packages/airflow/models/dagbag.py", line 342, in parse
    loader.exec_module(new_module)
  File "<frozen importlib._bootstrap_external>", line 843, in exec_module
  File "<frozen importlib._bootstrap>", line 219, in _call_with_frames_removed
  File "/opt/airflow/dags/airflow.py", line 23, in <module>
    from data_preprocessing_scripts.preprocessing import preprocess_data
ModuleNotFoundError: No module named 'data_preprocessing_scripts'
[2026-08-14T05:16:29.346+0000] {processor.py:841} WARNING - No viable dags retrieved from /opt/airflow/dags/airflow.py
[2026-08-14T05:16:29.353+0000] {processor.py:179} INFO - Processing /opt/airflow/dags/airflow.py took 0.173 seconds
[2026-08-14T05:16:59.454+0000] {processor.py:157} INFO - Started process (PID=15164) to work on /opt/airflow/dags/airflow.py
[2026-08-14T05:16:59.455+0000] {processor.py:829} INFO - Processing file /opt/airflow/dags/airflow.py for tasks to queue
[2026-08-14T05:16:59.457+0000] {logging_mixin.py:151} INFO - [2026-08-14T05:16:59.457+0000] {dagbag.py:536} INFO - Filling up the DagBag from /opt/airflow/dags/airflow.py
[2026-08-14T05:16:59.632+0000] {logging_mixin.py:151} INFO - [2026-08-14T05:16:59.632+0000] {dagbag.py:346} ERROR - Failed to import: /opt/airflow/dags/airflow.py
Traceback (most recent call last):
  File "/home/airflow/.local/lib/python3.8/site-packages/airflow/models/dagbag.py", line 342, in parse
    loader.exec_module(new_module)
  File "<frozen importlib._bootstrap_external>", line 843, in exec_module
  File "<frozen importlib._bootstrap>", line 219, in _call_with_frames_removed
  File "/opt/airflow/dags/airflow.py", line 23, in <module>
    from data_preprocessing_scripts.preprocessing import preprocess_data
ModuleNotFoundError: No module named 'data_preprocessing_scripts'
[2026-08-14T05:16:59.633+0000] {processor.py:841} WARNING - No viable dags retrieved from /opt/airflow/dags/airflow.py
[2026-08-14T05:16:59.641+0000] {processor.py:179} INFO - Processing /opt/airflow/dags/airflow.py took 0.191 seconds
[2026-08-14T05:17:29.711+0000] {processor.py:157} INFO - Started process (PID=15172) to work on /opt/airflow/dags/airflow.py
[2026-08-14T05:17:29.711+0000] {processor.py:829} INFO - Processing file /opt/airflow/dags/airflow.py for tasks to queue
[2026-08-14T05:17:29.714+0000] {logging_mixin.py:151} INFO - [2026-08-14T05:17:29.714+0000] {dagbag.py:536} INFO - Filling up the DagBag from /opt/airflow/dags/airflow.py
[2026-08-14T05:17:29.872+0000] {logging_mixin.py:151} INFO - [2026-08-14T05:17:29.871+0000] {dagbag.py:346} ERROR - Failed to import: /opt/airflow/dags/airflow.py
Traceback (most recent call last):
  File "/home/airflow/.local/lib/python3.8/site-packages/airflow/models/dagbag.py", line 342, in parse
    loader.exec_module(new_module)
  File "<frozen importlib._bootstrap_external>", line 843, in exec_module
  File "<frozen importlib._bootstrap>", line 219, in _call_with_frames_removed
  File "/opt/airflow/dags/airflow.py", line 23, in <module>
    from data_preprocessing_scripts.preprocessing import preprocess_data
ModuleNotFoundError: No module named 'data_preprocessing_scripts'
[2026-08-14T05:17:29.872+0000] {processor.py:841} WARNING - No viable dags retrieved from /opt/airflow/dags/airflow.py
[2026-08-14T05:17:29.880+0000] {processor.py:179} INFO - Processing /opt/airflow/dags/airflow.py took 0.173 seconds
[2026-08-14T05:17:59.986+0000] {processor.py:157} INFO - Started process (PID=15180) to work on /opt/airflow/dags/airflow.py
[2026-08-14T05:17:59.988+0000] {processor.py:829} INFO - Processing file /opt/airflow/dags/airflow.py for tasks to queue
[2026-08-14T05:17:59.990+0000] {logging_mixin.py:151} INFO - [2026-08-14T05:17:59.989+0000] {dagbag.py:536} INFO - Filling up the DagBag from /opt/airflow/dags/airflow.py
[2026-08-14T05:18:00.138+0000] {logging_mixin.py:151} INFO - [2026-08-14T05:18:00.137+0000] {dagbag.py:346} ERROR - Failed to import: /opt/airflow/dags/airflow.py
Traceback (most recent call last):
  File "/home/airflow/.local/lib/python3.8/site-packages/airflow/models/dagbag.py", line 342, in parse
    loader.exec_module(new_module)
  File "<frozen importlib._bootstrap_external>", line 843, in exec_module
  File "<frozen importlib._bootstrap>", line 219, in _call_with_frames_removed
  File "/opt/airflow/dags/airflow.py", line 23, in <module>
    from data_preprocessing_scripts.preprocessing import preprocess_data
ModuleNotFoundError: No module named 'data_preprocessing_scripts'
[2026-08-14T05:18:00.138+0000] {processor.py:841} WARNING - No viable dags retrieved from /opt/airflow/dags/airflow.py
[2026-08-14T05:18:00.145+0000] {processor.py:179} INFO - Processing /opt/airflow/dags/airflow.py took 0.161 seconds
[2026-08-14T05:18:30.282+0000] {processor.py:157} INFO - Started process (PID=15188) to work on /opt/airflow/dags/airflow.py
[2026-08-14T05:18:30.283+0000] {processor.py:829} INFO - Processing file /opt/airflow/dags/airflow.py for tasks to queue
[2026-08-14T05:18:30.285+0000] {logging_mixin.py:151} INFO - [2026-08-14T05:18:30.285+0000] {dagbag.py:536} INFO - Filling up the DagBag from /opt/airflow/dags/airflow.py
[2026-08-14T05:18:30.431+0000] {logging_mixin.py:151} INFO - [2026-08-14T05:18:30.430+0000] {dagbag.py:346} ERROR - Failed to import: /opt/airflow/dags/airflow.py
Traceback (most recent call last):
  File "/home/airflow/.local/lib/python3.8/site-packages/airflow/models/dagbag.py", line 342, in parse
    loader.exec_module(new_module)
  File "<frozen importlib._bootstrap_external>", line 843, in exec_module
  File "<frozen importlib._bootstrap>", line 219, in _call_with_frames_removed
  File "/opt/airflow/dags/airflow.py", line 23, in <module>
    from data_preprocessing_scripts.preprocessing import preprocess_data
ModuleNotFoundError: No module named 'data_preprocessing_scripts'
[2026-08-14T05:18:30.431+0000] {processor.py:841} WARNING - No viable dags retrieved from /opt/airflow/dags/airflow.py
[2026-08-14T05:18:30.439+0000] {processor.py:179} INFO - Processing /opt/airflow/dags/airflow.py took 0.159 seconds
[2026-08-14T05:19:00.585+0000] {processor.py:157} INFO - Started process (PID=15196) to work on /opt/airflow/dags/airflow.py
[2026-08-14T05:19:00.586+0000] {processor.py:829} INFO - Processing file /opt/airflow/dags/airflow.py for tasks to queue
[2026-08-14T05:19:00.587+0000] {logging_mixin.py:151} INFO - [2026-08-14T05:19:00.587+0000] {dagbag.py:536} INFO - Filling up the DagBag from /opt/airflow/dags/airflow.py
[2026-08-14T05:19:00.721+0000] {logging_mixin.py:151} INFO - [2026-08-14T05:19:00.720+0000] {dagbag.py:346} ERROR - Failed to import: /opt/airflow/dags/airflow.py
Traceback (most recent call last):
  File "/home/airflow/.local/lib/python3.8/site-packages/airflow/models/dagbag.py", line 342, in parse
    loader.exec_module(new_module)
  File "<frozen importlib._bootstrap_external>", line 843, in exec_module
  File "<frozen importlib._bootstrap>", line 219, in _call_with_frames_removed
  File "/opt/airflow/dags/airflow.py", line 23, in <module>
    from data_preprocessing_scripts.preprocessing import preprocess_data
ModuleNotFoundError: No module named 'data_preprocessing_scripts'
[2026-08-14T05:19:00.721+0000] {processor.py:841} WARNING - No viable dags retrieved from /opt/airflow/dags/airflow.py
[2026-08-14T05:19:00.728+0000] {processor.py:179} INFO - Processing /opt/airflow/dags/airflow.py took 0.146 seconds
[2026-08-14T05:19:30.874+0000] {processor.py:157} INFO - Started process (PID=15204) to work on /opt/airflow/dags/airflow.py
[2026-08-14T05:19:30.874+0000] {processor.py:829} INFO - Processing file /opt/airflow/dags/airflow.py for tasks to queue
[2026-08-14T05:19:30.877+0000] {logging_mixin.py:151} INFO - [2026-08-14T05:19:30.876+0000] {dagbag.py:536} INFO - Filling up the DagBag from /opt/airflow/dags/airflow.py
[2026-08-14T05:19:31.022+0000] {logging_mixin.py:151} INFO - [2026-08-14T05:19:31.021+0000] {dagbag.py:346} ERROR - Failed to import: /opt/airflow/dags/airflow.py
Traceback (most recent call last):
  File "/home/airflow/.local/lib/python3.8/site-packages/airflow/models/dagbag.py", line 342, in parse
    loader.exec_module(new_module)
  File "<frozen importlib._bootstrap_external>", line 843, in exec_module
  File "<frozen importlib._bootstrap>", line 219, in _call_with_frames_removed
  File "/opt/airflow/dags/airflow.py", line 23, in <module>
    from data_preprocessing_scripts.preprocessing import preprocess_data
ModuleNotFoundError: No module named 'data_preprocessing_scripts'
[2026-08-14T05:19:31.022+0000] {processor.py:841} WARNING - No viable dags retrieved from /opt/airflow/dags/airflow.py
[2026-08-14T05:19:31.029+0000] {processor.py:179} INFO - Processing /opt/airflow/dags/airflow.py took 0.159 seconds
[2026-08-14T05:20:01.197+0000] {processor.py:157} INFO - Started process (PID=15212) to work on /opt/airflow/dags/airflow.py
[2026-08-14T05:20:01.198+0000] {processor.py:829} INFO - Processing file /opt/airflow/dags/airflow.py for tasks to queue
[2026-08-14T05:20:01.201+0000] {logging_mixin.py:151} INFO - [2026-08-14T05:20:01.201+0000] {dagbag.py:536} INFO - Filling up the DagBag from /opt/airflow/dags/airflow.py
[2026-08-14T05:20:01.397+0000] {logging_mixin.py:151} INFO - [2026-08-14T05:20:01.397+0000] {dagbag.py:346} ERROR - Failed to import: /opt/airflow/dags/airflow.py
Traceback (most recent call last):
  File "/home/airflow/.local/lib/python3.8/site-packages/airflow/models/dagbag.py", line 342, in parse
    loader.exec_module(new_module)
  File "<frozen importlib._bootstrap_external>", line 843, in exec_module
  File "<frozen importlib._bootstrap>", line 219, in _call_with_frames_removed
  File "/opt/airflow/dags/airflow.py", line 23, in <module>
    from data_preprocessing_scripts.preprocessing import preprocess_data
ModuleNotFoundError: No module named 'data_preprocessing_scripts'
[2026-08-14T05:20:01.398+0000] {processor.py:841} WARNING - No viable dags retrieved from /opt/airflow/dags/airflow.py
[2026-08-14T05:20:01.405+0000] {processor.py:179} INFO - Processing /opt/airflow/dags/airflow.py took 0.212 seconds
[2026-08-14T05:20:31.481+0000] {processor.py:157} INFO - Started process (PID=15220) to work on /opt/airflow/dags/airflow.py
[2026-08-14T05:20:31.482+0000] {processor.py:829} INFO - Processing file /opt/airflow/dags/airflow.py for tasks to queue
[2026-08-14T05:20:31.484+0000] {logging_mixin.py:151} INFO - [2026-08-14T05:20:31.484+0000] {dagbag.py:536} INFO - Filling up the DagBag from /opt/airflow/dags/airflow.py
[2026-08-14T05:20:31.626+0000] {logging_mixin.py:151} INFO - [2026-08-14T05:20:31.625+0000] {dagbag.py:346} ERROR - Failed to import: /opt/airflow/dags/airflow.py
Traceback (most recent call last):
  File "/home/airflow/.local/lib/python3.8/site-packages/airflow/models/dagbag.py", line 342, in parse
    loader.exec_module(new_module)
  File "<frozen importlib._bootstrap_external>", line 843, in exec_module
  File "<frozen importlib._bootstrap>", line 219, in _call_with_frames_removed
  File "/opt/airflow/dags/airflow.py", line 23, in <module>
    from data_preprocessing_scripts.preprocessing import preprocess_data
ModuleNotFoundError: No module named 'data_preprocessing_scripts'
[2026-08-14T05:20:31.626+0000] {processor.py:841} WARNING - No viable dags retrieved from /opt/airflow/dags/airflow.py
[2026-08-14T05:20:31.633+0000] {processor.py:179} INFO - Processing /opt/airflow/dags/airflow.py took 0.154 seconds
[2026-08-14T05:21:01.766+0000] {processor.py:157} INFO - Started process (PID=15228) to work on /opt/airflow/dags/airflow.py
[2026-08-14T05:21:01.766+0000] {processor.py:829} INFO - Processing file /opt/airflow/dags/airflow.py for tasks to queue
[2026-08-14T05:21:01.767+0000] {logging_mixin.py:151} INFO - [2026-08-14T05:21:01.767+0000] {dagbag.py:536} INFO - Filling up the DagBag from /opt/airflow/dags/airflow.py
[2026-08-14T05:21:01.916+0000] {logging_mixin.py:151} INFO - [2026-08-14T05:21:01.915+0000] {dagbag.py:346} ERROR - Failed to import: /opt/airflow/dags/airflow.py
Traceback (most recent call last):
  File "/home/airflow/.local/lib/python3.8/site-packages/airflow/models/dagbag.py", line 342, in parse
    loader.exec_module(new_module)
  File "<frozen importlib._bootstrap_external>", line 843, in exec_module
  File "<frozen importlib._bootstrap>", line 219, in _call_with_frames_removed
  File "/opt/airflow/dags/airflow.py", line 23, in <module>
    from data_preprocessing_scripts.preprocessing import preprocess_data
ModuleNotFoundError: No module named 'data_preprocessing_scripts'
[2026-08-14T05:21:01.916+0000] {processor.py:841} WARNING - No viable dags retrieved from /opt/airflow/dags/airflow.py
[2026-08-14T05:21:01.923+0000] {processor.py:179} INFO - Processing /opt/airflow/dags/airflow.py took 0.159 seconds
[2026-08-14T05:21:32.083+0000] {processor.py:157} INFO - Started process (PID=15236) to work on /opt/airflow/dags/airflow.py
[2026-08-14T05:21:32.084+0000] {processor.py:829} INFO - Processing file /opt/airflow/dags/airflow.py for tasks to queue
[2026-08-14T05:21:32.086+0000] {logging_mixin.py:151} INFO - [2026-08-14T05:21:32.086+0000] {dagbag.py:536} INFO - Filling up the DagBag from /opt/airflow/dags/airflow.py
[2026-08-14T05:21:32.219+0000] {logging_mixin.py:151} INFO - [2026-08-14T05:21:32.218+0000] {dagbag.py:346} ERROR - Failed to import: /opt/airflow/dags/airflow.py
Traceback (most recent call last):
  File "/home/airflow/.local/lib/python3.8/site-packages/airflow/models/dagbag.py", line 342, in parse
    loader.exec_module(new_module)
  File "<frozen importlib._bootstrap_external>", line 843, in exec_module
  File "<frozen importlib._bootstrap>", line 219, in _call_with_frames_removed
  File "/opt/airflow/dags/airflow.py", line 23, in <module>
    from data_preprocessing_scripts.preprocessing import preprocess_data
ModuleNotFoundError: No module named 'data_preprocessing_scripts'
[2026-08-14T05:21:32.219+0000] {processor.py:841} WARNING - No viable dags retrieved from /opt/airflow/dags/airflow.py
[2026-08-14T05:21:32.225+0000] {processor.py:179} INFO - Processing /opt/airflow/dags/airflow.py took 0.144 seconds
[2026-08-14T05:22:02.346+0000] {processor.py:157} INFO - Started process (PID=15244) to work on /opt/airflow/dags/airflow.py
[2026-08-14T05:22:02.346+0000] {processor.py:829} INFO - Processing file /opt/airflow/dags/airflow.py for tasks to queue
[2026-08-14T05:22:02.348+0000] {logging_mixin.py:151} INFO - [2026-08-14T05:22:02.347+0000] {dagbag.py:536} INFO - Filling up the DagBag from /opt/airflow/dags/airflow.py
[2026-08-14T05:22:02.501+0000] {logging_mixin.py:151} INFO - [2026-08-14T05:22:02.500+0000] {dagbag.py:346} ERROR - Failed to import: /opt/airflow/dags/airflow.py
Traceback (most recent call last):
  File "/home/airflow/.local/lib/python3.8/site-packages/airflow/models/dagbag.py", line 342, in parse
    loader.exec_module(new_module)
  File "<frozen importlib._bootstrap_external>", line 843, in exec_module
  File "<frozen importlib._bootstrap>", line 219, in _call_with_frames_removed
  File "/opt/airflow/dags/airflow.py", line 23, in <module>
    from data_preprocessing_scripts.preprocessing import preprocess_data
ModuleNotFoundError: No module named 'data_preprocessing_scripts'
[2026-08-14T05:22:02.501+0000] {processor.py:841} WARNING - No viable dags retrieved from /opt/airflow/dags/airflow.py
[2026-08-14T05:22:02.508+0000] {processor.py:179} INFO - Processing /opt/airflow/dags/airflow.py took 0.165 seconds
[2026-08-14T05:22:32.631+0000] {processor.py:157} INFO - Started process (PID=15252) to work on /opt/airflow/dags/airflow.py
[2026-08-14T05:22:32.631+0000] {processor.py:829} INFO - Processing file /opt/airflow/dags/airflow.py for tasks to queue
[2026-08-14T05:22:32.634+0000] {logging_mixin.py:151} INFO - [2026-08-14T05:22:32.633+0000] {dagbag.py:536} INFO - Filling up the DagBag from /opt/airflow/dags/airflow.py
[2026-08-14T05:22:32.770+0000] {logging_mixin.py:151} INFO - [2026-08-14T05:22:32.769+0000] {dagbag.py:346} ERROR - Failed to import: /opt/airflow/dags/airflow.py
Traceback (most recent call last):
  File "/home/airflow/.local/lib/python3.8/site-packages/airflow/models/dagbag.py", line 342, in parse
    loader.exec_module(new_module)
  File "<frozen importlib._bootstrap_external>", line 843, in exec_module
  File "<frozen importlib._bootstrap>", line 219, in _call_with_frames_removed
  File "/opt/airflow/dags/airflow.py", line 23, in <module>
    from data_preprocessing_scripts.preprocessing import preprocess_data
ModuleNotFoundError: No module named 'data_preprocessing_scripts'
[2026-08-14T05:22:32.770+0000] {processor.py:841} WARNING - No viable dags retrieved from /opt/airflow/dags/airflow.py
[2026-08-14T05:22:32.776+0000] {processor.py:179} INFO - Processing /opt/airflow/dags/airflow.py took 0.149 seconds
[2026-08-14T05:23:02.955+0000] {processor.py:157} INFO - Started process (PID=15260) to work on /opt/airflow/dags/airflow.py
[2026-08-14T05:23:02.956+0000] {processor.py:829} INFO - Processing file /opt/airflow/dags/airflow.py for tasks to queue
[2026-08-14T05:23:02.960+0000] {logging_mixin.py:151} INFO - [2026-08-14T05:23:02.960+0000] {dagbag.py:536} INFO - Filling up the DagBag from /opt/airflow/dags/airflow.py
[2026-08-14T05:23:03.178+0000] {logging_mixin.py:151} INFO - [2026-08-14T05:23:03.178+0000] {dagbag.py:346} ERROR - Failed to import: /opt/airflow/dags/airflow.py
Traceback (most recent call last):
  File "/home/airflow/.local/lib/python3.8/site-packages/airflow/models/dagbag.py", line 342, in parse
    loader.exec_module(new_module)
  File "<frozen importlib._bootstrap_external>", line 843, in exec_module
  File "<frozen importlib._bootstrap>", line 219, in _call_with_frames_removed
  File "/opt/airflow/dags/airflow.py", line 23, in <module>
    from data_preprocessing_scripts.preprocessing import preprocess_data
ModuleNotFoundError: No module named 'data_preprocessing_scripts'
[2026-08-14T05:23:03.178+0000] {processor.py:841} WARNING - No viable dags retrieved from /opt/airflow/dags/airflow.py
[2026-08-14T05:23:03.186+0000] {processor.py:179} INFO - Processing /opt/airflow/dags/airflow.py took 0.237 seconds
[2026-08-14T05:23:33.249+0000] {processor.py:157} INFO - Started process (PID=15268) to work on /opt/airflow/dags/airflow.py
[2026-08-14T05:23:33.250+0000] {processor.py:829} INFO - Processing file /opt/airflow/dags/airflow.py for tasks to queue
[2026-08-14T05:23:33.252+0000] {logging_mixin.py:151} INFO - [2026-08-14T05:23:33.252+0000] {dagbag.py:536} INFO - Filling up the DagBag from /opt/airflow/dags/airflow.py
[2026-08-14T05:23:33.387+0000] {logging_mixin.py:151} INFO - [2026-08-14T05:23:33.386+0000] {dagbag.py:346} ERROR - Failed to import: /opt/airflow/dags/airflow.py
Traceback (most recent call last):
  File "/home/airflow/.local/lib/python3.8/site-packages/airflow/models/dagbag.py", line 342, in parse
    loader.exec_module(new_module)
  File "<frozen importlib._bootstrap_external>", line 843, in exec_module
  File "<frozen importlib._bootstrap>", line 219, in _call_with_frames_removed
  File "/opt/airflow/dags/airflow.py", line 23, in <module>
    from data_preprocessing_scripts.preprocessing import preprocess_data
ModuleNotFoundError: No module named 'data_preprocessing_scripts'
[2026-08-14T05:23:33.387+0000] {processor.py:841} WARNING - No viable dags retrieved from /opt/airflow/dags/airflow.py
[2026-08-14T05:23:33.394+0000] {processor.py:179} INFO - Processing /opt/airflow/dags/airflow.py took 0.148 seconds
[2026-08-14T05:24:03.506+0000] {processor.py:157} INFO - Started process (PID=15276) to work on /opt/airflow/dags/airflow.py
[2026-08-14T05:24:03.506+0000] {processor.py:829} INFO - Processing file /opt/airflow/dags/airflow.py for tasks to queue
[2026-08-14T05:24:03.508+0000] {logging_mixin.py:151} INFO - [2026-08-14T05:24:03.508+0000] {dagbag.py:536} INFO - Filling up the DagBag from /opt/airflow/dags/airflow.py
[2026-08-14T05:24:03.654+0000] {logging_mixin.py:151} INFO - [2026-08-14T05:24:03.654+0000] {dagbag.py:346} ERROR - Failed to import: /opt/airflow/dags/airflow.py
Traceback (most recent call last):
  File "/home/airflow/.local/lib/python3.8/site-packages/airflow/models/dagbag.py", line 342, in parse
    loader.exec_module(new_module)
  File "<frozen importlib._bootstrap_external>", line 843, in exec_module
  File "<frozen importlib._bootstrap>", line 219, in _call_with_frames_removed
  File "/opt/airflow/dags/airflow.py", line 23, in <module>
    from data_preprocessing_scripts.preprocessing import preprocess_data
ModuleNotFoundError: No module named 'data_preprocessing_scripts'
[2026-08-14T05:24:03.654+0000] {processor.py:841} WARNING - No viable dags retrieved from /opt/airflow/dags/airflow.py
[2026-08-14T05:24:03.661+0000] {processor.py:179} INFO - Processing /opt/airflow/dags/airflow.py took 0.159 seconds
[2026-08-14T05:24:33.762+0000] {processor.py:157} INFO - Started process (PID=15284) to work on /opt/airflow/dags/airflow.py
[2026-08-14T05:24:33.763+0000] {processor.py:829} INFO - Processing file /opt/airflow/dags/airflow.py for tasks to queue
[2026-08-14T05:24:33.765+0000] {logging_mixin.py:151} INFO - [2026-08-14T05:24:33.765+0000] {dagbag.py:536} INFO - Filling up the DagBag from /opt/airflow/dags/airflow.py
[2026-08-14T05:24:33.905+0000] {logging_mixin.py:151} INFO - [2026-08-14T05:24:33.904+0000] {dagbag.py:346} ERROR - Failed to import: /opt/airflow/dags/airflow.py
Traceback (most recent call last):
  File "/home/airflow/.local/lib/python3.8/site-packages/airflow/models/dagbag.py", line 342, in parse
    loader.exec_module(new_module)
  File "<frozen importlib._bootstrap_external>", line 843, in exec_module
  File "<frozen importlib._bootstrap>", line 219, in _call_with_frames_removed
  File "/opt/airflow/dags/airflow.py", line 23, in <module>
    from data_preprocessing_scripts.preprocessing import preprocess_data
ModuleNotFoundError: No module named 'data_preprocessing_scripts'
[2026-08-14T05:24:33.905+0000] {processor.py:841} WARNING - No viable dags retrieved from /opt/airflow/dags/airflow.py
[2026-08-14T05:24:33.912+0000] {processor.py:179} INFO - Processing /opt/airflow/dags/airflow.py took 0.153 seconds
[2026-08-14T05:25:04.044+0000] {processor.py:157} INFO - Started process (PID=15292) to work on /opt/airflow/dags/airflow.py
[2026-08-14T05:25:04.045+0000] {processor.py:829} INFO - Processing file /opt/airflow/dags/airflow.py for tasks to queue
[2026-08-14T05:25:04.046+0000] {logging_mixin.py:151} INFO - [2026-08-14T05:25:04.046+0000] {dagbag.py:536} INFO - Filling up the DagBag from /opt/airflow/dags/airflow.py
[2026-08-14T05:25:04.188+0000] {logging_mixin.py:151} INFO - [2026-08-14T05:25:04.187+0000] {dagbag.py:346} ERROR - Failed to import: /opt/airflow/dags/airflow.py
Traceback (most recent call last):
  File "/home/airflow/.local/lib/python3.8/site-packages/airflow/models/dagbag.py", line 342, in parse
    loader.exec_module(new_module)
  File "<frozen importlib._bootstrap_external>", line 843, in exec_module
  File "<frozen importlib._bootstrap>", line 219, in _call_with_frames_removed
  File "/opt/airflow/dags/airflow.py", line 23, in <module>
    from data_preprocessing_scripts.preprocessing import preprocess_data
ModuleNotFoundError: No module named 'data_preprocessing_scripts'
[2026-08-14T05:25:04.188+0000] {processor.py:841} WARNING - No viable dags retrieved from /opt/airflow/dags/airflow.py
[2026-08-14T05:25:04.194+0000] {processor.py:179} INFO - Processing /opt/airflow/dags/airflow.py took 0.154 seconds
[2026-08-14T05:25:34.327+0000] {processor.py:157} INFO - Started process (PID=15300) to work on /opt/airflow/dags/airflow.py
[2026-08-14T05:25:34.328+0000] {processor.py:829} INFO - Processing file /opt/airflow/dags/airflow.py for tasks to queue
[2026-08-14T05:25:34.332+0000] {logging_mixin.py:151} INFO - [2026-08-14T05:25:34.332+0000] {dagbag.py:536} INFO - Filling up the DagBag from /opt/airflow/dags/airflow.py
[2026-08-14T05:25:34.528+0000] {logging_mixin.py:151} INFO - [2026-08-14T05:25:34.527+0000] {dagbag.py:346} ERROR - Failed to import: /opt/airflow/dags/airflow.py
Traceback (most recent call last):
  File "/home/airflow/.local/lib/python3.8/site-packages/airflow/models/dagbag.py", line 342, in parse
    loader.exec_module(new_module)
  File "<frozen importlib._bootstrap_external>", line 843, in exec_module
  File "<frozen importlib._bootstrap>", line 219, in _call_with_frames_removed
  File "/opt/airflow/dags/airflow.py", line 23, in <module>
    from data_preprocessing_scripts.preprocessing import preprocess_data
ModuleNotFoundError: No module named 'data_preprocessing_scripts'
[2026-08-14T05:25:34.528+0000] {processor.py:841} WARNING - No viable dags retrieved from /opt/airflow/dags/airflow.py
[2026-08-14T05:25:34.535+0000] {processor.py:179} INFO - Processing /opt/airflow/dags/airflow.py took 0.212 seconds
[2026-08-14T05:26:04.599+0000] {processor.py:157} INFO - Started process (PID=15308) to work on /opt/airflow/dags/airflow.py
[2026-08-14T05:26:04.600+0000] {processor.py:829} INFO - Processing file /opt/airflow/dags/airflow.py for tasks to queue
[2026-08-14T05:26:04.602+0000] {logging_mixin.py:151} INFO - [2026-08-14T05:26:04.602+0000] {dagbag.py:536} INFO - Filling up the DagBag from /opt/airflow/dags/airflow.py
[2026-08-14T05:26:04.759+0000] {logging_mixin.py:151} INFO - [2026-08-14T05:26:04.758+0000] {dagbag.py:346} ERROR - Failed to import: /opt/airflow/dags/airflow.py
Traceback (most recent call last):
  File "/home/airflow/.local/lib/python3.8/site-packages/airflow/models/dagbag.py", line 342, in parse
    loader.exec_module(new_module)
  File "<frozen importlib._bootstrap_external>", line 843, in exec_module
  File "<frozen importlib._bootstrap>", line 219, in _call_with_frames_removed
  File "/opt/airflow/dags/airflow.py", line 23, in <module>
    from data_preprocessing_scripts.preprocessing import preprocess_data
ModuleNotFoundError: No module named 'data_preprocessing_scripts'
[2026-08-14T05:26:04.759+0000] {processor.py:841} WARNING - No viable dags retrieved from /opt/airflow/dags/airflow.py
[2026-08-14T05:26:04.766+0000] {processor.py:179} INFO - Processing /opt/airflow/dags/airflow.py took 0.170 seconds
[2026-08-14T05:26:34.931+0000] {processor.py:157} INFO - Started process (PID=15316) to work on /opt/airflow/dags/airflow.py
[2026-08-14T05:26:34.932+0000] {processor.py:829} INFO - Processing file /opt/airflow/dags/airflow.py for tasks to queue
[2026-08-14T05:26:34.934+0000] {logging_mixin.py:151} INFO - [2026-08-14T05:26:34.934+0000] {dagbag.py:536} INFO - Filling up the DagBag from /opt/airflow/dags/airflow.py
[2026-08-14T05:26:35.077+0000] {logging_mixin.py:151} INFO - [2026-08-14T05:26:35.076+0000] {dagbag.py:346} ERROR - Failed to import: /opt/airflow/dags/airflow.py
Traceback (most recent call last):
  File "/home/airflow/.local/lib/python3.8/site-packages/airflow/models/dagbag.py", line 342, in parse
    loader.exec_module(new_module)
  File "<frozen importlib._bootstrap_external>", line 843, in exec_module
  File "<frozen importlib._bootstrap>", line 219, in _call_with_frames_removed
  File "/opt/airflow/dags/airflow.py", line 23, in <module>
    from data_preprocessing_scripts.preprocessing import preprocess_data
ModuleNotFoundError: No module named 'data_preprocessing_scripts'
[2026-08-14T05:26:35.077+0000] {processor.py:841} WARNING - No viable dags retrieved from /opt/airflow/dags/airflow.py
[2026-08-14T05:26:35.084+0000] {processor.py:179} INFO - Processing /opt/airflow/dags/airflow.py took 0.156 seconds
[2026-08-14T05:27:05.226+0000] {processor.py:157} INFO - Started process (PID=15324) to work on /opt/airflow/dags/airflow.py
[2026-08-14T05:27:05.226+0000] {processor.py:829} INFO - Processing file /opt/airflow/dags/airflow.py for tasks to queue
[2026-08-14T05:27:05.228+0000] {logging_mixin.py:151} INFO - [2026-08-14T05:27:05.228+0000] {dagbag.py:536} INFO - Filling up the DagBag from /opt/airflow/dags/airflow.py
[2026-08-14T05:27:05.386+0000] {logging_mixin.py:151} INFO - [2026-08-14T05:27:05.385+0000] {dagbag.py:346} ERROR - Failed to import: /opt/airflow/dags/airflow.py
Traceback (most recent call last):
  File "/home/airflow/.local/lib/python3.8/site-packages/airflow/models/dagbag.py", line 342, in parse
    loader.exec_module(new_module)
  File "<frozen importlib._bootstrap_external>", line 843, in exec_module
  File "<frozen importlib._bootstrap>", line 219, in _call_with_frames_removed
  File "/opt/airflow/dags/airflow.py", line 23, in <module>
    from data_preprocessing_scripts.preprocessing import preprocess_data
ModuleNotFoundError: No module named 'data_preprocessing_scripts'
[2026-08-14T05:27:05.386+0000] {processor.py:841} WARNING - No viable dags retrieved from /opt/airflow/dags/airflow.py
[2026-08-14T05:27:05.393+0000] {processor.py:179} INFO - Processing /opt/airflow/dags/airflow.py took 0.171 seconds
[2026-08-14T05:27:35.519+0000] {processor.py:157} INFO - Started process (PID=15332) to work on /opt/airflow/dags/airflow.py
[2026-08-14T05:27:35.520+0000] {processor.py:829} INFO - Processing file /opt/airflow/dags/airflow.py for tasks to queue
[2026-08-14T05:27:35.522+0000] {logging_mixin.py:151} INFO - [2026-08-14T05:27:35.522+0000] {dagbag.py:536} INFO - Filling up the DagBag from /opt/airflow/dags/airflow.py
[2026-08-14T05:27:35.651+0000] {logging_mixin.py:151} INFO - [2026-08-14T05:27:35.650+0000] {dagbag.py:346} ERROR - Failed to import: /opt/airflow/dags/airflow.py
Traceback (most recent call last):
  File "/home/airflow/.local/lib/python3.8/site-packages/airflow/models/dagbag.py", line 342, in parse
    loader.exec_module(new_module)
  File "<frozen importlib._bootstrap_external>", line 843, in exec_module
  File "<frozen importlib._bootstrap>", line 219, in _call_with_frames_removed
  File "/opt/airflow/dags/airflow.py", line 23, in <module>
    from data_preprocessing_scripts.preprocessing import preprocess_data
ModuleNotFoundError: No module named 'data_preprocessing_scripts'
[2026-08-14T05:27:35.651+0000] {processor.py:841} WARNING - No viable dags retrieved from /opt/airflow/dags/airflow.py
[2026-08-14T05:27:35.657+0000] {processor.py:179} INFO - Processing /opt/airflow/dags/airflow.py took 0.142 seconds
[2026-08-14T05:28:05.851+0000] {processor.py:157} INFO - Started process (PID=15340) to work on /opt/airflow/dags/airflow.py
[2026-08-14T05:28:05.852+0000] {processor.py:829} INFO - Processing file /opt/airflow/dags/airflow.py for tasks to queue
[2026-08-14T05:28:05.855+0000] {logging_mixin.py:151} INFO - [2026-08-14T05:28:05.854+0000] {dagbag.py:536} INFO - Filling up the DagBag from /opt/airflow/dags/airflow.py
[2026-08-14T05:28:06.001+0000] {logging_mixin.py:151} INFO - [2026-08-14T05:28:06.000+0000] {dagbag.py:346} ERROR - Failed to import: /opt/airflow/dags/airflow.py
Traceback (most recent call last):
  File "/home/airflow/.local/lib/python3.8/site-packages/airflow/models/dagbag.py", line 342, in parse
    loader.exec_module(new_module)
  File "<frozen importlib._bootstrap_external>", line 843, in exec_module
  File "<frozen importlib._bootstrap>", line 219, in _call_with_frames_removed
  File "/opt/airflow/dags/airflow.py", line 23, in <module>
    from data_preprocessing_scripts.preprocessing import preprocess_data
ModuleNotFoundError: No module named 'data_preprocessing_scripts'
[2026-08-14T05:28:06.001+0000] {processor.py:841} WARNING - No viable dags retrieved from /opt/airflow/dags/airflow.py
[2026-08-14T05:28:06.008+0000] {processor.py:179} INFO - Processing /opt/airflow/dags/airflow.py took 0.162 seconds
[2026-08-14T05:28:36.170+0000] {processor.py:157} INFO - Started process (PID=15348) to work on /opt/airflow/dags/airflow.py
[2026-08-14T05:28:36.170+0000] {processor.py:829} INFO - Processing file /opt/airflow/dags/airflow.py for tasks to queue
[2026-08-14T05:28:36.172+0000] {logging_mixin.py:151} INFO - [2026-08-14T05:28:36.172+0000] {dagbag.py:536} INFO - Filling up the DagBag from /opt/airflow/dags/airflow.py
[2026-08-14T05:28:36.305+0000] {logging_mixin.py:151} INFO - [2026-08-14T05:28:36.305+0000] {dagbag.py:346} ERROR - Failed to import: /opt/airflow/dags/airflow.py
Traceback (most recent call last):
  File "/home/airflow/.local/lib/python3.8/site-packages/airflow/models/dagbag.py", line 342, in parse
    loader.exec_module(new_module)
  File "<frozen importlib._bootstrap_external>", line 843, in exec_module
  File "<frozen importlib._bootstrap>", line 219, in _call_with_frames_removed
  File "/opt/airflow/dags/airflow.py", line 23, in <module>
    from data_preprocessing_scripts.preprocessing import preprocess_data
ModuleNotFoundError: No module named 'data_preprocessing_scripts'
[2026-08-14T05:28:36.305+0000] {processor.py:841} WARNING - No viable dags retrieved from /opt/airflow/dags/airflow.py
[2026-08-14T05:28:36.312+0000] {processor.py:179} INFO - Processing /opt/airflow/dags/airflow.py took 0.145 seconds
[2026-08-14T05:29:06.442+0000] {processor.py:157} INFO - Started process (PID=15356) to work on /opt/airflow/dags/airflow.py
[2026-08-14T05:29:06.443+0000] {processor.py:829} INFO - Processing file /opt/airflow/dags/airflow.py for tasks to queue
[2026-08-14T05:29:06.446+0000] {logging_mixin.py:151} INFO - [2026-08-14T05:29:06.445+0000] {dagbag.py:536} INFO - Filling up the DagBag from /opt/airflow/dags/airflow.py
[2026-08-14T05:29:06.635+0000] {logging_mixin.py:151} INFO - [2026-08-14T05:29:06.634+0000] {dagbag.py:346} ERROR - Failed to import: /opt/airflow/dags/airflow.py
Traceback (most recent call last):
  File "/home/airflow/.local/lib/python3.8/site-packages/airflow/models/dagbag.py", line 342, in parse
    loader.exec_module(new_module)
  File "<frozen importlib._bootstrap_external>", line 843, in exec_module
  File "<frozen importlib._bootstrap>", line 219, in _call_with_frames_removed
  File "/opt/airflow/dags/airflow.py", line 23, in <module>
    from data_preprocessing_scripts.preprocessing import preprocess_data
ModuleNotFoundError: No module named 'data_preprocessing_scripts'
[2026-08-14T05:29:06.635+0000] {processor.py:841} WARNING - No viable dags retrieved from /opt/airflow/dags/airflow.py
[2026-08-14T05:29:06.644+0000] {processor.py:179} INFO - Processing /opt/airflow/dags/airflow.py took 0.204 seconds
[2026-08-14T05:29:36.736+0000] {processor.py:157} INFO - Started process (PID=15364) to work on /opt/airflow/dags/airflow.py
[2026-08-14T05:29:36.737+0000] {processor.py:829} INFO - Processing file /opt/airflow/dags/airflow.py for tasks to queue
[2026-08-14T05:29:36.739+0000] {logging_mixin.py:151} INFO - [2026-08-14T05:29:36.739+0000] {dagbag.py:536} INFO - Filling up the DagBag from /opt/airflow/dags/airflow.py
[2026-08-14T05:29:36.879+0000] {logging_mixin.py:151} INFO - [2026-08-14T05:29:36.879+0000] {dagbag.py:346} ERROR - Failed to import: /opt/airflow/dags/airflow.py
Traceback (most recent call last):
  File "/home/airflow/.local/lib/python3.8/site-packages/airflow/models/dagbag.py", line 342, in parse
    loader.exec_module(new_module)
  File "<frozen importlib._bootstrap_external>", line 843, in exec_module
  File "<frozen importlib._bootstrap>", line 219, in _call_with_frames_removed
  File "/opt/airflow/dags/airflow.py", line 23, in <module>
    from data_preprocessing_scripts.preprocessing import preprocess_data
ModuleNotFoundError: No module named 'data_preprocessing_scripts'
[2026-08-14T05:29:36.880+0000] {processor.py:841} WARNING - No viable dags retrieved from /opt/airflow/dags/airflow.py
[2026-08-14T05:29:36.886+0000] {processor.py:179} INFO - Processing /opt/airflow/dags/airflow.py took 0.153 seconds
[2026-08-14T05:30:07.076+0000] {processor.py:157} INFO - Started process (PID=15372) to work on /opt/airflow/dags/airflow.py
[2026-08-14T05:30:07.077+0000] {processor.py:829} INFO - Processing file /opt/airflow/dags/airflow.py for tasks to queue
[2026-08-14T05:30:07.079+0000] {logging_mixin.py:151} INFO - [2026-08-14T05:30:07.079+0000] {dagbag.py:536} INFO - Filling up the DagBag from /opt/airflow/dags/airflow.py
[2026-08-14T05:30:07.228+0000] {logging_mixin.py:151} INFO - [2026-08-14T05:30:07.227+0000] {dagbag.py:346} ERROR - Failed to import: /opt/airflow/dags/airflow.py
Traceback (most recent call last):
  File "/home/airflow/.local/lib/python3.8/site-packages/airflow/models/dagbag.py", line 342, in parse
    loader.exec_module(new_module)
  File "<frozen importlib._bootstrap_external>", line 843, in exec_module
  File "<frozen importlib._bootstrap>", line 219, in _call_with_frames_removed
  File "/opt/airflow/dags/airflow.py", line 23, in <module>
    from data_preprocessing_scripts.preprocessing import preprocess_data
ModuleNotFoundError: No module named 'data_preprocessing_scripts'
[2026-08-14T05:30:07.228+0000] {processor.py:841} WARNING - No viable dags retrieved from /opt/airflow/dags/airflow.py
[2026-08-14T05:30:07.235+0000] {processor.py:179} INFO - Processing /opt/airflow/dags/airflow.py took 0.163 seconds
[2026-08-14T05:30:37.377+0000] {processor.py:157} INFO - Started process (PID=15380) to work on /opt/airflow/dags/airflow.py
[2026-08-14T05:30:37.377+0000] {processor.py:829} INFO - Processing file /opt/airflow/dags/airflow.py for tasks to queue
[2026-08-14T05:30:37.379+0000] {logging_mixin.py:151} INFO - [2026-08-14T05:30:37.379+0000] {dagbag.py:536} INFO - Filling up the DagBag from /opt/airflow/dags/airflow.py
[2026-08-14T05:30:37.506+0000] {logging_mixin.py:151} INFO - [2026-08-14T05:30:37.505+0000] {dagbag.py:346} ERROR - Failed to import: /opt/airflow/dags/airflow.py
Traceback (most recent call last):
  File "/home/airflow/.local/lib/python3.8/site-packages/airflow/models/dagbag.py", line 342, in parse
    loader.exec_module(new_module)
  File "<frozen importlib._bootstrap_external>", line 843, in exec_module
  File "<frozen importlib._bootstrap>", line 219, in _call_with_frames_removed
  File "/opt/airflow/dags/airflow.py", line 23, in <module>
    from data_preprocessing_scripts.preprocessing import preprocess_data
ModuleNotFoundError: No module named 'data_preprocessing_scripts'
[2026-08-14T05:30:37.506+0000] {processor.py:841} WARNING - No viable dags retrieved from /opt/airflow/dags/airflow.py
[2026-08-14T05:30:37.513+0000] {processor.py:179} INFO - Processing /opt/airflow/dags/airflow.py took 0.139 seconds
[2026-08-14T05:31:07.684+0000] {processor.py:157} INFO - Started process (PID=15388) to work on /opt/airflow/dags/airflow.py
[2026-08-14T05:31:07.686+0000] {processor.py:829} INFO - Processing file /opt/airflow/dags/airflow.py for tasks to queue
[2026-08-14T05:31:07.689+0000] {logging_mixin.py:151} INFO - [2026-08-14T05:31:07.688+0000] {dagbag.py:536} INFO - Filling up the DagBag from /opt/airflow/dags/airflow.py
[2026-08-14T05:31:07.823+0000] {logging_mixin.py:151} INFO - [2026-08-14T05:31:07.822+0000] {dagbag.py:346} ERROR - Failed to import: /opt/airflow/dags/airflow.py
Traceback (most recent call last):
  File "/home/airflow/.local/lib/python3.8/site-packages/airflow/models/dagbag.py", line 342, in parse
    loader.exec_module(new_module)
  File "<frozen importlib._bootstrap_external>", line 843, in exec_module
  File "<frozen importlib._bootstrap>", line 219, in _call_with_frames_removed
  File "/opt/airflow/dags/airflow.py", line 23, in <module>
    from data_preprocessing_scripts.preprocessing import preprocess_data
ModuleNotFoundError: No module named 'data_preprocessing_scripts'
[2026-08-14T05:31:07.823+0000] {processor.py:841} WARNING - No viable dags retrieved from /opt/airflow/dags/airflow.py
[2026-08-14T05:31:07.829+0000] {processor.py:179} INFO - Processing /opt/airflow/dags/airflow.py took 0.149 seconds
[2026-08-14T05:31:38.039+0000] {processor.py:157} INFO - Started process (PID=15396) to work on /opt/airflow/dags/airflow.py
[2026-08-14T05:31:38.040+0000] {processor.py:829} INFO - Processing file /opt/airflow/dags/airflow.py for tasks to queue
[2026-08-14T05:31:38.044+0000] {logging_mixin.py:151} INFO - [2026-08-14T05:31:38.043+0000] {dagbag.py:536} INFO - Filling up the DagBag from /opt/airflow/dags/airflow.py
[2026-08-14T05:31:38.172+0000] {logging_mixin.py:151} INFO - [2026-08-14T05:31:38.171+0000] {dagbag.py:346} ERROR - Failed to import: /opt/airflow/dags/airflow.py
Traceback (most recent call last):
  File "/home/airflow/.local/lib/python3.8/site-packages/airflow/models/dagbag.py", line 342, in parse
    loader.exec_module(new_module)
  File "<frozen importlib._bootstrap_external>", line 843, in exec_module
  File "<frozen importlib._bootstrap>", line 219, in _call_with_frames_removed
  File "/opt/airflow/dags/airflow.py", line 23, in <module>
    from data_preprocessing_scripts.preprocessing import preprocess_data
ModuleNotFoundError: No module named 'data_preprocessing_scripts'
[2026-08-14T05:31:38.172+0000] {processor.py:841} WARNING - No viable dags retrieved from /opt/airflow/dags/airflow.py
[2026-08-14T05:31:38.178+0000] {processor.py:179} INFO - Processing /opt/airflow/dags/airflow.py took 0.143 seconds
[2026-08-14T05:32:08.353+0000] {processor.py:157} INFO - Started process (PID=15404) to work on /opt/airflow/dags/airflow.py
[2026-08-14T05:32:08.354+0000] {processor.py:829} INFO - Processing file /opt/airflow/dags/airflow.py for tasks to queue
[2026-08-14T05:32:08.357+0000] {logging_mixin.py:151} INFO - [2026-08-14T05:32:08.357+0000] {dagbag.py:536} INFO - Filling up the DagBag from /opt/airflow/dags/airflow.py
[2026-08-14T05:32:08.551+0000] {logging_mixin.py:151} INFO - [2026-08-14T05:32:08.550+0000] {dagbag.py:346} ERROR - Failed to import: /opt/airflow/dags/airflow.py
Traceback (most recent call last):
  File "/home/airflow/.local/lib/python3.8/site-packages/airflow/models/dagbag.py", line 342, in parse
    loader.exec_module(new_module)
  File "<frozen importlib._bootstrap_external>", line 843, in exec_module
  File "<frozen importlib._bootstrap>", line 219, in _call_with_frames_removed
  File "/opt/airflow/dags/airflow.py", line 23, in <module>
    from data_preprocessing_scripts.preprocessing import preprocess_data
ModuleNotFoundError: No module named 'data_preprocessing_scripts'
[2026-08-14T05:32:08.551+0000] {processor.py:841} WARNING - No viable dags retrieved from /opt/airflow/dags/airflow.py
[2026-08-14T05:32:08.558+0000] {processor.py:179} INFO - Processing /opt/airflow/dags/airflow.py took 0.210 seconds
[2026-08-14T05:32:38.662+0000] {processor.py:157} INFO - Started process (PID=15412) to work on /opt/airflow/dags/airflow.py
[2026-08-14T05:32:38.663+0000] {processor.py:829} INFO - Processing file /opt/airflow/dags/airflow.py for tasks to queue
[2026-08-14T05:32:38.665+0000] {logging_mixin.py:151} INFO - [2026-08-14T05:32:38.665+0000] {dagbag.py:536} INFO - Filling up the DagBag from /opt/airflow/dags/airflow.py
[2026-08-14T05:32:38.808+0000] {logging_mixin.py:151} INFO - [2026-08-14T05:32:38.808+0000] {dagbag.py:346} ERROR - Failed to import: /opt/airflow/dags/airflow.py
Traceback (most recent call last):
  File "/home/airflow/.local/lib/python3.8/site-packages/airflow/models/dagbag.py", line 342, in parse
    loader.exec_module(new_module)
  File "<frozen importlib._bootstrap_external>", line 843, in exec_module
  File "<frozen importlib._bootstrap>", line 219, in _call_with_frames_removed
  File "/opt/airflow/dags/airflow.py", line 23, in <module>
    from data_preprocessing_scripts.preprocessing import preprocess_data
ModuleNotFoundError: No module named 'data_preprocessing_scripts'
[2026-08-14T05:32:38.808+0000] {processor.py:841} WARNING - No viable dags retrieved from /opt/airflow/dags/airflow.py
[2026-08-14T05:32:38.816+0000] {processor.py:179} INFO - Processing /opt/airflow/dags/airflow.py took 0.156 seconds
[2026-08-14T05:33:08.969+0000] {processor.py:157} INFO - Started process (PID=15420) to work on /opt/airflow/dags/airflow.py
[2026-08-14T05:33:08.970+0000] {processor.py:829} INFO - Processing file /opt/airflow/dags/airflow.py for tasks to queue
[2026-08-14T05:33:08.973+0000] {logging_mixin.py:151} INFO - [2026-08-14T05:33:08.972+0000] {dagbag.py:536} INFO - Filling up the DagBag from /opt/airflow/dags/airflow.py
[2026-08-14T05:33:09.124+0000] {logging_mixin.py:151} INFO - [2026-08-14T05:33:09.124+0000] {dagbag.py:346} ERROR - Failed to import: /opt/airflow/dags/airflow.py
Traceback (most recent call last):
  File "/home/airflow/.local/lib/python3.8/site-packages/airflow/models/dagbag.py", line 342, in parse
    loader.exec_module(new_module)
  File "<frozen importlib._bootstrap_external>", line 843, in exec_module
  File "<frozen importlib._bootstrap>", line 219, in _call_with_frames_removed
  File "/opt/airflow/dags/airflow.py", line 23, in <module>
    from data_preprocessing_scripts.preprocessing import preprocess_data
ModuleNotFoundError: No module named 'data_preprocessing_scripts'
[2026-08-14T05:33:09.124+0000] {processor.py:841} WARNING - No viable dags retrieved from /opt/airflow/dags/airflow.py
[2026-08-14T05:33:09.131+0000] {processor.py:179} INFO - Processing /opt/airflow/dags/airflow.py took 0.165 seconds
[2026-08-14T05:33:39.254+0000] {processor.py:157} INFO - Started process (PID=15428) to work on /opt/airflow/dags/airflow.py
[2026-08-14T05:33:39.255+0000] {processor.py:829} INFO - Processing file /opt/airflow/dags/airflow.py for tasks to queue
[2026-08-14T05:33:39.258+0000] {logging_mixin.py:151} INFO - [2026-08-14T05:33:39.258+0000] {dagbag.py:536} INFO - Filling up the DagBag from /opt/airflow/dags/airflow.py
[2026-08-14T05:33:39.405+0000] {logging_mixin.py:151} INFO - [2026-08-14T05:33:39.405+0000] {dagbag.py:346} ERROR - Failed to import: /opt/airflow/dags/airflow.py
Traceback (most recent call last):
  File "/home/airflow/.local/lib/python3.8/site-packages/airflow/models/dagbag.py", line 342, in parse
    loader.exec_module(new_module)
  File "<frozen importlib._bootstrap_external>", line 843, in exec_module
  File "<frozen importlib._bootstrap>", line 219, in _call_with_frames_removed
  File "/opt/airflow/dags/airflow.py", line 23, in <module>
    from data_preprocessing_scripts.preprocessing import preprocess_data
ModuleNotFoundError: No module named 'data_preprocessing_scripts'
[2026-08-14T05:33:39.406+0000] {processor.py:841} WARNING - No viable dags retrieved from /opt/airflow/dags/airflow.py
[2026-08-14T05:33:39.412+0000] {processor.py:179} INFO - Processing /opt/airflow/dags/airflow.py took 0.161 seconds
[2026-08-14T05:34:09.542+0000] {processor.py:157} INFO - Started process (PID=15436) to work on /opt/airflow/dags/airflow.py
[2026-08-14T05:34:09.542+0000] {processor.py:829} INFO - Processing file /opt/airflow/dags/airflow.py for tasks to queue
[2026-08-14T05:34:09.545+0000] {logging_mixin.py:151} INFO - [2026-08-14T05:34:09.544+0000] {dagbag.py:536} INFO - Filling up the DagBag from /opt/airflow/dags/airflow.py
[2026-08-14T05:34:09.700+0000] {logging_mixin.py:151} INFO - [2026-08-14T05:34:09.700+0000] {dagbag.py:346} ERROR - Failed to import: /opt/airflow/dags/airflow.py
Traceback (most recent call last):
  File "/home/airflow/.local/lib/python3.8/site-packages/airflow/models/dagbag.py", line 342, in parse
    loader.exec_module(new_module)
  File "<frozen importlib._bootstrap_external>", line 843, in exec_module
  File "<frozen importlib._bootstrap>", line 219, in _call_with_frames_removed
  File "/opt/airflow/dags/airflow.py", line 23, in <module>
    from data_preprocessing_scripts.preprocessing import preprocess_data
ModuleNotFoundError: No module named 'data_preprocessing_scripts'
[2026-08-14T05:34:09.700+0000] {processor.py:841} WARNING - No viable dags retrieved from /opt/airflow/dags/airflow.py
[2026-08-14T05:34:09.708+0000] {processor.py:179} INFO - Processing /opt/airflow/dags/airflow.py took 0.169 seconds
[2026-08-14T05:34:39.826+0000] {processor.py:157} INFO - Started process (PID=15444) to work on /opt/airflow/dags/airflow.py
[2026-08-14T05:34:39.827+0000] {processor.py:829} INFO - Processing file /opt/airflow/dags/airflow.py for tasks to queue
[2026-08-14T05:34:39.829+0000] {logging_mixin.py:151} INFO - [2026-08-14T05:34:39.829+0000] {dagbag.py:536} INFO - Filling up the DagBag from /opt/airflow/dags/airflow.py
[2026-08-14T05:34:39.985+0000] {logging_mixin.py:151} INFO - [2026-08-14T05:34:39.985+0000] {dagbag.py:346} ERROR - Failed to import: /opt/airflow/dags/airflow.py
Traceback (most recent call last):
  File "/home/airflow/.local/lib/python3.8/site-packages/airflow/models/dagbag.py", line 342, in parse
    loader.exec_module(new_module)
  File "<frozen importlib._bootstrap_external>", line 843, in exec_module
  File "<frozen importlib._bootstrap>", line 219, in _call_with_frames_removed
  File "/opt/airflow/dags/airflow.py", line 23, in <module>
    from data_preprocessing_scripts.preprocessing import preprocess_data
ModuleNotFoundError: No module named 'data_preprocessing_scripts'
[2026-08-14T05:34:39.986+0000] {processor.py:841} WARNING - No viable dags retrieved from /opt/airflow/dags/airflow.py
[2026-08-14T05:34:39.993+0000] {processor.py:179} INFO - Processing /opt/airflow/dags/airflow.py took 0.168 seconds
[2026-08-14T05:35:10.131+0000] {processor.py:157} INFO - Started process (PID=15452) to work on /opt/airflow/dags/airflow.py
[2026-08-14T05:35:10.132+0000] {processor.py:829} INFO - Processing file /opt/airflow/dags/airflow.py for tasks to queue
[2026-08-14T05:35:10.133+0000] {logging_mixin.py:151} INFO - [2026-08-14T05:35:10.133+0000] {dagbag.py:536} INFO - Filling up the DagBag from /opt/airflow/dags/airflow.py
[2026-08-14T05:35:10.286+0000] {logging_mixin.py:151} INFO - [2026-08-14T05:35:10.285+0000] {dagbag.py:346} ERROR - Failed to import: /opt/airflow/dags/airflow.py
Traceback (most recent call last):
  File "/home/airflow/.local/lib/python3.8/site-packages/airflow/models/dagbag.py", line 342, in parse
    loader.exec_module(new_module)
  File "<frozen importlib._bootstrap_external>", line 843, in exec_module
  File "<frozen importlib._bootstrap>", line 219, in _call_with_frames_removed
  File "/opt/airflow/dags/airflow.py", line 23, in <module>
    from data_preprocessing_scripts.preprocessing import preprocess_data
ModuleNotFoundError: No module named 'data_preprocessing_scripts'
[2026-08-14T05:35:10.286+0000] {processor.py:841} WARNING - No viable dags retrieved from /opt/airflow/dags/airflow.py
[2026-08-14T05:35:10.293+0000] {processor.py:179} INFO - Processing /opt/airflow/dags/airflow.py took 0.164 seconds
[2026-08-14T05:35:40.409+0000] {processor.py:157} INFO - Started process (PID=15460) to work on /opt/airflow/dags/airflow.py
[2026-08-14T05:35:40.410+0000] {processor.py:829} INFO - Processing file /opt/airflow/dags/airflow.py for tasks to queue
[2026-08-14T05:35:40.411+0000] {logging_mixin.py:151} INFO - [2026-08-14T05:35:40.411+0000] {dagbag.py:536} INFO - Filling up the DagBag from /opt/airflow/dags/airflow.py
[2026-08-14T05:35:40.555+0000] {logging_mixin.py:151} INFO - [2026-08-14T05:35:40.555+0000] {dagbag.py:346} ERROR - Failed to import: /opt/airflow/dags/airflow.py
Traceback (most recent call last):
  File "/home/airflow/.local/lib/python3.8/site-packages/airflow/models/dagbag.py", line 342, in parse
    loader.exec_module(new_module)
  File "<frozen importlib._bootstrap_external>", line 843, in exec_module
  File "<frozen importlib._bootstrap>", line 219, in _call_with_frames_removed
  File "/opt/airflow/dags/airflow.py", line 23, in <module>
    from data_preprocessing_scripts.preprocessing import preprocess_data
ModuleNotFoundError: No module named 'data_preprocessing_scripts'
[2026-08-14T05:35:40.556+0000] {processor.py:841} WARNING - No viable dags retrieved from /opt/airflow/dags/airflow.py
[2026-08-14T05:35:40.562+0000] {processor.py:179} INFO - Processing /opt/airflow/dags/airflow.py took 0.155 seconds
[2026-08-14T05:36:10.699+0000] {processor.py:157} INFO - Started process (PID=15468) to work on /opt/airflow/dags/airflow.py
[2026-08-14T05:36:10.700+0000] {processor.py:829} INFO - Processing file /opt/airflow/dags/airflow.py for tasks to queue
[2026-08-14T05:36:10.702+0000] {logging_mixin.py:151} INFO - [2026-08-14T05:36:10.702+0000] {dagbag.py:536} INFO - Filling up the DagBag from /opt/airflow/dags/airflow.py
[2026-08-14T05:36:10.848+0000] {logging_mixin.py:151} INFO - [2026-08-14T05:36:10.848+0000] {dagbag.py:346} ERROR - Failed to import: /opt/airflow/dags/airflow.py
Traceback (most recent call last):
  File "/home/airflow/.local/lib/python3.8/site-packages/airflow/models/dagbag.py", line 342, in parse
    loader.exec_module(new_module)
  File "<frozen importlib._bootstrap_external>", line 843, in exec_module
  File "<frozen importlib._bootstrap>", line 219, in _call_with_frames_removed
  File "/opt/airflow/dags/airflow.py", line 23, in <module>
    from data_preprocessing_scripts.preprocessing import preprocess_data
ModuleNotFoundError: No module named 'data_preprocessing_scripts'
[2026-08-14T05:36:10.848+0000] {processor.py:841} WARNING - No viable dags retrieved from /opt/airflow/dags/airflow.py
[2026-08-14T05:36:10.855+0000] {processor.py:179} INFO - Processing /opt/airflow/dags/airflow.py took 0.159 seconds
[2026-08-14T05:36:40.967+0000] {processor.py:157} INFO - Started process (PID=15476) to work on /opt/airflow/dags/airflow.py
[2026-08-14T05:36:40.968+0000] {processor.py:829} INFO - Processing file /opt/airflow/dags/airflow.py for tasks to queue
[2026-08-14T05:36:40.972+0000] {logging_mixin.py:151} INFO - [2026-08-14T05:36:40.971+0000] {dagbag.py:536} INFO - Filling up the DagBag from /opt/airflow/dags/airflow.py
[2026-08-14T05:36:41.126+0000] {logging_mixin.py:151} INFO - [2026-08-14T05:36:41.125+0000] {dagbag.py:346} ERROR - Failed to import: /opt/airflow/dags/airflow.py
Traceback (most recent call last):
  File "/home/airflow/.local/lib/python3.8/site-packages/airflow/models/dagbag.py", line 342, in parse
    loader.exec_module(new_module)
  File "<frozen importlib._bootstrap_external>", line 843, in exec_module
  File "<frozen importlib._bootstrap>", line 219, in _call_with_frames_removed
  File "/opt/airflow/dags/airflow.py", line 23, in <module>
    from data_preprocessing_scripts.preprocessing import preprocess_data
ModuleNotFoundError: No module named 'data_preprocessing_scripts'
[2026-08-14T05:36:41.126+0000] {processor.py:841} WARNING - No viable dags retrieved from /opt/airflow/dags/airflow.py
[2026-08-14T05:36:41.132+0000] {processor.py:179} INFO - Processing /opt/airflow/dags/airflow.py took 0.169 seconds
[2026-08-14T05:37:11.233+0000] {processor.py:157} INFO - Started process (PID=15484) to work on /opt/airflow/dags/airflow.py
[2026-08-14T05:37:11.234+0000] {processor.py:829} INFO - Processing file /opt/airflow/dags/airflow.py for tasks to queue
[2026-08-14T05:37:11.236+0000] {logging_mixin.py:151} INFO - [2026-08-14T05:37:11.236+0000] {dagbag.py:536} INFO - Filling up the DagBag from /opt/airflow/dags/airflow.py
[2026-08-14T05:37:11.399+0000] {logging_mixin.py:151} INFO - [2026-08-14T05:37:11.399+0000] {dagbag.py:346} ERROR - Failed to import: /opt/airflow/dags/airflow.py
Traceback (most recent call last):
  File "/home/airflow/.local/lib/python3.8/site-packages/airflow/models/dagbag.py", line 342, in parse
    loader.exec_module(new_module)
  File "<frozen importlib._bootstrap_external>", line 843, in exec_module
  File "<frozen importlib._bootstrap>", line 219, in _call_with_frames_removed
  File "/opt/airflow/dags/airflow.py", line 23, in <module>
    from data_preprocessing_scripts.preprocessing import preprocess_data
ModuleNotFoundError: No module named 'data_preprocessing_scripts'
[2026-08-14T05:37:11.399+0000] {processor.py:841} WARNING - No viable dags retrieved from /opt/airflow/dags/airflow.py
[2026-08-14T05:37:11.406+0000] {processor.py:179} INFO - Processing /opt/airflow/dags/airflow.py took 0.176 seconds
[2026-08-14T05:37:41.536+0000] {processor.py:157} INFO - Started process (PID=15492) to work on /opt/airflow/dags/airflow.py
[2026-08-14T05:37:41.536+0000] {processor.py:829} INFO - Processing file /opt/airflow/dags/airflow.py for tasks to queue
[2026-08-14T05:37:41.538+0000] {logging_mixin.py:151} INFO - [2026-08-14T05:37:41.538+0000] {dagbag.py:536} INFO - Filling up the DagBag from /opt/airflow/dags/airflow.py
[2026-08-14T05:37:41.688+0000] {logging_mixin.py:151} INFO - [2026-08-14T05:37:41.687+0000] {dagbag.py:346} ERROR - Failed to import: /opt/airflow/dags/airflow.py
Traceback (most recent call last):
  File "/home/airflow/.local/lib/python3.8/site-packages/airflow/models/dagbag.py", line 342, in parse
    loader.exec_module(new_module)
  File "<frozen importlib._bootstrap_external>", line 843, in exec_module
  File "<frozen importlib._bootstrap>", line 219, in _call_with_frames_removed
  File "/opt/airflow/dags/airflow.py", line 23, in <module>
    from data_preprocessing_scripts.preprocessing import preprocess_data
ModuleNotFoundError: No module named 'data_preprocessing_scripts'
[2026-08-14T05:37:41.688+0000] {processor.py:841} WARNING - No viable dags retrieved from /opt/airflow/dags/airflow.py
[2026-08-14T05:37:41.696+0000] {processor.py:179} INFO - Processing /opt/airflow/dags/airflow.py took 0.164 seconds
[2026-08-14T05:38:11.837+0000] {processor.py:157} INFO - Started process (PID=15500) to work on /opt/airflow/dags/airflow.py
[2026-08-14T05:38:11.838+0000] {processor.py:829} INFO - Processing file /opt/airflow/dags/airflow.py for tasks to queue
[2026-08-14T05:38:11.841+0000] {logging_mixin.py:151} INFO - [2026-08-14T05:38:11.841+0000] {dagbag.py:536} INFO - Filling up the DagBag from /opt/airflow/dags/airflow.py
[2026-08-14T05:38:12.001+0000] {logging_mixin.py:151} INFO - [2026-08-14T05:38:12.000+0000] {dagbag.py:346} ERROR - Failed to import: /opt/airflow/dags/airflow.py
Traceback (most recent call last):
  File "/home/airflow/.local/lib/python3.8/site-packages/airflow/models/dagbag.py", line 342, in parse
    loader.exec_module(new_module)
  File "<frozen importlib._bootstrap_external>", line 843, in exec_module
  File "<frozen importlib._bootstrap>", line 219, in _call_with_frames_removed
  File "/opt/airflow/dags/airflow.py", line 23, in <module>
    from data_preprocessing_scripts.preprocessing import preprocess_data
ModuleNotFoundError: No module named 'data_preprocessing_scripts'
[2026-08-14T05:38:12.001+0000] {processor.py:841} WARNING - No viable dags retrieved from /opt/airflow/dags/airflow.py
[2026-08-14T05:38:12.008+0000] {processor.py:179} INFO - Processing /opt/airflow/dags/airflow.py took 0.173 seconds
[2026-08-14T05:38:42.110+0000] {processor.py:157} INFO - Started process (PID=15508) to work on /opt/airflow/dags/airflow.py
[2026-08-14T05:38:42.111+0000] {processor.py:829} INFO - Processing file /opt/airflow/dags/airflow.py for tasks to queue
[2026-08-14T05:38:42.113+0000] {logging_mixin.py:151} INFO - [2026-08-14T05:38:42.113+0000] {dagbag.py:536} INFO - Filling up the DagBag from /opt/airflow/dags/airflow.py
[2026-08-14T05:38:42.264+0000] {logging_mixin.py:151} INFO - [2026-08-14T05:38:42.263+0000] {dagbag.py:346} ERROR - Failed to import: /opt/airflow/dags/airflow.py
Traceback (most recent call last):
  File "/home/airflow/.local/lib/python3.8/site-packages/airflow/models/dagbag.py", line 342, in parse
    loader.exec_module(new_module)
  File "<frozen importlib._bootstrap_external>", line 843, in exec_module
  File "<frozen importlib._bootstrap>", line 219, in _call_with_frames_removed
  File "/opt/airflow/dags/airflow.py", line 23, in <module>
    from data_preprocessing_scripts.preprocessing import preprocess_data
ModuleNotFoundError: No module named 'data_preprocessing_scripts'
[2026-08-14T05:38:42.264+0000] {processor.py:841} WARNING - No viable dags retrieved from /opt/airflow/dags/airflow.py
[2026-08-14T05:38:42.271+0000] {processor.py:179} INFO - Processing /opt/airflow/dags/airflow.py took 0.164 seconds
[2026-08-14T05:39:12.398+0000] {processor.py:157} INFO - Started process (PID=15516) to work on /opt/airflow/dags/airflow.py
[2026-08-14T05:39:12.399+0000] {processor.py:829} INFO - Processing file /opt/airflow/dags/airflow.py for tasks to queue
[2026-08-14T05:39:12.401+0000] {logging_mixin.py:151} INFO - [2026-08-14T05:39:12.401+0000] {dagbag.py:536} INFO - Filling up the DagBag from /opt/airflow/dags/airflow.py
[2026-08-14T05:39:12.565+0000] {logging_mixin.py:151} INFO - [2026-08-14T05:39:12.564+0000] {dagbag.py:346} ERROR - Failed to import: /opt/airflow/dags/airflow.py
Traceback (most recent call last):
  File "/home/airflow/.local/lib/python3.8/site-packages/airflow/models/dagbag.py", line 342, in parse
    loader.exec_module(new_module)
  File "<frozen importlib._bootstrap_external>", line 843, in exec_module
  File "<frozen importlib._bootstrap>", line 219, in _call_with_frames_removed
  File "/opt/airflow/dags/airflow.py", line 23, in <module>
    from data_preprocessing_scripts.preprocessing import preprocess_data
ModuleNotFoundError: No module named 'data_preprocessing_scripts'
[2026-08-14T05:39:12.566+0000] {processor.py:841} WARNING - No viable dags retrieved from /opt/airflow/dags/airflow.py
[2026-08-14T05:39:12.573+0000] {processor.py:179} INFO - Processing /opt/airflow/dags/airflow.py took 0.179 seconds
[2026-08-14T05:39:42.686+0000] {processor.py:157} INFO - Started process (PID=15524) to work on /opt/airflow/dags/airflow.py
[2026-08-14T05:39:42.686+0000] {processor.py:829} INFO - Processing file /opt/airflow/dags/airflow.py for tasks to queue
[2026-08-14T05:39:42.688+0000] {logging_mixin.py:151} INFO - [2026-08-14T05:39:42.688+0000] {dagbag.py:536} INFO - Filling up the DagBag from /opt/airflow/dags/airflow.py
[2026-08-14T05:39:42.870+0000] {logging_mixin.py:151} INFO - [2026-08-14T05:39:42.869+0000] {dagbag.py:346} ERROR - Failed to import: /opt/airflow/dags/airflow.py
Traceback (most recent call last):
  File "/home/airflow/.local/lib/python3.8/site-packages/airflow/models/dagbag.py", line 342, in parse
    loader.exec_module(new_module)
  File "<frozen importlib._bootstrap_external>", line 843, in exec_module
  File "<frozen importlib._bootstrap>", line 219, in _call_with_frames_removed
  File "/opt/airflow/dags/airflow.py", line 23, in <module>
    from data_preprocessing_scripts.preprocessing import preprocess_data
ModuleNotFoundError: No module named 'data_preprocessing_scripts'
[2026-08-14T05:39:42.870+0000] {processor.py:841} WARNING - No viable dags retrieved from /opt/airflow/dags/airflow.py
[2026-08-14T05:39:42.877+0000] {processor.py:179} INFO - Processing /opt/airflow/dags/airflow.py took 0.194 seconds
[2026-08-14T05:40:12.984+0000] {processor.py:157} INFO - Started process (PID=15532) to work on /opt/airflow/dags/airflow.py
[2026-08-14T05:40:12.985+0000] {processor.py:829} INFO - Processing file /opt/airflow/dags/airflow.py for tasks to queue
[2026-08-14T05:40:12.988+0000] {logging_mixin.py:151} INFO - [2026-08-14T05:40:12.988+0000] {dagbag.py:536} INFO - Filling up the DagBag from /opt/airflow/dags/airflow.py
[2026-08-14T05:40:13.131+0000] {logging_mixin.py:151} INFO - [2026-08-14T05:40:13.131+0000] {dagbag.py:346} ERROR - Failed to import: /opt/airflow/dags/airflow.py
Traceback (most recent call last):
  File "/home/airflow/.local/lib/python3.8/site-packages/airflow/models/dagbag.py", line 342, in parse
    loader.exec_module(new_module)
  File "<frozen importlib._bootstrap_external>", line 843, in exec_module
  File "<frozen importlib._bootstrap>", line 219, in _call_with_frames_removed
  File "/opt/airflow/dags/airflow.py", line 23, in <module>
    from data_preprocessing_scripts.preprocessing import preprocess_data
ModuleNotFoundError: No module named 'data_preprocessing_scripts'
[2026-08-14T05:40:13.132+0000] {processor.py:841} WARNING - No viable dags retrieved from /opt/airflow/dags/airflow.py
[2026-08-14T05:40:13.139+0000] {processor.py:179} INFO - Processing /opt/airflow/dags/airflow.py took 0.161 seconds
[2026-08-14T05:40:43.322+0000] {processor.py:157} INFO - Started process (PID=15540) to work on /opt/airflow/dags/airflow.py
[2026-08-14T05:40:43.323+0000] {processor.py:829} INFO - Processing file /opt/airflow/dags/airflow.py for tasks to queue
[2026-08-14T05:40:43.326+0000] {logging_mixin.py:151} INFO - [2026-08-14T05:40:43.325+0000] {dagbag.py:536} INFO - Filling up the DagBag from /opt/airflow/dags/airflow.py
[2026-08-14T05:40:43.471+0000] {logging_mixin.py:151} INFO - [2026-08-14T05:40:43.470+0000] {dagbag.py:346} ERROR - Failed to import: /opt/airflow/dags/airflow.py
Traceback (most recent call last):
  File "/home/airflow/.local/lib/python3.8/site-packages/airflow/models/dagbag.py", line 342, in parse
    loader.exec_module(new_module)
  File "<frozen importlib._bootstrap_external>", line 843, in exec_module
  File "<frozen importlib._bootstrap>", line 219, in _call_with_frames_removed
  File "/opt/airflow/dags/airflow.py", line 23, in <module>
    from data_preprocessing_scripts.preprocessing import preprocess_data
ModuleNotFoundError: No module named 'data_preprocessing_scripts'
[2026-08-14T05:40:43.471+0000] {processor.py:841} WARNING - No viable dags retrieved from /opt/airflow/dags/airflow.py
[2026-08-14T05:40:43.478+0000] {processor.py:179} INFO - Processing /opt/airflow/dags/airflow.py took 0.159 seconds
[2026-08-14T05:41:13.594+0000] {processor.py:157} INFO - Started process (PID=15548) to work on /opt/airflow/dags/airflow.py
[2026-08-14T05:41:13.594+0000] {processor.py:829} INFO - Processing file /opt/airflow/dags/airflow.py for tasks to queue
[2026-08-14T05:41:13.596+0000] {logging_mixin.py:151} INFO - [2026-08-14T05:41:13.596+0000] {dagbag.py:536} INFO - Filling up the DagBag from /opt/airflow/dags/airflow.py
[2026-08-14T05:41:13.741+0000] {logging_mixin.py:151} INFO - [2026-08-14T05:41:13.741+0000] {dagbag.py:346} ERROR - Failed to import: /opt/airflow/dags/airflow.py
Traceback (most recent call last):
  File "/home/airflow/.local/lib/python3.8/site-packages/airflow/models/dagbag.py", line 342, in parse
    loader.exec_module(new_module)
  File "<frozen importlib._bootstrap_external>", line 843, in exec_module
  File "<frozen importlib._bootstrap>", line 219, in _call_with_frames_removed
  File "/opt/airflow/dags/airflow.py", line 23, in <module>
    from data_preprocessing_scripts.preprocessing import preprocess_data
ModuleNotFoundError: No module named 'data_preprocessing_scripts'
[2026-08-14T05:41:13.741+0000] {processor.py:841} WARNING - No viable dags retrieved from /opt/airflow/dags/airflow.py
[2026-08-14T05:41:13.748+0000] {processor.py:179} INFO - Processing /opt/airflow/dags/airflow.py took 0.157 seconds
[2026-08-14T05:41:43.900+0000] {processor.py:157} INFO - Started process (PID=15556) to work on /opt/airflow/dags/airflow.py
[2026-08-14T05:41:43.900+0000] {processor.py:829} INFO - Processing file /opt/airflow/dags/airflow.py for tasks to queue
[2026-08-14T05:41:43.902+0000] {logging_mixin.py:151} INFO - [2026-08-14T05:41:43.902+0000] {dagbag.py:536} INFO - Filling up the DagBag from /opt/airflow/dags/airflow.py
[2026-08-14T05:41:44.043+0000] {logging_mixin.py:151} INFO - [2026-08-14T05:41:44.042+0000] {dagbag.py:346} ERROR - Failed to import: /opt/airflow/dags/airflow.py
Traceback (most recent call last):
  File "/home/airflow/.local/lib/python3.8/site-packages/airflow/models/dagbag.py", line 342, in parse
    loader.exec_module(new_module)
  File "<frozen importlib._bootstrap_external>", line 843, in exec_module
  File "<frozen importlib._bootstrap>", line 219, in _call_with_frames_removed
  File "/opt/airflow/dags/airflow.py", line 23, in <module>
    from data_preprocessing_scripts.preprocessing import preprocess_data
ModuleNotFoundError: No module named 'data_preprocessing_scripts'
[2026-08-14T05:41:44.043+0000] {processor.py:841} WARNING - No viable dags retrieved from /opt/airflow/dags/airflow.py
[2026-08-14T05:41:44.050+0000] {processor.py:179} INFO - Processing /opt/airflow/dags/airflow.py took 0.153 seconds
[2026-08-14T05:42:14.204+0000] {processor.py:157} INFO - Started process (PID=15564) to work on /opt/airflow/dags/airflow.py
[2026-08-14T05:42:14.205+0000] {processor.py:829} INFO - Processing file /opt/airflow/dags/airflow.py for tasks to queue
[2026-08-14T05:42:14.206+0000] {logging_mixin.py:151} INFO - [2026-08-14T05:42:14.206+0000] {dagbag.py:536} INFO - Filling up the DagBag from /opt/airflow/dags/airflow.py
[2026-08-14T05:42:14.355+0000] {logging_mixin.py:151} INFO - [2026-08-14T05:42:14.354+0000] {dagbag.py:346} ERROR - Failed to import: /opt/airflow/dags/airflow.py
Traceback (most recent call last):
  File "/home/airflow/.local/lib/python3.8/site-packages/airflow/models/dagbag.py", line 342, in parse
    loader.exec_module(new_module)
  File "<frozen importlib._bootstrap_external>", line 843, in exec_module
  File "<frozen importlib._bootstrap>", line 219, in _call_with_frames_removed
  File "/opt/airflow/dags/airflow.py", line 23, in <module>
    from data_preprocessing_scripts.preprocessing import preprocess_data
ModuleNotFoundError: No module named 'data_preprocessing_scripts'
[2026-08-14T05:42:14.355+0000] {processor.py:841} WARNING - No viable dags retrieved from /opt/airflow/dags/airflow.py
[2026-08-14T05:42:14.362+0000] {processor.py:179} INFO - Processing /opt/airflow/dags/airflow.py took 0.160 seconds
[2026-08-14T05:42:44.500+0000] {processor.py:157} INFO - Started process (PID=15572) to work on /opt/airflow/dags/airflow.py
[2026-08-14T05:42:44.501+0000] {processor.py:829} INFO - Processing file /opt/airflow/dags/airflow.py for tasks to queue
[2026-08-14T05:42:44.503+0000] {logging_mixin.py:151} INFO - [2026-08-14T05:42:44.502+0000] {dagbag.py:536} INFO - Filling up the DagBag from /opt/airflow/dags/airflow.py
[2026-08-14T05:42:44.646+0000] {logging_mixin.py:151} INFO - [2026-08-14T05:42:44.645+0000] {dagbag.py:346} ERROR - Failed to import: /opt/airflow/dags/airflow.py
Traceback (most recent call last):
  File "/home/airflow/.local/lib/python3.8/site-packages/airflow/models/dagbag.py", line 342, in parse
    loader.exec_module(new_module)
  File "<frozen importlib._bootstrap_external>", line 843, in exec_module
  File "<frozen importlib._bootstrap>", line 219, in _call_with_frames_removed
  File "/opt/airflow/dags/airflow.py", line 23, in <module>
    from data_preprocessing_scripts.preprocessing import preprocess_data
ModuleNotFoundError: No module named 'data_preprocessing_scripts'
[2026-08-14T05:42:44.646+0000] {processor.py:841} WARNING - No viable dags retrieved from /opt/airflow/dags/airflow.py
[2026-08-14T05:42:44.654+0000] {processor.py:179} INFO - Processing /opt/airflow/dags/airflow.py took 0.157 seconds
[2026-08-14T05:43:14.797+0000] {processor.py:157} INFO - Started process (PID=15579) to work on /opt/airflow/dags/airflow.py
[2026-08-14T05:43:14.798+0000] {processor.py:829} INFO - Processing file /opt/airflow/dags/airflow.py for tasks to queue
[2026-08-14T05:43:14.801+0000] {logging_mixin.py:151} INFO - [2026-08-14T05:43:14.801+0000] {dagbag.py:536} INFO - Filling up the DagBag from /opt/airflow/dags/airflow.py
[2026-08-14T05:43:14.987+0000] {logging_mixin.py:151} INFO - [2026-08-14T05:43:14.986+0000] {dagbag.py:346} ERROR - Failed to import: /opt/airflow/dags/airflow.py
Traceback (most recent call last):
  File "/home/airflow/.local/lib/python3.8/site-packages/airflow/models/dagbag.py", line 342, in parse
    loader.exec_module(new_module)
  File "<frozen importlib._bootstrap_external>", line 843, in exec_module
  File "<frozen importlib._bootstrap>", line 219, in _call_with_frames_removed
  File "/opt/airflow/dags/airflow.py", line 23, in <module>
    from data_preprocessing_scripts.preprocessing import preprocess_data
ModuleNotFoundError: No module named 'data_preprocessing_scripts'
[2026-08-14T05:43:14.987+0000] {processor.py:841} WARNING - No viable dags retrieved from /opt/airflow/dags/airflow.py
[2026-08-14T05:43:14.995+0000] {processor.py:179} INFO - Processing /opt/airflow/dags/airflow.py took 0.202 seconds
[2026-08-14T05:43:45.071+0000] {processor.py:157} INFO - Started process (PID=15587) to work on /opt/airflow/dags/airflow.py
[2026-08-14T05:43:45.072+0000] {processor.py:829} INFO - Processing file /opt/airflow/dags/airflow.py for tasks to queue
[2026-08-14T05:43:45.074+0000] {logging_mixin.py:151} INFO - [2026-08-14T05:43:45.074+0000] {dagbag.py:536} INFO - Filling up the DagBag from /opt/airflow/dags/airflow.py
[2026-08-14T05:43:45.210+0000] {logging_mixin.py:151} INFO - [2026-08-14T05:43:45.209+0000] {dagbag.py:346} ERROR - Failed to import: /opt/airflow/dags/airflow.py
Traceback (most recent call last):
  File "/home/airflow/.local/lib/python3.8/site-packages/airflow/models/dagbag.py", line 342, in parse
    loader.exec_module(new_module)
  File "<frozen importlib._bootstrap_external>", line 843, in exec_module
  File "<frozen importlib._bootstrap>", line 219, in _call_with_frames_removed
  File "/opt/airflow/dags/airflow.py", line 23, in <module>
    from data_preprocessing_scripts.preprocessing import preprocess_data
ModuleNotFoundError: No module named 'data_preprocessing_scripts'
[2026-08-14T05:43:45.210+0000] {processor.py:841} WARNING - No viable dags retrieved from /opt/airflow/dags/airflow.py
[2026-08-14T05:43:45.216+0000] {processor.py:179} INFO - Processing /opt/airflow/dags/airflow.py took 0.148 seconds
[2026-08-14T05:44:15.363+0000] {processor.py:157} INFO - Started process (PID=15595) to work on /opt/airflow/dags/airflow.py
[2026-08-14T05:44:15.364+0000] {processor.py:829} INFO - Processing file /opt/airflow/dags/airflow.py for tasks to queue
[2026-08-14T05:44:15.365+0000] {logging_mixin.py:151} INFO - [2026-08-14T05:44:15.365+0000] {dagbag.py:536} INFO - Filling up the DagBag from /opt/airflow/dags/airflow.py
[2026-08-14T05:44:15.506+0000] {logging_mixin.py:151} INFO - [2026-08-14T05:44:15.505+0000] {dagbag.py:346} ERROR - Failed to import: /opt/airflow/dags/airflow.py
Traceback (most recent call last):
  File "/home/airflow/.local/lib/python3.8/site-packages/airflow/models/dagbag.py", line 342, in parse
    loader.exec_module(new_module)
  File "<frozen importlib._bootstrap_external>", line 843, in exec_module
  File "<frozen importlib._bootstrap>", line 219, in _call_with_frames_removed
  File "/opt/airflow/dags/airflow.py", line 23, in <module>
    from data_preprocessing_scripts.preprocessing import preprocess_data
ModuleNotFoundError: No module named 'data_preprocessing_scripts'
[2026-08-14T05:44:15.506+0000] {processor.py:841} WARNING - No viable dags retrieved from /opt/airflow/dags/airflow.py
[2026-08-14T05:44:15.514+0000] {processor.py:179} INFO - Processing /opt/airflow/dags/airflow.py took 0.154 seconds
[2026-08-14T05:44:45.680+0000] {processor.py:157} INFO - Started process (PID=15603) to work on /opt/airflow/dags/airflow.py
[2026-08-14T05:44:45.681+0000] {processor.py:829} INFO - Processing file /opt/airflow/dags/airflow.py for tasks to queue
[2026-08-14T05:44:45.684+0000] {logging_mixin.py:151} INFO - [2026-08-14T05:44:45.684+0000] {dagbag.py:536} INFO - Filling up the DagBag from /opt/airflow/dags/airflow.py
[2026-08-14T05:44:45.842+0000] {logging_mixin.py:151} INFO - [2026-08-14T05:44:45.842+0000] {dagbag.py:346} ERROR - Failed to import: /opt/airflow/dags/airflow.py
Traceback (most recent call last):
  File "/home/airflow/.local/lib/python3.8/site-packages/airflow/models/dagbag.py", line 342, in parse
    loader.exec_module(new_module)
  File "<frozen importlib._bootstrap_external>", line 843, in exec_module
  File "<frozen importlib._bootstrap>", line 219, in _call_with_frames_removed
  File "/opt/airflow/dags/airflow.py", line 23, in <module>
    from data_preprocessing_scripts.preprocessing import preprocess_data
ModuleNotFoundError: No module named 'data_preprocessing_scripts'
[2026-08-14T05:44:45.843+0000] {processor.py:841} WARNING - No viable dags retrieved from /opt/airflow/dags/airflow.py
[2026-08-14T05:44:45.861+0000] {processor.py:179} INFO - Processing /opt/airflow/dags/airflow.py took 0.183 seconds
[2026-08-14T05:45:15.967+0000] {processor.py:157} INFO - Started process (PID=15611) to work on /opt/airflow/dags/airflow.py
[2026-08-14T05:45:15.967+0000] {processor.py:829} INFO - Processing file /opt/airflow/dags/airflow.py for tasks to queue
[2026-08-14T05:45:15.969+0000] {logging_mixin.py:151} INFO - [2026-08-14T05:45:15.969+0000] {dagbag.py:536} INFO - Filling up the DagBag from /opt/airflow/dags/airflow.py
[2026-08-14T05:45:16.106+0000] {logging_mixin.py:151} INFO - [2026-08-14T05:45:16.105+0000] {dagbag.py:346} ERROR - Failed to import: /opt/airflow/dags/airflow.py
Traceback (most recent call last):
  File "/home/airflow/.local/lib/python3.8/site-packages/airflow/models/dagbag.py", line 342, in parse
    loader.exec_module(new_module)
  File "<frozen importlib._bootstrap_external>", line 843, in exec_module
  File "<frozen importlib._bootstrap>", line 219, in _call_with_frames_removed
  File "/opt/airflow/dags/airflow.py", line 23, in <module>
    from data_preprocessing_scripts.preprocessing import preprocess_data
ModuleNotFoundError: No module named 'data_preprocessing_scripts'
[2026-08-14T05:45:16.106+0000] {processor.py:841} WARNING - No viable dags retrieved from /opt/airflow/dags/airflow.py
[2026-08-14T05:45:16.113+0000] {processor.py:179} INFO - Processing /opt/airflow/dags/airflow.py took 0.150 seconds
[2026-08-14T05:45:46.250+0000] {processor.py:157} INFO - Started process (PID=15619) to work on /opt/airflow/dags/airflow.py
[2026-08-14T05:45:46.251+0000] {processor.py:829} INFO - Processing file /opt/airflow/dags/airflow.py for tasks to queue
[2026-08-14T05:45:46.255+0000] {logging_mixin.py:151} INFO - [2026-08-14T05:45:46.255+0000] {dagbag.py:536} INFO - Filling up the DagBag from /opt/airflow/dags/airflow.py
[2026-08-14T05:45:46.455+0000] {logging_mixin.py:151} INFO - [2026-08-14T05:45:46.455+0000] {dagbag.py:346} ERROR - Failed to import: /opt/airflow/dags/airflow.py
Traceback (most recent call last):
  File "/home/airflow/.local/lib/python3.8/site-packages/airflow/models/dagbag.py", line 342, in parse
    loader.exec_module(new_module)
  File "<frozen importlib._bootstrap_external>", line 843, in exec_module
  File "<frozen importlib._bootstrap>", line 219, in _call_with_frames_removed
  File "/opt/airflow/dags/airflow.py", line 23, in <module>
    from data_preprocessing_scripts.preprocessing import preprocess_data
ModuleNotFoundError: No module named 'data_preprocessing_scripts'
[2026-08-14T05:45:46.456+0000] {processor.py:841} WARNING - No viable dags retrieved from /opt/airflow/dags/airflow.py
[2026-08-14T05:45:46.463+0000] {processor.py:179} INFO - Processing /opt/airflow/dags/airflow.py took 0.216 seconds
[2026-08-14T05:46:16.538+0000] {processor.py:157} INFO - Started process (PID=15627) to work on /opt/airflow/dags/airflow.py
[2026-08-14T05:46:16.539+0000] {processor.py:829} INFO - Processing file /opt/airflow/dags/airflow.py for tasks to queue
[2026-08-14T05:46:16.541+0000] {logging_mixin.py:151} INFO - [2026-08-14T05:46:16.541+0000] {dagbag.py:536} INFO - Filling up the DagBag from /opt/airflow/dags/airflow.py
[2026-08-14T05:46:16.718+0000] {logging_mixin.py:151} INFO - [2026-08-14T05:46:16.717+0000] {dagbag.py:346} ERROR - Failed to import: /opt/airflow/dags/airflow.py
Traceback (most recent call last):
  File "/home/airflow/.local/lib/python3.8/site-packages/airflow/models/dagbag.py", line 342, in parse
    loader.exec_module(new_module)
  File "<frozen importlib._bootstrap_external>", line 843, in exec_module
  File "<frozen importlib._bootstrap>", line 219, in _call_with_frames_removed
  File "/opt/airflow/dags/airflow.py", line 23, in <module>
    from data_preprocessing_scripts.preprocessing import preprocess_data
ModuleNotFoundError: No module named 'data_preprocessing_scripts'
[2026-08-14T05:46:16.718+0000] {processor.py:841} WARNING - No viable dags retrieved from /opt/airflow/dags/airflow.py
[2026-08-14T05:46:16.725+0000] {processor.py:179} INFO - Processing /opt/airflow/dags/airflow.py took 0.190 seconds
[2026-08-14T05:46:46.849+0000] {processor.py:157} INFO - Started process (PID=15635) to work on /opt/airflow/dags/airflow.py
[2026-08-14T05:46:46.851+0000] {processor.py:829} INFO - Processing file /opt/airflow/dags/airflow.py for tasks to queue
[2026-08-14T05:46:46.853+0000] {logging_mixin.py:151} INFO - [2026-08-14T05:46:46.853+0000] {dagbag.py:536} INFO - Filling up the DagBag from /opt/airflow/dags/airflow.py
[2026-08-14T05:46:47.105+0000] {logging_mixin.py:151} INFO - [2026-08-14T05:46:47.104+0000] {dagbag.py:346} ERROR - Failed to import: /opt/airflow/dags/airflow.py
Traceback (most recent call last):
  File "/home/airflow/.local/lib/python3.8/site-packages/airflow/models/dagbag.py", line 342, in parse
    loader.exec_module(new_module)
  File "<frozen importlib._bootstrap_external>", line 843, in exec_module
  File "<frozen importlib._bootstrap>", line 219, in _call_with_frames_removed
  File "/opt/airflow/dags/airflow.py", line 23, in <module>
    from data_preprocessing_scripts.preprocessing import preprocess_data
ModuleNotFoundError: No module named 'data_preprocessing_scripts'
[2026-08-14T05:46:47.105+0000] {processor.py:841} WARNING - No viable dags retrieved from /opt/airflow/dags/airflow.py
[2026-08-14T05:46:47.120+0000] {processor.py:179} INFO - Processing /opt/airflow/dags/airflow.py took 0.273 seconds
[2026-08-14T05:47:17.170+0000] {processor.py:157} INFO - Started process (PID=15643) to work on /opt/airflow/dags/airflow.py
[2026-08-14T05:47:17.170+0000] {processor.py:829} INFO - Processing file /opt/airflow/dags/airflow.py for tasks to queue
[2026-08-14T05:47:17.172+0000] {logging_mixin.py:151} INFO - [2026-08-14T05:47:17.171+0000] {dagbag.py:536} INFO - Filling up the DagBag from /opt/airflow/dags/airflow.py
[2026-08-14T05:47:17.324+0000] {logging_mixin.py:151} INFO - [2026-08-14T05:47:17.324+0000] {dagbag.py:346} ERROR - Failed to import: /opt/airflow/dags/airflow.py
Traceback (most recent call last):
  File "/home/airflow/.local/lib/python3.8/site-packages/airflow/models/dagbag.py", line 342, in parse
    loader.exec_module(new_module)
  File "<frozen importlib._bootstrap_external>", line 843, in exec_module
  File "<frozen importlib._bootstrap>", line 219, in _call_with_frames_removed
  File "/opt/airflow/dags/airflow.py", line 23, in <module>
    from data_preprocessing_scripts.preprocessing import preprocess_data
ModuleNotFoundError: No module named 'data_preprocessing_scripts'
[2026-08-14T05:47:17.325+0000] {processor.py:841} WARNING - No viable dags retrieved from /opt/airflow/dags/airflow.py
[2026-08-14T05:47:17.334+0000] {processor.py:179} INFO - Processing /opt/airflow/dags/airflow.py took 0.167 seconds
[2026-08-14T05:47:47.468+0000] {processor.py:157} INFO - Started process (PID=15651) to work on /opt/airflow/dags/airflow.py
[2026-08-14T05:47:47.469+0000] {processor.py:829} INFO - Processing file /opt/airflow/dags/airflow.py for tasks to queue
[2026-08-14T05:47:47.474+0000] {logging_mixin.py:151} INFO - [2026-08-14T05:47:47.473+0000] {dagbag.py:536} INFO - Filling up the DagBag from /opt/airflow/dags/airflow.py
[2026-08-14T05:47:47.670+0000] {logging_mixin.py:151} INFO - [2026-08-14T05:47:47.669+0000] {dagbag.py:346} ERROR - Failed to import: /opt/airflow/dags/airflow.py
Traceback (most recent call last):
  File "/home/airflow/.local/lib/python3.8/site-packages/airflow/models/dagbag.py", line 342, in parse
    loader.exec_module(new_module)
  File "<frozen importlib._bootstrap_external>", line 843, in exec_module
  File "<frozen importlib._bootstrap>", line 219, in _call_with_frames_removed
  File "/opt/airflow/dags/airflow.py", line 23, in <module>
    from data_preprocessing_scripts.preprocessing import preprocess_data
ModuleNotFoundError: No module named 'data_preprocessing_scripts'
[2026-08-14T05:47:47.671+0000] {processor.py:841} WARNING - No viable dags retrieved from /opt/airflow/dags/airflow.py
[2026-08-14T05:47:47.679+0000] {processor.py:179} INFO - Processing /opt/airflow/dags/airflow.py took 0.214 seconds
[2026-08-14T05:48:17.763+0000] {processor.py:157} INFO - Started process (PID=15659) to work on /opt/airflow/dags/airflow.py
[2026-08-14T05:48:17.764+0000] {processor.py:829} INFO - Processing file /opt/airflow/dags/airflow.py for tasks to queue
[2026-08-14T05:48:17.766+0000] {logging_mixin.py:151} INFO - [2026-08-14T05:48:17.766+0000] {dagbag.py:536} INFO - Filling up the DagBag from /opt/airflow/dags/airflow.py
[2026-08-14T05:48:17.932+0000] {logging_mixin.py:151} INFO - [2026-08-14T05:48:17.931+0000] {dagbag.py:346} ERROR - Failed to import: /opt/airflow/dags/airflow.py
Traceback (most recent call last):
  File "/home/airflow/.local/lib/python3.8/site-packages/airflow/models/dagbag.py", line 342, in parse
    loader.exec_module(new_module)
  File "<frozen importlib._bootstrap_external>", line 843, in exec_module
  File "<frozen importlib._bootstrap>", line 219, in _call_with_frames_removed
  File "/opt/airflow/dags/airflow.py", line 23, in <module>
    from data_preprocessing_scripts.preprocessing import preprocess_data
ModuleNotFoundError: No module named 'data_preprocessing_scripts'
[2026-08-14T05:48:17.932+0000] {processor.py:841} WARNING - No viable dags retrieved from /opt/airflow/dags/airflow.py
[2026-08-14T05:48:17.939+0000] {processor.py:179} INFO - Processing /opt/airflow/dags/airflow.py took 0.179 seconds
[2026-08-14T05:48:48.078+0000] {processor.py:157} INFO - Started process (PID=15667) to work on /opt/airflow/dags/airflow.py
[2026-08-14T05:48:48.079+0000] {processor.py:829} INFO - Processing file /opt/airflow/dags/airflow.py for tasks to queue
[2026-08-14T05:48:48.081+0000] {logging_mixin.py:151} INFO - [2026-08-14T05:48:48.080+0000] {dagbag.py:536} INFO - Filling up the DagBag from /opt/airflow/dags/airflow.py
[2026-08-14T05:48:48.220+0000] {logging_mixin.py:151} INFO - [2026-08-14T05:48:48.219+0000] {dagbag.py:346} ERROR - Failed to import: /opt/airflow/dags/airflow.py
Traceback (most recent call last):
  File "/home/airflow/.local/lib/python3.8/site-packages/airflow/models/dagbag.py", line 342, in parse
    loader.exec_module(new_module)
  File "<frozen importlib._bootstrap_external>", line 843, in exec_module
  File "<frozen importlib._bootstrap>", line 219, in _call_with_frames_removed
  File "/opt/airflow/dags/airflow.py", line 23, in <module>
    from data_preprocessing_scripts.preprocessing import preprocess_data
ModuleNotFoundError: No module named 'data_preprocessing_scripts'
[2026-08-14T05:48:48.220+0000] {processor.py:841} WARNING - No viable dags retrieved from /opt/airflow/dags/airflow.py
[2026-08-14T05:48:48.229+0000] {processor.py:179} INFO - Processing /opt/airflow/dags/airflow.py took 0.154 seconds
[2026-08-14T05:49:18.378+0000] {processor.py:157} INFO - Started process (PID=15675) to work on /opt/airflow/dags/airflow.py
[2026-08-14T05:49:18.379+0000] {processor.py:829} INFO - Processing file /opt/airflow/dags/airflow.py for tasks to queue
[2026-08-14T05:49:18.381+0000] {logging_mixin.py:151} INFO - [2026-08-14T05:49:18.381+0000] {dagbag.py:536} INFO - Filling up the DagBag from /opt/airflow/dags/airflow.py
[2026-08-14T05:49:18.524+0000] {logging_mixin.py:151} INFO - [2026-08-14T05:49:18.523+0000] {dagbag.py:346} ERROR - Failed to import: /opt/airflow/dags/airflow.py
Traceback (most recent call last):
  File "/home/airflow/.local/lib/python3.8/site-packages/airflow/models/dagbag.py", line 342, in parse
    loader.exec_module(new_module)
  File "<frozen importlib._bootstrap_external>", line 843, in exec_module
  File "<frozen importlib._bootstrap>", line 219, in _call_with_frames_removed
  File "/opt/airflow/dags/airflow.py", line 23, in <module>
    from data_preprocessing_scripts.preprocessing import preprocess_data
ModuleNotFoundError: No module named 'data_preprocessing_scripts'
[2026-08-14T05:49:18.524+0000] {processor.py:841} WARNING - No viable dags retrieved from /opt/airflow/dags/airflow.py
[2026-08-14T05:49:18.531+0000] {processor.py:179} INFO - Processing /opt/airflow/dags/airflow.py took 0.156 seconds
[2026-08-14T05:49:48.620+0000] {processor.py:157} INFO - Started process (PID=15683) to work on /opt/airflow/dags/airflow.py
[2026-08-14T05:49:48.620+0000] {processor.py:829} INFO - Processing file /opt/airflow/dags/airflow.py for tasks to queue
[2026-08-14T05:49:48.623+0000] {logging_mixin.py:151} INFO - [2026-08-14T05:49:48.622+0000] {dagbag.py:536} INFO - Filling up the DagBag from /opt/airflow/dags/airflow.py
[2026-08-14T05:49:48.769+0000] {logging_mixin.py:151} INFO - [2026-08-14T05:49:48.769+0000] {dagbag.py:346} ERROR - Failed to import: /opt/airflow/dags/airflow.py
Traceback (most recent call last):
  File "/home/airflow/.local/lib/python3.8/site-packages/airflow/models/dagbag.py", line 342, in parse
    loader.exec_module(new_module)
  File "<frozen importlib._bootstrap_external>", line 843, in exec_module
  File "<frozen importlib._bootstrap>", line 219, in _call_with_frames_removed
  File "/opt/airflow/dags/airflow.py", line 23, in <module>
    from data_preprocessing_scripts.preprocessing import preprocess_data
ModuleNotFoundError: No module named 'data_preprocessing_scripts'
[2026-08-14T05:49:48.770+0000] {processor.py:841} WARNING - No viable dags retrieved from /opt/airflow/dags/airflow.py
[2026-08-14T05:49:48.778+0000] {processor.py:179} INFO - Processing /opt/airflow/dags/airflow.py took 0.161 seconds
[2026-08-14T05:50:18.886+0000] {processor.py:157} INFO - Started process (PID=15691) to work on /opt/airflow/dags/airflow.py
[2026-08-14T05:50:18.887+0000] {processor.py:829} INFO - Processing file /opt/airflow/dags/airflow.py for tasks to queue
[2026-08-14T05:50:18.889+0000] {logging_mixin.py:151} INFO - [2026-08-14T05:50:18.889+0000] {dagbag.py:536} INFO - Filling up the DagBag from /opt/airflow/dags/airflow.py
[2026-08-14T05:50:19.029+0000] {logging_mixin.py:151} INFO - [2026-08-14T05:50:19.029+0000] {dagbag.py:346} ERROR - Failed to import: /opt/airflow/dags/airflow.py
Traceback (most recent call last):
  File "/home/airflow/.local/lib/python3.8/site-packages/airflow/models/dagbag.py", line 342, in parse
    loader.exec_module(new_module)
  File "<frozen importlib._bootstrap_external>", line 843, in exec_module
  File "<frozen importlib._bootstrap>", line 219, in _call_with_frames_removed
  File "/opt/airflow/dags/airflow.py", line 23, in <module>
    from data_preprocessing_scripts.preprocessing import preprocess_data
ModuleNotFoundError: No module named 'data_preprocessing_scripts'
[2026-08-14T05:50:19.030+0000] {processor.py:841} WARNING - No viable dags retrieved from /opt/airflow/dags/airflow.py
[2026-08-14T05:50:19.036+0000] {processor.py:179} INFO - Processing /opt/airflow/dags/airflow.py took 0.154 seconds
[2026-08-14T05:50:49.232+0000] {processor.py:157} INFO - Started process (PID=15699) to work on /opt/airflow/dags/airflow.py
[2026-08-14T05:50:49.233+0000] {processor.py:829} INFO - Processing file /opt/airflow/dags/airflow.py for tasks to queue
[2026-08-14T05:50:49.236+0000] {logging_mixin.py:151} INFO - [2026-08-14T05:50:49.236+0000] {dagbag.py:536} INFO - Filling up the DagBag from /opt/airflow/dags/airflow.py
[2026-08-14T05:50:49.382+0000] {logging_mixin.py:151} INFO - [2026-08-14T05:50:49.381+0000] {dagbag.py:346} ERROR - Failed to import: /opt/airflow/dags/airflow.py
Traceback (most recent call last):
  File "/home/airflow/.local/lib/python3.8/site-packages/airflow/models/dagbag.py", line 342, in parse
    loader.exec_module(new_module)
  File "<frozen importlib._bootstrap_external>", line 843, in exec_module
  File "<frozen importlib._bootstrap>", line 219, in _call_with_frames_removed
  File "/opt/airflow/dags/airflow.py", line 23, in <module>
    from data_preprocessing_scripts.preprocessing import preprocess_data
ModuleNotFoundError: No module named 'data_preprocessing_scripts'
[2026-08-14T05:50:49.382+0000] {processor.py:841} WARNING - No viable dags retrieved from /opt/airflow/dags/airflow.py
[2026-08-14T05:50:49.389+0000] {processor.py:179} INFO - Processing /opt/airflow/dags/airflow.py took 0.161 seconds
[2026-08-14T05:51:19.539+0000] {processor.py:157} INFO - Started process (PID=15707) to work on /opt/airflow/dags/airflow.py
[2026-08-14T05:51:19.540+0000] {processor.py:829} INFO - Processing file /opt/airflow/dags/airflow.py for tasks to queue
[2026-08-14T05:51:19.542+0000] {logging_mixin.py:151} INFO - [2026-08-14T05:51:19.542+0000] {dagbag.py:536} INFO - Filling up the DagBag from /opt/airflow/dags/airflow.py
[2026-08-14T05:51:19.690+0000] {logging_mixin.py:151} INFO - [2026-08-14T05:51:19.689+0000] {dagbag.py:346} ERROR - Failed to import: /opt/airflow/dags/airflow.py
Traceback (most recent call last):
  File "/home/airflow/.local/lib/python3.8/site-packages/airflow/models/dagbag.py", line 342, in parse
    loader.exec_module(new_module)
  File "<frozen importlib._bootstrap_external>", line 843, in exec_module
  File "<frozen importlib._bootstrap>", line 219, in _call_with_frames_removed
  File "/opt/airflow/dags/airflow.py", line 23, in <module>
    from data_preprocessing_scripts.preprocessing import preprocess_data
ModuleNotFoundError: No module named 'data_preprocessing_scripts'
[2026-08-14T05:51:19.690+0000] {processor.py:841} WARNING - No viable dags retrieved from /opt/airflow/dags/airflow.py
[2026-08-14T05:51:19.697+0000] {processor.py:179} INFO - Processing /opt/airflow/dags/airflow.py took 0.161 seconds
[2026-08-14T05:51:49.883+0000] {processor.py:157} INFO - Started process (PID=15715) to work on /opt/airflow/dags/airflow.py
[2026-08-14T05:51:49.884+0000] {processor.py:829} INFO - Processing file /opt/airflow/dags/airflow.py for tasks to queue
[2026-08-14T05:51:49.889+0000] {logging_mixin.py:151} INFO - [2026-08-14T05:51:49.889+0000] {dagbag.py:536} INFO - Filling up the DagBag from /opt/airflow/dags/airflow.py
[2026-08-14T05:51:50.080+0000] {logging_mixin.py:151} INFO - [2026-08-14T05:51:50.079+0000] {dagbag.py:346} ERROR - Failed to import: /opt/airflow/dags/airflow.py
Traceback (most recent call last):
  File "/home/airflow/.local/lib/python3.8/site-packages/airflow/models/dagbag.py", line 342, in parse
    loader.exec_module(new_module)
  File "<frozen importlib._bootstrap_external>", line 843, in exec_module
  File "<frozen importlib._bootstrap>", line 219, in _call_with_frames_removed
  File "/opt/airflow/dags/airflow.py", line 23, in <module>
    from data_preprocessing_scripts.preprocessing import preprocess_data
ModuleNotFoundError: No module named 'data_preprocessing_scripts'
[2026-08-14T05:51:50.080+0000] {processor.py:841} WARNING - No viable dags retrieved from /opt/airflow/dags/airflow.py
[2026-08-14T05:51:50.086+0000] {processor.py:179} INFO - Processing /opt/airflow/dags/airflow.py took 0.207 seconds
[2026-08-14T05:52:20.168+0000] {processor.py:157} INFO - Started process (PID=15723) to work on /opt/airflow/dags/airflow.py
[2026-08-14T05:52:20.169+0000] {processor.py:829} INFO - Processing file /opt/airflow/dags/airflow.py for tasks to queue
[2026-08-14T05:52:20.171+0000] {logging_mixin.py:151} INFO - [2026-08-14T05:52:20.170+0000] {dagbag.py:536} INFO - Filling up the DagBag from /opt/airflow/dags/airflow.py
[2026-08-14T05:52:20.319+0000] {logging_mixin.py:151} INFO - [2026-08-14T05:52:20.318+0000] {dagbag.py:346} ERROR - Failed to import: /opt/airflow/dags/airflow.py
Traceback (most recent call last):
  File "/home/airflow/.local/lib/python3.8/site-packages/airflow/models/dagbag.py", line 342, in parse
    loader.exec_module(new_module)
  File "<frozen importlib._bootstrap_external>", line 843, in exec_module
  File "<frozen importlib._bootstrap>", line 219, in _call_with_frames_removed
  File "/opt/airflow/dags/airflow.py", line 23, in <module>
    from data_preprocessing_scripts.preprocessing import preprocess_data
ModuleNotFoundError: No module named 'data_preprocessing_scripts'
[2026-08-14T05:52:20.319+0000] {processor.py:841} WARNING - No viable dags retrieved from /opt/airflow/dags/airflow.py
[2026-08-14T05:52:20.327+0000] {processor.py:179} INFO - Processing /opt/airflow/dags/airflow.py took 0.162 seconds
[2026-08-14T05:52:50.463+0000] {processor.py:157} INFO - Started process (PID=15731) to work on /opt/airflow/dags/airflow.py
[2026-08-14T05:52:50.464+0000] {processor.py:829} INFO - Processing file /opt/airflow/dags/airflow.py for tasks to queue
[2026-08-14T05:52:50.467+0000] {logging_mixin.py:151} INFO - [2026-08-14T05:52:50.467+0000] {dagbag.py:536} INFO - Filling up the DagBag from /opt/airflow/dags/airflow.py
[2026-08-14T05:52:50.614+0000] {logging_mixin.py:151} INFO - [2026-08-14T05:52:50.614+0000] {dagbag.py:346} ERROR - Failed to import: /opt/airflow/dags/airflow.py
Traceback (most recent call last):
  File "/home/airflow/.local/lib/python3.8/site-packages/airflow/models/dagbag.py", line 342, in parse
    loader.exec_module(new_module)
  File "<frozen importlib._bootstrap_external>", line 843, in exec_module
  File "<frozen importlib._bootstrap>", line 219, in _call_with_frames_removed
  File "/opt/airflow/dags/airflow.py", line 23, in <module>
    from data_preprocessing_scripts.preprocessing import preprocess_data
ModuleNotFoundError: No module named 'data_preprocessing_scripts'
[2026-08-14T05:52:50.615+0000] {processor.py:841} WARNING - No viable dags retrieved from /opt/airflow/dags/airflow.py
[2026-08-14T05:52:50.621+0000] {processor.py:179} INFO - Processing /opt/airflow/dags/airflow.py took 0.162 seconds
[2026-08-14T05:53:20.770+0000] {processor.py:157} INFO - Started process (PID=15740) to work on /opt/airflow/dags/airflow.py
[2026-08-14T05:53:20.771+0000] {processor.py:829} INFO - Processing file /opt/airflow/dags/airflow.py for tasks to queue
[2026-08-14T05:53:20.772+0000] {logging_mixin.py:151} INFO - [2026-08-14T05:53:20.772+0000] {dagbag.py:536} INFO - Filling up the DagBag from /opt/airflow/dags/airflow.py
[2026-08-14T05:53:20.916+0000] {logging_mixin.py:151} INFO - [2026-08-14T05:53:20.916+0000] {dagbag.py:346} ERROR - Failed to import: /opt/airflow/dags/airflow.py
Traceback (most recent call last):
  File "/home/airflow/.local/lib/python3.8/site-packages/airflow/models/dagbag.py", line 342, in parse
    loader.exec_module(new_module)
  File "<frozen importlib._bootstrap_external>", line 843, in exec_module
  File "<frozen importlib._bootstrap>", line 219, in _call_with_frames_removed
  File "/opt/airflow/dags/airflow.py", line 23, in <module>
    from data_preprocessing_scripts.preprocessing import preprocess_data
ModuleNotFoundError: No module named 'data_preprocessing_scripts'
[2026-08-14T05:53:20.917+0000] {processor.py:841} WARNING - No viable dags retrieved from /opt/airflow/dags/airflow.py
[2026-08-14T05:53:20.924+0000] {processor.py:179} INFO - Processing /opt/airflow/dags/airflow.py took 0.156 seconds
[2026-08-14T05:53:51.084+0000] {processor.py:157} INFO - Started process (PID=15748) to work on /opt/airflow/dags/airflow.py
[2026-08-14T05:53:51.084+0000] {processor.py:829} INFO - Processing file /opt/airflow/dags/airflow.py for tasks to queue
[2026-08-14T05:53:51.087+0000] {logging_mixin.py:151} INFO - [2026-08-14T05:53:51.087+0000] {dagbag.py:536} INFO - Filling up the DagBag from /opt/airflow/dags/airflow.py
[2026-08-14T05:53:51.243+0000] {logging_mixin.py:151} INFO - [2026-08-14T05:53:51.242+0000] {dagbag.py:346} ERROR - Failed to import: /opt/airflow/dags/airflow.py
Traceback (most recent call last):
  File "/home/airflow/.local/lib/python3.8/site-packages/airflow/models/dagbag.py", line 342, in parse
    loader.exec_module(new_module)
  File "<frozen importlib._bootstrap_external>", line 843, in exec_module
  File "<frozen importlib._bootstrap>", line 219, in _call_with_frames_removed
  File "/opt/airflow/dags/airflow.py", line 23, in <module>
    from data_preprocessing_scripts.preprocessing import preprocess_data
ModuleNotFoundError: No module named 'data_preprocessing_scripts'
[2026-08-14T05:53:51.243+0000] {processor.py:841} WARNING - No viable dags retrieved from /opt/airflow/dags/airflow.py
[2026-08-14T05:53:51.251+0000] {processor.py:179} INFO - Processing /opt/airflow/dags/airflow.py took 0.171 seconds
[2026-08-14T05:54:21.388+0000] {processor.py:157} INFO - Started process (PID=15756) to work on /opt/airflow/dags/airflow.py
[2026-08-14T05:54:21.389+0000] {processor.py:829} INFO - Processing file /opt/airflow/dags/airflow.py for tasks to queue
[2026-08-14T05:54:21.392+0000] {logging_mixin.py:151} INFO - [2026-08-14T05:54:21.392+0000] {dagbag.py:536} INFO - Filling up the DagBag from /opt/airflow/dags/airflow.py
[2026-08-14T05:54:21.529+0000] {logging_mixin.py:151} INFO - [2026-08-14T05:54:21.528+0000] {dagbag.py:346} ERROR - Failed to import: /opt/airflow/dags/airflow.py
Traceback (most recent call last):
  File "/home/airflow/.local/lib/python3.8/site-packages/airflow/models/dagbag.py", line 342, in parse
    loader.exec_module(new_module)
  File "<frozen importlib._bootstrap_external>", line 843, in exec_module
  File "<frozen importlib._bootstrap>", line 219, in _call_with_frames_removed
  File "/opt/airflow/dags/airflow.py", line 23, in <module>
    from data_preprocessing_scripts.preprocessing import preprocess_data
ModuleNotFoundError: No module named 'data_preprocessing_scripts'
[2026-08-14T05:54:21.529+0000] {processor.py:841} WARNING - No viable dags retrieved from /opt/airflow/dags/airflow.py
[2026-08-14T05:54:21.536+0000] {processor.py:179} INFO - Processing /opt/airflow/dags/airflow.py took 0.152 seconds
[2026-08-14T05:54:51.713+0000] {processor.py:157} INFO - Started process (PID=15770) to work on /opt/airflow/dags/airflow.py
[2026-08-14T05:54:51.713+0000] {processor.py:829} INFO - Processing file /opt/airflow/dags/airflow.py for tasks to queue
[2026-08-14T05:54:51.716+0000] {logging_mixin.py:151} INFO - [2026-08-14T05:54:51.715+0000] {dagbag.py:536} INFO - Filling up the DagBag from /opt/airflow/dags/airflow.py
[2026-08-14T05:54:51.871+0000] {logging_mixin.py:151} INFO - [2026-08-14T05:54:51.870+0000] {dagbag.py:346} ERROR - Failed to import: /opt/airflow/dags/airflow.py
Traceback (most recent call last):
  File "/home/airflow/.local/lib/python3.8/site-packages/airflow/models/dagbag.py", line 342, in parse
    loader.exec_module(new_module)
  File "<frozen importlib._bootstrap_external>", line 843, in exec_module
  File "<frozen importlib._bootstrap>", line 219, in _call_with_frames_removed
  File "/opt/airflow/dags/airflow.py", line 23, in <module>
    from data_preprocessing_scripts.preprocessing import preprocess_data
ModuleNotFoundError: No module named 'data_preprocessing_scripts'
[2026-08-14T05:54:51.871+0000] {processor.py:841} WARNING - No viable dags retrieved from /opt/airflow/dags/airflow.py
[2026-08-14T05:54:51.879+0000] {processor.py:179} INFO - Processing /opt/airflow/dags/airflow.py took 0.169 seconds
[2026-08-14T05:55:21.937+0000] {processor.py:157} INFO - Started process (PID=15778) to work on /opt/airflow/dags/airflow.py
[2026-08-14T05:55:21.938+0000] {processor.py:829} INFO - Processing file /opt/airflow/dags/airflow.py for tasks to queue
[2026-08-14T05:55:21.939+0000] {logging_mixin.py:151} INFO - [2026-08-14T05:55:21.939+0000] {dagbag.py:536} INFO - Filling up the DagBag from /opt/airflow/dags/airflow.py
[2026-08-14T05:55:22.091+0000] {logging_mixin.py:151} INFO - [2026-08-14T05:55:22.091+0000] {dagbag.py:346} ERROR - Failed to import: /opt/airflow/dags/airflow.py
Traceback (most recent call last):
  File "/home/airflow/.local/lib/python3.8/site-packages/airflow/models/dagbag.py", line 342, in parse
    loader.exec_module(new_module)
  File "<frozen importlib._bootstrap_external>", line 843, in exec_module
  File "<frozen importlib._bootstrap>", line 219, in _call_with_frames_removed
  File "/opt/airflow/dags/airflow.py", line 23, in <module>
    from data_preprocessing_scripts.preprocessing import preprocess_data
ModuleNotFoundError: No module named 'data_preprocessing_scripts'
[2026-08-14T05:55:22.092+0000] {processor.py:841} WARNING - No viable dags retrieved from /opt/airflow/dags/airflow.py
[2026-08-14T05:55:22.099+0000] {processor.py:179} INFO - Processing /opt/airflow/dags/airflow.py took 0.165 seconds
[2026-08-14T05:55:52.203+0000] {processor.py:157} INFO - Started process (PID=15786) to work on /opt/airflow/dags/airflow.py
[2026-08-14T05:55:52.204+0000] {processor.py:829} INFO - Processing file /opt/airflow/dags/airflow.py for tasks to queue
[2026-08-14T05:55:52.207+0000] {logging_mixin.py:151} INFO - [2026-08-14T05:55:52.207+0000] {dagbag.py:536} INFO - Filling up the DagBag from /opt/airflow/dags/airflow.py
[2026-08-14T05:55:52.422+0000] {logging_mixin.py:151} INFO - [2026-08-14T05:55:52.421+0000] {dagbag.py:346} ERROR - Failed to import: /opt/airflow/dags/airflow.py
Traceback (most recent call last):
  File "/home/airflow/.local/lib/python3.8/site-packages/airflow/models/dagbag.py", line 342, in parse
    loader.exec_module(new_module)
  File "<frozen importlib._bootstrap_external>", line 843, in exec_module
  File "<frozen importlib._bootstrap>", line 219, in _call_with_frames_removed
  File "/opt/airflow/dags/airflow.py", line 23, in <module>
    from data_preprocessing_scripts.preprocessing import preprocess_data
ModuleNotFoundError: No module named 'data_preprocessing_scripts'
[2026-08-14T05:55:52.422+0000] {processor.py:841} WARNING - No viable dags retrieved from /opt/airflow/dags/airflow.py
[2026-08-14T05:55:52.430+0000] {processor.py:179} INFO - Processing /opt/airflow/dags/airflow.py took 0.232 seconds
[2026-08-14T05:56:22.488+0000] {processor.py:157} INFO - Started process (PID=15794) to work on /opt/airflow/dags/airflow.py
[2026-08-14T05:56:22.489+0000] {processor.py:829} INFO - Processing file /opt/airflow/dags/airflow.py for tasks to queue
[2026-08-14T05:56:22.491+0000] {logging_mixin.py:151} INFO - [2026-08-14T05:56:22.490+0000] {dagbag.py:536} INFO - Filling up the DagBag from /opt/airflow/dags/airflow.py
[2026-08-14T05:56:22.639+0000] {logging_mixin.py:151} INFO - [2026-08-14T05:56:22.638+0000] {dagbag.py:346} ERROR - Failed to import: /opt/airflow/dags/airflow.py
Traceback (most recent call last):
  File "/home/airflow/.local/lib/python3.8/site-packages/airflow/models/dagbag.py", line 342, in parse
    loader.exec_module(new_module)
  File "<frozen importlib._bootstrap_external>", line 843, in exec_module
  File "<frozen importlib._bootstrap>", line 219, in _call_with_frames_removed
  File "/opt/airflow/dags/airflow.py", line 23, in <module>
    from data_preprocessing_scripts.preprocessing import preprocess_data
ModuleNotFoundError: No module named 'data_preprocessing_scripts'
[2026-08-14T05:56:22.639+0000] {processor.py:841} WARNING - No viable dags retrieved from /opt/airflow/dags/airflow.py
[2026-08-14T05:56:22.646+0000] {processor.py:179} INFO - Processing /opt/airflow/dags/airflow.py took 0.162 seconds
[2026-08-14T05:56:52.801+0000] {processor.py:157} INFO - Started process (PID=15802) to work on /opt/airflow/dags/airflow.py
[2026-08-14T05:56:52.801+0000] {processor.py:829} INFO - Processing file /opt/airflow/dags/airflow.py for tasks to queue
[2026-08-14T05:56:52.804+0000] {logging_mixin.py:151} INFO - [2026-08-14T05:56:52.804+0000] {dagbag.py:536} INFO - Filling up the DagBag from /opt/airflow/dags/airflow.py
[2026-08-14T05:56:52.963+0000] {logging_mixin.py:151} INFO - [2026-08-14T05:56:52.962+0000] {dagbag.py:346} ERROR - Failed to import: /opt/airflow/dags/airflow.py
Traceback (most recent call last):
  File "/home/airflow/.local/lib/python3.8/site-packages/airflow/models/dagbag.py", line 342, in parse
    loader.exec_module(new_module)
  File "<frozen importlib._bootstrap_external>", line 843, in exec_module
  File "<frozen importlib._bootstrap>", line 219, in _call_with_frames_removed
  File "/opt/airflow/dags/airflow.py", line 23, in <module>
    from data_preprocessing_scripts.preprocessing import preprocess_data
ModuleNotFoundError: No module named 'data_preprocessing_scripts'
[2026-08-14T05:56:52.963+0000] {processor.py:841} WARNING - No viable dags retrieved from /opt/airflow/dags/airflow.py
[2026-08-14T05:56:52.971+0000] {processor.py:179} INFO - Processing /opt/airflow/dags/airflow.py took 0.173 seconds
[2026-08-14T05:57:23.108+0000] {processor.py:157} INFO - Started process (PID=15810) to work on /opt/airflow/dags/airflow.py
[2026-08-14T05:57:23.109+0000] {processor.py:829} INFO - Processing file /opt/airflow/dags/airflow.py for tasks to queue
[2026-08-14T05:57:23.112+0000] {logging_mixin.py:151} INFO - [2026-08-14T05:57:23.112+0000] {dagbag.py:536} INFO - Filling up the DagBag from /opt/airflow/dags/airflow.py
[2026-08-14T05:57:23.260+0000] {logging_mixin.py:151} INFO - [2026-08-14T05:57:23.259+0000] {dagbag.py:346} ERROR - Failed to import: /opt/airflow/dags/airflow.py
Traceback (most recent call last):
  File "/home/airflow/.local/lib/python3.8/site-packages/airflow/models/dagbag.py", line 342, in parse
    loader.exec_module(new_module)
  File "<frozen importlib._bootstrap_external>", line 843, in exec_module
  File "<frozen importlib._bootstrap>", line 219, in _call_with_frames_removed
  File "/opt/airflow/dags/airflow.py", line 23, in <module>
    from data_preprocessing_scripts.preprocessing import preprocess_data
ModuleNotFoundError: No module named 'data_preprocessing_scripts'
[2026-08-14T05:57:23.260+0000] {processor.py:841} WARNING - No viable dags retrieved from /opt/airflow/dags/airflow.py
[2026-08-14T05:57:23.268+0000] {processor.py:179} INFO - Processing /opt/airflow/dags/airflow.py took 0.165 seconds
[2026-08-14T05:57:53.389+0000] {processor.py:157} INFO - Started process (PID=15818) to work on /opt/airflow/dags/airflow.py
[2026-08-14T05:57:53.391+0000] {processor.py:829} INFO - Processing file /opt/airflow/dags/airflow.py for tasks to queue
[2026-08-14T05:57:53.394+0000] {logging_mixin.py:151} INFO - [2026-08-14T05:57:53.394+0000] {dagbag.py:536} INFO - Filling up the DagBag from /opt/airflow/dags/airflow.py
[2026-08-14T05:57:53.556+0000] {logging_mixin.py:151} INFO - [2026-08-14T05:57:53.555+0000] {dagbag.py:346} ERROR - Failed to import: /opt/airflow/dags/airflow.py
Traceback (most recent call last):
  File "/home/airflow/.local/lib/python3.8/site-packages/airflow/models/dagbag.py", line 342, in parse
    loader.exec_module(new_module)
  File "<frozen importlib._bootstrap_external>", line 843, in exec_module
  File "<frozen importlib._bootstrap>", line 219, in _call_with_frames_removed
  File "/opt/airflow/dags/airflow.py", line 23, in <module>
    from data_preprocessing_scripts.preprocessing import preprocess_data
ModuleNotFoundError: No module named 'data_preprocessing_scripts'
[2026-08-14T05:57:53.556+0000] {processor.py:841} WARNING - No viable dags retrieved from /opt/airflow/dags/airflow.py
[2026-08-14T05:57:53.562+0000] {processor.py:179} INFO - Processing /opt/airflow/dags/airflow.py took 0.176 seconds
[2026-08-14T05:58:23.647+0000] {processor.py:157} INFO - Started process (PID=15826) to work on /opt/airflow/dags/airflow.py
[2026-08-14T05:58:23.648+0000] {processor.py:829} INFO - Processing file /opt/airflow/dags/airflow.py for tasks to queue
[2026-08-14T05:58:23.649+0000] {logging_mixin.py:151} INFO - [2026-08-14T05:58:23.649+0000] {dagbag.py:536} INFO - Filling up the DagBag from /opt/airflow/dags/airflow.py
[2026-08-14T05:58:23.812+0000] {logging_mixin.py:151} INFO - [2026-08-14T05:58:23.812+0000] {dagbag.py:346} ERROR - Failed to import: /opt/airflow/dags/airflow.py
Traceback (most recent call last):
  File "/home/airflow/.local/lib/python3.8/site-packages/airflow/models/dagbag.py", line 342, in parse
    loader.exec_module(new_module)
  File "<frozen importlib._bootstrap_external>", line 843, in exec_module
  File "<frozen importlib._bootstrap>", line 219, in _call_with_frames_removed
  File "/opt/airflow/dags/airflow.py", line 23, in <module>
    from data_preprocessing_scripts.preprocessing import preprocess_data
ModuleNotFoundError: No module named 'data_preprocessing_scripts'
[2026-08-14T05:58:23.812+0000] {processor.py:841} WARNING - No viable dags retrieved from /opt/airflow/dags/airflow.py
[2026-08-14T05:58:23.819+0000] {processor.py:179} INFO - Processing /opt/airflow/dags/airflow.py took 0.175 seconds
[2026-08-14T06:14:04.615+0000] {processor.py:157} INFO - Started process (PID=15834) to work on /opt/airflow/dags/airflow.py
[2026-08-14T06:14:04.616+0000] {processor.py:829} INFO - Processing file /opt/airflow/dags/airflow.py for tasks to queue
[2026-08-14T06:14:04.619+0000] {logging_mixin.py:151} INFO - [2026-08-14T06:14:04.619+0000] {dagbag.py:536} INFO - Filling up the DagBag from /opt/airflow/dags/airflow.py
[2026-08-14T06:14:04.840+0000] {logging_mixin.py:151} INFO - [2026-08-14T06:14:04.839+0000] {dagbag.py:346} ERROR - Failed to import: /opt/airflow/dags/airflow.py
Traceback (most recent call last):
  File "/home/airflow/.local/lib/python3.8/site-packages/airflow/models/dagbag.py", line 342, in parse
    loader.exec_module(new_module)
  File "<frozen importlib._bootstrap_external>", line 843, in exec_module
  File "<frozen importlib._bootstrap>", line 219, in _call_with_frames_removed
  File "/opt/airflow/dags/airflow.py", line 23, in <module>
    from data_preprocessing_scripts.preprocessing import preprocess_data
ModuleNotFoundError: No module named 'data_preprocessing_scripts'
[2026-08-14T06:14:04.840+0000] {processor.py:841} WARNING - No viable dags retrieved from /opt/airflow/dags/airflow.py
[2026-08-14T06:14:04.858+0000] {processor.py:179} INFO - Processing /opt/airflow/dags/airflow.py took 0.246 seconds
[2026-08-14T06:49:28.780+0000] {processor.py:157} INFO - Started process (PID=15842) to work on /opt/airflow/dags/airflow.py
[2026-08-14T06:49:28.780+0000] {processor.py:829} INFO - Processing file /opt/airflow/dags/airflow.py for tasks to queue
[2026-08-14T06:49:28.782+0000] {logging_mixin.py:151} INFO - [2026-08-14T06:49:28.782+0000] {dagbag.py:536} INFO - Filling up the DagBag from /opt/airflow/dags/airflow.py
[2026-08-14T06:49:28.940+0000] {logging_mixin.py:151} INFO - [2026-08-14T06:49:28.939+0000] {dagbag.py:346} ERROR - Failed to import: /opt/airflow/dags/airflow.py
Traceback (most recent call last):
  File "/home/airflow/.local/lib/python3.8/site-packages/airflow/models/dagbag.py", line 342, in parse
    loader.exec_module(new_module)
  File "<frozen importlib._bootstrap_external>", line 843, in exec_module
  File "<frozen importlib._bootstrap>", line 219, in _call_with_frames_removed
  File "/opt/airflow/dags/airflow.py", line 23, in <module>
    from data_preprocessing_scripts.preprocessing import preprocess_data
ModuleNotFoundError: No module named 'data_preprocessing_scripts'
[2026-08-14T06:49:28.940+0000] {processor.py:841} WARNING - No viable dags retrieved from /opt/airflow/dags/airflow.py
[2026-08-14T06:49:28.949+0000] {processor.py:179} INFO - Processing /opt/airflow/dags/airflow.py took 0.172 seconds
[2026-08-14T07:05:01.225+0000] {processor.py:157} INFO - Started process (PID=15850) to work on /opt/airflow/dags/airflow.py
[2026-08-14T07:05:01.226+0000] {processor.py:829} INFO - Processing file /opt/airflow/dags/airflow.py for tasks to queue
[2026-08-14T07:05:01.235+0000] {logging_mixin.py:151} INFO - [2026-08-14T07:05:01.235+0000] {dagbag.py:536} INFO - Filling up the DagBag from /opt/airflow/dags/airflow.py
[2026-08-14T07:05:01.552+0000] {logging_mixin.py:151} INFO - [2026-08-14T07:05:01.551+0000] {dagbag.py:346} ERROR - Failed to import: /opt/airflow/dags/airflow.py
Traceback (most recent call last):
  File "/home/airflow/.local/lib/python3.8/site-packages/airflow/models/dagbag.py", line 342, in parse
    loader.exec_module(new_module)
  File "<frozen importlib._bootstrap_external>", line 843, in exec_module
  File "<frozen importlib._bootstrap>", line 219, in _call_with_frames_removed
  File "/opt/airflow/dags/airflow.py", line 23, in <module>
    from data_preprocessing_scripts.preprocessing import preprocess_data
ModuleNotFoundError: No module named 'data_preprocessing_scripts'
[2026-08-14T07:05:01.552+0000] {processor.py:841} WARNING - No viable dags retrieved from /opt/airflow/dags/airflow.py
[2026-08-14T07:05:01.560+0000] {processor.py:179} INFO - Processing /opt/airflow/dags/airflow.py took 0.341 seconds
[2026-08-14T07:59:52.313+0000] {processor.py:157} INFO - Started process (PID=15858) to work on /opt/airflow/dags/airflow.py
[2026-08-14T07:59:52.314+0000] {processor.py:829} INFO - Processing file /opt/airflow/dags/airflow.py for tasks to queue
[2026-08-14T07:59:52.315+0000] {logging_mixin.py:151} INFO - [2026-08-14T07:59:52.315+0000] {dagbag.py:536} INFO - Filling up the DagBag from /opt/airflow/dags/airflow.py
[2026-08-14T07:59:52.483+0000] {logging_mixin.py:151} INFO - [2026-08-14T07:59:52.482+0000] {dagbag.py:346} ERROR - Failed to import: /opt/airflow/dags/airflow.py
Traceback (most recent call last):
  File "/home/airflow/.local/lib/python3.8/site-packages/airflow/models/dagbag.py", line 342, in parse
    loader.exec_module(new_module)
  File "<frozen importlib._bootstrap_external>", line 843, in exec_module
  File "<frozen importlib._bootstrap>", line 219, in _call_with_frames_removed
  File "/opt/airflow/dags/airflow.py", line 23, in <module>
    from data_preprocessing_scripts.preprocessing import preprocess_data
ModuleNotFoundError: No module named 'data_preprocessing_scripts'
[2026-08-14T07:59:52.483+0000] {processor.py:841} WARNING - No viable dags retrieved from /opt/airflow/dags/airflow.py
[2026-08-14T07:59:52.490+0000] {processor.py:179} INFO - Processing /opt/airflow/dags/airflow.py took 0.180 seconds
[2026-08-14T08:00:22.714+0000] {processor.py:157} INFO - Started process (PID=15866) to work on /opt/airflow/dags/airflow.py
[2026-08-14T08:00:22.715+0000] {processor.py:829} INFO - Processing file /opt/airflow/dags/airflow.py for tasks to queue
[2026-08-14T08:00:22.718+0000] {logging_mixin.py:151} INFO - [2026-08-14T08:00:22.717+0000] {dagbag.py:536} INFO - Filling up the DagBag from /opt/airflow/dags/airflow.py
[2026-08-14T08:00:22.858+0000] {logging_mixin.py:151} INFO - [2026-08-14T08:00:22.857+0000] {dagbag.py:346} ERROR - Failed to import: /opt/airflow/dags/airflow.py
Traceback (most recent call last):
  File "/home/airflow/.local/lib/python3.8/site-packages/airflow/models/dagbag.py", line 342, in parse
    loader.exec_module(new_module)
  File "<frozen importlib._bootstrap_external>", line 843, in exec_module
  File "<frozen importlib._bootstrap>", line 219, in _call_with_frames_removed
  File "/opt/airflow/dags/airflow.py", line 23, in <module>
    from data_preprocessing_scripts.preprocessing import preprocess_data
ModuleNotFoundError: No module named 'data_preprocessing_scripts'
[2026-08-14T08:00:22.858+0000] {processor.py:841} WARNING - No viable dags retrieved from /opt/airflow/dags/airflow.py
[2026-08-14T08:00:22.864+0000] {processor.py:179} INFO - Processing /opt/airflow/dags/airflow.py took 0.154 seconds
[2026-08-14T08:39:01.700+0000] {processor.py:157} INFO - Started process (PID=15874) to work on /opt/airflow/dags/airflow.py
[2026-08-14T08:39:01.701+0000] {processor.py:829} INFO - Processing file /opt/airflow/dags/airflow.py for tasks to queue
[2026-08-14T08:39:01.703+0000] {logging_mixin.py:151} INFO - [2026-08-14T08:39:01.703+0000] {dagbag.py:536} INFO - Filling up the DagBag from /opt/airflow/dags/airflow.py
[2026-08-14T08:39:01.915+0000] {logging_mixin.py:151} INFO - [2026-08-14T08:39:01.914+0000] {dagbag.py:346} ERROR - Failed to import: /opt/airflow/dags/airflow.py
Traceback (most recent call last):
  File "/home/airflow/.local/lib/python3.8/site-packages/airflow/models/dagbag.py", line 342, in parse
    loader.exec_module(new_module)
  File "<frozen importlib._bootstrap_external>", line 843, in exec_module
  File "<frozen importlib._bootstrap>", line 219, in _call_with_frames_removed
  File "/opt/airflow/dags/airflow.py", line 23, in <module>
    from data_preprocessing_scripts.preprocessing import preprocess_data
ModuleNotFoundError: No module named 'data_preprocessing_scripts'
[2026-08-14T08:39:01.915+0000] {processor.py:841} WARNING - No viable dags retrieved from /opt/airflow/dags/airflow.py
[2026-08-14T08:39:01.926+0000] {processor.py:179} INFO - Processing /opt/airflow/dags/airflow.py took 0.229 seconds
[2026-08-14T10:20:37.275+0000] {processor.py:157} INFO - Started process (PID=15882) to work on /opt/airflow/dags/airflow.py
[2026-08-14T10:20:37.276+0000] {processor.py:829} INFO - Processing file /opt/airflow/dags/airflow.py for tasks to queue
[2026-08-14T10:20:37.280+0000] {logging_mixin.py:151} INFO - [2026-08-14T10:20:37.279+0000] {dagbag.py:536} INFO - Filling up the DagBag from /opt/airflow/dags/airflow.py
[2026-08-14T10:20:37.418+0000] {logging_mixin.py:151} INFO - [2026-08-14T10:20:37.418+0000] {dagbag.py:346} ERROR - Failed to import: /opt/airflow/dags/airflow.py
Traceback (most recent call last):
  File "/home/airflow/.local/lib/python3.8/site-packages/airflow/models/dagbag.py", line 342, in parse
    loader.exec_module(new_module)
  File "<frozen importlib._bootstrap_external>", line 843, in exec_module
  File "<frozen importlib._bootstrap>", line 219, in _call_with_frames_removed
  File "/opt/airflow/dags/airflow.py", line 23, in <module>
    from data_preprocessing_scripts.preprocessing import preprocess_data
ModuleNotFoundError: No module named 'data_preprocessing_scripts'
[2026-08-14T10:20:37.418+0000] {processor.py:841} WARNING - No viable dags retrieved from /opt/airflow/dags/airflow.py
[2026-08-14T10:20:37.424+0000] {processor.py:179} INFO - Processing /opt/airflow/dags/airflow.py took 0.154 seconds
[2026-08-14T11:00:30.499+0000] {processor.py:157} INFO - Started process (PID=15890) to work on /opt/airflow/dags/airflow.py
[2026-08-14T11:00:30.500+0000] {processor.py:829} INFO - Processing file /opt/airflow/dags/airflow.py for tasks to queue
[2026-08-14T11:00:30.502+0000] {logging_mixin.py:151} INFO - [2026-08-14T11:00:30.502+0000] {dagbag.py:536} INFO - Filling up the DagBag from /opt/airflow/dags/airflow.py
[2026-08-14T11:00:30.669+0000] {logging_mixin.py:151} INFO - [2026-08-14T11:00:30.668+0000] {dagbag.py:346} ERROR - Failed to import: /opt/airflow/dags/airflow.py
Traceback (most recent call last):
  File "/home/airflow/.local/lib/python3.8/site-packages/airflow/models/dagbag.py", line 342, in parse
    loader.exec_module(new_module)
  File "<frozen importlib._bootstrap_external>", line 843, in exec_module
  File "<frozen importlib._bootstrap>", line 219, in _call_with_frames_removed
  File "/opt/airflow/dags/airflow.py", line 23, in <module>
    from data_preprocessing_scripts.preprocessing import preprocess_data
ModuleNotFoundError: No module named 'data_preprocessing_scripts'
[2026-08-14T11:00:30.669+0000] {processor.py:841} WARNING - No viable dags retrieved from /opt/airflow/dags/airflow.py
[2026-08-14T11:00:30.678+0000] {processor.py:179} INFO - Processing /opt/airflow/dags/airflow.py took 0.181 seconds
[2026-08-14T11:17:59.949+0000] {processor.py:157} INFO - Started process (PID=15898) to work on /opt/airflow/dags/airflow.py
[2026-08-14T11:17:59.949+0000] {processor.py:829} INFO - Processing file /opt/airflow/dags/airflow.py for tasks to queue
[2026-08-14T11:17:59.951+0000] {logging_mixin.py:151} INFO - [2026-08-14T11:17:59.951+0000] {dagbag.py:536} INFO - Filling up the DagBag from /opt/airflow/dags/airflow.py
[2026-08-14T11:18:00.117+0000] {logging_mixin.py:151} INFO - [2026-08-14T11:18:00.116+0000] {dagbag.py:346} ERROR - Failed to import: /opt/airflow/dags/airflow.py
Traceback (most recent call last):
  File "/home/airflow/.local/lib/python3.8/site-packages/airflow/models/dagbag.py", line 342, in parse
    loader.exec_module(new_module)
  File "<frozen importlib._bootstrap_external>", line 843, in exec_module
  File "<frozen importlib._bootstrap>", line 219, in _call_with_frames_removed
  File "/opt/airflow/dags/airflow.py", line 23, in <module>
    from data_preprocessing_scripts.preprocessing import preprocess_data
ModuleNotFoundError: No module named 'data_preprocessing_scripts'
[2026-08-14T11:18:00.117+0000] {processor.py:841} WARNING - No viable dags retrieved from /opt/airflow/dags/airflow.py
[2026-08-14T11:18:00.124+0000] {processor.py:179} INFO - Processing /opt/airflow/dags/airflow.py took 0.178 seconds
[2026-08-14T11:53:23.128+0000] {processor.py:157} INFO - Started process (PID=15906) to work on /opt/airflow/dags/airflow.py
[2026-08-14T11:53:23.128+0000] {processor.py:829} INFO - Processing file /opt/airflow/dags/airflow.py for tasks to queue
[2026-08-14T11:53:23.131+0000] {logging_mixin.py:151} INFO - [2026-08-14T11:53:23.131+0000] {dagbag.py:536} INFO - Filling up the DagBag from /opt/airflow/dags/airflow.py
[2026-08-14T11:53:23.335+0000] {logging_mixin.py:151} INFO - [2026-08-14T11:53:23.334+0000] {dagbag.py:346} ERROR - Failed to import: /opt/airflow/dags/airflow.py
Traceback (most recent call last):
  File "/home/airflow/.local/lib/python3.8/site-packages/airflow/models/dagbag.py", line 342, in parse
    loader.exec_module(new_module)
  File "<frozen importlib._bootstrap_external>", line 843, in exec_module
  File "<frozen importlib._bootstrap>", line 219, in _call_with_frames_removed
  File "/opt/airflow/dags/airflow.py", line 23, in <module>
    from data_preprocessing_scripts.preprocessing import preprocess_data
ModuleNotFoundError: No module named 'data_preprocessing_scripts'
[2026-08-14T11:53:23.335+0000] {processor.py:841} WARNING - No viable dags retrieved from /opt/airflow/dags/airflow.py
[2026-08-14T11:53:23.343+0000] {processor.py:179} INFO - Processing /opt/airflow/dags/airflow.py took 0.219 seconds
[2026-08-14T11:53:53.454+0000] {processor.py:157} INFO - Started process (PID=15914) to work on /opt/airflow/dags/airflow.py
[2026-08-14T11:53:53.455+0000] {processor.py:829} INFO - Processing file /opt/airflow/dags/airflow.py for tasks to queue
[2026-08-14T11:53:53.457+0000] {logging_mixin.py:151} INFO - [2026-08-14T11:53:53.457+0000] {dagbag.py:536} INFO - Filling up the DagBag from /opt/airflow/dags/airflow.py
[2026-08-14T11:53:53.642+0000] {logging_mixin.py:151} INFO - [2026-08-14T11:53:53.641+0000] {dagbag.py:346} ERROR - Failed to import: /opt/airflow/dags/airflow.py
Traceback (most recent call last):
  File "/home/airflow/.local/lib/python3.8/site-packages/airflow/models/dagbag.py", line 342, in parse
    loader.exec_module(new_module)
  File "<frozen importlib._bootstrap_external>", line 843, in exec_module
  File "<frozen importlib._bootstrap>", line 219, in _call_with_frames_removed
  File "/opt/airflow/dags/airflow.py", line 23, in <module>
    from data_preprocessing_scripts.preprocessing import preprocess_data
ModuleNotFoundError: No module named 'data_preprocessing_scripts'
[2026-08-14T11:53:53.642+0000] {processor.py:841} WARNING - No viable dags retrieved from /opt/airflow/dags/airflow.py
[2026-08-14T11:53:53.649+0000] {processor.py:179} INFO - Processing /opt/airflow/dags/airflow.py took 0.199 seconds
[2026-08-14T13:33:41.812+0000] {processor.py:157} INFO - Started process (PID=15922) to work on /opt/airflow/dags/airflow.py
[2026-08-14T13:33:41.812+0000] {processor.py:829} INFO - Processing file /opt/airflow/dags/airflow.py for tasks to queue
[2026-08-14T13:33:41.815+0000] {logging_mixin.py:151} INFO - [2026-08-14T13:33:41.815+0000] {dagbag.py:536} INFO - Filling up the DagBag from /opt/airflow/dags/airflow.py
[2026-08-14T13:33:41.950+0000] {logging_mixin.py:151} INFO - [2026-08-14T13:33:41.949+0000] {dagbag.py:346} ERROR - Failed to import: /opt/airflow/dags/airflow.py
Traceback (most recent call last):
  File "/home/airflow/.local/lib/python3.8/site-packages/airflow/models/dagbag.py", line 342, in parse
    loader.exec_module(new_module)
  File "<frozen importlib._bootstrap_external>", line 843, in exec_module
  File "<frozen importlib._bootstrap>", line 219, in _call_with_frames_removed
  File "/opt/airflow/dags/airflow.py", line 23, in <module>
    from data_preprocessing_scripts.preprocessing import preprocess_data
ModuleNotFoundError: No module named 'data_preprocessing_scripts'
[2026-08-14T13:33:41.950+0000] {processor.py:841} WARNING - No viable dags retrieved from /opt/airflow/dags/airflow.py
[2026-08-14T13:33:41.956+0000] {processor.py:179} INFO - Processing /opt/airflow/dags/airflow.py took 0.147 seconds
[2026-08-14T13:43:09.938+0000] {processor.py:157} INFO - Started process (PID=15930) to work on /opt/airflow/dags/airflow.py
[2026-08-14T13:43:09.940+0000] {processor.py:829} INFO - Processing file /opt/airflow/dags/airflow.py for tasks to queue
[2026-08-14T13:43:09.945+0000] {logging_mixin.py:151} INFO - [2026-08-14T13:43:09.945+0000] {dagbag.py:536} INFO - Filling up the DagBag from /opt/airflow/dags/airflow.py
[2026-08-14T13:43:10.258+0000] {logging_mixin.py:151} INFO - [2026-08-14T13:43:10.257+0000] {dagbag.py:346} ERROR - Failed to import: /opt/airflow/dags/airflow.py
Traceback (most recent call last):
  File "/home/airflow/.local/lib/python3.8/site-packages/airflow/models/dagbag.py", line 342, in parse
    loader.exec_module(new_module)
  File "<frozen importlib._bootstrap_external>", line 843, in exec_module
  File "<frozen importlib._bootstrap>", line 219, in _call_with_frames_removed
  File "/opt/airflow/dags/airflow.py", line 23, in <module>
    from data_preprocessing_scripts.preprocessing import preprocess_data
ModuleNotFoundError: No module named 'data_preprocessing_scripts'
[2026-08-14T13:43:10.259+0000] {processor.py:841} WARNING - No viable dags retrieved from /opt/airflow/dags/airflow.py
[2026-08-14T13:43:10.274+0000] {processor.py:179} INFO - Processing /opt/airflow/dags/airflow.py took 0.344 seconds
[2026-08-14T13:54:16.492+0000] {processor.py:157} INFO - Started process (PID=15938) to work on /opt/airflow/dags/airflow.py
[2026-08-14T13:54:16.493+0000] {processor.py:829} INFO - Processing file /opt/airflow/dags/airflow.py for tasks to queue
[2026-08-14T13:54:16.495+0000] {logging_mixin.py:151} INFO - [2026-08-14T13:54:16.494+0000] {dagbag.py:536} INFO - Filling up the DagBag from /opt/airflow/dags/airflow.py
[2026-08-14T13:54:16.650+0000] {logging_mixin.py:151} INFO - [2026-08-14T13:54:16.649+0000] {dagbag.py:346} ERROR - Failed to import: /opt/airflow/dags/airflow.py
Traceback (most recent call last):
  File "/home/airflow/.local/lib/python3.8/site-packages/airflow/models/dagbag.py", line 342, in parse
    loader.exec_module(new_module)
  File "<frozen importlib._bootstrap_external>", line 843, in exec_module
  File "<frozen importlib._bootstrap>", line 219, in _call_with_frames_removed
  File "/opt/airflow/dags/airflow.py", line 23, in <module>
    from data_preprocessing_scripts.preprocessing import preprocess_data
ModuleNotFoundError: No module named 'data_preprocessing_scripts'
[2026-08-14T13:54:16.650+0000] {processor.py:841} WARNING - No viable dags retrieved from /opt/airflow/dags/airflow.py
[2026-08-14T13:54:16.656+0000] {processor.py:179} INFO - Processing /opt/airflow/dags/airflow.py took 0.167 seconds
[2026-08-14T14:10:32.390+0000] {processor.py:157} INFO - Started process (PID=15946) to work on /opt/airflow/dags/airflow.py
[2026-08-14T14:10:32.391+0000] {processor.py:829} INFO - Processing file /opt/airflow/dags/airflow.py for tasks to queue
[2026-08-14T14:10:32.394+0000] {logging_mixin.py:151} INFO - [2026-08-14T14:10:32.394+0000] {dagbag.py:536} INFO - Filling up the DagBag from /opt/airflow/dags/airflow.py
[2026-08-14T14:10:32.610+0000] {logging_mixin.py:151} INFO - [2026-08-14T14:10:32.610+0000] {dagbag.py:346} ERROR - Failed to import: /opt/airflow/dags/airflow.py
Traceback (most recent call last):
  File "/home/airflow/.local/lib/python3.8/site-packages/airflow/models/dagbag.py", line 342, in parse
    loader.exec_module(new_module)
  File "<frozen importlib._bootstrap_external>", line 843, in exec_module
  File "<frozen importlib._bootstrap>", line 219, in _call_with_frames_removed
  File "/opt/airflow/dags/airflow.py", line 23, in <module>
    from data_preprocessing_scripts.preprocessing import preprocess_data
ModuleNotFoundError: No module named 'data_preprocessing_scripts'
[2026-08-14T14:10:32.611+0000] {processor.py:841} WARNING - No viable dags retrieved from /opt/airflow/dags/airflow.py
[2026-08-14T14:10:32.618+0000] {processor.py:179} INFO - Processing /opt/airflow/dags/airflow.py took 0.231 seconds
[2026-08-14T14:11:02.725+0000] {processor.py:157} INFO - Started process (PID=15954) to work on /opt/airflow/dags/airflow.py
[2026-08-14T14:11:02.725+0000] {processor.py:829} INFO - Processing file /opt/airflow/dags/airflow.py for tasks to queue
[2026-08-14T14:11:02.727+0000] {logging_mixin.py:151} INFO - [2026-08-14T14:11:02.727+0000] {dagbag.py:536} INFO - Filling up the DagBag from /opt/airflow/dags/airflow.py
[2026-08-14T14:11:02.858+0000] {logging_mixin.py:151} INFO - [2026-08-14T14:11:02.857+0000] {dagbag.py:346} ERROR - Failed to import: /opt/airflow/dags/airflow.py
Traceback (most recent call last):
  File "/home/airflow/.local/lib/python3.8/site-packages/airflow/models/dagbag.py", line 342, in parse
    loader.exec_module(new_module)
  File "<frozen importlib._bootstrap_external>", line 843, in exec_module
  File "<frozen importlib._bootstrap>", line 219, in _call_with_frames_removed
  File "/opt/airflow/dags/airflow.py", line 23, in <module>
    from data_preprocessing_scripts.preprocessing import preprocess_data
ModuleNotFoundError: No module named 'data_preprocessing_scripts'
[2026-08-14T14:11:02.858+0000] {processor.py:841} WARNING - No viable dags retrieved from /opt/airflow/dags/airflow.py
[2026-08-14T14:11:02.865+0000] {processor.py:179} INFO - Processing /opt/airflow/dags/airflow.py took 0.142 seconds
[2026-08-14T14:55:14.357+0000] {processor.py:157} INFO - Started process (PID=15962) to work on /opt/airflow/dags/airflow.py
[2026-08-14T14:55:14.358+0000] {processor.py:829} INFO - Processing file /opt/airflow/dags/airflow.py for tasks to queue
[2026-08-14T14:55:14.362+0000] {logging_mixin.py:151} INFO - [2026-08-14T14:55:14.361+0000] {dagbag.py:536} INFO - Filling up the DagBag from /opt/airflow/dags/airflow.py
[2026-08-14T14:55:14.546+0000] {logging_mixin.py:151} INFO - [2026-08-14T14:55:14.545+0000] {dagbag.py:346} ERROR - Failed to import: /opt/airflow/dags/airflow.py
Traceback (most recent call last):
  File "/home/airflow/.local/lib/python3.8/site-packages/airflow/models/dagbag.py", line 342, in parse
    loader.exec_module(new_module)
  File "<frozen importlib._bootstrap_external>", line 843, in exec_module
  File "<frozen importlib._bootstrap>", line 219, in _call_with_frames_removed
  File "/opt/airflow/dags/airflow.py", line 23, in <module>
    from data_preprocessing_scripts.preprocessing import preprocess_data
ModuleNotFoundError: No module named 'data_preprocessing_scripts'
[2026-08-14T14:55:14.546+0000] {processor.py:841} WARNING - No viable dags retrieved from /opt/airflow/dags/airflow.py
[2026-08-14T14:55:14.556+0000] {processor.py:179} INFO - Processing /opt/airflow/dags/airflow.py took 0.202 seconds
[2026-08-14T14:55:44.744+0000] {processor.py:157} INFO - Started process (PID=15970) to work on /opt/airflow/dags/airflow.py
[2026-08-14T14:55:44.744+0000] {processor.py:829} INFO - Processing file /opt/airflow/dags/airflow.py for tasks to queue
[2026-08-14T14:55:44.746+0000] {logging_mixin.py:151} INFO - [2026-08-14T14:55:44.746+0000] {dagbag.py:536} INFO - Filling up the DagBag from /opt/airflow/dags/airflow.py
[2026-08-14T14:55:44.883+0000] {logging_mixin.py:151} INFO - [2026-08-14T14:55:44.882+0000] {dagbag.py:346} ERROR - Failed to import: /opt/airflow/dags/airflow.py
Traceback (most recent call last):
  File "/home/airflow/.local/lib/python3.8/site-packages/airflow/models/dagbag.py", line 342, in parse
    loader.exec_module(new_module)
  File "<frozen importlib._bootstrap_external>", line 843, in exec_module
  File "<frozen importlib._bootstrap>", line 219, in _call_with_frames_removed
  File "/opt/airflow/dags/airflow.py", line 23, in <module>
    from data_preprocessing_scripts.preprocessing import preprocess_data
ModuleNotFoundError: No module named 'data_preprocessing_scripts'
[2026-08-14T14:55:44.883+0000] {processor.py:841} WARNING - No viable dags retrieved from /opt/airflow/dags/airflow.py
[2026-08-14T14:55:44.890+0000] {processor.py:179} INFO - Processing /opt/airflow/dags/airflow.py took 0.149 seconds
[2026-08-14T15:26:29.751+0000] {processor.py:157} INFO - Started process (PID=15978) to work on /opt/airflow/dags/airflow.py
[2026-08-14T15:26:29.752+0000] {processor.py:829} INFO - Processing file /opt/airflow/dags/airflow.py for tasks to queue
[2026-08-14T15:26:29.756+0000] {logging_mixin.py:151} INFO - [2026-08-14T15:26:29.755+0000] {dagbag.py:536} INFO - Filling up the DagBag from /opt/airflow/dags/airflow.py
[2026-08-14T15:26:29.903+0000] {logging_mixin.py:151} INFO - [2026-08-14T15:26:29.903+0000] {dagbag.py:346} ERROR - Failed to import: /opt/airflow/dags/airflow.py
Traceback (most recent call last):
  File "/home/airflow/.local/lib/python3.8/site-packages/airflow/models/dagbag.py", line 342, in parse
    loader.exec_module(new_module)
  File "<frozen importlib._bootstrap_external>", line 843, in exec_module
  File "<frozen importlib._bootstrap>", line 219, in _call_with_frames_removed
  File "/opt/airflow/dags/airflow.py", line 23, in <module>
    from data_preprocessing_scripts.preprocessing import preprocess_data
ModuleNotFoundError: No module named 'data_preprocessing_scripts'
[2026-08-14T15:26:29.904+0000] {processor.py:841} WARNING - No viable dags retrieved from /opt/airflow/dags/airflow.py
[2026-08-14T15:26:29.911+0000] {processor.py:179} INFO - Processing /opt/airflow/dags/airflow.py took 0.163 seconds
[2026-08-14T15:27:00.165+0000] {processor.py:157} INFO - Started process (PID=15986) to work on /opt/airflow/dags/airflow.py
[2026-08-14T15:27:00.166+0000] {processor.py:829} INFO - Processing file /opt/airflow/dags/airflow.py for tasks to queue
[2026-08-14T15:27:00.168+0000] {logging_mixin.py:151} INFO - [2026-08-14T15:27:00.167+0000] {dagbag.py:536} INFO - Filling up the DagBag from /opt/airflow/dags/airflow.py
[2026-08-14T15:27:00.302+0000] {logging_mixin.py:151} INFO - [2026-08-14T15:27:00.302+0000] {dagbag.py:346} ERROR - Failed to import: /opt/airflow/dags/airflow.py
Traceback (most recent call last):
  File "/home/airflow/.local/lib/python3.8/site-packages/airflow/models/dagbag.py", line 342, in parse
    loader.exec_module(new_module)
  File "<frozen importlib._bootstrap_external>", line 843, in exec_module
  File "<frozen importlib._bootstrap>", line 219, in _call_with_frames_removed
  File "/opt/airflow/dags/airflow.py", line 23, in <module>
    from data_preprocessing_scripts.preprocessing import preprocess_data
ModuleNotFoundError: No module named 'data_preprocessing_scripts'
[2026-08-14T15:27:00.302+0000] {processor.py:841} WARNING - No viable dags retrieved from /opt/airflow/dags/airflow.py
[2026-08-14T15:27:00.308+0000] {processor.py:179} INFO - Processing /opt/airflow/dags/airflow.py took 0.147 seconds
[2026-08-14T15:42:34.153+0000] {processor.py:157} INFO - Started process (PID=15994) to work on /opt/airflow/dags/airflow.py
[2026-08-14T15:42:34.154+0000] {processor.py:829} INFO - Processing file /opt/airflow/dags/airflow.py for tasks to queue
[2026-08-14T15:42:34.157+0000] {logging_mixin.py:151} INFO - [2026-08-14T15:42:34.157+0000] {dagbag.py:536} INFO - Filling up the DagBag from /opt/airflow/dags/airflow.py
[2026-08-14T15:42:34.322+0000] {logging_mixin.py:151} INFO - [2026-08-14T15:42:34.321+0000] {dagbag.py:346} ERROR - Failed to import: /opt/airflow/dags/airflow.py
Traceback (most recent call last):
  File "/home/airflow/.local/lib/python3.8/site-packages/airflow/models/dagbag.py", line 342, in parse
    loader.exec_module(new_module)
  File "<frozen importlib._bootstrap_external>", line 843, in exec_module
  File "<frozen importlib._bootstrap>", line 219, in _call_with_frames_removed
  File "/opt/airflow/dags/airflow.py", line 23, in <module>
    from data_preprocessing_scripts.preprocessing import preprocess_data
ModuleNotFoundError: No module named 'data_preprocessing_scripts'
[2026-08-14T15:42:34.322+0000] {processor.py:841} WARNING - No viable dags retrieved from /opt/airflow/dags/airflow.py
[2026-08-14T15:42:34.333+0000] {processor.py:179} INFO - Processing /opt/airflow/dags/airflow.py took 0.183 seconds
[2026-08-14T15:55:00.192+0000] {processor.py:157} INFO - Started process (PID=16002) to work on /opt/airflow/dags/airflow.py
[2026-08-14T15:55:00.193+0000] {processor.py:829} INFO - Processing file /opt/airflow/dags/airflow.py for tasks to queue
[2026-08-14T15:55:00.196+0000] {logging_mixin.py:151} INFO - [2026-08-14T15:55:00.195+0000] {dagbag.py:536} INFO - Filling up the DagBag from /opt/airflow/dags/airflow.py
[2026-08-14T15:55:00.355+0000] {logging_mixin.py:151} INFO - [2026-08-14T15:55:00.354+0000] {dagbag.py:346} ERROR - Failed to import: /opt/airflow/dags/airflow.py
Traceback (most recent call last):
  File "/home/airflow/.local/lib/python3.8/site-packages/airflow/models/dagbag.py", line 342, in parse
    loader.exec_module(new_module)
  File "<frozen importlib._bootstrap_external>", line 843, in exec_module
  File "<frozen importlib._bootstrap>", line 219, in _call_with_frames_removed
  File "/opt/airflow/dags/airflow.py", line 23, in <module>
    from data_preprocessing_scripts.preprocessing import preprocess_data
ModuleNotFoundError: No module named 'data_preprocessing_scripts'
[2026-08-14T15:55:00.355+0000] {processor.py:841} WARNING - No viable dags retrieved from /opt/airflow/dags/airflow.py
[2026-08-14T15:55:00.361+0000] {processor.py:179} INFO - Processing /opt/airflow/dags/airflow.py took 0.174 seconds
[2026-08-14T16:15:28.644+0000] {processor.py:157} INFO - Started process (PID=16010) to work on /opt/airflow/dags/airflow.py
[2026-08-14T16:15:28.646+0000] {processor.py:829} INFO - Processing file /opt/airflow/dags/airflow.py for tasks to queue
[2026-08-14T16:15:28.649+0000] {logging_mixin.py:151} INFO - [2026-08-14T16:15:28.649+0000] {dagbag.py:536} INFO - Filling up the DagBag from /opt/airflow/dags/airflow.py
[2026-08-14T16:15:28.874+0000] {logging_mixin.py:151} INFO - [2026-08-14T16:15:28.873+0000] {dagbag.py:346} ERROR - Failed to import: /opt/airflow/dags/airflow.py
Traceback (most recent call last):
  File "/home/airflow/.local/lib/python3.8/site-packages/airflow/models/dagbag.py", line 342, in parse
    loader.exec_module(new_module)
  File "<frozen importlib._bootstrap_external>", line 843, in exec_module
  File "<frozen importlib._bootstrap>", line 219, in _call_with_frames_removed
  File "/opt/airflow/dags/airflow.py", line 23, in <module>
    from data_preprocessing_scripts.preprocessing import preprocess_data
ModuleNotFoundError: No module named 'data_preprocessing_scripts'
[2026-08-14T16:15:28.874+0000] {processor.py:841} WARNING - No viable dags retrieved from /opt/airflow/dags/airflow.py
[2026-08-14T16:15:28.889+0000] {processor.py:179} INFO - Processing /opt/airflow/dags/airflow.py took 0.251 seconds
[2026-08-14T16:15:59.101+0000] {processor.py:157} INFO - Started process (PID=16018) to work on /opt/airflow/dags/airflow.py
[2026-08-14T16:15:59.103+0000] {processor.py:829} INFO - Processing file /opt/airflow/dags/airflow.py for tasks to queue
[2026-08-14T16:15:59.107+0000] {logging_mixin.py:151} INFO - [2026-08-14T16:15:59.107+0000] {dagbag.py:536} INFO - Filling up the DagBag from /opt/airflow/dags/airflow.py
[2026-08-14T16:15:59.284+0000] {logging_mixin.py:151} INFO - [2026-08-14T16:15:59.284+0000] {dagbag.py:346} ERROR - Failed to import: /opt/airflow/dags/airflow.py
Traceback (most recent call last):
  File "/home/airflow/.local/lib/python3.8/site-packages/airflow/models/dagbag.py", line 342, in parse
    loader.exec_module(new_module)
  File "<frozen importlib._bootstrap_external>", line 843, in exec_module
  File "<frozen importlib._bootstrap>", line 219, in _call_with_frames_removed
  File "/opt/airflow/dags/airflow.py", line 23, in <module>
    from data_preprocessing_scripts.preprocessing import preprocess_data
ModuleNotFoundError: No module named 'data_preprocessing_scripts'
[2026-08-14T16:15:59.284+0000] {processor.py:841} WARNING - No viable dags retrieved from /opt/airflow/dags/airflow.py
[2026-08-14T16:15:59.291+0000] {processor.py:179} INFO - Processing /opt/airflow/dags/airflow.py took 0.196 seconds
[2026-08-14T16:16:29.445+0000] {processor.py:157} INFO - Started process (PID=16026) to work on /opt/airflow/dags/airflow.py
[2026-08-14T16:16:29.446+0000] {processor.py:829} INFO - Processing file /opt/airflow/dags/airflow.py for tasks to queue
[2026-08-14T16:16:29.449+0000] {logging_mixin.py:151} INFO - [2026-08-14T16:16:29.448+0000] {dagbag.py:536} INFO - Filling up the DagBag from /opt/airflow/dags/airflow.py
[2026-08-14T16:16:29.596+0000] {logging_mixin.py:151} INFO - [2026-08-14T16:16:29.595+0000] {dagbag.py:346} ERROR - Failed to import: /opt/airflow/dags/airflow.py
Traceback (most recent call last):
  File "/home/airflow/.local/lib/python3.8/site-packages/airflow/models/dagbag.py", line 342, in parse
    loader.exec_module(new_module)
  File "<frozen importlib._bootstrap_external>", line 843, in exec_module
  File "<frozen importlib._bootstrap>", line 219, in _call_with_frames_removed
  File "/opt/airflow/dags/airflow.py", line 23, in <module>
    from data_preprocessing_scripts.preprocessing import preprocess_data
ModuleNotFoundError: No module named 'data_preprocessing_scripts'
[2026-08-14T16:16:29.596+0000] {processor.py:841} WARNING - No viable dags retrieved from /opt/airflow/dags/airflow.py
[2026-08-14T16:16:29.603+0000] {processor.py:179} INFO - Processing /opt/airflow/dags/airflow.py took 0.161 seconds
[2026-08-14T16:16:59.738+0000] {processor.py:157} INFO - Started process (PID=16034) to work on /opt/airflow/dags/airflow.py
[2026-08-14T16:16:59.739+0000] {processor.py:829} INFO - Processing file /opt/airflow/dags/airflow.py for tasks to queue
[2026-08-14T16:16:59.742+0000] {logging_mixin.py:151} INFO - [2026-08-14T16:16:59.741+0000] {dagbag.py:536} INFO - Filling up the DagBag from /opt/airflow/dags/airflow.py
[2026-08-14T16:16:59.891+0000] {logging_mixin.py:151} INFO - [2026-08-14T16:16:59.891+0000] {dagbag.py:346} ERROR - Failed to import: /opt/airflow/dags/airflow.py
Traceback (most recent call last):
  File "/home/airflow/.local/lib/python3.8/site-packages/airflow/models/dagbag.py", line 342, in parse
    loader.exec_module(new_module)
  File "<frozen importlib._bootstrap_external>", line 843, in exec_module
  File "<frozen importlib._bootstrap>", line 219, in _call_with_frames_removed
  File "/opt/airflow/dags/airflow.py", line 23, in <module>
    from data_preprocessing_scripts.preprocessing import preprocess_data
ModuleNotFoundError: No module named 'data_preprocessing_scripts'
[2026-08-14T16:16:59.892+0000] {processor.py:841} WARNING - No viable dags retrieved from /opt/airflow/dags/airflow.py
[2026-08-14T16:16:59.899+0000] {processor.py:179} INFO - Processing /opt/airflow/dags/airflow.py took 0.167 seconds
[2026-08-14T16:17:30.175+0000] {processor.py:157} INFO - Started process (PID=16042) to work on /opt/airflow/dags/airflow.py
[2026-08-14T16:17:30.176+0000] {processor.py:829} INFO - Processing file /opt/airflow/dags/airflow.py for tasks to queue
[2026-08-14T16:17:30.178+0000] {logging_mixin.py:151} INFO - [2026-08-14T16:17:30.178+0000] {dagbag.py:536} INFO - Filling up the DagBag from /opt/airflow/dags/airflow.py
[2026-08-14T16:17:30.250+0000] {logging_mixin.py:151} INFO - [2026-08-14T16:17:30.250+0000] {dagbag.py:346} ERROR - Failed to import: /opt/airflow/dags/airflow.py
Traceback (most recent call last):
  File "/home/airflow/.local/lib/python3.8/site-packages/airflow/models/dagbag.py", line 342, in parse
    loader.exec_module(new_module)
  File "<frozen importlib._bootstrap_external>", line 843, in exec_module
  File "<frozen importlib._bootstrap>", line 219, in _call_with_frames_removed
  File "/opt/airflow/dags/airflow.py", line 23, in <module>
    from data_preprocessing_scripts.preprocessing import preprocess_data
ModuleNotFoundError: No module named 'data_preprocessing_scripts'
[2026-08-14T16:17:30.251+0000] {processor.py:841} WARNING - No viable dags retrieved from /opt/airflow/dags/airflow.py
[2026-08-14T16:17:30.259+0000] {processor.py:179} INFO - Processing /opt/airflow/dags/airflow.py took 0.087 seconds
[2026-08-14T16:18:00.414+0000] {processor.py:157} INFO - Started process (PID=16050) to work on /opt/airflow/dags/airflow.py
[2026-08-14T16:18:00.416+0000] {processor.py:829} INFO - Processing file /opt/airflow/dags/airflow.py for tasks to queue
[2026-08-14T16:18:00.417+0000] {logging_mixin.py:151} INFO - [2026-08-14T16:18:00.417+0000] {dagbag.py:536} INFO - Filling up the DagBag from /opt/airflow/dags/airflow.py
[2026-08-14T16:18:00.488+0000] {logging_mixin.py:151} INFO - [2026-08-14T16:18:00.487+0000] {dagbag.py:346} ERROR - Failed to import: /opt/airflow/dags/airflow.py
Traceback (most recent call last):
  File "/home/airflow/.local/lib/python3.8/site-packages/airflow/models/dagbag.py", line 342, in parse
    loader.exec_module(new_module)
  File "<frozen importlib._bootstrap_external>", line 843, in exec_module
  File "<frozen importlib._bootstrap>", line 219, in _call_with_frames_removed
  File "/opt/airflow/dags/airflow.py", line 23, in <module>
    from data_preprocessing_scripts.preprocessing import preprocess_data
ModuleNotFoundError: No module named 'data_preprocessing_scripts'
[2026-08-14T16:18:00.488+0000] {processor.py:841} WARNING - No viable dags retrieved from /opt/airflow/dags/airflow.py
[2026-08-14T16:18:00.496+0000] {processor.py:179} INFO - Processing /opt/airflow/dags/airflow.py took 0.085 seconds
[2026-08-14T16:18:30.686+0000] {processor.py:157} INFO - Started process (PID=16058) to work on /opt/airflow/dags/airflow.py
[2026-08-14T16:18:30.687+0000] {processor.py:829} INFO - Processing file /opt/airflow/dags/airflow.py for tasks to queue
[2026-08-14T16:18:30.690+0000] {logging_mixin.py:151} INFO - [2026-08-14T16:18:30.689+0000] {dagbag.py:536} INFO - Filling up the DagBag from /opt/airflow/dags/airflow.py
[2026-08-14T16:18:30.757+0000] {logging_mixin.py:151} INFO - [2026-08-14T16:18:30.756+0000] {dagbag.py:346} ERROR - Failed to import: /opt/airflow/dags/airflow.py
Traceback (most recent call last):
  File "/home/airflow/.local/lib/python3.8/site-packages/airflow/models/dagbag.py", line 342, in parse
    loader.exec_module(new_module)
  File "<frozen importlib._bootstrap_external>", line 843, in exec_module
  File "<frozen importlib._bootstrap>", line 219, in _call_with_frames_removed
  File "/opt/airflow/dags/airflow.py", line 23, in <module>
    from data_preprocessing_scripts.preprocessing import preprocess_data
ModuleNotFoundError: No module named 'data_preprocessing_scripts'
[2026-08-14T16:18:30.758+0000] {processor.py:841} WARNING - No viable dags retrieved from /opt/airflow/dags/airflow.py
[2026-08-14T16:18:30.766+0000] {processor.py:179} INFO - Processing /opt/airflow/dags/airflow.py took 0.084 seconds
[2026-08-14T16:19:01.009+0000] {processor.py:157} INFO - Started process (PID=16066) to work on /opt/airflow/dags/airflow.py
[2026-08-14T16:19:01.011+0000] {processor.py:829} INFO - Processing file /opt/airflow/dags/airflow.py for tasks to queue
[2026-08-14T16:19:01.014+0000] {logging_mixin.py:151} INFO - [2026-08-14T16:19:01.013+0000] {dagbag.py:536} INFO - Filling up the DagBag from /opt/airflow/dags/airflow.py
[2026-08-14T16:19:01.095+0000] {logging_mixin.py:151} INFO - [2026-08-14T16:19:01.094+0000] {dagbag.py:346} ERROR - Failed to import: /opt/airflow/dags/airflow.py
Traceback (most recent call last):
  File "/home/airflow/.local/lib/python3.8/site-packages/airflow/models/dagbag.py", line 342, in parse
    loader.exec_module(new_module)
  File "<frozen importlib._bootstrap_external>", line 843, in exec_module
  File "<frozen importlib._bootstrap>", line 219, in _call_with_frames_removed
  File "/opt/airflow/dags/airflow.py", line 23, in <module>
    from data_preprocessing_scripts.preprocessing import preprocess_data
ModuleNotFoundError: No module named 'data_preprocessing_scripts'
[2026-08-14T16:19:01.095+0000] {processor.py:841} WARNING - No viable dags retrieved from /opt/airflow/dags/airflow.py
[2026-08-14T16:19:01.106+0000] {processor.py:179} INFO - Processing /opt/airflow/dags/airflow.py took 0.100 seconds
[2026-08-14T16:19:31.308+0000] {processor.py:157} INFO - Started process (PID=16073) to work on /opt/airflow/dags/airflow.py
[2026-08-14T16:19:31.309+0000] {processor.py:829} INFO - Processing file /opt/airflow/dags/airflow.py for tasks to queue
[2026-08-14T16:19:31.311+0000] {logging_mixin.py:151} INFO - [2026-08-14T16:19:31.311+0000] {dagbag.py:536} INFO - Filling up the DagBag from /opt/airflow/dags/airflow.py
[2026-08-14T16:19:31.372+0000] {logging_mixin.py:151} INFO - [2026-08-14T16:19:31.371+0000] {dagbag.py:346} ERROR - Failed to import: /opt/airflow/dags/airflow.py
Traceback (most recent call last):
  File "/home/airflow/.local/lib/python3.8/site-packages/airflow/models/dagbag.py", line 342, in parse
    loader.exec_module(new_module)
  File "<frozen importlib._bootstrap_external>", line 843, in exec_module
  File "<frozen importlib._bootstrap>", line 219, in _call_with_frames_removed
  File "/opt/airflow/dags/airflow.py", line 23, in <module>
    from data_preprocessing_scripts.preprocessing import preprocess_data
ModuleNotFoundError: No module named 'data_preprocessing_scripts'
[2026-08-14T16:19:31.372+0000] {processor.py:841} WARNING - No viable dags retrieved from /opt/airflow/dags/airflow.py
[2026-08-14T16:19:31.380+0000] {processor.py:179} INFO - Processing /opt/airflow/dags/airflow.py took 0.075 seconds
[2026-08-14T16:20:01.587+0000] {processor.py:157} INFO - Started process (PID=16081) to work on /opt/airflow/dags/airflow.py
[2026-08-14T16:20:01.588+0000] {processor.py:829} INFO - Processing file /opt/airflow/dags/airflow.py for tasks to queue
[2026-08-14T16:20:01.591+0000] {logging_mixin.py:151} INFO - [2026-08-14T16:20:01.591+0000] {dagbag.py:536} INFO - Filling up the DagBag from /opt/airflow/dags/airflow.py
[2026-08-14T16:20:01.666+0000] {logging_mixin.py:151} INFO - [2026-08-14T16:20:01.665+0000] {dagbag.py:346} ERROR - Failed to import: /opt/airflow/dags/airflow.py
Traceback (most recent call last):
  File "/home/airflow/.local/lib/python3.8/site-packages/airflow/models/dagbag.py", line 342, in parse
    loader.exec_module(new_module)
  File "<frozen importlib._bootstrap_external>", line 843, in exec_module
  File "<frozen importlib._bootstrap>", line 219, in _call_with_frames_removed
  File "/opt/airflow/dags/airflow.py", line 23, in <module>
    from data_preprocessing_scripts.preprocessing import preprocess_data
ModuleNotFoundError: No module named 'data_preprocessing_scripts'
[2026-08-14T16:20:01.666+0000] {processor.py:841} WARNING - No viable dags retrieved from /opt/airflow/dags/airflow.py
[2026-08-14T16:20:01.674+0000] {processor.py:179} INFO - Processing /opt/airflow/dags/airflow.py took 0.090 seconds
[2026-08-14T16:20:31.883+0000] {processor.py:157} INFO - Started process (PID=16090) to work on /opt/airflow/dags/airflow.py
[2026-08-14T16:20:31.885+0000] {processor.py:829} INFO - Processing file /opt/airflow/dags/airflow.py for tasks to queue
[2026-08-14T16:20:31.886+0000] {logging_mixin.py:151} INFO - [2026-08-14T16:20:31.886+0000] {dagbag.py:536} INFO - Filling up the DagBag from /opt/airflow/dags/airflow.py
[2026-08-14T16:20:31.947+0000] {logging_mixin.py:151} INFO - [2026-08-14T16:20:31.947+0000] {dagbag.py:346} ERROR - Failed to import: /opt/airflow/dags/airflow.py
Traceback (most recent call last):
  File "/home/airflow/.local/lib/python3.8/site-packages/airflow/models/dagbag.py", line 342, in parse
    loader.exec_module(new_module)
  File "<frozen importlib._bootstrap_external>", line 843, in exec_module
  File "<frozen importlib._bootstrap>", line 219, in _call_with_frames_removed
  File "/opt/airflow/dags/airflow.py", line 23, in <module>
    from data_preprocessing_scripts.preprocessing import preprocess_data
ModuleNotFoundError: No module named 'data_preprocessing_scripts'
[2026-08-14T16:20:31.948+0000] {processor.py:841} WARNING - No viable dags retrieved from /opt/airflow/dags/airflow.py
[2026-08-14T16:20:31.955+0000] {processor.py:179} INFO - Processing /opt/airflow/dags/airflow.py took 0.074 seconds
[2026-08-14T16:21:02.183+0000] {processor.py:157} INFO - Started process (PID=16098) to work on /opt/airflow/dags/airflow.py
[2026-08-14T16:21:02.184+0000] {processor.py:829} INFO - Processing file /opt/airflow/dags/airflow.py for tasks to queue
[2026-08-14T16:21:02.188+0000] {logging_mixin.py:151} INFO - [2026-08-14T16:21:02.188+0000] {dagbag.py:536} INFO - Filling up the DagBag from /opt/airflow/dags/airflow.py
[2026-08-14T16:21:02.263+0000] {logging_mixin.py:151} INFO - [2026-08-14T16:21:02.263+0000] {dagbag.py:346} ERROR - Failed to import: /opt/airflow/dags/airflow.py
Traceback (most recent call last):
  File "/home/airflow/.local/lib/python3.8/site-packages/airflow/models/dagbag.py", line 342, in parse
    loader.exec_module(new_module)
  File "<frozen importlib._bootstrap_external>", line 843, in exec_module
  File "<frozen importlib._bootstrap>", line 219, in _call_with_frames_removed
  File "/opt/airflow/dags/airflow.py", line 23, in <module>
    from data_preprocessing_scripts.preprocessing import preprocess_data
ModuleNotFoundError: No module named 'data_preprocessing_scripts'
[2026-08-14T16:21:02.264+0000] {processor.py:841} WARNING - No viable dags retrieved from /opt/airflow/dags/airflow.py
[2026-08-14T16:21:02.273+0000] {processor.py:179} INFO - Processing /opt/airflow/dags/airflow.py took 0.093 seconds
[2026-08-14T16:21:32.478+0000] {processor.py:157} INFO - Started process (PID=16106) to work on /opt/airflow/dags/airflow.py
[2026-08-14T16:21:32.482+0000] {processor.py:829} INFO - Processing file /opt/airflow/dags/airflow.py for tasks to queue
[2026-08-14T16:21:32.484+0000] {logging_mixin.py:151} INFO - [2026-08-14T16:21:32.483+0000] {dagbag.py:536} INFO - Filling up the DagBag from /opt/airflow/dags/airflow.py
[2026-08-14T16:21:32.556+0000] {logging_mixin.py:151} INFO - [2026-08-14T16:21:32.555+0000] {dagbag.py:346} ERROR - Failed to import: /opt/airflow/dags/airflow.py
Traceback (most recent call last):
  File "/home/airflow/.local/lib/python3.8/site-packages/airflow/models/dagbag.py", line 342, in parse
    loader.exec_module(new_module)
  File "<frozen importlib._bootstrap_external>", line 843, in exec_module
  File "<frozen importlib._bootstrap>", line 219, in _call_with_frames_removed
  File "/opt/airflow/dags/airflow.py", line 23, in <module>
    from data_preprocessing_scripts.preprocessing import preprocess_data
ModuleNotFoundError: No module named 'data_preprocessing_scripts'
[2026-08-14T16:21:32.556+0000] {processor.py:841} WARNING - No viable dags retrieved from /opt/airflow/dags/airflow.py
[2026-08-14T16:21:32.565+0000] {processor.py:179} INFO - Processing /opt/airflow/dags/airflow.py took 0.091 seconds
[2026-08-14T16:22:02.765+0000] {processor.py:157} INFO - Started process (PID=16114) to work on /opt/airflow/dags/airflow.py
[2026-08-14T16:22:02.766+0000] {processor.py:829} INFO - Processing file /opt/airflow/dags/airflow.py for tasks to queue
[2026-08-14T16:22:02.768+0000] {logging_mixin.py:151} INFO - [2026-08-14T16:22:02.768+0000] {dagbag.py:536} INFO - Filling up the DagBag from /opt/airflow/dags/airflow.py
[2026-08-14T16:22:02.839+0000] {logging_mixin.py:151} INFO - [2026-08-14T16:22:02.839+0000] {dagbag.py:346} ERROR - Failed to import: /opt/airflow/dags/airflow.py
Traceback (most recent call last):
  File "/home/airflow/.local/lib/python3.8/site-packages/airflow/models/dagbag.py", line 342, in parse
    loader.exec_module(new_module)
  File "<frozen importlib._bootstrap_external>", line 843, in exec_module
  File "<frozen importlib._bootstrap>", line 219, in _call_with_frames_removed
  File "/opt/airflow/dags/airflow.py", line 23, in <module>
    from data_preprocessing_scripts.preprocessing import preprocess_data
ModuleNotFoundError: No module named 'data_preprocessing_scripts'
[2026-08-14T16:22:02.840+0000] {processor.py:841} WARNING - No viable dags retrieved from /opt/airflow/dags/airflow.py
[2026-08-14T16:22:02.849+0000] {processor.py:179} INFO - Processing /opt/airflow/dags/airflow.py took 0.086 seconds
[2026-08-14T16:22:33.069+0000] {processor.py:157} INFO - Started process (PID=16122) to work on /opt/airflow/dags/airflow.py
[2026-08-14T16:22:33.069+0000] {processor.py:829} INFO - Processing file /opt/airflow/dags/airflow.py for tasks to queue
[2026-08-14T16:22:33.071+0000] {logging_mixin.py:151} INFO - [2026-08-14T16:22:33.071+0000] {dagbag.py:536} INFO - Filling up the DagBag from /opt/airflow/dags/airflow.py
[2026-08-14T16:22:33.140+0000] {logging_mixin.py:151} INFO - [2026-08-14T16:22:33.139+0000] {dagbag.py:346} ERROR - Failed to import: /opt/airflow/dags/airflow.py
Traceback (most recent call last):
  File "/home/airflow/.local/lib/python3.8/site-packages/airflow/models/dagbag.py", line 342, in parse
    loader.exec_module(new_module)
  File "<frozen importlib._bootstrap_external>", line 843, in exec_module
  File "<frozen importlib._bootstrap>", line 219, in _call_with_frames_removed
  File "/opt/airflow/dags/airflow.py", line 23, in <module>
    from data_preprocessing_scripts.preprocessing import preprocess_data
ModuleNotFoundError: No module named 'data_preprocessing_scripts'
[2026-08-14T16:22:33.140+0000] {processor.py:841} WARNING - No viable dags retrieved from /opt/airflow/dags/airflow.py
[2026-08-14T16:22:33.149+0000] {processor.py:179} INFO - Processing /opt/airflow/dags/airflow.py took 0.083 seconds
[2026-08-14T16:23:03.392+0000] {processor.py:157} INFO - Started process (PID=16130) to work on /opt/airflow/dags/airflow.py
[2026-08-14T16:23:03.393+0000] {processor.py:829} INFO - Processing file /opt/airflow/dags/airflow.py for tasks to queue
[2026-08-14T16:23:03.395+0000] {logging_mixin.py:151} INFO - [2026-08-14T16:23:03.395+0000] {dagbag.py:536} INFO - Filling up the DagBag from /opt/airflow/dags/airflow.py
[2026-08-14T16:23:03.464+0000] {logging_mixin.py:151} INFO - [2026-08-14T16:23:03.464+0000] {dagbag.py:346} ERROR - Failed to import: /opt/airflow/dags/airflow.py
Traceback (most recent call last):
  File "/home/airflow/.local/lib/python3.8/site-packages/airflow/models/dagbag.py", line 342, in parse
    loader.exec_module(new_module)
  File "<frozen importlib._bootstrap_external>", line 843, in exec_module
  File "<frozen importlib._bootstrap>", line 219, in _call_with_frames_removed
  File "/opt/airflow/dags/airflow.py", line 23, in <module>
    from data_preprocessing_scripts.preprocessing import preprocess_data
ModuleNotFoundError: No module named 'data_preprocessing_scripts'
[2026-08-14T16:23:03.465+0000] {processor.py:841} WARNING - No viable dags retrieved from /opt/airflow/dags/airflow.py
[2026-08-14T16:23:03.473+0000] {processor.py:179} INFO - Processing /opt/airflow/dags/airflow.py took 0.083 seconds
[2026-08-14T16:23:33.685+0000] {processor.py:157} INFO - Started process (PID=16138) to work on /opt/airflow/dags/airflow.py
[2026-08-14T16:23:33.686+0000] {processor.py:829} INFO - Processing file /opt/airflow/dags/airflow.py for tasks to queue
[2026-08-14T16:23:33.689+0000] {logging_mixin.py:151} INFO - [2026-08-14T16:23:33.688+0000] {dagbag.py:536} INFO - Filling up the DagBag from /opt/airflow/dags/airflow.py
[2026-08-14T16:23:33.763+0000] {logging_mixin.py:151} INFO - [2026-08-14T16:23:33.763+0000] {dagbag.py:346} ERROR - Failed to import: /opt/airflow/dags/airflow.py
Traceback (most recent call last):
  File "/home/airflow/.local/lib/python3.8/site-packages/airflow/models/dagbag.py", line 342, in parse
    loader.exec_module(new_module)
  File "<frozen importlib._bootstrap_external>", line 843, in exec_module
  File "<frozen importlib._bootstrap>", line 219, in _call_with_frames_removed
  File "/opt/airflow/dags/airflow.py", line 23, in <module>
    from data_preprocessing_scripts.preprocessing import preprocess_data
ModuleNotFoundError: No module named 'data_preprocessing_scripts'
[2026-08-14T16:23:33.764+0000] {processor.py:841} WARNING - No viable dags retrieved from /opt/airflow/dags/airflow.py
[2026-08-14T16:23:33.771+0000] {processor.py:179} INFO - Processing /opt/airflow/dags/airflow.py took 0.089 seconds
[2026-08-14T16:24:03.961+0000] {processor.py:157} INFO - Started process (PID=16146) to work on /opt/airflow/dags/airflow.py
[2026-08-14T16:24:03.963+0000] {processor.py:829} INFO - Processing file /opt/airflow/dags/airflow.py for tasks to queue
[2026-08-14T16:24:03.966+0000] {logging_mixin.py:151} INFO - [2026-08-14T16:24:03.965+0000] {dagbag.py:536} INFO - Filling up the DagBag from /opt/airflow/dags/airflow.py
[2026-08-14T16:24:04.030+0000] {logging_mixin.py:151} INFO - [2026-08-14T16:24:04.030+0000] {dagbag.py:346} ERROR - Failed to import: /opt/airflow/dags/airflow.py
Traceback (most recent call last):
  File "/home/airflow/.local/lib/python3.8/site-packages/airflow/models/dagbag.py", line 342, in parse
    loader.exec_module(new_module)
  File "<frozen importlib._bootstrap_external>", line 843, in exec_module
  File "<frozen importlib._bootstrap>", line 219, in _call_with_frames_removed
  File "/opt/airflow/dags/airflow.py", line 23, in <module>
    from data_preprocessing_scripts.preprocessing import preprocess_data
ModuleNotFoundError: No module named 'data_preprocessing_scripts'
[2026-08-14T16:24:04.030+0000] {processor.py:841} WARNING - No viable dags retrieved from /opt/airflow/dags/airflow.py
[2026-08-14T16:24:04.039+0000] {processor.py:179} INFO - Processing /opt/airflow/dags/airflow.py took 0.082 seconds
[2026-08-14T16:24:34.269+0000] {processor.py:157} INFO - Started process (PID=16154) to work on /opt/airflow/dags/airflow.py
[2026-08-14T16:24:34.271+0000] {processor.py:829} INFO - Processing file /opt/airflow/dags/airflow.py for tasks to queue
[2026-08-14T16:24:34.272+0000] {logging_mixin.py:151} INFO - [2026-08-14T16:24:34.272+0000] {dagbag.py:536} INFO - Filling up the DagBag from /opt/airflow/dags/airflow.py
[2026-08-14T16:24:34.332+0000] {logging_mixin.py:151} INFO - [2026-08-14T16:24:34.332+0000] {dagbag.py:346} ERROR - Failed to import: /opt/airflow/dags/airflow.py
Traceback (most recent call last):
  File "/home/airflow/.local/lib/python3.8/site-packages/airflow/models/dagbag.py", line 342, in parse
    loader.exec_module(new_module)
  File "<frozen importlib._bootstrap_external>", line 843, in exec_module
  File "<frozen importlib._bootstrap>", line 219, in _call_with_frames_removed
  File "/opt/airflow/dags/airflow.py", line 23, in <module>
    from data_preprocessing_scripts.preprocessing import preprocess_data
ModuleNotFoundError: No module named 'data_preprocessing_scripts'
[2026-08-14T16:24:34.333+0000] {processor.py:841} WARNING - No viable dags retrieved from /opt/airflow/dags/airflow.py
[2026-08-14T16:24:34.340+0000] {processor.py:179} INFO - Processing /opt/airflow/dags/airflow.py took 0.073 seconds
[2026-08-14T16:25:04.609+0000] {processor.py:157} INFO - Started process (PID=16162) to work on /opt/airflow/dags/airflow.py
[2026-08-14T16:25:04.611+0000] {processor.py:829} INFO - Processing file /opt/airflow/dags/airflow.py for tasks to queue
[2026-08-14T16:25:04.613+0000] {logging_mixin.py:151} INFO - [2026-08-14T16:25:04.613+0000] {dagbag.py:536} INFO - Filling up the DagBag from /opt/airflow/dags/airflow.py
[2026-08-14T16:25:04.678+0000] {logging_mixin.py:151} INFO - [2026-08-14T16:25:04.677+0000] {dagbag.py:346} ERROR - Failed to import: /opt/airflow/dags/airflow.py
Traceback (most recent call last):
  File "/home/airflow/.local/lib/python3.8/site-packages/airflow/models/dagbag.py", line 342, in parse
    loader.exec_module(new_module)
  File "<frozen importlib._bootstrap_external>", line 843, in exec_module
  File "<frozen importlib._bootstrap>", line 219, in _call_with_frames_removed
  File "/opt/airflow/dags/airflow.py", line 23, in <module>
    from data_preprocessing_scripts.preprocessing import preprocess_data
ModuleNotFoundError: No module named 'data_preprocessing_scripts'
[2026-08-14T16:25:04.678+0000] {processor.py:841} WARNING - No viable dags retrieved from /opt/airflow/dags/airflow.py
[2026-08-14T16:25:04.686+0000] {processor.py:179} INFO - Processing /opt/airflow/dags/airflow.py took 0.080 seconds
[2026-08-14T16:25:34.921+0000] {processor.py:157} INFO - Started process (PID=16170) to work on /opt/airflow/dags/airflow.py
[2026-08-14T16:25:34.922+0000] {processor.py:829} INFO - Processing file /opt/airflow/dags/airflow.py for tasks to queue
[2026-08-14T16:25:34.925+0000] {logging_mixin.py:151} INFO - [2026-08-14T16:25:34.925+0000] {dagbag.py:536} INFO - Filling up the DagBag from /opt/airflow/dags/airflow.py
[2026-08-14T16:25:34.991+0000] {logging_mixin.py:151} INFO - [2026-08-14T16:25:34.990+0000] {dagbag.py:346} ERROR - Failed to import: /opt/airflow/dags/airflow.py
Traceback (most recent call last):
  File "/home/airflow/.local/lib/python3.8/site-packages/airflow/models/dagbag.py", line 342, in parse
    loader.exec_module(new_module)
  File "<frozen importlib._bootstrap_external>", line 843, in exec_module
  File "<frozen importlib._bootstrap>", line 219, in _call_with_frames_removed
  File "/opt/airflow/dags/airflow.py", line 23, in <module>
    from data_preprocessing_scripts.preprocessing import preprocess_data
ModuleNotFoundError: No module named 'data_preprocessing_scripts'
[2026-08-14T16:25:34.991+0000] {processor.py:841} WARNING - No viable dags retrieved from /opt/airflow/dags/airflow.py
[2026-08-14T16:25:34.998+0000] {processor.py:179} INFO - Processing /opt/airflow/dags/airflow.py took 0.080 seconds
[2026-08-14T16:26:05.271+0000] {processor.py:157} INFO - Started process (PID=16178) to work on /opt/airflow/dags/airflow.py
[2026-08-14T16:26:05.272+0000] {processor.py:829} INFO - Processing file /opt/airflow/dags/airflow.py for tasks to queue
[2026-08-14T16:26:05.275+0000] {logging_mixin.py:151} INFO - [2026-08-14T16:26:05.275+0000] {dagbag.py:536} INFO - Filling up the DagBag from /opt/airflow/dags/airflow.py
[2026-08-14T16:26:05.340+0000] {logging_mixin.py:151} INFO - [2026-08-14T16:26:05.339+0000] {dagbag.py:346} ERROR - Failed to import: /opt/airflow/dags/airflow.py
Traceback (most recent call last):
  File "/home/airflow/.local/lib/python3.8/site-packages/airflow/models/dagbag.py", line 342, in parse
    loader.exec_module(new_module)
  File "<frozen importlib._bootstrap_external>", line 843, in exec_module
  File "<frozen importlib._bootstrap>", line 219, in _call_with_frames_removed
  File "/opt/airflow/dags/airflow.py", line 23, in <module>
    from data_preprocessing_scripts.preprocessing import preprocess_data
ModuleNotFoundError: No module named 'data_preprocessing_scripts'
[2026-08-14T16:26:05.340+0000] {processor.py:841} WARNING - No viable dags retrieved from /opt/airflow/dags/airflow.py
[2026-08-14T16:26:05.348+0000] {processor.py:179} INFO - Processing /opt/airflow/dags/airflow.py took 0.081 seconds
[2026-08-14T16:26:35.605+0000] {processor.py:157} INFO - Started process (PID=16186) to work on /opt/airflow/dags/airflow.py
[2026-08-14T16:26:35.607+0000] {processor.py:829} INFO - Processing file /opt/airflow/dags/airflow.py for tasks to queue
[2026-08-14T16:26:35.609+0000] {logging_mixin.py:151} INFO - [2026-08-14T16:26:35.608+0000] {dagbag.py:536} INFO - Filling up the DagBag from /opt/airflow/dags/airflow.py
[2026-08-14T16:26:35.668+0000] {logging_mixin.py:151} INFO - [2026-08-14T16:26:35.667+0000] {dagbag.py:346} ERROR - Failed to import: /opt/airflow/dags/airflow.py
Traceback (most recent call last):
  File "/home/airflow/.local/lib/python3.8/site-packages/airflow/models/dagbag.py", line 342, in parse
    loader.exec_module(new_module)
  File "<frozen importlib._bootstrap_external>", line 843, in exec_module
  File "<frozen importlib._bootstrap>", line 219, in _call_with_frames_removed
  File "/opt/airflow/dags/airflow.py", line 23, in <module>
    from data_preprocessing_scripts.preprocessing import preprocess_data
ModuleNotFoundError: No module named 'data_preprocessing_scripts'
[2026-08-14T16:26:35.668+0000] {processor.py:841} WARNING - No viable dags retrieved from /opt/airflow/dags/airflow.py
[2026-08-14T16:26:35.676+0000] {processor.py:179} INFO - Processing /opt/airflow/dags/airflow.py took 0.073 seconds
[2026-08-14T16:27:05.890+0000] {processor.py:157} INFO - Started process (PID=16194) to work on /opt/airflow/dags/airflow.py
[2026-08-14T16:27:05.891+0000] {processor.py:829} INFO - Processing file /opt/airflow/dags/airflow.py for tasks to queue
[2026-08-14T16:27:05.894+0000] {logging_mixin.py:151} INFO - [2026-08-14T16:27:05.894+0000] {dagbag.py:536} INFO - Filling up the DagBag from /opt/airflow/dags/airflow.py
[2026-08-14T16:27:05.958+0000] {logging_mixin.py:151} INFO - [2026-08-14T16:27:05.957+0000] {dagbag.py:346} ERROR - Failed to import: /opt/airflow/dags/airflow.py
Traceback (most recent call last):
  File "/home/airflow/.local/lib/python3.8/site-packages/airflow/models/dagbag.py", line 342, in parse
    loader.exec_module(new_module)
  File "<frozen importlib._bootstrap_external>", line 843, in exec_module
  File "<frozen importlib._bootstrap>", line 219, in _call_with_frames_removed
  File "/opt/airflow/dags/airflow.py", line 23, in <module>
    from data_preprocessing_scripts.preprocessing import preprocess_data
ModuleNotFoundError: No module named 'data_preprocessing_scripts'
[2026-08-14T16:27:05.958+0000] {processor.py:841} WARNING - No viable dags retrieved from /opt/airflow/dags/airflow.py
[2026-08-14T16:27:05.965+0000] {processor.py:179} INFO - Processing /opt/airflow/dags/airflow.py took 0.079 seconds
[2026-08-14T16:27:36.254+0000] {processor.py:157} INFO - Started process (PID=16202) to work on /opt/airflow/dags/airflow.py
[2026-08-14T16:27:36.255+0000] {processor.py:829} INFO - Processing file /opt/airflow/dags/airflow.py for tasks to queue
[2026-08-14T16:27:36.257+0000] {logging_mixin.py:151} INFO - [2026-08-14T16:27:36.257+0000] {dagbag.py:536} INFO - Filling up the DagBag from /opt/airflow/dags/airflow.py
[2026-08-14T16:27:36.322+0000] {logging_mixin.py:151} INFO - [2026-08-14T16:27:36.321+0000] {dagbag.py:346} ERROR - Failed to import: /opt/airflow/dags/airflow.py
Traceback (most recent call last):
  File "/home/airflow/.local/lib/python3.8/site-packages/airflow/models/dagbag.py", line 342, in parse
    loader.exec_module(new_module)
  File "<frozen importlib._bootstrap_external>", line 843, in exec_module
  File "<frozen importlib._bootstrap>", line 219, in _call_with_frames_removed
  File "/opt/airflow/dags/airflow.py", line 23, in <module>
    from data_preprocessing_scripts.preprocessing import preprocess_data
ModuleNotFoundError: No module named 'data_preprocessing_scripts'
[2026-08-14T16:27:36.322+0000] {processor.py:841} WARNING - No viable dags retrieved from /opt/airflow/dags/airflow.py
[2026-08-14T16:27:36.329+0000] {processor.py:179} INFO - Processing /opt/airflow/dags/airflow.py took 0.078 seconds
[2026-08-14T16:28:06.587+0000] {processor.py:157} INFO - Started process (PID=16210) to work on /opt/airflow/dags/airflow.py
[2026-08-14T16:28:06.588+0000] {processor.py:829} INFO - Processing file /opt/airflow/dags/airflow.py for tasks to queue
[2026-08-14T16:28:06.590+0000] {logging_mixin.py:151} INFO - [2026-08-14T16:28:06.590+0000] {dagbag.py:536} INFO - Filling up the DagBag from /opt/airflow/dags/airflow.py
[2026-08-14T16:28:06.656+0000] {logging_mixin.py:151} INFO - [2026-08-14T16:28:06.655+0000] {dagbag.py:346} ERROR - Failed to import: /opt/airflow/dags/airflow.py
Traceback (most recent call last):
  File "/home/airflow/.local/lib/python3.8/site-packages/airflow/models/dagbag.py", line 342, in parse
    loader.exec_module(new_module)
  File "<frozen importlib._bootstrap_external>", line 843, in exec_module
  File "<frozen importlib._bootstrap>", line 219, in _call_with_frames_removed
  File "/opt/airflow/dags/airflow.py", line 23, in <module>
    from data_preprocessing_scripts.preprocessing import preprocess_data
ModuleNotFoundError: No module named 'data_preprocessing_scripts'
[2026-08-14T16:28:06.656+0000] {processor.py:841} WARNING - No viable dags retrieved from /opt/airflow/dags/airflow.py
[2026-08-14T16:28:06.663+0000] {processor.py:179} INFO - Processing /opt/airflow/dags/airflow.py took 0.080 seconds
[2026-08-14T16:28:36.893+0000] {processor.py:157} INFO - Started process (PID=16218) to work on /opt/airflow/dags/airflow.py
[2026-08-14T16:28:36.894+0000] {processor.py:829} INFO - Processing file /opt/airflow/dags/airflow.py for tasks to queue
[2026-08-14T16:28:36.897+0000] {logging_mixin.py:151} INFO - [2026-08-14T16:28:36.896+0000] {dagbag.py:536} INFO - Filling up the DagBag from /opt/airflow/dags/airflow.py
[2026-08-14T16:28:36.957+0000] {logging_mixin.py:151} INFO - [2026-08-14T16:28:36.956+0000] {dagbag.py:346} ERROR - Failed to import: /opt/airflow/dags/airflow.py
Traceback (most recent call last):
  File "/home/airflow/.local/lib/python3.8/site-packages/airflow/models/dagbag.py", line 342, in parse
    loader.exec_module(new_module)
  File "<frozen importlib._bootstrap_external>", line 843, in exec_module
  File "<frozen importlib._bootstrap>", line 219, in _call_with_frames_removed
  File "/opt/airflow/dags/airflow.py", line 23, in <module>
    from data_preprocessing_scripts.preprocessing import preprocess_data
ModuleNotFoundError: No module named 'data_preprocessing_scripts'
[2026-08-14T16:28:36.957+0000] {processor.py:841} WARNING - No viable dags retrieved from /opt/airflow/dags/airflow.py
[2026-08-14T16:28:36.964+0000] {processor.py:179} INFO - Processing /opt/airflow/dags/airflow.py took 0.074 seconds
[2026-08-14T16:29:07.199+0000] {processor.py:157} INFO - Started process (PID=16226) to work on /opt/airflow/dags/airflow.py
[2026-08-14T16:29:07.200+0000] {processor.py:829} INFO - Processing file /opt/airflow/dags/airflow.py for tasks to queue
[2026-08-14T16:29:07.203+0000] {logging_mixin.py:151} INFO - [2026-08-14T16:29:07.202+0000] {dagbag.py:536} INFO - Filling up the DagBag from /opt/airflow/dags/airflow.py
[2026-08-14T16:29:07.266+0000] {logging_mixin.py:151} INFO - [2026-08-14T16:29:07.265+0000] {dagbag.py:346} ERROR - Failed to import: /opt/airflow/dags/airflow.py
Traceback (most recent call last):
  File "/home/airflow/.local/lib/python3.8/site-packages/airflow/models/dagbag.py", line 342, in parse
    loader.exec_module(new_module)
  File "<frozen importlib._bootstrap_external>", line 843, in exec_module
  File "<frozen importlib._bootstrap>", line 219, in _call_with_frames_removed
  File "/opt/airflow/dags/airflow.py", line 23, in <module>
    from data_preprocessing_scripts.preprocessing import preprocess_data
ModuleNotFoundError: No module named 'data_preprocessing_scripts'
[2026-08-14T16:29:07.266+0000] {processor.py:841} WARNING - No viable dags retrieved from /opt/airflow/dags/airflow.py
[2026-08-14T16:29:07.274+0000] {processor.py:179} INFO - Processing /opt/airflow/dags/airflow.py took 0.079 seconds
[2026-08-14T16:29:37.525+0000] {processor.py:157} INFO - Started process (PID=16234) to work on /opt/airflow/dags/airflow.py
[2026-08-14T16:29:37.526+0000] {processor.py:829} INFO - Processing file /opt/airflow/dags/airflow.py for tasks to queue
[2026-08-14T16:29:37.530+0000] {logging_mixin.py:151} INFO - [2026-08-14T16:29:37.530+0000] {dagbag.py:536} INFO - Filling up the DagBag from /opt/airflow/dags/airflow.py
[2026-08-14T16:29:37.606+0000] {logging_mixin.py:151} INFO - [2026-08-14T16:29:37.606+0000] {dagbag.py:346} ERROR - Failed to import: /opt/airflow/dags/airflow.py
Traceback (most recent call last):
  File "/home/airflow/.local/lib/python3.8/site-packages/airflow/models/dagbag.py", line 342, in parse
    loader.exec_module(new_module)
  File "<frozen importlib._bootstrap_external>", line 843, in exec_module
  File "<frozen importlib._bootstrap>", line 219, in _call_with_frames_removed
  File "/opt/airflow/dags/airflow.py", line 23, in <module>
    from data_preprocessing_scripts.preprocessing import preprocess_data
ModuleNotFoundError: No module named 'data_preprocessing_scripts'
[2026-08-14T16:29:37.607+0000] {processor.py:841} WARNING - No viable dags retrieved from /opt/airflow/dags/airflow.py
[2026-08-14T16:29:37.614+0000] {processor.py:179} INFO - Processing /opt/airflow/dags/airflow.py took 0.094 seconds
[2026-08-14T16:30:07.896+0000] {processor.py:157} INFO - Started process (PID=16242) to work on /opt/airflow/dags/airflow.py
[2026-08-14T16:30:07.898+0000] {processor.py:829} INFO - Processing file /opt/airflow/dags/airflow.py for tasks to queue
[2026-08-14T16:30:07.900+0000] {logging_mixin.py:151} INFO - [2026-08-14T16:30:07.900+0000] {dagbag.py:536} INFO - Filling up the DagBag from /opt/airflow/dags/airflow.py
[2026-08-14T16:30:07.967+0000] {logging_mixin.py:151} INFO - [2026-08-14T16:30:07.966+0000] {dagbag.py:346} ERROR - Failed to import: /opt/airflow/dags/airflow.py
Traceback (most recent call last):
  File "/home/airflow/.local/lib/python3.8/site-packages/airflow/models/dagbag.py", line 342, in parse
    loader.exec_module(new_module)
  File "<frozen importlib._bootstrap_external>", line 843, in exec_module
  File "<frozen importlib._bootstrap>", line 219, in _call_with_frames_removed
  File "/opt/airflow/dags/airflow.py", line 23, in <module>
    from data_preprocessing_scripts.preprocessing import preprocess_data
ModuleNotFoundError: No module named 'data_preprocessing_scripts'
[2026-08-14T16:30:07.967+0000] {processor.py:841} WARNING - No viable dags retrieved from /opt/airflow/dags/airflow.py
[2026-08-14T16:30:07.974+0000] {processor.py:179} INFO - Processing /opt/airflow/dags/airflow.py took 0.083 seconds
[2026-08-14T16:30:38.310+0000] {processor.py:157} INFO - Started process (PID=16250) to work on /opt/airflow/dags/airflow.py
[2026-08-14T16:30:38.311+0000] {processor.py:829} INFO - Processing file /opt/airflow/dags/airflow.py for tasks to queue
[2026-08-14T16:30:38.314+0000] {logging_mixin.py:151} INFO - [2026-08-14T16:30:38.314+0000] {dagbag.py:536} INFO - Filling up the DagBag from /opt/airflow/dags/airflow.py
[2026-08-14T16:30:38.378+0000] {logging_mixin.py:151} INFO - [2026-08-14T16:30:38.377+0000] {dagbag.py:346} ERROR - Failed to import: /opt/airflow/dags/airflow.py
Traceback (most recent call last):
  File "/home/airflow/.local/lib/python3.8/site-packages/airflow/models/dagbag.py", line 342, in parse
    loader.exec_module(new_module)
  File "<frozen importlib._bootstrap_external>", line 843, in exec_module
  File "<frozen importlib._bootstrap>", line 219, in _call_with_frames_removed
  File "/opt/airflow/dags/airflow.py", line 23, in <module>
    from data_preprocessing_scripts.preprocessing import preprocess_data
ModuleNotFoundError: No module named 'data_preprocessing_scripts'
[2026-08-14T16:30:38.378+0000] {processor.py:841} WARNING - No viable dags retrieved from /opt/airflow/dags/airflow.py
[2026-08-14T16:30:38.385+0000] {processor.py:179} INFO - Processing /opt/airflow/dags/airflow.py took 0.078 seconds
[2026-08-14T16:31:08.673+0000] {processor.py:157} INFO - Started process (PID=16258) to work on /opt/airflow/dags/airflow.py
[2026-08-14T16:31:08.674+0000] {processor.py:829} INFO - Processing file /opt/airflow/dags/airflow.py for tasks to queue
[2026-08-14T16:31:08.676+0000] {logging_mixin.py:151} INFO - [2026-08-14T16:31:08.676+0000] {dagbag.py:536} INFO - Filling up the DagBag from /opt/airflow/dags/airflow.py
[2026-08-14T16:31:08.743+0000] {logging_mixin.py:151} INFO - [2026-08-14T16:31:08.742+0000] {dagbag.py:346} ERROR - Failed to import: /opt/airflow/dags/airflow.py
Traceback (most recent call last):
  File "/home/airflow/.local/lib/python3.8/site-packages/airflow/models/dagbag.py", line 342, in parse
    loader.exec_module(new_module)
  File "<frozen importlib._bootstrap_external>", line 843, in exec_module
  File "<frozen importlib._bootstrap>", line 219, in _call_with_frames_removed
  File "/opt/airflow/dags/airflow.py", line 23, in <module>
    from data_preprocessing_scripts.preprocessing import preprocess_data
ModuleNotFoundError: No module named 'data_preprocessing_scripts'
[2026-08-14T16:31:08.743+0000] {processor.py:841} WARNING - No viable dags retrieved from /opt/airflow/dags/airflow.py
[2026-08-14T16:31:08.750+0000] {processor.py:179} INFO - Processing /opt/airflow/dags/airflow.py took 0.082 seconds
[2026-08-14T16:31:39.032+0000] {processor.py:157} INFO - Started process (PID=16266) to work on /opt/airflow/dags/airflow.py
[2026-08-14T16:31:39.033+0000] {processor.py:829} INFO - Processing file /opt/airflow/dags/airflow.py for tasks to queue
[2026-08-14T16:31:39.035+0000] {logging_mixin.py:151} INFO - [2026-08-14T16:31:39.035+0000] {dagbag.py:536} INFO - Filling up the DagBag from /opt/airflow/dags/airflow.py
[2026-08-14T16:31:39.092+0000] {logging_mixin.py:151} INFO - [2026-08-14T16:31:39.091+0000] {dagbag.py:346} ERROR - Failed to import: /opt/airflow/dags/airflow.py
Traceback (most recent call last):
  File "/home/airflow/.local/lib/python3.8/site-packages/airflow/models/dagbag.py", line 342, in parse
    loader.exec_module(new_module)
  File "<frozen importlib._bootstrap_external>", line 843, in exec_module
  File "<frozen importlib._bootstrap>", line 219, in _call_with_frames_removed
  File "/opt/airflow/dags/airflow.py", line 23, in <module>
    from data_preprocessing_scripts.preprocessing import preprocess_data
ModuleNotFoundError: No module named 'data_preprocessing_scripts'
[2026-08-14T16:31:39.092+0000] {processor.py:841} WARNING - No viable dags retrieved from /opt/airflow/dags/airflow.py
[2026-08-14T16:31:39.100+0000] {processor.py:179} INFO - Processing /opt/airflow/dags/airflow.py took 0.070 seconds
[2026-08-14T16:32:09.446+0000] {processor.py:157} INFO - Started process (PID=16274) to work on /opt/airflow/dags/airflow.py
[2026-08-14T16:32:09.447+0000] {processor.py:829} INFO - Processing file /opt/airflow/dags/airflow.py for tasks to queue
[2026-08-14T16:32:09.449+0000] {logging_mixin.py:151} INFO - [2026-08-14T16:32:09.449+0000] {dagbag.py:536} INFO - Filling up the DagBag from /opt/airflow/dags/airflow.py
[2026-08-14T16:32:09.505+0000] {logging_mixin.py:151} INFO - [2026-08-14T16:32:09.504+0000] {dagbag.py:346} ERROR - Failed to import: /opt/airflow/dags/airflow.py
Traceback (most recent call last):
  File "/home/airflow/.local/lib/python3.8/site-packages/airflow/models/dagbag.py", line 342, in parse
    loader.exec_module(new_module)
  File "<frozen importlib._bootstrap_external>", line 843, in exec_module
  File "<frozen importlib._bootstrap>", line 219, in _call_with_frames_removed
  File "/opt/airflow/dags/airflow.py", line 23, in <module>
    from data_preprocessing_scripts.preprocessing import preprocess_data
ModuleNotFoundError: No module named 'data_preprocessing_scripts'
[2026-08-14T16:32:09.505+0000] {processor.py:841} WARNING - No viable dags retrieved from /opt/airflow/dags/airflow.py
[2026-08-14T16:32:09.512+0000] {processor.py:179} INFO - Processing /opt/airflow/dags/airflow.py took 0.068 seconds
[2026-08-14T16:32:39.783+0000] {processor.py:157} INFO - Started process (PID=16282) to work on /opt/airflow/dags/airflow.py
[2026-08-14T16:32:39.783+0000] {processor.py:829} INFO - Processing file /opt/airflow/dags/airflow.py for tasks to queue
[2026-08-14T16:32:39.786+0000] {logging_mixin.py:151} INFO - [2026-08-14T16:32:39.786+0000] {dagbag.py:536} INFO - Filling up the DagBag from /opt/airflow/dags/airflow.py
[2026-08-14T16:32:39.852+0000] {logging_mixin.py:151} INFO - [2026-08-14T16:32:39.851+0000] {dagbag.py:346} ERROR - Failed to import: /opt/airflow/dags/airflow.py
Traceback (most recent call last):
  File "/home/airflow/.local/lib/python3.8/site-packages/airflow/models/dagbag.py", line 342, in parse
    loader.exec_module(new_module)
  File "<frozen importlib._bootstrap_external>", line 843, in exec_module
  File "<frozen importlib._bootstrap>", line 219, in _call_with_frames_removed
  File "/opt/airflow/dags/airflow.py", line 23, in <module>
    from data_preprocessing_scripts.preprocessing import preprocess_data
ModuleNotFoundError: No module named 'data_preprocessing_scripts'
[2026-08-14T16:32:39.852+0000] {processor.py:841} WARNING - No viable dags retrieved from /opt/airflow/dags/airflow.py
[2026-08-14T16:32:39.859+0000] {processor.py:179} INFO - Processing /opt/airflow/dags/airflow.py took 0.080 seconds
[2026-08-14T16:33:10.176+0000] {processor.py:157} INFO - Started process (PID=16290) to work on /opt/airflow/dags/airflow.py
[2026-08-14T16:33:10.176+0000] {processor.py:829} INFO - Processing file /opt/airflow/dags/airflow.py for tasks to queue
[2026-08-14T16:33:10.179+0000] {logging_mixin.py:151} INFO - [2026-08-14T16:33:10.179+0000] {dagbag.py:536} INFO - Filling up the DagBag from /opt/airflow/dags/airflow.py
[2026-08-14T16:33:10.247+0000] {logging_mixin.py:151} INFO - [2026-08-14T16:33:10.247+0000] {dagbag.py:346} ERROR - Failed to import: /opt/airflow/dags/airflow.py
Traceback (most recent call last):
  File "/home/airflow/.local/lib/python3.8/site-packages/airflow/models/dagbag.py", line 342, in parse
    loader.exec_module(new_module)
  File "<frozen importlib._bootstrap_external>", line 843, in exec_module
  File "<frozen importlib._bootstrap>", line 219, in _call_with_frames_removed
  File "/opt/airflow/dags/airflow.py", line 23, in <module>
    from data_preprocessing_scripts.preprocessing import preprocess_data
ModuleNotFoundError: No module named 'data_preprocessing_scripts'
[2026-08-14T16:33:10.248+0000] {processor.py:841} WARNING - No viable dags retrieved from /opt/airflow/dags/airflow.py
[2026-08-14T16:33:10.255+0000] {processor.py:179} INFO - Processing /opt/airflow/dags/airflow.py took 0.084 seconds
[2026-08-14T16:33:40.548+0000] {processor.py:157} INFO - Started process (PID=16298) to work on /opt/airflow/dags/airflow.py
[2026-08-14T16:33:40.549+0000] {processor.py:829} INFO - Processing file /opt/airflow/dags/airflow.py for tasks to queue
[2026-08-14T16:33:40.551+0000] {logging_mixin.py:151} INFO - [2026-08-14T16:33:40.550+0000] {dagbag.py:536} INFO - Filling up the DagBag from /opt/airflow/dags/airflow.py
[2026-08-14T16:33:40.609+0000] {logging_mixin.py:151} INFO - [2026-08-14T16:33:40.608+0000] {dagbag.py:346} ERROR - Failed to import: /opt/airflow/dags/airflow.py
Traceback (most recent call last):
  File "/home/airflow/.local/lib/python3.8/site-packages/airflow/models/dagbag.py", line 342, in parse
    loader.exec_module(new_module)
  File "<frozen importlib._bootstrap_external>", line 843, in exec_module
  File "<frozen importlib._bootstrap>", line 219, in _call_with_frames_removed
  File "/opt/airflow/dags/airflow.py", line 23, in <module>
    from data_preprocessing_scripts.preprocessing import preprocess_data
ModuleNotFoundError: No module named 'data_preprocessing_scripts'
[2026-08-14T16:33:40.609+0000] {processor.py:841} WARNING - No viable dags retrieved from /opt/airflow/dags/airflow.py
[2026-08-14T16:33:40.616+0000] {processor.py:179} INFO - Processing /opt/airflow/dags/airflow.py took 0.070 seconds
[2026-08-14T16:34:10.871+0000] {processor.py:157} INFO - Started process (PID=16306) to work on /opt/airflow/dags/airflow.py
[2026-08-14T16:34:10.873+0000] {processor.py:829} INFO - Processing file /opt/airflow/dags/airflow.py for tasks to queue
[2026-08-14T16:34:10.876+0000] {logging_mixin.py:151} INFO - [2026-08-14T16:34:10.876+0000] {dagbag.py:536} INFO - Filling up the DagBag from /opt/airflow/dags/airflow.py
[2026-08-14T16:34:10.943+0000] {logging_mixin.py:151} INFO - [2026-08-14T16:34:10.943+0000] {dagbag.py:346} ERROR - Failed to import: /opt/airflow/dags/airflow.py
Traceback (most recent call last):
  File "/home/airflow/.local/lib/python3.8/site-packages/airflow/models/dagbag.py", line 342, in parse
    loader.exec_module(new_module)
  File "<frozen importlib._bootstrap_external>", line 843, in exec_module
  File "<frozen importlib._bootstrap>", line 219, in _call_with_frames_removed
  File "/opt/airflow/dags/airflow.py", line 23, in <module>
    from data_preprocessing_scripts.preprocessing import preprocess_data
ModuleNotFoundError: No module named 'data_preprocessing_scripts'
[2026-08-14T16:34:10.944+0000] {processor.py:841} WARNING - No viable dags retrieved from /opt/airflow/dags/airflow.py
[2026-08-14T16:34:10.951+0000] {processor.py:179} INFO - Processing /opt/airflow/dags/airflow.py took 0.084 seconds
[2026-08-14T16:34:41.193+0000] {processor.py:157} INFO - Started process (PID=16314) to work on /opt/airflow/dags/airflow.py
[2026-08-14T16:34:41.194+0000] {processor.py:829} INFO - Processing file /opt/airflow/dags/airflow.py for tasks to queue
[2026-08-14T16:34:41.196+0000] {logging_mixin.py:151} INFO - [2026-08-14T16:34:41.196+0000] {dagbag.py:536} INFO - Filling up the DagBag from /opt/airflow/dags/airflow.py
[2026-08-14T16:34:41.260+0000] {logging_mixin.py:151} INFO - [2026-08-14T16:34:41.259+0000] {dagbag.py:346} ERROR - Failed to import: /opt/airflow/dags/airflow.py
Traceback (most recent call last):
  File "/home/airflow/.local/lib/python3.8/site-packages/airflow/models/dagbag.py", line 342, in parse
    loader.exec_module(new_module)
  File "<frozen importlib._bootstrap_external>", line 843, in exec_module
  File "<frozen importlib._bootstrap>", line 219, in _call_with_frames_removed
  File "/opt/airflow/dags/airflow.py", line 23, in <module>
    from data_preprocessing_scripts.preprocessing import preprocess_data
ModuleNotFoundError: No module named 'data_preprocessing_scripts'
[2026-08-14T16:34:41.260+0000] {processor.py:841} WARNING - No viable dags retrieved from /opt/airflow/dags/airflow.py
[2026-08-14T16:34:41.267+0000] {processor.py:179} INFO - Processing /opt/airflow/dags/airflow.py took 0.078 seconds
[2026-08-14T16:35:11.554+0000] {processor.py:157} INFO - Started process (PID=16322) to work on /opt/airflow/dags/airflow.py
[2026-08-14T16:35:11.555+0000] {processor.py:829} INFO - Processing file /opt/airflow/dags/airflow.py for tasks to queue
[2026-08-14T16:35:11.557+0000] {logging_mixin.py:151} INFO - [2026-08-14T16:35:11.556+0000] {dagbag.py:536} INFO - Filling up the DagBag from /opt/airflow/dags/airflow.py
[2026-08-14T16:35:11.608+0000] {logging_mixin.py:151} INFO - [2026-08-14T16:35:11.607+0000] {dagbag.py:346} ERROR - Failed to import: /opt/airflow/dags/airflow.py
Traceback (most recent call last):
  File "/home/airflow/.local/lib/python3.8/site-packages/airflow/models/dagbag.py", line 342, in parse
    loader.exec_module(new_module)
  File "<frozen importlib._bootstrap_external>", line 843, in exec_module
  File "<frozen importlib._bootstrap>", line 219, in _call_with_frames_removed
  File "/opt/airflow/dags/airflow.py", line 23, in <module>
    from data_preprocessing_scripts.preprocessing import preprocess_data
ModuleNotFoundError: No module named 'data_preprocessing_scripts'
[2026-08-14T16:35:11.608+0000] {processor.py:841} WARNING - No viable dags retrieved from /opt/airflow/dags/airflow.py
[2026-08-14T16:35:11.615+0000] {processor.py:179} INFO - Processing /opt/airflow/dags/airflow.py took 0.063 seconds
[2026-08-14T16:35:41.901+0000] {processor.py:157} INFO - Started process (PID=16330) to work on /opt/airflow/dags/airflow.py
[2026-08-14T16:35:41.902+0000] {processor.py:829} INFO - Processing file /opt/airflow/dags/airflow.py for tasks to queue
[2026-08-14T16:35:41.904+0000] {logging_mixin.py:151} INFO - [2026-08-14T16:35:41.903+0000] {dagbag.py:536} INFO - Filling up the DagBag from /opt/airflow/dags/airflow.py
[2026-08-14T16:35:41.965+0000] {logging_mixin.py:151} INFO - [2026-08-14T16:35:41.964+0000] {dagbag.py:346} ERROR - Failed to import: /opt/airflow/dags/airflow.py
Traceback (most recent call last):
  File "/home/airflow/.local/lib/python3.8/site-packages/airflow/models/dagbag.py", line 342, in parse
    loader.exec_module(new_module)
  File "<frozen importlib._bootstrap_external>", line 843, in exec_module
  File "<frozen importlib._bootstrap>", line 219, in _call_with_frames_removed
  File "/opt/airflow/dags/airflow.py", line 23, in <module>
    from data_preprocessing_scripts.preprocessing import preprocess_data
ModuleNotFoundError: No module named 'data_preprocessing_scripts'
[2026-08-14T16:35:41.965+0000] {processor.py:841} WARNING - No viable dags retrieved from /opt/airflow/dags/airflow.py
[2026-08-14T16:35:41.972+0000] {processor.py:179} INFO - Processing /opt/airflow/dags/airflow.py took 0.074 seconds
[2026-08-14T16:36:12.296+0000] {processor.py:157} INFO - Started process (PID=16338) to work on /opt/airflow/dags/airflow.py
[2026-08-14T16:36:12.298+0000] {processor.py:829} INFO - Processing file /opt/airflow/dags/airflow.py for tasks to queue
[2026-08-14T16:36:12.300+0000] {logging_mixin.py:151} INFO - [2026-08-14T16:36:12.300+0000] {dagbag.py:536} INFO - Filling up the DagBag from /opt/airflow/dags/airflow.py
[2026-08-14T16:36:12.359+0000] {logging_mixin.py:151} INFO - [2026-08-14T16:36:12.359+0000] {dagbag.py:346} ERROR - Failed to import: /opt/airflow/dags/airflow.py
Traceback (most recent call last):
  File "/home/airflow/.local/lib/python3.8/site-packages/airflow/models/dagbag.py", line 342, in parse
    loader.exec_module(new_module)
  File "<frozen importlib._bootstrap_external>", line 843, in exec_module
  File "<frozen importlib._bootstrap>", line 219, in _call_with_frames_removed
  File "/opt/airflow/dags/airflow.py", line 23, in <module>
    from data_preprocessing_scripts.preprocessing import preprocess_data
ModuleNotFoundError: No module named 'data_preprocessing_scripts'
[2026-08-14T16:36:12.359+0000] {processor.py:841} WARNING - No viable dags retrieved from /opt/airflow/dags/airflow.py
[2026-08-14T16:36:12.367+0000] {processor.py:179} INFO - Processing /opt/airflow/dags/airflow.py took 0.076 seconds
[2026-08-14T16:36:42.662+0000] {processor.py:157} INFO - Started process (PID=16346) to work on /opt/airflow/dags/airflow.py
[2026-08-14T16:36:42.664+0000] {processor.py:829} INFO - Processing file /opt/airflow/dags/airflow.py for tasks to queue
[2026-08-14T16:36:42.666+0000] {logging_mixin.py:151} INFO - [2026-08-14T16:36:42.665+0000] {dagbag.py:536} INFO - Filling up the DagBag from /opt/airflow/dags/airflow.py
[2026-08-14T16:36:42.727+0000] {logging_mixin.py:151} INFO - [2026-08-14T16:36:42.727+0000] {dagbag.py:346} ERROR - Failed to import: /opt/airflow/dags/airflow.py
Traceback (most recent call last):
  File "/home/airflow/.local/lib/python3.8/site-packages/airflow/models/dagbag.py", line 342, in parse
    loader.exec_module(new_module)
  File "<frozen importlib._bootstrap_external>", line 843, in exec_module
  File "<frozen importlib._bootstrap>", line 219, in _call_with_frames_removed
  File "/opt/airflow/dags/airflow.py", line 23, in <module>
    from data_preprocessing_scripts.preprocessing import preprocess_data
ModuleNotFoundError: No module named 'data_preprocessing_scripts'
[2026-08-14T16:36:42.728+0000] {processor.py:841} WARNING - No viable dags retrieved from /opt/airflow/dags/airflow.py
[2026-08-14T16:36:42.735+0000] {processor.py:179} INFO - Processing /opt/airflow/dags/airflow.py took 0.076 seconds
[2026-08-14T16:37:12.959+0000] {processor.py:157} INFO - Started process (PID=16354) to work on /opt/airflow/dags/airflow.py
[2026-08-14T16:37:12.961+0000] {processor.py:829} INFO - Processing file /opt/airflow/dags/airflow.py for tasks to queue
[2026-08-14T16:37:12.964+0000] {logging_mixin.py:151} INFO - [2026-08-14T16:37:12.962+0000] {dagbag.py:536} INFO - Filling up the DagBag from /opt/airflow/dags/airflow.py
[2026-08-14T16:37:13.027+0000] {logging_mixin.py:151} INFO - [2026-08-14T16:37:13.026+0000] {dagbag.py:346} ERROR - Failed to import: /opt/airflow/dags/airflow.py
Traceback (most recent call last):
  File "/home/airflow/.local/lib/python3.8/site-packages/airflow/models/dagbag.py", line 342, in parse
    loader.exec_module(new_module)
  File "<frozen importlib._bootstrap_external>", line 843, in exec_module
  File "<frozen importlib._bootstrap>", line 219, in _call_with_frames_removed
  File "/opt/airflow/dags/airflow.py", line 23, in <module>
    from data_preprocessing_scripts.preprocessing import preprocess_data
ModuleNotFoundError: No module named 'data_preprocessing_scripts'
[2026-08-14T16:37:13.027+0000] {processor.py:841} WARNING - No viable dags retrieved from /opt/airflow/dags/airflow.py
[2026-08-14T16:37:13.035+0000] {processor.py:179} INFO - Processing /opt/airflow/dags/airflow.py took 0.078 seconds
[2026-08-14T16:37:43.330+0000] {processor.py:157} INFO - Started process (PID=16362) to work on /opt/airflow/dags/airflow.py
[2026-08-14T16:37:43.331+0000] {processor.py:829} INFO - Processing file /opt/airflow/dags/airflow.py for tasks to queue
[2026-08-14T16:37:43.333+0000] {logging_mixin.py:151} INFO - [2026-08-14T16:37:43.333+0000] {dagbag.py:536} INFO - Filling up the DagBag from /opt/airflow/dags/airflow.py
[2026-08-14T16:37:43.401+0000] {logging_mixin.py:151} INFO - [2026-08-14T16:37:43.401+0000] {dagbag.py:346} ERROR - Failed to import: /opt/airflow/dags/airflow.py
Traceback (most recent call last):
  File "/home/airflow/.local/lib/python3.8/site-packages/airflow/models/dagbag.py", line 342, in parse
    loader.exec_module(new_module)
  File "<frozen importlib._bootstrap_external>", line 843, in exec_module
  File "<frozen importlib._bootstrap>", line 219, in _call_with_frames_removed
  File "/opt/airflow/dags/airflow.py", line 23, in <module>
    from data_preprocessing_scripts.preprocessing import preprocess_data
ModuleNotFoundError: No module named 'data_preprocessing_scripts'
[2026-08-14T16:37:43.401+0000] {processor.py:841} WARNING - No viable dags retrieved from /opt/airflow/dags/airflow.py
[2026-08-14T16:37:43.409+0000] {processor.py:179} INFO - Processing /opt/airflow/dags/airflow.py took 0.083 seconds
[2026-08-14T16:38:13.738+0000] {processor.py:157} INFO - Started process (PID=16370) to work on /opt/airflow/dags/airflow.py
[2026-08-14T16:38:13.739+0000] {processor.py:829} INFO - Processing file /opt/airflow/dags/airflow.py for tasks to queue
[2026-08-14T16:38:13.742+0000] {logging_mixin.py:151} INFO - [2026-08-14T16:38:13.742+0000] {dagbag.py:536} INFO - Filling up the DagBag from /opt/airflow/dags/airflow.py
[2026-08-14T16:38:13.806+0000] {logging_mixin.py:151} INFO - [2026-08-14T16:38:13.805+0000] {dagbag.py:346} ERROR - Failed to import: /opt/airflow/dags/airflow.py
Traceback (most recent call last):
  File "/home/airflow/.local/lib/python3.8/site-packages/airflow/models/dagbag.py", line 342, in parse
    loader.exec_module(new_module)
  File "<frozen importlib._bootstrap_external>", line 843, in exec_module
  File "<frozen importlib._bootstrap>", line 219, in _call_with_frames_removed
  File "/opt/airflow/dags/airflow.py", line 23, in <module>
    from data_preprocessing_scripts.preprocessing import preprocess_data
ModuleNotFoundError: No module named 'data_preprocessing_scripts'
[2026-08-14T16:38:13.806+0000] {processor.py:841} WARNING - No viable dags retrieved from /opt/airflow/dags/airflow.py
[2026-08-14T16:38:13.814+0000] {processor.py:179} INFO - Processing /opt/airflow/dags/airflow.py took 0.080 seconds
[2026-08-14T16:38:44.110+0000] {processor.py:157} INFO - Started process (PID=16378) to work on /opt/airflow/dags/airflow.py
[2026-08-14T16:38:44.110+0000] {processor.py:829} INFO - Processing file /opt/airflow/dags/airflow.py for tasks to queue
[2026-08-14T16:38:44.113+0000] {logging_mixin.py:151} INFO - [2026-08-14T16:38:44.112+0000] {dagbag.py:536} INFO - Filling up the DagBag from /opt/airflow/dags/airflow.py
[2026-08-14T16:38:44.175+0000] {logging_mixin.py:151} INFO - [2026-08-14T16:38:44.175+0000] {dagbag.py:346} ERROR - Failed to import: /opt/airflow/dags/airflow.py
Traceback (most recent call last):
  File "/home/airflow/.local/lib/python3.8/site-packages/airflow/models/dagbag.py", line 342, in parse
    loader.exec_module(new_module)
  File "<frozen importlib._bootstrap_external>", line 843, in exec_module
  File "<frozen importlib._bootstrap>", line 219, in _call_with_frames_removed
  File "/opt/airflow/dags/airflow.py", line 23, in <module>
    from data_preprocessing_scripts.preprocessing import preprocess_data
ModuleNotFoundError: No module named 'data_preprocessing_scripts'
[2026-08-14T16:38:44.175+0000] {processor.py:841} WARNING - No viable dags retrieved from /opt/airflow/dags/airflow.py
[2026-08-14T16:38:44.183+0000] {processor.py:179} INFO - Processing /opt/airflow/dags/airflow.py took 0.077 seconds
[2026-08-14T16:39:14.507+0000] {processor.py:157} INFO - Started process (PID=16386) to work on /opt/airflow/dags/airflow.py
[2026-08-14T16:39:14.508+0000] {processor.py:829} INFO - Processing file /opt/airflow/dags/airflow.py for tasks to queue
[2026-08-14T16:39:14.510+0000] {logging_mixin.py:151} INFO - [2026-08-14T16:39:14.510+0000] {dagbag.py:536} INFO - Filling up the DagBag from /opt/airflow/dags/airflow.py
[2026-08-14T16:39:14.571+0000] {logging_mixin.py:151} INFO - [2026-08-14T16:39:14.570+0000] {dagbag.py:346} ERROR - Failed to import: /opt/airflow/dags/airflow.py
Traceback (most recent call last):
  File "/home/airflow/.local/lib/python3.8/site-packages/airflow/models/dagbag.py", line 342, in parse
    loader.exec_module(new_module)
  File "<frozen importlib._bootstrap_external>", line 843, in exec_module
  File "<frozen importlib._bootstrap>", line 219, in _call_with_frames_removed
  File "/opt/airflow/dags/airflow.py", line 23, in <module>
    from data_preprocessing_scripts.preprocessing import preprocess_data
ModuleNotFoundError: No module named 'data_preprocessing_scripts'
[2026-08-14T16:39:14.571+0000] {processor.py:841} WARNING - No viable dags retrieved from /opt/airflow/dags/airflow.py
[2026-08-14T16:39:14.578+0000] {processor.py:179} INFO - Processing /opt/airflow/dags/airflow.py took 0.075 seconds
[2026-08-14T16:39:44.862+0000] {processor.py:157} INFO - Started process (PID=16394) to work on /opt/airflow/dags/airflow.py
[2026-08-14T16:39:44.863+0000] {processor.py:829} INFO - Processing file /opt/airflow/dags/airflow.py for tasks to queue
[2026-08-14T16:39:44.865+0000] {logging_mixin.py:151} INFO - [2026-08-14T16:39:44.865+0000] {dagbag.py:536} INFO - Filling up the DagBag from /opt/airflow/dags/airflow.py
[2026-08-14T16:39:44.929+0000] {logging_mixin.py:151} INFO - [2026-08-14T16:39:44.929+0000] {dagbag.py:346} ERROR - Failed to import: /opt/airflow/dags/airflow.py
Traceback (most recent call last):
  File "/home/airflow/.local/lib/python3.8/site-packages/airflow/models/dagbag.py", line 342, in parse
    loader.exec_module(new_module)
  File "<frozen importlib._bootstrap_external>", line 843, in exec_module
  File "<frozen importlib._bootstrap>", line 219, in _call_with_frames_removed
  File "/opt/airflow/dags/airflow.py", line 23, in <module>
    from data_preprocessing_scripts.preprocessing import preprocess_data
ModuleNotFoundError: No module named 'data_preprocessing_scripts'
[2026-08-14T16:39:44.930+0000] {processor.py:841} WARNING - No viable dags retrieved from /opt/airflow/dags/airflow.py
[2026-08-14T16:39:44.937+0000] {processor.py:179} INFO - Processing /opt/airflow/dags/airflow.py took 0.078 seconds
[2026-08-14T16:40:15.251+0000] {processor.py:157} INFO - Started process (PID=16402) to work on /opt/airflow/dags/airflow.py
[2026-08-14T16:40:15.253+0000] {processor.py:829} INFO - Processing file /opt/airflow/dags/airflow.py for tasks to queue
[2026-08-14T16:40:15.255+0000] {logging_mixin.py:151} INFO - [2026-08-14T16:40:15.255+0000] {dagbag.py:536} INFO - Filling up the DagBag from /opt/airflow/dags/airflow.py
[2026-08-14T16:40:15.317+0000] {logging_mixin.py:151} INFO - [2026-08-14T16:40:15.316+0000] {dagbag.py:346} ERROR - Failed to import: /opt/airflow/dags/airflow.py
Traceback (most recent call last):
  File "/home/airflow/.local/lib/python3.8/site-packages/airflow/models/dagbag.py", line 342, in parse
    loader.exec_module(new_module)
  File "<frozen importlib._bootstrap_external>", line 843, in exec_module
  File "<frozen importlib._bootstrap>", line 219, in _call_with_frames_removed
  File "/opt/airflow/dags/airflow.py", line 23, in <module>
    from data_preprocessing_scripts.preprocessing import preprocess_data
ModuleNotFoundError: No module named 'data_preprocessing_scripts'
[2026-08-14T16:40:15.317+0000] {processor.py:841} WARNING - No viable dags retrieved from /opt/airflow/dags/airflow.py
[2026-08-14T16:40:15.324+0000] {processor.py:179} INFO - Processing /opt/airflow/dags/airflow.py took 0.077 seconds
[2026-08-14T16:40:45.618+0000] {processor.py:157} INFO - Started process (PID=16410) to work on /opt/airflow/dags/airflow.py
[2026-08-14T16:40:45.618+0000] {processor.py:829} INFO - Processing file /opt/airflow/dags/airflow.py for tasks to queue
[2026-08-14T16:40:45.620+0000] {logging_mixin.py:151} INFO - [2026-08-14T16:40:45.619+0000] {dagbag.py:536} INFO - Filling up the DagBag from /opt/airflow/dags/airflow.py
[2026-08-14T16:40:45.676+0000] {logging_mixin.py:151} INFO - [2026-08-14T16:40:45.676+0000] {dagbag.py:346} ERROR - Failed to import: /opt/airflow/dags/airflow.py
Traceback (most recent call last):
  File "/home/airflow/.local/lib/python3.8/site-packages/airflow/models/dagbag.py", line 342, in parse
    loader.exec_module(new_module)
  File "<frozen importlib._bootstrap_external>", line 843, in exec_module
  File "<frozen importlib._bootstrap>", line 219, in _call_with_frames_removed
  File "/opt/airflow/dags/airflow.py", line 23, in <module>
    from data_preprocessing_scripts.preprocessing import preprocess_data
ModuleNotFoundError: No module named 'data_preprocessing_scripts'
[2026-08-14T16:40:45.676+0000] {processor.py:841} WARNING - No viable dags retrieved from /opt/airflow/dags/airflow.py
[2026-08-14T16:40:45.685+0000] {processor.py:179} INFO - Processing /opt/airflow/dags/airflow.py took 0.069 seconds
[2026-08-14T16:41:15.957+0000] {processor.py:157} INFO - Started process (PID=16418) to work on /opt/airflow/dags/airflow.py
[2026-08-14T16:41:15.957+0000] {processor.py:829} INFO - Processing file /opt/airflow/dags/airflow.py for tasks to queue
[2026-08-14T16:41:15.959+0000] {logging_mixin.py:151} INFO - [2026-08-14T16:41:15.959+0000] {dagbag.py:536} INFO - Filling up the DagBag from /opt/airflow/dags/airflow.py
[2026-08-14T16:41:16.013+0000] {logging_mixin.py:151} INFO - [2026-08-14T16:41:16.013+0000] {dagbag.py:346} ERROR - Failed to import: /opt/airflow/dags/airflow.py
Traceback (most recent call last):
  File "/home/airflow/.local/lib/python3.8/site-packages/airflow/models/dagbag.py", line 342, in parse
    loader.exec_module(new_module)
  File "<frozen importlib._bootstrap_external>", line 843, in exec_module
  File "<frozen importlib._bootstrap>", line 219, in _call_with_frames_removed
  File "/opt/airflow/dags/airflow.py", line 23, in <module>
    from data_preprocessing_scripts.preprocessing import preprocess_data
ModuleNotFoundError: No module named 'data_preprocessing_scripts'
[2026-08-14T16:41:16.014+0000] {processor.py:841} WARNING - No viable dags retrieved from /opt/airflow/dags/airflow.py
[2026-08-14T16:41:16.021+0000] {processor.py:179} INFO - Processing /opt/airflow/dags/airflow.py took 0.066 seconds
[2026-08-14T16:41:46.361+0000] {processor.py:157} INFO - Started process (PID=16426) to work on /opt/airflow/dags/airflow.py
[2026-08-14T16:41:46.362+0000] {processor.py:829} INFO - Processing file /opt/airflow/dags/airflow.py for tasks to queue
[2026-08-14T16:41:46.365+0000] {logging_mixin.py:151} INFO - [2026-08-14T16:41:46.364+0000] {dagbag.py:536} INFO - Filling up the DagBag from /opt/airflow/dags/airflow.py
[2026-08-14T16:41:46.426+0000] {logging_mixin.py:151} INFO - [2026-08-14T16:41:46.426+0000] {dagbag.py:346} ERROR - Failed to import: /opt/airflow/dags/airflow.py
Traceback (most recent call last):
  File "/home/airflow/.local/lib/python3.8/site-packages/airflow/models/dagbag.py", line 342, in parse
    loader.exec_module(new_module)
  File "<frozen importlib._bootstrap_external>", line 843, in exec_module
  File "<frozen importlib._bootstrap>", line 219, in _call_with_frames_removed
  File "/opt/airflow/dags/airflow.py", line 23, in <module>
    from data_preprocessing_scripts.preprocessing import preprocess_data
ModuleNotFoundError: No module named 'data_preprocessing_scripts'
[2026-08-14T16:41:46.426+0000] {processor.py:841} WARNING - No viable dags retrieved from /opt/airflow/dags/airflow.py
[2026-08-14T16:41:46.434+0000] {processor.py:179} INFO - Processing /opt/airflow/dags/airflow.py took 0.076 seconds
[2026-08-14T16:42:16.746+0000] {processor.py:157} INFO - Started process (PID=16434) to work on /opt/airflow/dags/airflow.py
[2026-08-14T16:42:16.747+0000] {processor.py:829} INFO - Processing file /opt/airflow/dags/airflow.py for tasks to queue
[2026-08-14T16:42:16.750+0000] {logging_mixin.py:151} INFO - [2026-08-14T16:42:16.750+0000] {dagbag.py:536} INFO - Filling up the DagBag from /opt/airflow/dags/airflow.py
[2026-08-14T16:42:16.813+0000] {logging_mixin.py:151} INFO - [2026-08-14T16:42:16.813+0000] {dagbag.py:346} ERROR - Failed to import: /opt/airflow/dags/airflow.py
Traceback (most recent call last):
  File "/home/airflow/.local/lib/python3.8/site-packages/airflow/models/dagbag.py", line 342, in parse
    loader.exec_module(new_module)
  File "<frozen importlib._bootstrap_external>", line 843, in exec_module
  File "<frozen importlib._bootstrap>", line 219, in _call_with_frames_removed
  File "/opt/airflow/dags/airflow.py", line 23, in <module>
    from data_preprocessing_scripts.preprocessing import preprocess_data
ModuleNotFoundError: No module named 'data_preprocessing_scripts'
[2026-08-14T16:42:16.814+0000] {processor.py:841} WARNING - No viable dags retrieved from /opt/airflow/dags/airflow.py
[2026-08-14T16:42:16.821+0000] {processor.py:179} INFO - Processing /opt/airflow/dags/airflow.py took 0.079 seconds
[2026-08-14T16:42:47.148+0000] {processor.py:157} INFO - Started process (PID=16442) to work on /opt/airflow/dags/airflow.py
[2026-08-14T16:42:47.149+0000] {processor.py:829} INFO - Processing file /opt/airflow/dags/airflow.py for tasks to queue
[2026-08-14T16:42:47.151+0000] {logging_mixin.py:151} INFO - [2026-08-14T16:42:47.151+0000] {dagbag.py:536} INFO - Filling up the DagBag from /opt/airflow/dags/airflow.py
[2026-08-14T16:42:47.214+0000] {logging_mixin.py:151} INFO - [2026-08-14T16:42:47.213+0000] {dagbag.py:346} ERROR - Failed to import: /opt/airflow/dags/airflow.py
Traceback (most recent call last):
  File "/home/airflow/.local/lib/python3.8/site-packages/airflow/models/dagbag.py", line 342, in parse
    loader.exec_module(new_module)
  File "<frozen importlib._bootstrap_external>", line 843, in exec_module
  File "<frozen importlib._bootstrap>", line 219, in _call_with_frames_removed
  File "/opt/airflow/dags/airflow.py", line 23, in <module>
    from data_preprocessing_scripts.preprocessing import preprocess_data
ModuleNotFoundError: No module named 'data_preprocessing_scripts'
[2026-08-14T16:42:47.214+0000] {processor.py:841} WARNING - No viable dags retrieved from /opt/airflow/dags/airflow.py
[2026-08-14T16:42:47.221+0000] {processor.py:179} INFO - Processing /opt/airflow/dags/airflow.py took 0.076 seconds
[2026-08-14T16:43:17.509+0000] {processor.py:157} INFO - Started process (PID=16450) to work on /opt/airflow/dags/airflow.py
[2026-08-14T16:43:17.510+0000] {processor.py:829} INFO - Processing file /opt/airflow/dags/airflow.py for tasks to queue
[2026-08-14T16:43:17.514+0000] {logging_mixin.py:151} INFO - [2026-08-14T16:43:17.513+0000] {dagbag.py:536} INFO - Filling up the DagBag from /opt/airflow/dags/airflow.py
[2026-08-14T16:43:17.578+0000] {logging_mixin.py:151} INFO - [2026-08-14T16:43:17.577+0000] {dagbag.py:346} ERROR - Failed to import: /opt/airflow/dags/airflow.py
Traceback (most recent call last):
  File "/home/airflow/.local/lib/python3.8/site-packages/airflow/models/dagbag.py", line 342, in parse
    loader.exec_module(new_module)
  File "<frozen importlib._bootstrap_external>", line 843, in exec_module
  File "<frozen importlib._bootstrap>", line 219, in _call_with_frames_removed
  File "/opt/airflow/dags/airflow.py", line 23, in <module>
    from data_preprocessing_scripts.preprocessing import preprocess_data
ModuleNotFoundError: No module named 'data_preprocessing_scripts'
[2026-08-14T16:43:17.578+0000] {processor.py:841} WARNING - No viable dags retrieved from /opt/airflow/dags/airflow.py
[2026-08-14T16:43:17.586+0000] {processor.py:179} INFO - Processing /opt/airflow/dags/airflow.py took 0.081 seconds
[2026-08-14T16:43:47.926+0000] {processor.py:157} INFO - Started process (PID=16458) to work on /opt/airflow/dags/airflow.py
[2026-08-14T16:43:47.927+0000] {processor.py:829} INFO - Processing file /opt/airflow/dags/airflow.py for tasks to queue
[2026-08-14T16:43:47.930+0000] {logging_mixin.py:151} INFO - [2026-08-14T16:43:47.930+0000] {dagbag.py:536} INFO - Filling up the DagBag from /opt/airflow/dags/airflow.py
[2026-08-14T16:43:48.007+0000] {logging_mixin.py:151} INFO - [2026-08-14T16:43:48.006+0000] {dagbag.py:346} ERROR - Failed to import: /opt/airflow/dags/airflow.py
Traceback (most recent call last):
  File "/home/airflow/.local/lib/python3.8/site-packages/airflow/models/dagbag.py", line 342, in parse
    loader.exec_module(new_module)
  File "<frozen importlib._bootstrap_external>", line 843, in exec_module
  File "<frozen importlib._bootstrap>", line 219, in _call_with_frames_removed
  File "/opt/airflow/dags/airflow.py", line 23, in <module>
    from data_preprocessing_scripts.preprocessing import preprocess_data
ModuleNotFoundError: No module named 'data_preprocessing_scripts'
[2026-08-14T16:43:48.007+0000] {processor.py:841} WARNING - No viable dags retrieved from /opt/airflow/dags/airflow.py
[2026-08-14T16:43:48.015+0000] {processor.py:179} INFO - Processing /opt/airflow/dags/airflow.py took 0.093 seconds
[2026-08-14T16:44:18.314+0000] {processor.py:157} INFO - Started process (PID=16466) to work on /opt/airflow/dags/airflow.py
[2026-08-14T16:44:18.315+0000] {processor.py:829} INFO - Processing file /opt/airflow/dags/airflow.py for tasks to queue
[2026-08-14T16:44:18.317+0000] {logging_mixin.py:151} INFO - [2026-08-14T16:44:18.317+0000] {dagbag.py:536} INFO - Filling up the DagBag from /opt/airflow/dags/airflow.py
[2026-08-14T16:44:18.378+0000] {logging_mixin.py:151} INFO - [2026-08-14T16:44:18.378+0000] {dagbag.py:346} ERROR - Failed to import: /opt/airflow/dags/airflow.py
Traceback (most recent call last):
  File "/home/airflow/.local/lib/python3.8/site-packages/airflow/models/dagbag.py", line 342, in parse
    loader.exec_module(new_module)
  File "<frozen importlib._bootstrap_external>", line 843, in exec_module
  File "<frozen importlib._bootstrap>", line 219, in _call_with_frames_removed
  File "/opt/airflow/dags/airflow.py", line 23, in <module>
    from data_preprocessing_scripts.preprocessing import preprocess_data
ModuleNotFoundError: No module named 'data_preprocessing_scripts'
[2026-08-14T16:44:18.379+0000] {processor.py:841} WARNING - No viable dags retrieved from /opt/airflow/dags/airflow.py
[2026-08-14T16:44:18.386+0000] {processor.py:179} INFO - Processing /opt/airflow/dags/airflow.py took 0.077 seconds
[2026-08-14T16:44:48.660+0000] {processor.py:157} INFO - Started process (PID=16474) to work on /opt/airflow/dags/airflow.py
[2026-08-14T16:44:48.661+0000] {processor.py:829} INFO - Processing file /opt/airflow/dags/airflow.py for tasks to queue
[2026-08-14T16:44:48.662+0000] {logging_mixin.py:151} INFO - [2026-08-14T16:44:48.662+0000] {dagbag.py:536} INFO - Filling up the DagBag from /opt/airflow/dags/airflow.py
[2026-08-14T16:44:48.727+0000] {logging_mixin.py:151} INFO - [2026-08-14T16:44:48.727+0000] {dagbag.py:346} ERROR - Failed to import: /opt/airflow/dags/airflow.py
Traceback (most recent call last):
  File "/home/airflow/.local/lib/python3.8/site-packages/airflow/models/dagbag.py", line 342, in parse
    loader.exec_module(new_module)
  File "<frozen importlib._bootstrap_external>", line 843, in exec_module
  File "<frozen importlib._bootstrap>", line 219, in _call_with_frames_removed
  File "/opt/airflow/dags/airflow.py", line 23, in <module>
    from data_preprocessing_scripts.preprocessing import preprocess_data
ModuleNotFoundError: No module named 'data_preprocessing_scripts'
[2026-08-14T16:44:48.727+0000] {processor.py:841} WARNING - No viable dags retrieved from /opt/airflow/dags/airflow.py
[2026-08-14T16:44:48.734+0000] {processor.py:179} INFO - Processing /opt/airflow/dags/airflow.py took 0.079 seconds
[2026-08-14T16:45:18.945+0000] {processor.py:157} INFO - Started process (PID=16482) to work on /opt/airflow/dags/airflow.py
[2026-08-14T16:45:18.946+0000] {processor.py:829} INFO - Processing file /opt/airflow/dags/airflow.py for tasks to queue
[2026-08-14T16:45:18.947+0000] {logging_mixin.py:151} INFO - [2026-08-14T16:45:18.947+0000] {dagbag.py:536} INFO - Filling up the DagBag from /opt/airflow/dags/airflow.py
[2026-08-14T16:45:19.010+0000] {logging_mixin.py:151} INFO - [2026-08-14T16:45:19.009+0000] {dagbag.py:346} ERROR - Failed to import: /opt/airflow/dags/airflow.py
Traceback (most recent call last):
  File "/home/airflow/.local/lib/python3.8/site-packages/airflow/models/dagbag.py", line 342, in parse
    loader.exec_module(new_module)
  File "<frozen importlib._bootstrap_external>", line 843, in exec_module
  File "<frozen importlib._bootstrap>", line 219, in _call_with_frames_removed
  File "/opt/airflow/dags/airflow.py", line 23, in <module>
    from data_preprocessing_scripts.preprocessing import preprocess_data
ModuleNotFoundError: No module named 'data_preprocessing_scripts'
[2026-08-14T16:45:19.010+0000] {processor.py:841} WARNING - No viable dags retrieved from /opt/airflow/dags/airflow.py
[2026-08-14T16:45:19.017+0000] {processor.py:179} INFO - Processing /opt/airflow/dags/airflow.py took 0.075 seconds
[2026-08-14T16:45:49.358+0000] {processor.py:157} INFO - Started process (PID=16490) to work on /opt/airflow/dags/airflow.py
[2026-08-14T16:45:49.359+0000] {processor.py:829} INFO - Processing file /opt/airflow/dags/airflow.py for tasks to queue
[2026-08-14T16:45:49.361+0000] {logging_mixin.py:151} INFO - [2026-08-14T16:45:49.360+0000] {dagbag.py:536} INFO - Filling up the DagBag from /opt/airflow/dags/airflow.py
[2026-08-14T16:45:49.422+0000] {logging_mixin.py:151} INFO - [2026-08-14T16:45:49.421+0000] {dagbag.py:346} ERROR - Failed to import: /opt/airflow/dags/airflow.py
Traceback (most recent call last):
  File "/home/airflow/.local/lib/python3.8/site-packages/airflow/models/dagbag.py", line 342, in parse
    loader.exec_module(new_module)
  File "<frozen importlib._bootstrap_external>", line 843, in exec_module
  File "<frozen importlib._bootstrap>", line 219, in _call_with_frames_removed
  File "/opt/airflow/dags/airflow.py", line 23, in <module>
    from data_preprocessing_scripts.preprocessing import preprocess_data
ModuleNotFoundError: No module named 'data_preprocessing_scripts'
[2026-08-14T16:45:49.422+0000] {processor.py:841} WARNING - No viable dags retrieved from /opt/airflow/dags/airflow.py
[2026-08-14T16:45:49.430+0000] {processor.py:179} INFO - Processing /opt/airflow/dags/airflow.py took 0.074 seconds
[2026-08-14T16:46:19.740+0000] {processor.py:157} INFO - Started process (PID=16498) to work on /opt/airflow/dags/airflow.py
[2026-08-14T16:46:19.742+0000] {processor.py:829} INFO - Processing file /opt/airflow/dags/airflow.py for tasks to queue
[2026-08-14T16:46:19.745+0000] {logging_mixin.py:151} INFO - [2026-08-14T16:46:19.744+0000] {dagbag.py:536} INFO - Filling up the DagBag from /opt/airflow/dags/airflow.py
[2026-08-14T16:46:19.812+0000] {logging_mixin.py:151} INFO - [2026-08-14T16:46:19.812+0000] {dagbag.py:346} ERROR - Failed to import: /opt/airflow/dags/airflow.py
Traceback (most recent call last):
  File "/home/airflow/.local/lib/python3.8/site-packages/airflow/models/dagbag.py", line 342, in parse
    loader.exec_module(new_module)
  File "<frozen importlib._bootstrap_external>", line 843, in exec_module
  File "<frozen importlib._bootstrap>", line 219, in _call_with_frames_removed
  File "/opt/airflow/dags/airflow.py", line 23, in <module>
    from data_preprocessing_scripts.preprocessing import preprocess_data
ModuleNotFoundError: No module named 'data_preprocessing_scripts'
[2026-08-14T16:46:19.813+0000] {processor.py:841} WARNING - No viable dags retrieved from /opt/airflow/dags/airflow.py
[2026-08-14T16:46:19.820+0000] {processor.py:179} INFO - Processing /opt/airflow/dags/airflow.py took 0.084 seconds
[2026-08-14T16:46:50.113+0000] {processor.py:157} INFO - Started process (PID=16506) to work on /opt/airflow/dags/airflow.py
[2026-08-14T16:46:50.114+0000] {processor.py:829} INFO - Processing file /opt/airflow/dags/airflow.py for tasks to queue
[2026-08-14T16:46:50.116+0000] {logging_mixin.py:151} INFO - [2026-08-14T16:46:50.116+0000] {dagbag.py:536} INFO - Filling up the DagBag from /opt/airflow/dags/airflow.py
[2026-08-14T16:46:50.183+0000] {logging_mixin.py:151} INFO - [2026-08-14T16:46:50.182+0000] {dagbag.py:346} ERROR - Failed to import: /opt/airflow/dags/airflow.py
Traceback (most recent call last):
  File "/home/airflow/.local/lib/python3.8/site-packages/airflow/models/dagbag.py", line 342, in parse
    loader.exec_module(new_module)
  File "<frozen importlib._bootstrap_external>", line 843, in exec_module
  File "<frozen importlib._bootstrap>", line 219, in _call_with_frames_removed
  File "/opt/airflow/dags/airflow.py", line 23, in <module>
    from data_preprocessing_scripts.preprocessing import preprocess_data
ModuleNotFoundError: No module named 'data_preprocessing_scripts'
[2026-08-14T16:46:50.183+0000] {processor.py:841} WARNING - No viable dags retrieved from /opt/airflow/dags/airflow.py
[2026-08-14T16:46:50.190+0000] {processor.py:179} INFO - Processing /opt/airflow/dags/airflow.py took 0.080 seconds
[2026-08-14T16:47:20.472+0000] {processor.py:157} INFO - Started process (PID=16514) to work on /opt/airflow/dags/airflow.py
[2026-08-14T16:47:20.472+0000] {processor.py:829} INFO - Processing file /opt/airflow/dags/airflow.py for tasks to queue
[2026-08-14T16:47:20.474+0000] {logging_mixin.py:151} INFO - [2026-08-14T16:47:20.474+0000] {dagbag.py:536} INFO - Filling up the DagBag from /opt/airflow/dags/airflow.py
[2026-08-14T16:47:20.546+0000] {logging_mixin.py:151} INFO - [2026-08-14T16:47:20.545+0000] {dagbag.py:346} ERROR - Failed to import: /opt/airflow/dags/airflow.py
Traceback (most recent call last):
  File "/home/airflow/.local/lib/python3.8/site-packages/airflow/models/dagbag.py", line 342, in parse
    loader.exec_module(new_module)
  File "<frozen importlib._bootstrap_external>", line 843, in exec_module
  File "<frozen importlib._bootstrap>", line 219, in _call_with_frames_removed
  File "/opt/airflow/dags/airflow.py", line 23, in <module>
    from data_preprocessing_scripts.preprocessing import preprocess_data
ModuleNotFoundError: No module named 'data_preprocessing_scripts'
[2026-08-14T16:47:20.546+0000] {processor.py:841} WARNING - No viable dags retrieved from /opt/airflow/dags/airflow.py
[2026-08-14T16:47:20.554+0000] {processor.py:179} INFO - Processing /opt/airflow/dags/airflow.py took 0.085 seconds
[2026-08-14T16:47:50.858+0000] {processor.py:157} INFO - Started process (PID=16522) to work on /opt/airflow/dags/airflow.py
[2026-08-14T16:47:50.859+0000] {processor.py:829} INFO - Processing file /opt/airflow/dags/airflow.py for tasks to queue
[2026-08-14T16:47:50.863+0000] {logging_mixin.py:151} INFO - [2026-08-14T16:47:50.861+0000] {dagbag.py:536} INFO - Filling up the DagBag from /opt/airflow/dags/airflow.py
[2026-08-14T16:47:50.922+0000] {logging_mixin.py:151} INFO - [2026-08-14T16:47:50.922+0000] {dagbag.py:346} ERROR - Failed to import: /opt/airflow/dags/airflow.py
Traceback (most recent call last):
  File "/home/airflow/.local/lib/python3.8/site-packages/airflow/models/dagbag.py", line 342, in parse
    loader.exec_module(new_module)
  File "<frozen importlib._bootstrap_external>", line 843, in exec_module
  File "<frozen importlib._bootstrap>", line 219, in _call_with_frames_removed
  File "/opt/airflow/dags/airflow.py", line 23, in <module>
    from data_preprocessing_scripts.preprocessing import preprocess_data
ModuleNotFoundError: No module named 'data_preprocessing_scripts'
[2026-08-14T16:47:50.922+0000] {processor.py:841} WARNING - No viable dags retrieved from /opt/airflow/dags/airflow.py
[2026-08-14T16:47:50.930+0000] {processor.py:179} INFO - Processing /opt/airflow/dags/airflow.py took 0.074 seconds
[2026-08-14T16:48:21.185+0000] {processor.py:157} INFO - Started process (PID=16530) to work on /opt/airflow/dags/airflow.py
[2026-08-14T16:48:21.187+0000] {processor.py:829} INFO - Processing file /opt/airflow/dags/airflow.py for tasks to queue
[2026-08-14T16:48:21.189+0000] {logging_mixin.py:151} INFO - [2026-08-14T16:48:21.188+0000] {dagbag.py:536} INFO - Filling up the DagBag from /opt/airflow/dags/airflow.py
[2026-08-14T16:48:21.259+0000] {logging_mixin.py:151} INFO - [2026-08-14T16:48:21.258+0000] {dagbag.py:346} ERROR - Failed to import: /opt/airflow/dags/airflow.py
Traceback (most recent call last):
  File "/home/airflow/.local/lib/python3.8/site-packages/airflow/models/dagbag.py", line 342, in parse
    loader.exec_module(new_module)
  File "<frozen importlib._bootstrap_external>", line 843, in exec_module
  File "<frozen importlib._bootstrap>", line 219, in _call_with_frames_removed
  File "/opt/airflow/dags/airflow.py", line 23, in <module>
    from data_preprocessing_scripts.preprocessing import preprocess_data
ModuleNotFoundError: No module named 'data_preprocessing_scripts'
[2026-08-14T16:48:21.259+0000] {processor.py:841} WARNING - No viable dags retrieved from /opt/airflow/dags/airflow.py
[2026-08-14T16:48:21.269+0000] {processor.py:179} INFO - Processing /opt/airflow/dags/airflow.py took 0.089 seconds
[2026-08-14T16:48:51.570+0000] {processor.py:157} INFO - Started process (PID=16538) to work on /opt/airflow/dags/airflow.py
[2026-08-14T16:48:51.570+0000] {processor.py:829} INFO - Processing file /opt/airflow/dags/airflow.py for tasks to queue
[2026-08-14T16:48:51.573+0000] {logging_mixin.py:151} INFO - [2026-08-14T16:48:51.572+0000] {dagbag.py:536} INFO - Filling up the DagBag from /opt/airflow/dags/airflow.py
[2026-08-14T16:48:51.634+0000] {logging_mixin.py:151} INFO - [2026-08-14T16:48:51.633+0000] {dagbag.py:346} ERROR - Failed to import: /opt/airflow/dags/airflow.py
Traceback (most recent call last):
  File "/home/airflow/.local/lib/python3.8/site-packages/airflow/models/dagbag.py", line 342, in parse
    loader.exec_module(new_module)
  File "<frozen importlib._bootstrap_external>", line 843, in exec_module
  File "<frozen importlib._bootstrap>", line 219, in _call_with_frames_removed
  File "/opt/airflow/dags/airflow.py", line 23, in <module>
    from data_preprocessing_scripts.preprocessing import preprocess_data
ModuleNotFoundError: No module named 'data_preprocessing_scripts'
[2026-08-14T16:48:51.634+0000] {processor.py:841} WARNING - No viable dags retrieved from /opt/airflow/dags/airflow.py
[2026-08-14T16:48:51.641+0000] {processor.py:179} INFO - Processing /opt/airflow/dags/airflow.py took 0.074 seconds
[2026-08-14T16:49:21.888+0000] {processor.py:157} INFO - Started process (PID=16546) to work on /opt/airflow/dags/airflow.py
[2026-08-14T16:49:21.890+0000] {processor.py:829} INFO - Processing file /opt/airflow/dags/airflow.py for tasks to queue
[2026-08-14T16:49:21.893+0000] {logging_mixin.py:151} INFO - [2026-08-14T16:49:21.892+0000] {dagbag.py:536} INFO - Filling up the DagBag from /opt/airflow/dags/airflow.py
[2026-08-14T16:49:21.962+0000] {logging_mixin.py:151} INFO - [2026-08-14T16:49:21.961+0000] {dagbag.py:346} ERROR - Failed to import: /opt/airflow/dags/airflow.py
Traceback (most recent call last):
  File "/home/airflow/.local/lib/python3.8/site-packages/airflow/models/dagbag.py", line 342, in parse
    loader.exec_module(new_module)
  File "<frozen importlib._bootstrap_external>", line 843, in exec_module
  File "<frozen importlib._bootstrap>", line 219, in _call_with_frames_removed
  File "/opt/airflow/dags/airflow.py", line 23, in <module>
    from data_preprocessing_scripts.preprocessing import preprocess_data
ModuleNotFoundError: No module named 'data_preprocessing_scripts'
[2026-08-14T16:49:21.962+0000] {processor.py:841} WARNING - No viable dags retrieved from /opt/airflow/dags/airflow.py
[2026-08-14T16:49:21.970+0000] {processor.py:179} INFO - Processing /opt/airflow/dags/airflow.py took 0.084 seconds
[2026-08-14T16:49:52.191+0000] {processor.py:157} INFO - Started process (PID=16554) to work on /opt/airflow/dags/airflow.py
[2026-08-14T16:49:52.192+0000] {processor.py:829} INFO - Processing file /opt/airflow/dags/airflow.py for tasks to queue
[2026-08-14T16:49:52.195+0000] {logging_mixin.py:151} INFO - [2026-08-14T16:49:52.195+0000] {dagbag.py:536} INFO - Filling up the DagBag from /opt/airflow/dags/airflow.py
[2026-08-14T16:49:52.260+0000] {logging_mixin.py:151} INFO - [2026-08-14T16:49:52.260+0000] {dagbag.py:346} ERROR - Failed to import: /opt/airflow/dags/airflow.py
Traceback (most recent call last):
  File "/home/airflow/.local/lib/python3.8/site-packages/airflow/models/dagbag.py", line 342, in parse
    loader.exec_module(new_module)
  File "<frozen importlib._bootstrap_external>", line 843, in exec_module
  File "<frozen importlib._bootstrap>", line 219, in _call_with_frames_removed
  File "/opt/airflow/dags/airflow.py", line 23, in <module>
    from data_preprocessing_scripts.preprocessing import preprocess_data
ModuleNotFoundError: No module named 'data_preprocessing_scripts'
[2026-08-14T16:49:52.261+0000] {processor.py:841} WARNING - No viable dags retrieved from /opt/airflow/dags/airflow.py
[2026-08-14T16:49:52.267+0000] {processor.py:179} INFO - Processing /opt/airflow/dags/airflow.py took 0.079 seconds
[2026-08-14T16:50:22.563+0000] {processor.py:157} INFO - Started process (PID=16562) to work on /opt/airflow/dags/airflow.py
[2026-08-14T16:50:22.565+0000] {processor.py:829} INFO - Processing file /opt/airflow/dags/airflow.py for tasks to queue
[2026-08-14T16:50:22.567+0000] {logging_mixin.py:151} INFO - [2026-08-14T16:50:22.566+0000] {dagbag.py:536} INFO - Filling up the DagBag from /opt/airflow/dags/airflow.py
[2026-08-14T16:50:22.646+0000] {logging_mixin.py:151} INFO - [2026-08-14T16:50:22.645+0000] {dagbag.py:346} ERROR - Failed to import: /opt/airflow/dags/airflow.py
Traceback (most recent call last):
  File "/home/airflow/.local/lib/python3.8/site-packages/airflow/models/dagbag.py", line 342, in parse
    loader.exec_module(new_module)
  File "<frozen importlib._bootstrap_external>", line 843, in exec_module
  File "<frozen importlib._bootstrap>", line 219, in _call_with_frames_removed
  File "/opt/airflow/dags/airflow.py", line 23, in <module>
    from data_preprocessing_scripts.preprocessing import preprocess_data
ModuleNotFoundError: No module named 'data_preprocessing_scripts'
[2026-08-14T16:50:22.646+0000] {processor.py:841} WARNING - No viable dags retrieved from /opt/airflow/dags/airflow.py
[2026-08-14T16:50:22.654+0000] {processor.py:179} INFO - Processing /opt/airflow/dags/airflow.py took 0.096 seconds
[2026-08-14T16:50:52.921+0000] {processor.py:157} INFO - Started process (PID=16570) to work on /opt/airflow/dags/airflow.py
[2026-08-14T16:50:52.922+0000] {processor.py:829} INFO - Processing file /opt/airflow/dags/airflow.py for tasks to queue
[2026-08-14T16:50:52.924+0000] {logging_mixin.py:151} INFO - [2026-08-14T16:50:52.923+0000] {dagbag.py:536} INFO - Filling up the DagBag from /opt/airflow/dags/airflow.py
[2026-08-14T16:50:52.994+0000] {logging_mixin.py:151} INFO - [2026-08-14T16:50:52.993+0000] {dagbag.py:346} ERROR - Failed to import: /opt/airflow/dags/airflow.py
Traceback (most recent call last):
  File "/home/airflow/.local/lib/python3.8/site-packages/airflow/models/dagbag.py", line 342, in parse
    loader.exec_module(new_module)
  File "<frozen importlib._bootstrap_external>", line 843, in exec_module
  File "<frozen importlib._bootstrap>", line 219, in _call_with_frames_removed
  File "/opt/airflow/dags/airflow.py", line 23, in <module>
    from data_preprocessing_scripts.preprocessing import preprocess_data
ModuleNotFoundError: No module named 'data_preprocessing_scripts'
[2026-08-14T16:50:52.994+0000] {processor.py:841} WARNING - No viable dags retrieved from /opt/airflow/dags/airflow.py
[2026-08-14T16:50:53.001+0000] {processor.py:179} INFO - Processing /opt/airflow/dags/airflow.py took 0.083 seconds
[2026-08-14T16:51:23.299+0000] {processor.py:157} INFO - Started process (PID=16578) to work on /opt/airflow/dags/airflow.py
[2026-08-14T16:51:23.300+0000] {processor.py:829} INFO - Processing file /opt/airflow/dags/airflow.py for tasks to queue
[2026-08-14T16:51:23.303+0000] {logging_mixin.py:151} INFO - [2026-08-14T16:51:23.302+0000] {dagbag.py:536} INFO - Filling up the DagBag from /opt/airflow/dags/airflow.py
[2026-08-14T16:51:23.372+0000] {logging_mixin.py:151} INFO - [2026-08-14T16:51:23.371+0000] {dagbag.py:346} ERROR - Failed to import: /opt/airflow/dags/airflow.py
Traceback (most recent call last):
  File "/home/airflow/.local/lib/python3.8/site-packages/airflow/models/dagbag.py", line 342, in parse
    loader.exec_module(new_module)
  File "<frozen importlib._bootstrap_external>", line 843, in exec_module
  File "<frozen importlib._bootstrap>", line 219, in _call_with_frames_removed
  File "/opt/airflow/dags/airflow.py", line 23, in <module>
    from data_preprocessing_scripts.preprocessing import preprocess_data
ModuleNotFoundError: No module named 'data_preprocessing_scripts'
[2026-08-14T16:51:23.372+0000] {processor.py:841} WARNING - No viable dags retrieved from /opt/airflow/dags/airflow.py
[2026-08-14T16:51:23.379+0000] {processor.py:179} INFO - Processing /opt/airflow/dags/airflow.py took 0.084 seconds
[2026-08-14T16:51:53.655+0000] {processor.py:157} INFO - Started process (PID=16586) to work on /opt/airflow/dags/airflow.py
[2026-08-14T16:51:53.656+0000] {processor.py:829} INFO - Processing file /opt/airflow/dags/airflow.py for tasks to queue
[2026-08-14T16:51:53.658+0000] {logging_mixin.py:151} INFO - [2026-08-14T16:51:53.658+0000] {dagbag.py:536} INFO - Filling up the DagBag from /opt/airflow/dags/airflow.py
[2026-08-14T16:51:53.721+0000] {logging_mixin.py:151} INFO - [2026-08-14T16:51:53.720+0000] {dagbag.py:346} ERROR - Failed to import: /opt/airflow/dags/airflow.py
Traceback (most recent call last):
  File "/home/airflow/.local/lib/python3.8/site-packages/airflow/models/dagbag.py", line 342, in parse
    loader.exec_module(new_module)
  File "<frozen importlib._bootstrap_external>", line 843, in exec_module
  File "<frozen importlib._bootstrap>", line 219, in _call_with_frames_removed
  File "/opt/airflow/dags/airflow.py", line 23, in <module>
    from data_preprocessing_scripts.preprocessing import preprocess_data
ModuleNotFoundError: No module named 'data_preprocessing_scripts'
[2026-08-14T16:51:53.721+0000] {processor.py:841} WARNING - No viable dags retrieved from /opt/airflow/dags/airflow.py
[2026-08-14T16:51:53.728+0000] {processor.py:179} INFO - Processing /opt/airflow/dags/airflow.py took 0.076 seconds
[2026-08-14T16:52:24.026+0000] {processor.py:157} INFO - Started process (PID=16594) to work on /opt/airflow/dags/airflow.py
[2026-08-14T16:52:24.028+0000] {processor.py:829} INFO - Processing file /opt/airflow/dags/airflow.py for tasks to queue
[2026-08-14T16:52:24.031+0000] {logging_mixin.py:151} INFO - [2026-08-14T16:52:24.031+0000] {dagbag.py:536} INFO - Filling up the DagBag from /opt/airflow/dags/airflow.py
[2026-08-14T16:52:24.113+0000] {logging_mixin.py:151} INFO - [2026-08-14T16:52:24.113+0000] {dagbag.py:346} ERROR - Failed to import: /opt/airflow/dags/airflow.py
Traceback (most recent call last):
  File "/home/airflow/.local/lib/python3.8/site-packages/airflow/models/dagbag.py", line 342, in parse
    loader.exec_module(new_module)
  File "<frozen importlib._bootstrap_external>", line 843, in exec_module
  File "<frozen importlib._bootstrap>", line 219, in _call_with_frames_removed
  File "/opt/airflow/dags/airflow.py", line 23, in <module>
    from data_preprocessing_scripts.preprocessing import preprocess_data
ModuleNotFoundError: No module named 'data_preprocessing_scripts'
[2026-08-14T16:52:24.114+0000] {processor.py:841} WARNING - No viable dags retrieved from /opt/airflow/dags/airflow.py
[2026-08-14T16:52:24.122+0000] {processor.py:179} INFO - Processing /opt/airflow/dags/airflow.py took 0.101 seconds
[2026-08-14T16:52:54.402+0000] {processor.py:157} INFO - Started process (PID=16602) to work on /opt/airflow/dags/airflow.py
[2026-08-14T16:52:54.403+0000] {processor.py:829} INFO - Processing file /opt/airflow/dags/airflow.py for tasks to queue
[2026-08-14T16:52:54.404+0000] {logging_mixin.py:151} INFO - [2026-08-14T16:52:54.404+0000] {dagbag.py:536} INFO - Filling up the DagBag from /opt/airflow/dags/airflow.py
[2026-08-14T16:52:54.472+0000] {logging_mixin.py:151} INFO - [2026-08-14T16:52:54.472+0000] {dagbag.py:346} ERROR - Failed to import: /opt/airflow/dags/airflow.py
Traceback (most recent call last):
  File "/home/airflow/.local/lib/python3.8/site-packages/airflow/models/dagbag.py", line 342, in parse
    loader.exec_module(new_module)
  File "<frozen importlib._bootstrap_external>", line 843, in exec_module
  File "<frozen importlib._bootstrap>", line 219, in _call_with_frames_removed
  File "/opt/airflow/dags/airflow.py", line 23, in <module>
    from data_preprocessing_scripts.preprocessing import preprocess_data
ModuleNotFoundError: No module named 'data_preprocessing_scripts'
[2026-08-14T16:52:54.473+0000] {processor.py:841} WARNING - No viable dags retrieved from /opt/airflow/dags/airflow.py
[2026-08-14T16:52:54.479+0000] {processor.py:179} INFO - Processing /opt/airflow/dags/airflow.py took 0.081 seconds
[2026-08-14T16:53:24.754+0000] {processor.py:157} INFO - Started process (PID=16610) to work on /opt/airflow/dags/airflow.py
[2026-08-14T16:53:24.755+0000] {processor.py:829} INFO - Processing file /opt/airflow/dags/airflow.py for tasks to queue
[2026-08-14T16:53:24.758+0000] {logging_mixin.py:151} INFO - [2026-08-14T16:53:24.758+0000] {dagbag.py:536} INFO - Filling up the DagBag from /opt/airflow/dags/airflow.py
[2026-08-14T16:53:24.823+0000] {logging_mixin.py:151} INFO - [2026-08-14T16:53:24.823+0000] {dagbag.py:346} ERROR - Failed to import: /opt/airflow/dags/airflow.py
Traceback (most recent call last):
  File "/home/airflow/.local/lib/python3.8/site-packages/airflow/models/dagbag.py", line 342, in parse
    loader.exec_module(new_module)
  File "<frozen importlib._bootstrap_external>", line 843, in exec_module
  File "<frozen importlib._bootstrap>", line 219, in _call_with_frames_removed
  File "/opt/airflow/dags/airflow.py", line 23, in <module>
    from data_preprocessing_scripts.preprocessing import preprocess_data
ModuleNotFoundError: No module named 'data_preprocessing_scripts'
[2026-08-14T16:53:24.823+0000] {processor.py:841} WARNING - No viable dags retrieved from /opt/airflow/dags/airflow.py
[2026-08-14T16:53:24.831+0000] {processor.py:179} INFO - Processing /opt/airflow/dags/airflow.py took 0.080 seconds
[2026-08-14T16:53:55.095+0000] {processor.py:157} INFO - Started process (PID=16618) to work on /opt/airflow/dags/airflow.py
[2026-08-14T16:53:55.096+0000] {processor.py:829} INFO - Processing file /opt/airflow/dags/airflow.py for tasks to queue
[2026-08-14T16:53:55.098+0000] {logging_mixin.py:151} INFO - [2026-08-14T16:53:55.097+0000] {dagbag.py:536} INFO - Filling up the DagBag from /opt/airflow/dags/airflow.py
[2026-08-14T16:53:55.158+0000] {logging_mixin.py:151} INFO - [2026-08-14T16:53:55.157+0000] {dagbag.py:346} ERROR - Failed to import: /opt/airflow/dags/airflow.py
Traceback (most recent call last):
  File "/home/airflow/.local/lib/python3.8/site-packages/airflow/models/dagbag.py", line 342, in parse
    loader.exec_module(new_module)
  File "<frozen importlib._bootstrap_external>", line 843, in exec_module
  File "<frozen importlib._bootstrap>", line 219, in _call_with_frames_removed
  File "/opt/airflow/dags/airflow.py", line 23, in <module>
    from data_preprocessing_scripts.preprocessing import preprocess_data
ModuleNotFoundError: No module named 'data_preprocessing_scripts'
[2026-08-14T16:53:55.158+0000] {processor.py:841} WARNING - No viable dags retrieved from /opt/airflow/dags/airflow.py
[2026-08-14T16:53:55.165+0000] {processor.py:179} INFO - Processing /opt/airflow/dags/airflow.py took 0.072 seconds
[2026-08-14T16:54:25.481+0000] {processor.py:157} INFO - Started process (PID=16626) to work on /opt/airflow/dags/airflow.py
[2026-08-14T16:54:25.483+0000] {processor.py:829} INFO - Processing file /opt/airflow/dags/airflow.py for tasks to queue
[2026-08-14T16:54:25.487+0000] {logging_mixin.py:151} INFO - [2026-08-14T16:54:25.487+0000] {dagbag.py:536} INFO - Filling up the DagBag from /opt/airflow/dags/airflow.py
[2026-08-14T16:54:25.569+0000] {logging_mixin.py:151} INFO - [2026-08-14T16:54:25.568+0000] {dagbag.py:346} ERROR - Failed to import: /opt/airflow/dags/airflow.py
Traceback (most recent call last):
  File "/home/airflow/.local/lib/python3.8/site-packages/airflow/models/dagbag.py", line 342, in parse
    loader.exec_module(new_module)
  File "<frozen importlib._bootstrap_external>", line 843, in exec_module
  File "<frozen importlib._bootstrap>", line 219, in _call_with_frames_removed
  File "/opt/airflow/dags/airflow.py", line 23, in <module>
    from data_preprocessing_scripts.preprocessing import preprocess_data
ModuleNotFoundError: No module named 'data_preprocessing_scripts'
[2026-08-14T16:54:25.569+0000] {processor.py:841} WARNING - No viable dags retrieved from /opt/airflow/dags/airflow.py
[2026-08-14T16:54:25.577+0000] {processor.py:179} INFO - Processing /opt/airflow/dags/airflow.py took 0.102 seconds
[2026-08-14T16:54:55.891+0000] {processor.py:157} INFO - Started process (PID=16634) to work on /opt/airflow/dags/airflow.py
[2026-08-14T16:54:55.891+0000] {processor.py:829} INFO - Processing file /opt/airflow/dags/airflow.py for tasks to queue
[2026-08-14T16:54:55.893+0000] {logging_mixin.py:151} INFO - [2026-08-14T16:54:55.893+0000] {dagbag.py:536} INFO - Filling up the DagBag from /opt/airflow/dags/airflow.py
[2026-08-14T16:54:55.955+0000] {logging_mixin.py:151} INFO - [2026-08-14T16:54:55.954+0000] {dagbag.py:346} ERROR - Failed to import: /opt/airflow/dags/airflow.py
Traceback (most recent call last):
  File "/home/airflow/.local/lib/python3.8/site-packages/airflow/models/dagbag.py", line 342, in parse
    loader.exec_module(new_module)
  File "<frozen importlib._bootstrap_external>", line 843, in exec_module
  File "<frozen importlib._bootstrap>", line 219, in _call_with_frames_removed
  File "/opt/airflow/dags/airflow.py", line 23, in <module>
    from data_preprocessing_scripts.preprocessing import preprocess_data
ModuleNotFoundError: No module named 'data_preprocessing_scripts'
[2026-08-14T16:54:55.955+0000] {processor.py:841} WARNING - No viable dags retrieved from /opt/airflow/dags/airflow.py
[2026-08-14T16:54:55.963+0000] {processor.py:179} INFO - Processing /opt/airflow/dags/airflow.py took 0.075 seconds
[2026-08-14T17:15:22.104+0000] {processor.py:157} INFO - Started process (PID=16636) to work on /opt/airflow/dags/airflow.py
[2026-08-14T17:15:22.104+0000] {processor.py:829} INFO - Processing file /opt/airflow/dags/airflow.py for tasks to queue
[2026-08-14T17:15:22.106+0000] {logging_mixin.py:151} INFO - [2026-08-14T17:15:22.106+0000] {dagbag.py:536} INFO - Filling up the DagBag from /opt/airflow/dags/airflow.py
[2026-08-14T17:15:22.167+0000] {logging_mixin.py:151} INFO - [2026-08-14T17:15:22.166+0000] {dagbag.py:346} ERROR - Failed to import: /opt/airflow/dags/airflow.py
Traceback (most recent call last):
  File "/home/airflow/.local/lib/python3.8/site-packages/airflow/models/dagbag.py", line 342, in parse
    loader.exec_module(new_module)
  File "<frozen importlib._bootstrap_external>", line 843, in exec_module
  File "<frozen importlib._bootstrap>", line 219, in _call_with_frames_removed
  File "/opt/airflow/dags/airflow.py", line 23, in <module>
    from data_preprocessing_scripts.preprocessing import preprocess_data
ModuleNotFoundError: No module named 'data_preprocessing_scripts'
[2026-08-14T17:15:22.167+0000] {processor.py:841} WARNING - No viable dags retrieved from /opt/airflow/dags/airflow.py
[2026-08-14T17:15:22.174+0000] {processor.py:179} INFO - Processing /opt/airflow/dags/airflow.py took 0.073 seconds
[2026-08-14T17:15:52.491+0000] {processor.py:157} INFO - Started process (PID=16644) to work on /opt/airflow/dags/airflow.py
[2026-08-14T17:15:52.493+0000] {processor.py:829} INFO - Processing file /opt/airflow/dags/airflow.py for tasks to queue
[2026-08-14T17:15:52.496+0000] {logging_mixin.py:151} INFO - [2026-08-14T17:15:52.495+0000] {dagbag.py:536} INFO - Filling up the DagBag from /opt/airflow/dags/airflow.py
[2026-08-14T17:15:52.569+0000] {logging_mixin.py:151} INFO - [2026-08-14T17:15:52.568+0000] {dagbag.py:346} ERROR - Failed to import: /opt/airflow/dags/airflow.py
Traceback (most recent call last):
  File "/home/airflow/.local/lib/python3.8/site-packages/airflow/models/dagbag.py", line 342, in parse
    loader.exec_module(new_module)
  File "<frozen importlib._bootstrap_external>", line 843, in exec_module
  File "<frozen importlib._bootstrap>", line 219, in _call_with_frames_removed
  File "/opt/airflow/dags/airflow.py", line 23, in <module>
    from data_preprocessing_scripts.preprocessing import preprocess_data
ModuleNotFoundError: No module named 'data_preprocessing_scripts'
[2026-08-14T17:15:52.569+0000] {processor.py:841} WARNING - No viable dags retrieved from /opt/airflow/dags/airflow.py
[2026-08-14T17:15:52.576+0000] {processor.py:179} INFO - Processing /opt/airflow/dags/airflow.py took 0.089 seconds
[2026-08-14T18:13:47.815+0000] {processor.py:157} INFO - Started process (PID=16652) to work on /opt/airflow/dags/airflow.py
[2026-08-14T18:13:47.816+0000] {processor.py:829} INFO - Processing file /opt/airflow/dags/airflow.py for tasks to queue
[2026-08-14T18:13:47.819+0000] {logging_mixin.py:151} INFO - [2026-08-14T18:13:47.819+0000] {dagbag.py:536} INFO - Filling up the DagBag from /opt/airflow/dags/airflow.py
[2026-08-14T18:13:47.885+0000] {logging_mixin.py:151} INFO - [2026-08-14T18:13:47.885+0000] {dagbag.py:346} ERROR - Failed to import: /opt/airflow/dags/airflow.py
Traceback (most recent call last):
  File "/home/airflow/.local/lib/python3.8/site-packages/airflow/models/dagbag.py", line 342, in parse
    loader.exec_module(new_module)
  File "<frozen importlib._bootstrap_external>", line 843, in exec_module
  File "<frozen importlib._bootstrap>", line 219, in _call_with_frames_removed
  File "/opt/airflow/dags/airflow.py", line 23, in <module>
    from data_preprocessing_scripts.preprocessing import preprocess_data
ModuleNotFoundError: No module named 'data_preprocessing_scripts'
[2026-08-14T18:13:47.886+0000] {processor.py:841} WARNING - No viable dags retrieved from /opt/airflow/dags/airflow.py
[2026-08-14T18:13:47.893+0000] {processor.py:179} INFO - Processing /opt/airflow/dags/airflow.py took 0.082 seconds
[2026-08-14T18:14:18.239+0000] {processor.py:157} INFO - Started process (PID=16660) to work on /opt/airflow/dags/airflow.py
[2026-08-14T18:14:18.240+0000] {processor.py:829} INFO - Processing file /opt/airflow/dags/airflow.py for tasks to queue
[2026-08-14T18:14:18.243+0000] {logging_mixin.py:151} INFO - [2026-08-14T18:14:18.243+0000] {dagbag.py:536} INFO - Filling up the DagBag from /opt/airflow/dags/airflow.py
[2026-08-14T18:14:18.309+0000] {logging_mixin.py:151} INFO - [2026-08-14T18:14:18.308+0000] {dagbag.py:346} ERROR - Failed to import: /opt/airflow/dags/airflow.py
Traceback (most recent call last):
  File "/home/airflow/.local/lib/python3.8/site-packages/airflow/models/dagbag.py", line 342, in parse
    loader.exec_module(new_module)
  File "<frozen importlib._bootstrap_external>", line 843, in exec_module
  File "<frozen importlib._bootstrap>", line 219, in _call_with_frames_removed
  File "/opt/airflow/dags/airflow.py", line 23, in <module>
    from data_preprocessing_scripts.preprocessing import preprocess_data
ModuleNotFoundError: No module named 'data_preprocessing_scripts'
[2026-08-14T18:14:18.309+0000] {processor.py:841} WARNING - No viable dags retrieved from /opt/airflow/dags/airflow.py
[2026-08-14T18:14:18.316+0000] {processor.py:179} INFO - Processing /opt/airflow/dags/airflow.py took 0.081 seconds
[2026-08-14T18:44:41.982+0000] {processor.py:157} INFO - Started process (PID=16668) to work on /opt/airflow/dags/airflow.py
[2026-08-14T18:44:41.983+0000] {processor.py:829} INFO - Processing file /opt/airflow/dags/airflow.py for tasks to queue
[2026-08-14T18:44:41.986+0000] {logging_mixin.py:151} INFO - [2026-08-14T18:44:41.986+0000] {dagbag.py:536} INFO - Filling up the DagBag from /opt/airflow/dags/airflow.py
[2026-08-14T18:44:42.053+0000] {logging_mixin.py:151} INFO - [2026-08-14T18:44:42.053+0000] {dagbag.py:346} ERROR - Failed to import: /opt/airflow/dags/airflow.py
Traceback (most recent call last):
  File "/home/airflow/.local/lib/python3.8/site-packages/airflow/models/dagbag.py", line 342, in parse
    loader.exec_module(new_module)
  File "<frozen importlib._bootstrap_external>", line 843, in exec_module
  File "<frozen importlib._bootstrap>", line 219, in _call_with_frames_removed
  File "/opt/airflow/dags/airflow.py", line 23, in <module>
    from data_preprocessing_scripts.preprocessing import preprocess_data
ModuleNotFoundError: No module named 'data_preprocessing_scripts'
[2026-08-14T18:44:42.054+0000] {processor.py:841} WARNING - No viable dags retrieved from /opt/airflow/dags/airflow.py
[2026-08-14T18:44:42.063+0000] {processor.py:179} INFO - Processing /opt/airflow/dags/airflow.py took 0.084 seconds
[2026-08-14T18:45:12.367+0000] {processor.py:157} INFO - Started process (PID=16676) to work on /opt/airflow/dags/airflow.py
[2026-08-14T18:45:12.367+0000] {processor.py:829} INFO - Processing file /opt/airflow/dags/airflow.py for tasks to queue
[2026-08-14T18:45:12.371+0000] {logging_mixin.py:151} INFO - [2026-08-14T18:45:12.370+0000] {dagbag.py:536} INFO - Filling up the DagBag from /opt/airflow/dags/airflow.py
[2026-08-14T18:45:12.436+0000] {logging_mixin.py:151} INFO - [2026-08-14T18:45:12.436+0000] {dagbag.py:346} ERROR - Failed to import: /opt/airflow/dags/airflow.py
Traceback (most recent call last):
  File "/home/airflow/.local/lib/python3.8/site-packages/airflow/models/dagbag.py", line 342, in parse
    loader.exec_module(new_module)
  File "<frozen importlib._bootstrap_external>", line 843, in exec_module
  File "<frozen importlib._bootstrap>", line 219, in _call_with_frames_removed
  File "/opt/airflow/dags/airflow.py", line 23, in <module>
    from data_preprocessing_scripts.preprocessing import preprocess_data
ModuleNotFoundError: No module named 'data_preprocessing_scripts'
[2026-08-14T18:45:12.437+0000] {processor.py:841} WARNING - No viable dags retrieved from /opt/airflow/dags/airflow.py
[2026-08-14T18:45:12.444+0000] {processor.py:179} INFO - Processing /opt/airflow/dags/airflow.py took 0.082 seconds
[2026-08-14T19:45:38.842+0000] {processor.py:157} INFO - Started process (PID=16684) to work on /opt/airflow/dags/airflow.py
[2026-08-14T19:45:38.844+0000] {processor.py:829} INFO - Processing file /opt/airflow/dags/airflow.py for tasks to queue
[2026-08-14T19:45:38.847+0000] {logging_mixin.py:151} INFO - [2026-08-14T19:45:38.847+0000] {dagbag.py:536} INFO - Filling up the DagBag from /opt/airflow/dags/airflow.py
[2026-08-14T19:45:38.911+0000] {logging_mixin.py:151} INFO - [2026-08-14T19:45:38.910+0000] {dagbag.py:346} ERROR - Failed to import: /opt/airflow/dags/airflow.py
Traceback (most recent call last):
  File "/home/airflow/.local/lib/python3.8/site-packages/airflow/models/dagbag.py", line 342, in parse
    loader.exec_module(new_module)
  File "<frozen importlib._bootstrap_external>", line 843, in exec_module
  File "<frozen importlib._bootstrap>", line 219, in _call_with_frames_removed
  File "/opt/airflow/dags/airflow.py", line 23, in <module>
    from data_preprocessing_scripts.preprocessing import preprocess_data
ModuleNotFoundError: No module named 'data_preprocessing_scripts'
[2026-08-14T19:45:38.911+0000] {processor.py:841} WARNING - No viable dags retrieved from /opt/airflow/dags/airflow.py
[2026-08-14T19:45:38.920+0000] {processor.py:179} INFO - Processing /opt/airflow/dags/airflow.py took 0.080 seconds
[2026-08-14T19:47:46.355+0000] {processor.py:157} INFO - Started process (PID=16692) to work on /opt/airflow/dags/airflow.py
[2026-08-14T19:47:46.356+0000] {processor.py:829} INFO - Processing file /opt/airflow/dags/airflow.py for tasks to queue
[2026-08-14T19:47:46.361+0000] {logging_mixin.py:151} INFO - [2026-08-14T19:47:46.361+0000] {dagbag.py:536} INFO - Filling up the DagBag from /opt/airflow/dags/airflow.py
[2026-08-14T19:47:46.442+0000] {logging_mixin.py:151} INFO - [2026-08-14T19:47:46.441+0000] {dagbag.py:346} ERROR - Failed to import: /opt/airflow/dags/airflow.py
Traceback (most recent call last):
  File "/home/airflow/.local/lib/python3.8/site-packages/airflow/models/dagbag.py", line 342, in parse
    loader.exec_module(new_module)
  File "<frozen importlib._bootstrap_external>", line 843, in exec_module
  File "<frozen importlib._bootstrap>", line 219, in _call_with_frames_removed
  File "/opt/airflow/dags/airflow.py", line 23, in <module>
    from data_preprocessing_scripts.preprocessing import preprocess_data
ModuleNotFoundError: No module named 'data_preprocessing_scripts'
[2026-08-14T19:47:46.442+0000] {processor.py:841} WARNING - No viable dags retrieved from /opt/airflow/dags/airflow.py
[2026-08-14T19:47:46.451+0000] {processor.py:179} INFO - Processing /opt/airflow/dags/airflow.py took 0.101 seconds
[2026-08-14T19:48:16.687+0000] {processor.py:157} INFO - Started process (PID=16700) to work on /opt/airflow/dags/airflow.py
[2026-08-14T19:48:16.688+0000] {processor.py:829} INFO - Processing file /opt/airflow/dags/airflow.py for tasks to queue
[2026-08-14T19:48:16.690+0000] {logging_mixin.py:151} INFO - [2026-08-14T19:48:16.690+0000] {dagbag.py:536} INFO - Filling up the DagBag from /opt/airflow/dags/airflow.py
[2026-08-14T19:48:16.759+0000] {logging_mixin.py:151} INFO - [2026-08-14T19:48:16.758+0000] {dagbag.py:346} ERROR - Failed to import: /opt/airflow/dags/airflow.py
Traceback (most recent call last):
  File "/home/airflow/.local/lib/python3.8/site-packages/airflow/models/dagbag.py", line 342, in parse
    loader.exec_module(new_module)
  File "<frozen importlib._bootstrap_external>", line 843, in exec_module
  File "<frozen importlib._bootstrap>", line 219, in _call_with_frames_removed
  File "/opt/airflow/dags/airflow.py", line 23, in <module>
    from data_preprocessing_scripts.preprocessing import preprocess_data
ModuleNotFoundError: No module named 'data_preprocessing_scripts'
[2026-08-14T19:48:16.759+0000] {processor.py:841} WARNING - No viable dags retrieved from /opt/airflow/dags/airflow.py
[2026-08-14T19:48:16.769+0000] {processor.py:179} INFO - Processing /opt/airflow/dags/airflow.py took 0.086 seconds
[2026-08-14T19:48:46.994+0000] {processor.py:157} INFO - Started process (PID=16709) to work on /opt/airflow/dags/airflow.py
[2026-08-14T19:48:46.996+0000] {processor.py:829} INFO - Processing file /opt/airflow/dags/airflow.py for tasks to queue
[2026-08-14T19:48:47.001+0000] {logging_mixin.py:151} INFO - [2026-08-14T19:48:47.000+0000] {dagbag.py:536} INFO - Filling up the DagBag from /opt/airflow/dags/airflow.py
[2026-08-14T19:48:47.080+0000] {logging_mixin.py:151} INFO - [2026-08-14T19:48:47.079+0000] {dagbag.py:346} ERROR - Failed to import: /opt/airflow/dags/airflow.py
Traceback (most recent call last):
  File "/home/airflow/.local/lib/python3.8/site-packages/airflow/models/dagbag.py", line 342, in parse
    loader.exec_module(new_module)
  File "<frozen importlib._bootstrap_external>", line 843, in exec_module
  File "<frozen importlib._bootstrap>", line 219, in _call_with_frames_removed
  File "/opt/airflow/dags/airflow.py", line 23, in <module>
    from data_preprocessing_scripts.preprocessing import preprocess_data
ModuleNotFoundError: No module named 'data_preprocessing_scripts'
[2026-08-14T19:48:47.080+0000] {processor.py:841} WARNING - No viable dags retrieved from /opt/airflow/dags/airflow.py
[2026-08-14T19:48:47.089+0000] {processor.py:179} INFO - Processing /opt/airflow/dags/airflow.py took 0.100 seconds
[2026-08-14T19:49:17.319+0000] {processor.py:157} INFO - Started process (PID=16717) to work on /opt/airflow/dags/airflow.py
[2026-08-14T19:49:17.321+0000] {processor.py:829} INFO - Processing file /opt/airflow/dags/airflow.py for tasks to queue
[2026-08-14T19:49:17.324+0000] {logging_mixin.py:151} INFO - [2026-08-14T19:49:17.324+0000] {dagbag.py:536} INFO - Filling up the DagBag from /opt/airflow/dags/airflow.py
[2026-08-14T19:49:17.400+0000] {logging_mixin.py:151} INFO - [2026-08-14T19:49:17.399+0000] {dagbag.py:346} ERROR - Failed to import: /opt/airflow/dags/airflow.py
Traceback (most recent call last):
  File "/home/airflow/.local/lib/python3.8/site-packages/airflow/models/dagbag.py", line 342, in parse
    loader.exec_module(new_module)
  File "<frozen importlib._bootstrap_external>", line 843, in exec_module
  File "<frozen importlib._bootstrap>", line 219, in _call_with_frames_removed
  File "/opt/airflow/dags/airflow.py", line 23, in <module>
    from data_preprocessing_scripts.preprocessing import preprocess_data
ModuleNotFoundError: No module named 'data_preprocessing_scripts'
[2026-08-14T19:49:17.400+0000] {processor.py:841} WARNING - No viable dags retrieved from /opt/airflow/dags/airflow.py
[2026-08-14T19:49:17.409+0000] {processor.py:179} INFO - Processing /opt/airflow/dags/airflow.py took 0.093 seconds
[2026-08-14T19:49:47.667+0000] {processor.py:157} INFO - Started process (PID=16725) to work on /opt/airflow/dags/airflow.py
[2026-08-14T19:49:47.668+0000] {processor.py:829} INFO - Processing file /opt/airflow/dags/airflow.py for tasks to queue
[2026-08-14T19:49:47.671+0000] {logging_mixin.py:151} INFO - [2026-08-14T19:49:47.671+0000] {dagbag.py:536} INFO - Filling up the DagBag from /opt/airflow/dags/airflow.py
[2026-08-14T19:49:47.740+0000] {logging_mixin.py:151} INFO - [2026-08-14T19:49:47.740+0000] {dagbag.py:346} ERROR - Failed to import: /opt/airflow/dags/airflow.py
Traceback (most recent call last):
  File "/home/airflow/.local/lib/python3.8/site-packages/airflow/models/dagbag.py", line 342, in parse
    loader.exec_module(new_module)
  File "<frozen importlib._bootstrap_external>", line 843, in exec_module
  File "<frozen importlib._bootstrap>", line 219, in _call_with_frames_removed
  File "/opt/airflow/dags/airflow.py", line 23, in <module>
    from data_preprocessing_scripts.preprocessing import preprocess_data
ModuleNotFoundError: No module named 'data_preprocessing_scripts'
[2026-08-14T19:49:47.740+0000] {processor.py:841} WARNING - No viable dags retrieved from /opt/airflow/dags/airflow.py
[2026-08-14T19:49:47.749+0000] {processor.py:179} INFO - Processing /opt/airflow/dags/airflow.py took 0.084 seconds
[2026-08-14T19:50:17.993+0000] {processor.py:157} INFO - Started process (PID=16733) to work on /opt/airflow/dags/airflow.py
[2026-08-14T19:50:17.994+0000] {processor.py:829} INFO - Processing file /opt/airflow/dags/airflow.py for tasks to queue
[2026-08-14T19:50:18.000+0000] {logging_mixin.py:151} INFO - [2026-08-14T19:50:18.000+0000] {dagbag.py:536} INFO - Filling up the DagBag from /opt/airflow/dags/airflow.py
[2026-08-14T19:50:18.074+0000] {logging_mixin.py:151} INFO - [2026-08-14T19:50:18.073+0000] {dagbag.py:346} ERROR - Failed to import: /opt/airflow/dags/airflow.py
Traceback (most recent call last):
  File "/home/airflow/.local/lib/python3.8/site-packages/airflow/models/dagbag.py", line 342, in parse
    loader.exec_module(new_module)
  File "<frozen importlib._bootstrap_external>", line 843, in exec_module
  File "<frozen importlib._bootstrap>", line 219, in _call_with_frames_removed
  File "/opt/airflow/dags/airflow.py", line 23, in <module>
    from data_preprocessing_scripts.preprocessing import preprocess_data
ModuleNotFoundError: No module named 'data_preprocessing_scripts'
[2026-08-14T19:50:18.074+0000] {processor.py:841} WARNING - No viable dags retrieved from /opt/airflow/dags/airflow.py
[2026-08-14T19:50:18.082+0000] {processor.py:179} INFO - Processing /opt/airflow/dags/airflow.py took 0.094 seconds
[2026-08-14T19:50:48.314+0000] {processor.py:157} INFO - Started process (PID=16741) to work on /opt/airflow/dags/airflow.py
[2026-08-14T19:50:48.315+0000] {processor.py:829} INFO - Processing file /opt/airflow/dags/airflow.py for tasks to queue
[2026-08-14T19:50:48.317+0000] {logging_mixin.py:151} INFO - [2026-08-14T19:50:48.317+0000] {dagbag.py:536} INFO - Filling up the DagBag from /opt/airflow/dags/airflow.py
[2026-08-14T19:50:48.392+0000] {logging_mixin.py:151} INFO - [2026-08-14T19:50:48.391+0000] {dagbag.py:346} ERROR - Failed to import: /opt/airflow/dags/airflow.py
Traceback (most recent call last):
  File "/home/airflow/.local/lib/python3.8/site-packages/airflow/models/dagbag.py", line 342, in parse
    loader.exec_module(new_module)
  File "<frozen importlib._bootstrap_external>", line 843, in exec_module
  File "<frozen importlib._bootstrap>", line 219, in _call_with_frames_removed
  File "/opt/airflow/dags/airflow.py", line 23, in <module>
    from data_preprocessing_scripts.preprocessing import preprocess_data
ModuleNotFoundError: No module named 'data_preprocessing_scripts'
[2026-08-14T19:50:48.392+0000] {processor.py:841} WARNING - No viable dags retrieved from /opt/airflow/dags/airflow.py
[2026-08-14T19:50:48.399+0000] {processor.py:179} INFO - Processing /opt/airflow/dags/airflow.py took 0.089 seconds
[2026-08-14T19:51:18.655+0000] {processor.py:157} INFO - Started process (PID=16749) to work on /opt/airflow/dags/airflow.py
[2026-08-14T19:51:18.657+0000] {processor.py:829} INFO - Processing file /opt/airflow/dags/airflow.py for tasks to queue
[2026-08-14T19:51:18.659+0000] {logging_mixin.py:151} INFO - [2026-08-14T19:51:18.659+0000] {dagbag.py:536} INFO - Filling up the DagBag from /opt/airflow/dags/airflow.py
[2026-08-14T19:51:18.725+0000] {logging_mixin.py:151} INFO - [2026-08-14T19:51:18.724+0000] {dagbag.py:346} ERROR - Failed to import: /opt/airflow/dags/airflow.py
Traceback (most recent call last):
  File "/home/airflow/.local/lib/python3.8/site-packages/airflow/models/dagbag.py", line 342, in parse
    loader.exec_module(new_module)
  File "<frozen importlib._bootstrap_external>", line 843, in exec_module
  File "<frozen importlib._bootstrap>", line 219, in _call_with_frames_removed
  File "/opt/airflow/dags/airflow.py", line 23, in <module>
    from data_preprocessing_scripts.preprocessing import preprocess_data
ModuleNotFoundError: No module named 'data_preprocessing_scripts'
[2026-08-14T19:51:18.725+0000] {processor.py:841} WARNING - No viable dags retrieved from /opt/airflow/dags/airflow.py
[2026-08-14T19:51:18.733+0000] {processor.py:179} INFO - Processing /opt/airflow/dags/airflow.py took 0.082 seconds
[2026-08-14T19:51:48.958+0000] {processor.py:157} INFO - Started process (PID=16757) to work on /opt/airflow/dags/airflow.py
[2026-08-14T19:51:48.959+0000] {processor.py:829} INFO - Processing file /opt/airflow/dags/airflow.py for tasks to queue
[2026-08-14T19:51:48.962+0000] {logging_mixin.py:151} INFO - [2026-08-14T19:51:48.961+0000] {dagbag.py:536} INFO - Filling up the DagBag from /opt/airflow/dags/airflow.py
[2026-08-14T19:51:49.028+0000] {logging_mixin.py:151} INFO - [2026-08-14T19:51:49.027+0000] {dagbag.py:346} ERROR - Failed to import: /opt/airflow/dags/airflow.py
Traceback (most recent call last):
  File "/home/airflow/.local/lib/python3.8/site-packages/airflow/models/dagbag.py", line 342, in parse
    loader.exec_module(new_module)
  File "<frozen importlib._bootstrap_external>", line 843, in exec_module
  File "<frozen importlib._bootstrap>", line 219, in _call_with_frames_removed
  File "/opt/airflow/dags/airflow.py", line 23, in <module>
    from data_preprocessing_scripts.preprocessing import preprocess_data
ModuleNotFoundError: No module named 'data_preprocessing_scripts'
[2026-08-14T19:51:49.028+0000] {processor.py:841} WARNING - No viable dags retrieved from /opt/airflow/dags/airflow.py
[2026-08-14T19:51:49.037+0000] {processor.py:179} INFO - Processing /opt/airflow/dags/airflow.py took 0.082 seconds
[2026-08-14T19:52:19.226+0000] {processor.py:157} INFO - Started process (PID=16766) to work on /opt/airflow/dags/airflow.py
[2026-08-14T19:52:19.227+0000] {processor.py:829} INFO - Processing file /opt/airflow/dags/airflow.py for tasks to queue
[2026-08-14T19:52:19.232+0000] {logging_mixin.py:151} INFO - [2026-08-14T19:52:19.232+0000] {dagbag.py:536} INFO - Filling up the DagBag from /opt/airflow/dags/airflow.py
[2026-08-14T19:52:19.310+0000] {logging_mixin.py:151} INFO - [2026-08-14T19:52:19.309+0000] {dagbag.py:346} ERROR - Failed to import: /opt/airflow/dags/airflow.py
Traceback (most recent call last):
  File "/home/airflow/.local/lib/python3.8/site-packages/airflow/models/dagbag.py", line 342, in parse
    loader.exec_module(new_module)
  File "<frozen importlib._bootstrap_external>", line 843, in exec_module
  File "<frozen importlib._bootstrap>", line 219, in _call_with_frames_removed
  File "/opt/airflow/dags/airflow.py", line 23, in <module>
    from data_preprocessing_scripts.preprocessing import preprocess_data
ModuleNotFoundError: No module named 'data_preprocessing_scripts'
[2026-08-14T19:52:19.310+0000] {processor.py:841} WARNING - No viable dags retrieved from /opt/airflow/dags/airflow.py
[2026-08-14T19:52:19.319+0000] {processor.py:179} INFO - Processing /opt/airflow/dags/airflow.py took 0.098 seconds
[2026-08-14T19:52:49.575+0000] {processor.py:157} INFO - Started process (PID=16774) to work on /opt/airflow/dags/airflow.py
[2026-08-14T19:52:49.577+0000] {processor.py:829} INFO - Processing file /opt/airflow/dags/airflow.py for tasks to queue
[2026-08-14T19:52:49.579+0000] {logging_mixin.py:151} INFO - [2026-08-14T19:52:49.579+0000] {dagbag.py:536} INFO - Filling up the DagBag from /opt/airflow/dags/airflow.py
[2026-08-14T19:52:49.647+0000] {logging_mixin.py:151} INFO - [2026-08-14T19:52:49.646+0000] {dagbag.py:346} ERROR - Failed to import: /opt/airflow/dags/airflow.py
Traceback (most recent call last):
  File "/home/airflow/.local/lib/python3.8/site-packages/airflow/models/dagbag.py", line 342, in parse
    loader.exec_module(new_module)
  File "<frozen importlib._bootstrap_external>", line 843, in exec_module
  File "<frozen importlib._bootstrap>", line 219, in _call_with_frames_removed
  File "/opt/airflow/dags/airflow.py", line 23, in <module>
    from data_preprocessing_scripts.preprocessing import preprocess_data
ModuleNotFoundError: No module named 'data_preprocessing_scripts'
[2026-08-14T19:52:49.647+0000] {processor.py:841} WARNING - No viable dags retrieved from /opt/airflow/dags/airflow.py
[2026-08-14T19:52:49.654+0000] {processor.py:179} INFO - Processing /opt/airflow/dags/airflow.py took 0.083 seconds
[2026-08-14T19:53:19.900+0000] {processor.py:157} INFO - Started process (PID=16782) to work on /opt/airflow/dags/airflow.py
[2026-08-14T19:53:19.901+0000] {processor.py:829} INFO - Processing file /opt/airflow/dags/airflow.py for tasks to queue
[2026-08-14T19:53:19.904+0000] {logging_mixin.py:151} INFO - [2026-08-14T19:53:19.903+0000] {dagbag.py:536} INFO - Filling up the DagBag from /opt/airflow/dags/airflow.py
[2026-08-14T19:53:19.968+0000] {logging_mixin.py:151} INFO - [2026-08-14T19:53:19.968+0000] {dagbag.py:346} ERROR - Failed to import: /opt/airflow/dags/airflow.py
Traceback (most recent call last):
  File "/home/airflow/.local/lib/python3.8/site-packages/airflow/models/dagbag.py", line 342, in parse
    loader.exec_module(new_module)
  File "<frozen importlib._bootstrap_external>", line 843, in exec_module
  File "<frozen importlib._bootstrap>", line 219, in _call_with_frames_removed
  File "/opt/airflow/dags/airflow.py", line 23, in <module>
    from data_preprocessing_scripts.preprocessing import preprocess_data
ModuleNotFoundError: No module named 'data_preprocessing_scripts'
[2026-08-14T19:53:19.969+0000] {processor.py:841} WARNING - No viable dags retrieved from /opt/airflow/dags/airflow.py
[2026-08-14T19:53:19.978+0000] {processor.py:179} INFO - Processing /opt/airflow/dags/airflow.py took 0.083 seconds
[2026-08-14T19:53:50.225+0000] {processor.py:157} INFO - Started process (PID=16790) to work on /opt/airflow/dags/airflow.py
[2026-08-14T19:53:50.226+0000] {processor.py:829} INFO - Processing file /opt/airflow/dags/airflow.py for tasks to queue
[2026-08-14T19:53:50.229+0000] {logging_mixin.py:151} INFO - [2026-08-14T19:53:50.229+0000] {dagbag.py:536} INFO - Filling up the DagBag from /opt/airflow/dags/airflow.py
[2026-08-14T19:53:50.296+0000] {logging_mixin.py:151} INFO - [2026-08-14T19:53:50.295+0000] {dagbag.py:346} ERROR - Failed to import: /opt/airflow/dags/airflow.py
Traceback (most recent call last):
  File "/home/airflow/.local/lib/python3.8/site-packages/airflow/models/dagbag.py", line 342, in parse
    loader.exec_module(new_module)
  File "<frozen importlib._bootstrap_external>", line 843, in exec_module
  File "<frozen importlib._bootstrap>", line 219, in _call_with_frames_removed
  File "/opt/airflow/dags/airflow.py", line 23, in <module>
    from data_preprocessing_scripts.preprocessing import preprocess_data
ModuleNotFoundError: No module named 'data_preprocessing_scripts'
[2026-08-14T19:53:50.296+0000] {processor.py:841} WARNING - No viable dags retrieved from /opt/airflow/dags/airflow.py
[2026-08-14T19:53:50.304+0000] {processor.py:179} INFO - Processing /opt/airflow/dags/airflow.py took 0.082 seconds
[2026-08-14T19:54:20.580+0000] {processor.py:157} INFO - Started process (PID=16798) to work on /opt/airflow/dags/airflow.py
[2026-08-14T19:54:20.582+0000] {processor.py:829} INFO - Processing file /opt/airflow/dags/airflow.py for tasks to queue
[2026-08-14T19:54:20.586+0000] {logging_mixin.py:151} INFO - [2026-08-14T19:54:20.586+0000] {dagbag.py:536} INFO - Filling up the DagBag from /opt/airflow/dags/airflow.py
[2026-08-14T19:54:20.650+0000] {logging_mixin.py:151} INFO - [2026-08-14T19:54:20.649+0000] {dagbag.py:346} ERROR - Failed to import: /opt/airflow/dags/airflow.py
Traceback (most recent call last):
  File "/home/airflow/.local/lib/python3.8/site-packages/airflow/models/dagbag.py", line 342, in parse
    loader.exec_module(new_module)
  File "<frozen importlib._bootstrap_external>", line 843, in exec_module
  File "<frozen importlib._bootstrap>", line 219, in _call_with_frames_removed
  File "/opt/airflow/dags/airflow.py", line 23, in <module>
    from data_preprocessing_scripts.preprocessing import preprocess_data
ModuleNotFoundError: No module named 'data_preprocessing_scripts'
[2026-08-14T19:54:20.650+0000] {processor.py:841} WARNING - No viable dags retrieved from /opt/airflow/dags/airflow.py
[2026-08-14T19:54:20.658+0000] {processor.py:179} INFO - Processing /opt/airflow/dags/airflow.py took 0.081 seconds
[2026-08-14T19:54:50.890+0000] {processor.py:157} INFO - Started process (PID=16813) to work on /opt/airflow/dags/airflow.py
[2026-08-14T19:54:50.891+0000] {processor.py:829} INFO - Processing file /opt/airflow/dags/airflow.py for tasks to queue
[2026-08-14T19:54:50.893+0000] {logging_mixin.py:151} INFO - [2026-08-14T19:54:50.893+0000] {dagbag.py:536} INFO - Filling up the DagBag from /opt/airflow/dags/airflow.py
[2026-08-14T19:54:50.952+0000] {logging_mixin.py:151} INFO - [2026-08-14T19:54:50.952+0000] {dagbag.py:346} ERROR - Failed to import: /opt/airflow/dags/airflow.py
Traceback (most recent call last):
  File "/home/airflow/.local/lib/python3.8/site-packages/airflow/models/dagbag.py", line 342, in parse
    loader.exec_module(new_module)
  File "<frozen importlib._bootstrap_external>", line 843, in exec_module
  File "<frozen importlib._bootstrap>", line 219, in _call_with_frames_removed
  File "/opt/airflow/dags/airflow.py", line 23, in <module>
    from data_preprocessing_scripts.preprocessing import preprocess_data
ModuleNotFoundError: No module named 'data_preprocessing_scripts'
[2026-08-14T19:54:50.953+0000] {processor.py:841} WARNING - No viable dags retrieved from /opt/airflow/dags/airflow.py
[2026-08-14T19:54:50.960+0000] {processor.py:179} INFO - Processing /opt/airflow/dags/airflow.py took 0.073 seconds
[2026-08-14T19:55:21.242+0000] {processor.py:157} INFO - Started process (PID=16821) to work on /opt/airflow/dags/airflow.py
[2026-08-14T19:55:21.243+0000] {processor.py:829} INFO - Processing file /opt/airflow/dags/airflow.py for tasks to queue
[2026-08-14T19:55:21.246+0000] {logging_mixin.py:151} INFO - [2026-08-14T19:55:21.246+0000] {dagbag.py:536} INFO - Filling up the DagBag from /opt/airflow/dags/airflow.py
[2026-08-14T19:55:21.311+0000] {logging_mixin.py:151} INFO - [2026-08-14T19:55:21.310+0000] {dagbag.py:346} ERROR - Failed to import: /opt/airflow/dags/airflow.py
Traceback (most recent call last):
  File "/home/airflow/.local/lib/python3.8/site-packages/airflow/models/dagbag.py", line 342, in parse
    loader.exec_module(new_module)
  File "<frozen importlib._bootstrap_external>", line 843, in exec_module
  File "<frozen importlib._bootstrap>", line 219, in _call_with_frames_removed
  File "/opt/airflow/dags/airflow.py", line 23, in <module>
    from data_preprocessing_scripts.preprocessing import preprocess_data
ModuleNotFoundError: No module named 'data_preprocessing_scripts'
[2026-08-14T19:55:21.311+0000] {processor.py:841} WARNING - No viable dags retrieved from /opt/airflow/dags/airflow.py
[2026-08-14T19:55:21.318+0000] {processor.py:179} INFO - Processing /opt/airflow/dags/airflow.py took 0.080 seconds
[2026-08-14T19:55:51.550+0000] {processor.py:157} INFO - Started process (PID=16830) to work on /opt/airflow/dags/airflow.py
[2026-08-14T19:55:51.550+0000] {processor.py:829} INFO - Processing file /opt/airflow/dags/airflow.py for tasks to queue
[2026-08-14T19:55:51.554+0000] {logging_mixin.py:151} INFO - [2026-08-14T19:55:51.554+0000] {dagbag.py:536} INFO - Filling up the DagBag from /opt/airflow/dags/airflow.py
[2026-08-14T19:55:51.635+0000] {logging_mixin.py:151} INFO - [2026-08-14T19:55:51.634+0000] {dagbag.py:346} ERROR - Failed to import: /opt/airflow/dags/airflow.py
Traceback (most recent call last):
  File "/home/airflow/.local/lib/python3.8/site-packages/airflow/models/dagbag.py", line 342, in parse
    loader.exec_module(new_module)
  File "<frozen importlib._bootstrap_external>", line 843, in exec_module
  File "<frozen importlib._bootstrap>", line 219, in _call_with_frames_removed
  File "/opt/airflow/dags/airflow.py", line 23, in <module>
    from data_preprocessing_scripts.preprocessing import preprocess_data
ModuleNotFoundError: No module named 'data_preprocessing_scripts'
[2026-08-14T19:55:51.635+0000] {processor.py:841} WARNING - No viable dags retrieved from /opt/airflow/dags/airflow.py
[2026-08-14T19:55:51.643+0000] {processor.py:179} INFO - Processing /opt/airflow/dags/airflow.py took 0.097 seconds
[2026-08-14T19:56:21.854+0000] {processor.py:157} INFO - Started process (PID=16838) to work on /opt/airflow/dags/airflow.py
[2026-08-14T19:56:21.855+0000] {processor.py:829} INFO - Processing file /opt/airflow/dags/airflow.py for tasks to queue
[2026-08-14T19:56:21.860+0000] {logging_mixin.py:151} INFO - [2026-08-14T19:56:21.860+0000] {dagbag.py:536} INFO - Filling up the DagBag from /opt/airflow/dags/airflow.py
[2026-08-14T19:56:21.934+0000] {logging_mixin.py:151} INFO - [2026-08-14T19:56:21.933+0000] {dagbag.py:346} ERROR - Failed to import: /opt/airflow/dags/airflow.py
Traceback (most recent call last):
  File "/home/airflow/.local/lib/python3.8/site-packages/airflow/models/dagbag.py", line 342, in parse
    loader.exec_module(new_module)
  File "<frozen importlib._bootstrap_external>", line 843, in exec_module
  File "<frozen importlib._bootstrap>", line 219, in _call_with_frames_removed
  File "/opt/airflow/dags/airflow.py", line 23, in <module>
    from data_preprocessing_scripts.preprocessing import preprocess_data
ModuleNotFoundError: No module named 'data_preprocessing_scripts'
[2026-08-14T19:56:21.934+0000] {processor.py:841} WARNING - No viable dags retrieved from /opt/airflow/dags/airflow.py
[2026-08-14T19:56:21.942+0000] {processor.py:179} INFO - Processing /opt/airflow/dags/airflow.py took 0.093 seconds
[2026-08-14T19:56:52.204+0000] {processor.py:157} INFO - Started process (PID=16846) to work on /opt/airflow/dags/airflow.py
[2026-08-14T19:56:52.205+0000] {processor.py:829} INFO - Processing file /opt/airflow/dags/airflow.py for tasks to queue
[2026-08-14T19:56:52.208+0000] {logging_mixin.py:151} INFO - [2026-08-14T19:56:52.207+0000] {dagbag.py:536} INFO - Filling up the DagBag from /opt/airflow/dags/airflow.py
[2026-08-14T19:56:52.272+0000] {logging_mixin.py:151} INFO - [2026-08-14T19:56:52.271+0000] {dagbag.py:346} ERROR - Failed to import: /opt/airflow/dags/airflow.py
Traceback (most recent call last):
  File "/home/airflow/.local/lib/python3.8/site-packages/airflow/models/dagbag.py", line 342, in parse
    loader.exec_module(new_module)
  File "<frozen importlib._bootstrap_external>", line 843, in exec_module
  File "<frozen importlib._bootstrap>", line 219, in _call_with_frames_removed
  File "/opt/airflow/dags/airflow.py", line 23, in <module>
    from data_preprocessing_scripts.preprocessing import preprocess_data
ModuleNotFoundError: No module named 'data_preprocessing_scripts'
[2026-08-14T19:56:52.272+0000] {processor.py:841} WARNING - No viable dags retrieved from /opt/airflow/dags/airflow.py
[2026-08-14T19:56:52.281+0000] {processor.py:179} INFO - Processing /opt/airflow/dags/airflow.py took 0.080 seconds
[2026-08-14T19:57:22.472+0000] {processor.py:157} INFO - Started process (PID=16854) to work on /opt/airflow/dags/airflow.py
[2026-08-14T19:57:22.474+0000] {processor.py:829} INFO - Processing file /opt/airflow/dags/airflow.py for tasks to queue
[2026-08-14T19:57:22.478+0000] {logging_mixin.py:151} INFO - [2026-08-14T19:57:22.477+0000] {dagbag.py:536} INFO - Filling up the DagBag from /opt/airflow/dags/airflow.py
[2026-08-14T19:57:22.547+0000] {logging_mixin.py:151} INFO - [2026-08-14T19:57:22.546+0000] {dagbag.py:346} ERROR - Failed to import: /opt/airflow/dags/airflow.py
Traceback (most recent call last):
  File "/home/airflow/.local/lib/python3.8/site-packages/airflow/models/dagbag.py", line 342, in parse
    loader.exec_module(new_module)
  File "<frozen importlib._bootstrap_external>", line 843, in exec_module
  File "<frozen importlib._bootstrap>", line 219, in _call_with_frames_removed
  File "/opt/airflow/dags/airflow.py", line 23, in <module>
    from data_preprocessing_scripts.preprocessing import preprocess_data
ModuleNotFoundError: No module named 'data_preprocessing_scripts'
[2026-08-14T19:57:22.547+0000] {processor.py:841} WARNING - No viable dags retrieved from /opt/airflow/dags/airflow.py
[2026-08-14T19:57:22.557+0000] {processor.py:179} INFO - Processing /opt/airflow/dags/airflow.py took 0.088 seconds
[2026-08-14T19:57:52.798+0000] {processor.py:157} INFO - Started process (PID=16862) to work on /opt/airflow/dags/airflow.py
[2026-08-14T19:57:52.798+0000] {processor.py:829} INFO - Processing file /opt/airflow/dags/airflow.py for tasks to queue
[2026-08-14T19:57:52.801+0000] {logging_mixin.py:151} INFO - [2026-08-14T19:57:52.801+0000] {dagbag.py:536} INFO - Filling up the DagBag from /opt/airflow/dags/airflow.py
[2026-08-14T19:57:52.871+0000] {logging_mixin.py:151} INFO - [2026-08-14T19:57:52.870+0000] {dagbag.py:346} ERROR - Failed to import: /opt/airflow/dags/airflow.py
Traceback (most recent call last):
  File "/home/airflow/.local/lib/python3.8/site-packages/airflow/models/dagbag.py", line 342, in parse
    loader.exec_module(new_module)
  File "<frozen importlib._bootstrap_external>", line 843, in exec_module
  File "<frozen importlib._bootstrap>", line 219, in _call_with_frames_removed
  File "/opt/airflow/dags/airflow.py", line 23, in <module>
    from data_preprocessing_scripts.preprocessing import preprocess_data
ModuleNotFoundError: No module named 'data_preprocessing_scripts'
[2026-08-14T19:57:52.871+0000] {processor.py:841} WARNING - No viable dags retrieved from /opt/airflow/dags/airflow.py
[2026-08-14T19:57:52.879+0000] {processor.py:179} INFO - Processing /opt/airflow/dags/airflow.py took 0.085 seconds
[2026-08-14T19:58:23.093+0000] {processor.py:157} INFO - Started process (PID=16870) to work on /opt/airflow/dags/airflow.py
[2026-08-14T19:58:23.094+0000] {processor.py:829} INFO - Processing file /opt/airflow/dags/airflow.py for tasks to queue
[2026-08-14T19:58:23.100+0000] {logging_mixin.py:151} INFO - [2026-08-14T19:58:23.099+0000] {dagbag.py:536} INFO - Filling up the DagBag from /opt/airflow/dags/airflow.py
[2026-08-14T19:58:23.181+0000] {logging_mixin.py:151} INFO - [2026-08-14T19:58:23.181+0000] {dagbag.py:346} ERROR - Failed to import: /opt/airflow/dags/airflow.py
Traceback (most recent call last):
  File "/home/airflow/.local/lib/python3.8/site-packages/airflow/models/dagbag.py", line 342, in parse
    loader.exec_module(new_module)
  File "<frozen importlib._bootstrap_external>", line 843, in exec_module
  File "<frozen importlib._bootstrap>", line 219, in _call_with_frames_removed
  File "/opt/airflow/dags/airflow.py", line 23, in <module>
    from data_preprocessing_scripts.preprocessing import preprocess_data
ModuleNotFoundError: No module named 'data_preprocessing_scripts'
[2026-08-14T19:58:23.182+0000] {processor.py:841} WARNING - No viable dags retrieved from /opt/airflow/dags/airflow.py
[2026-08-14T19:58:23.190+0000] {processor.py:179} INFO - Processing /opt/airflow/dags/airflow.py took 0.102 seconds
[2026-08-14T19:58:53.411+0000] {processor.py:157} INFO - Started process (PID=16878) to work on /opt/airflow/dags/airflow.py
[2026-08-14T19:58:53.412+0000] {processor.py:829} INFO - Processing file /opt/airflow/dags/airflow.py for tasks to queue
[2026-08-14T19:58:53.415+0000] {logging_mixin.py:151} INFO - [2026-08-14T19:58:53.414+0000] {dagbag.py:536} INFO - Filling up the DagBag from /opt/airflow/dags/airflow.py
[2026-08-14T19:58:53.480+0000] {logging_mixin.py:151} INFO - [2026-08-14T19:58:53.480+0000] {dagbag.py:346} ERROR - Failed to import: /opt/airflow/dags/airflow.py
Traceback (most recent call last):
  File "/home/airflow/.local/lib/python3.8/site-packages/airflow/models/dagbag.py", line 342, in parse
    loader.exec_module(new_module)
  File "<frozen importlib._bootstrap_external>", line 843, in exec_module
  File "<frozen importlib._bootstrap>", line 219, in _call_with_frames_removed
  File "/opt/airflow/dags/airflow.py", line 23, in <module>
    from data_preprocessing_scripts.preprocessing import preprocess_data
ModuleNotFoundError: No module named 'data_preprocessing_scripts'
[2026-08-14T19:58:53.480+0000] {processor.py:841} WARNING - No viable dags retrieved from /opt/airflow/dags/airflow.py
[2026-08-14T19:58:53.488+0000] {processor.py:179} INFO - Processing /opt/airflow/dags/airflow.py took 0.080 seconds
