[2026-08-14T00:09:17.470+0000] {processor.py:157} INFO - Started process (PID=11084) to work on /opt/airflow/dags/dag.py
[2026-08-14T00:09:17.470+0000] {processor.py:829} INFO - Processing file /opt/airflow/dags/dag.py for tasks to queue
[2026-08-14T00:09:17.472+0000] {logging_mixin.py:151} INFO - [2026-08-14T00:09:17.472+0000] {dagbag.py:536} INFO - Filling up the DagBag from /opt/airflow/dags/dag.py
[2026-08-14T00:09:17.479+0000] {logging_mixin.py:151} INFO - [2026-08-14T00:09:17.478+0000] {dagbag.py:346} ERROR - Failed to import: /opt/airflow/dags/dag.py
Traceback (most recent call last):
  File "/home/airflow/.local/lib/python3.8/site-packages/airflow/models/dagbag.py", line 342, in parse
    loader.exec_module(new_module)
  File "<frozen importlib._bootstrap_external>", line 839, in exec_module
  File "<frozen importlib._bootstrap_external>", line 976, in get_code
  File "<frozen importlib._bootstrap_external>", line 906, in source_to_code
  File "<frozen importlib._bootstrap>", line 219, in _call_with_frames_removed
  File "/opt/airflow/dags/dag.py", line 23
    )as dag
          ^
SyntaxError: invalid syntax
[2026-08-14T00:09:17.482+0000] {processor.py:841} WARNING - No viable dags retrieved from /opt/airflow/dags/dag.py
[2026-08-14T00:09:17.505+0000] {processor.py:179} INFO - Processing /opt/airflow/dags/dag.py took 0.037 seconds
[2026-08-14T00:09:47.842+0000] {processor.py:157} INFO - Started process (PID=11092) to work on /opt/airflow/dags/dag.py
[2026-08-14T00:09:47.843+0000] {processor.py:829} INFO - Processing file /opt/airflow/dags/dag.py for tasks to queue
[2026-08-14T00:09:47.847+0000] {logging_mixin.py:151} INFO - [2026-08-14T00:09:47.847+0000] {dagbag.py:536} INFO - Filling up the DagBag from /opt/airflow/dags/dag.py
[2026-08-14T00:09:47.855+0000] {logging_mixin.py:151} INFO - [2026-08-14T00:09:47.854+0000] {dagbag.py:346} ERROR - Failed to import: /opt/airflow/dags/dag.py
Traceback (most recent call last):
  File "/home/airflow/.local/lib/python3.8/site-packages/airflow/models/dagbag.py", line 342, in parse
    loader.exec_module(new_module)
  File "<frozen importlib._bootstrap_external>", line 839, in exec_module
  File "<frozen importlib._bootstrap_external>", line 976, in get_code
  File "<frozen importlib._bootstrap_external>", line 906, in source_to_code
  File "<frozen importlib._bootstrap>", line 219, in _call_with_frames_removed
  File "/opt/airflow/dags/dag.py", line 23
    )as dag
          ^
SyntaxError: invalid syntax
[2026-08-14T00:09:47.856+0000] {processor.py:841} WARNING - No viable dags retrieved from /opt/airflow/dags/dag.py
[2026-08-14T00:09:47.875+0000] {processor.py:179} INFO - Processing /opt/airflow/dags/dag.py took 0.037 seconds
[2026-08-14T00:27:59.079+0000] {processor.py:157} INFO - Started process (PID=11100) to work on /opt/airflow/dags/dag.py
[2026-08-14T00:27:59.082+0000] {processor.py:829} INFO - Processing file /opt/airflow/dags/dag.py for tasks to queue
[2026-08-14T00:27:59.088+0000] {logging_mixin.py:151} INFO - [2026-08-14T00:27:59.087+0000] {dagbag.py:536} INFO - Filling up the DagBag from /opt/airflow/dags/dag.py
[2026-08-14T00:27:59.091+0000] {logging_mixin.py:151} INFO - [2026-08-14T00:27:59.090+0000] {dagbag.py:346} ERROR - Failed to import: /opt/airflow/dags/dag.py
Traceback (most recent call last):
  File "/home/airflow/.local/lib/python3.8/site-packages/airflow/models/dagbag.py", line 342, in parse
    loader.exec_module(new_module)
  File "<frozen importlib._bootstrap_external>", line 839, in exec_module
  File "<frozen importlib._bootstrap_external>", line 976, in get_code
  File "<frozen importlib._bootstrap_external>", line 906, in source_to_code
  File "<frozen importlib._bootstrap>", line 219, in _call_with_frames_removed
  File "/opt/airflow/dags/dag.py", line 23
    )as dag
          ^
SyntaxError: invalid syntax
[2026-08-14T00:27:59.091+0000] {processor.py:841} WARNING - No viable dags retrieved from /opt/airflow/dags/dag.py
[2026-08-14T00:27:59.111+0000] {processor.py:179} INFO - Processing /opt/airflow/dags/dag.py took 0.036 seconds
[2026-08-14T00:28:29.406+0000] {processor.py:157} INFO - Started process (PID=11114) to work on /opt/airflow/dags/dag.py
[2026-08-14T00:28:29.409+0000] {processor.py:829} INFO - Processing file /opt/airflow/dags/dag.py for tasks to queue
[2026-08-14T00:28:29.412+0000] {logging_mixin.py:151} INFO - [2026-08-14T00:28:29.412+0000] {dagbag.py:536} INFO - Filling up the DagBag from /opt/airflow/dags/dag.py
[2026-08-14T00:28:29.423+0000] {logging_mixin.py:151} INFO - [2026-08-14T00:28:29.422+0000] {dagbag.py:346} ERROR - Failed to import: /opt/airflow/dags/dag.py
Traceback (most recent call last):
  File "/home/airflow/.local/lib/python3.8/site-packages/airflow/models/dagbag.py", line 342, in parse
    loader.exec_module(new_module)
  File "<frozen importlib._bootstrap_external>", line 839, in exec_module
  File "<frozen importlib._bootstrap_external>", line 976, in get_code
  File "<frozen importlib._bootstrap_external>", line 906, in source_to_code
  File "<frozen importlib._bootstrap>", line 219, in _call_with_frames_removed
  File "/opt/airflow/dags/dag.py", line 23
    )as dag
          ^
SyntaxError: invalid syntax
[2026-08-14T00:28:29.423+0000] {processor.py:841} WARNING - No viable dags retrieved from /opt/airflow/dags/dag.py
[2026-08-14T00:28:29.438+0000] {processor.py:179} INFO - Processing /opt/airflow/dags/dag.py took 0.034 seconds
[2026-08-14T00:28:59.736+0000] {processor.py:157} INFO - Started process (PID=11122) to work on /opt/airflow/dags/dag.py
[2026-08-14T00:28:59.739+0000] {processor.py:829} INFO - Processing file /opt/airflow/dags/dag.py for tasks to queue
[2026-08-14T00:28:59.743+0000] {logging_mixin.py:151} INFO - [2026-08-14T00:28:59.743+0000] {dagbag.py:536} INFO - Filling up the DagBag from /opt/airflow/dags/dag.py
[2026-08-14T00:28:59.750+0000] {logging_mixin.py:151} INFO - [2026-08-14T00:28:59.749+0000] {dagbag.py:346} ERROR - Failed to import: /opt/airflow/dags/dag.py
Traceback (most recent call last):
  File "/home/airflow/.local/lib/python3.8/site-packages/airflow/models/dagbag.py", line 342, in parse
    loader.exec_module(new_module)
  File "<frozen importlib._bootstrap_external>", line 839, in exec_module
  File "<frozen importlib._bootstrap_external>", line 976, in get_code
  File "<frozen importlib._bootstrap_external>", line 906, in source_to_code
  File "<frozen importlib._bootstrap>", line 219, in _call_with_frames_removed
  File "/opt/airflow/dags/dag.py", line 23
    )as dag
          ^
SyntaxError: invalid syntax
[2026-08-14T00:28:59.750+0000] {processor.py:841} WARNING - No viable dags retrieved from /opt/airflow/dags/dag.py
[2026-08-14T00:28:59.767+0000] {processor.py:179} INFO - Processing /opt/airflow/dags/dag.py took 0.033 seconds
[2026-08-14T00:29:30.105+0000] {processor.py:157} INFO - Started process (PID=11130) to work on /opt/airflow/dags/dag.py
[2026-08-14T00:29:30.108+0000] {processor.py:829} INFO - Processing file /opt/airflow/dags/dag.py for tasks to queue
[2026-08-14T00:29:30.109+0000] {logging_mixin.py:151} INFO - [2026-08-14T00:29:30.109+0000] {dagbag.py:536} INFO - Filling up the DagBag from /opt/airflow/dags/dag.py
[2026-08-14T00:29:30.117+0000] {logging_mixin.py:151} INFO - [2026-08-14T00:29:30.116+0000] {dagbag.py:346} ERROR - Failed to import: /opt/airflow/dags/dag.py
Traceback (most recent call last):
  File "/home/airflow/.local/lib/python3.8/site-packages/airflow/models/dagbag.py", line 342, in parse
    loader.exec_module(new_module)
  File "<frozen importlib._bootstrap_external>", line 839, in exec_module
  File "<frozen importlib._bootstrap_external>", line 976, in get_code
  File "<frozen importlib._bootstrap_external>", line 906, in source_to_code
  File "<frozen importlib._bootstrap>", line 219, in _call_with_frames_removed
  File "/opt/airflow/dags/dag.py", line 23
    )as dag
          ^
SyntaxError: invalid syntax
[2026-08-14T00:29:30.117+0000] {processor.py:841} WARNING - No viable dags retrieved from /opt/airflow/dags/dag.py
[2026-08-14T00:29:30.134+0000] {processor.py:179} INFO - Processing /opt/airflow/dags/dag.py took 0.032 seconds
[2026-08-14T00:30:00.505+0000] {processor.py:157} INFO - Started process (PID=11138) to work on /opt/airflow/dags/dag.py
[2026-08-14T00:30:00.510+0000] {processor.py:829} INFO - Processing file /opt/airflow/dags/dag.py for tasks to queue
[2026-08-14T00:30:00.516+0000] {logging_mixin.py:151} INFO - [2026-08-14T00:30:00.516+0000] {dagbag.py:536} INFO - Filling up the DagBag from /opt/airflow/dags/dag.py
[2026-08-14T00:30:00.523+0000] {logging_mixin.py:151} INFO - [2026-08-14T00:30:00.523+0000] {dagbag.py:346} ERROR - Failed to import: /opt/airflow/dags/dag.py
Traceback (most recent call last):
  File "/home/airflow/.local/lib/python3.8/site-packages/airflow/models/dagbag.py", line 342, in parse
    loader.exec_module(new_module)
  File "<frozen importlib._bootstrap_external>", line 839, in exec_module
  File "<frozen importlib._bootstrap_external>", line 976, in get_code
  File "<frozen importlib._bootstrap_external>", line 906, in source_to_code
  File "<frozen importlib._bootstrap>", line 219, in _call_with_frames_removed
  File "/opt/airflow/dags/dag.py", line 23
    )as dag
          ^
SyntaxError: invalid syntax
[2026-08-14T00:30:00.524+0000] {processor.py:841} WARNING - No viable dags retrieved from /opt/airflow/dags/dag.py
[2026-08-14T00:30:00.543+0000] {processor.py:179} INFO - Processing /opt/airflow/dags/dag.py took 0.042 seconds
[2026-08-14T00:30:30.796+0000] {processor.py:157} INFO - Started process (PID=11146) to work on /opt/airflow/dags/dag.py
[2026-08-14T00:30:30.797+0000] {processor.py:829} INFO - Processing file /opt/airflow/dags/dag.py for tasks to queue
[2026-08-14T00:30:30.801+0000] {logging_mixin.py:151} INFO - [2026-08-14T00:30:30.800+0000] {dagbag.py:536} INFO - Filling up the DagBag from /opt/airflow/dags/dag.py
[2026-08-14T00:30:30.805+0000] {logging_mixin.py:151} INFO - [2026-08-14T00:30:30.804+0000] {dagbag.py:346} ERROR - Failed to import: /opt/airflow/dags/dag.py
Traceback (most recent call last):
  File "/home/airflow/.local/lib/python3.8/site-packages/airflow/models/dagbag.py", line 342, in parse
    loader.exec_module(new_module)
  File "<frozen importlib._bootstrap_external>", line 839, in exec_module
  File "<frozen importlib._bootstrap_external>", line 976, in get_code
  File "<frozen importlib._bootstrap_external>", line 906, in source_to_code
  File "<frozen importlib._bootstrap>", line 219, in _call_with_frames_removed
  File "/opt/airflow/dags/dag.py", line 23
    )as dag
          ^
SyntaxError: invalid syntax
[2026-08-14T00:30:30.805+0000] {processor.py:841} WARNING - No viable dags retrieved from /opt/airflow/dags/dag.py
[2026-08-14T00:30:30.822+0000] {processor.py:179} INFO - Processing /opt/airflow/dags/dag.py took 0.027 seconds
[2026-08-14T00:31:01.068+0000] {processor.py:157} INFO - Started process (PID=11154) to work on /opt/airflow/dags/dag.py
[2026-08-14T00:31:01.076+0000] {processor.py:829} INFO - Processing file /opt/airflow/dags/dag.py for tasks to queue
[2026-08-14T00:31:01.097+0000] {logging_mixin.py:151} INFO - [2026-08-14T00:31:01.096+0000] {dagbag.py:536} INFO - Filling up the DagBag from /opt/airflow/dags/dag.py
[2026-08-14T00:31:01.109+0000] {logging_mixin.py:151} INFO - [2026-08-14T00:31:01.107+0000] {dagbag.py:346} ERROR - Failed to import: /opt/airflow/dags/dag.py
Traceback (most recent call last):
  File "/home/airflow/.local/lib/python3.8/site-packages/airflow/models/dagbag.py", line 342, in parse
    loader.exec_module(new_module)
  File "<frozen importlib._bootstrap_external>", line 839, in exec_module
  File "<frozen importlib._bootstrap_external>", line 976, in get_code
  File "<frozen importlib._bootstrap_external>", line 906, in source_to_code
  File "<frozen importlib._bootstrap>", line 219, in _call_with_frames_removed
  File "/opt/airflow/dags/dag.py", line 23
    )as dag
          ^
SyntaxError: invalid syntax
[2026-08-14T00:31:01.112+0000] {processor.py:841} WARNING - No viable dags retrieved from /opt/airflow/dags/dag.py
[2026-08-14T00:31:01.148+0000] {processor.py:179} INFO - Processing /opt/airflow/dags/dag.py took 0.086 seconds
[2026-08-14T00:31:31.391+0000] {processor.py:157} INFO - Started process (PID=11162) to work on /opt/airflow/dags/dag.py
[2026-08-14T00:31:31.392+0000] {processor.py:829} INFO - Processing file /opt/airflow/dags/dag.py for tasks to queue
[2026-08-14T00:31:31.396+0000] {logging_mixin.py:151} INFO - [2026-08-14T00:31:31.396+0000] {dagbag.py:536} INFO - Filling up the DagBag from /opt/airflow/dags/dag.py
[2026-08-14T00:31:31.399+0000] {logging_mixin.py:151} INFO - [2026-08-14T00:31:31.399+0000] {dagbag.py:346} ERROR - Failed to import: /opt/airflow/dags/dag.py
Traceback (most recent call last):
  File "/home/airflow/.local/lib/python3.8/site-packages/airflow/models/dagbag.py", line 342, in parse
    loader.exec_module(new_module)
  File "<frozen importlib._bootstrap_external>", line 839, in exec_module
  File "<frozen importlib._bootstrap_external>", line 976, in get_code
  File "<frozen importlib._bootstrap_external>", line 906, in source_to_code
  File "<frozen importlib._bootstrap>", line 219, in _call_with_frames_removed
  File "/opt/airflow/dags/dag.py", line 23
    )as dag
          ^
SyntaxError: invalid syntax
[2026-08-14T00:31:31.403+0000] {processor.py:841} WARNING - No viable dags retrieved from /opt/airflow/dags/dag.py
[2026-08-14T00:31:31.416+0000] {processor.py:179} INFO - Processing /opt/airflow/dags/dag.py took 0.027 seconds
[2026-08-14T00:32:01.738+0000] {processor.py:157} INFO - Started process (PID=11170) to work on /opt/airflow/dags/dag.py
[2026-08-14T00:32:01.740+0000] {processor.py:829} INFO - Processing file /opt/airflow/dags/dag.py for tasks to queue
[2026-08-14T00:32:01.743+0000] {logging_mixin.py:151} INFO - [2026-08-14T00:32:01.742+0000] {dagbag.py:536} INFO - Filling up the DagBag from /opt/airflow/dags/dag.py
[2026-08-14T00:32:01.749+0000] {logging_mixin.py:151} INFO - [2026-08-14T00:32:01.749+0000] {dagbag.py:346} ERROR - Failed to import: /opt/airflow/dags/dag.py
Traceback (most recent call last):
  File "/home/airflow/.local/lib/python3.8/site-packages/airflow/models/dagbag.py", line 342, in parse
    loader.exec_module(new_module)
  File "<frozen importlib._bootstrap_external>", line 839, in exec_module
  File "<frozen importlib._bootstrap_external>", line 976, in get_code
  File "<frozen importlib._bootstrap_external>", line 906, in source_to_code
  File "<frozen importlib._bootstrap>", line 219, in _call_with_frames_removed
  File "/opt/airflow/dags/dag.py", line 23
    )as dag
          ^
SyntaxError: invalid syntax
[2026-08-14T00:32:01.750+0000] {processor.py:841} WARNING - No viable dags retrieved from /opt/airflow/dags/dag.py
[2026-08-14T00:32:01.763+0000] {processor.py:179} INFO - Processing /opt/airflow/dags/dag.py took 0.028 seconds
[2026-08-14T00:32:32.037+0000] {processor.py:157} INFO - Started process (PID=11178) to work on /opt/airflow/dags/dag.py
[2026-08-14T00:32:32.039+0000] {processor.py:829} INFO - Processing file /opt/airflow/dags/dag.py for tasks to queue
[2026-08-14T00:32:32.041+0000] {logging_mixin.py:151} INFO - [2026-08-14T00:32:32.041+0000] {dagbag.py:536} INFO - Filling up the DagBag from /opt/airflow/dags/dag.py
[2026-08-14T00:32:32.048+0000] {logging_mixin.py:151} INFO - [2026-08-14T00:32:32.048+0000] {dagbag.py:346} ERROR - Failed to import: /opt/airflow/dags/dag.py
Traceback (most recent call last):
  File "/home/airflow/.local/lib/python3.8/site-packages/airflow/models/dagbag.py", line 342, in parse
    loader.exec_module(new_module)
  File "<frozen importlib._bootstrap_external>", line 839, in exec_module
  File "<frozen importlib._bootstrap_external>", line 976, in get_code
  File "<frozen importlib._bootstrap_external>", line 906, in source_to_code
  File "<frozen importlib._bootstrap>", line 219, in _call_with_frames_removed
  File "/opt/airflow/dags/dag.py", line 23
    )as dag
          ^
SyntaxError: invalid syntax
[2026-08-14T00:32:32.051+0000] {processor.py:841} WARNING - No viable dags retrieved from /opt/airflow/dags/dag.py
[2026-08-14T00:32:32.067+0000] {processor.py:179} INFO - Processing /opt/airflow/dags/dag.py took 0.032 seconds
[2026-08-14T00:33:02.340+0000] {processor.py:157} INFO - Started process (PID=11186) to work on /opt/airflow/dags/dag.py
[2026-08-14T00:33:02.342+0000] {processor.py:829} INFO - Processing file /opt/airflow/dags/dag.py for tasks to queue
[2026-08-14T00:33:02.343+0000] {logging_mixin.py:151} INFO - [2026-08-14T00:33:02.343+0000] {dagbag.py:536} INFO - Filling up the DagBag from /opt/airflow/dags/dag.py
[2026-08-14T00:33:02.349+0000] {logging_mixin.py:151} INFO - [2026-08-14T00:33:02.349+0000] {dagbag.py:346} ERROR - Failed to import: /opt/airflow/dags/dag.py
Traceback (most recent call last):
  File "/home/airflow/.local/lib/python3.8/site-packages/airflow/models/dagbag.py", line 342, in parse
    loader.exec_module(new_module)
  File "<frozen importlib._bootstrap_external>", line 839, in exec_module
  File "<frozen importlib._bootstrap_external>", line 976, in get_code
  File "<frozen importlib._bootstrap_external>", line 906, in source_to_code
  File "<frozen importlib._bootstrap>", line 219, in _call_with_frames_removed
  File "/opt/airflow/dags/dag.py", line 23
    )as dag
          ^
SyntaxError: invalid syntax
[2026-08-14T00:33:02.350+0000] {processor.py:841} WARNING - No viable dags retrieved from /opt/airflow/dags/dag.py
[2026-08-14T00:33:02.368+0000] {processor.py:179} INFO - Processing /opt/airflow/dags/dag.py took 0.030 seconds
[2026-08-14T00:33:32.661+0000] {processor.py:157} INFO - Started process (PID=11194) to work on /opt/airflow/dags/dag.py
[2026-08-14T00:33:32.662+0000] {processor.py:829} INFO - Processing file /opt/airflow/dags/dag.py for tasks to queue
[2026-08-14T00:33:32.663+0000] {logging_mixin.py:151} INFO - [2026-08-14T00:33:32.663+0000] {dagbag.py:536} INFO - Filling up the DagBag from /opt/airflow/dags/dag.py
[2026-08-14T00:33:32.670+0000] {logging_mixin.py:151} INFO - [2026-08-14T00:33:32.670+0000] {dagbag.py:346} ERROR - Failed to import: /opt/airflow/dags/dag.py
Traceback (most recent call last):
  File "/home/airflow/.local/lib/python3.8/site-packages/airflow/models/dagbag.py", line 342, in parse
    loader.exec_module(new_module)
  File "<frozen importlib._bootstrap_external>", line 839, in exec_module
  File "<frozen importlib._bootstrap_external>", line 976, in get_code
  File "<frozen importlib._bootstrap_external>", line 906, in source_to_code
  File "<frozen importlib._bootstrap>", line 219, in _call_with_frames_removed
  File "/opt/airflow/dags/dag.py", line 23
    )as dag
          ^
SyntaxError: invalid syntax
[2026-08-14T00:33:32.670+0000] {processor.py:841} WARNING - No viable dags retrieved from /opt/airflow/dags/dag.py
[2026-08-14T00:33:32.681+0000] {processor.py:179} INFO - Processing /opt/airflow/dags/dag.py took 0.024 seconds
[2026-08-14T00:34:02.934+0000] {processor.py:157} INFO - Started process (PID=11202) to work on /opt/airflow/dags/dag.py
[2026-08-14T00:34:02.935+0000] {processor.py:829} INFO - Processing file /opt/airflow/dags/dag.py for tasks to queue
[2026-08-14T00:34:02.937+0000] {logging_mixin.py:151} INFO - [2026-08-14T00:34:02.937+0000] {dagbag.py:536} INFO - Filling up the DagBag from /opt/airflow/dags/dag.py
[2026-08-14T00:34:02.942+0000] {logging_mixin.py:151} INFO - [2026-08-14T00:34:02.942+0000] {dagbag.py:346} ERROR - Failed to import: /opt/airflow/dags/dag.py
Traceback (most recent call last):
  File "/home/airflow/.local/lib/python3.8/site-packages/airflow/models/dagbag.py", line 342, in parse
    loader.exec_module(new_module)
  File "<frozen importlib._bootstrap_external>", line 839, in exec_module
  File "<frozen importlib._bootstrap_external>", line 976, in get_code
  File "<frozen importlib._bootstrap_external>", line 906, in source_to_code
  File "<frozen importlib._bootstrap>", line 219, in _call_with_frames_removed
  File "/opt/airflow/dags/dag.py", line 23
    )as dag
          ^
SyntaxError: invalid syntax
[2026-08-14T00:34:02.942+0000] {processor.py:841} WARNING - No viable dags retrieved from /opt/airflow/dags/dag.py
[2026-08-14T00:34:02.960+0000] {processor.py:179} INFO - Processing /opt/airflow/dags/dag.py took 0.028 seconds
[2026-08-14T00:34:33.214+0000] {processor.py:157} INFO - Started process (PID=11210) to work on /opt/airflow/dags/dag.py
[2026-08-14T00:34:33.216+0000] {processor.py:829} INFO - Processing file /opt/airflow/dags/dag.py for tasks to queue
[2026-08-14T00:34:33.220+0000] {logging_mixin.py:151} INFO - [2026-08-14T00:34:33.219+0000] {dagbag.py:536} INFO - Filling up the DagBag from /opt/airflow/dags/dag.py
[2026-08-14T00:34:33.225+0000] {logging_mixin.py:151} INFO - [2026-08-14T00:34:33.225+0000] {dagbag.py:346} ERROR - Failed to import: /opt/airflow/dags/dag.py
Traceback (most recent call last):
  File "/home/airflow/.local/lib/python3.8/site-packages/airflow/models/dagbag.py", line 342, in parse
    loader.exec_module(new_module)
  File "<frozen importlib._bootstrap_external>", line 839, in exec_module
  File "<frozen importlib._bootstrap_external>", line 976, in get_code
  File "<frozen importlib._bootstrap_external>", line 906, in source_to_code
  File "<frozen importlib._bootstrap>", line 219, in _call_with_frames_removed
  File "/opt/airflow/dags/dag.py", line 23
    )as dag
          ^
SyntaxError: invalid syntax
[2026-08-14T00:34:33.225+0000] {processor.py:841} WARNING - No viable dags retrieved from /opt/airflow/dags/dag.py
[2026-08-14T00:34:33.242+0000] {processor.py:179} INFO - Processing /opt/airflow/dags/dag.py took 0.031 seconds
[2026-08-14T00:35:03.545+0000] {processor.py:157} INFO - Started process (PID=11218) to work on /opt/airflow/dags/dag.py
[2026-08-14T00:35:03.546+0000] {processor.py:829} INFO - Processing file /opt/airflow/dags/dag.py for tasks to queue
[2026-08-14T00:35:03.548+0000] {logging_mixin.py:151} INFO - [2026-08-14T00:35:03.548+0000] {dagbag.py:536} INFO - Filling up the DagBag from /opt/airflow/dags/dag.py
[2026-08-14T00:35:03.554+0000] {logging_mixin.py:151} INFO - [2026-08-14T00:35:03.553+0000] {dagbag.py:346} ERROR - Failed to import: /opt/airflow/dags/dag.py
Traceback (most recent call last):
  File "/home/airflow/.local/lib/python3.8/site-packages/airflow/models/dagbag.py", line 342, in parse
    loader.exec_module(new_module)
  File "<frozen importlib._bootstrap_external>", line 839, in exec_module
  File "<frozen importlib._bootstrap_external>", line 976, in get_code
  File "<frozen importlib._bootstrap_external>", line 906, in source_to_code
  File "<frozen importlib._bootstrap>", line 219, in _call_with_frames_removed
  File "/opt/airflow/dags/dag.py", line 23
    )as dag
          ^
SyntaxError: invalid syntax
[2026-08-14T00:35:03.554+0000] {processor.py:841} WARNING - No viable dags retrieved from /opt/airflow/dags/dag.py
[2026-08-14T00:35:03.569+0000] {processor.py:179} INFO - Processing /opt/airflow/dags/dag.py took 0.026 seconds
[2026-08-14T00:35:33.879+0000] {processor.py:157} INFO - Started process (PID=11226) to work on /opt/airflow/dags/dag.py
[2026-08-14T00:35:33.882+0000] {processor.py:829} INFO - Processing file /opt/airflow/dags/dag.py for tasks to queue
[2026-08-14T00:35:33.884+0000] {logging_mixin.py:151} INFO - [2026-08-14T00:35:33.884+0000] {dagbag.py:536} INFO - Filling up the DagBag from /opt/airflow/dags/dag.py
[2026-08-14T00:35:33.893+0000] {logging_mixin.py:151} INFO - [2026-08-14T00:35:33.892+0000] {dagbag.py:346} ERROR - Failed to import: /opt/airflow/dags/dag.py
Traceback (most recent call last):
  File "/home/airflow/.local/lib/python3.8/site-packages/airflow/models/dagbag.py", line 342, in parse
    loader.exec_module(new_module)
  File "<frozen importlib._bootstrap_external>", line 839, in exec_module
  File "<frozen importlib._bootstrap_external>", line 976, in get_code
  File "<frozen importlib._bootstrap_external>", line 906, in source_to_code
  File "<frozen importlib._bootstrap>", line 219, in _call_with_frames_removed
  File "/opt/airflow/dags/dag.py", line 23
    )as dag
          ^
SyntaxError: invalid syntax
[2026-08-14T00:35:33.893+0000] {processor.py:841} WARNING - No viable dags retrieved from /opt/airflow/dags/dag.py
[2026-08-14T00:35:33.912+0000] {processor.py:179} INFO - Processing /opt/airflow/dags/dag.py took 0.038 seconds
[2026-08-14T00:36:04.198+0000] {processor.py:157} INFO - Started process (PID=11234) to work on /opt/airflow/dags/dag.py
[2026-08-14T00:36:04.199+0000] {processor.py:829} INFO - Processing file /opt/airflow/dags/dag.py for tasks to queue
[2026-08-14T00:36:04.200+0000] {logging_mixin.py:151} INFO - [2026-08-14T00:36:04.200+0000] {dagbag.py:536} INFO - Filling up the DagBag from /opt/airflow/dags/dag.py
[2026-08-14T00:36:04.205+0000] {logging_mixin.py:151} INFO - [2026-08-14T00:36:04.205+0000] {dagbag.py:346} ERROR - Failed to import: /opt/airflow/dags/dag.py
Traceback (most recent call last):
  File "/home/airflow/.local/lib/python3.8/site-packages/airflow/models/dagbag.py", line 342, in parse
    loader.exec_module(new_module)
  File "<frozen importlib._bootstrap_external>", line 839, in exec_module
  File "<frozen importlib._bootstrap_external>", line 976, in get_code
  File "<frozen importlib._bootstrap_external>", line 906, in source_to_code
  File "<frozen importlib._bootstrap>", line 219, in _call_with_frames_removed
  File "/opt/airflow/dags/dag.py", line 23
    )as dag
          ^
SyntaxError: invalid syntax
[2026-08-14T00:36:04.205+0000] {processor.py:841} WARNING - No viable dags retrieved from /opt/airflow/dags/dag.py
[2026-08-14T00:36:04.223+0000] {processor.py:179} INFO - Processing /opt/airflow/dags/dag.py took 0.026 seconds
[2026-08-14T00:36:34.476+0000] {processor.py:157} INFO - Started process (PID=11242) to work on /opt/airflow/dags/dag.py
[2026-08-14T00:36:34.477+0000] {processor.py:829} INFO - Processing file /opt/airflow/dags/dag.py for tasks to queue
[2026-08-14T00:36:34.479+0000] {logging_mixin.py:151} INFO - [2026-08-14T00:36:34.479+0000] {dagbag.py:536} INFO - Filling up the DagBag from /opt/airflow/dags/dag.py
[2026-08-14T00:36:34.488+0000] {logging_mixin.py:151} INFO - [2026-08-14T00:36:34.487+0000] {dagbag.py:346} ERROR - Failed to import: /opt/airflow/dags/dag.py
Traceback (most recent call last):
  File "/home/airflow/.local/lib/python3.8/site-packages/airflow/models/dagbag.py", line 342, in parse
    loader.exec_module(new_module)
  File "<frozen importlib._bootstrap_external>", line 839, in exec_module
  File "<frozen importlib._bootstrap_external>", line 976, in get_code
  File "<frozen importlib._bootstrap_external>", line 906, in source_to_code
  File "<frozen importlib._bootstrap>", line 219, in _call_with_frames_removed
  File "/opt/airflow/dags/dag.py", line 23
    )as dag
          ^
SyntaxError: invalid syntax
[2026-08-14T00:36:34.489+0000] {processor.py:841} WARNING - No viable dags retrieved from /opt/airflow/dags/dag.py
[2026-08-14T00:36:34.506+0000] {processor.py:179} INFO - Processing /opt/airflow/dags/dag.py took 0.033 seconds
[2026-08-14T00:37:04.746+0000] {processor.py:157} INFO - Started process (PID=11250) to work on /opt/airflow/dags/dag.py
[2026-08-14T00:37:04.747+0000] {processor.py:829} INFO - Processing file /opt/airflow/dags/dag.py for tasks to queue
[2026-08-14T00:37:04.749+0000] {logging_mixin.py:151} INFO - [2026-08-14T00:37:04.749+0000] {dagbag.py:536} INFO - Filling up the DagBag from /opt/airflow/dags/dag.py
[2026-08-14T00:37:04.754+0000] {logging_mixin.py:151} INFO - [2026-08-14T00:37:04.753+0000] {dagbag.py:346} ERROR - Failed to import: /opt/airflow/dags/dag.py
Traceback (most recent call last):
  File "/home/airflow/.local/lib/python3.8/site-packages/airflow/models/dagbag.py", line 342, in parse
    loader.exec_module(new_module)
  File "<frozen importlib._bootstrap_external>", line 839, in exec_module
  File "<frozen importlib._bootstrap_external>", line 976, in get_code
  File "<frozen importlib._bootstrap_external>", line 906, in source_to_code
  File "<frozen importlib._bootstrap>", line 219, in _call_with_frames_removed
  File "/opt/airflow/dags/dag.py", line 23
    )as dag
          ^
SyntaxError: invalid syntax
[2026-08-14T00:37:04.754+0000] {processor.py:841} WARNING - No viable dags retrieved from /opt/airflow/dags/dag.py
[2026-08-14T00:37:04.767+0000] {processor.py:179} INFO - Processing /opt/airflow/dags/dag.py took 0.024 seconds
[2026-08-14T00:37:35.061+0000] {processor.py:157} INFO - Started process (PID=11258) to work on /opt/airflow/dags/dag.py
[2026-08-14T00:37:35.062+0000] {processor.py:829} INFO - Processing file /opt/airflow/dags/dag.py for tasks to queue
[2026-08-14T00:37:35.065+0000] {logging_mixin.py:151} INFO - [2026-08-14T00:37:35.065+0000] {dagbag.py:536} INFO - Filling up the DagBag from /opt/airflow/dags/dag.py
[2026-08-14T00:37:35.072+0000] {logging_mixin.py:151} INFO - [2026-08-14T00:37:35.071+0000] {dagbag.py:346} ERROR - Failed to import: /opt/airflow/dags/dag.py
Traceback (most recent call last):
  File "/home/airflow/.local/lib/python3.8/site-packages/airflow/models/dagbag.py", line 342, in parse
    loader.exec_module(new_module)
  File "<frozen importlib._bootstrap_external>", line 839, in exec_module
  File "<frozen importlib._bootstrap_external>", line 976, in get_code
  File "<frozen importlib._bootstrap_external>", line 906, in source_to_code
  File "<frozen importlib._bootstrap>", line 219, in _call_with_frames_removed
  File "/opt/airflow/dags/dag.py", line 23
    )as dag
          ^
SyntaxError: invalid syntax
[2026-08-14T00:37:35.072+0000] {processor.py:841} WARNING - No viable dags retrieved from /opt/airflow/dags/dag.py
[2026-08-14T00:37:35.089+0000] {processor.py:179} INFO - Processing /opt/airflow/dags/dag.py took 0.032 seconds
[2026-08-14T00:38:05.367+0000] {processor.py:157} INFO - Started process (PID=11266) to work on /opt/airflow/dags/dag.py
[2026-08-14T00:38:05.367+0000] {processor.py:829} INFO - Processing file /opt/airflow/dags/dag.py for tasks to queue
[2026-08-14T00:38:05.372+0000] {logging_mixin.py:151} INFO - [2026-08-14T00:38:05.372+0000] {dagbag.py:536} INFO - Filling up the DagBag from /opt/airflow/dags/dag.py
[2026-08-14T00:38:05.378+0000] {logging_mixin.py:151} INFO - [2026-08-14T00:38:05.378+0000] {dagbag.py:346} ERROR - Failed to import: /opt/airflow/dags/dag.py
Traceback (most recent call last):
  File "/home/airflow/.local/lib/python3.8/site-packages/airflow/models/dagbag.py", line 342, in parse
    loader.exec_module(new_module)
  File "<frozen importlib._bootstrap_external>", line 839, in exec_module
  File "<frozen importlib._bootstrap_external>", line 976, in get_code
  File "<frozen importlib._bootstrap_external>", line 906, in source_to_code
  File "<frozen importlib._bootstrap>", line 219, in _call_with_frames_removed
  File "/opt/airflow/dags/dag.py", line 23
    )as dag
          ^
SyntaxError: invalid syntax
[2026-08-14T00:38:05.379+0000] {processor.py:841} WARNING - No viable dags retrieved from /opt/airflow/dags/dag.py
[2026-08-14T00:38:05.395+0000] {processor.py:179} INFO - Processing /opt/airflow/dags/dag.py took 0.030 seconds
[2026-08-14T00:38:35.684+0000] {processor.py:157} INFO - Started process (PID=11274) to work on /opt/airflow/dags/dag.py
[2026-08-14T00:38:35.685+0000] {processor.py:829} INFO - Processing file /opt/airflow/dags/dag.py for tasks to queue
[2026-08-14T00:38:35.687+0000] {logging_mixin.py:151} INFO - [2026-08-14T00:38:35.687+0000] {dagbag.py:536} INFO - Filling up the DagBag from /opt/airflow/dags/dag.py
[2026-08-14T00:38:35.693+0000] {logging_mixin.py:151} INFO - [2026-08-14T00:38:35.692+0000] {dagbag.py:346} ERROR - Failed to import: /opt/airflow/dags/dag.py
Traceback (most recent call last):
  File "/home/airflow/.local/lib/python3.8/site-packages/airflow/models/dagbag.py", line 342, in parse
    loader.exec_module(new_module)
  File "<frozen importlib._bootstrap_external>", line 839, in exec_module
  File "<frozen importlib._bootstrap_external>", line 976, in get_code
  File "<frozen importlib._bootstrap_external>", line 906, in source_to_code
  File "<frozen importlib._bootstrap>", line 219, in _call_with_frames_removed
  File "/opt/airflow/dags/dag.py", line 23
    )as dag
          ^
SyntaxError: invalid syntax
[2026-08-14T00:38:35.693+0000] {processor.py:841} WARNING - No viable dags retrieved from /opt/airflow/dags/dag.py
[2026-08-14T00:38:35.714+0000] {processor.py:179} INFO - Processing /opt/airflow/dags/dag.py took 0.032 seconds
[2026-08-14T00:39:05.989+0000] {processor.py:157} INFO - Started process (PID=11282) to work on /opt/airflow/dags/dag.py
[2026-08-14T00:39:05.990+0000] {processor.py:829} INFO - Processing file /opt/airflow/dags/dag.py for tasks to queue
[2026-08-14T00:39:05.993+0000] {logging_mixin.py:151} INFO - [2026-08-14T00:39:05.993+0000] {dagbag.py:536} INFO - Filling up the DagBag from /opt/airflow/dags/dag.py
[2026-08-14T00:39:06.000+0000] {logging_mixin.py:151} INFO - [2026-08-14T00:39:05.999+0000] {dagbag.py:346} ERROR - Failed to import: /opt/airflow/dags/dag.py
Traceback (most recent call last):
  File "/home/airflow/.local/lib/python3.8/site-packages/airflow/models/dagbag.py", line 342, in parse
    loader.exec_module(new_module)
  File "<frozen importlib._bootstrap_external>", line 839, in exec_module
  File "<frozen importlib._bootstrap_external>", line 976, in get_code
  File "<frozen importlib._bootstrap_external>", line 906, in source_to_code
  File "<frozen importlib._bootstrap>", line 219, in _call_with_frames_removed
  File "/opt/airflow/dags/dag.py", line 23
    )as dag
          ^
SyntaxError: invalid syntax
[2026-08-14T00:39:06.000+0000] {processor.py:841} WARNING - No viable dags retrieved from /opt/airflow/dags/dag.py
[2026-08-14T00:39:06.014+0000] {processor.py:179} INFO - Processing /opt/airflow/dags/dag.py took 0.029 seconds
[2026-08-14T00:39:36.312+0000] {processor.py:157} INFO - Started process (PID=11290) to work on /opt/airflow/dags/dag.py
[2026-08-14T00:39:36.315+0000] {processor.py:829} INFO - Processing file /opt/airflow/dags/dag.py for tasks to queue
[2026-08-14T00:39:36.318+0000] {logging_mixin.py:151} INFO - [2026-08-14T00:39:36.318+0000] {dagbag.py:536} INFO - Filling up the DagBag from /opt/airflow/dags/dag.py
[2026-08-14T00:39:36.328+0000] {logging_mixin.py:151} INFO - [2026-08-14T00:39:36.327+0000] {dagbag.py:346} ERROR - Failed to import: /opt/airflow/dags/dag.py
Traceback (most recent call last):
  File "/home/airflow/.local/lib/python3.8/site-packages/airflow/models/dagbag.py", line 342, in parse
    loader.exec_module(new_module)
  File "<frozen importlib._bootstrap_external>", line 839, in exec_module
  File "<frozen importlib._bootstrap_external>", line 976, in get_code
  File "<frozen importlib._bootstrap_external>", line 906, in source_to_code
  File "<frozen importlib._bootstrap>", line 219, in _call_with_frames_removed
  File "/opt/airflow/dags/dag.py", line 23
    )as dag
          ^
SyntaxError: invalid syntax
[2026-08-14T00:39:36.333+0000] {processor.py:841} WARNING - No viable dags retrieved from /opt/airflow/dags/dag.py
[2026-08-14T00:39:36.353+0000] {processor.py:179} INFO - Processing /opt/airflow/dags/dag.py took 0.048 seconds
[2026-08-14T00:40:06.656+0000] {processor.py:157} INFO - Started process (PID=11298) to work on /opt/airflow/dags/dag.py
[2026-08-14T00:40:06.657+0000] {processor.py:829} INFO - Processing file /opt/airflow/dags/dag.py for tasks to queue
[2026-08-14T00:40:06.659+0000] {logging_mixin.py:151} INFO - [2026-08-14T00:40:06.659+0000] {dagbag.py:536} INFO - Filling up the DagBag from /opt/airflow/dags/dag.py
[2026-08-14T00:40:06.664+0000] {logging_mixin.py:151} INFO - [2026-08-14T00:40:06.664+0000] {dagbag.py:346} ERROR - Failed to import: /opt/airflow/dags/dag.py
Traceback (most recent call last):
  File "/home/airflow/.local/lib/python3.8/site-packages/airflow/models/dagbag.py", line 342, in parse
    loader.exec_module(new_module)
  File "<frozen importlib._bootstrap_external>", line 839, in exec_module
  File "<frozen importlib._bootstrap_external>", line 976, in get_code
  File "<frozen importlib._bootstrap_external>", line 906, in source_to_code
  File "<frozen importlib._bootstrap>", line 219, in _call_with_frames_removed
  File "/opt/airflow/dags/dag.py", line 23
    )as dag
          ^
SyntaxError: invalid syntax
[2026-08-14T00:40:06.664+0000] {processor.py:841} WARNING - No viable dags retrieved from /opt/airflow/dags/dag.py
[2026-08-14T00:40:06.684+0000] {processor.py:179} INFO - Processing /opt/airflow/dags/dag.py took 0.030 seconds
[2026-08-14T00:40:36.965+0000] {processor.py:157} INFO - Started process (PID=11306) to work on /opt/airflow/dags/dag.py
[2026-08-14T00:40:36.966+0000] {processor.py:829} INFO - Processing file /opt/airflow/dags/dag.py for tasks to queue
[2026-08-14T00:40:36.968+0000] {logging_mixin.py:151} INFO - [2026-08-14T00:40:36.968+0000] {dagbag.py:536} INFO - Filling up the DagBag from /opt/airflow/dags/dag.py
[2026-08-14T00:40:36.975+0000] {logging_mixin.py:151} INFO - [2026-08-14T00:40:36.975+0000] {dagbag.py:346} ERROR - Failed to import: /opt/airflow/dags/dag.py
Traceback (most recent call last):
  File "/home/airflow/.local/lib/python3.8/site-packages/airflow/models/dagbag.py", line 342, in parse
    loader.exec_module(new_module)
  File "<frozen importlib._bootstrap_external>", line 839, in exec_module
  File "<frozen importlib._bootstrap_external>", line 976, in get_code
  File "<frozen importlib._bootstrap_external>", line 906, in source_to_code
  File "<frozen importlib._bootstrap>", line 219, in _call_with_frames_removed
  File "/opt/airflow/dags/dag.py", line 23
    )as dag
          ^
SyntaxError: invalid syntax
[2026-08-14T00:40:36.976+0000] {processor.py:841} WARNING - No viable dags retrieved from /opt/airflow/dags/dag.py
[2026-08-14T00:40:36.991+0000] {processor.py:179} INFO - Processing /opt/airflow/dags/dag.py took 0.027 seconds
[2026-08-14T00:41:07.252+0000] {processor.py:157} INFO - Started process (PID=11314) to work on /opt/airflow/dags/dag.py
[2026-08-14T00:41:07.253+0000] {processor.py:829} INFO - Processing file /opt/airflow/dags/dag.py for tasks to queue
[2026-08-14T00:41:07.255+0000] {logging_mixin.py:151} INFO - [2026-08-14T00:41:07.255+0000] {dagbag.py:536} INFO - Filling up the DagBag from /opt/airflow/dags/dag.py
[2026-08-14T00:41:07.260+0000] {logging_mixin.py:151} INFO - [2026-08-14T00:41:07.259+0000] {dagbag.py:346} ERROR - Failed to import: /opt/airflow/dags/dag.py
Traceback (most recent call last):
  File "/home/airflow/.local/lib/python3.8/site-packages/airflow/models/dagbag.py", line 342, in parse
    loader.exec_module(new_module)
  File "<frozen importlib._bootstrap_external>", line 839, in exec_module
  File "<frozen importlib._bootstrap_external>", line 976, in get_code
  File "<frozen importlib._bootstrap_external>", line 906, in source_to_code
  File "<frozen importlib._bootstrap>", line 219, in _call_with_frames_removed
  File "/opt/airflow/dags/dag.py", line 23
    )as dag
          ^
SyntaxError: invalid syntax
[2026-08-14T00:41:07.260+0000] {processor.py:841} WARNING - No viable dags retrieved from /opt/airflow/dags/dag.py
[2026-08-14T00:41:07.274+0000] {processor.py:179} INFO - Processing /opt/airflow/dags/dag.py took 0.025 seconds
[2026-08-14T00:41:37.541+0000] {processor.py:157} INFO - Started process (PID=11322) to work on /opt/airflow/dags/dag.py
[2026-08-14T00:41:37.543+0000] {processor.py:829} INFO - Processing file /opt/airflow/dags/dag.py for tasks to queue
[2026-08-14T00:41:37.545+0000] {logging_mixin.py:151} INFO - [2026-08-14T00:41:37.545+0000] {dagbag.py:536} INFO - Filling up the DagBag from /opt/airflow/dags/dag.py
[2026-08-14T00:41:37.551+0000] {logging_mixin.py:151} INFO - [2026-08-14T00:41:37.551+0000] {dagbag.py:346} ERROR - Failed to import: /opt/airflow/dags/dag.py
Traceback (most recent call last):
  File "/home/airflow/.local/lib/python3.8/site-packages/airflow/models/dagbag.py", line 342, in parse
    loader.exec_module(new_module)
  File "<frozen importlib._bootstrap_external>", line 839, in exec_module
  File "<frozen importlib._bootstrap_external>", line 976, in get_code
  File "<frozen importlib._bootstrap_external>", line 906, in source_to_code
  File "<frozen importlib._bootstrap>", line 219, in _call_with_frames_removed
  File "/opt/airflow/dags/dag.py", line 23
    )as dag
          ^
SyntaxError: invalid syntax
[2026-08-14T00:41:37.554+0000] {processor.py:841} WARNING - No viable dags retrieved from /opt/airflow/dags/dag.py
[2026-08-14T00:41:37.570+0000] {processor.py:179} INFO - Processing /opt/airflow/dags/dag.py took 0.031 seconds
[2026-08-14T00:42:07.875+0000] {processor.py:157} INFO - Started process (PID=11330) to work on /opt/airflow/dags/dag.py
[2026-08-14T00:42:07.876+0000] {processor.py:829} INFO - Processing file /opt/airflow/dags/dag.py for tasks to queue
[2026-08-14T00:42:07.877+0000] {logging_mixin.py:151} INFO - [2026-08-14T00:42:07.877+0000] {dagbag.py:536} INFO - Filling up the DagBag from /opt/airflow/dags/dag.py
[2026-08-14T00:42:07.883+0000] {logging_mixin.py:151} INFO - [2026-08-14T00:42:07.883+0000] {dagbag.py:346} ERROR - Failed to import: /opt/airflow/dags/dag.py
Traceback (most recent call last):
  File "/home/airflow/.local/lib/python3.8/site-packages/airflow/models/dagbag.py", line 342, in parse
    loader.exec_module(new_module)
  File "<frozen importlib._bootstrap_external>", line 839, in exec_module
  File "<frozen importlib._bootstrap_external>", line 976, in get_code
  File "<frozen importlib._bootstrap_external>", line 906, in source_to_code
  File "<frozen importlib._bootstrap>", line 219, in _call_with_frames_removed
  File "/opt/airflow/dags/dag.py", line 23
    )as dag
          ^
SyntaxError: invalid syntax
[2026-08-14T00:42:07.883+0000] {processor.py:841} WARNING - No viable dags retrieved from /opt/airflow/dags/dag.py
[2026-08-14T00:42:07.895+0000] {processor.py:179} INFO - Processing /opt/airflow/dags/dag.py took 0.021 seconds
[2026-08-14T00:42:38.161+0000] {processor.py:157} INFO - Started process (PID=11338) to work on /opt/airflow/dags/dag.py
[2026-08-14T00:42:38.161+0000] {processor.py:829} INFO - Processing file /opt/airflow/dags/dag.py for tasks to queue
[2026-08-14T00:42:38.164+0000] {logging_mixin.py:151} INFO - [2026-08-14T00:42:38.164+0000] {dagbag.py:536} INFO - Filling up the DagBag from /opt/airflow/dags/dag.py
[2026-08-14T00:42:38.170+0000] {logging_mixin.py:151} INFO - [2026-08-14T00:42:38.169+0000] {dagbag.py:346} ERROR - Failed to import: /opt/airflow/dags/dag.py
Traceback (most recent call last):
  File "/home/airflow/.local/lib/python3.8/site-packages/airflow/models/dagbag.py", line 342, in parse
    loader.exec_module(new_module)
  File "<frozen importlib._bootstrap_external>", line 839, in exec_module
  File "<frozen importlib._bootstrap_external>", line 976, in get_code
  File "<frozen importlib._bootstrap_external>", line 906, in source_to_code
  File "<frozen importlib._bootstrap>", line 219, in _call_with_frames_removed
  File "/opt/airflow/dags/dag.py", line 23
    )as dag
          ^
SyntaxError: invalid syntax
[2026-08-14T00:42:38.170+0000] {processor.py:841} WARNING - No viable dags retrieved from /opt/airflow/dags/dag.py
[2026-08-14T00:42:38.190+0000] {processor.py:179} INFO - Processing /opt/airflow/dags/dag.py took 0.031 seconds
[2026-08-14T00:43:08.447+0000] {processor.py:157} INFO - Started process (PID=11346) to work on /opt/airflow/dags/dag.py
[2026-08-14T00:43:08.448+0000] {processor.py:829} INFO - Processing file /opt/airflow/dags/dag.py for tasks to queue
[2026-08-14T00:43:08.450+0000] {logging_mixin.py:151} INFO - [2026-08-14T00:43:08.450+0000] {dagbag.py:536} INFO - Filling up the DagBag from /opt/airflow/dags/dag.py
[2026-08-14T00:43:08.455+0000] {logging_mixin.py:151} INFO - [2026-08-14T00:43:08.454+0000] {dagbag.py:346} ERROR - Failed to import: /opt/airflow/dags/dag.py
Traceback (most recent call last):
  File "/home/airflow/.local/lib/python3.8/site-packages/airflow/models/dagbag.py", line 342, in parse
    loader.exec_module(new_module)
  File "<frozen importlib._bootstrap_external>", line 839, in exec_module
  File "<frozen importlib._bootstrap_external>", line 976, in get_code
  File "<frozen importlib._bootstrap_external>", line 906, in source_to_code
  File "<frozen importlib._bootstrap>", line 219, in _call_with_frames_removed
  File "/opt/airflow/dags/dag.py", line 23
    )as dag
          ^
SyntaxError: invalid syntax
[2026-08-14T00:43:08.455+0000] {processor.py:841} WARNING - No viable dags retrieved from /opt/airflow/dags/dag.py
[2026-08-14T00:43:08.468+0000] {processor.py:179} INFO - Processing /opt/airflow/dags/dag.py took 0.023 seconds
[2026-08-14T00:43:38.750+0000] {processor.py:157} INFO - Started process (PID=11354) to work on /opt/airflow/dags/dag.py
[2026-08-14T00:43:38.752+0000] {processor.py:829} INFO - Processing file /opt/airflow/dags/dag.py for tasks to queue
[2026-08-14T00:43:38.754+0000] {logging_mixin.py:151} INFO - [2026-08-14T00:43:38.754+0000] {dagbag.py:536} INFO - Filling up the DagBag from /opt/airflow/dags/dag.py
[2026-08-14T00:43:38.761+0000] {logging_mixin.py:151} INFO - [2026-08-14T00:43:38.761+0000] {dagbag.py:346} ERROR - Failed to import: /opt/airflow/dags/dag.py
Traceback (most recent call last):
  File "/home/airflow/.local/lib/python3.8/site-packages/airflow/models/dagbag.py", line 342, in parse
    loader.exec_module(new_module)
  File "<frozen importlib._bootstrap_external>", line 839, in exec_module
  File "<frozen importlib._bootstrap_external>", line 976, in get_code
  File "<frozen importlib._bootstrap_external>", line 906, in source_to_code
  File "<frozen importlib._bootstrap>", line 219, in _call_with_frames_removed
  File "/opt/airflow/dags/dag.py", line 23
    )as dag
          ^
SyntaxError: invalid syntax
[2026-08-14T00:43:38.761+0000] {processor.py:841} WARNING - No viable dags retrieved from /opt/airflow/dags/dag.py
[2026-08-14T00:43:38.779+0000] {processor.py:179} INFO - Processing /opt/airflow/dags/dag.py took 0.032 seconds
[2026-08-14T00:44:09.072+0000] {processor.py:157} INFO - Started process (PID=11362) to work on /opt/airflow/dags/dag.py
[2026-08-14T00:44:09.073+0000] {processor.py:829} INFO - Processing file /opt/airflow/dags/dag.py for tasks to queue
[2026-08-14T00:44:09.076+0000] {logging_mixin.py:151} INFO - [2026-08-14T00:44:09.076+0000] {dagbag.py:536} INFO - Filling up the DagBag from /opt/airflow/dags/dag.py
[2026-08-14T00:44:09.080+0000] {logging_mixin.py:151} INFO - [2026-08-14T00:44:09.079+0000] {dagbag.py:346} ERROR - Failed to import: /opt/airflow/dags/dag.py
Traceback (most recent call last):
  File "/home/airflow/.local/lib/python3.8/site-packages/airflow/models/dagbag.py", line 342, in parse
    loader.exec_module(new_module)
  File "<frozen importlib._bootstrap_external>", line 839, in exec_module
  File "<frozen importlib._bootstrap_external>", line 976, in get_code
  File "<frozen importlib._bootstrap_external>", line 906, in source_to_code
  File "<frozen importlib._bootstrap>", line 219, in _call_with_frames_removed
  File "/opt/airflow/dags/dag.py", line 23
    )as dag
          ^
SyntaxError: invalid syntax
[2026-08-14T00:44:09.081+0000] {processor.py:841} WARNING - No viable dags retrieved from /opt/airflow/dags/dag.py
[2026-08-14T00:44:09.095+0000] {processor.py:179} INFO - Processing /opt/airflow/dags/dag.py took 0.025 seconds
[2026-08-14T00:44:39.350+0000] {processor.py:157} INFO - Started process (PID=11370) to work on /opt/airflow/dags/dag.py
[2026-08-14T00:44:39.351+0000] {processor.py:829} INFO - Processing file /opt/airflow/dags/dag.py for tasks to queue
[2026-08-14T00:44:39.356+0000] {logging_mixin.py:151} INFO - [2026-08-14T00:44:39.355+0000] {dagbag.py:536} INFO - Filling up the DagBag from /opt/airflow/dags/dag.py
[2026-08-14T00:44:39.358+0000] {logging_mixin.py:151} INFO - [2026-08-14T00:44:39.357+0000] {dagbag.py:346} ERROR - Failed to import: /opt/airflow/dags/dag.py
Traceback (most recent call last):
  File "/home/airflow/.local/lib/python3.8/site-packages/airflow/models/dagbag.py", line 342, in parse
    loader.exec_module(new_module)
  File "<frozen importlib._bootstrap_external>", line 839, in exec_module
  File "<frozen importlib._bootstrap_external>", line 976, in get_code
  File "<frozen importlib._bootstrap_external>", line 906, in source_to_code
  File "<frozen importlib._bootstrap>", line 219, in _call_with_frames_removed
  File "/opt/airflow/dags/dag.py", line 23
    )as dag
          ^
SyntaxError: invalid syntax
[2026-08-14T00:44:39.358+0000] {processor.py:841} WARNING - No viable dags retrieved from /opt/airflow/dags/dag.py
[2026-08-14T00:44:39.375+0000] {processor.py:179} INFO - Processing /opt/airflow/dags/dag.py took 0.029 seconds
[2026-08-14T00:45:09.699+0000] {processor.py:157} INFO - Started process (PID=11378) to work on /opt/airflow/dags/dag.py
[2026-08-14T00:45:09.701+0000] {processor.py:829} INFO - Processing file /opt/airflow/dags/dag.py for tasks to queue
[2026-08-14T00:45:09.702+0000] {logging_mixin.py:151} INFO - [2026-08-14T00:45:09.702+0000] {dagbag.py:536} INFO - Filling up the DagBag from /opt/airflow/dags/dag.py
[2026-08-14T00:45:09.709+0000] {logging_mixin.py:151} INFO - [2026-08-14T00:45:09.708+0000] {dagbag.py:346} ERROR - Failed to import: /opt/airflow/dags/dag.py
Traceback (most recent call last):
  File "/home/airflow/.local/lib/python3.8/site-packages/airflow/models/dagbag.py", line 342, in parse
    loader.exec_module(new_module)
  File "<frozen importlib._bootstrap_external>", line 839, in exec_module
  File "<frozen importlib._bootstrap_external>", line 976, in get_code
  File "<frozen importlib._bootstrap_external>", line 906, in source_to_code
  File "<frozen importlib._bootstrap>", line 219, in _call_with_frames_removed
  File "/opt/airflow/dags/dag.py", line 23
    )as dag
          ^
SyntaxError: invalid syntax
[2026-08-14T00:45:09.709+0000] {processor.py:841} WARNING - No viable dags retrieved from /opt/airflow/dags/dag.py
[2026-08-14T00:45:09.724+0000] {processor.py:179} INFO - Processing /opt/airflow/dags/dag.py took 0.028 seconds
[2026-08-14T00:45:39.976+0000] {processor.py:157} INFO - Started process (PID=11386) to work on /opt/airflow/dags/dag.py
[2026-08-14T00:45:39.977+0000] {processor.py:829} INFO - Processing file /opt/airflow/dags/dag.py for tasks to queue
[2026-08-14T00:45:39.978+0000] {logging_mixin.py:151} INFO - [2026-08-14T00:45:39.978+0000] {dagbag.py:536} INFO - Filling up the DagBag from /opt/airflow/dags/dag.py
[2026-08-14T00:45:39.983+0000] {logging_mixin.py:151} INFO - [2026-08-14T00:45:39.982+0000] {dagbag.py:346} ERROR - Failed to import: /opt/airflow/dags/dag.py
Traceback (most recent call last):
  File "/home/airflow/.local/lib/python3.8/site-packages/airflow/models/dagbag.py", line 342, in parse
    loader.exec_module(new_module)
  File "<frozen importlib._bootstrap_external>", line 839, in exec_module
  File "<frozen importlib._bootstrap_external>", line 976, in get_code
  File "<frozen importlib._bootstrap_external>", line 906, in source_to_code
  File "<frozen importlib._bootstrap>", line 219, in _call_with_frames_removed
  File "/opt/airflow/dags/dag.py", line 23
    )as dag
          ^
SyntaxError: invalid syntax
[2026-08-14T00:45:39.983+0000] {processor.py:841} WARNING - No viable dags retrieved from /opt/airflow/dags/dag.py
[2026-08-14T00:45:39.999+0000] {processor.py:179} INFO - Processing /opt/airflow/dags/dag.py took 0.024 seconds
[2026-08-14T00:46:10.230+0000] {processor.py:157} INFO - Started process (PID=11394) to work on /opt/airflow/dags/dag.py
[2026-08-14T00:46:10.231+0000] {processor.py:829} INFO - Processing file /opt/airflow/dags/dag.py for tasks to queue
[2026-08-14T00:46:10.232+0000] {logging_mixin.py:151} INFO - [2026-08-14T00:46:10.232+0000] {dagbag.py:536} INFO - Filling up the DagBag from /opt/airflow/dags/dag.py
[2026-08-14T00:46:10.237+0000] {logging_mixin.py:151} INFO - [2026-08-14T00:46:10.236+0000] {dagbag.py:346} ERROR - Failed to import: /opt/airflow/dags/dag.py
Traceback (most recent call last):
  File "/home/airflow/.local/lib/python3.8/site-packages/airflow/models/dagbag.py", line 342, in parse
    loader.exec_module(new_module)
  File "<frozen importlib._bootstrap_external>", line 839, in exec_module
  File "<frozen importlib._bootstrap_external>", line 976, in get_code
  File "<frozen importlib._bootstrap_external>", line 906, in source_to_code
  File "<frozen importlib._bootstrap>", line 219, in _call_with_frames_removed
  File "/opt/airflow/dags/dag.py", line 23
    )as dag
          ^
SyntaxError: invalid syntax
[2026-08-14T00:46:10.237+0000] {processor.py:841} WARNING - No viable dags retrieved from /opt/airflow/dags/dag.py
[2026-08-14T00:46:10.251+0000] {processor.py:179} INFO - Processing /opt/airflow/dags/dag.py took 0.024 seconds
[2026-08-14T00:46:40.513+0000] {processor.py:157} INFO - Started process (PID=11402) to work on /opt/airflow/dags/dag.py
[2026-08-14T00:46:40.515+0000] {processor.py:829} INFO - Processing file /opt/airflow/dags/dag.py for tasks to queue
[2026-08-14T00:46:40.517+0000] {logging_mixin.py:151} INFO - [2026-08-14T00:46:40.517+0000] {dagbag.py:536} INFO - Filling up the DagBag from /opt/airflow/dags/dag.py
[2026-08-14T00:46:40.525+0000] {logging_mixin.py:151} INFO - [2026-08-14T00:46:40.524+0000] {dagbag.py:346} ERROR - Failed to import: /opt/airflow/dags/dag.py
Traceback (most recent call last):
  File "/home/airflow/.local/lib/python3.8/site-packages/airflow/models/dagbag.py", line 342, in parse
    loader.exec_module(new_module)
  File "<frozen importlib._bootstrap_external>", line 839, in exec_module
  File "<frozen importlib._bootstrap_external>", line 976, in get_code
  File "<frozen importlib._bootstrap_external>", line 906, in source_to_code
  File "<frozen importlib._bootstrap>", line 219, in _call_with_frames_removed
  File "/opt/airflow/dags/dag.py", line 23
    )as dag
          ^
SyntaxError: invalid syntax
[2026-08-14T00:46:40.526+0000] {processor.py:841} WARNING - No viable dags retrieved from /opt/airflow/dags/dag.py
[2026-08-14T00:46:40.538+0000] {processor.py:179} INFO - Processing /opt/airflow/dags/dag.py took 0.027 seconds
[2026-08-14T00:47:10.841+0000] {processor.py:157} INFO - Started process (PID=11410) to work on /opt/airflow/dags/dag.py
[2026-08-14T00:47:10.842+0000] {processor.py:829} INFO - Processing file /opt/airflow/dags/dag.py for tasks to queue
[2026-08-14T00:47:10.843+0000] {logging_mixin.py:151} INFO - [2026-08-14T00:47:10.843+0000] {dagbag.py:536} INFO - Filling up the DagBag from /opt/airflow/dags/dag.py
[2026-08-14T00:47:10.848+0000] {logging_mixin.py:151} INFO - [2026-08-14T00:47:10.848+0000] {dagbag.py:346} ERROR - Failed to import: /opt/airflow/dags/dag.py
Traceback (most recent call last):
  File "/home/airflow/.local/lib/python3.8/site-packages/airflow/models/dagbag.py", line 342, in parse
    loader.exec_module(new_module)
  File "<frozen importlib._bootstrap_external>", line 839, in exec_module
  File "<frozen importlib._bootstrap_external>", line 976, in get_code
  File "<frozen importlib._bootstrap_external>", line 906, in source_to_code
  File "<frozen importlib._bootstrap>", line 219, in _call_with_frames_removed
  File "/opt/airflow/dags/dag.py", line 23
    )as dag
          ^
SyntaxError: invalid syntax
[2026-08-14T00:47:10.849+0000] {processor.py:841} WARNING - No viable dags retrieved from /opt/airflow/dags/dag.py
[2026-08-14T00:47:10.866+0000] {processor.py:179} INFO - Processing /opt/airflow/dags/dag.py took 0.028 seconds
[2026-08-14T00:47:41.152+0000] {processor.py:157} INFO - Started process (PID=11418) to work on /opt/airflow/dags/dag.py
[2026-08-14T00:47:41.154+0000] {processor.py:829} INFO - Processing file /opt/airflow/dags/dag.py for tasks to queue
[2026-08-14T00:47:41.158+0000] {logging_mixin.py:151} INFO - [2026-08-14T00:47:41.158+0000] {dagbag.py:536} INFO - Filling up the DagBag from /opt/airflow/dags/dag.py
[2026-08-14T00:47:41.163+0000] {logging_mixin.py:151} INFO - [2026-08-14T00:47:41.162+0000] {dagbag.py:346} ERROR - Failed to import: /opt/airflow/dags/dag.py
Traceback (most recent call last):
  File "/home/airflow/.local/lib/python3.8/site-packages/airflow/models/dagbag.py", line 342, in parse
    loader.exec_module(new_module)
  File "<frozen importlib._bootstrap_external>", line 839, in exec_module
  File "<frozen importlib._bootstrap_external>", line 976, in get_code
  File "<frozen importlib._bootstrap_external>", line 906, in source_to_code
  File "<frozen importlib._bootstrap>", line 219, in _call_with_frames_removed
  File "/opt/airflow/dags/dag.py", line 23
    )as dag
          ^
SyntaxError: invalid syntax
[2026-08-14T00:47:41.163+0000] {processor.py:841} WARNING - No viable dags retrieved from /opt/airflow/dags/dag.py
[2026-08-14T00:47:41.176+0000] {processor.py:179} INFO - Processing /opt/airflow/dags/dag.py took 0.027 seconds
[2026-08-14T00:48:11.465+0000] {processor.py:157} INFO - Started process (PID=11426) to work on /opt/airflow/dags/dag.py
[2026-08-14T00:48:11.466+0000] {processor.py:829} INFO - Processing file /opt/airflow/dags/dag.py for tasks to queue
[2026-08-14T00:48:11.468+0000] {logging_mixin.py:151} INFO - [2026-08-14T00:48:11.468+0000] {dagbag.py:536} INFO - Filling up the DagBag from /opt/airflow/dags/dag.py
[2026-08-14T00:48:11.476+0000] {logging_mixin.py:151} INFO - [2026-08-14T00:48:11.476+0000] {dagbag.py:346} ERROR - Failed to import: /opt/airflow/dags/dag.py
Traceback (most recent call last):
  File "/home/airflow/.local/lib/python3.8/site-packages/airflow/models/dagbag.py", line 342, in parse
    loader.exec_module(new_module)
  File "<frozen importlib._bootstrap_external>", line 839, in exec_module
  File "<frozen importlib._bootstrap_external>", line 976, in get_code
  File "<frozen importlib._bootstrap_external>", line 906, in source_to_code
  File "<frozen importlib._bootstrap>", line 219, in _call_with_frames_removed
  File "/opt/airflow/dags/dag.py", line 23
    )as dag
          ^
SyntaxError: invalid syntax
[2026-08-14T00:48:11.477+0000] {processor.py:841} WARNING - No viable dags retrieved from /opt/airflow/dags/dag.py
[2026-08-14T00:48:11.489+0000] {processor.py:179} INFO - Processing /opt/airflow/dags/dag.py took 0.026 seconds
[2026-08-14T00:48:41.730+0000] {processor.py:157} INFO - Started process (PID=11434) to work on /opt/airflow/dags/dag.py
[2026-08-14T00:48:41.730+0000] {processor.py:829} INFO - Processing file /opt/airflow/dags/dag.py for tasks to queue
[2026-08-14T00:48:41.734+0000] {logging_mixin.py:151} INFO - [2026-08-14T00:48:41.732+0000] {dagbag.py:536} INFO - Filling up the DagBag from /opt/airflow/dags/dag.py
[2026-08-14T00:48:41.740+0000] {logging_mixin.py:151} INFO - [2026-08-14T00:48:41.739+0000] {dagbag.py:346} ERROR - Failed to import: /opt/airflow/dags/dag.py
Traceback (most recent call last):
  File "/home/airflow/.local/lib/python3.8/site-packages/airflow/models/dagbag.py", line 342, in parse
    loader.exec_module(new_module)
  File "<frozen importlib._bootstrap_external>", line 839, in exec_module
  File "<frozen importlib._bootstrap_external>", line 976, in get_code
  File "<frozen importlib._bootstrap_external>", line 906, in source_to_code
  File "<frozen importlib._bootstrap>", line 219, in _call_with_frames_removed
  File "/opt/airflow/dags/dag.py", line 23
    )as dag
          ^
SyntaxError: invalid syntax
[2026-08-14T00:48:41.740+0000] {processor.py:841} WARNING - No viable dags retrieved from /opt/airflow/dags/dag.py
[2026-08-14T00:48:41.753+0000] {processor.py:179} INFO - Processing /opt/airflow/dags/dag.py took 0.025 seconds
[2026-08-14T00:49:12.064+0000] {processor.py:157} INFO - Started process (PID=11442) to work on /opt/airflow/dags/dag.py
[2026-08-14T00:49:12.065+0000] {processor.py:829} INFO - Processing file /opt/airflow/dags/dag.py for tasks to queue
[2026-08-14T00:49:12.068+0000] {logging_mixin.py:151} INFO - [2026-08-14T00:49:12.067+0000] {dagbag.py:536} INFO - Filling up the DagBag from /opt/airflow/dags/dag.py
[2026-08-14T00:49:12.072+0000] {logging_mixin.py:151} INFO - [2026-08-14T00:49:12.071+0000] {dagbag.py:346} ERROR - Failed to import: /opt/airflow/dags/dag.py
Traceback (most recent call last):
  File "/home/airflow/.local/lib/python3.8/site-packages/airflow/models/dagbag.py", line 342, in parse
    loader.exec_module(new_module)
  File "<frozen importlib._bootstrap_external>", line 839, in exec_module
  File "<frozen importlib._bootstrap_external>", line 976, in get_code
  File "<frozen importlib._bootstrap_external>", line 906, in source_to_code
  File "<frozen importlib._bootstrap>", line 219, in _call_with_frames_removed
  File "/opt/airflow/dags/dag.py", line 23
    )as dag
          ^
SyntaxError: invalid syntax
[2026-08-14T00:49:12.072+0000] {processor.py:841} WARNING - No viable dags retrieved from /opt/airflow/dags/dag.py
[2026-08-14T00:49:12.087+0000] {processor.py:179} INFO - Processing /opt/airflow/dags/dag.py took 0.025 seconds
[2026-08-14T00:49:42.354+0000] {processor.py:157} INFO - Started process (PID=11450) to work on /opt/airflow/dags/dag.py
[2026-08-14T00:49:42.355+0000] {processor.py:829} INFO - Processing file /opt/airflow/dags/dag.py for tasks to queue
[2026-08-14T00:49:42.357+0000] {logging_mixin.py:151} INFO - [2026-08-14T00:49:42.357+0000] {dagbag.py:536} INFO - Filling up the DagBag from /opt/airflow/dags/dag.py
[2026-08-14T00:49:42.362+0000] {logging_mixin.py:151} INFO - [2026-08-14T00:49:42.361+0000] {dagbag.py:346} ERROR - Failed to import: /opt/airflow/dags/dag.py
Traceback (most recent call last):
  File "/home/airflow/.local/lib/python3.8/site-packages/airflow/models/dagbag.py", line 342, in parse
    loader.exec_module(new_module)
  File "<frozen importlib._bootstrap_external>", line 839, in exec_module
  File "<frozen importlib._bootstrap_external>", line 976, in get_code
  File "<frozen importlib._bootstrap_external>", line 906, in source_to_code
  File "<frozen importlib._bootstrap>", line 219, in _call_with_frames_removed
  File "/opt/airflow/dags/dag.py", line 23
    )as dag
          ^
SyntaxError: invalid syntax
[2026-08-14T00:49:42.362+0000] {processor.py:841} WARNING - No viable dags retrieved from /opt/airflow/dags/dag.py
[2026-08-14T00:49:42.383+0000] {processor.py:179} INFO - Processing /opt/airflow/dags/dag.py took 0.032 seconds
[2026-08-14T00:50:12.670+0000] {processor.py:157} INFO - Started process (PID=11458) to work on /opt/airflow/dags/dag.py
[2026-08-14T00:50:12.671+0000] {processor.py:829} INFO - Processing file /opt/airflow/dags/dag.py for tasks to queue
[2026-08-14T00:50:12.673+0000] {logging_mixin.py:151} INFO - [2026-08-14T00:50:12.673+0000] {dagbag.py:536} INFO - Filling up the DagBag from /opt/airflow/dags/dag.py
[2026-08-14T00:50:12.677+0000] {logging_mixin.py:151} INFO - [2026-08-14T00:50:12.676+0000] {dagbag.py:346} ERROR - Failed to import: /opt/airflow/dags/dag.py
Traceback (most recent call last):
  File "/home/airflow/.local/lib/python3.8/site-packages/airflow/models/dagbag.py", line 342, in parse
    loader.exec_module(new_module)
  File "<frozen importlib._bootstrap_external>", line 839, in exec_module
  File "<frozen importlib._bootstrap_external>", line 976, in get_code
  File "<frozen importlib._bootstrap_external>", line 906, in source_to_code
  File "<frozen importlib._bootstrap>", line 219, in _call_with_frames_removed
  File "/opt/airflow/dags/dag.py", line 23
    )as dag
          ^
SyntaxError: invalid syntax
[2026-08-14T00:50:12.677+0000] {processor.py:841} WARNING - No viable dags retrieved from /opt/airflow/dags/dag.py
[2026-08-14T00:50:12.692+0000] {processor.py:179} INFO - Processing /opt/airflow/dags/dag.py took 0.024 seconds
[2026-08-14T00:50:42.991+0000] {processor.py:157} INFO - Started process (PID=11466) to work on /opt/airflow/dags/dag.py
[2026-08-14T00:50:42.993+0000] {processor.py:829} INFO - Processing file /opt/airflow/dags/dag.py for tasks to queue
[2026-08-14T00:50:42.997+0000] {logging_mixin.py:151} INFO - [2026-08-14T00:50:42.997+0000] {dagbag.py:536} INFO - Filling up the DagBag from /opt/airflow/dags/dag.py
[2026-08-14T00:50:42.999+0000] {logging_mixin.py:151} INFO - [2026-08-14T00:50:42.999+0000] {dagbag.py:346} ERROR - Failed to import: /opt/airflow/dags/dag.py
Traceback (most recent call last):
  File "/home/airflow/.local/lib/python3.8/site-packages/airflow/models/dagbag.py", line 342, in parse
    loader.exec_module(new_module)
  File "<frozen importlib._bootstrap_external>", line 839, in exec_module
  File "<frozen importlib._bootstrap_external>", line 976, in get_code
  File "<frozen importlib._bootstrap_external>", line 906, in source_to_code
  File "<frozen importlib._bootstrap>", line 219, in _call_with_frames_removed
  File "/opt/airflow/dags/dag.py", line 23
    )as dag
          ^
SyntaxError: invalid syntax
[2026-08-14T00:50:43.000+0000] {processor.py:841} WARNING - No viable dags retrieved from /opt/airflow/dags/dag.py
[2026-08-14T00:50:43.015+0000] {processor.py:179} INFO - Processing /opt/airflow/dags/dag.py took 0.027 seconds
[2026-08-14T00:51:13.359+0000] {processor.py:157} INFO - Started process (PID=11474) to work on /opt/airflow/dags/dag.py
[2026-08-14T00:51:13.360+0000] {processor.py:829} INFO - Processing file /opt/airflow/dags/dag.py for tasks to queue
[2026-08-14T00:51:13.361+0000] {logging_mixin.py:151} INFO - [2026-08-14T00:51:13.361+0000] {dagbag.py:536} INFO - Filling up the DagBag from /opt/airflow/dags/dag.py
[2026-08-14T00:51:13.367+0000] {logging_mixin.py:151} INFO - [2026-08-14T00:51:13.367+0000] {dagbag.py:346} ERROR - Failed to import: /opt/airflow/dags/dag.py
Traceback (most recent call last):
  File "/home/airflow/.local/lib/python3.8/site-packages/airflow/models/dagbag.py", line 342, in parse
    loader.exec_module(new_module)
  File "<frozen importlib._bootstrap_external>", line 839, in exec_module
  File "<frozen importlib._bootstrap_external>", line 976, in get_code
  File "<frozen importlib._bootstrap_external>", line 906, in source_to_code
  File "<frozen importlib._bootstrap>", line 219, in _call_with_frames_removed
  File "/opt/airflow/dags/dag.py", line 23
    )as dag
          ^
SyntaxError: invalid syntax
[2026-08-14T00:51:13.367+0000] {processor.py:841} WARNING - No viable dags retrieved from /opt/airflow/dags/dag.py
[2026-08-14T00:51:13.378+0000] {processor.py:179} INFO - Processing /opt/airflow/dags/dag.py took 0.021 seconds
[2026-08-14T00:51:43.699+0000] {processor.py:157} INFO - Started process (PID=11482) to work on /opt/airflow/dags/dag.py
[2026-08-14T00:51:43.700+0000] {processor.py:829} INFO - Processing file /opt/airflow/dags/dag.py for tasks to queue
[2026-08-14T00:51:43.703+0000] {logging_mixin.py:151} INFO - [2026-08-14T00:51:43.703+0000] {dagbag.py:536} INFO - Filling up the DagBag from /opt/airflow/dags/dag.py
[2026-08-14T00:51:43.709+0000] {logging_mixin.py:151} INFO - [2026-08-14T00:51:43.709+0000] {dagbag.py:346} ERROR - Failed to import: /opt/airflow/dags/dag.py
Traceback (most recent call last):
  File "/home/airflow/.local/lib/python3.8/site-packages/airflow/models/dagbag.py", line 342, in parse
    loader.exec_module(new_module)
  File "<frozen importlib._bootstrap_external>", line 839, in exec_module
  File "<frozen importlib._bootstrap_external>", line 976, in get_code
  File "<frozen importlib._bootstrap_external>", line 906, in source_to_code
  File "<frozen importlib._bootstrap>", line 219, in _call_with_frames_removed
  File "/opt/airflow/dags/dag.py", line 23
    )as dag
          ^
SyntaxError: invalid syntax
[2026-08-14T00:51:43.709+0000] {processor.py:841} WARNING - No viable dags retrieved from /opt/airflow/dags/dag.py
[2026-08-14T00:51:43.720+0000] {processor.py:179} INFO - Processing /opt/airflow/dags/dag.py took 0.023 seconds
[2026-08-14T00:52:14.038+0000] {processor.py:157} INFO - Started process (PID=11490) to work on /opt/airflow/dags/dag.py
[2026-08-14T00:52:14.038+0000] {processor.py:829} INFO - Processing file /opt/airflow/dags/dag.py for tasks to queue
[2026-08-14T00:52:14.041+0000] {logging_mixin.py:151} INFO - [2026-08-14T00:52:14.041+0000] {dagbag.py:536} INFO - Filling up the DagBag from /opt/airflow/dags/dag.py
[2026-08-14T00:52:14.045+0000] {logging_mixin.py:151} INFO - [2026-08-14T00:52:14.044+0000] {dagbag.py:346} ERROR - Failed to import: /opt/airflow/dags/dag.py
Traceback (most recent call last):
  File "/home/airflow/.local/lib/python3.8/site-packages/airflow/models/dagbag.py", line 342, in parse
    loader.exec_module(new_module)
  File "<frozen importlib._bootstrap_external>", line 839, in exec_module
  File "<frozen importlib._bootstrap_external>", line 976, in get_code
  File "<frozen importlib._bootstrap_external>", line 906, in source_to_code
  File "<frozen importlib._bootstrap>", line 219, in _call_with_frames_removed
  File "/opt/airflow/dags/dag.py", line 23
    )as dag
          ^
SyntaxError: invalid syntax
[2026-08-14T00:52:14.045+0000] {processor.py:841} WARNING - No viable dags retrieved from /opt/airflow/dags/dag.py
[2026-08-14T00:52:14.054+0000] {processor.py:179} INFO - Processing /opt/airflow/dags/dag.py took 0.019 seconds
[2026-08-14T00:52:44.300+0000] {processor.py:157} INFO - Started process (PID=11497) to work on /opt/airflow/dags/dag.py
[2026-08-14T00:52:44.301+0000] {processor.py:829} INFO - Processing file /opt/airflow/dags/dag.py for tasks to queue
[2026-08-14T00:52:44.304+0000] {logging_mixin.py:151} INFO - [2026-08-14T00:52:44.304+0000] {dagbag.py:536} INFO - Filling up the DagBag from /opt/airflow/dags/dag.py
[2026-08-14T00:52:44.309+0000] {logging_mixin.py:151} INFO - [2026-08-14T00:52:44.309+0000] {dagbag.py:346} ERROR - Failed to import: /opt/airflow/dags/dag.py
Traceback (most recent call last):
  File "/home/airflow/.local/lib/python3.8/site-packages/airflow/models/dagbag.py", line 342, in parse
    loader.exec_module(new_module)
  File "<frozen importlib._bootstrap_external>", line 839, in exec_module
  File "<frozen importlib._bootstrap_external>", line 976, in get_code
  File "<frozen importlib._bootstrap_external>", line 906, in source_to_code
  File "<frozen importlib._bootstrap>", line 219, in _call_with_frames_removed
  File "/opt/airflow/dags/dag.py", line 23
    )as dag
          ^
SyntaxError: invalid syntax
[2026-08-14T00:52:44.309+0000] {processor.py:841} WARNING - No viable dags retrieved from /opt/airflow/dags/dag.py
[2026-08-14T00:52:44.325+0000] {processor.py:179} INFO - Processing /opt/airflow/dags/dag.py took 0.026 seconds
[2026-08-14T00:53:14.566+0000] {processor.py:157} INFO - Started process (PID=11505) to work on /opt/airflow/dags/dag.py
[2026-08-14T00:53:14.567+0000] {processor.py:829} INFO - Processing file /opt/airflow/dags/dag.py for tasks to queue
[2026-08-14T00:53:14.568+0000] {logging_mixin.py:151} INFO - [2026-08-14T00:53:14.568+0000] {dagbag.py:536} INFO - Filling up the DagBag from /opt/airflow/dags/dag.py
[2026-08-14T00:53:14.572+0000] {logging_mixin.py:151} INFO - [2026-08-14T00:53:14.571+0000] {dagbag.py:346} ERROR - Failed to import: /opt/airflow/dags/dag.py
Traceback (most recent call last):
  File "/home/airflow/.local/lib/python3.8/site-packages/airflow/models/dagbag.py", line 342, in parse
    loader.exec_module(new_module)
  File "<frozen importlib._bootstrap_external>", line 839, in exec_module
  File "<frozen importlib._bootstrap_external>", line 976, in get_code
  File "<frozen importlib._bootstrap_external>", line 906, in source_to_code
  File "<frozen importlib._bootstrap>", line 219, in _call_with_frames_removed
  File "/opt/airflow/dags/dag.py", line 23
    )as dag
          ^
SyntaxError: invalid syntax
[2026-08-14T00:53:14.572+0000] {processor.py:841} WARNING - No viable dags retrieved from /opt/airflow/dags/dag.py
[2026-08-14T00:53:14.582+0000] {processor.py:179} INFO - Processing /opt/airflow/dags/dag.py took 0.018 seconds
[2026-08-14T00:53:44.839+0000] {processor.py:157} INFO - Started process (PID=11513) to work on /opt/airflow/dags/dag.py
[2026-08-14T00:53:44.840+0000] {processor.py:829} INFO - Processing file /opt/airflow/dags/dag.py for tasks to queue
[2026-08-14T00:53:44.842+0000] {logging_mixin.py:151} INFO - [2026-08-14T00:53:44.842+0000] {dagbag.py:536} INFO - Filling up the DagBag from /opt/airflow/dags/dag.py
[2026-08-14T00:53:44.847+0000] {logging_mixin.py:151} INFO - [2026-08-14T00:53:44.847+0000] {dagbag.py:346} ERROR - Failed to import: /opt/airflow/dags/dag.py
Traceback (most recent call last):
  File "/home/airflow/.local/lib/python3.8/site-packages/airflow/models/dagbag.py", line 342, in parse
    loader.exec_module(new_module)
  File "<frozen importlib._bootstrap_external>", line 839, in exec_module
  File "<frozen importlib._bootstrap_external>", line 976, in get_code
  File "<frozen importlib._bootstrap_external>", line 906, in source_to_code
  File "<frozen importlib._bootstrap>", line 219, in _call_with_frames_removed
  File "/opt/airflow/dags/dag.py", line 23
    )as dag
          ^
SyntaxError: invalid syntax
[2026-08-14T00:53:44.848+0000] {processor.py:841} WARNING - No viable dags retrieved from /opt/airflow/dags/dag.py
[2026-08-14T00:53:44.860+0000] {processor.py:179} INFO - Processing /opt/airflow/dags/dag.py took 0.024 seconds
[2026-08-14T00:54:15.187+0000] {processor.py:157} INFO - Started process (PID=11521) to work on /opt/airflow/dags/dag.py
[2026-08-14T00:54:15.187+0000] {processor.py:829} INFO - Processing file /opt/airflow/dags/dag.py for tasks to queue
[2026-08-14T00:54:15.189+0000] {logging_mixin.py:151} INFO - [2026-08-14T00:54:15.189+0000] {dagbag.py:536} INFO - Filling up the DagBag from /opt/airflow/dags/dag.py
[2026-08-14T00:54:15.195+0000] {logging_mixin.py:151} INFO - [2026-08-14T00:54:15.194+0000] {dagbag.py:346} ERROR - Failed to import: /opt/airflow/dags/dag.py
Traceback (most recent call last):
  File "/home/airflow/.local/lib/python3.8/site-packages/airflow/models/dagbag.py", line 342, in parse
    loader.exec_module(new_module)
  File "<frozen importlib._bootstrap_external>", line 839, in exec_module
  File "<frozen importlib._bootstrap_external>", line 976, in get_code
  File "<frozen importlib._bootstrap_external>", line 906, in source_to_code
  File "<frozen importlib._bootstrap>", line 219, in _call_with_frames_removed
  File "/opt/airflow/dags/dag.py", line 23
    )as dag
          ^
SyntaxError: invalid syntax
[2026-08-14T00:54:15.195+0000] {processor.py:841} WARNING - No viable dags retrieved from /opt/airflow/dags/dag.py
[2026-08-14T00:54:15.208+0000] {processor.py:179} INFO - Processing /opt/airflow/dags/dag.py took 0.024 seconds
[2026-08-14T00:54:45.512+0000] {processor.py:157} INFO - Started process (PID=11529) to work on /opt/airflow/dags/dag.py
[2026-08-14T00:54:45.513+0000] {processor.py:829} INFO - Processing file /opt/airflow/dags/dag.py for tasks to queue
[2026-08-14T00:54:45.515+0000] {logging_mixin.py:151} INFO - [2026-08-14T00:54:45.514+0000] {dagbag.py:536} INFO - Filling up the DagBag from /opt/airflow/dags/dag.py
[2026-08-14T00:54:45.520+0000] {logging_mixin.py:151} INFO - [2026-08-14T00:54:45.520+0000] {dagbag.py:346} ERROR - Failed to import: /opt/airflow/dags/dag.py
Traceback (most recent call last):
  File "/home/airflow/.local/lib/python3.8/site-packages/airflow/models/dagbag.py", line 342, in parse
    loader.exec_module(new_module)
  File "<frozen importlib._bootstrap_external>", line 839, in exec_module
  File "<frozen importlib._bootstrap_external>", line 976, in get_code
  File "<frozen importlib._bootstrap_external>", line 906, in source_to_code
  File "<frozen importlib._bootstrap>", line 219, in _call_with_frames_removed
  File "/opt/airflow/dags/dag.py", line 23
    )as dag
          ^
SyntaxError: invalid syntax
[2026-08-14T00:54:45.520+0000] {processor.py:841} WARNING - No viable dags retrieved from /opt/airflow/dags/dag.py
[2026-08-14T00:54:45.532+0000] {processor.py:179} INFO - Processing /opt/airflow/dags/dag.py took 0.023 seconds
[2026-08-14T00:55:15.877+0000] {processor.py:157} INFO - Started process (PID=11537) to work on /opt/airflow/dags/dag.py
[2026-08-14T00:55:15.877+0000] {processor.py:829} INFO - Processing file /opt/airflow/dags/dag.py for tasks to queue
[2026-08-14T00:55:15.880+0000] {logging_mixin.py:151} INFO - [2026-08-14T00:55:15.879+0000] {dagbag.py:536} INFO - Filling up the DagBag from /opt/airflow/dags/dag.py
[2026-08-14T00:55:15.883+0000] {logging_mixin.py:151} INFO - [2026-08-14T00:55:15.883+0000] {dagbag.py:346} ERROR - Failed to import: /opt/airflow/dags/dag.py
Traceback (most recent call last):
  File "/home/airflow/.local/lib/python3.8/site-packages/airflow/models/dagbag.py", line 342, in parse
    loader.exec_module(new_module)
  File "<frozen importlib._bootstrap_external>", line 839, in exec_module
  File "<frozen importlib._bootstrap_external>", line 976, in get_code
  File "<frozen importlib._bootstrap_external>", line 906, in source_to_code
  File "<frozen importlib._bootstrap>", line 219, in _call_with_frames_removed
  File "/opt/airflow/dags/dag.py", line 23
    )as dag
          ^
SyntaxError: invalid syntax
[2026-08-14T00:55:15.884+0000] {processor.py:841} WARNING - No viable dags retrieved from /opt/airflow/dags/dag.py
[2026-08-14T00:55:15.900+0000] {processor.py:179} INFO - Processing /opt/airflow/dags/dag.py took 0.026 seconds
[2026-08-14T00:55:46.208+0000] {processor.py:157} INFO - Started process (PID=11545) to work on /opt/airflow/dags/dag.py
[2026-08-14T00:55:46.209+0000] {processor.py:829} INFO - Processing file /opt/airflow/dags/dag.py for tasks to queue
[2026-08-14T00:55:46.211+0000] {logging_mixin.py:151} INFO - [2026-08-14T00:55:46.211+0000] {dagbag.py:536} INFO - Filling up the DagBag from /opt/airflow/dags/dag.py
[2026-08-14T00:55:46.217+0000] {logging_mixin.py:151} INFO - [2026-08-14T00:55:46.217+0000] {dagbag.py:346} ERROR - Failed to import: /opt/airflow/dags/dag.py
Traceback (most recent call last):
  File "/home/airflow/.local/lib/python3.8/site-packages/airflow/models/dagbag.py", line 342, in parse
    loader.exec_module(new_module)
  File "<frozen importlib._bootstrap_external>", line 839, in exec_module
  File "<frozen importlib._bootstrap_external>", line 976, in get_code
  File "<frozen importlib._bootstrap_external>", line 906, in source_to_code
  File "<frozen importlib._bootstrap>", line 219, in _call_with_frames_removed
  File "/opt/airflow/dags/dag.py", line 23
    )as dag
          ^
SyntaxError: invalid syntax
[2026-08-14T00:55:46.218+0000] {processor.py:841} WARNING - No viable dags retrieved from /opt/airflow/dags/dag.py
[2026-08-14T00:55:46.231+0000] {processor.py:179} INFO - Processing /opt/airflow/dags/dag.py took 0.026 seconds
[2026-08-14T00:56:16.596+0000] {processor.py:157} INFO - Started process (PID=11553) to work on /opt/airflow/dags/dag.py
[2026-08-14T00:56:16.597+0000] {processor.py:829} INFO - Processing file /opt/airflow/dags/dag.py for tasks to queue
[2026-08-14T00:56:16.598+0000] {logging_mixin.py:151} INFO - [2026-08-14T00:56:16.598+0000] {dagbag.py:536} INFO - Filling up the DagBag from /opt/airflow/dags/dag.py
[2026-08-14T00:56:16.605+0000] {logging_mixin.py:151} INFO - [2026-08-14T00:56:16.604+0000] {dagbag.py:346} ERROR - Failed to import: /opt/airflow/dags/dag.py
Traceback (most recent call last):
  File "/home/airflow/.local/lib/python3.8/site-packages/airflow/models/dagbag.py", line 342, in parse
    loader.exec_module(new_module)
  File "<frozen importlib._bootstrap_external>", line 839, in exec_module
  File "<frozen importlib._bootstrap_external>", line 976, in get_code
  File "<frozen importlib._bootstrap_external>", line 906, in source_to_code
  File "<frozen importlib._bootstrap>", line 219, in _call_with_frames_removed
  File "/opt/airflow/dags/dag.py", line 23
    )as dag
          ^
SyntaxError: invalid syntax
[2026-08-14T00:56:16.606+0000] {processor.py:841} WARNING - No viable dags retrieved from /opt/airflow/dags/dag.py
[2026-08-14T00:56:16.619+0000] {processor.py:179} INFO - Processing /opt/airflow/dags/dag.py took 0.024 seconds
[2026-08-14T00:56:46.972+0000] {processor.py:157} INFO - Started process (PID=11561) to work on /opt/airflow/dags/dag.py
[2026-08-14T00:56:46.972+0000] {processor.py:829} INFO - Processing file /opt/airflow/dags/dag.py for tasks to queue
[2026-08-14T00:56:46.974+0000] {logging_mixin.py:151} INFO - [2026-08-14T00:56:46.974+0000] {dagbag.py:536} INFO - Filling up the DagBag from /opt/airflow/dags/dag.py
[2026-08-14T00:56:46.978+0000] {logging_mixin.py:151} INFO - [2026-08-14T00:56:46.977+0000] {dagbag.py:346} ERROR - Failed to import: /opt/airflow/dags/dag.py
Traceback (most recent call last):
  File "/home/airflow/.local/lib/python3.8/site-packages/airflow/models/dagbag.py", line 342, in parse
    loader.exec_module(new_module)
  File "<frozen importlib._bootstrap_external>", line 839, in exec_module
  File "<frozen importlib._bootstrap_external>", line 976, in get_code
  File "<frozen importlib._bootstrap_external>", line 906, in source_to_code
  File "<frozen importlib._bootstrap>", line 219, in _call_with_frames_removed
  File "/opt/airflow/dags/dag.py", line 23
    )as dag
          ^
SyntaxError: invalid syntax
[2026-08-14T00:56:46.978+0000] {processor.py:841} WARNING - No viable dags retrieved from /opt/airflow/dags/dag.py
[2026-08-14T00:56:46.992+0000] {processor.py:179} INFO - Processing /opt/airflow/dags/dag.py took 0.021 seconds
[2026-08-14T00:57:17.317+0000] {processor.py:157} INFO - Started process (PID=11569) to work on /opt/airflow/dags/dag.py
[2026-08-14T00:57:17.318+0000] {processor.py:829} INFO - Processing file /opt/airflow/dags/dag.py for tasks to queue
[2026-08-14T00:57:17.321+0000] {logging_mixin.py:151} INFO - [2026-08-14T00:57:17.321+0000] {dagbag.py:536} INFO - Filling up the DagBag from /opt/airflow/dags/dag.py
[2026-08-14T00:57:17.327+0000] {logging_mixin.py:151} INFO - [2026-08-14T00:57:17.327+0000] {dagbag.py:346} ERROR - Failed to import: /opt/airflow/dags/dag.py
Traceback (most recent call last):
  File "/home/airflow/.local/lib/python3.8/site-packages/airflow/models/dagbag.py", line 342, in parse
    loader.exec_module(new_module)
  File "<frozen importlib._bootstrap_external>", line 839, in exec_module
  File "<frozen importlib._bootstrap_external>", line 976, in get_code
  File "<frozen importlib._bootstrap_external>", line 906, in source_to_code
  File "<frozen importlib._bootstrap>", line 219, in _call_with_frames_removed
  File "/opt/airflow/dags/dag.py", line 23
    )as dag
          ^
SyntaxError: invalid syntax
[2026-08-14T00:57:17.327+0000] {processor.py:841} WARNING - No viable dags retrieved from /opt/airflow/dags/dag.py
[2026-08-14T00:57:17.338+0000] {processor.py:179} INFO - Processing /opt/airflow/dags/dag.py took 0.023 seconds
[2026-08-14T00:57:47.612+0000] {processor.py:157} INFO - Started process (PID=11577) to work on /opt/airflow/dags/dag.py
[2026-08-14T00:57:47.614+0000] {processor.py:829} INFO - Processing file /opt/airflow/dags/dag.py for tasks to queue
[2026-08-14T00:57:47.615+0000] {logging_mixin.py:151} INFO - [2026-08-14T00:57:47.615+0000] {dagbag.py:536} INFO - Filling up the DagBag from /opt/airflow/dags/dag.py
[2026-08-14T00:57:47.620+0000] {logging_mixin.py:151} INFO - [2026-08-14T00:57:47.619+0000] {dagbag.py:346} ERROR - Failed to import: /opt/airflow/dags/dag.py
Traceback (most recent call last):
  File "/home/airflow/.local/lib/python3.8/site-packages/airflow/models/dagbag.py", line 342, in parse
    loader.exec_module(new_module)
  File "<frozen importlib._bootstrap_external>", line 839, in exec_module
  File "<frozen importlib._bootstrap_external>", line 976, in get_code
  File "<frozen importlib._bootstrap_external>", line 906, in source_to_code
  File "<frozen importlib._bootstrap>", line 219, in _call_with_frames_removed
  File "/opt/airflow/dags/dag.py", line 23
    )as dag
          ^
SyntaxError: invalid syntax
[2026-08-14T00:57:47.620+0000] {processor.py:841} WARNING - No viable dags retrieved from /opt/airflow/dags/dag.py
[2026-08-14T00:57:47.629+0000] {processor.py:179} INFO - Processing /opt/airflow/dags/dag.py took 0.018 seconds
[2026-08-14T00:58:17.923+0000] {processor.py:157} INFO - Started process (PID=11585) to work on /opt/airflow/dags/dag.py
[2026-08-14T00:58:17.924+0000] {processor.py:829} INFO - Processing file /opt/airflow/dags/dag.py for tasks to queue
[2026-08-14T00:58:17.926+0000] {logging_mixin.py:151} INFO - [2026-08-14T00:58:17.926+0000] {dagbag.py:536} INFO - Filling up the DagBag from /opt/airflow/dags/dag.py
[2026-08-14T00:58:17.934+0000] {logging_mixin.py:151} INFO - [2026-08-14T00:58:17.933+0000] {dagbag.py:346} ERROR - Failed to import: /opt/airflow/dags/dag.py
Traceback (most recent call last):
  File "/home/airflow/.local/lib/python3.8/site-packages/airflow/models/dagbag.py", line 342, in parse
    loader.exec_module(new_module)
  File "<frozen importlib._bootstrap_external>", line 839, in exec_module
  File "<frozen importlib._bootstrap_external>", line 976, in get_code
  File "<frozen importlib._bootstrap_external>", line 906, in source_to_code
  File "<frozen importlib._bootstrap>", line 219, in _call_with_frames_removed
  File "/opt/airflow/dags/dag.py", line 23
    )as dag
          ^
SyntaxError: invalid syntax
[2026-08-14T00:58:17.934+0000] {processor.py:841} WARNING - No viable dags retrieved from /opt/airflow/dags/dag.py
[2026-08-14T00:58:17.952+0000] {processor.py:179} INFO - Processing /opt/airflow/dags/dag.py took 0.031 seconds
[2026-08-14T00:58:48.300+0000] {processor.py:157} INFO - Started process (PID=11593) to work on /opt/airflow/dags/dag.py
[2026-08-14T00:58:48.301+0000] {processor.py:829} INFO - Processing file /opt/airflow/dags/dag.py for tasks to queue
[2026-08-14T00:58:48.306+0000] {logging_mixin.py:151} INFO - [2026-08-14T00:58:48.306+0000] {dagbag.py:536} INFO - Filling up the DagBag from /opt/airflow/dags/dag.py
[2026-08-14T00:58:48.308+0000] {logging_mixin.py:151} INFO - [2026-08-14T00:58:48.308+0000] {dagbag.py:346} ERROR - Failed to import: /opt/airflow/dags/dag.py
Traceback (most recent call last):
  File "/home/airflow/.local/lib/python3.8/site-packages/airflow/models/dagbag.py", line 342, in parse
    loader.exec_module(new_module)
  File "<frozen importlib._bootstrap_external>", line 839, in exec_module
  File "<frozen importlib._bootstrap_external>", line 976, in get_code
  File "<frozen importlib._bootstrap_external>", line 906, in source_to_code
  File "<frozen importlib._bootstrap>", line 219, in _call_with_frames_removed
  File "/opt/airflow/dags/dag.py", line 23
    )as dag
          ^
SyntaxError: invalid syntax
[2026-08-14T00:58:48.308+0000] {processor.py:841} WARNING - No viable dags retrieved from /opt/airflow/dags/dag.py
[2026-08-14T00:58:48.319+0000] {processor.py:179} INFO - Processing /opt/airflow/dags/dag.py took 0.022 seconds
[2026-08-14T00:59:18.621+0000] {processor.py:157} INFO - Started process (PID=11601) to work on /opt/airflow/dags/dag.py
[2026-08-14T00:59:18.621+0000] {processor.py:829} INFO - Processing file /opt/airflow/dags/dag.py for tasks to queue
[2026-08-14T00:59:18.623+0000] {logging_mixin.py:151} INFO - [2026-08-14T00:59:18.622+0000] {dagbag.py:536} INFO - Filling up the DagBag from /opt/airflow/dags/dag.py
[2026-08-14T00:59:18.629+0000] {logging_mixin.py:151} INFO - [2026-08-14T00:59:18.628+0000] {dagbag.py:346} ERROR - Failed to import: /opt/airflow/dags/dag.py
Traceback (most recent call last):
  File "/home/airflow/.local/lib/python3.8/site-packages/airflow/models/dagbag.py", line 342, in parse
    loader.exec_module(new_module)
  File "<frozen importlib._bootstrap_external>", line 839, in exec_module
  File "<frozen importlib._bootstrap_external>", line 976, in get_code
  File "<frozen importlib._bootstrap_external>", line 906, in source_to_code
  File "<frozen importlib._bootstrap>", line 219, in _call_with_frames_removed
  File "/opt/airflow/dags/dag.py", line 23
    )as dag
          ^
SyntaxError: invalid syntax
[2026-08-14T00:59:18.632+0000] {processor.py:841} WARNING - No viable dags retrieved from /opt/airflow/dags/dag.py
[2026-08-14T00:59:18.644+0000] {processor.py:179} INFO - Processing /opt/airflow/dags/dag.py took 0.025 seconds
[2026-08-14T00:59:48.935+0000] {processor.py:157} INFO - Started process (PID=11609) to work on /opt/airflow/dags/dag.py
[2026-08-14T00:59:48.937+0000] {processor.py:829} INFO - Processing file /opt/airflow/dags/dag.py for tasks to queue
[2026-08-14T00:59:48.939+0000] {logging_mixin.py:151} INFO - [2026-08-14T00:59:48.939+0000] {dagbag.py:536} INFO - Filling up the DagBag from /opt/airflow/dags/dag.py
[2026-08-14T00:59:48.944+0000] {logging_mixin.py:151} INFO - [2026-08-14T00:59:48.943+0000] {dagbag.py:346} ERROR - Failed to import: /opt/airflow/dags/dag.py
Traceback (most recent call last):
  File "/home/airflow/.local/lib/python3.8/site-packages/airflow/models/dagbag.py", line 342, in parse
    loader.exec_module(new_module)
  File "<frozen importlib._bootstrap_external>", line 839, in exec_module
  File "<frozen importlib._bootstrap_external>", line 976, in get_code
  File "<frozen importlib._bootstrap_external>", line 906, in source_to_code
  File "<frozen importlib._bootstrap>", line 219, in _call_with_frames_removed
  File "/opt/airflow/dags/dag.py", line 23
    )as dag
          ^
SyntaxError: invalid syntax
[2026-08-14T00:59:48.944+0000] {processor.py:841} WARNING - No viable dags retrieved from /opt/airflow/dags/dag.py
[2026-08-14T00:59:48.962+0000] {processor.py:179} INFO - Processing /opt/airflow/dags/dag.py took 0.030 seconds
[2026-08-14T01:00:19.279+0000] {processor.py:157} INFO - Started process (PID=11617) to work on /opt/airflow/dags/dag.py
[2026-08-14T01:00:19.281+0000] {processor.py:829} INFO - Processing file /opt/airflow/dags/dag.py for tasks to queue
[2026-08-14T01:00:19.282+0000] {logging_mixin.py:151} INFO - [2026-08-14T01:00:19.282+0000] {dagbag.py:536} INFO - Filling up the DagBag from /opt/airflow/dags/dag.py
[2026-08-14T01:00:19.287+0000] {logging_mixin.py:151} INFO - [2026-08-14T01:00:19.287+0000] {dagbag.py:346} ERROR - Failed to import: /opt/airflow/dags/dag.py
Traceback (most recent call last):
  File "/home/airflow/.local/lib/python3.8/site-packages/airflow/models/dagbag.py", line 342, in parse
    loader.exec_module(new_module)
  File "<frozen importlib._bootstrap_external>", line 839, in exec_module
  File "<frozen importlib._bootstrap_external>", line 976, in get_code
  File "<frozen importlib._bootstrap_external>", line 906, in source_to_code
  File "<frozen importlib._bootstrap>", line 219, in _call_with_frames_removed
  File "/opt/airflow/dags/dag.py", line 23
    )as dag
          ^
SyntaxError: invalid syntax
[2026-08-14T01:00:19.290+0000] {processor.py:841} WARNING - No viable dags retrieved from /opt/airflow/dags/dag.py
[2026-08-14T01:00:19.301+0000] {processor.py:179} INFO - Processing /opt/airflow/dags/dag.py took 0.023 seconds
[2026-08-14T01:00:49.569+0000] {processor.py:157} INFO - Started process (PID=11625) to work on /opt/airflow/dags/dag.py
[2026-08-14T01:00:49.570+0000] {processor.py:829} INFO - Processing file /opt/airflow/dags/dag.py for tasks to queue
[2026-08-14T01:00:49.573+0000] {logging_mixin.py:151} INFO - [2026-08-14T01:00:49.572+0000] {dagbag.py:536} INFO - Filling up the DagBag from /opt/airflow/dags/dag.py
[2026-08-14T01:00:49.580+0000] {logging_mixin.py:151} INFO - [2026-08-14T01:00:49.579+0000] {dagbag.py:346} ERROR - Failed to import: /opt/airflow/dags/dag.py
Traceback (most recent call last):
  File "/home/airflow/.local/lib/python3.8/site-packages/airflow/models/dagbag.py", line 342, in parse
    loader.exec_module(new_module)
  File "<frozen importlib._bootstrap_external>", line 839, in exec_module
  File "<frozen importlib._bootstrap_external>", line 976, in get_code
  File "<frozen importlib._bootstrap_external>", line 906, in source_to_code
  File "<frozen importlib._bootstrap>", line 219, in _call_with_frames_removed
  File "/opt/airflow/dags/dag.py", line 23
    )as dag
          ^
SyntaxError: invalid syntax
[2026-08-14T01:00:49.580+0000] {processor.py:841} WARNING - No viable dags retrieved from /opt/airflow/dags/dag.py
[2026-08-14T01:00:49.595+0000] {processor.py:179} INFO - Processing /opt/airflow/dags/dag.py took 0.029 seconds
[2026-08-14T01:01:19.876+0000] {processor.py:157} INFO - Started process (PID=11633) to work on /opt/airflow/dags/dag.py
[2026-08-14T01:01:19.877+0000] {processor.py:829} INFO - Processing file /opt/airflow/dags/dag.py for tasks to queue
[2026-08-14T01:01:19.879+0000] {logging_mixin.py:151} INFO - [2026-08-14T01:01:19.879+0000] {dagbag.py:536} INFO - Filling up the DagBag from /opt/airflow/dags/dag.py
[2026-08-14T01:01:19.885+0000] {logging_mixin.py:151} INFO - [2026-08-14T01:01:19.884+0000] {dagbag.py:346} ERROR - Failed to import: /opt/airflow/dags/dag.py
Traceback (most recent call last):
  File "/home/airflow/.local/lib/python3.8/site-packages/airflow/models/dagbag.py", line 342, in parse
    loader.exec_module(new_module)
  File "<frozen importlib._bootstrap_external>", line 839, in exec_module
  File "<frozen importlib._bootstrap_external>", line 976, in get_code
  File "<frozen importlib._bootstrap_external>", line 906, in source_to_code
  File "<frozen importlib._bootstrap>", line 219, in _call_with_frames_removed
  File "/opt/airflow/dags/dag.py", line 23
    )as dag
          ^
SyntaxError: invalid syntax
[2026-08-14T01:01:19.887+0000] {processor.py:841} WARNING - No viable dags retrieved from /opt/airflow/dags/dag.py
[2026-08-14T01:01:19.899+0000] {processor.py:179} INFO - Processing /opt/airflow/dags/dag.py took 0.024 seconds
[2026-08-14T01:01:50.197+0000] {processor.py:157} INFO - Started process (PID=11641) to work on /opt/airflow/dags/dag.py
[2026-08-14T01:01:50.198+0000] {processor.py:829} INFO - Processing file /opt/airflow/dags/dag.py for tasks to queue
[2026-08-14T01:01:50.204+0000] {logging_mixin.py:151} INFO - [2026-08-14T01:01:50.204+0000] {dagbag.py:536} INFO - Filling up the DagBag from /opt/airflow/dags/dag.py
[2026-08-14T01:01:50.206+0000] {logging_mixin.py:151} INFO - [2026-08-14T01:01:50.206+0000] {dagbag.py:346} ERROR - Failed to import: /opt/airflow/dags/dag.py
Traceback (most recent call last):
  File "/home/airflow/.local/lib/python3.8/site-packages/airflow/models/dagbag.py", line 342, in parse
    loader.exec_module(new_module)
  File "<frozen importlib._bootstrap_external>", line 839, in exec_module
  File "<frozen importlib._bootstrap_external>", line 976, in get_code
  File "<frozen importlib._bootstrap_external>", line 906, in source_to_code
  File "<frozen importlib._bootstrap>", line 219, in _call_with_frames_removed
  File "/opt/airflow/dags/dag.py", line 23
    )as dag
          ^
SyntaxError: invalid syntax
[2026-08-14T01:01:50.206+0000] {processor.py:841} WARNING - No viable dags retrieved from /opt/airflow/dags/dag.py
[2026-08-14T01:01:50.222+0000] {processor.py:179} INFO - Processing /opt/airflow/dags/dag.py took 0.027 seconds
[2026-08-14T01:02:20.541+0000] {processor.py:157} INFO - Started process (PID=11649) to work on /opt/airflow/dags/dag.py
[2026-08-14T01:02:20.542+0000] {processor.py:829} INFO - Processing file /opt/airflow/dags/dag.py for tasks to queue
[2026-08-14T01:02:20.544+0000] {logging_mixin.py:151} INFO - [2026-08-14T01:02:20.544+0000] {dagbag.py:536} INFO - Filling up the DagBag from /opt/airflow/dags/dag.py
[2026-08-14T01:02:20.548+0000] {logging_mixin.py:151} INFO - [2026-08-14T01:02:20.547+0000] {dagbag.py:346} ERROR - Failed to import: /opt/airflow/dags/dag.py
Traceback (most recent call last):
  File "/home/airflow/.local/lib/python3.8/site-packages/airflow/models/dagbag.py", line 342, in parse
    loader.exec_module(new_module)
  File "<frozen importlib._bootstrap_external>", line 839, in exec_module
  File "<frozen importlib._bootstrap_external>", line 976, in get_code
  File "<frozen importlib._bootstrap_external>", line 906, in source_to_code
  File "<frozen importlib._bootstrap>", line 219, in _call_with_frames_removed
  File "/opt/airflow/dags/dag.py", line 23
    )as dag
          ^
SyntaxError: invalid syntax
[2026-08-14T01:02:20.548+0000] {processor.py:841} WARNING - No viable dags retrieved from /opt/airflow/dags/dag.py
[2026-08-14T01:02:20.564+0000] {processor.py:179} INFO - Processing /opt/airflow/dags/dag.py took 0.025 seconds
[2026-08-14T01:02:50.864+0000] {processor.py:157} INFO - Started process (PID=11657) to work on /opt/airflow/dags/dag.py
[2026-08-14T01:02:50.864+0000] {processor.py:829} INFO - Processing file /opt/airflow/dags/dag.py for tasks to queue
[2026-08-14T01:02:50.867+0000] {logging_mixin.py:151} INFO - [2026-08-14T01:02:50.867+0000] {dagbag.py:536} INFO - Filling up the DagBag from /opt/airflow/dags/dag.py
[2026-08-14T01:02:50.871+0000] {logging_mixin.py:151} INFO - [2026-08-14T01:02:50.871+0000] {dagbag.py:346} ERROR - Failed to import: /opt/airflow/dags/dag.py
Traceback (most recent call last):
  File "/home/airflow/.local/lib/python3.8/site-packages/airflow/models/dagbag.py", line 342, in parse
    loader.exec_module(new_module)
  File "<frozen importlib._bootstrap_external>", line 839, in exec_module
  File "<frozen importlib._bootstrap_external>", line 976, in get_code
  File "<frozen importlib._bootstrap_external>", line 906, in source_to_code
  File "<frozen importlib._bootstrap>", line 219, in _call_with_frames_removed
  File "/opt/airflow/dags/dag.py", line 23
    )as dag
          ^
SyntaxError: invalid syntax
[2026-08-14T01:02:50.873+0000] {processor.py:841} WARNING - No viable dags retrieved from /opt/airflow/dags/dag.py
[2026-08-14T01:02:50.887+0000] {processor.py:179} INFO - Processing /opt/airflow/dags/dag.py took 0.026 seconds
[2026-08-14T01:03:21.143+0000] {processor.py:157} INFO - Started process (PID=11665) to work on /opt/airflow/dags/dag.py
[2026-08-14T01:03:21.143+0000] {processor.py:829} INFO - Processing file /opt/airflow/dags/dag.py for tasks to queue
[2026-08-14T01:03:21.146+0000] {logging_mixin.py:151} INFO - [2026-08-14T01:03:21.146+0000] {dagbag.py:536} INFO - Filling up the DagBag from /opt/airflow/dags/dag.py
[2026-08-14T01:03:21.152+0000] {logging_mixin.py:151} INFO - [2026-08-14T01:03:21.152+0000] {dagbag.py:346} ERROR - Failed to import: /opt/airflow/dags/dag.py
Traceback (most recent call last):
  File "/home/airflow/.local/lib/python3.8/site-packages/airflow/models/dagbag.py", line 342, in parse
    loader.exec_module(new_module)
  File "<frozen importlib._bootstrap_external>", line 839, in exec_module
  File "<frozen importlib._bootstrap_external>", line 976, in get_code
  File "<frozen importlib._bootstrap_external>", line 906, in source_to_code
  File "<frozen importlib._bootstrap>", line 219, in _call_with_frames_removed
  File "/opt/airflow/dags/dag.py", line 23
    )as dag
          ^
SyntaxError: invalid syntax
[2026-08-14T01:03:21.153+0000] {processor.py:841} WARNING - No viable dags retrieved from /opt/airflow/dags/dag.py
[2026-08-14T01:03:21.166+0000] {processor.py:179} INFO - Processing /opt/airflow/dags/dag.py took 0.026 seconds
[2026-08-14T01:03:51.401+0000] {processor.py:157} INFO - Started process (PID=11673) to work on /opt/airflow/dags/dag.py
[2026-08-14T01:03:51.402+0000] {processor.py:829} INFO - Processing file /opt/airflow/dags/dag.py for tasks to queue
[2026-08-14T01:03:51.403+0000] {logging_mixin.py:151} INFO - [2026-08-14T01:03:51.403+0000] {dagbag.py:536} INFO - Filling up the DagBag from /opt/airflow/dags/dag.py
[2026-08-14T01:03:51.410+0000] {logging_mixin.py:151} INFO - [2026-08-14T01:03:51.409+0000] {dagbag.py:346} ERROR - Failed to import: /opt/airflow/dags/dag.py
Traceback (most recent call last):
  File "/home/airflow/.local/lib/python3.8/site-packages/airflow/models/dagbag.py", line 342, in parse
    loader.exec_module(new_module)
  File "<frozen importlib._bootstrap_external>", line 839, in exec_module
  File "<frozen importlib._bootstrap_external>", line 976, in get_code
  File "<frozen importlib._bootstrap_external>", line 906, in source_to_code
  File "<frozen importlib._bootstrap>", line 219, in _call_with_frames_removed
  File "/opt/airflow/dags/dag.py", line 23
    )as dag
          ^
SyntaxError: invalid syntax
[2026-08-14T01:03:51.410+0000] {processor.py:841} WARNING - No viable dags retrieved from /opt/airflow/dags/dag.py
[2026-08-14T01:03:51.420+0000] {processor.py:179} INFO - Processing /opt/airflow/dags/dag.py took 0.020 seconds
[2026-08-14T01:04:21.738+0000] {processor.py:157} INFO - Started process (PID=11681) to work on /opt/airflow/dags/dag.py
[2026-08-14T01:04:21.738+0000] {processor.py:829} INFO - Processing file /opt/airflow/dags/dag.py for tasks to queue
[2026-08-14T01:04:21.740+0000] {logging_mixin.py:151} INFO - [2026-08-14T01:04:21.740+0000] {dagbag.py:536} INFO - Filling up the DagBag from /opt/airflow/dags/dag.py
[2026-08-14T01:04:21.746+0000] {logging_mixin.py:151} INFO - [2026-08-14T01:04:21.746+0000] {dagbag.py:346} ERROR - Failed to import: /opt/airflow/dags/dag.py
Traceback (most recent call last):
  File "/home/airflow/.local/lib/python3.8/site-packages/airflow/models/dagbag.py", line 342, in parse
    loader.exec_module(new_module)
  File "<frozen importlib._bootstrap_external>", line 839, in exec_module
  File "<frozen importlib._bootstrap_external>", line 976, in get_code
  File "<frozen importlib._bootstrap_external>", line 906, in source_to_code
  File "<frozen importlib._bootstrap>", line 219, in _call_with_frames_removed
  File "/opt/airflow/dags/dag.py", line 23
    )as dag
          ^
SyntaxError: invalid syntax
[2026-08-14T01:04:21.746+0000] {processor.py:841} WARNING - No viable dags retrieved from /opt/airflow/dags/dag.py
[2026-08-14T01:04:21.759+0000] {processor.py:179} INFO - Processing /opt/airflow/dags/dag.py took 0.023 seconds
[2026-08-14T01:04:52.058+0000] {processor.py:157} INFO - Started process (PID=11689) to work on /opt/airflow/dags/dag.py
[2026-08-14T01:04:52.059+0000] {processor.py:829} INFO - Processing file /opt/airflow/dags/dag.py for tasks to queue
[2026-08-14T01:04:52.061+0000] {logging_mixin.py:151} INFO - [2026-08-14T01:04:52.061+0000] {dagbag.py:536} INFO - Filling up the DagBag from /opt/airflow/dags/dag.py
[2026-08-14T01:04:52.065+0000] {logging_mixin.py:151} INFO - [2026-08-14T01:04:52.064+0000] {dagbag.py:346} ERROR - Failed to import: /opt/airflow/dags/dag.py
Traceback (most recent call last):
  File "/home/airflow/.local/lib/python3.8/site-packages/airflow/models/dagbag.py", line 342, in parse
    loader.exec_module(new_module)
  File "<frozen importlib._bootstrap_external>", line 839, in exec_module
  File "<frozen importlib._bootstrap_external>", line 976, in get_code
  File "<frozen importlib._bootstrap_external>", line 906, in source_to_code
  File "<frozen importlib._bootstrap>", line 219, in _call_with_frames_removed
  File "/opt/airflow/dags/dag.py", line 23
    )as dag
          ^
SyntaxError: invalid syntax
[2026-08-14T01:04:52.065+0000] {processor.py:841} WARNING - No viable dags retrieved from /opt/airflow/dags/dag.py
[2026-08-14T01:04:52.076+0000] {processor.py:179} INFO - Processing /opt/airflow/dags/dag.py took 0.020 seconds
[2026-08-14T01:05:22.399+0000] {processor.py:157} INFO - Started process (PID=11697) to work on /opt/airflow/dags/dag.py
[2026-08-14T01:05:22.400+0000] {processor.py:829} INFO - Processing file /opt/airflow/dags/dag.py for tasks to queue
[2026-08-14T01:05:22.401+0000] {logging_mixin.py:151} INFO - [2026-08-14T01:05:22.401+0000] {dagbag.py:536} INFO - Filling up the DagBag from /opt/airflow/dags/dag.py
[2026-08-14T01:05:22.407+0000] {logging_mixin.py:151} INFO - [2026-08-14T01:05:22.406+0000] {dagbag.py:346} ERROR - Failed to import: /opt/airflow/dags/dag.py
Traceback (most recent call last):
  File "/home/airflow/.local/lib/python3.8/site-packages/airflow/models/dagbag.py", line 342, in parse
    loader.exec_module(new_module)
  File "<frozen importlib._bootstrap_external>", line 839, in exec_module
  File "<frozen importlib._bootstrap_external>", line 976, in get_code
  File "<frozen importlib._bootstrap_external>", line 906, in source_to_code
  File "<frozen importlib._bootstrap>", line 219, in _call_with_frames_removed
  File "/opt/airflow/dags/dag.py", line 23
    )as dag
          ^
SyntaxError: invalid syntax
[2026-08-14T01:05:22.410+0000] {processor.py:841} WARNING - No viable dags retrieved from /opt/airflow/dags/dag.py
[2026-08-14T01:05:22.422+0000] {processor.py:179} INFO - Processing /opt/airflow/dags/dag.py took 0.025 seconds
[2026-08-14T01:05:52.745+0000] {processor.py:157} INFO - Started process (PID=11705) to work on /opt/airflow/dags/dag.py
[2026-08-14T01:05:52.746+0000] {processor.py:829} INFO - Processing file /opt/airflow/dags/dag.py for tasks to queue
[2026-08-14T01:05:52.747+0000] {logging_mixin.py:151} INFO - [2026-08-14T01:05:52.747+0000] {dagbag.py:536} INFO - Filling up the DagBag from /opt/airflow/dags/dag.py
[2026-08-14T01:05:52.753+0000] {logging_mixin.py:151} INFO - [2026-08-14T01:05:52.753+0000] {dagbag.py:346} ERROR - Failed to import: /opt/airflow/dags/dag.py
Traceback (most recent call last):
  File "/home/airflow/.local/lib/python3.8/site-packages/airflow/models/dagbag.py", line 342, in parse
    loader.exec_module(new_module)
  File "<frozen importlib._bootstrap_external>", line 839, in exec_module
  File "<frozen importlib._bootstrap_external>", line 976, in get_code
  File "<frozen importlib._bootstrap_external>", line 906, in source_to_code
  File "<frozen importlib._bootstrap>", line 219, in _call_with_frames_removed
  File "/opt/airflow/dags/dag.py", line 23
    )as dag
          ^
SyntaxError: invalid syntax
[2026-08-14T01:05:52.753+0000] {processor.py:841} WARNING - No viable dags retrieved from /opt/airflow/dags/dag.py
[2026-08-14T01:05:52.765+0000] {processor.py:179} INFO - Processing /opt/airflow/dags/dag.py took 0.022 seconds
[2026-08-14T01:06:23.055+0000] {processor.py:157} INFO - Started process (PID=11713) to work on /opt/airflow/dags/dag.py
[2026-08-14T01:06:23.056+0000] {processor.py:829} INFO - Processing file /opt/airflow/dags/dag.py for tasks to queue
[2026-08-14T01:06:23.058+0000] {logging_mixin.py:151} INFO - [2026-08-14T01:06:23.058+0000] {dagbag.py:536} INFO - Filling up the DagBag from /opt/airflow/dags/dag.py
[2026-08-14T01:06:23.063+0000] {logging_mixin.py:151} INFO - [2026-08-14T01:06:23.063+0000] {dagbag.py:346} ERROR - Failed to import: /opt/airflow/dags/dag.py
Traceback (most recent call last):
  File "/home/airflow/.local/lib/python3.8/site-packages/airflow/models/dagbag.py", line 342, in parse
    loader.exec_module(new_module)
  File "<frozen importlib._bootstrap_external>", line 839, in exec_module
  File "<frozen importlib._bootstrap_external>", line 976, in get_code
  File "<frozen importlib._bootstrap_external>", line 906, in source_to_code
  File "<frozen importlib._bootstrap>", line 219, in _call_with_frames_removed
  File "/opt/airflow/dags/dag.py", line 23
    )as dag
          ^
SyntaxError: invalid syntax
[2026-08-14T01:06:23.063+0000] {processor.py:841} WARNING - No viable dags retrieved from /opt/airflow/dags/dag.py
[2026-08-14T01:06:23.075+0000] {processor.py:179} INFO - Processing /opt/airflow/dags/dag.py took 0.022 seconds
[2026-08-14T01:06:53.359+0000] {processor.py:157} INFO - Started process (PID=11721) to work on /opt/airflow/dags/dag.py
[2026-08-14T01:06:53.360+0000] {processor.py:829} INFO - Processing file /opt/airflow/dags/dag.py for tasks to queue
[2026-08-14T01:06:53.361+0000] {logging_mixin.py:151} INFO - [2026-08-14T01:06:53.361+0000] {dagbag.py:536} INFO - Filling up the DagBag from /opt/airflow/dags/dag.py
[2026-08-14T01:06:53.367+0000] {logging_mixin.py:151} INFO - [2026-08-14T01:06:53.367+0000] {dagbag.py:346} ERROR - Failed to import: /opt/airflow/dags/dag.py
Traceback (most recent call last):
  File "/home/airflow/.local/lib/python3.8/site-packages/airflow/models/dagbag.py", line 342, in parse
    loader.exec_module(new_module)
  File "<frozen importlib._bootstrap_external>", line 839, in exec_module
  File "<frozen importlib._bootstrap_external>", line 976, in get_code
  File "<frozen importlib._bootstrap_external>", line 906, in source_to_code
  File "<frozen importlib._bootstrap>", line 219, in _call_with_frames_removed
  File "/opt/airflow/dags/dag.py", line 23
    )as dag
          ^
SyntaxError: invalid syntax
[2026-08-14T01:06:53.367+0000] {processor.py:841} WARNING - No viable dags retrieved from /opt/airflow/dags/dag.py
[2026-08-14T01:06:53.379+0000] {processor.py:179} INFO - Processing /opt/airflow/dags/dag.py took 0.023 seconds
[2026-08-14T01:07:23.680+0000] {processor.py:157} INFO - Started process (PID=11729) to work on /opt/airflow/dags/dag.py
[2026-08-14T01:07:23.682+0000] {processor.py:829} INFO - Processing file /opt/airflow/dags/dag.py for tasks to queue
[2026-08-14T01:07:23.685+0000] {logging_mixin.py:151} INFO - [2026-08-14T01:07:23.684+0000] {dagbag.py:536} INFO - Filling up the DagBag from /opt/airflow/dags/dag.py
[2026-08-14T01:07:23.690+0000] {logging_mixin.py:151} INFO - [2026-08-14T01:07:23.689+0000] {dagbag.py:346} ERROR - Failed to import: /opt/airflow/dags/dag.py
Traceback (most recent call last):
  File "/home/airflow/.local/lib/python3.8/site-packages/airflow/models/dagbag.py", line 342, in parse
    loader.exec_module(new_module)
  File "<frozen importlib._bootstrap_external>", line 839, in exec_module
  File "<frozen importlib._bootstrap_external>", line 976, in get_code
  File "<frozen importlib._bootstrap_external>", line 906, in source_to_code
  File "<frozen importlib._bootstrap>", line 219, in _call_with_frames_removed
  File "/opt/airflow/dags/dag.py", line 23
    )as dag
          ^
SyntaxError: invalid syntax
[2026-08-14T01:07:23.690+0000] {processor.py:841} WARNING - No viable dags retrieved from /opt/airflow/dags/dag.py
[2026-08-14T01:07:23.700+0000] {processor.py:179} INFO - Processing /opt/airflow/dags/dag.py took 0.023 seconds
[2026-08-14T01:07:54.003+0000] {processor.py:157} INFO - Started process (PID=11737) to work on /opt/airflow/dags/dag.py
[2026-08-14T01:07:54.003+0000] {processor.py:829} INFO - Processing file /opt/airflow/dags/dag.py for tasks to queue
[2026-08-14T01:07:54.004+0000] {logging_mixin.py:151} INFO - [2026-08-14T01:07:54.004+0000] {dagbag.py:536} INFO - Filling up the DagBag from /opt/airflow/dags/dag.py
[2026-08-14T01:07:54.010+0000] {logging_mixin.py:151} INFO - [2026-08-14T01:07:54.010+0000] {dagbag.py:346} ERROR - Failed to import: /opt/airflow/dags/dag.py
Traceback (most recent call last):
  File "/home/airflow/.local/lib/python3.8/site-packages/airflow/models/dagbag.py", line 342, in parse
    loader.exec_module(new_module)
  File "<frozen importlib._bootstrap_external>", line 839, in exec_module
  File "<frozen importlib._bootstrap_external>", line 976, in get_code
  File "<frozen importlib._bootstrap_external>", line 906, in source_to_code
  File "<frozen importlib._bootstrap>", line 219, in _call_with_frames_removed
  File "/opt/airflow/dags/dag.py", line 23
    )as dag
          ^
SyntaxError: invalid syntax
[2026-08-14T01:07:54.011+0000] {processor.py:841} WARNING - No viable dags retrieved from /opt/airflow/dags/dag.py
[2026-08-14T01:07:54.028+0000] {processor.py:179} INFO - Processing /opt/airflow/dags/dag.py took 0.028 seconds
[2026-08-14T01:08:24.308+0000] {processor.py:157} INFO - Started process (PID=11745) to work on /opt/airflow/dags/dag.py
[2026-08-14T01:08:24.309+0000] {processor.py:829} INFO - Processing file /opt/airflow/dags/dag.py for tasks to queue
[2026-08-14T01:08:24.310+0000] {logging_mixin.py:151} INFO - [2026-08-14T01:08:24.310+0000] {dagbag.py:536} INFO - Filling up the DagBag from /opt/airflow/dags/dag.py
[2026-08-14T01:08:24.316+0000] {logging_mixin.py:151} INFO - [2026-08-14T01:08:24.316+0000] {dagbag.py:346} ERROR - Failed to import: /opt/airflow/dags/dag.py
Traceback (most recent call last):
  File "/home/airflow/.local/lib/python3.8/site-packages/airflow/models/dagbag.py", line 342, in parse
    loader.exec_module(new_module)
  File "<frozen importlib._bootstrap_external>", line 839, in exec_module
  File "<frozen importlib._bootstrap_external>", line 976, in get_code
  File "<frozen importlib._bootstrap_external>", line 906, in source_to_code
  File "<frozen importlib._bootstrap>", line 219, in _call_with_frames_removed
  File "/opt/airflow/dags/dag.py", line 23
    )as dag
          ^
SyntaxError: invalid syntax
[2026-08-14T01:08:24.316+0000] {processor.py:841} WARNING - No viable dags retrieved from /opt/airflow/dags/dag.py
[2026-08-14T01:08:24.328+0000] {processor.py:179} INFO - Processing /opt/airflow/dags/dag.py took 0.021 seconds
[2026-08-14T01:08:54.561+0000] {processor.py:157} INFO - Started process (PID=11753) to work on /opt/airflow/dags/dag.py
[2026-08-14T01:08:54.562+0000] {processor.py:829} INFO - Processing file /opt/airflow/dags/dag.py for tasks to queue
[2026-08-14T01:08:54.564+0000] {logging_mixin.py:151} INFO - [2026-08-14T01:08:54.564+0000] {dagbag.py:536} INFO - Filling up the DagBag from /opt/airflow/dags/dag.py
[2026-08-14T01:08:54.573+0000] {logging_mixin.py:151} INFO - [2026-08-14T01:08:54.573+0000] {dagbag.py:346} ERROR - Failed to import: /opt/airflow/dags/dag.py
Traceback (most recent call last):
  File "/home/airflow/.local/lib/python3.8/site-packages/airflow/models/dagbag.py", line 342, in parse
    loader.exec_module(new_module)
  File "<frozen importlib._bootstrap_external>", line 839, in exec_module
  File "<frozen importlib._bootstrap_external>", line 976, in get_code
  File "<frozen importlib._bootstrap_external>", line 906, in source_to_code
  File "<frozen importlib._bootstrap>", line 219, in _call_with_frames_removed
  File "/opt/airflow/dags/dag.py", line 23
    )as dag
          ^
SyntaxError: invalid syntax
[2026-08-14T01:08:54.574+0000] {processor.py:841} WARNING - No viable dags retrieved from /opt/airflow/dags/dag.py
[2026-08-14T01:08:54.588+0000] {processor.py:179} INFO - Processing /opt/airflow/dags/dag.py took 0.029 seconds
[2026-08-14T01:09:24.841+0000] {processor.py:157} INFO - Started process (PID=11761) to work on /opt/airflow/dags/dag.py
[2026-08-14T01:09:24.841+0000] {processor.py:829} INFO - Processing file /opt/airflow/dags/dag.py for tasks to queue
[2026-08-14T01:09:24.842+0000] {logging_mixin.py:151} INFO - [2026-08-14T01:09:24.842+0000] {dagbag.py:536} INFO - Filling up the DagBag from /opt/airflow/dags/dag.py
[2026-08-14T01:09:24.846+0000] {logging_mixin.py:151} INFO - [2026-08-14T01:09:24.846+0000] {dagbag.py:346} ERROR - Failed to import: /opt/airflow/dags/dag.py
Traceback (most recent call last):
  File "/home/airflow/.local/lib/python3.8/site-packages/airflow/models/dagbag.py", line 342, in parse
    loader.exec_module(new_module)
  File "<frozen importlib._bootstrap_external>", line 839, in exec_module
  File "<frozen importlib._bootstrap_external>", line 976, in get_code
  File "<frozen importlib._bootstrap_external>", line 906, in source_to_code
  File "<frozen importlib._bootstrap>", line 219, in _call_with_frames_removed
  File "/opt/airflow/dags/dag.py", line 23
    )as dag
          ^
SyntaxError: invalid syntax
[2026-08-14T01:09:24.847+0000] {processor.py:841} WARNING - No viable dags retrieved from /opt/airflow/dags/dag.py
[2026-08-14T01:09:24.859+0000] {processor.py:179} INFO - Processing /opt/airflow/dags/dag.py took 0.020 seconds
[2026-08-14T01:09:55.102+0000] {processor.py:157} INFO - Started process (PID=11769) to work on /opt/airflow/dags/dag.py
[2026-08-14T01:09:55.103+0000] {processor.py:829} INFO - Processing file /opt/airflow/dags/dag.py for tasks to queue
[2026-08-14T01:09:55.106+0000] {logging_mixin.py:151} INFO - [2026-08-14T01:09:55.106+0000] {dagbag.py:536} INFO - Filling up the DagBag from /opt/airflow/dags/dag.py
[2026-08-14T01:09:55.110+0000] {logging_mixin.py:151} INFO - [2026-08-14T01:09:55.110+0000] {dagbag.py:346} ERROR - Failed to import: /opt/airflow/dags/dag.py
Traceback (most recent call last):
  File "/home/airflow/.local/lib/python3.8/site-packages/airflow/models/dagbag.py", line 342, in parse
    loader.exec_module(new_module)
  File "<frozen importlib._bootstrap_external>", line 839, in exec_module
  File "<frozen importlib._bootstrap_external>", line 976, in get_code
  File "<frozen importlib._bootstrap_external>", line 906, in source_to_code
  File "<frozen importlib._bootstrap>", line 219, in _call_with_frames_removed
  File "/opt/airflow/dags/dag.py", line 23
    )as dag
          ^
SyntaxError: invalid syntax
[2026-08-14T01:09:55.112+0000] {processor.py:841} WARNING - No viable dags retrieved from /opt/airflow/dags/dag.py
[2026-08-14T01:09:55.126+0000] {processor.py:179} INFO - Processing /opt/airflow/dags/dag.py took 0.026 seconds
[2026-08-14T01:10:25.427+0000] {processor.py:157} INFO - Started process (PID=11777) to work on /opt/airflow/dags/dag.py
[2026-08-14T01:10:25.428+0000] {processor.py:829} INFO - Processing file /opt/airflow/dags/dag.py for tasks to queue
[2026-08-14T01:10:25.432+0000] {logging_mixin.py:151} INFO - [2026-08-14T01:10:25.432+0000] {dagbag.py:536} INFO - Filling up the DagBag from /opt/airflow/dags/dag.py
[2026-08-14T01:10:25.437+0000] {logging_mixin.py:151} INFO - [2026-08-14T01:10:25.437+0000] {dagbag.py:346} ERROR - Failed to import: /opt/airflow/dags/dag.py
Traceback (most recent call last):
  File "/home/airflow/.local/lib/python3.8/site-packages/airflow/models/dagbag.py", line 342, in parse
    loader.exec_module(new_module)
  File "<frozen importlib._bootstrap_external>", line 839, in exec_module
  File "<frozen importlib._bootstrap_external>", line 976, in get_code
  File "<frozen importlib._bootstrap_external>", line 906, in source_to_code
  File "<frozen importlib._bootstrap>", line 219, in _call_with_frames_removed
  File "/opt/airflow/dags/dag.py", line 23
    )as dag
          ^
SyntaxError: invalid syntax
[2026-08-14T01:10:25.438+0000] {processor.py:841} WARNING - No viable dags retrieved from /opt/airflow/dags/dag.py
[2026-08-14T01:10:25.454+0000] {processor.py:179} INFO - Processing /opt/airflow/dags/dag.py took 0.028 seconds
[2026-08-14T01:10:55.750+0000] {processor.py:157} INFO - Started process (PID=11785) to work on /opt/airflow/dags/dag.py
[2026-08-14T01:10:55.751+0000] {processor.py:829} INFO - Processing file /opt/airflow/dags/dag.py for tasks to queue
[2026-08-14T01:10:55.755+0000] {logging_mixin.py:151} INFO - [2026-08-14T01:10:55.755+0000] {dagbag.py:536} INFO - Filling up the DagBag from /opt/airflow/dags/dag.py
[2026-08-14T01:10:55.759+0000] {logging_mixin.py:151} INFO - [2026-08-14T01:10:55.759+0000] {dagbag.py:346} ERROR - Failed to import: /opt/airflow/dags/dag.py
Traceback (most recent call last):
  File "/home/airflow/.local/lib/python3.8/site-packages/airflow/models/dagbag.py", line 342, in parse
    loader.exec_module(new_module)
  File "<frozen importlib._bootstrap_external>", line 839, in exec_module
  File "<frozen importlib._bootstrap_external>", line 976, in get_code
  File "<frozen importlib._bootstrap_external>", line 906, in source_to_code
  File "<frozen importlib._bootstrap>", line 219, in _call_with_frames_removed
  File "/opt/airflow/dags/dag.py", line 23
    )as dag
          ^
SyntaxError: invalid syntax
[2026-08-14T01:10:55.760+0000] {processor.py:841} WARNING - No viable dags retrieved from /opt/airflow/dags/dag.py
[2026-08-14T01:10:55.779+0000] {processor.py:179} INFO - Processing /opt/airflow/dags/dag.py took 0.031 seconds
[2026-08-14T01:11:26.084+0000] {processor.py:157} INFO - Started process (PID=11793) to work on /opt/airflow/dags/dag.py
[2026-08-14T01:11:26.086+0000] {processor.py:829} INFO - Processing file /opt/airflow/dags/dag.py for tasks to queue
[2026-08-14T01:11:26.087+0000] {logging_mixin.py:151} INFO - [2026-08-14T01:11:26.087+0000] {dagbag.py:536} INFO - Filling up the DagBag from /opt/airflow/dags/dag.py
[2026-08-14T01:11:26.096+0000] {logging_mixin.py:151} INFO - [2026-08-14T01:11:26.095+0000] {dagbag.py:346} ERROR - Failed to import: /opt/airflow/dags/dag.py
Traceback (most recent call last):
  File "/home/airflow/.local/lib/python3.8/site-packages/airflow/models/dagbag.py", line 342, in parse
    loader.exec_module(new_module)
  File "<frozen importlib._bootstrap_external>", line 839, in exec_module
  File "<frozen importlib._bootstrap_external>", line 976, in get_code
  File "<frozen importlib._bootstrap_external>", line 906, in source_to_code
  File "<frozen importlib._bootstrap>", line 219, in _call_with_frames_removed
  File "/opt/airflow/dags/dag.py", line 23
    )as dag
          ^
SyntaxError: invalid syntax
[2026-08-14T01:11:26.096+0000] {processor.py:841} WARNING - No viable dags retrieved from /opt/airflow/dags/dag.py
[2026-08-14T01:11:26.110+0000] {processor.py:179} INFO - Processing /opt/airflow/dags/dag.py took 0.029 seconds
[2026-08-14T01:11:56.395+0000] {processor.py:157} INFO - Started process (PID=11801) to work on /opt/airflow/dags/dag.py
[2026-08-14T01:11:56.395+0000] {processor.py:829} INFO - Processing file /opt/airflow/dags/dag.py for tasks to queue
[2026-08-14T01:11:56.396+0000] {logging_mixin.py:151} INFO - [2026-08-14T01:11:56.396+0000] {dagbag.py:536} INFO - Filling up the DagBag from /opt/airflow/dags/dag.py
[2026-08-14T01:11:56.402+0000] {logging_mixin.py:151} INFO - [2026-08-14T01:11:56.401+0000] {dagbag.py:346} ERROR - Failed to import: /opt/airflow/dags/dag.py
Traceback (most recent call last):
  File "/home/airflow/.local/lib/python3.8/site-packages/airflow/models/dagbag.py", line 342, in parse
    loader.exec_module(new_module)
  File "<frozen importlib._bootstrap_external>", line 839, in exec_module
  File "<frozen importlib._bootstrap_external>", line 976, in get_code
  File "<frozen importlib._bootstrap_external>", line 906, in source_to_code
  File "<frozen importlib._bootstrap>", line 219, in _call_with_frames_removed
  File "/opt/airflow/dags/dag.py", line 23
    )as dag
          ^
SyntaxError: invalid syntax
[2026-08-14T01:11:56.402+0000] {processor.py:841} WARNING - No viable dags retrieved from /opt/airflow/dags/dag.py
[2026-08-14T01:11:56.422+0000] {processor.py:179} INFO - Processing /opt/airflow/dags/dag.py took 0.029 seconds
[2026-08-14T01:12:26.727+0000] {processor.py:157} INFO - Started process (PID=11809) to work on /opt/airflow/dags/dag.py
[2026-08-14T01:12:26.728+0000] {processor.py:829} INFO - Processing file /opt/airflow/dags/dag.py for tasks to queue
[2026-08-14T01:12:26.730+0000] {logging_mixin.py:151} INFO - [2026-08-14T01:12:26.730+0000] {dagbag.py:536} INFO - Filling up the DagBag from /opt/airflow/dags/dag.py
[2026-08-14T01:12:26.734+0000] {logging_mixin.py:151} INFO - [2026-08-14T01:12:26.734+0000] {dagbag.py:346} ERROR - Failed to import: /opt/airflow/dags/dag.py
Traceback (most recent call last):
  File "/home/airflow/.local/lib/python3.8/site-packages/airflow/models/dagbag.py", line 342, in parse
    loader.exec_module(new_module)
  File "<frozen importlib._bootstrap_external>", line 839, in exec_module
  File "<frozen importlib._bootstrap_external>", line 976, in get_code
  File "<frozen importlib._bootstrap_external>", line 906, in source_to_code
  File "<frozen importlib._bootstrap>", line 219, in _call_with_frames_removed
  File "/opt/airflow/dags/dag.py", line 23
    )as dag
          ^
SyntaxError: invalid syntax
[2026-08-14T01:12:26.734+0000] {processor.py:841} WARNING - No viable dags retrieved from /opt/airflow/dags/dag.py
[2026-08-14T01:12:26.752+0000] {processor.py:179} INFO - Processing /opt/airflow/dags/dag.py took 0.027 seconds
[2026-08-14T01:12:57.046+0000] {processor.py:157} INFO - Started process (PID=11817) to work on /opt/airflow/dags/dag.py
[2026-08-14T01:12:57.047+0000] {processor.py:829} INFO - Processing file /opt/airflow/dags/dag.py for tasks to queue
[2026-08-14T01:12:57.049+0000] {logging_mixin.py:151} INFO - [2026-08-14T01:12:57.049+0000] {dagbag.py:536} INFO - Filling up the DagBag from /opt/airflow/dags/dag.py
[2026-08-14T01:12:57.057+0000] {logging_mixin.py:151} INFO - [2026-08-14T01:12:57.057+0000] {dagbag.py:346} ERROR - Failed to import: /opt/airflow/dags/dag.py
Traceback (most recent call last):
  File "/home/airflow/.local/lib/python3.8/site-packages/airflow/models/dagbag.py", line 342, in parse
    loader.exec_module(new_module)
  File "<frozen importlib._bootstrap_external>", line 839, in exec_module
  File "<frozen importlib._bootstrap_external>", line 976, in get_code
  File "<frozen importlib._bootstrap_external>", line 906, in source_to_code
  File "<frozen importlib._bootstrap>", line 219, in _call_with_frames_removed
  File "/opt/airflow/dags/dag.py", line 23
    )as dag
          ^
SyntaxError: invalid syntax
[2026-08-14T01:12:57.057+0000] {processor.py:841} WARNING - No viable dags retrieved from /opt/airflow/dags/dag.py
[2026-08-14T01:12:57.069+0000] {processor.py:179} INFO - Processing /opt/airflow/dags/dag.py took 0.025 seconds
[2026-08-14T01:13:27.319+0000] {processor.py:157} INFO - Started process (PID=11825) to work on /opt/airflow/dags/dag.py
[2026-08-14T01:13:27.320+0000] {processor.py:829} INFO - Processing file /opt/airflow/dags/dag.py for tasks to queue
[2026-08-14T01:13:27.322+0000] {logging_mixin.py:151} INFO - [2026-08-14T01:13:27.322+0000] {dagbag.py:536} INFO - Filling up the DagBag from /opt/airflow/dags/dag.py
[2026-08-14T01:13:27.325+0000] {logging_mixin.py:151} INFO - [2026-08-14T01:13:27.325+0000] {dagbag.py:346} ERROR - Failed to import: /opt/airflow/dags/dag.py
Traceback (most recent call last):
  File "/home/airflow/.local/lib/python3.8/site-packages/airflow/models/dagbag.py", line 342, in parse
    loader.exec_module(new_module)
  File "<frozen importlib._bootstrap_external>", line 839, in exec_module
  File "<frozen importlib._bootstrap_external>", line 976, in get_code
  File "<frozen importlib._bootstrap_external>", line 906, in source_to_code
  File "<frozen importlib._bootstrap>", line 219, in _call_with_frames_removed
  File "/opt/airflow/dags/dag.py", line 23
    )as dag
          ^
SyntaxError: invalid syntax
[2026-08-14T01:13:27.326+0000] {processor.py:841} WARNING - No viable dags retrieved from /opt/airflow/dags/dag.py
[2026-08-14T01:13:27.344+0000] {processor.py:179} INFO - Processing /opt/airflow/dags/dag.py took 0.028 seconds
[2026-08-14T01:13:57.660+0000] {processor.py:157} INFO - Started process (PID=11832) to work on /opt/airflow/dags/dag.py
[2026-08-14T01:13:57.661+0000] {processor.py:829} INFO - Processing file /opt/airflow/dags/dag.py for tasks to queue
[2026-08-14T01:13:57.663+0000] {logging_mixin.py:151} INFO - [2026-08-14T01:13:57.663+0000] {dagbag.py:536} INFO - Filling up the DagBag from /opt/airflow/dags/dag.py
[2026-08-14T01:13:57.669+0000] {logging_mixin.py:151} INFO - [2026-08-14T01:13:57.669+0000] {dagbag.py:346} ERROR - Failed to import: /opt/airflow/dags/dag.py
Traceback (most recent call last):
  File "/home/airflow/.local/lib/python3.8/site-packages/airflow/models/dagbag.py", line 342, in parse
    loader.exec_module(new_module)
  File "<frozen importlib._bootstrap_external>", line 839, in exec_module
  File "<frozen importlib._bootstrap_external>", line 976, in get_code
  File "<frozen importlib._bootstrap_external>", line 906, in source_to_code
  File "<frozen importlib._bootstrap>", line 219, in _call_with_frames_removed
  File "/opt/airflow/dags/dag.py", line 23
    )as dag
          ^
SyntaxError: invalid syntax
[2026-08-14T01:13:57.673+0000] {processor.py:841} WARNING - No viable dags retrieved from /opt/airflow/dags/dag.py
[2026-08-14T01:13:57.685+0000] {processor.py:179} INFO - Processing /opt/airflow/dags/dag.py took 0.027 seconds
[2026-08-14T01:14:28.011+0000] {processor.py:157} INFO - Started process (PID=11840) to work on /opt/airflow/dags/dag.py
[2026-08-14T01:14:28.012+0000] {processor.py:829} INFO - Processing file /opt/airflow/dags/dag.py for tasks to queue
[2026-08-14T01:14:28.014+0000] {logging_mixin.py:151} INFO - [2026-08-14T01:14:28.014+0000] {dagbag.py:536} INFO - Filling up the DagBag from /opt/airflow/dags/dag.py
[2026-08-14T01:14:28.018+0000] {logging_mixin.py:151} INFO - [2026-08-14T01:14:28.018+0000] {dagbag.py:346} ERROR - Failed to import: /opt/airflow/dags/dag.py
Traceback (most recent call last):
  File "/home/airflow/.local/lib/python3.8/site-packages/airflow/models/dagbag.py", line 342, in parse
    loader.exec_module(new_module)
  File "<frozen importlib._bootstrap_external>", line 839, in exec_module
  File "<frozen importlib._bootstrap_external>", line 976, in get_code
  File "<frozen importlib._bootstrap_external>", line 906, in source_to_code
  File "<frozen importlib._bootstrap>", line 219, in _call_with_frames_removed
  File "/opt/airflow/dags/dag.py", line 23
    )as dag
          ^
SyntaxError: invalid syntax
[2026-08-14T01:14:28.019+0000] {processor.py:841} WARNING - No viable dags retrieved from /opt/airflow/dags/dag.py
[2026-08-14T01:14:28.031+0000] {processor.py:179} INFO - Processing /opt/airflow/dags/dag.py took 0.022 seconds
[2026-08-14T01:14:58.333+0000] {processor.py:157} INFO - Started process (PID=11848) to work on /opt/airflow/dags/dag.py
[2026-08-14T01:14:58.334+0000] {processor.py:829} INFO - Processing file /opt/airflow/dags/dag.py for tasks to queue
[2026-08-14T01:14:58.337+0000] {logging_mixin.py:151} INFO - [2026-08-14T01:14:58.337+0000] {dagbag.py:536} INFO - Filling up the DagBag from /opt/airflow/dags/dag.py
[2026-08-14T01:14:58.344+0000] {logging_mixin.py:151} INFO - [2026-08-14T01:14:58.344+0000] {dagbag.py:346} ERROR - Failed to import: /opt/airflow/dags/dag.py
Traceback (most recent call last):
  File "/home/airflow/.local/lib/python3.8/site-packages/airflow/models/dagbag.py", line 342, in parse
    loader.exec_module(new_module)
  File "<frozen importlib._bootstrap_external>", line 839, in exec_module
  File "<frozen importlib._bootstrap_external>", line 976, in get_code
  File "<frozen importlib._bootstrap_external>", line 906, in source_to_code
  File "<frozen importlib._bootstrap>", line 219, in _call_with_frames_removed
  File "/opt/airflow/dags/dag.py", line 23
    )as dag
          ^
SyntaxError: invalid syntax
[2026-08-14T01:14:58.344+0000] {processor.py:841} WARNING - No viable dags retrieved from /opt/airflow/dags/dag.py
[2026-08-14T01:14:58.355+0000] {processor.py:179} INFO - Processing /opt/airflow/dags/dag.py took 0.024 seconds
[2026-08-14T01:15:28.667+0000] {processor.py:157} INFO - Started process (PID=11856) to work on /opt/airflow/dags/dag.py
[2026-08-14T01:15:28.667+0000] {processor.py:829} INFO - Processing file /opt/airflow/dags/dag.py for tasks to queue
[2026-08-14T01:15:28.669+0000] {logging_mixin.py:151} INFO - [2026-08-14T01:15:28.669+0000] {dagbag.py:536} INFO - Filling up the DagBag from /opt/airflow/dags/dag.py
[2026-08-14T01:15:28.673+0000] {logging_mixin.py:151} INFO - [2026-08-14T01:15:28.672+0000] {dagbag.py:346} ERROR - Failed to import: /opt/airflow/dags/dag.py
Traceback (most recent call last):
  File "/home/airflow/.local/lib/python3.8/site-packages/airflow/models/dagbag.py", line 342, in parse
    loader.exec_module(new_module)
  File "<frozen importlib._bootstrap_external>", line 839, in exec_module
  File "<frozen importlib._bootstrap_external>", line 976, in get_code
  File "<frozen importlib._bootstrap_external>", line 906, in source_to_code
  File "<frozen importlib._bootstrap>", line 219, in _call_with_frames_removed
  File "/opt/airflow/dags/dag.py", line 23
    )as dag
          ^
SyntaxError: invalid syntax
[2026-08-14T01:15:28.675+0000] {processor.py:841} WARNING - No viable dags retrieved from /opt/airflow/dags/dag.py
[2026-08-14T01:15:28.685+0000] {processor.py:179} INFO - Processing /opt/airflow/dags/dag.py took 0.020 seconds
[2026-08-14T01:15:58.989+0000] {processor.py:157} INFO - Started process (PID=11864) to work on /opt/airflow/dags/dag.py
[2026-08-14T01:15:58.990+0000] {processor.py:829} INFO - Processing file /opt/airflow/dags/dag.py for tasks to queue
[2026-08-14T01:15:58.995+0000] {logging_mixin.py:151} INFO - [2026-08-14T01:15:58.995+0000] {dagbag.py:536} INFO - Filling up the DagBag from /opt/airflow/dags/dag.py
[2026-08-14T01:15:59.000+0000] {logging_mixin.py:151} INFO - [2026-08-14T01:15:59.000+0000] {dagbag.py:346} ERROR - Failed to import: /opt/airflow/dags/dag.py
Traceback (most recent call last):
  File "/home/airflow/.local/lib/python3.8/site-packages/airflow/models/dagbag.py", line 342, in parse
    loader.exec_module(new_module)
  File "<frozen importlib._bootstrap_external>", line 839, in exec_module
  File "<frozen importlib._bootstrap_external>", line 976, in get_code
  File "<frozen importlib._bootstrap_external>", line 906, in source_to_code
  File "<frozen importlib._bootstrap>", line 219, in _call_with_frames_removed
  File "/opt/airflow/dags/dag.py", line 23
    )as dag
          ^
SyntaxError: invalid syntax
[2026-08-14T01:15:59.001+0000] {processor.py:841} WARNING - No viable dags retrieved from /opt/airflow/dags/dag.py
[2026-08-14T01:15:59.018+0000] {processor.py:179} INFO - Processing /opt/airflow/dags/dag.py took 0.030 seconds
[2026-08-14T01:16:29.339+0000] {processor.py:157} INFO - Started process (PID=11872) to work on /opt/airflow/dags/dag.py
[2026-08-14T01:16:29.340+0000] {processor.py:829} INFO - Processing file /opt/airflow/dags/dag.py for tasks to queue
[2026-08-14T01:16:29.341+0000] {logging_mixin.py:151} INFO - [2026-08-14T01:16:29.341+0000] {dagbag.py:536} INFO - Filling up the DagBag from /opt/airflow/dags/dag.py
[2026-08-14T01:16:29.347+0000] {logging_mixin.py:151} INFO - [2026-08-14T01:16:29.346+0000] {dagbag.py:346} ERROR - Failed to import: /opt/airflow/dags/dag.py
Traceback (most recent call last):
  File "/home/airflow/.local/lib/python3.8/site-packages/airflow/models/dagbag.py", line 342, in parse
    loader.exec_module(new_module)
  File "<frozen importlib._bootstrap_external>", line 839, in exec_module
  File "<frozen importlib._bootstrap_external>", line 976, in get_code
  File "<frozen importlib._bootstrap_external>", line 906, in source_to_code
  File "<frozen importlib._bootstrap>", line 219, in _call_with_frames_removed
  File "/opt/airflow/dags/dag.py", line 23
    )as dag
          ^
SyntaxError: invalid syntax
[2026-08-14T01:16:29.347+0000] {processor.py:841} WARNING - No viable dags retrieved from /opt/airflow/dags/dag.py
[2026-08-14T01:16:29.359+0000] {processor.py:179} INFO - Processing /opt/airflow/dags/dag.py took 0.022 seconds
[2026-08-14T01:16:59.661+0000] {processor.py:157} INFO - Started process (PID=11880) to work on /opt/airflow/dags/dag.py
[2026-08-14T01:16:59.662+0000] {processor.py:829} INFO - Processing file /opt/airflow/dags/dag.py for tasks to queue
[2026-08-14T01:16:59.663+0000] {logging_mixin.py:151} INFO - [2026-08-14T01:16:59.663+0000] {dagbag.py:536} INFO - Filling up the DagBag from /opt/airflow/dags/dag.py
[2026-08-14T01:16:59.670+0000] {logging_mixin.py:151} INFO - [2026-08-14T01:16:59.669+0000] {dagbag.py:346} ERROR - Failed to import: /opt/airflow/dags/dag.py
Traceback (most recent call last):
  File "/home/airflow/.local/lib/python3.8/site-packages/airflow/models/dagbag.py", line 342, in parse
    loader.exec_module(new_module)
  File "<frozen importlib._bootstrap_external>", line 839, in exec_module
  File "<frozen importlib._bootstrap_external>", line 976, in get_code
  File "<frozen importlib._bootstrap_external>", line 906, in source_to_code
  File "<frozen importlib._bootstrap>", line 219, in _call_with_frames_removed
  File "/opt/airflow/dags/dag.py", line 23
    )as dag
          ^
SyntaxError: invalid syntax
[2026-08-14T01:16:59.670+0000] {processor.py:841} WARNING - No viable dags retrieved from /opt/airflow/dags/dag.py
[2026-08-14T01:16:59.684+0000] {processor.py:179} INFO - Processing /opt/airflow/dags/dag.py took 0.025 seconds
[2026-08-14T01:17:30.029+0000] {processor.py:157} INFO - Started process (PID=11888) to work on /opt/airflow/dags/dag.py
[2026-08-14T01:17:30.030+0000] {processor.py:829} INFO - Processing file /opt/airflow/dags/dag.py for tasks to queue
[2026-08-14T01:17:30.031+0000] {logging_mixin.py:151} INFO - [2026-08-14T01:17:30.031+0000] {dagbag.py:536} INFO - Filling up the DagBag from /opt/airflow/dags/dag.py
[2026-08-14T01:17:30.036+0000] {logging_mixin.py:151} INFO - [2026-08-14T01:17:30.036+0000] {dagbag.py:346} ERROR - Failed to import: /opt/airflow/dags/dag.py
Traceback (most recent call last):
  File "/home/airflow/.local/lib/python3.8/site-packages/airflow/models/dagbag.py", line 342, in parse
    loader.exec_module(new_module)
  File "<frozen importlib._bootstrap_external>", line 839, in exec_module
  File "<frozen importlib._bootstrap_external>", line 976, in get_code
  File "<frozen importlib._bootstrap_external>", line 906, in source_to_code
  File "<frozen importlib._bootstrap>", line 219, in _call_with_frames_removed
  File "/opt/airflow/dags/dag.py", line 23
    )as dag
          ^
SyntaxError: invalid syntax
[2026-08-14T01:17:30.037+0000] {processor.py:841} WARNING - No viable dags retrieved from /opt/airflow/dags/dag.py
[2026-08-14T01:17:30.047+0000] {processor.py:179} INFO - Processing /opt/airflow/dags/dag.py took 0.020 seconds
[2026-08-14T01:18:00.331+0000] {processor.py:157} INFO - Started process (PID=11896) to work on /opt/airflow/dags/dag.py
[2026-08-14T01:18:00.332+0000] {processor.py:829} INFO - Processing file /opt/airflow/dags/dag.py for tasks to queue
[2026-08-14T01:18:00.334+0000] {logging_mixin.py:151} INFO - [2026-08-14T01:18:00.334+0000] {dagbag.py:536} INFO - Filling up the DagBag from /opt/airflow/dags/dag.py
[2026-08-14T01:18:00.340+0000] {logging_mixin.py:151} INFO - [2026-08-14T01:18:00.340+0000] {dagbag.py:346} ERROR - Failed to import: /opt/airflow/dags/dag.py
Traceback (most recent call last):
  File "/home/airflow/.local/lib/python3.8/site-packages/airflow/models/dagbag.py", line 342, in parse
    loader.exec_module(new_module)
  File "<frozen importlib._bootstrap_external>", line 839, in exec_module
  File "<frozen importlib._bootstrap_external>", line 976, in get_code
  File "<frozen importlib._bootstrap_external>", line 906, in source_to_code
  File "<frozen importlib._bootstrap>", line 219, in _call_with_frames_removed
  File "/opt/airflow/dags/dag.py", line 23
    )as dag
          ^
SyntaxError: invalid syntax
[2026-08-14T01:18:00.340+0000] {processor.py:841} WARNING - No viable dags retrieved from /opt/airflow/dags/dag.py
[2026-08-14T01:18:00.353+0000] {processor.py:179} INFO - Processing /opt/airflow/dags/dag.py took 0.024 seconds
[2026-08-14T01:18:30.584+0000] {processor.py:157} INFO - Started process (PID=11904) to work on /opt/airflow/dags/dag.py
[2026-08-14T01:18:30.584+0000] {processor.py:829} INFO - Processing file /opt/airflow/dags/dag.py for tasks to queue
[2026-08-14T01:18:30.585+0000] {logging_mixin.py:151} INFO - [2026-08-14T01:18:30.585+0000] {dagbag.py:536} INFO - Filling up the DagBag from /opt/airflow/dags/dag.py
[2026-08-14T01:18:30.590+0000] {logging_mixin.py:151} INFO - [2026-08-14T01:18:30.589+0000] {dagbag.py:346} ERROR - Failed to import: /opt/airflow/dags/dag.py
Traceback (most recent call last):
  File "/home/airflow/.local/lib/python3.8/site-packages/airflow/models/dagbag.py", line 342, in parse
    loader.exec_module(new_module)
  File "<frozen importlib._bootstrap_external>", line 839, in exec_module
  File "<frozen importlib._bootstrap_external>", line 976, in get_code
  File "<frozen importlib._bootstrap_external>", line 906, in source_to_code
  File "<frozen importlib._bootstrap>", line 219, in _call_with_frames_removed
  File "/opt/airflow/dags/dag.py", line 23
    )as dag
          ^
SyntaxError: invalid syntax
[2026-08-14T01:18:30.590+0000] {processor.py:841} WARNING - No viable dags retrieved from /opt/airflow/dags/dag.py
[2026-08-14T01:18:30.603+0000] {processor.py:179} INFO - Processing /opt/airflow/dags/dag.py took 0.021 seconds
[2026-08-14T01:19:00.894+0000] {processor.py:157} INFO - Started process (PID=11912) to work on /opt/airflow/dags/dag.py
[2026-08-14T01:19:00.895+0000] {processor.py:829} INFO - Processing file /opt/airflow/dags/dag.py for tasks to queue
[2026-08-14T01:19:00.900+0000] {logging_mixin.py:151} INFO - [2026-08-14T01:19:00.900+0000] {dagbag.py:536} INFO - Filling up the DagBag from /opt/airflow/dags/dag.py
[2026-08-14T01:19:00.905+0000] {logging_mixin.py:151} INFO - [2026-08-14T01:19:00.905+0000] {dagbag.py:346} ERROR - Failed to import: /opt/airflow/dags/dag.py
Traceback (most recent call last):
  File "/home/airflow/.local/lib/python3.8/site-packages/airflow/models/dagbag.py", line 342, in parse
    loader.exec_module(new_module)
  File "<frozen importlib._bootstrap_external>", line 839, in exec_module
  File "<frozen importlib._bootstrap_external>", line 976, in get_code
  File "<frozen importlib._bootstrap_external>", line 906, in source_to_code
  File "<frozen importlib._bootstrap>", line 219, in _call_with_frames_removed
  File "/opt/airflow/dags/dag.py", line 23
    )as dag
          ^
SyntaxError: invalid syntax
[2026-08-14T01:19:00.905+0000] {processor.py:841} WARNING - No viable dags retrieved from /opt/airflow/dags/dag.py
[2026-08-14T01:19:00.918+0000] {processor.py:179} INFO - Processing /opt/airflow/dags/dag.py took 0.026 seconds
[2026-08-14T01:19:31.217+0000] {processor.py:157} INFO - Started process (PID=11920) to work on /opt/airflow/dags/dag.py
[2026-08-14T01:19:31.218+0000] {processor.py:829} INFO - Processing file /opt/airflow/dags/dag.py for tasks to queue
[2026-08-14T01:19:31.219+0000] {logging_mixin.py:151} INFO - [2026-08-14T01:19:31.219+0000] {dagbag.py:536} INFO - Filling up the DagBag from /opt/airflow/dags/dag.py
[2026-08-14T01:19:31.224+0000] {logging_mixin.py:151} INFO - [2026-08-14T01:19:31.224+0000] {dagbag.py:346} ERROR - Failed to import: /opt/airflow/dags/dag.py
Traceback (most recent call last):
  File "/home/airflow/.local/lib/python3.8/site-packages/airflow/models/dagbag.py", line 342, in parse
    loader.exec_module(new_module)
  File "<frozen importlib._bootstrap_external>", line 839, in exec_module
  File "<frozen importlib._bootstrap_external>", line 976, in get_code
  File "<frozen importlib._bootstrap_external>", line 906, in source_to_code
  File "<frozen importlib._bootstrap>", line 219, in _call_with_frames_removed
  File "/opt/airflow/dags/dag.py", line 23
    )as dag
          ^
SyntaxError: invalid syntax
[2026-08-14T01:19:31.227+0000] {processor.py:841} WARNING - No viable dags retrieved from /opt/airflow/dags/dag.py
[2026-08-14T01:19:31.244+0000] {processor.py:179} INFO - Processing /opt/airflow/dags/dag.py took 0.028 seconds
[2026-08-14T01:20:01.531+0000] {processor.py:157} INFO - Started process (PID=11928) to work on /opt/airflow/dags/dag.py
[2026-08-14T01:20:01.531+0000] {processor.py:829} INFO - Processing file /opt/airflow/dags/dag.py for tasks to queue
[2026-08-14T01:20:01.532+0000] {logging_mixin.py:151} INFO - [2026-08-14T01:20:01.532+0000] {dagbag.py:536} INFO - Filling up the DagBag from /opt/airflow/dags/dag.py
[2026-08-14T01:20:01.538+0000] {logging_mixin.py:151} INFO - [2026-08-14T01:20:01.537+0000] {dagbag.py:346} ERROR - Failed to import: /opt/airflow/dags/dag.py
Traceback (most recent call last):
  File "/home/airflow/.local/lib/python3.8/site-packages/airflow/models/dagbag.py", line 342, in parse
    loader.exec_module(new_module)
  File "<frozen importlib._bootstrap_external>", line 839, in exec_module
  File "<frozen importlib._bootstrap_external>", line 976, in get_code
  File "<frozen importlib._bootstrap_external>", line 906, in source_to_code
  File "<frozen importlib._bootstrap>", line 219, in _call_with_frames_removed
  File "/opt/airflow/dags/dag.py", line 23
    )as dag
          ^
SyntaxError: invalid syntax
[2026-08-14T01:20:01.538+0000] {processor.py:841} WARNING - No viable dags retrieved from /opt/airflow/dags/dag.py
[2026-08-14T01:20:01.552+0000] {processor.py:179} INFO - Processing /opt/airflow/dags/dag.py took 0.023 seconds
[2026-08-14T01:20:31.841+0000] {processor.py:157} INFO - Started process (PID=11936) to work on /opt/airflow/dags/dag.py
[2026-08-14T01:20:31.842+0000] {processor.py:829} INFO - Processing file /opt/airflow/dags/dag.py for tasks to queue
[2026-08-14T01:20:31.844+0000] {logging_mixin.py:151} INFO - [2026-08-14T01:20:31.844+0000] {dagbag.py:536} INFO - Filling up the DagBag from /opt/airflow/dags/dag.py
[2026-08-14T01:20:31.847+0000] {logging_mixin.py:151} INFO - [2026-08-14T01:20:31.846+0000] {dagbag.py:346} ERROR - Failed to import: /opt/airflow/dags/dag.py
Traceback (most recent call last):
  File "/home/airflow/.local/lib/python3.8/site-packages/airflow/models/dagbag.py", line 342, in parse
    loader.exec_module(new_module)
  File "<frozen importlib._bootstrap_external>", line 839, in exec_module
  File "<frozen importlib._bootstrap_external>", line 976, in get_code
  File "<frozen importlib._bootstrap_external>", line 906, in source_to_code
  File "<frozen importlib._bootstrap>", line 219, in _call_with_frames_removed
  File "/opt/airflow/dags/dag.py", line 23
    )as dag
          ^
SyntaxError: invalid syntax
[2026-08-14T01:20:31.849+0000] {processor.py:841} WARNING - No viable dags retrieved from /opt/airflow/dags/dag.py
[2026-08-14T01:20:31.863+0000] {processor.py:179} INFO - Processing /opt/airflow/dags/dag.py took 0.024 seconds
[2026-08-14T01:21:02.170+0000] {processor.py:157} INFO - Started process (PID=11944) to work on /opt/airflow/dags/dag.py
[2026-08-14T01:21:02.171+0000] {processor.py:829} INFO - Processing file /opt/airflow/dags/dag.py for tasks to queue
[2026-08-14T01:21:02.176+0000] {logging_mixin.py:151} INFO - [2026-08-14T01:21:02.176+0000] {dagbag.py:536} INFO - Filling up the DagBag from /opt/airflow/dags/dag.py
[2026-08-14T01:21:02.179+0000] {logging_mixin.py:151} INFO - [2026-08-14T01:21:02.178+0000] {dagbag.py:346} ERROR - Failed to import: /opt/airflow/dags/dag.py
Traceback (most recent call last):
  File "/home/airflow/.local/lib/python3.8/site-packages/airflow/models/dagbag.py", line 342, in parse
    loader.exec_module(new_module)
  File "<frozen importlib._bootstrap_external>", line 839, in exec_module
  File "<frozen importlib._bootstrap_external>", line 976, in get_code
  File "<frozen importlib._bootstrap_external>", line 906, in source_to_code
  File "<frozen importlib._bootstrap>", line 219, in _call_with_frames_removed
  File "/opt/airflow/dags/dag.py", line 23
    )as dag
          ^
SyntaxError: invalid syntax
[2026-08-14T01:21:02.179+0000] {processor.py:841} WARNING - No viable dags retrieved from /opt/airflow/dags/dag.py
[2026-08-14T01:21:02.190+0000] {processor.py:179} INFO - Processing /opt/airflow/dags/dag.py took 0.022 seconds
[2026-08-14T01:21:32.483+0000] {processor.py:157} INFO - Started process (PID=11951) to work on /opt/airflow/dags/dag.py
[2026-08-14T01:21:32.484+0000] {processor.py:829} INFO - Processing file /opt/airflow/dags/dag.py for tasks to queue
[2026-08-14T01:21:32.486+0000] {logging_mixin.py:151} INFO - [2026-08-14T01:21:32.486+0000] {dagbag.py:536} INFO - Filling up the DagBag from /opt/airflow/dags/dag.py
[2026-08-14T01:21:32.491+0000] {logging_mixin.py:151} INFO - [2026-08-14T01:21:32.491+0000] {dagbag.py:346} ERROR - Failed to import: /opt/airflow/dags/dag.py
Traceback (most recent call last):
  File "/home/airflow/.local/lib/python3.8/site-packages/airflow/models/dagbag.py", line 342, in parse
    loader.exec_module(new_module)
  File "<frozen importlib._bootstrap_external>", line 839, in exec_module
  File "<frozen importlib._bootstrap_external>", line 976, in get_code
  File "<frozen importlib._bootstrap_external>", line 906, in source_to_code
  File "<frozen importlib._bootstrap>", line 219, in _call_with_frames_removed
  File "/opt/airflow/dags/dag.py", line 23
    )as dag
          ^
SyntaxError: invalid syntax
[2026-08-14T01:21:32.492+0000] {processor.py:841} WARNING - No viable dags retrieved from /opt/airflow/dags/dag.py
[2026-08-14T01:21:32.505+0000] {processor.py:179} INFO - Processing /opt/airflow/dags/dag.py took 0.024 seconds
[2026-08-14T01:22:02.773+0000] {processor.py:157} INFO - Started process (PID=11959) to work on /opt/airflow/dags/dag.py
[2026-08-14T01:22:02.774+0000] {processor.py:829} INFO - Processing file /opt/airflow/dags/dag.py for tasks to queue
[2026-08-14T01:22:02.776+0000] {logging_mixin.py:151} INFO - [2026-08-14T01:22:02.776+0000] {dagbag.py:536} INFO - Filling up the DagBag from /opt/airflow/dags/dag.py
[2026-08-14T01:22:02.782+0000] {logging_mixin.py:151} INFO - [2026-08-14T01:22:02.781+0000] {dagbag.py:346} ERROR - Failed to import: /opt/airflow/dags/dag.py
Traceback (most recent call last):
  File "/home/airflow/.local/lib/python3.8/site-packages/airflow/models/dagbag.py", line 342, in parse
    loader.exec_module(new_module)
  File "<frozen importlib._bootstrap_external>", line 839, in exec_module
  File "<frozen importlib._bootstrap_external>", line 976, in get_code
  File "<frozen importlib._bootstrap_external>", line 906, in source_to_code
  File "<frozen importlib._bootstrap>", line 219, in _call_with_frames_removed
  File "/opt/airflow/dags/dag.py", line 23
    )as dag
          ^
SyntaxError: invalid syntax
[2026-08-14T01:22:02.782+0000] {processor.py:841} WARNING - No viable dags retrieved from /opt/airflow/dags/dag.py
[2026-08-14T01:22:02.796+0000] {processor.py:179} INFO - Processing /opt/airflow/dags/dag.py took 0.025 seconds
[2026-08-14T01:22:33.109+0000] {processor.py:157} INFO - Started process (PID=11967) to work on /opt/airflow/dags/dag.py
[2026-08-14T01:22:33.111+0000] {processor.py:829} INFO - Processing file /opt/airflow/dags/dag.py for tasks to queue
[2026-08-14T01:22:33.112+0000] {logging_mixin.py:151} INFO - [2026-08-14T01:22:33.112+0000] {dagbag.py:536} INFO - Filling up the DagBag from /opt/airflow/dags/dag.py
[2026-08-14T01:22:33.119+0000] {logging_mixin.py:151} INFO - [2026-08-14T01:22:33.118+0000] {dagbag.py:346} ERROR - Failed to import: /opt/airflow/dags/dag.py
Traceback (most recent call last):
  File "/home/airflow/.local/lib/python3.8/site-packages/airflow/models/dagbag.py", line 342, in parse
    loader.exec_module(new_module)
  File "<frozen importlib._bootstrap_external>", line 839, in exec_module
  File "<frozen importlib._bootstrap_external>", line 976, in get_code
  File "<frozen importlib._bootstrap_external>", line 906, in source_to_code
  File "<frozen importlib._bootstrap>", line 219, in _call_with_frames_removed
  File "/opt/airflow/dags/dag.py", line 23
    )as dag
          ^
SyntaxError: invalid syntax
[2026-08-14T01:22:33.119+0000] {processor.py:841} WARNING - No viable dags retrieved from /opt/airflow/dags/dag.py
[2026-08-14T01:22:33.135+0000] {processor.py:179} INFO - Processing /opt/airflow/dags/dag.py took 0.028 seconds
[2026-08-14T01:23:03.421+0000] {processor.py:157} INFO - Started process (PID=11975) to work on /opt/airflow/dags/dag.py
[2026-08-14T01:23:03.422+0000] {processor.py:829} INFO - Processing file /opt/airflow/dags/dag.py for tasks to queue
[2026-08-14T01:23:03.424+0000] {logging_mixin.py:151} INFO - [2026-08-14T01:23:03.424+0000] {dagbag.py:536} INFO - Filling up the DagBag from /opt/airflow/dags/dag.py
[2026-08-14T01:23:03.429+0000] {logging_mixin.py:151} INFO - [2026-08-14T01:23:03.428+0000] {dagbag.py:346} ERROR - Failed to import: /opt/airflow/dags/dag.py
Traceback (most recent call last):
  File "/home/airflow/.local/lib/python3.8/site-packages/airflow/models/dagbag.py", line 342, in parse
    loader.exec_module(new_module)
  File "<frozen importlib._bootstrap_external>", line 839, in exec_module
  File "<frozen importlib._bootstrap_external>", line 976, in get_code
  File "<frozen importlib._bootstrap_external>", line 906, in source_to_code
  File "<frozen importlib._bootstrap>", line 219, in _call_with_frames_removed
  File "/opt/airflow/dags/dag.py", line 23
    )as dag
          ^
SyntaxError: invalid syntax
[2026-08-14T01:23:03.432+0000] {processor.py:841} WARNING - No viable dags retrieved from /opt/airflow/dags/dag.py
[2026-08-14T01:23:03.443+0000] {processor.py:179} INFO - Processing /opt/airflow/dags/dag.py took 0.024 seconds
[2026-08-14T01:23:33.713+0000] {processor.py:157} INFO - Started process (PID=11983) to work on /opt/airflow/dags/dag.py
[2026-08-14T01:23:33.713+0000] {processor.py:829} INFO - Processing file /opt/airflow/dags/dag.py for tasks to queue
[2026-08-14T01:23:33.716+0000] {logging_mixin.py:151} INFO - [2026-08-14T01:23:33.716+0000] {dagbag.py:536} INFO - Filling up the DagBag from /opt/airflow/dags/dag.py
[2026-08-14T01:23:33.722+0000] {logging_mixin.py:151} INFO - [2026-08-14T01:23:33.722+0000] {dagbag.py:346} ERROR - Failed to import: /opt/airflow/dags/dag.py
Traceback (most recent call last):
  File "/home/airflow/.local/lib/python3.8/site-packages/airflow/models/dagbag.py", line 342, in parse
    loader.exec_module(new_module)
  File "<frozen importlib._bootstrap_external>", line 839, in exec_module
  File "<frozen importlib._bootstrap_external>", line 976, in get_code
  File "<frozen importlib._bootstrap_external>", line 906, in source_to_code
  File "<frozen importlib._bootstrap>", line 219, in _call_with_frames_removed
  File "/opt/airflow/dags/dag.py", line 23
    )as dag
          ^
SyntaxError: invalid syntax
[2026-08-14T01:23:33.725+0000] {processor.py:841} WARNING - No viable dags retrieved from /opt/airflow/dags/dag.py
[2026-08-14T01:23:33.743+0000] {processor.py:179} INFO - Processing /opt/airflow/dags/dag.py took 0.032 seconds
[2026-08-14T01:24:04.028+0000] {processor.py:157} INFO - Started process (PID=11991) to work on /opt/airflow/dags/dag.py
[2026-08-14T01:24:04.028+0000] {processor.py:829} INFO - Processing file /opt/airflow/dags/dag.py for tasks to queue
[2026-08-14T01:24:04.032+0000] {logging_mixin.py:151} INFO - [2026-08-14T01:24:04.032+0000] {dagbag.py:536} INFO - Filling up the DagBag from /opt/airflow/dags/dag.py
[2026-08-14T01:24:04.038+0000] {logging_mixin.py:151} INFO - [2026-08-14T01:24:04.037+0000] {dagbag.py:346} ERROR - Failed to import: /opt/airflow/dags/dag.py
Traceback (most recent call last):
  File "/home/airflow/.local/lib/python3.8/site-packages/airflow/models/dagbag.py", line 342, in parse
    loader.exec_module(new_module)
  File "<frozen importlib._bootstrap_external>", line 839, in exec_module
  File "<frozen importlib._bootstrap_external>", line 976, in get_code
  File "<frozen importlib._bootstrap_external>", line 906, in source_to_code
  File "<frozen importlib._bootstrap>", line 219, in _call_with_frames_removed
  File "/opt/airflow/dags/dag.py", line 23
    )as dag
          ^
SyntaxError: invalid syntax
[2026-08-14T01:24:04.039+0000] {processor.py:841} WARNING - No viable dags retrieved from /opt/airflow/dags/dag.py
[2026-08-14T01:24:04.056+0000] {processor.py:179} INFO - Processing /opt/airflow/dags/dag.py took 0.031 seconds
[2026-08-14T01:24:34.291+0000] {processor.py:157} INFO - Started process (PID=12000) to work on /opt/airflow/dags/dag.py
[2026-08-14T01:24:34.291+0000] {processor.py:829} INFO - Processing file /opt/airflow/dags/dag.py for tasks to queue
[2026-08-14T01:24:34.293+0000] {logging_mixin.py:151} INFO - [2026-08-14T01:24:34.293+0000] {dagbag.py:536} INFO - Filling up the DagBag from /opt/airflow/dags/dag.py
[2026-08-14T01:24:34.298+0000] {logging_mixin.py:151} INFO - [2026-08-14T01:24:34.298+0000] {dagbag.py:346} ERROR - Failed to import: /opt/airflow/dags/dag.py
Traceback (most recent call last):
  File "/home/airflow/.local/lib/python3.8/site-packages/airflow/models/dagbag.py", line 342, in parse
    loader.exec_module(new_module)
  File "<frozen importlib._bootstrap_external>", line 839, in exec_module
  File "<frozen importlib._bootstrap_external>", line 976, in get_code
  File "<frozen importlib._bootstrap_external>", line 906, in source_to_code
  File "<frozen importlib._bootstrap>", line 219, in _call_with_frames_removed
  File "/opt/airflow/dags/dag.py", line 23
    )as dag
          ^
SyntaxError: invalid syntax
[2026-08-14T01:24:34.298+0000] {processor.py:841} WARNING - No viable dags retrieved from /opt/airflow/dags/dag.py
[2026-08-14T01:24:34.317+0000] {processor.py:179} INFO - Processing /opt/airflow/dags/dag.py took 0.029 seconds
[2026-08-14T01:25:04.575+0000] {processor.py:157} INFO - Started process (PID=12008) to work on /opt/airflow/dags/dag.py
[2026-08-14T01:25:04.576+0000] {processor.py:829} INFO - Processing file /opt/airflow/dags/dag.py for tasks to queue
[2026-08-14T01:25:04.578+0000] {logging_mixin.py:151} INFO - [2026-08-14T01:25:04.578+0000] {dagbag.py:536} INFO - Filling up the DagBag from /opt/airflow/dags/dag.py
[2026-08-14T01:25:04.584+0000] {logging_mixin.py:151} INFO - [2026-08-14T01:25:04.583+0000] {dagbag.py:346} ERROR - Failed to import: /opt/airflow/dags/dag.py
Traceback (most recent call last):
  File "/home/airflow/.local/lib/python3.8/site-packages/airflow/models/dagbag.py", line 342, in parse
    loader.exec_module(new_module)
  File "<frozen importlib._bootstrap_external>", line 839, in exec_module
  File "<frozen importlib._bootstrap_external>", line 976, in get_code
  File "<frozen importlib._bootstrap_external>", line 906, in source_to_code
  File "<frozen importlib._bootstrap>", line 219, in _call_with_frames_removed
  File "/opt/airflow/dags/dag.py", line 23
    )as dag
          ^
SyntaxError: invalid syntax
[2026-08-14T01:25:04.584+0000] {processor.py:841} WARNING - No viable dags retrieved from /opt/airflow/dags/dag.py
[2026-08-14T01:25:04.596+0000] {processor.py:179} INFO - Processing /opt/airflow/dags/dag.py took 0.023 seconds
[2026-08-14T01:25:34.887+0000] {processor.py:157} INFO - Started process (PID=12016) to work on /opt/airflow/dags/dag.py
[2026-08-14T01:25:34.888+0000] {processor.py:829} INFO - Processing file /opt/airflow/dags/dag.py for tasks to queue
[2026-08-14T01:25:34.890+0000] {logging_mixin.py:151} INFO - [2026-08-14T01:25:34.890+0000] {dagbag.py:536} INFO - Filling up the DagBag from /opt/airflow/dags/dag.py
[2026-08-14T01:25:34.895+0000] {logging_mixin.py:151} INFO - [2026-08-14T01:25:34.895+0000] {dagbag.py:346} ERROR - Failed to import: /opt/airflow/dags/dag.py
Traceback (most recent call last):
  File "/home/airflow/.local/lib/python3.8/site-packages/airflow/models/dagbag.py", line 342, in parse
    loader.exec_module(new_module)
  File "<frozen importlib._bootstrap_external>", line 839, in exec_module
  File "<frozen importlib._bootstrap_external>", line 976, in get_code
  File "<frozen importlib._bootstrap_external>", line 906, in source_to_code
  File "<frozen importlib._bootstrap>", line 219, in _call_with_frames_removed
  File "/opt/airflow/dags/dag.py", line 23
    )as dag
          ^
SyntaxError: invalid syntax
[2026-08-14T01:25:34.896+0000] {processor.py:841} WARNING - No viable dags retrieved from /opt/airflow/dags/dag.py
[2026-08-14T01:25:34.907+0000] {processor.py:179} INFO - Processing /opt/airflow/dags/dag.py took 0.022 seconds
[2026-08-14T01:26:05.215+0000] {processor.py:157} INFO - Started process (PID=12024) to work on /opt/airflow/dags/dag.py
[2026-08-14T01:26:05.216+0000] {processor.py:829} INFO - Processing file /opt/airflow/dags/dag.py for tasks to queue
[2026-08-14T01:26:05.217+0000] {logging_mixin.py:151} INFO - [2026-08-14T01:26:05.217+0000] {dagbag.py:536} INFO - Filling up the DagBag from /opt/airflow/dags/dag.py
[2026-08-14T01:26:05.221+0000] {logging_mixin.py:151} INFO - [2026-08-14T01:26:05.221+0000] {dagbag.py:346} ERROR - Failed to import: /opt/airflow/dags/dag.py
Traceback (most recent call last):
  File "/home/airflow/.local/lib/python3.8/site-packages/airflow/models/dagbag.py", line 342, in parse
    loader.exec_module(new_module)
  File "<frozen importlib._bootstrap_external>", line 839, in exec_module
  File "<frozen importlib._bootstrap_external>", line 976, in get_code
  File "<frozen importlib._bootstrap_external>", line 906, in source_to_code
  File "<frozen importlib._bootstrap>", line 219, in _call_with_frames_removed
  File "/opt/airflow/dags/dag.py", line 23
    )as dag
          ^
SyntaxError: invalid syntax
[2026-08-14T01:26:05.221+0000] {processor.py:841} WARNING - No viable dags retrieved from /opt/airflow/dags/dag.py
[2026-08-14T01:26:05.233+0000] {processor.py:179} INFO - Processing /opt/airflow/dags/dag.py took 0.020 seconds
[2026-08-14T01:26:35.551+0000] {processor.py:157} INFO - Started process (PID=12038) to work on /opt/airflow/dags/dag.py
[2026-08-14T01:26:35.552+0000] {processor.py:829} INFO - Processing file /opt/airflow/dags/dag.py for tasks to queue
[2026-08-14T01:26:35.553+0000] {logging_mixin.py:151} INFO - [2026-08-14T01:26:35.553+0000] {dagbag.py:536} INFO - Filling up the DagBag from /opt/airflow/dags/dag.py
[2026-08-14T01:26:35.556+0000] {logging_mixin.py:151} INFO - [2026-08-14T01:26:35.556+0000] {dagbag.py:346} ERROR - Failed to import: /opt/airflow/dags/dag.py
Traceback (most recent call last):
  File "/home/airflow/.local/lib/python3.8/site-packages/airflow/models/dagbag.py", line 342, in parse
    loader.exec_module(new_module)
  File "<frozen importlib._bootstrap_external>", line 839, in exec_module
  File "<frozen importlib._bootstrap_external>", line 976, in get_code
  File "<frozen importlib._bootstrap_external>", line 906, in source_to_code
  File "<frozen importlib._bootstrap>", line 219, in _call_with_frames_removed
  File "/opt/airflow/dags/dag.py", line 23
    )as dag
          ^
SyntaxError: invalid syntax
[2026-08-14T01:26:35.557+0000] {processor.py:841} WARNING - No viable dags retrieved from /opt/airflow/dags/dag.py
[2026-08-14T01:26:35.571+0000] {processor.py:179} INFO - Processing /opt/airflow/dags/dag.py took 0.021 seconds
[2026-08-14T01:27:05.880+0000] {processor.py:157} INFO - Started process (PID=12046) to work on /opt/airflow/dags/dag.py
[2026-08-14T01:27:05.881+0000] {processor.py:829} INFO - Processing file /opt/airflow/dags/dag.py for tasks to queue
[2026-08-14T01:27:05.883+0000] {logging_mixin.py:151} INFO - [2026-08-14T01:27:05.883+0000] {dagbag.py:536} INFO - Filling up the DagBag from /opt/airflow/dags/dag.py
[2026-08-14T01:27:05.889+0000] {logging_mixin.py:151} INFO - [2026-08-14T01:27:05.888+0000] {dagbag.py:346} ERROR - Failed to import: /opt/airflow/dags/dag.py
Traceback (most recent call last):
  File "/home/airflow/.local/lib/python3.8/site-packages/airflow/models/dagbag.py", line 342, in parse
    loader.exec_module(new_module)
  File "<frozen importlib._bootstrap_external>", line 839, in exec_module
  File "<frozen importlib._bootstrap_external>", line 976, in get_code
  File "<frozen importlib._bootstrap_external>", line 906, in source_to_code
  File "<frozen importlib._bootstrap>", line 219, in _call_with_frames_removed
  File "/opt/airflow/dags/dag.py", line 23
    )as dag
          ^
SyntaxError: invalid syntax
[2026-08-14T01:27:05.889+0000] {processor.py:841} WARNING - No viable dags retrieved from /opt/airflow/dags/dag.py
[2026-08-14T01:27:05.900+0000] {processor.py:179} INFO - Processing /opt/airflow/dags/dag.py took 0.022 seconds
[2026-08-14T01:27:36.176+0000] {processor.py:157} INFO - Started process (PID=12053) to work on /opt/airflow/dags/dag.py
[2026-08-14T01:27:36.177+0000] {processor.py:829} INFO - Processing file /opt/airflow/dags/dag.py for tasks to queue
[2026-08-14T01:27:36.178+0000] {logging_mixin.py:151} INFO - [2026-08-14T01:27:36.178+0000] {dagbag.py:536} INFO - Filling up the DagBag from /opt/airflow/dags/dag.py
[2026-08-14T01:27:36.185+0000] {logging_mixin.py:151} INFO - [2026-08-14T01:27:36.185+0000] {dagbag.py:346} ERROR - Failed to import: /opt/airflow/dags/dag.py
Traceback (most recent call last):
  File "/home/airflow/.local/lib/python3.8/site-packages/airflow/models/dagbag.py", line 342, in parse
    loader.exec_module(new_module)
  File "<frozen importlib._bootstrap_external>", line 839, in exec_module
  File "<frozen importlib._bootstrap_external>", line 976, in get_code
  File "<frozen importlib._bootstrap_external>", line 906, in source_to_code
  File "<frozen importlib._bootstrap>", line 219, in _call_with_frames_removed
  File "/opt/airflow/dags/dag.py", line 23
    )as dag
          ^
SyntaxError: invalid syntax
[2026-08-14T01:27:36.186+0000] {processor.py:841} WARNING - No viable dags retrieved from /opt/airflow/dags/dag.py
[2026-08-14T01:27:36.203+0000] {processor.py:179} INFO - Processing /opt/airflow/dags/dag.py took 0.029 seconds
[2026-08-14T01:28:06.487+0000] {processor.py:157} INFO - Started process (PID=12061) to work on /opt/airflow/dags/dag.py
[2026-08-14T01:28:06.489+0000] {processor.py:829} INFO - Processing file /opt/airflow/dags/dag.py for tasks to queue
[2026-08-14T01:28:06.490+0000] {logging_mixin.py:151} INFO - [2026-08-14T01:28:06.490+0000] {dagbag.py:536} INFO - Filling up the DagBag from /opt/airflow/dags/dag.py
[2026-08-14T01:28:06.496+0000] {logging_mixin.py:151} INFO - [2026-08-14T01:28:06.495+0000] {dagbag.py:346} ERROR - Failed to import: /opt/airflow/dags/dag.py
Traceback (most recent call last):
  File "/home/airflow/.local/lib/python3.8/site-packages/airflow/models/dagbag.py", line 342, in parse
    loader.exec_module(new_module)
  File "<frozen importlib._bootstrap_external>", line 839, in exec_module
  File "<frozen importlib._bootstrap_external>", line 976, in get_code
  File "<frozen importlib._bootstrap_external>", line 906, in source_to_code
  File "<frozen importlib._bootstrap>", line 219, in _call_with_frames_removed
  File "/opt/airflow/dags/dag.py", line 23
    )as dag
          ^
SyntaxError: invalid syntax
[2026-08-14T01:28:06.496+0000] {processor.py:841} WARNING - No viable dags retrieved from /opt/airflow/dags/dag.py
[2026-08-14T01:28:06.511+0000] {processor.py:179} INFO - Processing /opt/airflow/dags/dag.py took 0.027 seconds
[2026-08-14T01:28:36.788+0000] {processor.py:157} INFO - Started process (PID=12069) to work on /opt/airflow/dags/dag.py
[2026-08-14T01:28:36.788+0000] {processor.py:829} INFO - Processing file /opt/airflow/dags/dag.py for tasks to queue
[2026-08-14T01:28:36.790+0000] {logging_mixin.py:151} INFO - [2026-08-14T01:28:36.790+0000] {dagbag.py:536} INFO - Filling up the DagBag from /opt/airflow/dags/dag.py
[2026-08-14T01:28:36.796+0000] {logging_mixin.py:151} INFO - [2026-08-14T01:28:36.796+0000] {dagbag.py:346} ERROR - Failed to import: /opt/airflow/dags/dag.py
Traceback (most recent call last):
  File "/home/airflow/.local/lib/python3.8/site-packages/airflow/models/dagbag.py", line 342, in parse
    loader.exec_module(new_module)
  File "<frozen importlib._bootstrap_external>", line 839, in exec_module
  File "<frozen importlib._bootstrap_external>", line 976, in get_code
  File "<frozen importlib._bootstrap_external>", line 906, in source_to_code
  File "<frozen importlib._bootstrap>", line 219, in _call_with_frames_removed
  File "/opt/airflow/dags/dag.py", line 23
    )as dag
          ^
SyntaxError: invalid syntax
[2026-08-14T01:28:36.797+0000] {processor.py:841} WARNING - No viable dags retrieved from /opt/airflow/dags/dag.py
[2026-08-14T01:28:36.816+0000] {processor.py:179} INFO - Processing /opt/airflow/dags/dag.py took 0.031 seconds
[2026-08-14T01:29:07.101+0000] {processor.py:157} INFO - Started process (PID=12077) to work on /opt/airflow/dags/dag.py
[2026-08-14T01:29:07.102+0000] {processor.py:829} INFO - Processing file /opt/airflow/dags/dag.py for tasks to queue
[2026-08-14T01:29:07.105+0000] {logging_mixin.py:151} INFO - [2026-08-14T01:29:07.105+0000] {dagbag.py:536} INFO - Filling up the DagBag from /opt/airflow/dags/dag.py
[2026-08-14T01:29:07.114+0000] {logging_mixin.py:151} INFO - [2026-08-14T01:29:07.114+0000] {dagbag.py:346} ERROR - Failed to import: /opt/airflow/dags/dag.py
Traceback (most recent call last):
  File "/home/airflow/.local/lib/python3.8/site-packages/airflow/models/dagbag.py", line 342, in parse
    loader.exec_module(new_module)
  File "<frozen importlib._bootstrap_external>", line 839, in exec_module
  File "<frozen importlib._bootstrap_external>", line 976, in get_code
  File "<frozen importlib._bootstrap_external>", line 906, in source_to_code
  File "<frozen importlib._bootstrap>", line 219, in _call_with_frames_removed
  File "/opt/airflow/dags/dag.py", line 23
    )as dag
          ^
SyntaxError: invalid syntax
[2026-08-14T01:29:07.117+0000] {processor.py:841} WARNING - No viable dags retrieved from /opt/airflow/dags/dag.py
[2026-08-14T01:29:07.130+0000] {processor.py:179} INFO - Processing /opt/airflow/dags/dag.py took 0.031 seconds
[2026-08-14T01:29:37.438+0000] {processor.py:157} INFO - Started process (PID=12085) to work on /opt/airflow/dags/dag.py
[2026-08-14T01:29:37.439+0000] {processor.py:829} INFO - Processing file /opt/airflow/dags/dag.py for tasks to queue
[2026-08-14T01:29:37.443+0000] {logging_mixin.py:151} INFO - [2026-08-14T01:29:37.443+0000] {dagbag.py:536} INFO - Filling up the DagBag from /opt/airflow/dags/dag.py
[2026-08-14T01:29:37.444+0000] {logging_mixin.py:151} INFO - [2026-08-14T01:29:37.444+0000] {dagbag.py:346} ERROR - Failed to import: /opt/airflow/dags/dag.py
Traceback (most recent call last):
  File "/home/airflow/.local/lib/python3.8/site-packages/airflow/models/dagbag.py", line 342, in parse
    loader.exec_module(new_module)
  File "<frozen importlib._bootstrap_external>", line 839, in exec_module
  File "<frozen importlib._bootstrap_external>", line 976, in get_code
  File "<frozen importlib._bootstrap_external>", line 906, in source_to_code
  File "<frozen importlib._bootstrap>", line 219, in _call_with_frames_removed
  File "/opt/airflow/dags/dag.py", line 23
    )as dag
          ^
SyntaxError: invalid syntax
[2026-08-14T01:29:37.445+0000] {processor.py:841} WARNING - No viable dags retrieved from /opt/airflow/dags/dag.py
[2026-08-14T01:29:37.462+0000] {processor.py:179} INFO - Processing /opt/airflow/dags/dag.py took 0.026 seconds
[2026-08-14T01:30:07.737+0000] {processor.py:157} INFO - Started process (PID=12093) to work on /opt/airflow/dags/dag.py
[2026-08-14T01:30:07.738+0000] {processor.py:829} INFO - Processing file /opt/airflow/dags/dag.py for tasks to queue
[2026-08-14T01:30:07.740+0000] {logging_mixin.py:151} INFO - [2026-08-14T01:30:07.740+0000] {dagbag.py:536} INFO - Filling up the DagBag from /opt/airflow/dags/dag.py
[2026-08-14T01:30:07.748+0000] {logging_mixin.py:151} INFO - [2026-08-14T01:30:07.747+0000] {dagbag.py:346} ERROR - Failed to import: /opt/airflow/dags/dag.py
Traceback (most recent call last):
  File "/home/airflow/.local/lib/python3.8/site-packages/airflow/models/dagbag.py", line 342, in parse
    loader.exec_module(new_module)
  File "<frozen importlib._bootstrap_external>", line 839, in exec_module
  File "<frozen importlib._bootstrap_external>", line 976, in get_code
  File "<frozen importlib._bootstrap_external>", line 906, in source_to_code
  File "<frozen importlib._bootstrap>", line 219, in _call_with_frames_removed
  File "/opt/airflow/dags/dag.py", line 23
    )as dag
          ^
SyntaxError: invalid syntax
[2026-08-14T01:30:07.748+0000] {processor.py:841} WARNING - No viable dags retrieved from /opt/airflow/dags/dag.py
[2026-08-14T01:30:07.759+0000] {processor.py:179} INFO - Processing /opt/airflow/dags/dag.py took 0.024 seconds
[2026-08-14T01:30:38.004+0000] {processor.py:157} INFO - Started process (PID=12101) to work on /opt/airflow/dags/dag.py
[2026-08-14T01:30:38.005+0000] {processor.py:829} INFO - Processing file /opt/airflow/dags/dag.py for tasks to queue
[2026-08-14T01:30:38.006+0000] {logging_mixin.py:151} INFO - [2026-08-14T01:30:38.006+0000] {dagbag.py:536} INFO - Filling up the DagBag from /opt/airflow/dags/dag.py
[2026-08-14T01:30:38.012+0000] {logging_mixin.py:151} INFO - [2026-08-14T01:30:38.011+0000] {dagbag.py:346} ERROR - Failed to import: /opt/airflow/dags/dag.py
Traceback (most recent call last):
  File "/home/airflow/.local/lib/python3.8/site-packages/airflow/models/dagbag.py", line 342, in parse
    loader.exec_module(new_module)
  File "<frozen importlib._bootstrap_external>", line 839, in exec_module
  File "<frozen importlib._bootstrap_external>", line 976, in get_code
  File "<frozen importlib._bootstrap_external>", line 906, in source_to_code
  File "<frozen importlib._bootstrap>", line 219, in _call_with_frames_removed
  File "/opt/airflow/dags/dag.py", line 23
    )as dag
          ^
SyntaxError: invalid syntax
[2026-08-14T01:30:38.012+0000] {processor.py:841} WARNING - No viable dags retrieved from /opt/airflow/dags/dag.py
[2026-08-14T01:30:38.024+0000] {processor.py:179} INFO - Processing /opt/airflow/dags/dag.py took 0.022 seconds
[2026-08-14T01:31:08.262+0000] {processor.py:157} INFO - Started process (PID=12109) to work on /opt/airflow/dags/dag.py
[2026-08-14T01:31:08.264+0000] {processor.py:829} INFO - Processing file /opt/airflow/dags/dag.py for tasks to queue
[2026-08-14T01:31:08.265+0000] {logging_mixin.py:151} INFO - [2026-08-14T01:31:08.265+0000] {dagbag.py:536} INFO - Filling up the DagBag from /opt/airflow/dags/dag.py
[2026-08-14T01:31:08.269+0000] {logging_mixin.py:151} INFO - [2026-08-14T01:31:08.269+0000] {dagbag.py:346} ERROR - Failed to import: /opt/airflow/dags/dag.py
Traceback (most recent call last):
  File "/home/airflow/.local/lib/python3.8/site-packages/airflow/models/dagbag.py", line 342, in parse
    loader.exec_module(new_module)
  File "<frozen importlib._bootstrap_external>", line 839, in exec_module
  File "<frozen importlib._bootstrap_external>", line 976, in get_code
  File "<frozen importlib._bootstrap_external>", line 906, in source_to_code
  File "<frozen importlib._bootstrap>", line 219, in _call_with_frames_removed
  File "/opt/airflow/dags/dag.py", line 23
    )as dag
          ^
SyntaxError: invalid syntax
[2026-08-14T01:31:08.270+0000] {processor.py:841} WARNING - No viable dags retrieved from /opt/airflow/dags/dag.py
[2026-08-14T01:31:08.282+0000] {processor.py:179} INFO - Processing /opt/airflow/dags/dag.py took 0.021 seconds
[2026-08-14T01:31:38.604+0000] {processor.py:157} INFO - Started process (PID=12117) to work on /opt/airflow/dags/dag.py
[2026-08-14T01:31:38.605+0000] {processor.py:829} INFO - Processing file /opt/airflow/dags/dag.py for tasks to queue
[2026-08-14T01:31:38.606+0000] {logging_mixin.py:151} INFO - [2026-08-14T01:31:38.606+0000] {dagbag.py:536} INFO - Filling up the DagBag from /opt/airflow/dags/dag.py
[2026-08-14T01:31:38.613+0000] {logging_mixin.py:151} INFO - [2026-08-14T01:31:38.613+0000] {dagbag.py:346} ERROR - Failed to import: /opt/airflow/dags/dag.py
Traceback (most recent call last):
  File "/home/airflow/.local/lib/python3.8/site-packages/airflow/models/dagbag.py", line 342, in parse
    loader.exec_module(new_module)
  File "<frozen importlib._bootstrap_external>", line 839, in exec_module
  File "<frozen importlib._bootstrap_external>", line 976, in get_code
  File "<frozen importlib._bootstrap_external>", line 906, in source_to_code
  File "<frozen importlib._bootstrap>", line 219, in _call_with_frames_removed
  File "/opt/airflow/dags/dag.py", line 23
    )as dag
          ^
SyntaxError: invalid syntax
[2026-08-14T01:31:38.616+0000] {processor.py:841} WARNING - No viable dags retrieved from /opt/airflow/dags/dag.py
[2026-08-14T01:31:38.631+0000] {processor.py:179} INFO - Processing /opt/airflow/dags/dag.py took 0.029 seconds
[2026-08-14T01:32:08.932+0000] {processor.py:157} INFO - Started process (PID=12125) to work on /opt/airflow/dags/dag.py
[2026-08-14T01:32:08.933+0000] {processor.py:829} INFO - Processing file /opt/airflow/dags/dag.py for tasks to queue
[2026-08-14T01:32:08.934+0000] {logging_mixin.py:151} INFO - [2026-08-14T01:32:08.934+0000] {dagbag.py:536} INFO - Filling up the DagBag from /opt/airflow/dags/dag.py
[2026-08-14T01:32:08.941+0000] {logging_mixin.py:151} INFO - [2026-08-14T01:32:08.940+0000] {dagbag.py:346} ERROR - Failed to import: /opt/airflow/dags/dag.py
Traceback (most recent call last):
  File "/home/airflow/.local/lib/python3.8/site-packages/airflow/models/dagbag.py", line 342, in parse
    loader.exec_module(new_module)
  File "<frozen importlib._bootstrap_external>", line 839, in exec_module
  File "<frozen importlib._bootstrap_external>", line 976, in get_code
  File "<frozen importlib._bootstrap_external>", line 906, in source_to_code
  File "<frozen importlib._bootstrap>", line 219, in _call_with_frames_removed
  File "/opt/airflow/dags/dag.py", line 23
    )as dag
          ^
SyntaxError: invalid syntax
[2026-08-14T01:32:08.941+0000] {processor.py:841} WARNING - No viable dags retrieved from /opt/airflow/dags/dag.py
[2026-08-14T01:32:08.955+0000] {processor.py:179} INFO - Processing /opt/airflow/dags/dag.py took 0.026 seconds
[2026-08-14T01:32:39.270+0000] {processor.py:157} INFO - Started process (PID=12133) to work on /opt/airflow/dags/dag.py
[2026-08-14T01:32:39.271+0000] {processor.py:829} INFO - Processing file /opt/airflow/dags/dag.py for tasks to queue
[2026-08-14T01:32:39.272+0000] {logging_mixin.py:151} INFO - [2026-08-14T01:32:39.272+0000] {dagbag.py:536} INFO - Filling up the DagBag from /opt/airflow/dags/dag.py
[2026-08-14T01:32:39.278+0000] {logging_mixin.py:151} INFO - [2026-08-14T01:32:39.277+0000] {dagbag.py:346} ERROR - Failed to import: /opt/airflow/dags/dag.py
Traceback (most recent call last):
  File "/home/airflow/.local/lib/python3.8/site-packages/airflow/models/dagbag.py", line 342, in parse
    loader.exec_module(new_module)
  File "<frozen importlib._bootstrap_external>", line 839, in exec_module
  File "<frozen importlib._bootstrap_external>", line 976, in get_code
  File "<frozen importlib._bootstrap_external>", line 906, in source_to_code
  File "<frozen importlib._bootstrap>", line 219, in _call_with_frames_removed
  File "/opt/airflow/dags/dag.py", line 23
    )as dag
          ^
SyntaxError: invalid syntax
[2026-08-14T01:32:39.278+0000] {processor.py:841} WARNING - No viable dags retrieved from /opt/airflow/dags/dag.py
[2026-08-14T01:32:39.288+0000] {processor.py:179} INFO - Processing /opt/airflow/dags/dag.py took 0.020 seconds
[2026-08-14T01:33:09.585+0000] {processor.py:157} INFO - Started process (PID=12141) to work on /opt/airflow/dags/dag.py
[2026-08-14T01:33:09.586+0000] {processor.py:829} INFO - Processing file /opt/airflow/dags/dag.py for tasks to queue
[2026-08-14T01:33:09.588+0000] {logging_mixin.py:151} INFO - [2026-08-14T01:33:09.588+0000] {dagbag.py:536} INFO - Filling up the DagBag from /opt/airflow/dags/dag.py
[2026-08-14T01:33:09.597+0000] {logging_mixin.py:151} INFO - [2026-08-14T01:33:09.596+0000] {dagbag.py:346} ERROR - Failed to import: /opt/airflow/dags/dag.py
Traceback (most recent call last):
  File "/home/airflow/.local/lib/python3.8/site-packages/airflow/models/dagbag.py", line 342, in parse
    loader.exec_module(new_module)
  File "<frozen importlib._bootstrap_external>", line 839, in exec_module
  File "<frozen importlib._bootstrap_external>", line 976, in get_code
  File "<frozen importlib._bootstrap_external>", line 906, in source_to_code
  File "<frozen importlib._bootstrap>", line 219, in _call_with_frames_removed
  File "/opt/airflow/dags/dag.py", line 23
    )as dag
          ^
SyntaxError: invalid syntax
[2026-08-14T01:33:09.597+0000] {processor.py:841} WARNING - No viable dags retrieved from /opt/airflow/dags/dag.py
[2026-08-14T01:33:09.610+0000] {processor.py:179} INFO - Processing /opt/airflow/dags/dag.py took 0.027 seconds
[2026-08-14T01:33:39.894+0000] {processor.py:157} INFO - Started process (PID=12149) to work on /opt/airflow/dags/dag.py
[2026-08-14T01:33:39.895+0000] {processor.py:829} INFO - Processing file /opt/airflow/dags/dag.py for tasks to queue
[2026-08-14T01:33:39.897+0000] {logging_mixin.py:151} INFO - [2026-08-14T01:33:39.897+0000] {dagbag.py:536} INFO - Filling up the DagBag from /opt/airflow/dags/dag.py
[2026-08-14T01:33:39.902+0000] {logging_mixin.py:151} INFO - [2026-08-14T01:33:39.902+0000] {dagbag.py:346} ERROR - Failed to import: /opt/airflow/dags/dag.py
Traceback (most recent call last):
  File "/home/airflow/.local/lib/python3.8/site-packages/airflow/models/dagbag.py", line 342, in parse
    loader.exec_module(new_module)
  File "<frozen importlib._bootstrap_external>", line 839, in exec_module
  File "<frozen importlib._bootstrap_external>", line 976, in get_code
  File "<frozen importlib._bootstrap_external>", line 906, in source_to_code
  File "<frozen importlib._bootstrap>", line 219, in _call_with_frames_removed
  File "/opt/airflow/dags/dag.py", line 23
    )as dag
          ^
SyntaxError: invalid syntax
[2026-08-14T01:33:39.906+0000] {processor.py:841} WARNING - No viable dags retrieved from /opt/airflow/dags/dag.py
[2026-08-14T01:33:39.918+0000] {processor.py:179} INFO - Processing /opt/airflow/dags/dag.py took 0.026 seconds
[2026-08-14T01:34:10.224+0000] {processor.py:157} INFO - Started process (PID=12157) to work on /opt/airflow/dags/dag.py
[2026-08-14T01:34:10.225+0000] {processor.py:829} INFO - Processing file /opt/airflow/dags/dag.py for tasks to queue
[2026-08-14T01:34:10.228+0000] {logging_mixin.py:151} INFO - [2026-08-14T01:34:10.228+0000] {dagbag.py:536} INFO - Filling up the DagBag from /opt/airflow/dags/dag.py
[2026-08-14T01:34:10.236+0000] {logging_mixin.py:151} INFO - [2026-08-14T01:34:10.236+0000] {dagbag.py:346} ERROR - Failed to import: /opt/airflow/dags/dag.py
Traceback (most recent call last):
  File "/home/airflow/.local/lib/python3.8/site-packages/airflow/models/dagbag.py", line 342, in parse
    loader.exec_module(new_module)
  File "<frozen importlib._bootstrap_external>", line 839, in exec_module
  File "<frozen importlib._bootstrap_external>", line 976, in get_code
  File "<frozen importlib._bootstrap_external>", line 906, in source_to_code
  File "<frozen importlib._bootstrap>", line 219, in _call_with_frames_removed
  File "/opt/airflow/dags/dag.py", line 23
    )as dag
          ^
SyntaxError: invalid syntax
[2026-08-14T01:34:10.237+0000] {processor.py:841} WARNING - No viable dags retrieved from /opt/airflow/dags/dag.py
[2026-08-14T01:34:10.249+0000] {processor.py:179} INFO - Processing /opt/airflow/dags/dag.py took 0.027 seconds
[2026-08-14T01:34:40.571+0000] {processor.py:157} INFO - Started process (PID=12165) to work on /opt/airflow/dags/dag.py
[2026-08-14T01:34:40.572+0000] {processor.py:829} INFO - Processing file /opt/airflow/dags/dag.py for tasks to queue
[2026-08-14T01:34:40.576+0000] {logging_mixin.py:151} INFO - [2026-08-14T01:34:40.575+0000] {dagbag.py:536} INFO - Filling up the DagBag from /opt/airflow/dags/dag.py
[2026-08-14T01:34:40.583+0000] {logging_mixin.py:151} INFO - [2026-08-14T01:34:40.582+0000] {dagbag.py:346} ERROR - Failed to import: /opt/airflow/dags/dag.py
Traceback (most recent call last):
  File "/home/airflow/.local/lib/python3.8/site-packages/airflow/models/dagbag.py", line 342, in parse
    loader.exec_module(new_module)
  File "<frozen importlib._bootstrap_external>", line 839, in exec_module
  File "<frozen importlib._bootstrap_external>", line 976, in get_code
  File "<frozen importlib._bootstrap_external>", line 906, in source_to_code
  File "<frozen importlib._bootstrap>", line 219, in _call_with_frames_removed
  File "/opt/airflow/dags/dag.py", line 23
    )as dag
          ^
SyntaxError: invalid syntax
[2026-08-14T01:34:40.583+0000] {processor.py:841} WARNING - No viable dags retrieved from /opt/airflow/dags/dag.py
[2026-08-14T01:34:40.599+0000] {processor.py:179} INFO - Processing /opt/airflow/dags/dag.py took 0.032 seconds
[2026-08-14T01:35:10.908+0000] {processor.py:157} INFO - Started process (PID=12173) to work on /opt/airflow/dags/dag.py
[2026-08-14T01:35:10.909+0000] {processor.py:829} INFO - Processing file /opt/airflow/dags/dag.py for tasks to queue
[2026-08-14T01:35:10.911+0000] {logging_mixin.py:151} INFO - [2026-08-14T01:35:10.911+0000] {dagbag.py:536} INFO - Filling up the DagBag from /opt/airflow/dags/dag.py
[2026-08-14T01:35:10.922+0000] {logging_mixin.py:151} INFO - [2026-08-14T01:35:10.922+0000] {dagbag.py:346} ERROR - Failed to import: /opt/airflow/dags/dag.py
Traceback (most recent call last):
  File "/home/airflow/.local/lib/python3.8/site-packages/airflow/models/dagbag.py", line 342, in parse
    loader.exec_module(new_module)
  File "<frozen importlib._bootstrap_external>", line 839, in exec_module
  File "<frozen importlib._bootstrap_external>", line 976, in get_code
  File "<frozen importlib._bootstrap_external>", line 906, in source_to_code
  File "<frozen importlib._bootstrap>", line 219, in _call_with_frames_removed
  File "/opt/airflow/dags/dag.py", line 23
    )as dag
          ^
SyntaxError: invalid syntax
[2026-08-14T01:35:10.926+0000] {processor.py:841} WARNING - No viable dags retrieved from /opt/airflow/dags/dag.py
[2026-08-14T01:35:10.940+0000] {processor.py:179} INFO - Processing /opt/airflow/dags/dag.py took 0.034 seconds
[2026-08-14T01:35:41.224+0000] {processor.py:157} INFO - Started process (PID=12181) to work on /opt/airflow/dags/dag.py
[2026-08-14T01:35:41.225+0000] {processor.py:829} INFO - Processing file /opt/airflow/dags/dag.py for tasks to queue
[2026-08-14T01:35:41.230+0000] {logging_mixin.py:151} INFO - [2026-08-14T01:35:41.230+0000] {dagbag.py:536} INFO - Filling up the DagBag from /opt/airflow/dags/dag.py
[2026-08-14T01:35:41.233+0000] {logging_mixin.py:151} INFO - [2026-08-14T01:35:41.232+0000] {dagbag.py:346} ERROR - Failed to import: /opt/airflow/dags/dag.py
Traceback (most recent call last):
  File "/home/airflow/.local/lib/python3.8/site-packages/airflow/models/dagbag.py", line 342, in parse
    loader.exec_module(new_module)
  File "<frozen importlib._bootstrap_external>", line 839, in exec_module
  File "<frozen importlib._bootstrap_external>", line 976, in get_code
  File "<frozen importlib._bootstrap_external>", line 906, in source_to_code
  File "<frozen importlib._bootstrap>", line 219, in _call_with_frames_removed
  File "/opt/airflow/dags/dag.py", line 23
    )as dag
          ^
SyntaxError: invalid syntax
[2026-08-14T01:35:41.233+0000] {processor.py:841} WARNING - No viable dags retrieved from /opt/airflow/dags/dag.py
[2026-08-14T01:35:41.245+0000] {processor.py:179} INFO - Processing /opt/airflow/dags/dag.py took 0.022 seconds
[2026-08-14T01:36:11.525+0000] {processor.py:157} INFO - Started process (PID=12189) to work on /opt/airflow/dags/dag.py
[2026-08-14T01:36:11.526+0000] {processor.py:829} INFO - Processing file /opt/airflow/dags/dag.py for tasks to queue
[2026-08-14T01:36:11.528+0000] {logging_mixin.py:151} INFO - [2026-08-14T01:36:11.528+0000] {dagbag.py:536} INFO - Filling up the DagBag from /opt/airflow/dags/dag.py
[2026-08-14T01:36:11.534+0000] {logging_mixin.py:151} INFO - [2026-08-14T01:36:11.533+0000] {dagbag.py:346} ERROR - Failed to import: /opt/airflow/dags/dag.py
Traceback (most recent call last):
  File "/home/airflow/.local/lib/python3.8/site-packages/airflow/models/dagbag.py", line 342, in parse
    loader.exec_module(new_module)
  File "<frozen importlib._bootstrap_external>", line 839, in exec_module
  File "<frozen importlib._bootstrap_external>", line 976, in get_code
  File "<frozen importlib._bootstrap_external>", line 906, in source_to_code
  File "<frozen importlib._bootstrap>", line 219, in _call_with_frames_removed
  File "/opt/airflow/dags/dag.py", line 23
    )as dag
          ^
SyntaxError: invalid syntax
[2026-08-14T01:36:11.534+0000] {processor.py:841} WARNING - No viable dags retrieved from /opt/airflow/dags/dag.py
[2026-08-14T01:36:11.545+0000] {processor.py:179} INFO - Processing /opt/airflow/dags/dag.py took 0.023 seconds
[2026-08-14T01:36:41.817+0000] {processor.py:157} INFO - Started process (PID=12197) to work on /opt/airflow/dags/dag.py
[2026-08-14T01:36:41.817+0000] {processor.py:829} INFO - Processing file /opt/airflow/dags/dag.py for tasks to queue
[2026-08-14T01:36:41.818+0000] {logging_mixin.py:151} INFO - [2026-08-14T01:36:41.818+0000] {dagbag.py:536} INFO - Filling up the DagBag from /opt/airflow/dags/dag.py
[2026-08-14T01:36:41.827+0000] {logging_mixin.py:151} INFO - [2026-08-14T01:36:41.827+0000] {dagbag.py:346} ERROR - Failed to import: /opt/airflow/dags/dag.py
Traceback (most recent call last):
  File "/home/airflow/.local/lib/python3.8/site-packages/airflow/models/dagbag.py", line 342, in parse
    loader.exec_module(new_module)
  File "<frozen importlib._bootstrap_external>", line 839, in exec_module
  File "<frozen importlib._bootstrap_external>", line 976, in get_code
  File "<frozen importlib._bootstrap_external>", line 906, in source_to_code
  File "<frozen importlib._bootstrap>", line 219, in _call_with_frames_removed
  File "/opt/airflow/dags/dag.py", line 23
    )as dag
          ^
SyntaxError: invalid syntax
[2026-08-14T01:36:41.827+0000] {processor.py:841} WARNING - No viable dags retrieved from /opt/airflow/dags/dag.py
[2026-08-14T01:36:41.843+0000] {processor.py:179} INFO - Processing /opt/airflow/dags/dag.py took 0.028 seconds
[2026-08-14T01:37:12.163+0000] {processor.py:157} INFO - Started process (PID=12205) to work on /opt/airflow/dags/dag.py
[2026-08-14T01:37:12.163+0000] {processor.py:829} INFO - Processing file /opt/airflow/dags/dag.py for tasks to queue
[2026-08-14T01:37:12.167+0000] {logging_mixin.py:151} INFO - [2026-08-14T01:37:12.167+0000] {dagbag.py:536} INFO - Filling up the DagBag from /opt/airflow/dags/dag.py
[2026-08-14T01:37:12.173+0000] {logging_mixin.py:151} INFO - [2026-08-14T01:37:12.173+0000] {dagbag.py:346} ERROR - Failed to import: /opt/airflow/dags/dag.py
Traceback (most recent call last):
  File "/home/airflow/.local/lib/python3.8/site-packages/airflow/models/dagbag.py", line 342, in parse
    loader.exec_module(new_module)
  File "<frozen importlib._bootstrap_external>", line 839, in exec_module
  File "<frozen importlib._bootstrap_external>", line 976, in get_code
  File "<frozen importlib._bootstrap_external>", line 906, in source_to_code
  File "<frozen importlib._bootstrap>", line 219, in _call_with_frames_removed
  File "/opt/airflow/dags/dag.py", line 23
    )as dag
          ^
SyntaxError: invalid syntax
[2026-08-14T01:37:12.174+0000] {processor.py:841} WARNING - No viable dags retrieved from /opt/airflow/dags/dag.py
[2026-08-14T01:37:12.186+0000] {processor.py:179} INFO - Processing /opt/airflow/dags/dag.py took 0.025 seconds
[2026-08-14T01:37:42.493+0000] {processor.py:157} INFO - Started process (PID=12213) to work on /opt/airflow/dags/dag.py
[2026-08-14T01:37:42.494+0000] {processor.py:829} INFO - Processing file /opt/airflow/dags/dag.py for tasks to queue
[2026-08-14T01:37:42.496+0000] {logging_mixin.py:151} INFO - [2026-08-14T01:37:42.496+0000] {dagbag.py:536} INFO - Filling up the DagBag from /opt/airflow/dags/dag.py
[2026-08-14T01:37:42.500+0000] {logging_mixin.py:151} INFO - [2026-08-14T01:37:42.500+0000] {dagbag.py:346} ERROR - Failed to import: /opt/airflow/dags/dag.py
Traceback (most recent call last):
  File "/home/airflow/.local/lib/python3.8/site-packages/airflow/models/dagbag.py", line 342, in parse
    loader.exec_module(new_module)
  File "<frozen importlib._bootstrap_external>", line 839, in exec_module
  File "<frozen importlib._bootstrap_external>", line 976, in get_code
  File "<frozen importlib._bootstrap_external>", line 906, in source_to_code
  File "<frozen importlib._bootstrap>", line 219, in _call_with_frames_removed
  File "/opt/airflow/dags/dag.py", line 23
    )as dag
          ^
SyntaxError: invalid syntax
[2026-08-14T01:37:42.504+0000] {processor.py:841} WARNING - No viable dags retrieved from /opt/airflow/dags/dag.py
[2026-08-14T01:37:42.515+0000] {processor.py:179} INFO - Processing /opt/airflow/dags/dag.py took 0.024 seconds
[2026-08-14T01:38:12.818+0000] {processor.py:157} INFO - Started process (PID=12221) to work on /opt/airflow/dags/dag.py
[2026-08-14T01:38:12.819+0000] {processor.py:829} INFO - Processing file /opt/airflow/dags/dag.py for tasks to queue
[2026-08-14T01:38:12.822+0000] {logging_mixin.py:151} INFO - [2026-08-14T01:38:12.821+0000] {dagbag.py:536} INFO - Filling up the DagBag from /opt/airflow/dags/dag.py
[2026-08-14T01:38:12.827+0000] {logging_mixin.py:151} INFO - [2026-08-14T01:38:12.826+0000] {dagbag.py:346} ERROR - Failed to import: /opt/airflow/dags/dag.py
Traceback (most recent call last):
  File "/home/airflow/.local/lib/python3.8/site-packages/airflow/models/dagbag.py", line 342, in parse
    loader.exec_module(new_module)
  File "<frozen importlib._bootstrap_external>", line 839, in exec_module
  File "<frozen importlib._bootstrap_external>", line 976, in get_code
  File "<frozen importlib._bootstrap_external>", line 906, in source_to_code
  File "<frozen importlib._bootstrap>", line 219, in _call_with_frames_removed
  File "/opt/airflow/dags/dag.py", line 23
    )as dag
          ^
SyntaxError: invalid syntax
[2026-08-14T01:38:12.827+0000] {processor.py:841} WARNING - No viable dags retrieved from /opt/airflow/dags/dag.py
[2026-08-14T01:38:12.843+0000] {processor.py:179} INFO - Processing /opt/airflow/dags/dag.py took 0.028 seconds
[2026-08-14T01:38:43.139+0000] {processor.py:157} INFO - Started process (PID=12229) to work on /opt/airflow/dags/dag.py
[2026-08-14T01:38:43.140+0000] {processor.py:829} INFO - Processing file /opt/airflow/dags/dag.py for tasks to queue
[2026-08-14T01:38:43.141+0000] {logging_mixin.py:151} INFO - [2026-08-14T01:38:43.141+0000] {dagbag.py:536} INFO - Filling up the DagBag from /opt/airflow/dags/dag.py
[2026-08-14T01:38:43.146+0000] {logging_mixin.py:151} INFO - [2026-08-14T01:38:43.145+0000] {dagbag.py:346} ERROR - Failed to import: /opt/airflow/dags/dag.py
Traceback (most recent call last):
  File "/home/airflow/.local/lib/python3.8/site-packages/airflow/models/dagbag.py", line 342, in parse
    loader.exec_module(new_module)
  File "<frozen importlib._bootstrap_external>", line 839, in exec_module
  File "<frozen importlib._bootstrap_external>", line 976, in get_code
  File "<frozen importlib._bootstrap_external>", line 906, in source_to_code
  File "<frozen importlib._bootstrap>", line 219, in _call_with_frames_removed
  File "/opt/airflow/dags/dag.py", line 23
    )as dag
          ^
SyntaxError: invalid syntax
[2026-08-14T01:38:43.146+0000] {processor.py:841} WARNING - No viable dags retrieved from /opt/airflow/dags/dag.py
[2026-08-14T01:38:43.158+0000] {processor.py:179} INFO - Processing /opt/airflow/dags/dag.py took 0.021 seconds
[2026-08-14T01:39:13.451+0000] {processor.py:157} INFO - Started process (PID=12237) to work on /opt/airflow/dags/dag.py
[2026-08-14T01:39:13.452+0000] {processor.py:829} INFO - Processing file /opt/airflow/dags/dag.py for tasks to queue
[2026-08-14T01:39:13.454+0000] {logging_mixin.py:151} INFO - [2026-08-14T01:39:13.454+0000] {dagbag.py:536} INFO - Filling up the DagBag from /opt/airflow/dags/dag.py
[2026-08-14T01:39:13.458+0000] {logging_mixin.py:151} INFO - [2026-08-14T01:39:13.458+0000] {dagbag.py:346} ERROR - Failed to import: /opt/airflow/dags/dag.py
Traceback (most recent call last):
  File "/home/airflow/.local/lib/python3.8/site-packages/airflow/models/dagbag.py", line 342, in parse
    loader.exec_module(new_module)
  File "<frozen importlib._bootstrap_external>", line 839, in exec_module
  File "<frozen importlib._bootstrap_external>", line 976, in get_code
  File "<frozen importlib._bootstrap_external>", line 906, in source_to_code
  File "<frozen importlib._bootstrap>", line 219, in _call_with_frames_removed
  File "/opt/airflow/dags/dag.py", line 23
    )as dag
          ^
SyntaxError: invalid syntax
[2026-08-14T01:39:13.459+0000] {processor.py:841} WARNING - No viable dags retrieved from /opt/airflow/dags/dag.py
[2026-08-14T01:39:13.475+0000] {processor.py:179} INFO - Processing /opt/airflow/dags/dag.py took 0.027 seconds
[2026-08-14T01:39:43.840+0000] {processor.py:157} INFO - Started process (PID=12245) to work on /opt/airflow/dags/dag.py
[2026-08-14T01:39:43.841+0000] {processor.py:829} INFO - Processing file /opt/airflow/dags/dag.py for tasks to queue
[2026-08-14T01:39:43.842+0000] {logging_mixin.py:151} INFO - [2026-08-14T01:39:43.842+0000] {dagbag.py:536} INFO - Filling up the DagBag from /opt/airflow/dags/dag.py
[2026-08-14T01:39:43.847+0000] {logging_mixin.py:151} INFO - [2026-08-14T01:39:43.847+0000] {dagbag.py:346} ERROR - Failed to import: /opt/airflow/dags/dag.py
Traceback (most recent call last):
  File "/home/airflow/.local/lib/python3.8/site-packages/airflow/models/dagbag.py", line 342, in parse
    loader.exec_module(new_module)
  File "<frozen importlib._bootstrap_external>", line 839, in exec_module
  File "<frozen importlib._bootstrap_external>", line 976, in get_code
  File "<frozen importlib._bootstrap_external>", line 906, in source_to_code
  File "<frozen importlib._bootstrap>", line 219, in _call_with_frames_removed
  File "/opt/airflow/dags/dag.py", line 23
    )as dag
          ^
SyntaxError: invalid syntax
[2026-08-14T01:39:43.847+0000] {processor.py:841} WARNING - No viable dags retrieved from /opt/airflow/dags/dag.py
[2026-08-14T01:39:43.857+0000] {processor.py:179} INFO - Processing /opt/airflow/dags/dag.py took 0.019 seconds
[2026-08-14T01:40:14.171+0000] {processor.py:157} INFO - Started process (PID=12253) to work on /opt/airflow/dags/dag.py
[2026-08-14T01:40:14.172+0000] {processor.py:829} INFO - Processing file /opt/airflow/dags/dag.py for tasks to queue
[2026-08-14T01:40:14.177+0000] {logging_mixin.py:151} INFO - [2026-08-14T01:40:14.177+0000] {dagbag.py:536} INFO - Filling up the DagBag from /opt/airflow/dags/dag.py
[2026-08-14T01:40:14.183+0000] {logging_mixin.py:151} INFO - [2026-08-14T01:40:14.182+0000] {dagbag.py:346} ERROR - Failed to import: /opt/airflow/dags/dag.py
Traceback (most recent call last):
  File "/home/airflow/.local/lib/python3.8/site-packages/airflow/models/dagbag.py", line 342, in parse
    loader.exec_module(new_module)
  File "<frozen importlib._bootstrap_external>", line 839, in exec_module
  File "<frozen importlib._bootstrap_external>", line 976, in get_code
  File "<frozen importlib._bootstrap_external>", line 906, in source_to_code
  File "<frozen importlib._bootstrap>", line 219, in _call_with_frames_removed
  File "/opt/airflow/dags/dag.py", line 23
    )as dag
          ^
SyntaxError: invalid syntax
[2026-08-14T01:40:14.183+0000] {processor.py:841} WARNING - No viable dags retrieved from /opt/airflow/dags/dag.py
[2026-08-14T01:40:14.196+0000] {processor.py:179} INFO - Processing /opt/airflow/dags/dag.py took 0.027 seconds
[2026-08-14T01:40:44.483+0000] {processor.py:157} INFO - Started process (PID=12261) to work on /opt/airflow/dags/dag.py
[2026-08-14T01:40:44.484+0000] {processor.py:829} INFO - Processing file /opt/airflow/dags/dag.py for tasks to queue
[2026-08-14T01:40:44.485+0000] {logging_mixin.py:151} INFO - [2026-08-14T01:40:44.485+0000] {dagbag.py:536} INFO - Filling up the DagBag from /opt/airflow/dags/dag.py
[2026-08-14T01:40:44.491+0000] {logging_mixin.py:151} INFO - [2026-08-14T01:40:44.491+0000] {dagbag.py:346} ERROR - Failed to import: /opt/airflow/dags/dag.py
Traceback (most recent call last):
  File "/home/airflow/.local/lib/python3.8/site-packages/airflow/models/dagbag.py", line 342, in parse
    loader.exec_module(new_module)
  File "<frozen importlib._bootstrap_external>", line 839, in exec_module
  File "<frozen importlib._bootstrap_external>", line 976, in get_code
  File "<frozen importlib._bootstrap_external>", line 906, in source_to_code
  File "<frozen importlib._bootstrap>", line 219, in _call_with_frames_removed
  File "/opt/airflow/dags/dag.py", line 23
    )as dag
          ^
SyntaxError: invalid syntax
[2026-08-14T01:40:44.491+0000] {processor.py:841} WARNING - No viable dags retrieved from /opt/airflow/dags/dag.py
[2026-08-14T01:40:44.507+0000] {processor.py:179} INFO - Processing /opt/airflow/dags/dag.py took 0.025 seconds
[2026-08-14T01:41:14.807+0000] {processor.py:157} INFO - Started process (PID=12269) to work on /opt/airflow/dags/dag.py
[2026-08-14T01:41:14.807+0000] {processor.py:829} INFO - Processing file /opt/airflow/dags/dag.py for tasks to queue
[2026-08-14T01:41:14.810+0000] {logging_mixin.py:151} INFO - [2026-08-14T01:41:14.810+0000] {dagbag.py:536} INFO - Filling up the DagBag from /opt/airflow/dags/dag.py
[2026-08-14T01:41:14.814+0000] {logging_mixin.py:151} INFO - [2026-08-14T01:41:14.814+0000] {dagbag.py:346} ERROR - Failed to import: /opt/airflow/dags/dag.py
Traceback (most recent call last):
  File "/home/airflow/.local/lib/python3.8/site-packages/airflow/models/dagbag.py", line 342, in parse
    loader.exec_module(new_module)
  File "<frozen importlib._bootstrap_external>", line 839, in exec_module
  File "<frozen importlib._bootstrap_external>", line 976, in get_code
  File "<frozen importlib._bootstrap_external>", line 906, in source_to_code
  File "<frozen importlib._bootstrap>", line 219, in _call_with_frames_removed
  File "/opt/airflow/dags/dag.py", line 23
    )as dag
          ^
SyntaxError: invalid syntax
[2026-08-14T01:41:14.814+0000] {processor.py:841} WARNING - No viable dags retrieved from /opt/airflow/dags/dag.py
[2026-08-14T01:41:14.827+0000] {processor.py:179} INFO - Processing /opt/airflow/dags/dag.py took 0.022 seconds
[2026-08-14T01:41:45.137+0000] {processor.py:157} INFO - Started process (PID=12277) to work on /opt/airflow/dags/dag.py
[2026-08-14T01:41:45.138+0000] {processor.py:829} INFO - Processing file /opt/airflow/dags/dag.py for tasks to queue
[2026-08-14T01:41:45.140+0000] {logging_mixin.py:151} INFO - [2026-08-14T01:41:45.140+0000] {dagbag.py:536} INFO - Filling up the DagBag from /opt/airflow/dags/dag.py
[2026-08-14T01:41:45.147+0000] {logging_mixin.py:151} INFO - [2026-08-14T01:41:45.147+0000] {dagbag.py:346} ERROR - Failed to import: /opt/airflow/dags/dag.py
Traceback (most recent call last):
  File "/home/airflow/.local/lib/python3.8/site-packages/airflow/models/dagbag.py", line 342, in parse
    loader.exec_module(new_module)
  File "<frozen importlib._bootstrap_external>", line 839, in exec_module
  File "<frozen importlib._bootstrap_external>", line 976, in get_code
  File "<frozen importlib._bootstrap_external>", line 906, in source_to_code
  File "<frozen importlib._bootstrap>", line 219, in _call_with_frames_removed
  File "/opt/airflow/dags/dag.py", line 23
    )as dag
          ^
SyntaxError: invalid syntax
[2026-08-14T01:41:45.147+0000] {processor.py:841} WARNING - No viable dags retrieved from /opt/airflow/dags/dag.py
[2026-08-14T01:41:45.163+0000] {processor.py:179} INFO - Processing /opt/airflow/dags/dag.py took 0.028 seconds
[2026-08-14T01:42:15.466+0000] {processor.py:157} INFO - Started process (PID=12285) to work on /opt/airflow/dags/dag.py
[2026-08-14T01:42:15.467+0000] {processor.py:829} INFO - Processing file /opt/airflow/dags/dag.py for tasks to queue
[2026-08-14T01:42:15.469+0000] {logging_mixin.py:151} INFO - [2026-08-14T01:42:15.469+0000] {dagbag.py:536} INFO - Filling up the DagBag from /opt/airflow/dags/dag.py
[2026-08-14T01:42:15.474+0000] {logging_mixin.py:151} INFO - [2026-08-14T01:42:15.473+0000] {dagbag.py:346} ERROR - Failed to import: /opt/airflow/dags/dag.py
Traceback (most recent call last):
  File "/home/airflow/.local/lib/python3.8/site-packages/airflow/models/dagbag.py", line 342, in parse
    loader.exec_module(new_module)
  File "<frozen importlib._bootstrap_external>", line 839, in exec_module
  File "<frozen importlib._bootstrap_external>", line 976, in get_code
  File "<frozen importlib._bootstrap_external>", line 906, in source_to_code
  File "<frozen importlib._bootstrap>", line 219, in _call_with_frames_removed
  File "/opt/airflow/dags/dag.py", line 23
    )as dag
          ^
SyntaxError: invalid syntax
[2026-08-14T01:42:15.474+0000] {processor.py:841} WARNING - No viable dags retrieved from /opt/airflow/dags/dag.py
[2026-08-14T01:42:15.486+0000] {processor.py:179} INFO - Processing /opt/airflow/dags/dag.py took 0.022 seconds
[2026-08-14T01:42:45.843+0000] {processor.py:157} INFO - Started process (PID=12293) to work on /opt/airflow/dags/dag.py
[2026-08-14T01:42:45.844+0000] {processor.py:829} INFO - Processing file /opt/airflow/dags/dag.py for tasks to queue
[2026-08-14T01:42:45.846+0000] {logging_mixin.py:151} INFO - [2026-08-14T01:42:45.846+0000] {dagbag.py:536} INFO - Filling up the DagBag from /opt/airflow/dags/dag.py
[2026-08-14T01:42:45.851+0000] {logging_mixin.py:151} INFO - [2026-08-14T01:42:45.850+0000] {dagbag.py:346} ERROR - Failed to import: /opt/airflow/dags/dag.py
Traceback (most recent call last):
  File "/home/airflow/.local/lib/python3.8/site-packages/airflow/models/dagbag.py", line 342, in parse
    loader.exec_module(new_module)
  File "<frozen importlib._bootstrap_external>", line 839, in exec_module
  File "<frozen importlib._bootstrap_external>", line 976, in get_code
  File "<frozen importlib._bootstrap_external>", line 906, in source_to_code
  File "<frozen importlib._bootstrap>", line 219, in _call_with_frames_removed
  File "/opt/airflow/dags/dag.py", line 23
    )as dag
          ^
SyntaxError: invalid syntax
[2026-08-14T01:42:45.855+0000] {processor.py:841} WARNING - No viable dags retrieved from /opt/airflow/dags/dag.py
[2026-08-14T01:42:45.865+0000] {processor.py:179} INFO - Processing /opt/airflow/dags/dag.py took 0.025 seconds
[2026-08-14T01:43:16.181+0000] {processor.py:157} INFO - Started process (PID=12301) to work on /opt/airflow/dags/dag.py
[2026-08-14T01:43:16.181+0000] {processor.py:829} INFO - Processing file /opt/airflow/dags/dag.py for tasks to queue
[2026-08-14T01:43:16.183+0000] {logging_mixin.py:151} INFO - [2026-08-14T01:43:16.183+0000] {dagbag.py:536} INFO - Filling up the DagBag from /opt/airflow/dags/dag.py
[2026-08-14T01:43:16.189+0000] {logging_mixin.py:151} INFO - [2026-08-14T01:43:16.189+0000] {dagbag.py:346} ERROR - Failed to import: /opt/airflow/dags/dag.py
Traceback (most recent call last):
  File "/home/airflow/.local/lib/python3.8/site-packages/airflow/models/dagbag.py", line 342, in parse
    loader.exec_module(new_module)
  File "<frozen importlib._bootstrap_external>", line 839, in exec_module
  File "<frozen importlib._bootstrap_external>", line 976, in get_code
  File "<frozen importlib._bootstrap_external>", line 906, in source_to_code
  File "<frozen importlib._bootstrap>", line 219, in _call_with_frames_removed
  File "/opt/airflow/dags/dag.py", line 23
    )as dag
          ^
SyntaxError: invalid syntax
[2026-08-14T01:43:16.189+0000] {processor.py:841} WARNING - No viable dags retrieved from /opt/airflow/dags/dag.py
[2026-08-14T01:43:16.202+0000] {processor.py:179} INFO - Processing /opt/airflow/dags/dag.py took 0.024 seconds
[2026-08-14T01:43:46.519+0000] {processor.py:157} INFO - Started process (PID=12309) to work on /opt/airflow/dags/dag.py
[2026-08-14T01:43:46.520+0000] {processor.py:829} INFO - Processing file /opt/airflow/dags/dag.py for tasks to queue
[2026-08-14T01:43:46.521+0000] {logging_mixin.py:151} INFO - [2026-08-14T01:43:46.521+0000] {dagbag.py:536} INFO - Filling up the DagBag from /opt/airflow/dags/dag.py
[2026-08-14T01:43:46.529+0000] {logging_mixin.py:151} INFO - [2026-08-14T01:43:46.528+0000] {dagbag.py:346} ERROR - Failed to import: /opt/airflow/dags/dag.py
Traceback (most recent call last):
  File "/home/airflow/.local/lib/python3.8/site-packages/airflow/models/dagbag.py", line 342, in parse
    loader.exec_module(new_module)
  File "<frozen importlib._bootstrap_external>", line 839, in exec_module
  File "<frozen importlib._bootstrap_external>", line 976, in get_code
  File "<frozen importlib._bootstrap_external>", line 906, in source_to_code
  File "<frozen importlib._bootstrap>", line 219, in _call_with_frames_removed
  File "/opt/airflow/dags/dag.py", line 23
    )as dag
          ^
SyntaxError: invalid syntax
[2026-08-14T01:43:46.529+0000] {processor.py:841} WARNING - No viable dags retrieved from /opt/airflow/dags/dag.py
[2026-08-14T01:43:46.545+0000] {processor.py:179} INFO - Processing /opt/airflow/dags/dag.py took 0.028 seconds
[2026-08-14T01:44:16.801+0000] {processor.py:157} INFO - Started process (PID=12317) to work on /opt/airflow/dags/dag.py
[2026-08-14T01:44:16.802+0000] {processor.py:829} INFO - Processing file /opt/airflow/dags/dag.py for tasks to queue
[2026-08-14T01:44:16.804+0000] {logging_mixin.py:151} INFO - [2026-08-14T01:44:16.804+0000] {dagbag.py:536} INFO - Filling up the DagBag from /opt/airflow/dags/dag.py
[2026-08-14T01:44:16.810+0000] {logging_mixin.py:151} INFO - [2026-08-14T01:44:16.809+0000] {dagbag.py:346} ERROR - Failed to import: /opt/airflow/dags/dag.py
Traceback (most recent call last):
  File "/home/airflow/.local/lib/python3.8/site-packages/airflow/models/dagbag.py", line 342, in parse
    loader.exec_module(new_module)
  File "<frozen importlib._bootstrap_external>", line 839, in exec_module
  File "<frozen importlib._bootstrap_external>", line 976, in get_code
  File "<frozen importlib._bootstrap_external>", line 906, in source_to_code
  File "<frozen importlib._bootstrap>", line 219, in _call_with_frames_removed
  File "/opt/airflow/dags/dag.py", line 23
    )as dag
          ^
SyntaxError: invalid syntax
[2026-08-14T01:44:16.810+0000] {processor.py:841} WARNING - No viable dags retrieved from /opt/airflow/dags/dag.py
[2026-08-14T01:44:16.824+0000] {processor.py:179} INFO - Processing /opt/airflow/dags/dag.py took 0.024 seconds
[2026-08-14T01:44:47.126+0000] {processor.py:157} INFO - Started process (PID=12325) to work on /opt/airflow/dags/dag.py
[2026-08-14T01:44:47.127+0000] {processor.py:829} INFO - Processing file /opt/airflow/dags/dag.py for tasks to queue
[2026-08-14T01:44:47.129+0000] {logging_mixin.py:151} INFO - [2026-08-14T01:44:47.129+0000] {dagbag.py:536} INFO - Filling up the DagBag from /opt/airflow/dags/dag.py
[2026-08-14T01:44:47.134+0000] {logging_mixin.py:151} INFO - [2026-08-14T01:44:47.133+0000] {dagbag.py:346} ERROR - Failed to import: /opt/airflow/dags/dag.py
Traceback (most recent call last):
  File "/home/airflow/.local/lib/python3.8/site-packages/airflow/models/dagbag.py", line 342, in parse
    loader.exec_module(new_module)
  File "<frozen importlib._bootstrap_external>", line 839, in exec_module
  File "<frozen importlib._bootstrap_external>", line 976, in get_code
  File "<frozen importlib._bootstrap_external>", line 906, in source_to_code
  File "<frozen importlib._bootstrap>", line 219, in _call_with_frames_removed
  File "/opt/airflow/dags/dag.py", line 23
    )as dag
          ^
SyntaxError: invalid syntax
[2026-08-14T01:44:47.134+0000] {processor.py:841} WARNING - No viable dags retrieved from /opt/airflow/dags/dag.py
[2026-08-14T01:44:47.145+0000] {processor.py:179} INFO - Processing /opt/airflow/dags/dag.py took 0.020 seconds
[2026-08-14T01:45:17.459+0000] {processor.py:157} INFO - Started process (PID=12334) to work on /opt/airflow/dags/dag.py
[2026-08-14T01:45:17.461+0000] {processor.py:829} INFO - Processing file /opt/airflow/dags/dag.py for tasks to queue
[2026-08-14T01:45:17.463+0000] {logging_mixin.py:151} INFO - [2026-08-14T01:45:17.462+0000] {dagbag.py:536} INFO - Filling up the DagBag from /opt/airflow/dags/dag.py
[2026-08-14T01:45:17.474+0000] {logging_mixin.py:151} INFO - [2026-08-14T01:45:17.473+0000] {dagbag.py:346} ERROR - Failed to import: /opt/airflow/dags/dag.py
Traceback (most recent call last):
  File "/home/airflow/.local/lib/python3.8/site-packages/airflow/models/dagbag.py", line 342, in parse
    loader.exec_module(new_module)
  File "<frozen importlib._bootstrap_external>", line 839, in exec_module
  File "<frozen importlib._bootstrap_external>", line 976, in get_code
  File "<frozen importlib._bootstrap_external>", line 906, in source_to_code
  File "<frozen importlib._bootstrap>", line 219, in _call_with_frames_removed
  File "/opt/airflow/dags/dag.py", line 23
    )as dag
          ^
SyntaxError: invalid syntax
[2026-08-14T01:45:17.474+0000] {processor.py:841} WARNING - No viable dags retrieved from /opt/airflow/dags/dag.py
[2026-08-14T01:45:17.487+0000] {processor.py:179} INFO - Processing /opt/airflow/dags/dag.py took 0.030 seconds
[2026-08-14T01:45:47.730+0000] {processor.py:157} INFO - Started process (PID=12342) to work on /opt/airflow/dags/dag.py
[2026-08-14T01:45:47.730+0000] {processor.py:829} INFO - Processing file /opt/airflow/dags/dag.py for tasks to queue
[2026-08-14T01:45:47.732+0000] {logging_mixin.py:151} INFO - [2026-08-14T01:45:47.732+0000] {dagbag.py:536} INFO - Filling up the DagBag from /opt/airflow/dags/dag.py
[2026-08-14T01:45:47.737+0000] {logging_mixin.py:151} INFO - [2026-08-14T01:45:47.737+0000] {dagbag.py:346} ERROR - Failed to import: /opt/airflow/dags/dag.py
Traceback (most recent call last):
  File "/home/airflow/.local/lib/python3.8/site-packages/airflow/models/dagbag.py", line 342, in parse
    loader.exec_module(new_module)
  File "<frozen importlib._bootstrap_external>", line 839, in exec_module
  File "<frozen importlib._bootstrap_external>", line 976, in get_code
  File "<frozen importlib._bootstrap_external>", line 906, in source_to_code
  File "<frozen importlib._bootstrap>", line 219, in _call_with_frames_removed
  File "/opt/airflow/dags/dag.py", line 23
    )as dag
          ^
SyntaxError: invalid syntax
[2026-08-14T01:45:47.740+0000] {processor.py:841} WARNING - No viable dags retrieved from /opt/airflow/dags/dag.py
[2026-08-14T01:45:47.754+0000] {processor.py:179} INFO - Processing /opt/airflow/dags/dag.py took 0.026 seconds
[2026-08-14T01:46:18.033+0000] {processor.py:157} INFO - Started process (PID=12350) to work on /opt/airflow/dags/dag.py
[2026-08-14T01:46:18.035+0000] {processor.py:829} INFO - Processing file /opt/airflow/dags/dag.py for tasks to queue
[2026-08-14T01:46:18.037+0000] {logging_mixin.py:151} INFO - [2026-08-14T01:46:18.037+0000] {dagbag.py:536} INFO - Filling up the DagBag from /opt/airflow/dags/dag.py
[2026-08-14T01:46:18.042+0000] {logging_mixin.py:151} INFO - [2026-08-14T01:46:18.041+0000] {dagbag.py:346} ERROR - Failed to import: /opt/airflow/dags/dag.py
Traceback (most recent call last):
  File "/home/airflow/.local/lib/python3.8/site-packages/airflow/models/dagbag.py", line 342, in parse
    loader.exec_module(new_module)
  File "<frozen importlib._bootstrap_external>", line 839, in exec_module
  File "<frozen importlib._bootstrap_external>", line 976, in get_code
  File "<frozen importlib._bootstrap_external>", line 906, in source_to_code
  File "<frozen importlib._bootstrap>", line 219, in _call_with_frames_removed
  File "/opt/airflow/dags/dag.py", line 23
    )as dag
          ^
SyntaxError: invalid syntax
[2026-08-14T01:46:18.043+0000] {processor.py:841} WARNING - No viable dags retrieved from /opt/airflow/dags/dag.py
[2026-08-14T01:46:18.053+0000] {processor.py:179} INFO - Processing /opt/airflow/dags/dag.py took 0.023 seconds
[2026-08-14T01:46:48.345+0000] {processor.py:157} INFO - Started process (PID=12358) to work on /opt/airflow/dags/dag.py
[2026-08-14T01:46:48.346+0000] {processor.py:829} INFO - Processing file /opt/airflow/dags/dag.py for tasks to queue
[2026-08-14T01:46:48.348+0000] {logging_mixin.py:151} INFO - [2026-08-14T01:46:48.347+0000] {dagbag.py:536} INFO - Filling up the DagBag from /opt/airflow/dags/dag.py
[2026-08-14T01:46:48.352+0000] {logging_mixin.py:151} INFO - [2026-08-14T01:46:48.352+0000] {dagbag.py:346} ERROR - Failed to import: /opt/airflow/dags/dag.py
Traceback (most recent call last):
  File "/home/airflow/.local/lib/python3.8/site-packages/airflow/models/dagbag.py", line 342, in parse
    loader.exec_module(new_module)
  File "<frozen importlib._bootstrap_external>", line 839, in exec_module
  File "<frozen importlib._bootstrap_external>", line 976, in get_code
  File "<frozen importlib._bootstrap_external>", line 906, in source_to_code
  File "<frozen importlib._bootstrap>", line 219, in _call_with_frames_removed
  File "/opt/airflow/dags/dag.py", line 23
    )as dag
          ^
SyntaxError: invalid syntax
[2026-08-14T01:46:48.352+0000] {processor.py:841} WARNING - No viable dags retrieved from /opt/airflow/dags/dag.py
[2026-08-14T01:46:48.363+0000] {processor.py:179} INFO - Processing /opt/airflow/dags/dag.py took 0.020 seconds
[2026-08-14T01:47:18.602+0000] {processor.py:157} INFO - Started process (PID=12366) to work on /opt/airflow/dags/dag.py
[2026-08-14T01:47:18.602+0000] {processor.py:829} INFO - Processing file /opt/airflow/dags/dag.py for tasks to queue
[2026-08-14T01:47:18.604+0000] {logging_mixin.py:151} INFO - [2026-08-14T01:47:18.604+0000] {dagbag.py:536} INFO - Filling up the DagBag from /opt/airflow/dags/dag.py
[2026-08-14T01:47:18.611+0000] {logging_mixin.py:151} INFO - [2026-08-14T01:47:18.610+0000] {dagbag.py:346} ERROR - Failed to import: /opt/airflow/dags/dag.py
Traceback (most recent call last):
  File "/home/airflow/.local/lib/python3.8/site-packages/airflow/models/dagbag.py", line 342, in parse
    loader.exec_module(new_module)
  File "<frozen importlib._bootstrap_external>", line 839, in exec_module
  File "<frozen importlib._bootstrap_external>", line 976, in get_code
  File "<frozen importlib._bootstrap_external>", line 906, in source_to_code
  File "<frozen importlib._bootstrap>", line 219, in _call_with_frames_removed
  File "/opt/airflow/dags/dag.py", line 23
    )as dag
          ^
SyntaxError: invalid syntax
[2026-08-14T01:47:18.611+0000] {processor.py:841} WARNING - No viable dags retrieved from /opt/airflow/dags/dag.py
[2026-08-14T01:47:18.623+0000] {processor.py:179} INFO - Processing /opt/airflow/dags/dag.py took 0.022 seconds
[2026-08-14T01:47:48.877+0000] {processor.py:157} INFO - Started process (PID=12374) to work on /opt/airflow/dags/dag.py
[2026-08-14T01:47:48.878+0000] {processor.py:829} INFO - Processing file /opt/airflow/dags/dag.py for tasks to queue
[2026-08-14T01:47:48.879+0000] {logging_mixin.py:151} INFO - [2026-08-14T01:47:48.879+0000] {dagbag.py:536} INFO - Filling up the DagBag from /opt/airflow/dags/dag.py
[2026-08-14T01:47:48.886+0000] {logging_mixin.py:151} INFO - [2026-08-14T01:47:48.885+0000] {dagbag.py:346} ERROR - Failed to import: /opt/airflow/dags/dag.py
Traceback (most recent call last):
  File "/home/airflow/.local/lib/python3.8/site-packages/airflow/models/dagbag.py", line 342, in parse
    loader.exec_module(new_module)
  File "<frozen importlib._bootstrap_external>", line 839, in exec_module
  File "<frozen importlib._bootstrap_external>", line 976, in get_code
  File "<frozen importlib._bootstrap_external>", line 906, in source_to_code
  File "<frozen importlib._bootstrap>", line 219, in _call_with_frames_removed
  File "/opt/airflow/dags/dag.py", line 23
    )as dag
          ^
SyntaxError: invalid syntax
[2026-08-14T01:47:48.890+0000] {processor.py:841} WARNING - No viable dags retrieved from /opt/airflow/dags/dag.py
[2026-08-14T01:47:48.901+0000] {processor.py:179} INFO - Processing /opt/airflow/dags/dag.py took 0.025 seconds
[2026-08-14T01:48:19.162+0000] {processor.py:157} INFO - Started process (PID=12382) to work on /opt/airflow/dags/dag.py
[2026-08-14T01:48:19.163+0000] {processor.py:829} INFO - Processing file /opt/airflow/dags/dag.py for tasks to queue
[2026-08-14T01:48:19.164+0000] {logging_mixin.py:151} INFO - [2026-08-14T01:48:19.164+0000] {dagbag.py:536} INFO - Filling up the DagBag from /opt/airflow/dags/dag.py
[2026-08-14T01:48:19.171+0000] {logging_mixin.py:151} INFO - [2026-08-14T01:48:19.171+0000] {dagbag.py:346} ERROR - Failed to import: /opt/airflow/dags/dag.py
Traceback (most recent call last):
  File "/home/airflow/.local/lib/python3.8/site-packages/airflow/models/dagbag.py", line 342, in parse
    loader.exec_module(new_module)
  File "<frozen importlib._bootstrap_external>", line 839, in exec_module
  File "<frozen importlib._bootstrap_external>", line 976, in get_code
  File "<frozen importlib._bootstrap_external>", line 906, in source_to_code
  File "<frozen importlib._bootstrap>", line 219, in _call_with_frames_removed
  File "/opt/airflow/dags/dag.py", line 23
    )as dag
          ^
SyntaxError: invalid syntax
[2026-08-14T01:48:19.172+0000] {processor.py:841} WARNING - No viable dags retrieved from /opt/airflow/dags/dag.py
[2026-08-14T01:48:19.184+0000] {processor.py:179} INFO - Processing /opt/airflow/dags/dag.py took 0.024 seconds
[2026-08-14T01:48:49.451+0000] {processor.py:157} INFO - Started process (PID=12390) to work on /opt/airflow/dags/dag.py
[2026-08-14T01:48:49.452+0000] {processor.py:829} INFO - Processing file /opt/airflow/dags/dag.py for tasks to queue
[2026-08-14T01:48:49.454+0000] {logging_mixin.py:151} INFO - [2026-08-14T01:48:49.454+0000] {dagbag.py:536} INFO - Filling up the DagBag from /opt/airflow/dags/dag.py
[2026-08-14T01:48:49.458+0000] {logging_mixin.py:151} INFO - [2026-08-14T01:48:49.457+0000] {dagbag.py:346} ERROR - Failed to import: /opt/airflow/dags/dag.py
Traceback (most recent call last):
  File "/home/airflow/.local/lib/python3.8/site-packages/airflow/models/dagbag.py", line 342, in parse
    loader.exec_module(new_module)
  File "<frozen importlib._bootstrap_external>", line 839, in exec_module
  File "<frozen importlib._bootstrap_external>", line 976, in get_code
  File "<frozen importlib._bootstrap_external>", line 906, in source_to_code
  File "<frozen importlib._bootstrap>", line 219, in _call_with_frames_removed
  File "/opt/airflow/dags/dag.py", line 23
    )as dag
          ^
SyntaxError: invalid syntax
[2026-08-14T01:48:49.458+0000] {processor.py:841} WARNING - No viable dags retrieved from /opt/airflow/dags/dag.py
[2026-08-14T01:48:49.474+0000] {processor.py:179} INFO - Processing /opt/airflow/dags/dag.py took 0.024 seconds
[2026-08-14T01:49:19.718+0000] {processor.py:157} INFO - Started process (PID=12398) to work on /opt/airflow/dags/dag.py
[2026-08-14T01:49:19.718+0000] {processor.py:829} INFO - Processing file /opt/airflow/dags/dag.py for tasks to queue
[2026-08-14T01:49:19.721+0000] {logging_mixin.py:151} INFO - [2026-08-14T01:49:19.720+0000] {dagbag.py:536} INFO - Filling up the DagBag from /opt/airflow/dags/dag.py
[2026-08-14T01:49:19.728+0000] {logging_mixin.py:151} INFO - [2026-08-14T01:49:19.728+0000] {dagbag.py:346} ERROR - Failed to import: /opt/airflow/dags/dag.py
Traceback (most recent call last):
  File "/home/airflow/.local/lib/python3.8/site-packages/airflow/models/dagbag.py", line 342, in parse
    loader.exec_module(new_module)
  File "<frozen importlib._bootstrap_external>", line 839, in exec_module
  File "<frozen importlib._bootstrap_external>", line 976, in get_code
  File "<frozen importlib._bootstrap_external>", line 906, in source_to_code
  File "<frozen importlib._bootstrap>", line 219, in _call_with_frames_removed
  File "/opt/airflow/dags/dag.py", line 23
    )as dag
          ^
SyntaxError: invalid syntax
[2026-08-14T01:49:19.729+0000] {processor.py:841} WARNING - No viable dags retrieved from /opt/airflow/dags/dag.py
[2026-08-14T01:49:19.740+0000] {processor.py:179} INFO - Processing /opt/airflow/dags/dag.py took 0.024 seconds
[2026-08-14T01:49:49.968+0000] {processor.py:157} INFO - Started process (PID=12406) to work on /opt/airflow/dags/dag.py
[2026-08-14T01:49:49.969+0000] {processor.py:829} INFO - Processing file /opt/airflow/dags/dag.py for tasks to queue
[2026-08-14T01:49:49.974+0000] {logging_mixin.py:151} INFO - [2026-08-14T01:49:49.974+0000] {dagbag.py:536} INFO - Filling up the DagBag from /opt/airflow/dags/dag.py
[2026-08-14T01:49:49.977+0000] {logging_mixin.py:151} INFO - [2026-08-14T01:49:49.976+0000] {dagbag.py:346} ERROR - Failed to import: /opt/airflow/dags/dag.py
Traceback (most recent call last):
  File "/home/airflow/.local/lib/python3.8/site-packages/airflow/models/dagbag.py", line 342, in parse
    loader.exec_module(new_module)
  File "<frozen importlib._bootstrap_external>", line 839, in exec_module
  File "<frozen importlib._bootstrap_external>", line 976, in get_code
  File "<frozen importlib._bootstrap_external>", line 906, in source_to_code
  File "<frozen importlib._bootstrap>", line 219, in _call_with_frames_removed
  File "/opt/airflow/dags/dag.py", line 23
    )as dag
          ^
SyntaxError: invalid syntax
[2026-08-14T01:49:49.977+0000] {processor.py:841} WARNING - No viable dags retrieved from /opt/airflow/dags/dag.py
[2026-08-14T01:49:49.988+0000] {processor.py:179} INFO - Processing /opt/airflow/dags/dag.py took 0.023 seconds
[2026-08-14T01:50:20.248+0000] {processor.py:157} INFO - Started process (PID=12414) to work on /opt/airflow/dags/dag.py
[2026-08-14T01:50:20.249+0000] {processor.py:829} INFO - Processing file /opt/airflow/dags/dag.py for tasks to queue
[2026-08-14T01:50:20.251+0000] {logging_mixin.py:151} INFO - [2026-08-14T01:50:20.250+0000] {dagbag.py:536} INFO - Filling up the DagBag from /opt/airflow/dags/dag.py
[2026-08-14T01:50:20.256+0000] {logging_mixin.py:151} INFO - [2026-08-14T01:50:20.255+0000] {dagbag.py:346} ERROR - Failed to import: /opt/airflow/dags/dag.py
Traceback (most recent call last):
  File "/home/airflow/.local/lib/python3.8/site-packages/airflow/models/dagbag.py", line 342, in parse
    loader.exec_module(new_module)
  File "<frozen importlib._bootstrap_external>", line 839, in exec_module
  File "<frozen importlib._bootstrap_external>", line 976, in get_code
  File "<frozen importlib._bootstrap_external>", line 906, in source_to_code
  File "<frozen importlib._bootstrap>", line 219, in _call_with_frames_removed
  File "/opt/airflow/dags/dag.py", line 23
    )as dag
          ^
SyntaxError: invalid syntax
[2026-08-14T01:50:20.256+0000] {processor.py:841} WARNING - No viable dags retrieved from /opt/airflow/dags/dag.py
[2026-08-14T01:50:20.275+0000] {processor.py:179} INFO - Processing /opt/airflow/dags/dag.py took 0.029 seconds
[2026-08-14T01:50:50.572+0000] {processor.py:157} INFO - Started process (PID=12422) to work on /opt/airflow/dags/dag.py
[2026-08-14T01:50:50.573+0000] {processor.py:829} INFO - Processing file /opt/airflow/dags/dag.py for tasks to queue
[2026-08-14T01:50:50.576+0000] {logging_mixin.py:151} INFO - [2026-08-14T01:50:50.576+0000] {dagbag.py:536} INFO - Filling up the DagBag from /opt/airflow/dags/dag.py
[2026-08-14T01:50:50.581+0000] {logging_mixin.py:151} INFO - [2026-08-14T01:50:50.580+0000] {dagbag.py:346} ERROR - Failed to import: /opt/airflow/dags/dag.py
Traceback (most recent call last):
  File "/home/airflow/.local/lib/python3.8/site-packages/airflow/models/dagbag.py", line 342, in parse
    loader.exec_module(new_module)
  File "<frozen importlib._bootstrap_external>", line 839, in exec_module
  File "<frozen importlib._bootstrap_external>", line 976, in get_code
  File "<frozen importlib._bootstrap_external>", line 906, in source_to_code
  File "<frozen importlib._bootstrap>", line 219, in _call_with_frames_removed
  File "/opt/airflow/dags/dag.py", line 23
    )as dag
          ^
SyntaxError: invalid syntax
[2026-08-14T01:50:50.581+0000] {processor.py:841} WARNING - No viable dags retrieved from /opt/airflow/dags/dag.py
[2026-08-14T01:50:50.592+0000] {processor.py:179} INFO - Processing /opt/airflow/dags/dag.py took 0.022 seconds
[2026-08-14T01:51:20.882+0000] {processor.py:157} INFO - Started process (PID=12430) to work on /opt/airflow/dags/dag.py
[2026-08-14T01:51:20.883+0000] {processor.py:829} INFO - Processing file /opt/airflow/dags/dag.py for tasks to queue
[2026-08-14T01:51:20.888+0000] {logging_mixin.py:151} INFO - [2026-08-14T01:51:20.888+0000] {dagbag.py:536} INFO - Filling up the DagBag from /opt/airflow/dags/dag.py
[2026-08-14T01:51:20.895+0000] {logging_mixin.py:151} INFO - [2026-08-14T01:51:20.894+0000] {dagbag.py:346} ERROR - Failed to import: /opt/airflow/dags/dag.py
Traceback (most recent call last):
  File "/home/airflow/.local/lib/python3.8/site-packages/airflow/models/dagbag.py", line 342, in parse
    loader.exec_module(new_module)
  File "<frozen importlib._bootstrap_external>", line 839, in exec_module
  File "<frozen importlib._bootstrap_external>", line 976, in get_code
  File "<frozen importlib._bootstrap_external>", line 906, in source_to_code
  File "<frozen importlib._bootstrap>", line 219, in _call_with_frames_removed
  File "/opt/airflow/dags/dag.py", line 23
    )as dag
          ^
SyntaxError: invalid syntax
[2026-08-14T01:51:20.895+0000] {processor.py:841} WARNING - No viable dags retrieved from /opt/airflow/dags/dag.py
[2026-08-14T01:51:20.910+0000] {processor.py:179} INFO - Processing /opt/airflow/dags/dag.py took 0.033 seconds
[2026-08-14T01:51:51.188+0000] {processor.py:157} INFO - Started process (PID=12438) to work on /opt/airflow/dags/dag.py
[2026-08-14T01:51:51.189+0000] {processor.py:829} INFO - Processing file /opt/airflow/dags/dag.py for tasks to queue
[2026-08-14T01:51:51.190+0000] {logging_mixin.py:151} INFO - [2026-08-14T01:51:51.190+0000] {dagbag.py:536} INFO - Filling up the DagBag from /opt/airflow/dags/dag.py
[2026-08-14T01:51:51.194+0000] {logging_mixin.py:151} INFO - [2026-08-14T01:51:51.194+0000] {dagbag.py:346} ERROR - Failed to import: /opt/airflow/dags/dag.py
Traceback (most recent call last):
  File "/home/airflow/.local/lib/python3.8/site-packages/airflow/models/dagbag.py", line 342, in parse
    loader.exec_module(new_module)
  File "<frozen importlib._bootstrap_external>", line 839, in exec_module
  File "<frozen importlib._bootstrap_external>", line 976, in get_code
  File "<frozen importlib._bootstrap_external>", line 906, in source_to_code
  File "<frozen importlib._bootstrap>", line 219, in _call_with_frames_removed
  File "/opt/airflow/dags/dag.py", line 23
    )as dag
          ^
SyntaxError: invalid syntax
[2026-08-14T01:51:51.198+0000] {processor.py:841} WARNING - No viable dags retrieved from /opt/airflow/dags/dag.py
[2026-08-14T01:51:51.208+0000] {processor.py:179} INFO - Processing /opt/airflow/dags/dag.py took 0.023 seconds
[2026-08-14T01:52:21.471+0000] {processor.py:157} INFO - Started process (PID=12446) to work on /opt/airflow/dags/dag.py
[2026-08-14T01:52:21.471+0000] {processor.py:829} INFO - Processing file /opt/airflow/dags/dag.py for tasks to queue
[2026-08-14T01:52:21.474+0000] {logging_mixin.py:151} INFO - [2026-08-14T01:52:21.474+0000] {dagbag.py:536} INFO - Filling up the DagBag from /opt/airflow/dags/dag.py
[2026-08-14T01:52:21.478+0000] {logging_mixin.py:151} INFO - [2026-08-14T01:52:21.477+0000] {dagbag.py:346} ERROR - Failed to import: /opt/airflow/dags/dag.py
Traceback (most recent call last):
  File "/home/airflow/.local/lib/python3.8/site-packages/airflow/models/dagbag.py", line 342, in parse
    loader.exec_module(new_module)
  File "<frozen importlib._bootstrap_external>", line 839, in exec_module
  File "<frozen importlib._bootstrap_external>", line 976, in get_code
  File "<frozen importlib._bootstrap_external>", line 906, in source_to_code
  File "<frozen importlib._bootstrap>", line 219, in _call_with_frames_removed
  File "/opt/airflow/dags/dag.py", line 23
    )as dag
          ^
SyntaxError: invalid syntax
[2026-08-14T01:52:21.479+0000] {processor.py:841} WARNING - No viable dags retrieved from /opt/airflow/dags/dag.py
[2026-08-14T01:52:21.493+0000] {processor.py:179} INFO - Processing /opt/airflow/dags/dag.py took 0.025 seconds
[2026-08-14T01:52:51.736+0000] {processor.py:157} INFO - Started process (PID=12454) to work on /opt/airflow/dags/dag.py
[2026-08-14T01:52:51.737+0000] {processor.py:829} INFO - Processing file /opt/airflow/dags/dag.py for tasks to queue
[2026-08-14T01:52:51.739+0000] {logging_mixin.py:151} INFO - [2026-08-14T01:52:51.739+0000] {dagbag.py:536} INFO - Filling up the DagBag from /opt/airflow/dags/dag.py
[2026-08-14T01:52:51.745+0000] {logging_mixin.py:151} INFO - [2026-08-14T01:52:51.744+0000] {dagbag.py:346} ERROR - Failed to import: /opt/airflow/dags/dag.py
Traceback (most recent call last):
  File "/home/airflow/.local/lib/python3.8/site-packages/airflow/models/dagbag.py", line 342, in parse
    loader.exec_module(new_module)
  File "<frozen importlib._bootstrap_external>", line 839, in exec_module
  File "<frozen importlib._bootstrap_external>", line 976, in get_code
  File "<frozen importlib._bootstrap_external>", line 906, in source_to_code
  File "<frozen importlib._bootstrap>", line 219, in _call_with_frames_removed
  File "/opt/airflow/dags/dag.py", line 23
    )as dag
          ^
SyntaxError: invalid syntax
[2026-08-14T01:52:51.745+0000] {processor.py:841} WARNING - No viable dags retrieved from /opt/airflow/dags/dag.py
[2026-08-14T01:52:51.758+0000] {processor.py:179} INFO - Processing /opt/airflow/dags/dag.py took 0.023 seconds
[2026-08-14T01:53:22.001+0000] {processor.py:157} INFO - Started process (PID=12462) to work on /opt/airflow/dags/dag.py
[2026-08-14T01:53:22.002+0000] {processor.py:829} INFO - Processing file /opt/airflow/dags/dag.py for tasks to queue
[2026-08-14T01:53:22.004+0000] {logging_mixin.py:151} INFO - [2026-08-14T01:53:22.004+0000] {dagbag.py:536} INFO - Filling up the DagBag from /opt/airflow/dags/dag.py
[2026-08-14T01:53:22.009+0000] {logging_mixin.py:151} INFO - [2026-08-14T01:53:22.008+0000] {dagbag.py:346} ERROR - Failed to import: /opt/airflow/dags/dag.py
Traceback (most recent call last):
  File "/home/airflow/.local/lib/python3.8/site-packages/airflow/models/dagbag.py", line 342, in parse
    loader.exec_module(new_module)
  File "<frozen importlib._bootstrap_external>", line 839, in exec_module
  File "<frozen importlib._bootstrap_external>", line 976, in get_code
  File "<frozen importlib._bootstrap_external>", line 906, in source_to_code
  File "<frozen importlib._bootstrap>", line 219, in _call_with_frames_removed
  File "/opt/airflow/dags/dag.py", line 23
    )as dag
          ^
SyntaxError: invalid syntax
[2026-08-14T01:53:22.009+0000] {processor.py:841} WARNING - No viable dags retrieved from /opt/airflow/dags/dag.py
[2026-08-14T01:53:22.021+0000] {processor.py:179} INFO - Processing /opt/airflow/dags/dag.py took 0.021 seconds
[2026-08-14T01:53:52.259+0000] {processor.py:157} INFO - Started process (PID=12470) to work on /opt/airflow/dags/dag.py
[2026-08-14T01:53:52.260+0000] {processor.py:829} INFO - Processing file /opt/airflow/dags/dag.py for tasks to queue
[2026-08-14T01:53:52.261+0000] {logging_mixin.py:151} INFO - [2026-08-14T01:53:52.261+0000] {dagbag.py:536} INFO - Filling up the DagBag from /opt/airflow/dags/dag.py
[2026-08-14T01:53:52.267+0000] {logging_mixin.py:151} INFO - [2026-08-14T01:53:52.266+0000] {dagbag.py:346} ERROR - Failed to import: /opt/airflow/dags/dag.py
Traceback (most recent call last):
  File "/home/airflow/.local/lib/python3.8/site-packages/airflow/models/dagbag.py", line 342, in parse
    loader.exec_module(new_module)
  File "<frozen importlib._bootstrap_external>", line 839, in exec_module
  File "<frozen importlib._bootstrap_external>", line 976, in get_code
  File "<frozen importlib._bootstrap_external>", line 906, in source_to_code
  File "<frozen importlib._bootstrap>", line 219, in _call_with_frames_removed
  File "/opt/airflow/dags/dag.py", line 23
    )as dag
          ^
SyntaxError: invalid syntax
[2026-08-14T01:53:52.267+0000] {processor.py:841} WARNING - No viable dags retrieved from /opt/airflow/dags/dag.py
[2026-08-14T01:53:52.282+0000] {processor.py:179} INFO - Processing /opt/airflow/dags/dag.py took 0.024 seconds
[2026-08-14T01:54:22.530+0000] {processor.py:157} INFO - Started process (PID=12478) to work on /opt/airflow/dags/dag.py
[2026-08-14T01:54:22.531+0000] {processor.py:829} INFO - Processing file /opt/airflow/dags/dag.py for tasks to queue
[2026-08-14T01:54:22.532+0000] {logging_mixin.py:151} INFO - [2026-08-14T01:54:22.532+0000] {dagbag.py:536} INFO - Filling up the DagBag from /opt/airflow/dags/dag.py
[2026-08-14T01:54:22.537+0000] {logging_mixin.py:151} INFO - [2026-08-14T01:54:22.537+0000] {dagbag.py:346} ERROR - Failed to import: /opt/airflow/dags/dag.py
Traceback (most recent call last):
  File "/home/airflow/.local/lib/python3.8/site-packages/airflow/models/dagbag.py", line 342, in parse
    loader.exec_module(new_module)
  File "<frozen importlib._bootstrap_external>", line 839, in exec_module
  File "<frozen importlib._bootstrap_external>", line 976, in get_code
  File "<frozen importlib._bootstrap_external>", line 906, in source_to_code
  File "<frozen importlib._bootstrap>", line 219, in _call_with_frames_removed
  File "/opt/airflow/dags/dag.py", line 23
    )as dag
          ^
SyntaxError: invalid syntax
[2026-08-14T01:54:22.537+0000] {processor.py:841} WARNING - No viable dags retrieved from /opt/airflow/dags/dag.py
[2026-08-14T01:54:22.552+0000] {processor.py:179} INFO - Processing /opt/airflow/dags/dag.py took 0.024 seconds
[2026-08-14T01:54:52.804+0000] {processor.py:157} INFO - Started process (PID=12486) to work on /opt/airflow/dags/dag.py
[2026-08-14T01:54:52.806+0000] {processor.py:829} INFO - Processing file /opt/airflow/dags/dag.py for tasks to queue
[2026-08-14T01:54:52.811+0000] {logging_mixin.py:151} INFO - [2026-08-14T01:54:52.811+0000] {dagbag.py:536} INFO - Filling up the DagBag from /opt/airflow/dags/dag.py
[2026-08-14T01:54:52.813+0000] {logging_mixin.py:151} INFO - [2026-08-14T01:54:52.812+0000] {dagbag.py:346} ERROR - Failed to import: /opt/airflow/dags/dag.py
Traceback (most recent call last):
  File "/home/airflow/.local/lib/python3.8/site-packages/airflow/models/dagbag.py", line 342, in parse
    loader.exec_module(new_module)
  File "<frozen importlib._bootstrap_external>", line 839, in exec_module
  File "<frozen importlib._bootstrap_external>", line 976, in get_code
  File "<frozen importlib._bootstrap_external>", line 906, in source_to_code
  File "<frozen importlib._bootstrap>", line 219, in _call_with_frames_removed
  File "/opt/airflow/dags/dag.py", line 23
    )as dag
          ^
SyntaxError: invalid syntax
[2026-08-14T01:54:52.813+0000] {processor.py:841} WARNING - No viable dags retrieved from /opt/airflow/dags/dag.py
[2026-08-14T01:54:52.823+0000] {processor.py:179} INFO - Processing /opt/airflow/dags/dag.py took 0.021 seconds
[2026-08-14T01:55:23.067+0000] {processor.py:157} INFO - Started process (PID=12494) to work on /opt/airflow/dags/dag.py
[2026-08-14T01:55:23.068+0000] {processor.py:829} INFO - Processing file /opt/airflow/dags/dag.py for tasks to queue
[2026-08-14T01:55:23.071+0000] {logging_mixin.py:151} INFO - [2026-08-14T01:55:23.071+0000] {dagbag.py:536} INFO - Filling up the DagBag from /opt/airflow/dags/dag.py
[2026-08-14T01:55:23.074+0000] {logging_mixin.py:151} INFO - [2026-08-14T01:55:23.074+0000] {dagbag.py:346} ERROR - Failed to import: /opt/airflow/dags/dag.py
Traceback (most recent call last):
  File "/home/airflow/.local/lib/python3.8/site-packages/airflow/models/dagbag.py", line 342, in parse
    loader.exec_module(new_module)
  File "<frozen importlib._bootstrap_external>", line 839, in exec_module
  File "<frozen importlib._bootstrap_external>", line 976, in get_code
  File "<frozen importlib._bootstrap_external>", line 906, in source_to_code
  File "<frozen importlib._bootstrap>", line 219, in _call_with_frames_removed
  File "/opt/airflow/dags/dag.py", line 23
    )as dag
          ^
SyntaxError: invalid syntax
[2026-08-14T01:55:23.076+0000] {processor.py:841} WARNING - No viable dags retrieved from /opt/airflow/dags/dag.py
[2026-08-14T01:55:23.090+0000] {processor.py:179} INFO - Processing /opt/airflow/dags/dag.py took 0.025 seconds
[2026-08-14T01:55:53.326+0000] {processor.py:157} INFO - Started process (PID=12502) to work on /opt/airflow/dags/dag.py
[2026-08-14T01:55:53.327+0000] {processor.py:829} INFO - Processing file /opt/airflow/dags/dag.py for tasks to queue
[2026-08-14T01:55:53.332+0000] {logging_mixin.py:151} INFO - [2026-08-14T01:55:53.331+0000] {dagbag.py:536} INFO - Filling up the DagBag from /opt/airflow/dags/dag.py
[2026-08-14T01:55:53.333+0000] {logging_mixin.py:151} INFO - [2026-08-14T01:55:53.333+0000] {dagbag.py:346} ERROR - Failed to import: /opt/airflow/dags/dag.py
Traceback (most recent call last):
  File "/home/airflow/.local/lib/python3.8/site-packages/airflow/models/dagbag.py", line 342, in parse
    loader.exec_module(new_module)
  File "<frozen importlib._bootstrap_external>", line 839, in exec_module
  File "<frozen importlib._bootstrap_external>", line 976, in get_code
  File "<frozen importlib._bootstrap_external>", line 906, in source_to_code
  File "<frozen importlib._bootstrap>", line 219, in _call_with_frames_removed
  File "/opt/airflow/dags/dag.py", line 23
    )as dag
          ^
SyntaxError: invalid syntax
[2026-08-14T01:55:53.333+0000] {processor.py:841} WARNING - No viable dags retrieved from /opt/airflow/dags/dag.py
[2026-08-14T01:55:53.349+0000] {processor.py:179} INFO - Processing /opt/airflow/dags/dag.py took 0.024 seconds
[2026-08-14T01:56:23.588+0000] {processor.py:157} INFO - Started process (PID=12510) to work on /opt/airflow/dags/dag.py
[2026-08-14T01:56:23.589+0000] {processor.py:829} INFO - Processing file /opt/airflow/dags/dag.py for tasks to queue
[2026-08-14T01:56:23.591+0000] {logging_mixin.py:151} INFO - [2026-08-14T01:56:23.591+0000] {dagbag.py:536} INFO - Filling up the DagBag from /opt/airflow/dags/dag.py
[2026-08-14T01:56:23.596+0000] {logging_mixin.py:151} INFO - [2026-08-14T01:56:23.596+0000] {dagbag.py:346} ERROR - Failed to import: /opt/airflow/dags/dag.py
Traceback (most recent call last):
  File "/home/airflow/.local/lib/python3.8/site-packages/airflow/models/dagbag.py", line 342, in parse
    loader.exec_module(new_module)
  File "<frozen importlib._bootstrap_external>", line 839, in exec_module
  File "<frozen importlib._bootstrap_external>", line 976, in get_code
  File "<frozen importlib._bootstrap_external>", line 906, in source_to_code
  File "<frozen importlib._bootstrap>", line 219, in _call_with_frames_removed
  File "/opt/airflow/dags/dag.py", line 23
    )as dag
          ^
SyntaxError: invalid syntax
[2026-08-14T01:56:23.596+0000] {processor.py:841} WARNING - No viable dags retrieved from /opt/airflow/dags/dag.py
[2026-08-14T01:56:23.608+0000] {processor.py:179} INFO - Processing /opt/airflow/dags/dag.py took 0.022 seconds
[2026-08-14T01:56:53.847+0000] {processor.py:157} INFO - Started process (PID=12518) to work on /opt/airflow/dags/dag.py
[2026-08-14T01:56:53.849+0000] {processor.py:829} INFO - Processing file /opt/airflow/dags/dag.py for tasks to queue
[2026-08-14T01:56:53.850+0000] {logging_mixin.py:151} INFO - [2026-08-14T01:56:53.850+0000] {dagbag.py:536} INFO - Filling up the DagBag from /opt/airflow/dags/dag.py
[2026-08-14T01:56:53.854+0000] {logging_mixin.py:151} INFO - [2026-08-14T01:56:53.854+0000] {dagbag.py:346} ERROR - Failed to import: /opt/airflow/dags/dag.py
Traceback (most recent call last):
  File "/home/airflow/.local/lib/python3.8/site-packages/airflow/models/dagbag.py", line 342, in parse
    loader.exec_module(new_module)
  File "<frozen importlib._bootstrap_external>", line 839, in exec_module
  File "<frozen importlib._bootstrap_external>", line 976, in get_code
  File "<frozen importlib._bootstrap_external>", line 906, in source_to_code
  File "<frozen importlib._bootstrap>", line 219, in _call_with_frames_removed
  File "/opt/airflow/dags/dag.py", line 23
    )as dag
          ^
SyntaxError: invalid syntax
[2026-08-14T01:56:53.854+0000] {processor.py:841} WARNING - No viable dags retrieved from /opt/airflow/dags/dag.py
[2026-08-14T01:56:53.863+0000] {processor.py:179} INFO - Processing /opt/airflow/dags/dag.py took 0.018 seconds
[2026-08-14T01:57:24.119+0000] {processor.py:157} INFO - Started process (PID=12526) to work on /opt/airflow/dags/dag.py
[2026-08-14T01:57:24.119+0000] {processor.py:829} INFO - Processing file /opt/airflow/dags/dag.py for tasks to queue
[2026-08-14T01:57:24.121+0000] {logging_mixin.py:151} INFO - [2026-08-14T01:57:24.121+0000] {dagbag.py:536} INFO - Filling up the DagBag from /opt/airflow/dags/dag.py
[2026-08-14T01:57:24.130+0000] {logging_mixin.py:151} INFO - [2026-08-14T01:57:24.129+0000] {dagbag.py:346} ERROR - Failed to import: /opt/airflow/dags/dag.py
Traceback (most recent call last):
  File "/home/airflow/.local/lib/python3.8/site-packages/airflow/models/dagbag.py", line 342, in parse
    loader.exec_module(new_module)
  File "<frozen importlib._bootstrap_external>", line 839, in exec_module
  File "<frozen importlib._bootstrap_external>", line 976, in get_code
  File "<frozen importlib._bootstrap_external>", line 906, in source_to_code
  File "<frozen importlib._bootstrap>", line 219, in _call_with_frames_removed
  File "/opt/airflow/dags/dag.py", line 23
    )as dag
          ^
SyntaxError: invalid syntax
[2026-08-14T01:57:24.131+0000] {processor.py:841} WARNING - No viable dags retrieved from /opt/airflow/dags/dag.py
[2026-08-14T01:57:24.146+0000] {processor.py:179} INFO - Processing /opt/airflow/dags/dag.py took 0.029 seconds
[2026-08-14T01:57:54.384+0000] {processor.py:157} INFO - Started process (PID=12534) to work on /opt/airflow/dags/dag.py
[2026-08-14T01:57:54.385+0000] {processor.py:829} INFO - Processing file /opt/airflow/dags/dag.py for tasks to queue
[2026-08-14T01:57:54.386+0000] {logging_mixin.py:151} INFO - [2026-08-14T01:57:54.386+0000] {dagbag.py:536} INFO - Filling up the DagBag from /opt/airflow/dags/dag.py
[2026-08-14T01:57:54.391+0000] {logging_mixin.py:151} INFO - [2026-08-14T01:57:54.390+0000] {dagbag.py:346} ERROR - Failed to import: /opt/airflow/dags/dag.py
Traceback (most recent call last):
  File "/home/airflow/.local/lib/python3.8/site-packages/airflow/models/dagbag.py", line 342, in parse
    loader.exec_module(new_module)
  File "<frozen importlib._bootstrap_external>", line 839, in exec_module
  File "<frozen importlib._bootstrap_external>", line 976, in get_code
  File "<frozen importlib._bootstrap_external>", line 906, in source_to_code
  File "<frozen importlib._bootstrap>", line 219, in _call_with_frames_removed
  File "/opt/airflow/dags/dag.py", line 23
    )as dag
          ^
SyntaxError: invalid syntax
[2026-08-14T01:57:54.391+0000] {processor.py:841} WARNING - No viable dags retrieved from /opt/airflow/dags/dag.py
[2026-08-14T01:57:54.403+0000] {processor.py:179} INFO - Processing /opt/airflow/dags/dag.py took 0.021 seconds
[2026-08-14T01:58:24.666+0000] {processor.py:157} INFO - Started process (PID=12542) to work on /opt/airflow/dags/dag.py
[2026-08-14T01:58:24.668+0000] {processor.py:829} INFO - Processing file /opt/airflow/dags/dag.py for tasks to queue
[2026-08-14T01:58:24.670+0000] {logging_mixin.py:151} INFO - [2026-08-14T01:58:24.670+0000] {dagbag.py:536} INFO - Filling up the DagBag from /opt/airflow/dags/dag.py
[2026-08-14T01:58:24.674+0000] {logging_mixin.py:151} INFO - [2026-08-14T01:58:24.674+0000] {dagbag.py:346} ERROR - Failed to import: /opt/airflow/dags/dag.py
Traceback (most recent call last):
  File "/home/airflow/.local/lib/python3.8/site-packages/airflow/models/dagbag.py", line 342, in parse
    loader.exec_module(new_module)
  File "<frozen importlib._bootstrap_external>", line 839, in exec_module
  File "<frozen importlib._bootstrap_external>", line 976, in get_code
  File "<frozen importlib._bootstrap_external>", line 906, in source_to_code
  File "<frozen importlib._bootstrap>", line 219, in _call_with_frames_removed
  File "/opt/airflow/dags/dag.py", line 23
    )as dag
          ^
SyntaxError: invalid syntax
[2026-08-14T01:58:24.675+0000] {processor.py:841} WARNING - No viable dags retrieved from /opt/airflow/dags/dag.py
[2026-08-14T01:58:24.686+0000] {processor.py:179} INFO - Processing /opt/airflow/dags/dag.py took 0.021 seconds
[2026-08-14T01:58:54.943+0000] {processor.py:157} INFO - Started process (PID=12550) to work on /opt/airflow/dags/dag.py
[2026-08-14T01:58:54.944+0000] {processor.py:829} INFO - Processing file /opt/airflow/dags/dag.py for tasks to queue
[2026-08-14T01:58:54.947+0000] {logging_mixin.py:151} INFO - [2026-08-14T01:58:54.946+0000] {dagbag.py:536} INFO - Filling up the DagBag from /opt/airflow/dags/dag.py
[2026-08-14T01:58:54.953+0000] {logging_mixin.py:151} INFO - [2026-08-14T01:58:54.952+0000] {dagbag.py:346} ERROR - Failed to import: /opt/airflow/dags/dag.py
Traceback (most recent call last):
  File "/home/airflow/.local/lib/python3.8/site-packages/airflow/models/dagbag.py", line 342, in parse
    loader.exec_module(new_module)
  File "<frozen importlib._bootstrap_external>", line 839, in exec_module
  File "<frozen importlib._bootstrap_external>", line 976, in get_code
  File "<frozen importlib._bootstrap_external>", line 906, in source_to_code
  File "<frozen importlib._bootstrap>", line 219, in _call_with_frames_removed
  File "/opt/airflow/dags/dag.py", line 23
    )as dag
          ^
SyntaxError: invalid syntax
[2026-08-14T01:58:54.953+0000] {processor.py:841} WARNING - No viable dags retrieved from /opt/airflow/dags/dag.py
[2026-08-14T01:58:54.971+0000] {processor.py:179} INFO - Processing /opt/airflow/dags/dag.py took 0.030 seconds
[2026-08-14T01:59:25.210+0000] {processor.py:157} INFO - Started process (PID=12558) to work on /opt/airflow/dags/dag.py
[2026-08-14T01:59:25.211+0000] {processor.py:829} INFO - Processing file /opt/airflow/dags/dag.py for tasks to queue
[2026-08-14T01:59:25.216+0000] {logging_mixin.py:151} INFO - [2026-08-14T01:59:25.216+0000] {dagbag.py:536} INFO - Filling up the DagBag from /opt/airflow/dags/dag.py
[2026-08-14T01:59:25.219+0000] {logging_mixin.py:151} INFO - [2026-08-14T01:59:25.218+0000] {dagbag.py:346} ERROR - Failed to import: /opt/airflow/dags/dag.py
Traceback (most recent call last):
  File "/home/airflow/.local/lib/python3.8/site-packages/airflow/models/dagbag.py", line 342, in parse
    loader.exec_module(new_module)
  File "<frozen importlib._bootstrap_external>", line 839, in exec_module
  File "<frozen importlib._bootstrap_external>", line 976, in get_code
  File "<frozen importlib._bootstrap_external>", line 906, in source_to_code
  File "<frozen importlib._bootstrap>", line 219, in _call_with_frames_removed
  File "/opt/airflow/dags/dag.py", line 23
    )as dag
          ^
SyntaxError: invalid syntax
[2026-08-14T01:59:25.219+0000] {processor.py:841} WARNING - No viable dags retrieved from /opt/airflow/dags/dag.py
[2026-08-14T01:59:25.235+0000] {processor.py:179} INFO - Processing /opt/airflow/dags/dag.py took 0.027 seconds
[2026-08-14T01:59:55.469+0000] {processor.py:157} INFO - Started process (PID=12566) to work on /opt/airflow/dags/dag.py
[2026-08-14T01:59:55.470+0000] {processor.py:829} INFO - Processing file /opt/airflow/dags/dag.py for tasks to queue
[2026-08-14T01:59:55.472+0000] {logging_mixin.py:151} INFO - [2026-08-14T01:59:55.472+0000] {dagbag.py:536} INFO - Filling up the DagBag from /opt/airflow/dags/dag.py
[2026-08-14T01:59:55.483+0000] {logging_mixin.py:151} INFO - [2026-08-14T01:59:55.482+0000] {dagbag.py:346} ERROR - Failed to import: /opt/airflow/dags/dag.py
Traceback (most recent call last):
  File "/home/airflow/.local/lib/python3.8/site-packages/airflow/models/dagbag.py", line 342, in parse
    loader.exec_module(new_module)
  File "<frozen importlib._bootstrap_external>", line 839, in exec_module
  File "<frozen importlib._bootstrap_external>", line 976, in get_code
  File "<frozen importlib._bootstrap_external>", line 906, in source_to_code
  File "<frozen importlib._bootstrap>", line 219, in _call_with_frames_removed
  File "/opt/airflow/dags/dag.py", line 23
    )as dag
          ^
SyntaxError: invalid syntax
[2026-08-14T01:59:55.483+0000] {processor.py:841} WARNING - No viable dags retrieved from /opt/airflow/dags/dag.py
[2026-08-14T01:59:55.496+0000] {processor.py:179} INFO - Processing /opt/airflow/dags/dag.py took 0.028 seconds
[2026-08-14T02:00:25.731+0000] {processor.py:157} INFO - Started process (PID=12574) to work on /opt/airflow/dags/dag.py
[2026-08-14T02:00:25.732+0000] {processor.py:829} INFO - Processing file /opt/airflow/dags/dag.py for tasks to queue
[2026-08-14T02:00:25.733+0000] {logging_mixin.py:151} INFO - [2026-08-14T02:00:25.733+0000] {dagbag.py:536} INFO - Filling up the DagBag from /opt/airflow/dags/dag.py
[2026-08-14T02:00:25.738+0000] {logging_mixin.py:151} INFO - [2026-08-14T02:00:25.738+0000] {dagbag.py:346} ERROR - Failed to import: /opt/airflow/dags/dag.py
Traceback (most recent call last):
  File "/home/airflow/.local/lib/python3.8/site-packages/airflow/models/dagbag.py", line 342, in parse
    loader.exec_module(new_module)
  File "<frozen importlib._bootstrap_external>", line 839, in exec_module
  File "<frozen importlib._bootstrap_external>", line 976, in get_code
  File "<frozen importlib._bootstrap_external>", line 906, in source_to_code
  File "<frozen importlib._bootstrap>", line 219, in _call_with_frames_removed
  File "/opt/airflow/dags/dag.py", line 23
    )as dag
          ^
SyntaxError: invalid syntax
[2026-08-14T02:00:25.738+0000] {processor.py:841} WARNING - No viable dags retrieved from /opt/airflow/dags/dag.py
[2026-08-14T02:00:25.750+0000] {processor.py:179} INFO - Processing /opt/airflow/dags/dag.py took 0.021 seconds
[2026-08-14T02:00:56.000+0000] {processor.py:157} INFO - Started process (PID=12582) to work on /opt/airflow/dags/dag.py
[2026-08-14T02:00:56.001+0000] {processor.py:829} INFO - Processing file /opt/airflow/dags/dag.py for tasks to queue
[2026-08-14T02:00:56.003+0000] {logging_mixin.py:151} INFO - [2026-08-14T02:00:56.003+0000] {dagbag.py:536} INFO - Filling up the DagBag from /opt/airflow/dags/dag.py
[2026-08-14T02:00:56.008+0000] {logging_mixin.py:151} INFO - [2026-08-14T02:00:56.007+0000] {dagbag.py:346} ERROR - Failed to import: /opt/airflow/dags/dag.py
Traceback (most recent call last):
  File "/home/airflow/.local/lib/python3.8/site-packages/airflow/models/dagbag.py", line 342, in parse
    loader.exec_module(new_module)
  File "<frozen importlib._bootstrap_external>", line 839, in exec_module
  File "<frozen importlib._bootstrap_external>", line 976, in get_code
  File "<frozen importlib._bootstrap_external>", line 906, in source_to_code
  File "<frozen importlib._bootstrap>", line 219, in _call_with_frames_removed
  File "/opt/airflow/dags/dag.py", line 23
    )as dag
          ^
SyntaxError: invalid syntax
[2026-08-14T02:00:56.008+0000] {processor.py:841} WARNING - No viable dags retrieved from /opt/airflow/dags/dag.py
[2026-08-14T02:00:56.022+0000] {processor.py:179} INFO - Processing /opt/airflow/dags/dag.py took 0.023 seconds
[2026-08-14T02:01:26.273+0000] {processor.py:157} INFO - Started process (PID=12590) to work on /opt/airflow/dags/dag.py
[2026-08-14T02:01:26.274+0000] {processor.py:829} INFO - Processing file /opt/airflow/dags/dag.py for tasks to queue
[2026-08-14T02:01:26.276+0000] {logging_mixin.py:151} INFO - [2026-08-14T02:01:26.276+0000] {dagbag.py:536} INFO - Filling up the DagBag from /opt/airflow/dags/dag.py
[2026-08-14T02:01:26.281+0000] {logging_mixin.py:151} INFO - [2026-08-14T02:01:26.280+0000] {dagbag.py:346} ERROR - Failed to import: /opt/airflow/dags/dag.py
Traceback (most recent call last):
  File "/home/airflow/.local/lib/python3.8/site-packages/airflow/models/dagbag.py", line 342, in parse
    loader.exec_module(new_module)
  File "<frozen importlib._bootstrap_external>", line 839, in exec_module
  File "<frozen importlib._bootstrap_external>", line 976, in get_code
  File "<frozen importlib._bootstrap_external>", line 906, in source_to_code
  File "<frozen importlib._bootstrap>", line 219, in _call_with_frames_removed
  File "/opt/airflow/dags/dag.py", line 23
    )as dag
          ^
SyntaxError: invalid syntax
[2026-08-14T02:01:26.282+0000] {processor.py:841} WARNING - No viable dags retrieved from /opt/airflow/dags/dag.py
[2026-08-14T02:01:26.300+0000] {processor.py:179} INFO - Processing /opt/airflow/dags/dag.py took 0.029 seconds
[2026-08-14T02:01:56.562+0000] {processor.py:157} INFO - Started process (PID=12598) to work on /opt/airflow/dags/dag.py
[2026-08-14T02:01:56.562+0000] {processor.py:829} INFO - Processing file /opt/airflow/dags/dag.py for tasks to queue
[2026-08-14T02:01:56.565+0000] {logging_mixin.py:151} INFO - [2026-08-14T02:01:56.565+0000] {dagbag.py:536} INFO - Filling up the DagBag from /opt/airflow/dags/dag.py
[2026-08-14T02:01:56.569+0000] {logging_mixin.py:151} INFO - [2026-08-14T02:01:56.569+0000] {dagbag.py:346} ERROR - Failed to import: /opt/airflow/dags/dag.py
Traceback (most recent call last):
  File "/home/airflow/.local/lib/python3.8/site-packages/airflow/models/dagbag.py", line 342, in parse
    loader.exec_module(new_module)
  File "<frozen importlib._bootstrap_external>", line 839, in exec_module
  File "<frozen importlib._bootstrap_external>", line 976, in get_code
  File "<frozen importlib._bootstrap_external>", line 906, in source_to_code
  File "<frozen importlib._bootstrap>", line 219, in _call_with_frames_removed
  File "/opt/airflow/dags/dag.py", line 23
    )as dag
          ^
SyntaxError: invalid syntax
[2026-08-14T02:01:56.569+0000] {processor.py:841} WARNING - No viable dags retrieved from /opt/airflow/dags/dag.py
[2026-08-14T02:01:56.587+0000] {processor.py:179} INFO - Processing /opt/airflow/dags/dag.py took 0.028 seconds
[2026-08-14T02:02:26.849+0000] {processor.py:157} INFO - Started process (PID=12607) to work on /opt/airflow/dags/dag.py
[2026-08-14T02:02:26.850+0000] {processor.py:829} INFO - Processing file /opt/airflow/dags/dag.py for tasks to queue
[2026-08-14T02:02:26.852+0000] {logging_mixin.py:151} INFO - [2026-08-14T02:02:26.851+0000] {dagbag.py:536} INFO - Filling up the DagBag from /opt/airflow/dags/dag.py
[2026-08-14T02:02:26.856+0000] {logging_mixin.py:151} INFO - [2026-08-14T02:02:26.855+0000] {dagbag.py:346} ERROR - Failed to import: /opt/airflow/dags/dag.py
Traceback (most recent call last):
  File "/home/airflow/.local/lib/python3.8/site-packages/airflow/models/dagbag.py", line 342, in parse
    loader.exec_module(new_module)
  File "<frozen importlib._bootstrap_external>", line 839, in exec_module
  File "<frozen importlib._bootstrap_external>", line 976, in get_code
  File "<frozen importlib._bootstrap_external>", line 906, in source_to_code
  File "<frozen importlib._bootstrap>", line 219, in _call_with_frames_removed
  File "/opt/airflow/dags/dag.py", line 23
    )as dag
          ^
SyntaxError: invalid syntax
[2026-08-14T02:02:26.856+0000] {processor.py:841} WARNING - No viable dags retrieved from /opt/airflow/dags/dag.py
[2026-08-14T02:02:26.865+0000] {processor.py:179} INFO - Processing /opt/airflow/dags/dag.py took 0.017 seconds
[2026-08-14T02:02:57.095+0000] {processor.py:157} INFO - Started process (PID=12615) to work on /opt/airflow/dags/dag.py
[2026-08-14T02:02:57.095+0000] {processor.py:829} INFO - Processing file /opt/airflow/dags/dag.py for tasks to queue
[2026-08-14T02:02:57.098+0000] {logging_mixin.py:151} INFO - [2026-08-14T02:02:57.098+0000] {dagbag.py:536} INFO - Filling up the DagBag from /opt/airflow/dags/dag.py
[2026-08-14T02:02:57.101+0000] {logging_mixin.py:151} INFO - [2026-08-14T02:02:57.101+0000] {dagbag.py:346} ERROR - Failed to import: /opt/airflow/dags/dag.py
Traceback (most recent call last):
  File "/home/airflow/.local/lib/python3.8/site-packages/airflow/models/dagbag.py", line 342, in parse
    loader.exec_module(new_module)
  File "<frozen importlib._bootstrap_external>", line 839, in exec_module
  File "<frozen importlib._bootstrap_external>", line 976, in get_code
  File "<frozen importlib._bootstrap_external>", line 906, in source_to_code
  File "<frozen importlib._bootstrap>", line 219, in _call_with_frames_removed
  File "/opt/airflow/dags/dag.py", line 23
    )as dag
          ^
SyntaxError: invalid syntax
[2026-08-14T02:02:57.105+0000] {processor.py:841} WARNING - No viable dags retrieved from /opt/airflow/dags/dag.py
[2026-08-14T02:02:57.115+0000] {processor.py:179} INFO - Processing /opt/airflow/dags/dag.py took 0.022 seconds
[2026-08-14T02:03:27.369+0000] {processor.py:157} INFO - Started process (PID=12623) to work on /opt/airflow/dags/dag.py
[2026-08-14T02:03:27.370+0000] {processor.py:829} INFO - Processing file /opt/airflow/dags/dag.py for tasks to queue
[2026-08-14T02:03:27.372+0000] {logging_mixin.py:151} INFO - [2026-08-14T02:03:27.372+0000] {dagbag.py:536} INFO - Filling up the DagBag from /opt/airflow/dags/dag.py
[2026-08-14T02:03:27.377+0000] {logging_mixin.py:151} INFO - [2026-08-14T02:03:27.376+0000] {dagbag.py:346} ERROR - Failed to import: /opt/airflow/dags/dag.py
Traceback (most recent call last):
  File "/home/airflow/.local/lib/python3.8/site-packages/airflow/models/dagbag.py", line 342, in parse
    loader.exec_module(new_module)
  File "<frozen importlib._bootstrap_external>", line 839, in exec_module
  File "<frozen importlib._bootstrap_external>", line 976, in get_code
  File "<frozen importlib._bootstrap_external>", line 906, in source_to_code
  File "<frozen importlib._bootstrap>", line 219, in _call_with_frames_removed
  File "/opt/airflow/dags/dag.py", line 23
    )as dag
          ^
SyntaxError: invalid syntax
[2026-08-14T02:03:27.377+0000] {processor.py:841} WARNING - No viable dags retrieved from /opt/airflow/dags/dag.py
[2026-08-14T02:03:27.395+0000] {processor.py:179} INFO - Processing /opt/airflow/dags/dag.py took 0.027 seconds
[2026-08-14T02:03:57.642+0000] {processor.py:157} INFO - Started process (PID=12631) to work on /opt/airflow/dags/dag.py
[2026-08-14T02:03:57.644+0000] {processor.py:829} INFO - Processing file /opt/airflow/dags/dag.py for tasks to queue
[2026-08-14T02:03:57.646+0000] {logging_mixin.py:151} INFO - [2026-08-14T02:03:57.646+0000] {dagbag.py:536} INFO - Filling up the DagBag from /opt/airflow/dags/dag.py
[2026-08-14T02:03:57.651+0000] {logging_mixin.py:151} INFO - [2026-08-14T02:03:57.651+0000] {dagbag.py:346} ERROR - Failed to import: /opt/airflow/dags/dag.py
Traceback (most recent call last):
  File "/home/airflow/.local/lib/python3.8/site-packages/airflow/models/dagbag.py", line 342, in parse
    loader.exec_module(new_module)
  File "<frozen importlib._bootstrap_external>", line 839, in exec_module
  File "<frozen importlib._bootstrap_external>", line 976, in get_code
  File "<frozen importlib._bootstrap_external>", line 906, in source_to_code
  File "<frozen importlib._bootstrap>", line 219, in _call_with_frames_removed
  File "/opt/airflow/dags/dag.py", line 23
    )as dag
          ^
SyntaxError: invalid syntax
[2026-08-14T02:03:57.651+0000] {processor.py:841} WARNING - No viable dags retrieved from /opt/airflow/dags/dag.py
[2026-08-14T02:03:57.666+0000] {processor.py:179} INFO - Processing /opt/airflow/dags/dag.py took 0.026 seconds
[2026-08-14T02:04:27.920+0000] {processor.py:157} INFO - Started process (PID=12639) to work on /opt/airflow/dags/dag.py
[2026-08-14T02:04:27.921+0000] {processor.py:829} INFO - Processing file /opt/airflow/dags/dag.py for tasks to queue
[2026-08-14T02:04:27.924+0000] {logging_mixin.py:151} INFO - [2026-08-14T02:04:27.923+0000] {dagbag.py:536} INFO - Filling up the DagBag from /opt/airflow/dags/dag.py
[2026-08-14T02:04:27.929+0000] {logging_mixin.py:151} INFO - [2026-08-14T02:04:27.928+0000] {dagbag.py:346} ERROR - Failed to import: /opt/airflow/dags/dag.py
Traceback (most recent call last):
  File "/home/airflow/.local/lib/python3.8/site-packages/airflow/models/dagbag.py", line 342, in parse
    loader.exec_module(new_module)
  File "<frozen importlib._bootstrap_external>", line 839, in exec_module
  File "<frozen importlib._bootstrap_external>", line 976, in get_code
  File "<frozen importlib._bootstrap_external>", line 906, in source_to_code
  File "<frozen importlib._bootstrap>", line 219, in _call_with_frames_removed
  File "/opt/airflow/dags/dag.py", line 23
    )as dag
          ^
SyntaxError: invalid syntax
[2026-08-14T02:04:27.929+0000] {processor.py:841} WARNING - No viable dags retrieved from /opt/airflow/dags/dag.py
[2026-08-14T02:04:27.944+0000] {processor.py:179} INFO - Processing /opt/airflow/dags/dag.py took 0.027 seconds
[2026-08-14T02:04:58.210+0000] {processor.py:157} INFO - Started process (PID=12647) to work on /opt/airflow/dags/dag.py
[2026-08-14T02:04:58.210+0000] {processor.py:829} INFO - Processing file /opt/airflow/dags/dag.py for tasks to queue
[2026-08-14T02:04:58.213+0000] {logging_mixin.py:151} INFO - [2026-08-14T02:04:58.213+0000] {dagbag.py:536} INFO - Filling up the DagBag from /opt/airflow/dags/dag.py
[2026-08-14T02:04:58.217+0000] {logging_mixin.py:151} INFO - [2026-08-14T02:04:58.216+0000] {dagbag.py:346} ERROR - Failed to import: /opt/airflow/dags/dag.py
Traceback (most recent call last):
  File "/home/airflow/.local/lib/python3.8/site-packages/airflow/models/dagbag.py", line 342, in parse
    loader.exec_module(new_module)
  File "<frozen importlib._bootstrap_external>", line 839, in exec_module
  File "<frozen importlib._bootstrap_external>", line 976, in get_code
  File "<frozen importlib._bootstrap_external>", line 906, in source_to_code
  File "<frozen importlib._bootstrap>", line 219, in _call_with_frames_removed
  File "/opt/airflow/dags/dag.py", line 23
    )as dag
          ^
SyntaxError: invalid syntax
[2026-08-14T02:04:58.217+0000] {processor.py:841} WARNING - No viable dags retrieved from /opt/airflow/dags/dag.py
[2026-08-14T02:04:58.229+0000] {processor.py:179} INFO - Processing /opt/airflow/dags/dag.py took 0.021 seconds
[2026-08-14T02:05:28.555+0000] {processor.py:157} INFO - Started process (PID=12655) to work on /opt/airflow/dags/dag.py
[2026-08-14T02:05:28.556+0000] {processor.py:829} INFO - Processing file /opt/airflow/dags/dag.py for tasks to queue
[2026-08-14T02:05:28.561+0000] {logging_mixin.py:151} INFO - [2026-08-14T02:05:28.561+0000] {dagbag.py:536} INFO - Filling up the DagBag from /opt/airflow/dags/dag.py
[2026-08-14T02:05:28.569+0000] {logging_mixin.py:151} INFO - [2026-08-14T02:05:28.569+0000] {dagbag.py:346} ERROR - Failed to import: /opt/airflow/dags/dag.py
Traceback (most recent call last):
  File "/home/airflow/.local/lib/python3.8/site-packages/airflow/models/dagbag.py", line 342, in parse
    loader.exec_module(new_module)
  File "<frozen importlib._bootstrap_external>", line 839, in exec_module
  File "<frozen importlib._bootstrap_external>", line 976, in get_code
  File "<frozen importlib._bootstrap_external>", line 906, in source_to_code
  File "<frozen importlib._bootstrap>", line 219, in _call_with_frames_removed
  File "/opt/airflow/dags/dag.py", line 23
    )as dag
          ^
SyntaxError: invalid syntax
[2026-08-14T02:05:28.569+0000] {processor.py:841} WARNING - No viable dags retrieved from /opt/airflow/dags/dag.py
[2026-08-14T02:05:28.585+0000] {processor.py:179} INFO - Processing /opt/airflow/dags/dag.py took 0.032 seconds
[2026-08-14T02:05:58.871+0000] {processor.py:157} INFO - Started process (PID=12663) to work on /opt/airflow/dags/dag.py
[2026-08-14T02:05:58.872+0000] {processor.py:829} INFO - Processing file /opt/airflow/dags/dag.py for tasks to queue
[2026-08-14T02:05:58.874+0000] {logging_mixin.py:151} INFO - [2026-08-14T02:05:58.873+0000] {dagbag.py:536} INFO - Filling up the DagBag from /opt/airflow/dags/dag.py
[2026-08-14T02:05:58.879+0000] {logging_mixin.py:151} INFO - [2026-08-14T02:05:58.879+0000] {dagbag.py:346} ERROR - Failed to import: /opt/airflow/dags/dag.py
Traceback (most recent call last):
  File "/home/airflow/.local/lib/python3.8/site-packages/airflow/models/dagbag.py", line 342, in parse
    loader.exec_module(new_module)
  File "<frozen importlib._bootstrap_external>", line 839, in exec_module
  File "<frozen importlib._bootstrap_external>", line 976, in get_code
  File "<frozen importlib._bootstrap_external>", line 906, in source_to_code
  File "<frozen importlib._bootstrap>", line 219, in _call_with_frames_removed
  File "/opt/airflow/dags/dag.py", line 23
    )as dag
          ^
SyntaxError: invalid syntax
[2026-08-14T02:05:58.879+0000] {processor.py:841} WARNING - No viable dags retrieved from /opt/airflow/dags/dag.py
[2026-08-14T02:05:58.893+0000] {processor.py:179} INFO - Processing /opt/airflow/dags/dag.py took 0.024 seconds
[2026-08-14T02:06:29.145+0000] {processor.py:157} INFO - Started process (PID=12671) to work on /opt/airflow/dags/dag.py
[2026-08-14T02:06:29.146+0000] {processor.py:829} INFO - Processing file /opt/airflow/dags/dag.py for tasks to queue
[2026-08-14T02:06:29.149+0000] {logging_mixin.py:151} INFO - [2026-08-14T02:06:29.148+0000] {dagbag.py:536} INFO - Filling up the DagBag from /opt/airflow/dags/dag.py
[2026-08-14T02:06:29.154+0000] {logging_mixin.py:151} INFO - [2026-08-14T02:06:29.154+0000] {dagbag.py:346} ERROR - Failed to import: /opt/airflow/dags/dag.py
Traceback (most recent call last):
  File "/home/airflow/.local/lib/python3.8/site-packages/airflow/models/dagbag.py", line 342, in parse
    loader.exec_module(new_module)
  File "<frozen importlib._bootstrap_external>", line 839, in exec_module
  File "<frozen importlib._bootstrap_external>", line 976, in get_code
  File "<frozen importlib._bootstrap_external>", line 906, in source_to_code
  File "<frozen importlib._bootstrap>", line 219, in _call_with_frames_removed
  File "/opt/airflow/dags/dag.py", line 23
    )as dag
          ^
SyntaxError: invalid syntax
[2026-08-14T02:06:29.155+0000] {processor.py:841} WARNING - No viable dags retrieved from /opt/airflow/dags/dag.py
[2026-08-14T02:06:29.167+0000] {processor.py:179} INFO - Processing /opt/airflow/dags/dag.py took 0.024 seconds
[2026-08-14T02:06:59.440+0000] {processor.py:157} INFO - Started process (PID=12679) to work on /opt/airflow/dags/dag.py
[2026-08-14T02:06:59.441+0000] {processor.py:829} INFO - Processing file /opt/airflow/dags/dag.py for tasks to queue
[2026-08-14T02:06:59.443+0000] {logging_mixin.py:151} INFO - [2026-08-14T02:06:59.443+0000] {dagbag.py:536} INFO - Filling up the DagBag from /opt/airflow/dags/dag.py
[2026-08-14T02:06:59.448+0000] {logging_mixin.py:151} INFO - [2026-08-14T02:06:59.448+0000] {dagbag.py:346} ERROR - Failed to import: /opt/airflow/dags/dag.py
Traceback (most recent call last):
  File "/home/airflow/.local/lib/python3.8/site-packages/airflow/models/dagbag.py", line 342, in parse
    loader.exec_module(new_module)
  File "<frozen importlib._bootstrap_external>", line 839, in exec_module
  File "<frozen importlib._bootstrap_external>", line 976, in get_code
  File "<frozen importlib._bootstrap_external>", line 906, in source_to_code
  File "<frozen importlib._bootstrap>", line 219, in _call_with_frames_removed
  File "/opt/airflow/dags/dag.py", line 23
    )as dag
          ^
SyntaxError: invalid syntax
[2026-08-14T02:06:59.448+0000] {processor.py:841} WARNING - No viable dags retrieved from /opt/airflow/dags/dag.py
[2026-08-14T02:06:59.461+0000] {processor.py:179} INFO - Processing /opt/airflow/dags/dag.py took 0.023 seconds
[2026-08-14T02:07:29.773+0000] {processor.py:157} INFO - Started process (PID=12687) to work on /opt/airflow/dags/dag.py
[2026-08-14T02:07:29.773+0000] {processor.py:829} INFO - Processing file /opt/airflow/dags/dag.py for tasks to queue
[2026-08-14T02:07:29.774+0000] {logging_mixin.py:151} INFO - [2026-08-14T02:07:29.774+0000] {dagbag.py:536} INFO - Filling up the DagBag from /opt/airflow/dags/dag.py
[2026-08-14T02:07:29.784+0000] {logging_mixin.py:151} INFO - [2026-08-14T02:07:29.783+0000] {dagbag.py:346} ERROR - Failed to import: /opt/airflow/dags/dag.py
Traceback (most recent call last):
  File "/home/airflow/.local/lib/python3.8/site-packages/airflow/models/dagbag.py", line 342, in parse
    loader.exec_module(new_module)
  File "<frozen importlib._bootstrap_external>", line 839, in exec_module
  File "<frozen importlib._bootstrap_external>", line 976, in get_code
  File "<frozen importlib._bootstrap_external>", line 906, in source_to_code
  File "<frozen importlib._bootstrap>", line 219, in _call_with_frames_removed
  File "/opt/airflow/dags/dag.py", line 23
    )as dag
          ^
SyntaxError: invalid syntax
[2026-08-14T02:07:29.784+0000] {processor.py:841} WARNING - No viable dags retrieved from /opt/airflow/dags/dag.py
[2026-08-14T02:07:29.795+0000] {processor.py:179} INFO - Processing /opt/airflow/dags/dag.py took 0.024 seconds
[2026-08-14T02:08:00.082+0000] {processor.py:157} INFO - Started process (PID=12695) to work on /opt/airflow/dags/dag.py
[2026-08-14T02:08:00.083+0000] {processor.py:829} INFO - Processing file /opt/airflow/dags/dag.py for tasks to queue
[2026-08-14T02:08:00.085+0000] {logging_mixin.py:151} INFO - [2026-08-14T02:08:00.085+0000] {dagbag.py:536} INFO - Filling up the DagBag from /opt/airflow/dags/dag.py
[2026-08-14T02:08:00.092+0000] {logging_mixin.py:151} INFO - [2026-08-14T02:08:00.091+0000] {dagbag.py:346} ERROR - Failed to import: /opt/airflow/dags/dag.py
Traceback (most recent call last):
  File "/home/airflow/.local/lib/python3.8/site-packages/airflow/models/dagbag.py", line 342, in parse
    loader.exec_module(new_module)
  File "<frozen importlib._bootstrap_external>", line 839, in exec_module
  File "<frozen importlib._bootstrap_external>", line 976, in get_code
  File "<frozen importlib._bootstrap_external>", line 906, in source_to_code
  File "<frozen importlib._bootstrap>", line 219, in _call_with_frames_removed
  File "/opt/airflow/dags/dag.py", line 23
    )as dag
          ^
SyntaxError: invalid syntax
[2026-08-14T02:08:00.092+0000] {processor.py:841} WARNING - No viable dags retrieved from /opt/airflow/dags/dag.py
[2026-08-14T02:08:00.107+0000] {processor.py:179} INFO - Processing /opt/airflow/dags/dag.py took 0.027 seconds
[2026-08-14T02:08:30.396+0000] {processor.py:157} INFO - Started process (PID=12703) to work on /opt/airflow/dags/dag.py
[2026-08-14T02:08:30.396+0000] {processor.py:829} INFO - Processing file /opt/airflow/dags/dag.py for tasks to queue
[2026-08-14T02:08:30.398+0000] {logging_mixin.py:151} INFO - [2026-08-14T02:08:30.398+0000] {dagbag.py:536} INFO - Filling up the DagBag from /opt/airflow/dags/dag.py
[2026-08-14T02:08:30.405+0000] {logging_mixin.py:151} INFO - [2026-08-14T02:08:30.405+0000] {dagbag.py:346} ERROR - Failed to import: /opt/airflow/dags/dag.py
Traceback (most recent call last):
  File "/home/airflow/.local/lib/python3.8/site-packages/airflow/models/dagbag.py", line 342, in parse
    loader.exec_module(new_module)
  File "<frozen importlib._bootstrap_external>", line 839, in exec_module
  File "<frozen importlib._bootstrap_external>", line 976, in get_code
  File "<frozen importlib._bootstrap_external>", line 906, in source_to_code
  File "<frozen importlib._bootstrap>", line 219, in _call_with_frames_removed
  File "/opt/airflow/dags/dag.py", line 23
    )as dag
          ^
SyntaxError: invalid syntax
[2026-08-14T02:08:30.406+0000] {processor.py:841} WARNING - No viable dags retrieved from /opt/airflow/dags/dag.py
[2026-08-14T02:08:30.420+0000] {processor.py:179} INFO - Processing /opt/airflow/dags/dag.py took 0.026 seconds
[2026-08-14T02:09:00.721+0000] {processor.py:157} INFO - Started process (PID=12711) to work on /opt/airflow/dags/dag.py
[2026-08-14T02:09:00.722+0000] {processor.py:829} INFO - Processing file /opt/airflow/dags/dag.py for tasks to queue
[2026-08-14T02:09:00.724+0000] {logging_mixin.py:151} INFO - [2026-08-14T02:09:00.724+0000] {dagbag.py:536} INFO - Filling up the DagBag from /opt/airflow/dags/dag.py
[2026-08-14T02:09:00.729+0000] {logging_mixin.py:151} INFO - [2026-08-14T02:09:00.728+0000] {dagbag.py:346} ERROR - Failed to import: /opt/airflow/dags/dag.py
Traceback (most recent call last):
  File "/home/airflow/.local/lib/python3.8/site-packages/airflow/models/dagbag.py", line 342, in parse
    loader.exec_module(new_module)
  File "<frozen importlib._bootstrap_external>", line 839, in exec_module
  File "<frozen importlib._bootstrap_external>", line 976, in get_code
  File "<frozen importlib._bootstrap_external>", line 906, in source_to_code
  File "<frozen importlib._bootstrap>", line 219, in _call_with_frames_removed
  File "/opt/airflow/dags/dag.py", line 23
    )as dag
          ^
SyntaxError: invalid syntax
[2026-08-14T02:09:00.729+0000] {processor.py:841} WARNING - No viable dags retrieved from /opt/airflow/dags/dag.py
[2026-08-14T02:09:00.739+0000] {processor.py:179} INFO - Processing /opt/airflow/dags/dag.py took 0.020 seconds
[2026-08-14T02:09:31.049+0000] {processor.py:157} INFO - Started process (PID=12719) to work on /opt/airflow/dags/dag.py
[2026-08-14T02:09:31.050+0000] {processor.py:829} INFO - Processing file /opt/airflow/dags/dag.py for tasks to queue
[2026-08-14T02:09:31.053+0000] {logging_mixin.py:151} INFO - [2026-08-14T02:09:31.052+0000] {dagbag.py:536} INFO - Filling up the DagBag from /opt/airflow/dags/dag.py
[2026-08-14T02:09:31.059+0000] {logging_mixin.py:151} INFO - [2026-08-14T02:09:31.058+0000] {dagbag.py:346} ERROR - Failed to import: /opt/airflow/dags/dag.py
Traceback (most recent call last):
  File "/home/airflow/.local/lib/python3.8/site-packages/airflow/models/dagbag.py", line 342, in parse
    loader.exec_module(new_module)
  File "<frozen importlib._bootstrap_external>", line 839, in exec_module
  File "<frozen importlib._bootstrap_external>", line 976, in get_code
  File "<frozen importlib._bootstrap_external>", line 906, in source_to_code
  File "<frozen importlib._bootstrap>", line 219, in _call_with_frames_removed
  File "/opt/airflow/dags/dag.py", line 23
    )as dag
          ^
SyntaxError: invalid syntax
[2026-08-14T02:09:31.059+0000] {processor.py:841} WARNING - No viable dags retrieved from /opt/airflow/dags/dag.py
[2026-08-14T02:09:31.080+0000] {processor.py:179} INFO - Processing /opt/airflow/dags/dag.py took 0.033 seconds
[2026-08-14T02:10:01.388+0000] {processor.py:157} INFO - Started process (PID=12727) to work on /opt/airflow/dags/dag.py
[2026-08-14T02:10:01.388+0000] {processor.py:829} INFO - Processing file /opt/airflow/dags/dag.py for tasks to queue
[2026-08-14T02:10:01.390+0000] {logging_mixin.py:151} INFO - [2026-08-14T02:10:01.390+0000] {dagbag.py:536} INFO - Filling up the DagBag from /opt/airflow/dags/dag.py
[2026-08-14T02:10:01.396+0000] {logging_mixin.py:151} INFO - [2026-08-14T02:10:01.395+0000] {dagbag.py:346} ERROR - Failed to import: /opt/airflow/dags/dag.py
Traceback (most recent call last):
  File "/home/airflow/.local/lib/python3.8/site-packages/airflow/models/dagbag.py", line 342, in parse
    loader.exec_module(new_module)
  File "<frozen importlib._bootstrap_external>", line 839, in exec_module
  File "<frozen importlib._bootstrap_external>", line 976, in get_code
  File "<frozen importlib._bootstrap_external>", line 906, in source_to_code
  File "<frozen importlib._bootstrap>", line 219, in _call_with_frames_removed
  File "/opt/airflow/dags/dag.py", line 23
    )as dag
          ^
SyntaxError: invalid syntax
[2026-08-14T02:10:01.396+0000] {processor.py:841} WARNING - No viable dags retrieved from /opt/airflow/dags/dag.py
[2026-08-14T02:10:01.406+0000] {processor.py:179} INFO - Processing /opt/airflow/dags/dag.py took 0.020 seconds
[2026-08-14T02:10:31.723+0000] {processor.py:157} INFO - Started process (PID=12735) to work on /opt/airflow/dags/dag.py
[2026-08-14T02:10:31.724+0000] {processor.py:829} INFO - Processing file /opt/airflow/dags/dag.py for tasks to queue
[2026-08-14T02:10:31.726+0000] {logging_mixin.py:151} INFO - [2026-08-14T02:10:31.726+0000] {dagbag.py:536} INFO - Filling up the DagBag from /opt/airflow/dags/dag.py
[2026-08-14T02:10:31.730+0000] {logging_mixin.py:151} INFO - [2026-08-14T02:10:31.729+0000] {dagbag.py:346} ERROR - Failed to import: /opt/airflow/dags/dag.py
Traceback (most recent call last):
  File "/home/airflow/.local/lib/python3.8/site-packages/airflow/models/dagbag.py", line 342, in parse
    loader.exec_module(new_module)
  File "<frozen importlib._bootstrap_external>", line 839, in exec_module
  File "<frozen importlib._bootstrap_external>", line 976, in get_code
  File "<frozen importlib._bootstrap_external>", line 906, in source_to_code
  File "<frozen importlib._bootstrap>", line 219, in _call_with_frames_removed
  File "/opt/airflow/dags/dag.py", line 23
    )as dag
          ^
SyntaxError: invalid syntax
[2026-08-14T02:10:31.731+0000] {processor.py:841} WARNING - No viable dags retrieved from /opt/airflow/dags/dag.py
[2026-08-14T02:10:31.754+0000] {processor.py:179} INFO - Processing /opt/airflow/dags/dag.py took 0.034 seconds
[2026-08-14T02:11:02.048+0000] {processor.py:157} INFO - Started process (PID=12743) to work on /opt/airflow/dags/dag.py
[2026-08-14T02:11:02.048+0000] {processor.py:829} INFO - Processing file /opt/airflow/dags/dag.py for tasks to queue
[2026-08-14T02:11:02.051+0000] {logging_mixin.py:151} INFO - [2026-08-14T02:11:02.050+0000] {dagbag.py:536} INFO - Filling up the DagBag from /opt/airflow/dags/dag.py
[2026-08-14T02:11:02.056+0000] {logging_mixin.py:151} INFO - [2026-08-14T02:11:02.056+0000] {dagbag.py:346} ERROR - Failed to import: /opt/airflow/dags/dag.py
Traceback (most recent call last):
  File "/home/airflow/.local/lib/python3.8/site-packages/airflow/models/dagbag.py", line 342, in parse
    loader.exec_module(new_module)
  File "<frozen importlib._bootstrap_external>", line 839, in exec_module
  File "<frozen importlib._bootstrap_external>", line 976, in get_code
  File "<frozen importlib._bootstrap_external>", line 906, in source_to_code
  File "<frozen importlib._bootstrap>", line 219, in _call_with_frames_removed
  File "/opt/airflow/dags/dag.py", line 23
    )as dag
          ^
SyntaxError: invalid syntax
[2026-08-14T02:11:02.056+0000] {processor.py:841} WARNING - No viable dags retrieved from /opt/airflow/dags/dag.py
[2026-08-14T02:11:02.068+0000] {processor.py:179} INFO - Processing /opt/airflow/dags/dag.py took 0.022 seconds
[2026-08-14T02:11:32.290+0000] {processor.py:157} INFO - Started process (PID=12751) to work on /opt/airflow/dags/dag.py
[2026-08-14T02:11:32.291+0000] {processor.py:829} INFO - Processing file /opt/airflow/dags/dag.py for tasks to queue
[2026-08-14T02:11:32.292+0000] {logging_mixin.py:151} INFO - [2026-08-14T02:11:32.292+0000] {dagbag.py:536} INFO - Filling up the DagBag from /opt/airflow/dags/dag.py
[2026-08-14T02:11:32.299+0000] {logging_mixin.py:151} INFO - [2026-08-14T02:11:32.298+0000] {dagbag.py:346} ERROR - Failed to import: /opt/airflow/dags/dag.py
Traceback (most recent call last):
  File "/home/airflow/.local/lib/python3.8/site-packages/airflow/models/dagbag.py", line 342, in parse
    loader.exec_module(new_module)
  File "<frozen importlib._bootstrap_external>", line 839, in exec_module
  File "<frozen importlib._bootstrap_external>", line 976, in get_code
  File "<frozen importlib._bootstrap_external>", line 906, in source_to_code
  File "<frozen importlib._bootstrap>", line 219, in _call_with_frames_removed
  File "/opt/airflow/dags/dag.py", line 23
    )as dag
          ^
SyntaxError: invalid syntax
[2026-08-14T02:11:32.299+0000] {processor.py:841} WARNING - No viable dags retrieved from /opt/airflow/dags/dag.py
[2026-08-14T02:11:32.310+0000] {processor.py:179} INFO - Processing /opt/airflow/dags/dag.py took 0.021 seconds
[2026-08-14T02:12:02.571+0000] {processor.py:157} INFO - Started process (PID=12759) to work on /opt/airflow/dags/dag.py
[2026-08-14T02:12:02.571+0000] {processor.py:829} INFO - Processing file /opt/airflow/dags/dag.py for tasks to queue
[2026-08-14T02:12:02.574+0000] {logging_mixin.py:151} INFO - [2026-08-14T02:12:02.574+0000] {dagbag.py:536} INFO - Filling up the DagBag from /opt/airflow/dags/dag.py
[2026-08-14T02:12:02.581+0000] {logging_mixin.py:151} INFO - [2026-08-14T02:12:02.580+0000] {dagbag.py:346} ERROR - Failed to import: /opt/airflow/dags/dag.py
Traceback (most recent call last):
  File "/home/airflow/.local/lib/python3.8/site-packages/airflow/models/dagbag.py", line 342, in parse
    loader.exec_module(new_module)
  File "<frozen importlib._bootstrap_external>", line 839, in exec_module
  File "<frozen importlib._bootstrap_external>", line 976, in get_code
  File "<frozen importlib._bootstrap_external>", line 906, in source_to_code
  File "<frozen importlib._bootstrap>", line 219, in _call_with_frames_removed
  File "/opt/airflow/dags/dag.py", line 23
    )as dag
          ^
SyntaxError: invalid syntax
[2026-08-14T02:12:02.581+0000] {processor.py:841} WARNING - No viable dags retrieved from /opt/airflow/dags/dag.py
[2026-08-14T02:12:02.594+0000] {processor.py:179} INFO - Processing /opt/airflow/dags/dag.py took 0.025 seconds
[2026-08-14T02:12:32.893+0000] {processor.py:157} INFO - Started process (PID=12767) to work on /opt/airflow/dags/dag.py
[2026-08-14T02:12:32.894+0000] {processor.py:829} INFO - Processing file /opt/airflow/dags/dag.py for tasks to queue
[2026-08-14T02:12:32.896+0000] {logging_mixin.py:151} INFO - [2026-08-14T02:12:32.895+0000] {dagbag.py:536} INFO - Filling up the DagBag from /opt/airflow/dags/dag.py
[2026-08-14T02:12:32.901+0000] {logging_mixin.py:151} INFO - [2026-08-14T02:12:32.900+0000] {dagbag.py:346} ERROR - Failed to import: /opt/airflow/dags/dag.py
Traceback (most recent call last):
  File "/home/airflow/.local/lib/python3.8/site-packages/airflow/models/dagbag.py", line 342, in parse
    loader.exec_module(new_module)
  File "<frozen importlib._bootstrap_external>", line 839, in exec_module
  File "<frozen importlib._bootstrap_external>", line 976, in get_code
  File "<frozen importlib._bootstrap_external>", line 906, in source_to_code
  File "<frozen importlib._bootstrap>", line 219, in _call_with_frames_removed
  File "/opt/airflow/dags/dag.py", line 23
    )as dag
          ^
SyntaxError: invalid syntax
[2026-08-14T02:12:32.901+0000] {processor.py:841} WARNING - No viable dags retrieved from /opt/airflow/dags/dag.py
[2026-08-14T02:12:32.915+0000] {processor.py:179} INFO - Processing /opt/airflow/dags/dag.py took 0.024 seconds
[2026-08-14T02:13:03.213+0000] {processor.py:157} INFO - Started process (PID=12775) to work on /opt/airflow/dags/dag.py
[2026-08-14T02:13:03.214+0000] {processor.py:829} INFO - Processing file /opt/airflow/dags/dag.py for tasks to queue
[2026-08-14T02:13:03.215+0000] {logging_mixin.py:151} INFO - [2026-08-14T02:13:03.215+0000] {dagbag.py:536} INFO - Filling up the DagBag from /opt/airflow/dags/dag.py
[2026-08-14T02:13:03.221+0000] {logging_mixin.py:151} INFO - [2026-08-14T02:13:03.220+0000] {dagbag.py:346} ERROR - Failed to import: /opt/airflow/dags/dag.py
Traceback (most recent call last):
  File "/home/airflow/.local/lib/python3.8/site-packages/airflow/models/dagbag.py", line 342, in parse
    loader.exec_module(new_module)
  File "<frozen importlib._bootstrap_external>", line 839, in exec_module
  File "<frozen importlib._bootstrap_external>", line 976, in get_code
  File "<frozen importlib._bootstrap_external>", line 906, in source_to_code
  File "<frozen importlib._bootstrap>", line 219, in _call_with_frames_removed
  File "/opt/airflow/dags/dag.py", line 23
    )as dag
          ^
SyntaxError: invalid syntax
[2026-08-14T02:13:03.221+0000] {processor.py:841} WARNING - No viable dags retrieved from /opt/airflow/dags/dag.py
[2026-08-14T02:13:03.234+0000] {processor.py:179} INFO - Processing /opt/airflow/dags/dag.py took 0.023 seconds
[2026-08-14T02:13:33.543+0000] {processor.py:157} INFO - Started process (PID=12783) to work on /opt/airflow/dags/dag.py
[2026-08-14T02:13:33.544+0000] {processor.py:829} INFO - Processing file /opt/airflow/dags/dag.py for tasks to queue
[2026-08-14T02:13:33.546+0000] {logging_mixin.py:151} INFO - [2026-08-14T02:13:33.546+0000] {dagbag.py:536} INFO - Filling up the DagBag from /opt/airflow/dags/dag.py
[2026-08-14T02:13:33.551+0000] {logging_mixin.py:151} INFO - [2026-08-14T02:13:33.551+0000] {dagbag.py:346} ERROR - Failed to import: /opt/airflow/dags/dag.py
Traceback (most recent call last):
  File "/home/airflow/.local/lib/python3.8/site-packages/airflow/models/dagbag.py", line 342, in parse
    loader.exec_module(new_module)
  File "<frozen importlib._bootstrap_external>", line 839, in exec_module
  File "<frozen importlib._bootstrap_external>", line 976, in get_code
  File "<frozen importlib._bootstrap_external>", line 906, in source_to_code
  File "<frozen importlib._bootstrap>", line 219, in _call_with_frames_removed
  File "/opt/airflow/dags/dag.py", line 23
    )as dag
          ^
SyntaxError: invalid syntax
[2026-08-14T02:13:33.552+0000] {processor.py:841} WARNING - No viable dags retrieved from /opt/airflow/dags/dag.py
[2026-08-14T02:13:33.567+0000] {processor.py:179} INFO - Processing /opt/airflow/dags/dag.py took 0.026 seconds
[2026-08-14T02:14:03.870+0000] {processor.py:157} INFO - Started process (PID=12791) to work on /opt/airflow/dags/dag.py
[2026-08-14T02:14:03.870+0000] {processor.py:829} INFO - Processing file /opt/airflow/dags/dag.py for tasks to queue
[2026-08-14T02:14:03.872+0000] {logging_mixin.py:151} INFO - [2026-08-14T02:14:03.872+0000] {dagbag.py:536} INFO - Filling up the DagBag from /opt/airflow/dags/dag.py
[2026-08-14T02:14:03.878+0000] {logging_mixin.py:151} INFO - [2026-08-14T02:14:03.877+0000] {dagbag.py:346} ERROR - Failed to import: /opt/airflow/dags/dag.py
Traceback (most recent call last):
  File "/home/airflow/.local/lib/python3.8/site-packages/airflow/models/dagbag.py", line 342, in parse
    loader.exec_module(new_module)
  File "<frozen importlib._bootstrap_external>", line 839, in exec_module
  File "<frozen importlib._bootstrap_external>", line 976, in get_code
  File "<frozen importlib._bootstrap_external>", line 906, in source_to_code
  File "<frozen importlib._bootstrap>", line 219, in _call_with_frames_removed
  File "/opt/airflow/dags/dag.py", line 23
    )as dag
          ^
SyntaxError: invalid syntax
[2026-08-14T02:14:03.878+0000] {processor.py:841} WARNING - No viable dags retrieved from /opt/airflow/dags/dag.py
[2026-08-14T02:14:03.888+0000] {processor.py:179} INFO - Processing /opt/airflow/dags/dag.py took 0.020 seconds
[2026-08-14T02:14:34.169+0000] {processor.py:157} INFO - Started process (PID=12799) to work on /opt/airflow/dags/dag.py
[2026-08-14T02:14:34.171+0000] {processor.py:829} INFO - Processing file /opt/airflow/dags/dag.py for tasks to queue
[2026-08-14T02:14:34.172+0000] {logging_mixin.py:151} INFO - [2026-08-14T02:14:34.172+0000] {dagbag.py:536} INFO - Filling up the DagBag from /opt/airflow/dags/dag.py
[2026-08-14T02:14:34.178+0000] {logging_mixin.py:151} INFO - [2026-08-14T02:14:34.178+0000] {dagbag.py:346} ERROR - Failed to import: /opt/airflow/dags/dag.py
Traceback (most recent call last):
  File "/home/airflow/.local/lib/python3.8/site-packages/airflow/models/dagbag.py", line 342, in parse
    loader.exec_module(new_module)
  File "<frozen importlib._bootstrap_external>", line 839, in exec_module
  File "<frozen importlib._bootstrap_external>", line 976, in get_code
  File "<frozen importlib._bootstrap_external>", line 906, in source_to_code
  File "<frozen importlib._bootstrap>", line 219, in _call_with_frames_removed
  File "/opt/airflow/dags/dag.py", line 23
    )as dag
          ^
SyntaxError: invalid syntax
[2026-08-14T02:14:34.178+0000] {processor.py:841} WARNING - No viable dags retrieved from /opt/airflow/dags/dag.py
[2026-08-14T02:14:34.196+0000] {processor.py:179} INFO - Processing /opt/airflow/dags/dag.py took 0.030 seconds
[2026-08-14T02:15:04.512+0000] {processor.py:157} INFO - Started process (PID=12807) to work on /opt/airflow/dags/dag.py
[2026-08-14T02:15:04.513+0000] {processor.py:829} INFO - Processing file /opt/airflow/dags/dag.py for tasks to queue
[2026-08-14T02:15:04.515+0000] {logging_mixin.py:151} INFO - [2026-08-14T02:15:04.514+0000] {dagbag.py:536} INFO - Filling up the DagBag from /opt/airflow/dags/dag.py
[2026-08-14T02:15:04.520+0000] {logging_mixin.py:151} INFO - [2026-08-14T02:15:04.520+0000] {dagbag.py:346} ERROR - Failed to import: /opt/airflow/dags/dag.py
Traceback (most recent call last):
  File "/home/airflow/.local/lib/python3.8/site-packages/airflow/models/dagbag.py", line 342, in parse
    loader.exec_module(new_module)
  File "<frozen importlib._bootstrap_external>", line 839, in exec_module
  File "<frozen importlib._bootstrap_external>", line 976, in get_code
  File "<frozen importlib._bootstrap_external>", line 906, in source_to_code
  File "<frozen importlib._bootstrap>", line 219, in _call_with_frames_removed
  File "/opt/airflow/dags/dag.py", line 23
    )as dag
          ^
SyntaxError: invalid syntax
[2026-08-14T02:15:04.520+0000] {processor.py:841} WARNING - No viable dags retrieved from /opt/airflow/dags/dag.py
[2026-08-14T02:15:04.536+0000] {processor.py:179} INFO - Processing /opt/airflow/dags/dag.py took 0.026 seconds
[2026-08-14T02:15:34.860+0000] {processor.py:157} INFO - Started process (PID=12815) to work on /opt/airflow/dags/dag.py
[2026-08-14T02:15:34.861+0000] {processor.py:829} INFO - Processing file /opt/airflow/dags/dag.py for tasks to queue
[2026-08-14T02:15:34.863+0000] {logging_mixin.py:151} INFO - [2026-08-14T02:15:34.863+0000] {dagbag.py:536} INFO - Filling up the DagBag from /opt/airflow/dags/dag.py
[2026-08-14T02:15:34.869+0000] {logging_mixin.py:151} INFO - [2026-08-14T02:15:34.869+0000] {dagbag.py:346} ERROR - Failed to import: /opt/airflow/dags/dag.py
Traceback (most recent call last):
  File "/home/airflow/.local/lib/python3.8/site-packages/airflow/models/dagbag.py", line 342, in parse
    loader.exec_module(new_module)
  File "<frozen importlib._bootstrap_external>", line 839, in exec_module
  File "<frozen importlib._bootstrap_external>", line 976, in get_code
  File "<frozen importlib._bootstrap_external>", line 906, in source_to_code
  File "<frozen importlib._bootstrap>", line 219, in _call_with_frames_removed
  File "/opt/airflow/dags/dag.py", line 23
    )as dag
          ^
SyntaxError: invalid syntax
[2026-08-14T02:15:34.870+0000] {processor.py:841} WARNING - No viable dags retrieved from /opt/airflow/dags/dag.py
[2026-08-14T02:15:34.882+0000] {processor.py:179} INFO - Processing /opt/airflow/dags/dag.py took 0.025 seconds
[2026-08-14T02:16:05.194+0000] {processor.py:157} INFO - Started process (PID=12823) to work on /opt/airflow/dags/dag.py
[2026-08-14T02:16:05.195+0000] {processor.py:829} INFO - Processing file /opt/airflow/dags/dag.py for tasks to queue
[2026-08-14T02:16:05.198+0000] {logging_mixin.py:151} INFO - [2026-08-14T02:16:05.197+0000] {dagbag.py:536} INFO - Filling up the DagBag from /opt/airflow/dags/dag.py
[2026-08-14T02:16:05.203+0000] {logging_mixin.py:151} INFO - [2026-08-14T02:16:05.203+0000] {dagbag.py:346} ERROR - Failed to import: /opt/airflow/dags/dag.py
Traceback (most recent call last):
  File "/home/airflow/.local/lib/python3.8/site-packages/airflow/models/dagbag.py", line 342, in parse
    loader.exec_module(new_module)
  File "<frozen importlib._bootstrap_external>", line 839, in exec_module
  File "<frozen importlib._bootstrap_external>", line 976, in get_code
  File "<frozen importlib._bootstrap_external>", line 906, in source_to_code
  File "<frozen importlib._bootstrap>", line 219, in _call_with_frames_removed
  File "/opt/airflow/dags/dag.py", line 23
    )as dag
          ^
SyntaxError: invalid syntax
[2026-08-14T02:16:05.203+0000] {processor.py:841} WARNING - No viable dags retrieved from /opt/airflow/dags/dag.py
[2026-08-14T02:16:05.217+0000] {processor.py:179} INFO - Processing /opt/airflow/dags/dag.py took 0.025 seconds
[2026-08-14T02:16:35.524+0000] {processor.py:157} INFO - Started process (PID=12831) to work on /opt/airflow/dags/dag.py
[2026-08-14T02:16:35.525+0000] {processor.py:829} INFO - Processing file /opt/airflow/dags/dag.py for tasks to queue
[2026-08-14T02:16:35.527+0000] {logging_mixin.py:151} INFO - [2026-08-14T02:16:35.527+0000] {dagbag.py:536} INFO - Filling up the DagBag from /opt/airflow/dags/dag.py
[2026-08-14T02:16:35.533+0000] {logging_mixin.py:151} INFO - [2026-08-14T02:16:35.533+0000] {dagbag.py:346} ERROR - Failed to import: /opt/airflow/dags/dag.py
Traceback (most recent call last):
  File "/home/airflow/.local/lib/python3.8/site-packages/airflow/models/dagbag.py", line 342, in parse
    loader.exec_module(new_module)
  File "<frozen importlib._bootstrap_external>", line 839, in exec_module
  File "<frozen importlib._bootstrap_external>", line 976, in get_code
  File "<frozen importlib._bootstrap_external>", line 906, in source_to_code
  File "<frozen importlib._bootstrap>", line 219, in _call_with_frames_removed
  File "/opt/airflow/dags/dag.py", line 23
    )as dag
          ^
SyntaxError: invalid syntax
[2026-08-14T02:16:35.533+0000] {processor.py:841} WARNING - No viable dags retrieved from /opt/airflow/dags/dag.py
[2026-08-14T02:16:35.547+0000] {processor.py:179} INFO - Processing /opt/airflow/dags/dag.py took 0.025 seconds
[2026-08-14T02:17:05.786+0000] {processor.py:157} INFO - Started process (PID=12839) to work on /opt/airflow/dags/dag.py
[2026-08-14T02:17:05.787+0000] {processor.py:829} INFO - Processing file /opt/airflow/dags/dag.py for tasks to queue
[2026-08-14T02:17:05.789+0000] {logging_mixin.py:151} INFO - [2026-08-14T02:17:05.789+0000] {dagbag.py:536} INFO - Filling up the DagBag from /opt/airflow/dags/dag.py
[2026-08-14T02:17:05.795+0000] {logging_mixin.py:151} INFO - [2026-08-14T02:17:05.795+0000] {dagbag.py:346} ERROR - Failed to import: /opt/airflow/dags/dag.py
Traceback (most recent call last):
  File "/home/airflow/.local/lib/python3.8/site-packages/airflow/models/dagbag.py", line 342, in parse
    loader.exec_module(new_module)
  File "<frozen importlib._bootstrap_external>", line 839, in exec_module
  File "<frozen importlib._bootstrap_external>", line 976, in get_code
  File "<frozen importlib._bootstrap_external>", line 906, in source_to_code
  File "<frozen importlib._bootstrap>", line 219, in _call_with_frames_removed
  File "/opt/airflow/dags/dag.py", line 23
    )as dag
          ^
SyntaxError: invalid syntax
[2026-08-14T02:17:05.796+0000] {processor.py:841} WARNING - No viable dags retrieved from /opt/airflow/dags/dag.py
[2026-08-14T02:17:05.808+0000] {processor.py:179} INFO - Processing /opt/airflow/dags/dag.py took 0.024 seconds
[2026-08-14T02:17:36.085+0000] {processor.py:157} INFO - Started process (PID=12847) to work on /opt/airflow/dags/dag.py
[2026-08-14T02:17:36.087+0000] {processor.py:829} INFO - Processing file /opt/airflow/dags/dag.py for tasks to queue
[2026-08-14T02:17:36.091+0000] {logging_mixin.py:151} INFO - [2026-08-14T02:17:36.090+0000] {dagbag.py:536} INFO - Filling up the DagBag from /opt/airflow/dags/dag.py
[2026-08-14T02:17:36.096+0000] {logging_mixin.py:151} INFO - [2026-08-14T02:17:36.096+0000] {dagbag.py:346} ERROR - Failed to import: /opt/airflow/dags/dag.py
Traceback (most recent call last):
  File "/home/airflow/.local/lib/python3.8/site-packages/airflow/models/dagbag.py", line 342, in parse
    loader.exec_module(new_module)
  File "<frozen importlib._bootstrap_external>", line 839, in exec_module
  File "<frozen importlib._bootstrap_external>", line 976, in get_code
  File "<frozen importlib._bootstrap_external>", line 906, in source_to_code
  File "<frozen importlib._bootstrap>", line 219, in _call_with_frames_removed
  File "/opt/airflow/dags/dag.py", line 23
    )as dag
          ^
SyntaxError: invalid syntax
[2026-08-14T02:17:36.099+0000] {processor.py:841} WARNING - No viable dags retrieved from /opt/airflow/dags/dag.py
[2026-08-14T02:17:36.114+0000] {processor.py:179} INFO - Processing /opt/airflow/dags/dag.py took 0.031 seconds
[2026-08-14T02:18:06.439+0000] {processor.py:157} INFO - Started process (PID=12855) to work on /opt/airflow/dags/dag.py
[2026-08-14T02:18:06.440+0000] {processor.py:829} INFO - Processing file /opt/airflow/dags/dag.py for tasks to queue
[2026-08-14T02:18:06.441+0000] {logging_mixin.py:151} INFO - [2026-08-14T02:18:06.441+0000] {dagbag.py:536} INFO - Filling up the DagBag from /opt/airflow/dags/dag.py
[2026-08-14T02:18:06.448+0000] {logging_mixin.py:151} INFO - [2026-08-14T02:18:06.447+0000] {dagbag.py:346} ERROR - Failed to import: /opt/airflow/dags/dag.py
Traceback (most recent call last):
  File "/home/airflow/.local/lib/python3.8/site-packages/airflow/models/dagbag.py", line 342, in parse
    loader.exec_module(new_module)
  File "<frozen importlib._bootstrap_external>", line 839, in exec_module
  File "<frozen importlib._bootstrap_external>", line 976, in get_code
  File "<frozen importlib._bootstrap_external>", line 906, in source_to_code
  File "<frozen importlib._bootstrap>", line 219, in _call_with_frames_removed
  File "/opt/airflow/dags/dag.py", line 23
    )as dag
          ^
SyntaxError: invalid syntax
[2026-08-14T02:18:06.448+0000] {processor.py:841} WARNING - No viable dags retrieved from /opt/airflow/dags/dag.py
[2026-08-14T02:18:06.458+0000] {processor.py:179} INFO - Processing /opt/airflow/dags/dag.py took 0.021 seconds
[2026-08-14T02:18:36.721+0000] {processor.py:157} INFO - Started process (PID=12863) to work on /opt/airflow/dags/dag.py
[2026-08-14T02:18:36.722+0000] {processor.py:829} INFO - Processing file /opt/airflow/dags/dag.py for tasks to queue
[2026-08-14T02:18:36.725+0000] {logging_mixin.py:151} INFO - [2026-08-14T02:18:36.724+0000] {dagbag.py:536} INFO - Filling up the DagBag from /opt/airflow/dags/dag.py
[2026-08-14T02:18:36.731+0000] {logging_mixin.py:151} INFO - [2026-08-14T02:18:36.731+0000] {dagbag.py:346} ERROR - Failed to import: /opt/airflow/dags/dag.py
Traceback (most recent call last):
  File "/home/airflow/.local/lib/python3.8/site-packages/airflow/models/dagbag.py", line 342, in parse
    loader.exec_module(new_module)
  File "<frozen importlib._bootstrap_external>", line 839, in exec_module
  File "<frozen importlib._bootstrap_external>", line 976, in get_code
  File "<frozen importlib._bootstrap_external>", line 906, in source_to_code
  File "<frozen importlib._bootstrap>", line 219, in _call_with_frames_removed
  File "/opt/airflow/dags/dag.py", line 23
    )as dag
          ^
SyntaxError: invalid syntax
[2026-08-14T02:18:36.732+0000] {processor.py:841} WARNING - No viable dags retrieved from /opt/airflow/dags/dag.py
[2026-08-14T02:18:36.743+0000] {processor.py:179} INFO - Processing /opt/airflow/dags/dag.py took 0.024 seconds
[2026-08-14T02:19:06.986+0000] {processor.py:157} INFO - Started process (PID=12871) to work on /opt/airflow/dags/dag.py
[2026-08-14T02:19:06.987+0000] {processor.py:829} INFO - Processing file /opt/airflow/dags/dag.py for tasks to queue
[2026-08-14T02:19:06.988+0000] {logging_mixin.py:151} INFO - [2026-08-14T02:19:06.988+0000] {dagbag.py:536} INFO - Filling up the DagBag from /opt/airflow/dags/dag.py
[2026-08-14T02:19:06.996+0000] {logging_mixin.py:151} INFO - [2026-08-14T02:19:06.995+0000] {dagbag.py:346} ERROR - Failed to import: /opt/airflow/dags/dag.py
Traceback (most recent call last):
  File "/home/airflow/.local/lib/python3.8/site-packages/airflow/models/dagbag.py", line 342, in parse
    loader.exec_module(new_module)
  File "<frozen importlib._bootstrap_external>", line 839, in exec_module
  File "<frozen importlib._bootstrap_external>", line 976, in get_code
  File "<frozen importlib._bootstrap_external>", line 906, in source_to_code
  File "<frozen importlib._bootstrap>", line 219, in _call_with_frames_removed
  File "/opt/airflow/dags/dag.py", line 23
    )as dag
          ^
SyntaxError: invalid syntax
[2026-08-14T02:19:06.996+0000] {processor.py:841} WARNING - No viable dags retrieved from /opt/airflow/dags/dag.py
[2026-08-14T02:19:07.008+0000] {processor.py:179} INFO - Processing /opt/airflow/dags/dag.py took 0.024 seconds
[2026-08-14T02:19:37.285+0000] {processor.py:157} INFO - Started process (PID=12879) to work on /opt/airflow/dags/dag.py
[2026-08-14T02:19:37.286+0000] {processor.py:829} INFO - Processing file /opt/airflow/dags/dag.py for tasks to queue
[2026-08-14T02:19:37.291+0000] {logging_mixin.py:151} INFO - [2026-08-14T02:19:37.291+0000] {dagbag.py:536} INFO - Filling up the DagBag from /opt/airflow/dags/dag.py
[2026-08-14T02:19:37.294+0000] {logging_mixin.py:151} INFO - [2026-08-14T02:19:37.294+0000] {dagbag.py:346} ERROR - Failed to import: /opt/airflow/dags/dag.py
Traceback (most recent call last):
  File "/home/airflow/.local/lib/python3.8/site-packages/airflow/models/dagbag.py", line 342, in parse
    loader.exec_module(new_module)
  File "<frozen importlib._bootstrap_external>", line 839, in exec_module
  File "<frozen importlib._bootstrap_external>", line 976, in get_code
  File "<frozen importlib._bootstrap_external>", line 906, in source_to_code
  File "<frozen importlib._bootstrap>", line 219, in _call_with_frames_removed
  File "/opt/airflow/dags/dag.py", line 23
    )as dag
          ^
SyntaxError: invalid syntax
[2026-08-14T02:19:37.295+0000] {processor.py:841} WARNING - No viable dags retrieved from /opt/airflow/dags/dag.py
[2026-08-14T02:19:37.314+0000] {processor.py:179} INFO - Processing /opt/airflow/dags/dag.py took 0.032 seconds
[2026-08-14T02:20:07.612+0000] {processor.py:157} INFO - Started process (PID=12887) to work on /opt/airflow/dags/dag.py
[2026-08-14T02:20:07.613+0000] {processor.py:829} INFO - Processing file /opt/airflow/dags/dag.py for tasks to queue
[2026-08-14T02:20:07.615+0000] {logging_mixin.py:151} INFO - [2026-08-14T02:20:07.615+0000] {dagbag.py:536} INFO - Filling up the DagBag from /opt/airflow/dags/dag.py
[2026-08-14T02:20:07.620+0000] {logging_mixin.py:151} INFO - [2026-08-14T02:20:07.620+0000] {dagbag.py:346} ERROR - Failed to import: /opt/airflow/dags/dag.py
Traceback (most recent call last):
  File "/home/airflow/.local/lib/python3.8/site-packages/airflow/models/dagbag.py", line 342, in parse
    loader.exec_module(new_module)
  File "<frozen importlib._bootstrap_external>", line 839, in exec_module
  File "<frozen importlib._bootstrap_external>", line 976, in get_code
  File "<frozen importlib._bootstrap_external>", line 906, in source_to_code
  File "<frozen importlib._bootstrap>", line 219, in _call_with_frames_removed
  File "/opt/airflow/dags/dag.py", line 23
    )as dag
          ^
SyntaxError: invalid syntax
[2026-08-14T02:20:07.623+0000] {processor.py:841} WARNING - No viable dags retrieved from /opt/airflow/dags/dag.py
[2026-08-14T02:20:07.640+0000] {processor.py:179} INFO - Processing /opt/airflow/dags/dag.py took 0.030 seconds
[2026-08-14T02:20:37.924+0000] {processor.py:157} INFO - Started process (PID=12895) to work on /opt/airflow/dags/dag.py
[2026-08-14T02:20:37.925+0000] {processor.py:829} INFO - Processing file /opt/airflow/dags/dag.py for tasks to queue
[2026-08-14T02:20:37.927+0000] {logging_mixin.py:151} INFO - [2026-08-14T02:20:37.927+0000] {dagbag.py:536} INFO - Filling up the DagBag from /opt/airflow/dags/dag.py
[2026-08-14T02:20:37.936+0000] {logging_mixin.py:151} INFO - [2026-08-14T02:20:37.935+0000] {dagbag.py:346} ERROR - Failed to import: /opt/airflow/dags/dag.py
Traceback (most recent call last):
  File "/home/airflow/.local/lib/python3.8/site-packages/airflow/models/dagbag.py", line 342, in parse
    loader.exec_module(new_module)
  File "<frozen importlib._bootstrap_external>", line 839, in exec_module
  File "<frozen importlib._bootstrap_external>", line 976, in get_code
  File "<frozen importlib._bootstrap_external>", line 906, in source_to_code
  File "<frozen importlib._bootstrap>", line 219, in _call_with_frames_removed
  File "/opt/airflow/dags/dag.py", line 23
    )as dag
          ^
SyntaxError: invalid syntax
[2026-08-14T02:20:37.938+0000] {processor.py:841} WARNING - No viable dags retrieved from /opt/airflow/dags/dag.py
[2026-08-14T02:20:37.955+0000] {processor.py:179} INFO - Processing /opt/airflow/dags/dag.py took 0.033 seconds
[2026-08-14T02:21:08.250+0000] {processor.py:157} INFO - Started process (PID=12903) to work on /opt/airflow/dags/dag.py
[2026-08-14T02:21:08.251+0000] {processor.py:829} INFO - Processing file /opt/airflow/dags/dag.py for tasks to queue
[2026-08-14T02:21:08.253+0000] {logging_mixin.py:151} INFO - [2026-08-14T02:21:08.253+0000] {dagbag.py:536} INFO - Filling up the DagBag from /opt/airflow/dags/dag.py
[2026-08-14T02:21:08.259+0000] {logging_mixin.py:151} INFO - [2026-08-14T02:21:08.258+0000] {dagbag.py:346} ERROR - Failed to import: /opt/airflow/dags/dag.py
Traceback (most recent call last):
  File "/home/airflow/.local/lib/python3.8/site-packages/airflow/models/dagbag.py", line 342, in parse
    loader.exec_module(new_module)
  File "<frozen importlib._bootstrap_external>", line 839, in exec_module
  File "<frozen importlib._bootstrap_external>", line 976, in get_code
  File "<frozen importlib._bootstrap_external>", line 906, in source_to_code
  File "<frozen importlib._bootstrap>", line 219, in _call_with_frames_removed
  File "/opt/airflow/dags/dag.py", line 23
    )as dag
          ^
SyntaxError: invalid syntax
[2026-08-14T02:21:08.259+0000] {processor.py:841} WARNING - No viable dags retrieved from /opt/airflow/dags/dag.py
[2026-08-14T02:21:08.273+0000] {processor.py:179} INFO - Processing /opt/airflow/dags/dag.py took 0.024 seconds
[2026-08-14T02:21:38.573+0000] {processor.py:157} INFO - Started process (PID=12911) to work on /opt/airflow/dags/dag.py
[2026-08-14T02:21:38.574+0000] {processor.py:829} INFO - Processing file /opt/airflow/dags/dag.py for tasks to queue
[2026-08-14T02:21:38.576+0000] {logging_mixin.py:151} INFO - [2026-08-14T02:21:38.575+0000] {dagbag.py:536} INFO - Filling up the DagBag from /opt/airflow/dags/dag.py
[2026-08-14T02:21:38.584+0000] {logging_mixin.py:151} INFO - [2026-08-14T02:21:38.584+0000] {dagbag.py:346} ERROR - Failed to import: /opt/airflow/dags/dag.py
Traceback (most recent call last):
  File "/home/airflow/.local/lib/python3.8/site-packages/airflow/models/dagbag.py", line 342, in parse
    loader.exec_module(new_module)
  File "<frozen importlib._bootstrap_external>", line 839, in exec_module
  File "<frozen importlib._bootstrap_external>", line 976, in get_code
  File "<frozen importlib._bootstrap_external>", line 906, in source_to_code
  File "<frozen importlib._bootstrap>", line 219, in _call_with_frames_removed
  File "/opt/airflow/dags/dag.py", line 23
    )as dag
          ^
SyntaxError: invalid syntax
[2026-08-14T02:21:38.584+0000] {processor.py:841} WARNING - No viable dags retrieved from /opt/airflow/dags/dag.py
[2026-08-14T02:21:38.597+0000] {processor.py:179} INFO - Processing /opt/airflow/dags/dag.py took 0.026 seconds
[2026-08-14T02:22:08.928+0000] {processor.py:157} INFO - Started process (PID=12919) to work on /opt/airflow/dags/dag.py
[2026-08-14T02:22:08.929+0000] {processor.py:829} INFO - Processing file /opt/airflow/dags/dag.py for tasks to queue
[2026-08-14T02:22:08.931+0000] {logging_mixin.py:151} INFO - [2026-08-14T02:22:08.931+0000] {dagbag.py:536} INFO - Filling up the DagBag from /opt/airflow/dags/dag.py
[2026-08-14T02:22:08.937+0000] {logging_mixin.py:151} INFO - [2026-08-14T02:22:08.936+0000] {dagbag.py:346} ERROR - Failed to import: /opt/airflow/dags/dag.py
Traceback (most recent call last):
  File "/home/airflow/.local/lib/python3.8/site-packages/airflow/models/dagbag.py", line 342, in parse
    loader.exec_module(new_module)
  File "<frozen importlib._bootstrap_external>", line 839, in exec_module
  File "<frozen importlib._bootstrap_external>", line 976, in get_code
  File "<frozen importlib._bootstrap_external>", line 906, in source_to_code
  File "<frozen importlib._bootstrap>", line 219, in _call_with_frames_removed
  File "/opt/airflow/dags/dag.py", line 23
    )as dag
          ^
SyntaxError: invalid syntax
[2026-08-14T02:22:08.937+0000] {processor.py:841} WARNING - No viable dags retrieved from /opt/airflow/dags/dag.py
[2026-08-14T02:22:08.951+0000] {processor.py:179} INFO - Processing /opt/airflow/dags/dag.py took 0.025 seconds
[2026-08-14T02:22:39.182+0000] {processor.py:157} INFO - Started process (PID=12927) to work on /opt/airflow/dags/dag.py
[2026-08-14T02:22:39.183+0000] {processor.py:829} INFO - Processing file /opt/airflow/dags/dag.py for tasks to queue
[2026-08-14T02:22:39.184+0000] {logging_mixin.py:151} INFO - [2026-08-14T02:22:39.184+0000] {dagbag.py:536} INFO - Filling up the DagBag from /opt/airflow/dags/dag.py
[2026-08-14T02:22:39.190+0000] {logging_mixin.py:151} INFO - [2026-08-14T02:22:39.190+0000] {dagbag.py:346} ERROR - Failed to import: /opt/airflow/dags/dag.py
Traceback (most recent call last):
  File "/home/airflow/.local/lib/python3.8/site-packages/airflow/models/dagbag.py", line 342, in parse
    loader.exec_module(new_module)
  File "<frozen importlib._bootstrap_external>", line 839, in exec_module
  File "<frozen importlib._bootstrap_external>", line 976, in get_code
  File "<frozen importlib._bootstrap_external>", line 906, in source_to_code
  File "<frozen importlib._bootstrap>", line 219, in _call_with_frames_removed
  File "/opt/airflow/dags/dag.py", line 23
    )as dag
          ^
SyntaxError: invalid syntax
[2026-08-14T02:22:39.192+0000] {processor.py:841} WARNING - No viable dags retrieved from /opt/airflow/dags/dag.py
[2026-08-14T02:22:39.204+0000] {processor.py:179} INFO - Processing /opt/airflow/dags/dag.py took 0.024 seconds
[2026-08-14T02:23:09.533+0000] {processor.py:157} INFO - Started process (PID=12935) to work on /opt/airflow/dags/dag.py
[2026-08-14T02:23:09.533+0000] {processor.py:829} INFO - Processing file /opt/airflow/dags/dag.py for tasks to queue
[2026-08-14T02:23:09.536+0000] {logging_mixin.py:151} INFO - [2026-08-14T02:23:09.536+0000] {dagbag.py:536} INFO - Filling up the DagBag from /opt/airflow/dags/dag.py
[2026-08-14T02:23:09.539+0000] {logging_mixin.py:151} INFO - [2026-08-14T02:23:09.539+0000] {dagbag.py:346} ERROR - Failed to import: /opt/airflow/dags/dag.py
Traceback (most recent call last):
  File "/home/airflow/.local/lib/python3.8/site-packages/airflow/models/dagbag.py", line 342, in parse
    loader.exec_module(new_module)
  File "<frozen importlib._bootstrap_external>", line 839, in exec_module
  File "<frozen importlib._bootstrap_external>", line 976, in get_code
  File "<frozen importlib._bootstrap_external>", line 906, in source_to_code
  File "<frozen importlib._bootstrap>", line 219, in _call_with_frames_removed
  File "/opt/airflow/dags/dag.py", line 23
    )as dag
          ^
SyntaxError: invalid syntax
[2026-08-14T02:23:09.541+0000] {processor.py:841} WARNING - No viable dags retrieved from /opt/airflow/dags/dag.py
[2026-08-14T02:23:09.554+0000] {processor.py:179} INFO - Processing /opt/airflow/dags/dag.py took 0.023 seconds
[2026-08-14T02:23:39.844+0000] {processor.py:157} INFO - Started process (PID=12943) to work on /opt/airflow/dags/dag.py
[2026-08-14T02:23:39.845+0000] {processor.py:829} INFO - Processing file /opt/airflow/dags/dag.py for tasks to queue
[2026-08-14T02:23:39.850+0000] {logging_mixin.py:151} INFO - [2026-08-14T02:23:39.850+0000] {dagbag.py:536} INFO - Filling up the DagBag from /opt/airflow/dags/dag.py
[2026-08-14T02:23:39.853+0000] {logging_mixin.py:151} INFO - [2026-08-14T02:23:39.852+0000] {dagbag.py:346} ERROR - Failed to import: /opt/airflow/dags/dag.py
Traceback (most recent call last):
  File "/home/airflow/.local/lib/python3.8/site-packages/airflow/models/dagbag.py", line 342, in parse
    loader.exec_module(new_module)
  File "<frozen importlib._bootstrap_external>", line 839, in exec_module
  File "<frozen importlib._bootstrap_external>", line 976, in get_code
  File "<frozen importlib._bootstrap_external>", line 906, in source_to_code
  File "<frozen importlib._bootstrap>", line 219, in _call_with_frames_removed
  File "/opt/airflow/dags/dag.py", line 23
    )as dag
          ^
SyntaxError: invalid syntax
[2026-08-14T02:23:39.853+0000] {processor.py:841} WARNING - No viable dags retrieved from /opt/airflow/dags/dag.py
[2026-08-14T02:23:39.870+0000] {processor.py:179} INFO - Processing /opt/airflow/dags/dag.py took 0.027 seconds
[2026-08-14T02:24:10.148+0000] {processor.py:157} INFO - Started process (PID=12951) to work on /opt/airflow/dags/dag.py
[2026-08-14T02:24:10.149+0000] {processor.py:829} INFO - Processing file /opt/airflow/dags/dag.py for tasks to queue
[2026-08-14T02:24:10.151+0000] {logging_mixin.py:151} INFO - [2026-08-14T02:24:10.150+0000] {dagbag.py:536} INFO - Filling up the DagBag from /opt/airflow/dags/dag.py
[2026-08-14T02:24:10.154+0000] {logging_mixin.py:151} INFO - [2026-08-14T02:24:10.153+0000] {dagbag.py:346} ERROR - Failed to import: /opt/airflow/dags/dag.py
Traceback (most recent call last):
  File "/home/airflow/.local/lib/python3.8/site-packages/airflow/models/dagbag.py", line 342, in parse
    loader.exec_module(new_module)
  File "<frozen importlib._bootstrap_external>", line 839, in exec_module
  File "<frozen importlib._bootstrap_external>", line 976, in get_code
  File "<frozen importlib._bootstrap_external>", line 906, in source_to_code
  File "<frozen importlib._bootstrap>", line 219, in _call_with_frames_removed
  File "/opt/airflow/dags/dag.py", line 23
    )as dag
          ^
SyntaxError: invalid syntax
[2026-08-14T02:24:10.154+0000] {processor.py:841} WARNING - No viable dags retrieved from /opt/airflow/dags/dag.py
[2026-08-14T02:24:10.167+0000] {processor.py:179} INFO - Processing /opt/airflow/dags/dag.py took 0.020 seconds
[2026-08-14T02:24:40.469+0000] {processor.py:157} INFO - Started process (PID=12959) to work on /opt/airflow/dags/dag.py
[2026-08-14T02:24:40.470+0000] {processor.py:829} INFO - Processing file /opt/airflow/dags/dag.py for tasks to queue
[2026-08-14T02:24:40.472+0000] {logging_mixin.py:151} INFO - [2026-08-14T02:24:40.472+0000] {dagbag.py:536} INFO - Filling up the DagBag from /opt/airflow/dags/dag.py
[2026-08-14T02:24:40.479+0000] {logging_mixin.py:151} INFO - [2026-08-14T02:24:40.478+0000] {dagbag.py:346} ERROR - Failed to import: /opt/airflow/dags/dag.py
Traceback (most recent call last):
  File "/home/airflow/.local/lib/python3.8/site-packages/airflow/models/dagbag.py", line 342, in parse
    loader.exec_module(new_module)
  File "<frozen importlib._bootstrap_external>", line 839, in exec_module
  File "<frozen importlib._bootstrap_external>", line 976, in get_code
  File "<frozen importlib._bootstrap_external>", line 906, in source_to_code
  File "<frozen importlib._bootstrap>", line 219, in _call_with_frames_removed
  File "/opt/airflow/dags/dag.py", line 23
    )as dag
          ^
SyntaxError: invalid syntax
[2026-08-14T02:24:40.479+0000] {processor.py:841} WARNING - No viable dags retrieved from /opt/airflow/dags/dag.py
[2026-08-14T02:24:40.498+0000] {processor.py:179} INFO - Processing /opt/airflow/dags/dag.py took 0.032 seconds
[2026-08-14T02:25:10.791+0000] {processor.py:157} INFO - Started process (PID=12967) to work on /opt/airflow/dags/dag.py
[2026-08-14T02:25:10.791+0000] {processor.py:829} INFO - Processing file /opt/airflow/dags/dag.py for tasks to queue
[2026-08-14T02:25:10.793+0000] {logging_mixin.py:151} INFO - [2026-08-14T02:25:10.793+0000] {dagbag.py:536} INFO - Filling up the DagBag from /opt/airflow/dags/dag.py
[2026-08-14T02:25:10.800+0000] {logging_mixin.py:151} INFO - [2026-08-14T02:25:10.799+0000] {dagbag.py:346} ERROR - Failed to import: /opt/airflow/dags/dag.py
Traceback (most recent call last):
  File "/home/airflow/.local/lib/python3.8/site-packages/airflow/models/dagbag.py", line 342, in parse
    loader.exec_module(new_module)
  File "<frozen importlib._bootstrap_external>", line 839, in exec_module
  File "<frozen importlib._bootstrap_external>", line 976, in get_code
  File "<frozen importlib._bootstrap_external>", line 906, in source_to_code
  File "<frozen importlib._bootstrap>", line 219, in _call_with_frames_removed
  File "/opt/airflow/dags/dag.py", line 23
    )as dag
          ^
SyntaxError: invalid syntax
[2026-08-14T02:25:10.800+0000] {processor.py:841} WARNING - No viable dags retrieved from /opt/airflow/dags/dag.py
[2026-08-14T02:25:10.815+0000] {processor.py:179} INFO - Processing /opt/airflow/dags/dag.py took 0.027 seconds
[2026-08-14T02:25:41.095+0000] {processor.py:157} INFO - Started process (PID=12975) to work on /opt/airflow/dags/dag.py
[2026-08-14T02:25:41.096+0000] {processor.py:829} INFO - Processing file /opt/airflow/dags/dag.py for tasks to queue
[2026-08-14T02:25:41.098+0000] {logging_mixin.py:151} INFO - [2026-08-14T02:25:41.098+0000] {dagbag.py:536} INFO - Filling up the DagBag from /opt/airflow/dags/dag.py
[2026-08-14T02:25:41.107+0000] {logging_mixin.py:151} INFO - [2026-08-14T02:25:41.106+0000] {dagbag.py:346} ERROR - Failed to import: /opt/airflow/dags/dag.py
Traceback (most recent call last):
  File "/home/airflow/.local/lib/python3.8/site-packages/airflow/models/dagbag.py", line 342, in parse
    loader.exec_module(new_module)
  File "<frozen importlib._bootstrap_external>", line 839, in exec_module
  File "<frozen importlib._bootstrap_external>", line 976, in get_code
  File "<frozen importlib._bootstrap_external>", line 906, in source_to_code
  File "<frozen importlib._bootstrap>", line 219, in _call_with_frames_removed
  File "/opt/airflow/dags/dag.py", line 23
    )as dag
          ^
SyntaxError: invalid syntax
[2026-08-14T02:25:41.107+0000] {processor.py:841} WARNING - No viable dags retrieved from /opt/airflow/dags/dag.py
[2026-08-14T02:25:41.121+0000] {processor.py:179} INFO - Processing /opt/airflow/dags/dag.py took 0.029 seconds
[2026-08-14T02:26:11.408+0000] {processor.py:157} INFO - Started process (PID=12989) to work on /opt/airflow/dags/dag.py
[2026-08-14T02:26:11.409+0000] {processor.py:829} INFO - Processing file /opt/airflow/dags/dag.py for tasks to queue
[2026-08-14T02:26:11.411+0000] {logging_mixin.py:151} INFO - [2026-08-14T02:26:11.410+0000] {dagbag.py:536} INFO - Filling up the DagBag from /opt/airflow/dags/dag.py
[2026-08-14T02:26:11.415+0000] {logging_mixin.py:151} INFO - [2026-08-14T02:26:11.415+0000] {dagbag.py:346} ERROR - Failed to import: /opt/airflow/dags/dag.py
Traceback (most recent call last):
  File "/home/airflow/.local/lib/python3.8/site-packages/airflow/models/dagbag.py", line 342, in parse
    loader.exec_module(new_module)
  File "<frozen importlib._bootstrap_external>", line 839, in exec_module
  File "<frozen importlib._bootstrap_external>", line 976, in get_code
  File "<frozen importlib._bootstrap_external>", line 906, in source_to_code
  File "<frozen importlib._bootstrap>", line 219, in _call_with_frames_removed
  File "/opt/airflow/dags/dag.py", line 23
    )as dag
          ^
SyntaxError: invalid syntax
[2026-08-14T02:26:11.415+0000] {processor.py:841} WARNING - No viable dags retrieved from /opt/airflow/dags/dag.py
[2026-08-14T02:26:11.430+0000] {processor.py:179} INFO - Processing /opt/airflow/dags/dag.py took 0.025 seconds
[2026-08-14T02:26:41.725+0000] {processor.py:157} INFO - Started process (PID=12997) to work on /opt/airflow/dags/dag.py
[2026-08-14T02:26:41.727+0000] {processor.py:829} INFO - Processing file /opt/airflow/dags/dag.py for tasks to queue
[2026-08-14T02:26:41.730+0000] {logging_mixin.py:151} INFO - [2026-08-14T02:26:41.729+0000] {dagbag.py:536} INFO - Filling up the DagBag from /opt/airflow/dags/dag.py
[2026-08-14T02:26:41.734+0000] {logging_mixin.py:151} INFO - [2026-08-14T02:26:41.733+0000] {dagbag.py:346} ERROR - Failed to import: /opt/airflow/dags/dag.py
Traceback (most recent call last):
  File "/home/airflow/.local/lib/python3.8/site-packages/airflow/models/dagbag.py", line 342, in parse
    loader.exec_module(new_module)
  File "<frozen importlib._bootstrap_external>", line 839, in exec_module
  File "<frozen importlib._bootstrap_external>", line 976, in get_code
  File "<frozen importlib._bootstrap_external>", line 906, in source_to_code
  File "<frozen importlib._bootstrap>", line 219, in _call_with_frames_removed
  File "/opt/airflow/dags/dag.py", line 23
    )as dag
          ^
SyntaxError: invalid syntax
[2026-08-14T02:26:41.734+0000] {processor.py:841} WARNING - No viable dags retrieved from /opt/airflow/dags/dag.py
[2026-08-14T02:26:41.750+0000] {processor.py:179} INFO - Processing /opt/airflow/dags/dag.py took 0.027 seconds
[2026-08-14T02:27:12.064+0000] {processor.py:157} INFO - Started process (PID=13005) to work on /opt/airflow/dags/dag.py
[2026-08-14T02:27:12.065+0000] {processor.py:829} INFO - Processing file /opt/airflow/dags/dag.py for tasks to queue
[2026-08-14T02:27:12.067+0000] {logging_mixin.py:151} INFO - [2026-08-14T02:27:12.067+0000] {dagbag.py:536} INFO - Filling up the DagBag from /opt/airflow/dags/dag.py
[2026-08-14T02:27:12.073+0000] {logging_mixin.py:151} INFO - [2026-08-14T02:27:12.072+0000] {dagbag.py:346} ERROR - Failed to import: /opt/airflow/dags/dag.py
Traceback (most recent call last):
  File "/home/airflow/.local/lib/python3.8/site-packages/airflow/models/dagbag.py", line 342, in parse
    loader.exec_module(new_module)
  File "<frozen importlib._bootstrap_external>", line 839, in exec_module
  File "<frozen importlib._bootstrap_external>", line 976, in get_code
  File "<frozen importlib._bootstrap_external>", line 906, in source_to_code
  File "<frozen importlib._bootstrap>", line 219, in _call_with_frames_removed
  File "/opt/airflow/dags/dag.py", line 23
    )as dag
          ^
SyntaxError: invalid syntax
[2026-08-14T02:27:12.073+0000] {processor.py:841} WARNING - No viable dags retrieved from /opt/airflow/dags/dag.py
[2026-08-14T02:27:12.085+0000] {processor.py:179} INFO - Processing /opt/airflow/dags/dag.py took 0.023 seconds
[2026-08-14T02:27:42.354+0000] {processor.py:157} INFO - Started process (PID=13013) to work on /opt/airflow/dags/dag.py
[2026-08-14T02:27:42.354+0000] {processor.py:829} INFO - Processing file /opt/airflow/dags/dag.py for tasks to queue
[2026-08-14T02:27:42.356+0000] {logging_mixin.py:151} INFO - [2026-08-14T02:27:42.356+0000] {dagbag.py:536} INFO - Filling up the DagBag from /opt/airflow/dags/dag.py
[2026-08-14T02:27:42.364+0000] {logging_mixin.py:151} INFO - [2026-08-14T02:27:42.363+0000] {dagbag.py:346} ERROR - Failed to import: /opt/airflow/dags/dag.py
Traceback (most recent call last):
  File "/home/airflow/.local/lib/python3.8/site-packages/airflow/models/dagbag.py", line 342, in parse
    loader.exec_module(new_module)
  File "<frozen importlib._bootstrap_external>", line 839, in exec_module
  File "<frozen importlib._bootstrap_external>", line 976, in get_code
  File "<frozen importlib._bootstrap_external>", line 906, in source_to_code
  File "<frozen importlib._bootstrap>", line 219, in _call_with_frames_removed
  File "/opt/airflow/dags/dag.py", line 23
    )as dag
          ^
SyntaxError: invalid syntax
[2026-08-14T02:27:42.365+0000] {processor.py:841} WARNING - No viable dags retrieved from /opt/airflow/dags/dag.py
[2026-08-14T02:27:42.381+0000] {processor.py:179} INFO - Processing /opt/airflow/dags/dag.py took 0.029 seconds
[2026-08-14T02:28:12.629+0000] {processor.py:157} INFO - Started process (PID=13021) to work on /opt/airflow/dags/dag.py
[2026-08-14T02:28:12.630+0000] {processor.py:829} INFO - Processing file /opt/airflow/dags/dag.py for tasks to queue
[2026-08-14T02:28:12.633+0000] {logging_mixin.py:151} INFO - [2026-08-14T02:28:12.632+0000] {dagbag.py:536} INFO - Filling up the DagBag from /opt/airflow/dags/dag.py
[2026-08-14T02:28:12.639+0000] {logging_mixin.py:151} INFO - [2026-08-14T02:28:12.638+0000] {dagbag.py:346} ERROR - Failed to import: /opt/airflow/dags/dag.py
Traceback (most recent call last):
  File "/home/airflow/.local/lib/python3.8/site-packages/airflow/models/dagbag.py", line 342, in parse
    loader.exec_module(new_module)
  File "<frozen importlib._bootstrap_external>", line 839, in exec_module
  File "<frozen importlib._bootstrap_external>", line 976, in get_code
  File "<frozen importlib._bootstrap_external>", line 906, in source_to_code
  File "<frozen importlib._bootstrap>", line 219, in _call_with_frames_removed
  File "/opt/airflow/dags/dag.py", line 23
    )as dag
          ^
SyntaxError: invalid syntax
[2026-08-14T02:28:12.639+0000] {processor.py:841} WARNING - No viable dags retrieved from /opt/airflow/dags/dag.py
[2026-08-14T02:28:12.651+0000] {processor.py:179} INFO - Processing /opt/airflow/dags/dag.py took 0.024 seconds
[2026-08-14T02:28:42.881+0000] {processor.py:157} INFO - Started process (PID=13029) to work on /opt/airflow/dags/dag.py
[2026-08-14T02:28:42.882+0000] {processor.py:829} INFO - Processing file /opt/airflow/dags/dag.py for tasks to queue
[2026-08-14T02:28:42.889+0000] {logging_mixin.py:151} INFO - [2026-08-14T02:28:42.889+0000] {dagbag.py:536} INFO - Filling up the DagBag from /opt/airflow/dags/dag.py
[2026-08-14T02:28:42.895+0000] {logging_mixin.py:151} INFO - [2026-08-14T02:28:42.894+0000] {dagbag.py:346} ERROR - Failed to import: /opt/airflow/dags/dag.py
Traceback (most recent call last):
  File "/home/airflow/.local/lib/python3.8/site-packages/airflow/models/dagbag.py", line 342, in parse
    loader.exec_module(new_module)
  File "<frozen importlib._bootstrap_external>", line 839, in exec_module
  File "<frozen importlib._bootstrap_external>", line 976, in get_code
  File "<frozen importlib._bootstrap_external>", line 906, in source_to_code
  File "<frozen importlib._bootstrap>", line 219, in _call_with_frames_removed
  File "/opt/airflow/dags/dag.py", line 23
    )as dag
          ^
SyntaxError: invalid syntax
[2026-08-14T02:28:42.895+0000] {processor.py:841} WARNING - No viable dags retrieved from /opt/airflow/dags/dag.py
[2026-08-14T02:28:42.908+0000] {processor.py:179} INFO - Processing /opt/airflow/dags/dag.py took 0.028 seconds
[2026-08-14T02:29:13.155+0000] {processor.py:157} INFO - Started process (PID=13038) to work on /opt/airflow/dags/dag.py
[2026-08-14T02:29:13.156+0000] {processor.py:829} INFO - Processing file /opt/airflow/dags/dag.py for tasks to queue
[2026-08-14T02:29:13.157+0000] {logging_mixin.py:151} INFO - [2026-08-14T02:29:13.157+0000] {dagbag.py:536} INFO - Filling up the DagBag from /opt/airflow/dags/dag.py
[2026-08-14T02:29:13.162+0000] {logging_mixin.py:151} INFO - [2026-08-14T02:29:13.161+0000] {dagbag.py:346} ERROR - Failed to import: /opt/airflow/dags/dag.py
Traceback (most recent call last):
  File "/home/airflow/.local/lib/python3.8/site-packages/airflow/models/dagbag.py", line 342, in parse
    loader.exec_module(new_module)
  File "<frozen importlib._bootstrap_external>", line 839, in exec_module
  File "<frozen importlib._bootstrap_external>", line 976, in get_code
  File "<frozen importlib._bootstrap_external>", line 906, in source_to_code
  File "<frozen importlib._bootstrap>", line 219, in _call_with_frames_removed
  File "/opt/airflow/dags/dag.py", line 23
    )as dag
          ^
SyntaxError: invalid syntax
[2026-08-14T02:29:13.162+0000] {processor.py:841} WARNING - No viable dags retrieved from /opt/airflow/dags/dag.py
[2026-08-14T02:29:13.172+0000] {processor.py:179} INFO - Processing /opt/airflow/dags/dag.py took 0.018 seconds
[2026-08-14T02:29:43.418+0000] {processor.py:157} INFO - Started process (PID=13046) to work on /opt/airflow/dags/dag.py
[2026-08-14T02:29:43.419+0000] {processor.py:829} INFO - Processing file /opt/airflow/dags/dag.py for tasks to queue
[2026-08-14T02:29:43.422+0000] {logging_mixin.py:151} INFO - [2026-08-14T02:29:43.422+0000] {dagbag.py:536} INFO - Filling up the DagBag from /opt/airflow/dags/dag.py
[2026-08-14T02:29:43.427+0000] {logging_mixin.py:151} INFO - [2026-08-14T02:29:43.426+0000] {dagbag.py:346} ERROR - Failed to import: /opt/airflow/dags/dag.py
Traceback (most recent call last):
  File "/home/airflow/.local/lib/python3.8/site-packages/airflow/models/dagbag.py", line 342, in parse
    loader.exec_module(new_module)
  File "<frozen importlib._bootstrap_external>", line 839, in exec_module
  File "<frozen importlib._bootstrap_external>", line 976, in get_code
  File "<frozen importlib._bootstrap_external>", line 906, in source_to_code
  File "<frozen importlib._bootstrap>", line 219, in _call_with_frames_removed
  File "/opt/airflow/dags/dag.py", line 23
    )as dag
          ^
SyntaxError: invalid syntax
[2026-08-14T02:29:43.429+0000] {processor.py:841} WARNING - No viable dags retrieved from /opt/airflow/dags/dag.py
[2026-08-14T02:29:43.449+0000] {processor.py:179} INFO - Processing /opt/airflow/dags/dag.py took 0.033 seconds
[2026-08-14T02:30:13.699+0000] {processor.py:157} INFO - Started process (PID=13054) to work on /opt/airflow/dags/dag.py
[2026-08-14T02:30:13.701+0000] {processor.py:829} INFO - Processing file /opt/airflow/dags/dag.py for tasks to queue
[2026-08-14T02:30:13.704+0000] {logging_mixin.py:151} INFO - [2026-08-14T02:30:13.703+0000] {dagbag.py:536} INFO - Filling up the DagBag from /opt/airflow/dags/dag.py
[2026-08-14T02:30:13.710+0000] {logging_mixin.py:151} INFO - [2026-08-14T02:30:13.709+0000] {dagbag.py:346} ERROR - Failed to import: /opt/airflow/dags/dag.py
Traceback (most recent call last):
  File "/home/airflow/.local/lib/python3.8/site-packages/airflow/models/dagbag.py", line 342, in parse
    loader.exec_module(new_module)
  File "<frozen importlib._bootstrap_external>", line 839, in exec_module
  File "<frozen importlib._bootstrap_external>", line 976, in get_code
  File "<frozen importlib._bootstrap_external>", line 906, in source_to_code
  File "<frozen importlib._bootstrap>", line 219, in _call_with_frames_removed
  File "/opt/airflow/dags/dag.py", line 23
    )as dag
          ^
SyntaxError: invalid syntax
[2026-08-14T02:30:13.710+0000] {processor.py:841} WARNING - No viable dags retrieved from /opt/airflow/dags/dag.py
[2026-08-14T02:30:13.722+0000] {processor.py:179} INFO - Processing /opt/airflow/dags/dag.py took 0.025 seconds
[2026-08-14T02:30:44.004+0000] {processor.py:157} INFO - Started process (PID=13062) to work on /opt/airflow/dags/dag.py
[2026-08-14T02:30:44.005+0000] {processor.py:829} INFO - Processing file /opt/airflow/dags/dag.py for tasks to queue
[2026-08-14T02:30:44.009+0000] {logging_mixin.py:151} INFO - [2026-08-14T02:30:44.009+0000] {dagbag.py:536} INFO - Filling up the DagBag from /opt/airflow/dags/dag.py
[2026-08-14T02:30:44.012+0000] {logging_mixin.py:151} INFO - [2026-08-14T02:30:44.012+0000] {dagbag.py:346} ERROR - Failed to import: /opt/airflow/dags/dag.py
Traceback (most recent call last):
  File "/home/airflow/.local/lib/python3.8/site-packages/airflow/models/dagbag.py", line 342, in parse
    loader.exec_module(new_module)
  File "<frozen importlib._bootstrap_external>", line 839, in exec_module
  File "<frozen importlib._bootstrap_external>", line 976, in get_code
  File "<frozen importlib._bootstrap_external>", line 906, in source_to_code
  File "<frozen importlib._bootstrap>", line 219, in _call_with_frames_removed
  File "/opt/airflow/dags/dag.py", line 23
    )as dag
          ^
SyntaxError: invalid syntax
[2026-08-14T02:30:44.013+0000] {processor.py:841} WARNING - No viable dags retrieved from /opt/airflow/dags/dag.py
[2026-08-14T02:30:44.023+0000] {processor.py:179} INFO - Processing /opt/airflow/dags/dag.py took 0.021 seconds
[2026-08-14T02:31:14.239+0000] {processor.py:157} INFO - Started process (PID=13070) to work on /opt/airflow/dags/dag.py
[2026-08-14T02:31:14.240+0000] {processor.py:829} INFO - Processing file /opt/airflow/dags/dag.py for tasks to queue
[2026-08-14T02:31:14.241+0000] {logging_mixin.py:151} INFO - [2026-08-14T02:31:14.241+0000] {dagbag.py:536} INFO - Filling up the DagBag from /opt/airflow/dags/dag.py
[2026-08-14T02:31:14.247+0000] {logging_mixin.py:151} INFO - [2026-08-14T02:31:14.246+0000] {dagbag.py:346} ERROR - Failed to import: /opt/airflow/dags/dag.py
Traceback (most recent call last):
  File "/home/airflow/.local/lib/python3.8/site-packages/airflow/models/dagbag.py", line 342, in parse
    loader.exec_module(new_module)
  File "<frozen importlib._bootstrap_external>", line 839, in exec_module
  File "<frozen importlib._bootstrap_external>", line 976, in get_code
  File "<frozen importlib._bootstrap_external>", line 906, in source_to_code
  File "<frozen importlib._bootstrap>", line 219, in _call_with_frames_removed
  File "/opt/airflow/dags/dag.py", line 23
    )as dag
          ^
SyntaxError: invalid syntax
[2026-08-14T02:31:14.248+0000] {processor.py:841} WARNING - No viable dags retrieved from /opt/airflow/dags/dag.py
[2026-08-14T02:31:14.262+0000] {processor.py:179} INFO - Processing /opt/airflow/dags/dag.py took 0.024 seconds
[2026-08-14T02:31:44.577+0000] {processor.py:157} INFO - Started process (PID=13078) to work on /opt/airflow/dags/dag.py
[2026-08-14T02:31:44.578+0000] {processor.py:829} INFO - Processing file /opt/airflow/dags/dag.py for tasks to queue
[2026-08-14T02:31:44.579+0000] {logging_mixin.py:151} INFO - [2026-08-14T02:31:44.579+0000] {dagbag.py:536} INFO - Filling up the DagBag from /opt/airflow/dags/dag.py
[2026-08-14T02:31:44.584+0000] {logging_mixin.py:151} INFO - [2026-08-14T02:31:44.584+0000] {dagbag.py:346} ERROR - Failed to import: /opt/airflow/dags/dag.py
Traceback (most recent call last):
  File "/home/airflow/.local/lib/python3.8/site-packages/airflow/models/dagbag.py", line 342, in parse
    loader.exec_module(new_module)
  File "<frozen importlib._bootstrap_external>", line 839, in exec_module
  File "<frozen importlib._bootstrap_external>", line 976, in get_code
  File "<frozen importlib._bootstrap_external>", line 906, in source_to_code
  File "<frozen importlib._bootstrap>", line 219, in _call_with_frames_removed
  File "/opt/airflow/dags/dag.py", line 23
    )as dag
          ^
SyntaxError: invalid syntax
[2026-08-14T02:31:44.585+0000] {processor.py:841} WARNING - No viable dags retrieved from /opt/airflow/dags/dag.py
[2026-08-14T02:31:44.598+0000] {processor.py:179} INFO - Processing /opt/airflow/dags/dag.py took 0.023 seconds
[2026-08-14T02:32:14.914+0000] {processor.py:157} INFO - Started process (PID=13086) to work on /opt/airflow/dags/dag.py
[2026-08-14T02:32:14.915+0000] {processor.py:829} INFO - Processing file /opt/airflow/dags/dag.py for tasks to queue
[2026-08-14T02:32:14.917+0000] {logging_mixin.py:151} INFO - [2026-08-14T02:32:14.916+0000] {dagbag.py:536} INFO - Filling up the DagBag from /opt/airflow/dags/dag.py
[2026-08-14T02:32:14.923+0000] {logging_mixin.py:151} INFO - [2026-08-14T02:32:14.922+0000] {dagbag.py:346} ERROR - Failed to import: /opt/airflow/dags/dag.py
Traceback (most recent call last):
  File "/home/airflow/.local/lib/python3.8/site-packages/airflow/models/dagbag.py", line 342, in parse
    loader.exec_module(new_module)
  File "<frozen importlib._bootstrap_external>", line 839, in exec_module
  File "<frozen importlib._bootstrap_external>", line 976, in get_code
  File "<frozen importlib._bootstrap_external>", line 906, in source_to_code
  File "<frozen importlib._bootstrap>", line 219, in _call_with_frames_removed
  File "/opt/airflow/dags/dag.py", line 23
    )as dag
          ^
SyntaxError: invalid syntax
[2026-08-14T02:32:14.923+0000] {processor.py:841} WARNING - No viable dags retrieved from /opt/airflow/dags/dag.py
[2026-08-14T02:32:14.936+0000] {processor.py:179} INFO - Processing /opt/airflow/dags/dag.py took 0.024 seconds
[2026-08-14T02:32:45.226+0000] {processor.py:157} INFO - Started process (PID=13094) to work on /opt/airflow/dags/dag.py
[2026-08-14T02:32:45.227+0000] {processor.py:829} INFO - Processing file /opt/airflow/dags/dag.py for tasks to queue
[2026-08-14T02:32:45.232+0000] {logging_mixin.py:151} INFO - [2026-08-14T02:32:45.232+0000] {dagbag.py:536} INFO - Filling up the DagBag from /opt/airflow/dags/dag.py
[2026-08-14T02:32:45.238+0000] {logging_mixin.py:151} INFO - [2026-08-14T02:32:45.238+0000] {dagbag.py:346} ERROR - Failed to import: /opt/airflow/dags/dag.py
Traceback (most recent call last):
  File "/home/airflow/.local/lib/python3.8/site-packages/airflow/models/dagbag.py", line 342, in parse
    loader.exec_module(new_module)
  File "<frozen importlib._bootstrap_external>", line 839, in exec_module
  File "<frozen importlib._bootstrap_external>", line 976, in get_code
  File "<frozen importlib._bootstrap_external>", line 906, in source_to_code
  File "<frozen importlib._bootstrap>", line 219, in _call_with_frames_removed
  File "/opt/airflow/dags/dag.py", line 23
    )as dag
          ^
SyntaxError: invalid syntax
[2026-08-14T02:32:45.239+0000] {processor.py:841} WARNING - No viable dags retrieved from /opt/airflow/dags/dag.py
[2026-08-14T02:32:45.255+0000] {processor.py:179} INFO - Processing /opt/airflow/dags/dag.py took 0.030 seconds
[2026-08-14T02:33:15.563+0000] {processor.py:157} INFO - Started process (PID=13102) to work on /opt/airflow/dags/dag.py
[2026-08-14T02:33:15.564+0000] {processor.py:829} INFO - Processing file /opt/airflow/dags/dag.py for tasks to queue
[2026-08-14T02:33:15.565+0000] {logging_mixin.py:151} INFO - [2026-08-14T02:33:15.565+0000] {dagbag.py:536} INFO - Filling up the DagBag from /opt/airflow/dags/dag.py
[2026-08-14T02:33:15.569+0000] {logging_mixin.py:151} INFO - [2026-08-14T02:33:15.569+0000] {dagbag.py:346} ERROR - Failed to import: /opt/airflow/dags/dag.py
Traceback (most recent call last):
  File "/home/airflow/.local/lib/python3.8/site-packages/airflow/models/dagbag.py", line 342, in parse
    loader.exec_module(new_module)
  File "<frozen importlib._bootstrap_external>", line 839, in exec_module
  File "<frozen importlib._bootstrap_external>", line 976, in get_code
  File "<frozen importlib._bootstrap_external>", line 906, in source_to_code
  File "<frozen importlib._bootstrap>", line 219, in _call_with_frames_removed
  File "/opt/airflow/dags/dag.py", line 23
    )as dag
          ^
SyntaxError: invalid syntax
[2026-08-14T02:33:15.570+0000] {processor.py:841} WARNING - No viable dags retrieved from /opt/airflow/dags/dag.py
[2026-08-14T02:33:15.583+0000] {processor.py:179} INFO - Processing /opt/airflow/dags/dag.py took 0.021 seconds
[2026-08-14T02:33:45.881+0000] {processor.py:157} INFO - Started process (PID=13110) to work on /opt/airflow/dags/dag.py
[2026-08-14T02:33:45.883+0000] {processor.py:829} INFO - Processing file /opt/airflow/dags/dag.py for tasks to queue
[2026-08-14T02:33:45.885+0000] {logging_mixin.py:151} INFO - [2026-08-14T02:33:45.885+0000] {dagbag.py:536} INFO - Filling up the DagBag from /opt/airflow/dags/dag.py
[2026-08-14T02:33:45.889+0000] {logging_mixin.py:151} INFO - [2026-08-14T02:33:45.889+0000] {dagbag.py:346} ERROR - Failed to import: /opt/airflow/dags/dag.py
Traceback (most recent call last):
  File "/home/airflow/.local/lib/python3.8/site-packages/airflow/models/dagbag.py", line 342, in parse
    loader.exec_module(new_module)
  File "<frozen importlib._bootstrap_external>", line 839, in exec_module
  File "<frozen importlib._bootstrap_external>", line 976, in get_code
  File "<frozen importlib._bootstrap_external>", line 906, in source_to_code
  File "<frozen importlib._bootstrap>", line 219, in _call_with_frames_removed
  File "/opt/airflow/dags/dag.py", line 23
    )as dag
          ^
SyntaxError: invalid syntax
[2026-08-14T02:33:45.890+0000] {processor.py:841} WARNING - No viable dags retrieved from /opt/airflow/dags/dag.py
[2026-08-14T02:33:45.900+0000] {processor.py:179} INFO - Processing /opt/airflow/dags/dag.py took 0.022 seconds
[2026-08-14T02:34:16.195+0000] {processor.py:157} INFO - Started process (PID=13118) to work on /opt/airflow/dags/dag.py
[2026-08-14T02:34:16.196+0000] {processor.py:829} INFO - Processing file /opt/airflow/dags/dag.py for tasks to queue
[2026-08-14T02:34:16.198+0000] {logging_mixin.py:151} INFO - [2026-08-14T02:34:16.198+0000] {dagbag.py:536} INFO - Filling up the DagBag from /opt/airflow/dags/dag.py
[2026-08-14T02:34:16.206+0000] {logging_mixin.py:151} INFO - [2026-08-14T02:34:16.205+0000] {dagbag.py:346} ERROR - Failed to import: /opt/airflow/dags/dag.py
Traceback (most recent call last):
  File "/home/airflow/.local/lib/python3.8/site-packages/airflow/models/dagbag.py", line 342, in parse
    loader.exec_module(new_module)
  File "<frozen importlib._bootstrap_external>", line 839, in exec_module
  File "<frozen importlib._bootstrap_external>", line 976, in get_code
  File "<frozen importlib._bootstrap_external>", line 906, in source_to_code
  File "<frozen importlib._bootstrap>", line 219, in _call_with_frames_removed
  File "/opt/airflow/dags/dag.py", line 23
    )as dag
          ^
SyntaxError: invalid syntax
[2026-08-14T02:34:16.206+0000] {processor.py:841} WARNING - No viable dags retrieved from /opt/airflow/dags/dag.py
[2026-08-14T02:34:16.221+0000] {processor.py:179} INFO - Processing /opt/airflow/dags/dag.py took 0.028 seconds
[2026-08-14T02:34:46.497+0000] {processor.py:157} INFO - Started process (PID=13126) to work on /opt/airflow/dags/dag.py
[2026-08-14T02:34:46.500+0000] {processor.py:829} INFO - Processing file /opt/airflow/dags/dag.py for tasks to queue
[2026-08-14T02:34:46.502+0000] {logging_mixin.py:151} INFO - [2026-08-14T02:34:46.501+0000] {dagbag.py:536} INFO - Filling up the DagBag from /opt/airflow/dags/dag.py
[2026-08-14T02:34:46.508+0000] {logging_mixin.py:151} INFO - [2026-08-14T02:34:46.508+0000] {dagbag.py:346} ERROR - Failed to import: /opt/airflow/dags/dag.py
Traceback (most recent call last):
  File "/home/airflow/.local/lib/python3.8/site-packages/airflow/models/dagbag.py", line 342, in parse
    loader.exec_module(new_module)
  File "<frozen importlib._bootstrap_external>", line 839, in exec_module
  File "<frozen importlib._bootstrap_external>", line 976, in get_code
  File "<frozen importlib._bootstrap_external>", line 906, in source_to_code
  File "<frozen importlib._bootstrap>", line 219, in _call_with_frames_removed
  File "/opt/airflow/dags/dag.py", line 23
    )as dag
          ^
SyntaxError: invalid syntax
[2026-08-14T02:34:46.509+0000] {processor.py:841} WARNING - No viable dags retrieved from /opt/airflow/dags/dag.py
[2026-08-14T02:34:46.521+0000] {processor.py:179} INFO - Processing /opt/airflow/dags/dag.py took 0.026 seconds
[2026-08-14T02:35:16.821+0000] {processor.py:157} INFO - Started process (PID=13135) to work on /opt/airflow/dags/dag.py
[2026-08-14T02:35:16.823+0000] {processor.py:829} INFO - Processing file /opt/airflow/dags/dag.py for tasks to queue
[2026-08-14T02:35:16.824+0000] {logging_mixin.py:151} INFO - [2026-08-14T02:35:16.824+0000] {dagbag.py:536} INFO - Filling up the DagBag from /opt/airflow/dags/dag.py
[2026-08-14T02:35:16.830+0000] {logging_mixin.py:151} INFO - [2026-08-14T02:35:16.829+0000] {dagbag.py:346} ERROR - Failed to import: /opt/airflow/dags/dag.py
Traceback (most recent call last):
  File "/home/airflow/.local/lib/python3.8/site-packages/airflow/models/dagbag.py", line 342, in parse
    loader.exec_module(new_module)
  File "<frozen importlib._bootstrap_external>", line 839, in exec_module
  File "<frozen importlib._bootstrap_external>", line 976, in get_code
  File "<frozen importlib._bootstrap_external>", line 906, in source_to_code
  File "<frozen importlib._bootstrap>", line 219, in _call_with_frames_removed
  File "/opt/airflow/dags/dag.py", line 23
    )as dag
          ^
SyntaxError: invalid syntax
[2026-08-14T02:35:16.834+0000] {processor.py:841} WARNING - No viable dags retrieved from /opt/airflow/dags/dag.py
[2026-08-14T02:35:16.845+0000] {processor.py:179} INFO - Processing /opt/airflow/dags/dag.py took 0.026 seconds
[2026-08-14T02:35:47.120+0000] {processor.py:157} INFO - Started process (PID=13143) to work on /opt/airflow/dags/dag.py
[2026-08-14T02:35:47.120+0000] {processor.py:829} INFO - Processing file /opt/airflow/dags/dag.py for tasks to queue
[2026-08-14T02:35:47.122+0000] {logging_mixin.py:151} INFO - [2026-08-14T02:35:47.122+0000] {dagbag.py:536} INFO - Filling up the DagBag from /opt/airflow/dags/dag.py
[2026-08-14T02:35:47.128+0000] {logging_mixin.py:151} INFO - [2026-08-14T02:35:47.128+0000] {dagbag.py:346} ERROR - Failed to import: /opt/airflow/dags/dag.py
Traceback (most recent call last):
  File "/home/airflow/.local/lib/python3.8/site-packages/airflow/models/dagbag.py", line 342, in parse
    loader.exec_module(new_module)
  File "<frozen importlib._bootstrap_external>", line 839, in exec_module
  File "<frozen importlib._bootstrap_external>", line 976, in get_code
  File "<frozen importlib._bootstrap_external>", line 906, in source_to_code
  File "<frozen importlib._bootstrap>", line 219, in _call_with_frames_removed
  File "/opt/airflow/dags/dag.py", line 23
    )as dag
          ^
SyntaxError: invalid syntax
[2026-08-14T02:35:47.128+0000] {processor.py:841} WARNING - No viable dags retrieved from /opt/airflow/dags/dag.py
[2026-08-14T02:35:47.142+0000] {processor.py:179} INFO - Processing /opt/airflow/dags/dag.py took 0.024 seconds
[2026-08-14T02:36:17.428+0000] {processor.py:157} INFO - Started process (PID=13151) to work on /opt/airflow/dags/dag.py
[2026-08-14T02:36:17.429+0000] {processor.py:829} INFO - Processing file /opt/airflow/dags/dag.py for tasks to queue
[2026-08-14T02:36:17.430+0000] {logging_mixin.py:151} INFO - [2026-08-14T02:36:17.430+0000] {dagbag.py:536} INFO - Filling up the DagBag from /opt/airflow/dags/dag.py
[2026-08-14T02:36:17.435+0000] {logging_mixin.py:151} INFO - [2026-08-14T02:36:17.435+0000] {dagbag.py:346} ERROR - Failed to import: /opt/airflow/dags/dag.py
Traceback (most recent call last):
  File "/home/airflow/.local/lib/python3.8/site-packages/airflow/models/dagbag.py", line 342, in parse
    loader.exec_module(new_module)
  File "<frozen importlib._bootstrap_external>", line 839, in exec_module
  File "<frozen importlib._bootstrap_external>", line 976, in get_code
  File "<frozen importlib._bootstrap_external>", line 906, in source_to_code
  File "<frozen importlib._bootstrap>", line 219, in _call_with_frames_removed
  File "/opt/airflow/dags/dag.py", line 23
    )as dag
          ^
SyntaxError: invalid syntax
[2026-08-14T02:36:17.435+0000] {processor.py:841} WARNING - No viable dags retrieved from /opt/airflow/dags/dag.py
[2026-08-14T02:36:17.446+0000] {processor.py:179} INFO - Processing /opt/airflow/dags/dag.py took 0.019 seconds
[2026-08-14T02:36:47.738+0000] {processor.py:157} INFO - Started process (PID=13159) to work on /opt/airflow/dags/dag.py
[2026-08-14T02:36:47.739+0000] {processor.py:829} INFO - Processing file /opt/airflow/dags/dag.py for tasks to queue
[2026-08-14T02:36:47.740+0000] {logging_mixin.py:151} INFO - [2026-08-14T02:36:47.740+0000] {dagbag.py:536} INFO - Filling up the DagBag from /opt/airflow/dags/dag.py
[2026-08-14T02:36:47.747+0000] {logging_mixin.py:151} INFO - [2026-08-14T02:36:47.746+0000] {dagbag.py:346} ERROR - Failed to import: /opt/airflow/dags/dag.py
Traceback (most recent call last):
  File "/home/airflow/.local/lib/python3.8/site-packages/airflow/models/dagbag.py", line 342, in parse
    loader.exec_module(new_module)
  File "<frozen importlib._bootstrap_external>", line 839, in exec_module
  File "<frozen importlib._bootstrap_external>", line 976, in get_code
  File "<frozen importlib._bootstrap_external>", line 906, in source_to_code
  File "<frozen importlib._bootstrap>", line 219, in _call_with_frames_removed
  File "/opt/airflow/dags/dag.py", line 23
    )as dag
          ^
SyntaxError: invalid syntax
[2026-08-14T02:36:47.749+0000] {processor.py:841} WARNING - No viable dags retrieved from /opt/airflow/dags/dag.py
[2026-08-14T02:36:47.769+0000] {processor.py:179} INFO - Processing /opt/airflow/dags/dag.py took 0.034 seconds
[2026-08-14T02:37:18.048+0000] {processor.py:157} INFO - Started process (PID=13167) to work on /opt/airflow/dags/dag.py
[2026-08-14T02:37:18.049+0000] {processor.py:829} INFO - Processing file /opt/airflow/dags/dag.py for tasks to queue
[2026-08-14T02:37:18.050+0000] {logging_mixin.py:151} INFO - [2026-08-14T02:37:18.050+0000] {dagbag.py:536} INFO - Filling up the DagBag from /opt/airflow/dags/dag.py
[2026-08-14T02:37:18.056+0000] {logging_mixin.py:151} INFO - [2026-08-14T02:37:18.055+0000] {dagbag.py:346} ERROR - Failed to import: /opt/airflow/dags/dag.py
Traceback (most recent call last):
  File "/home/airflow/.local/lib/python3.8/site-packages/airflow/models/dagbag.py", line 342, in parse
    loader.exec_module(new_module)
  File "<frozen importlib._bootstrap_external>", line 839, in exec_module
  File "<frozen importlib._bootstrap_external>", line 976, in get_code
  File "<frozen importlib._bootstrap_external>", line 906, in source_to_code
  File "<frozen importlib._bootstrap>", line 219, in _call_with_frames_removed
  File "/opt/airflow/dags/dag.py", line 23
    )as dag
          ^
SyntaxError: invalid syntax
[2026-08-14T02:37:18.056+0000] {processor.py:841} WARNING - No viable dags retrieved from /opt/airflow/dags/dag.py
[2026-08-14T02:37:18.073+0000] {processor.py:179} INFO - Processing /opt/airflow/dags/dag.py took 0.027 seconds
[2026-08-14T02:37:48.369+0000] {processor.py:157} INFO - Started process (PID=13175) to work on /opt/airflow/dags/dag.py
[2026-08-14T02:37:48.370+0000] {processor.py:829} INFO - Processing file /opt/airflow/dags/dag.py for tasks to queue
[2026-08-14T02:37:48.372+0000] {logging_mixin.py:151} INFO - [2026-08-14T02:37:48.372+0000] {dagbag.py:536} INFO - Filling up the DagBag from /opt/airflow/dags/dag.py
[2026-08-14T02:37:48.377+0000] {logging_mixin.py:151} INFO - [2026-08-14T02:37:48.376+0000] {dagbag.py:346} ERROR - Failed to import: /opt/airflow/dags/dag.py
Traceback (most recent call last):
  File "/home/airflow/.local/lib/python3.8/site-packages/airflow/models/dagbag.py", line 342, in parse
    loader.exec_module(new_module)
  File "<frozen importlib._bootstrap_external>", line 839, in exec_module
  File "<frozen importlib._bootstrap_external>", line 976, in get_code
  File "<frozen importlib._bootstrap_external>", line 906, in source_to_code
  File "<frozen importlib._bootstrap>", line 219, in _call_with_frames_removed
  File "/opt/airflow/dags/dag.py", line 23
    )as dag
          ^
SyntaxError: invalid syntax
[2026-08-14T02:37:48.378+0000] {processor.py:841} WARNING - No viable dags retrieved from /opt/airflow/dags/dag.py
[2026-08-14T02:37:48.392+0000] {processor.py:179} INFO - Processing /opt/airflow/dags/dag.py took 0.025 seconds
[2026-08-14T02:38:18.707+0000] {processor.py:157} INFO - Started process (PID=13183) to work on /opt/airflow/dags/dag.py
[2026-08-14T02:38:18.708+0000] {processor.py:829} INFO - Processing file /opt/airflow/dags/dag.py for tasks to queue
[2026-08-14T02:38:18.710+0000] {logging_mixin.py:151} INFO - [2026-08-14T02:38:18.710+0000] {dagbag.py:536} INFO - Filling up the DagBag from /opt/airflow/dags/dag.py
[2026-08-14T02:38:18.714+0000] {logging_mixin.py:151} INFO - [2026-08-14T02:38:18.713+0000] {dagbag.py:346} ERROR - Failed to import: /opt/airflow/dags/dag.py
Traceback (most recent call last):
  File "/home/airflow/.local/lib/python3.8/site-packages/airflow/models/dagbag.py", line 342, in parse
    loader.exec_module(new_module)
  File "<frozen importlib._bootstrap_external>", line 839, in exec_module
  File "<frozen importlib._bootstrap_external>", line 976, in get_code
  File "<frozen importlib._bootstrap_external>", line 906, in source_to_code
  File "<frozen importlib._bootstrap>", line 219, in _call_with_frames_removed
  File "/opt/airflow/dags/dag.py", line 23
    )as dag
          ^
SyntaxError: invalid syntax
[2026-08-14T02:38:18.714+0000] {processor.py:841} WARNING - No viable dags retrieved from /opt/airflow/dags/dag.py
[2026-08-14T02:38:18.733+0000] {processor.py:179} INFO - Processing /opt/airflow/dags/dag.py took 0.027 seconds
[2026-08-14T02:38:49.033+0000] {processor.py:157} INFO - Started process (PID=13191) to work on /opt/airflow/dags/dag.py
[2026-08-14T02:38:49.034+0000] {processor.py:829} INFO - Processing file /opt/airflow/dags/dag.py for tasks to queue
[2026-08-14T02:38:49.039+0000] {logging_mixin.py:151} INFO - [2026-08-14T02:38:49.038+0000] {dagbag.py:536} INFO - Filling up the DagBag from /opt/airflow/dags/dag.py
[2026-08-14T02:38:49.041+0000] {logging_mixin.py:151} INFO - [2026-08-14T02:38:49.040+0000] {dagbag.py:346} ERROR - Failed to import: /opt/airflow/dags/dag.py
Traceback (most recent call last):
  File "/home/airflow/.local/lib/python3.8/site-packages/airflow/models/dagbag.py", line 342, in parse
    loader.exec_module(new_module)
  File "<frozen importlib._bootstrap_external>", line 839, in exec_module
  File "<frozen importlib._bootstrap_external>", line 976, in get_code
  File "<frozen importlib._bootstrap_external>", line 906, in source_to_code
  File "<frozen importlib._bootstrap>", line 219, in _call_with_frames_removed
  File "/opt/airflow/dags/dag.py", line 23
    )as dag
          ^
SyntaxError: invalid syntax
[2026-08-14T02:38:49.041+0000] {processor.py:841} WARNING - No viable dags retrieved from /opt/airflow/dags/dag.py
[2026-08-14T02:38:49.057+0000] {processor.py:179} INFO - Processing /opt/airflow/dags/dag.py took 0.026 seconds
[2026-08-14T02:39:19.310+0000] {processor.py:157} INFO - Started process (PID=13199) to work on /opt/airflow/dags/dag.py
[2026-08-14T02:39:19.312+0000] {processor.py:829} INFO - Processing file /opt/airflow/dags/dag.py for tasks to queue
[2026-08-14T02:39:19.313+0000] {logging_mixin.py:151} INFO - [2026-08-14T02:39:19.313+0000] {dagbag.py:536} INFO - Filling up the DagBag from /opt/airflow/dags/dag.py
[2026-08-14T02:39:19.318+0000] {logging_mixin.py:151} INFO - [2026-08-14T02:39:19.318+0000] {dagbag.py:346} ERROR - Failed to import: /opt/airflow/dags/dag.py
Traceback (most recent call last):
  File "/home/airflow/.local/lib/python3.8/site-packages/airflow/models/dagbag.py", line 342, in parse
    loader.exec_module(new_module)
  File "<frozen importlib._bootstrap_external>", line 839, in exec_module
  File "<frozen importlib._bootstrap_external>", line 976, in get_code
  File "<frozen importlib._bootstrap_external>", line 906, in source_to_code
  File "<frozen importlib._bootstrap>", line 219, in _call_with_frames_removed
  File "/opt/airflow/dags/dag.py", line 23
    )as dag
          ^
SyntaxError: invalid syntax
[2026-08-14T02:39:19.319+0000] {processor.py:841} WARNING - No viable dags retrieved from /opt/airflow/dags/dag.py
[2026-08-14T02:39:19.334+0000] {processor.py:179} INFO - Processing /opt/airflow/dags/dag.py took 0.026 seconds
[2026-08-14T02:39:49.649+0000] {processor.py:157} INFO - Started process (PID=13207) to work on /opt/airflow/dags/dag.py
[2026-08-14T02:39:49.651+0000] {processor.py:829} INFO - Processing file /opt/airflow/dags/dag.py for tasks to queue
[2026-08-14T02:39:49.654+0000] {logging_mixin.py:151} INFO - [2026-08-14T02:39:49.653+0000] {dagbag.py:536} INFO - Filling up the DagBag from /opt/airflow/dags/dag.py
[2026-08-14T02:39:49.660+0000] {logging_mixin.py:151} INFO - [2026-08-14T02:39:49.659+0000] {dagbag.py:346} ERROR - Failed to import: /opt/airflow/dags/dag.py
Traceback (most recent call last):
  File "/home/airflow/.local/lib/python3.8/site-packages/airflow/models/dagbag.py", line 342, in parse
    loader.exec_module(new_module)
  File "<frozen importlib._bootstrap_external>", line 839, in exec_module
  File "<frozen importlib._bootstrap_external>", line 976, in get_code
  File "<frozen importlib._bootstrap_external>", line 906, in source_to_code
  File "<frozen importlib._bootstrap>", line 219, in _call_with_frames_removed
  File "/opt/airflow/dags/dag.py", line 23
    )as dag
          ^
SyntaxError: invalid syntax
[2026-08-14T02:39:49.660+0000] {processor.py:841} WARNING - No viable dags retrieved from /opt/airflow/dags/dag.py
[2026-08-14T02:39:49.676+0000] {processor.py:179} INFO - Processing /opt/airflow/dags/dag.py took 0.030 seconds
[2026-08-14T02:40:19.941+0000] {processor.py:157} INFO - Started process (PID=13215) to work on /opt/airflow/dags/dag.py
[2026-08-14T02:40:19.942+0000] {processor.py:829} INFO - Processing file /opt/airflow/dags/dag.py for tasks to queue
[2026-08-14T02:40:19.944+0000] {logging_mixin.py:151} INFO - [2026-08-14T02:40:19.944+0000] {dagbag.py:536} INFO - Filling up the DagBag from /opt/airflow/dags/dag.py
[2026-08-14T02:40:19.949+0000] {logging_mixin.py:151} INFO - [2026-08-14T02:40:19.949+0000] {dagbag.py:346} ERROR - Failed to import: /opt/airflow/dags/dag.py
Traceback (most recent call last):
  File "/home/airflow/.local/lib/python3.8/site-packages/airflow/models/dagbag.py", line 342, in parse
    loader.exec_module(new_module)
  File "<frozen importlib._bootstrap_external>", line 839, in exec_module
  File "<frozen importlib._bootstrap_external>", line 976, in get_code
  File "<frozen importlib._bootstrap_external>", line 906, in source_to_code
  File "<frozen importlib._bootstrap>", line 219, in _call_with_frames_removed
  File "/opt/airflow/dags/dag.py", line 23
    )as dag
          ^
SyntaxError: invalid syntax
[2026-08-14T02:40:19.952+0000] {processor.py:841} WARNING - No viable dags retrieved from /opt/airflow/dags/dag.py
[2026-08-14T02:40:19.962+0000] {processor.py:179} INFO - Processing /opt/airflow/dags/dag.py took 0.023 seconds
[2026-08-14T02:40:50.209+0000] {processor.py:157} INFO - Started process (PID=13223) to work on /opt/airflow/dags/dag.py
[2026-08-14T02:40:50.210+0000] {processor.py:829} INFO - Processing file /opt/airflow/dags/dag.py for tasks to queue
[2026-08-14T02:40:50.216+0000] {logging_mixin.py:151} INFO - [2026-08-14T02:40:50.215+0000] {dagbag.py:536} INFO - Filling up the DagBag from /opt/airflow/dags/dag.py
[2026-08-14T02:40:50.218+0000] {logging_mixin.py:151} INFO - [2026-08-14T02:40:50.217+0000] {dagbag.py:346} ERROR - Failed to import: /opt/airflow/dags/dag.py
Traceback (most recent call last):
  File "/home/airflow/.local/lib/python3.8/site-packages/airflow/models/dagbag.py", line 342, in parse
    loader.exec_module(new_module)
  File "<frozen importlib._bootstrap_external>", line 839, in exec_module
  File "<frozen importlib._bootstrap_external>", line 976, in get_code
  File "<frozen importlib._bootstrap_external>", line 906, in source_to_code
  File "<frozen importlib._bootstrap>", line 219, in _call_with_frames_removed
  File "/opt/airflow/dags/dag.py", line 23
    )as dag
          ^
SyntaxError: invalid syntax
[2026-08-14T02:40:50.218+0000] {processor.py:841} WARNING - No viable dags retrieved from /opt/airflow/dags/dag.py
[2026-08-14T02:40:50.229+0000] {processor.py:179} INFO - Processing /opt/airflow/dags/dag.py took 0.022 seconds
[2026-08-14T02:41:20.521+0000] {processor.py:157} INFO - Started process (PID=13231) to work on /opt/airflow/dags/dag.py
[2026-08-14T02:41:20.522+0000] {processor.py:829} INFO - Processing file /opt/airflow/dags/dag.py for tasks to queue
[2026-08-14T02:41:20.525+0000] {logging_mixin.py:151} INFO - [2026-08-14T02:41:20.524+0000] {dagbag.py:536} INFO - Filling up the DagBag from /opt/airflow/dags/dag.py
[2026-08-14T02:41:20.527+0000] {logging_mixin.py:151} INFO - [2026-08-14T02:41:20.527+0000] {dagbag.py:346} ERROR - Failed to import: /opt/airflow/dags/dag.py
Traceback (most recent call last):
  File "/home/airflow/.local/lib/python3.8/site-packages/airflow/models/dagbag.py", line 342, in parse
    loader.exec_module(new_module)
  File "<frozen importlib._bootstrap_external>", line 839, in exec_module
  File "<frozen importlib._bootstrap_external>", line 976, in get_code
  File "<frozen importlib._bootstrap_external>", line 906, in source_to_code
  File "<frozen importlib._bootstrap>", line 219, in _call_with_frames_removed
  File "/opt/airflow/dags/dag.py", line 23
    )as dag
          ^
SyntaxError: invalid syntax
[2026-08-14T02:41:20.528+0000] {processor.py:841} WARNING - No viable dags retrieved from /opt/airflow/dags/dag.py
[2026-08-14T02:41:20.542+0000] {processor.py:179} INFO - Processing /opt/airflow/dags/dag.py took 0.023 seconds
[2026-08-14T02:41:50.878+0000] {processor.py:157} INFO - Started process (PID=13239) to work on /opt/airflow/dags/dag.py
[2026-08-14T02:41:50.879+0000] {processor.py:829} INFO - Processing file /opt/airflow/dags/dag.py for tasks to queue
[2026-08-14T02:41:50.880+0000] {logging_mixin.py:151} INFO - [2026-08-14T02:41:50.880+0000] {dagbag.py:536} INFO - Filling up the DagBag from /opt/airflow/dags/dag.py
[2026-08-14T02:41:50.888+0000] {logging_mixin.py:151} INFO - [2026-08-14T02:41:50.888+0000] {dagbag.py:346} ERROR - Failed to import: /opt/airflow/dags/dag.py
Traceback (most recent call last):
  File "/home/airflow/.local/lib/python3.8/site-packages/airflow/models/dagbag.py", line 342, in parse
    loader.exec_module(new_module)
  File "<frozen importlib._bootstrap_external>", line 839, in exec_module
  File "<frozen importlib._bootstrap_external>", line 976, in get_code
  File "<frozen importlib._bootstrap_external>", line 906, in source_to_code
  File "<frozen importlib._bootstrap>", line 219, in _call_with_frames_removed
  File "/opt/airflow/dags/dag.py", line 23
    )as dag
          ^
SyntaxError: invalid syntax
[2026-08-14T02:41:50.889+0000] {processor.py:841} WARNING - No viable dags retrieved from /opt/airflow/dags/dag.py
[2026-08-14T02:41:50.903+0000] {processor.py:179} INFO - Processing /opt/airflow/dags/dag.py took 0.027 seconds
[2026-08-14T02:42:21.179+0000] {processor.py:157} INFO - Started process (PID=13247) to work on /opt/airflow/dags/dag.py
[2026-08-14T02:42:21.179+0000] {processor.py:829} INFO - Processing file /opt/airflow/dags/dag.py for tasks to queue
[2026-08-14T02:42:21.180+0000] {logging_mixin.py:151} INFO - [2026-08-14T02:42:21.180+0000] {dagbag.py:536} INFO - Filling up the DagBag from /opt/airflow/dags/dag.py
[2026-08-14T02:42:21.186+0000] {logging_mixin.py:151} INFO - [2026-08-14T02:42:21.186+0000] {dagbag.py:346} ERROR - Failed to import: /opt/airflow/dags/dag.py
Traceback (most recent call last):
  File "/home/airflow/.local/lib/python3.8/site-packages/airflow/models/dagbag.py", line 342, in parse
    loader.exec_module(new_module)
  File "<frozen importlib._bootstrap_external>", line 839, in exec_module
  File "<frozen importlib._bootstrap_external>", line 976, in get_code
  File "<frozen importlib._bootstrap_external>", line 906, in source_to_code
  File "<frozen importlib._bootstrap>", line 219, in _call_with_frames_removed
  File "/opt/airflow/dags/dag.py", line 23
    )as dag
          ^
SyntaxError: invalid syntax
[2026-08-14T02:42:21.186+0000] {processor.py:841} WARNING - No viable dags retrieved from /opt/airflow/dags/dag.py
[2026-08-14T02:42:21.200+0000] {processor.py:179} INFO - Processing /opt/airflow/dags/dag.py took 0.023 seconds
[2026-08-14T02:42:51.492+0000] {processor.py:157} INFO - Started process (PID=13255) to work on /opt/airflow/dags/dag.py
[2026-08-14T02:42:51.492+0000] {processor.py:829} INFO - Processing file /opt/airflow/dags/dag.py for tasks to queue
[2026-08-14T02:42:51.496+0000] {logging_mixin.py:151} INFO - [2026-08-14T02:42:51.496+0000] {dagbag.py:536} INFO - Filling up the DagBag from /opt/airflow/dags/dag.py
[2026-08-14T02:42:51.500+0000] {logging_mixin.py:151} INFO - [2026-08-14T02:42:51.500+0000] {dagbag.py:346} ERROR - Failed to import: /opt/airflow/dags/dag.py
Traceback (most recent call last):
  File "/home/airflow/.local/lib/python3.8/site-packages/airflow/models/dagbag.py", line 342, in parse
    loader.exec_module(new_module)
  File "<frozen importlib._bootstrap_external>", line 839, in exec_module
  File "<frozen importlib._bootstrap_external>", line 976, in get_code
  File "<frozen importlib._bootstrap_external>", line 906, in source_to_code
  File "<frozen importlib._bootstrap>", line 219, in _call_with_frames_removed
  File "/opt/airflow/dags/dag.py", line 23
    )as dag
          ^
SyntaxError: invalid syntax
[2026-08-14T02:42:51.500+0000] {processor.py:841} WARNING - No viable dags retrieved from /opt/airflow/dags/dag.py
[2026-08-14T02:42:51.515+0000] {processor.py:179} INFO - Processing /opt/airflow/dags/dag.py took 0.026 seconds
[2026-08-14T02:43:21.838+0000] {processor.py:157} INFO - Started process (PID=13263) to work on /opt/airflow/dags/dag.py
[2026-08-14T02:43:21.839+0000] {processor.py:829} INFO - Processing file /opt/airflow/dags/dag.py for tasks to queue
[2026-08-14T02:43:21.841+0000] {logging_mixin.py:151} INFO - [2026-08-14T02:43:21.841+0000] {dagbag.py:536} INFO - Filling up the DagBag from /opt/airflow/dags/dag.py
[2026-08-14T02:43:21.847+0000] {logging_mixin.py:151} INFO - [2026-08-14T02:43:21.846+0000] {dagbag.py:346} ERROR - Failed to import: /opt/airflow/dags/dag.py
Traceback (most recent call last):
  File "/home/airflow/.local/lib/python3.8/site-packages/airflow/models/dagbag.py", line 342, in parse
    loader.exec_module(new_module)
  File "<frozen importlib._bootstrap_external>", line 839, in exec_module
  File "<frozen importlib._bootstrap_external>", line 976, in get_code
  File "<frozen importlib._bootstrap_external>", line 906, in source_to_code
  File "<frozen importlib._bootstrap>", line 219, in _call_with_frames_removed
  File "/opt/airflow/dags/dag.py", line 23
    )as dag
          ^
SyntaxError: invalid syntax
[2026-08-14T02:43:21.847+0000] {processor.py:841} WARNING - No viable dags retrieved from /opt/airflow/dags/dag.py
[2026-08-14T02:43:21.860+0000] {processor.py:179} INFO - Processing /opt/airflow/dags/dag.py took 0.024 seconds
[2026-08-14T02:43:52.152+0000] {processor.py:157} INFO - Started process (PID=13271) to work on /opt/airflow/dags/dag.py
[2026-08-14T02:43:52.153+0000] {processor.py:829} INFO - Processing file /opt/airflow/dags/dag.py for tasks to queue
[2026-08-14T02:43:52.155+0000] {logging_mixin.py:151} INFO - [2026-08-14T02:43:52.155+0000] {dagbag.py:536} INFO - Filling up the DagBag from /opt/airflow/dags/dag.py
[2026-08-14T02:43:52.162+0000] {logging_mixin.py:151} INFO - [2026-08-14T02:43:52.162+0000] {dagbag.py:346} ERROR - Failed to import: /opt/airflow/dags/dag.py
Traceback (most recent call last):
  File "/home/airflow/.local/lib/python3.8/site-packages/airflow/models/dagbag.py", line 342, in parse
    loader.exec_module(new_module)
  File "<frozen importlib._bootstrap_external>", line 839, in exec_module
  File "<frozen importlib._bootstrap_external>", line 976, in get_code
  File "<frozen importlib._bootstrap_external>", line 906, in source_to_code
  File "<frozen importlib._bootstrap>", line 219, in _call_with_frames_removed
  File "/opt/airflow/dags/dag.py", line 23
    )as dag
          ^
SyntaxError: invalid syntax
[2026-08-14T02:43:52.163+0000] {processor.py:841} WARNING - No viable dags retrieved from /opt/airflow/dags/dag.py
[2026-08-14T02:43:52.174+0000] {processor.py:179} INFO - Processing /opt/airflow/dags/dag.py took 0.025 seconds
[2026-08-14T02:44:22.482+0000] {processor.py:157} INFO - Started process (PID=13279) to work on /opt/airflow/dags/dag.py
[2026-08-14T02:44:22.483+0000] {processor.py:829} INFO - Processing file /opt/airflow/dags/dag.py for tasks to queue
[2026-08-14T02:44:22.484+0000] {logging_mixin.py:151} INFO - [2026-08-14T02:44:22.484+0000] {dagbag.py:536} INFO - Filling up the DagBag from /opt/airflow/dags/dag.py
[2026-08-14T02:44:22.489+0000] {logging_mixin.py:151} INFO - [2026-08-14T02:44:22.489+0000] {dagbag.py:346} ERROR - Failed to import: /opt/airflow/dags/dag.py
Traceback (most recent call last):
  File "/home/airflow/.local/lib/python3.8/site-packages/airflow/models/dagbag.py", line 342, in parse
    loader.exec_module(new_module)
  File "<frozen importlib._bootstrap_external>", line 839, in exec_module
  File "<frozen importlib._bootstrap_external>", line 976, in get_code
  File "<frozen importlib._bootstrap_external>", line 906, in source_to_code
  File "<frozen importlib._bootstrap>", line 219, in _call_with_frames_removed
  File "/opt/airflow/dags/dag.py", line 23
    )as dag
          ^
SyntaxError: invalid syntax
[2026-08-14T02:44:22.490+0000] {processor.py:841} WARNING - No viable dags retrieved from /opt/airflow/dags/dag.py
[2026-08-14T02:44:22.502+0000] {processor.py:179} INFO - Processing /opt/airflow/dags/dag.py took 0.021 seconds
[2026-08-14T02:44:52.804+0000] {processor.py:157} INFO - Started process (PID=13287) to work on /opt/airflow/dags/dag.py
[2026-08-14T02:44:52.805+0000] {processor.py:829} INFO - Processing file /opt/airflow/dags/dag.py for tasks to queue
[2026-08-14T02:44:52.812+0000] {logging_mixin.py:151} INFO - [2026-08-14T02:44:52.808+0000] {dagbag.py:536} INFO - Filling up the DagBag from /opt/airflow/dags/dag.py
[2026-08-14T02:44:52.814+0000] {logging_mixin.py:151} INFO - [2026-08-14T02:44:52.813+0000] {dagbag.py:346} ERROR - Failed to import: /opt/airflow/dags/dag.py
Traceback (most recent call last):
  File "/home/airflow/.local/lib/python3.8/site-packages/airflow/models/dagbag.py", line 342, in parse
    loader.exec_module(new_module)
  File "<frozen importlib._bootstrap_external>", line 839, in exec_module
  File "<frozen importlib._bootstrap_external>", line 976, in get_code
  File "<frozen importlib._bootstrap_external>", line 906, in source_to_code
  File "<frozen importlib._bootstrap>", line 219, in _call_with_frames_removed
  File "/opt/airflow/dags/dag.py", line 23
    )as dag
          ^
SyntaxError: invalid syntax
[2026-08-14T02:44:52.814+0000] {processor.py:841} WARNING - No viable dags retrieved from /opt/airflow/dags/dag.py
[2026-08-14T02:44:52.825+0000] {processor.py:179} INFO - Processing /opt/airflow/dags/dag.py took 0.024 seconds
[2026-08-14T02:45:23.162+0000] {processor.py:157} INFO - Started process (PID=13295) to work on /opt/airflow/dags/dag.py
[2026-08-14T02:45:23.163+0000] {processor.py:829} INFO - Processing file /opt/airflow/dags/dag.py for tasks to queue
[2026-08-14T02:45:23.165+0000] {logging_mixin.py:151} INFO - [2026-08-14T02:45:23.165+0000] {dagbag.py:536} INFO - Filling up the DagBag from /opt/airflow/dags/dag.py
[2026-08-14T02:45:23.171+0000] {logging_mixin.py:151} INFO - [2026-08-14T02:45:23.170+0000] {dagbag.py:346} ERROR - Failed to import: /opt/airflow/dags/dag.py
Traceback (most recent call last):
  File "/home/airflow/.local/lib/python3.8/site-packages/airflow/models/dagbag.py", line 342, in parse
    loader.exec_module(new_module)
  File "<frozen importlib._bootstrap_external>", line 839, in exec_module
  File "<frozen importlib._bootstrap_external>", line 976, in get_code
  File "<frozen importlib._bootstrap_external>", line 906, in source_to_code
  File "<frozen importlib._bootstrap>", line 219, in _call_with_frames_removed
  File "/opt/airflow/dags/dag.py", line 23
    )as dag
          ^
SyntaxError: invalid syntax
[2026-08-14T02:45:23.171+0000] {processor.py:841} WARNING - No viable dags retrieved from /opt/airflow/dags/dag.py
[2026-08-14T02:45:23.182+0000] {processor.py:179} INFO - Processing /opt/airflow/dags/dag.py took 0.021 seconds
[2026-08-14T02:45:53.485+0000] {processor.py:157} INFO - Started process (PID=13303) to work on /opt/airflow/dags/dag.py
[2026-08-14T02:45:53.486+0000] {processor.py:829} INFO - Processing file /opt/airflow/dags/dag.py for tasks to queue
[2026-08-14T02:45:53.489+0000] {logging_mixin.py:151} INFO - [2026-08-14T02:45:53.489+0000] {dagbag.py:536} INFO - Filling up the DagBag from /opt/airflow/dags/dag.py
[2026-08-14T02:45:53.495+0000] {logging_mixin.py:151} INFO - [2026-08-14T02:45:53.494+0000] {dagbag.py:346} ERROR - Failed to import: /opt/airflow/dags/dag.py
Traceback (most recent call last):
  File "/home/airflow/.local/lib/python3.8/site-packages/airflow/models/dagbag.py", line 342, in parse
    loader.exec_module(new_module)
  File "<frozen importlib._bootstrap_external>", line 839, in exec_module
  File "<frozen importlib._bootstrap_external>", line 976, in get_code
  File "<frozen importlib._bootstrap_external>", line 906, in source_to_code
  File "<frozen importlib._bootstrap>", line 219, in _call_with_frames_removed
  File "/opt/airflow/dags/dag.py", line 23
    )as dag
          ^
SyntaxError: invalid syntax
[2026-08-14T02:45:53.495+0000] {processor.py:841} WARNING - No viable dags retrieved from /opt/airflow/dags/dag.py
[2026-08-14T02:45:53.506+0000] {processor.py:179} INFO - Processing /opt/airflow/dags/dag.py took 0.023 seconds
[2026-08-14T02:46:23.813+0000] {processor.py:157} INFO - Started process (PID=13311) to work on /opt/airflow/dags/dag.py
[2026-08-14T02:46:23.813+0000] {processor.py:829} INFO - Processing file /opt/airflow/dags/dag.py for tasks to queue
[2026-08-14T02:46:23.817+0000] {logging_mixin.py:151} INFO - [2026-08-14T02:46:23.817+0000] {dagbag.py:536} INFO - Filling up the DagBag from /opt/airflow/dags/dag.py
[2026-08-14T02:46:23.823+0000] {logging_mixin.py:151} INFO - [2026-08-14T02:46:23.823+0000] {dagbag.py:346} ERROR - Failed to import: /opt/airflow/dags/dag.py
Traceback (most recent call last):
  File "/home/airflow/.local/lib/python3.8/site-packages/airflow/models/dagbag.py", line 342, in parse
    loader.exec_module(new_module)
  File "<frozen importlib._bootstrap_external>", line 839, in exec_module
  File "<frozen importlib._bootstrap_external>", line 976, in get_code
  File "<frozen importlib._bootstrap_external>", line 906, in source_to_code
  File "<frozen importlib._bootstrap>", line 219, in _call_with_frames_removed
  File "/opt/airflow/dags/dag.py", line 23
    )as dag
          ^
SyntaxError: invalid syntax
[2026-08-14T02:46:23.823+0000] {processor.py:841} WARNING - No viable dags retrieved from /opt/airflow/dags/dag.py
[2026-08-14T02:46:23.840+0000] {processor.py:179} INFO - Processing /opt/airflow/dags/dag.py took 0.029 seconds
[2026-08-14T02:46:54.145+0000] {processor.py:157} INFO - Started process (PID=13319) to work on /opt/airflow/dags/dag.py
[2026-08-14T02:46:54.146+0000] {processor.py:829} INFO - Processing file /opt/airflow/dags/dag.py for tasks to queue
[2026-08-14T02:46:54.149+0000] {logging_mixin.py:151} INFO - [2026-08-14T02:46:54.149+0000] {dagbag.py:536} INFO - Filling up the DagBag from /opt/airflow/dags/dag.py
[2026-08-14T02:46:54.155+0000] {logging_mixin.py:151} INFO - [2026-08-14T02:46:54.155+0000] {dagbag.py:346} ERROR - Failed to import: /opt/airflow/dags/dag.py
Traceback (most recent call last):
  File "/home/airflow/.local/lib/python3.8/site-packages/airflow/models/dagbag.py", line 342, in parse
    loader.exec_module(new_module)
  File "<frozen importlib._bootstrap_external>", line 839, in exec_module
  File "<frozen importlib._bootstrap_external>", line 976, in get_code
  File "<frozen importlib._bootstrap_external>", line 906, in source_to_code
  File "<frozen importlib._bootstrap>", line 219, in _call_with_frames_removed
  File "/opt/airflow/dags/dag.py", line 23
    )as dag
          ^
SyntaxError: invalid syntax
[2026-08-14T02:46:54.156+0000] {processor.py:841} WARNING - No viable dags retrieved from /opt/airflow/dags/dag.py
[2026-08-14T02:46:54.170+0000] {processor.py:179} INFO - Processing /opt/airflow/dags/dag.py took 0.027 seconds
[2026-08-14T02:47:24.429+0000] {processor.py:157} INFO - Started process (PID=13327) to work on /opt/airflow/dags/dag.py
[2026-08-14T02:47:24.429+0000] {processor.py:829} INFO - Processing file /opt/airflow/dags/dag.py for tasks to queue
[2026-08-14T02:47:24.431+0000] {logging_mixin.py:151} INFO - [2026-08-14T02:47:24.431+0000] {dagbag.py:536} INFO - Filling up the DagBag from /opt/airflow/dags/dag.py
[2026-08-14T02:47:24.438+0000] {logging_mixin.py:151} INFO - [2026-08-14T02:47:24.437+0000] {dagbag.py:346} ERROR - Failed to import: /opt/airflow/dags/dag.py
Traceback (most recent call last):
  File "/home/airflow/.local/lib/python3.8/site-packages/airflow/models/dagbag.py", line 342, in parse
    loader.exec_module(new_module)
  File "<frozen importlib._bootstrap_external>", line 839, in exec_module
  File "<frozen importlib._bootstrap_external>", line 976, in get_code
  File "<frozen importlib._bootstrap_external>", line 906, in source_to_code
  File "<frozen importlib._bootstrap>", line 219, in _call_with_frames_removed
  File "/opt/airflow/dags/dag.py", line 23
    )as dag
          ^
SyntaxError: invalid syntax
[2026-08-14T02:47:24.438+0000] {processor.py:841} WARNING - No viable dags retrieved from /opt/airflow/dags/dag.py
[2026-08-14T02:47:24.456+0000] {processor.py:179} INFO - Processing /opt/airflow/dags/dag.py took 0.030 seconds
[2026-08-14T02:47:54.767+0000] {processor.py:157} INFO - Started process (PID=13335) to work on /opt/airflow/dags/dag.py
[2026-08-14T02:47:54.768+0000] {processor.py:829} INFO - Processing file /opt/airflow/dags/dag.py for tasks to queue
[2026-08-14T02:47:54.770+0000] {logging_mixin.py:151} INFO - [2026-08-14T02:47:54.770+0000] {dagbag.py:536} INFO - Filling up the DagBag from /opt/airflow/dags/dag.py
[2026-08-14T02:47:54.779+0000] {logging_mixin.py:151} INFO - [2026-08-14T02:47:54.778+0000] {dagbag.py:346} ERROR - Failed to import: /opt/airflow/dags/dag.py
Traceback (most recent call last):
  File "/home/airflow/.local/lib/python3.8/site-packages/airflow/models/dagbag.py", line 342, in parse
    loader.exec_module(new_module)
  File "<frozen importlib._bootstrap_external>", line 839, in exec_module
  File "<frozen importlib._bootstrap_external>", line 976, in get_code
  File "<frozen importlib._bootstrap_external>", line 906, in source_to_code
  File "<frozen importlib._bootstrap>", line 219, in _call_with_frames_removed
  File "/opt/airflow/dags/dag.py", line 23
    )as dag
          ^
SyntaxError: invalid syntax
[2026-08-14T02:47:54.779+0000] {processor.py:841} WARNING - No viable dags retrieved from /opt/airflow/dags/dag.py
[2026-08-14T02:47:54.791+0000] {processor.py:179} INFO - Processing /opt/airflow/dags/dag.py took 0.026 seconds
[2026-08-14T02:48:25.109+0000] {processor.py:157} INFO - Started process (PID=13343) to work on /opt/airflow/dags/dag.py
[2026-08-14T02:48:25.110+0000] {processor.py:829} INFO - Processing file /opt/airflow/dags/dag.py for tasks to queue
[2026-08-14T02:48:25.112+0000] {logging_mixin.py:151} INFO - [2026-08-14T02:48:25.111+0000] {dagbag.py:536} INFO - Filling up the DagBag from /opt/airflow/dags/dag.py
[2026-08-14T02:48:25.115+0000] {logging_mixin.py:151} INFO - [2026-08-14T02:48:25.115+0000] {dagbag.py:346} ERROR - Failed to import: /opt/airflow/dags/dag.py
Traceback (most recent call last):
  File "/home/airflow/.local/lib/python3.8/site-packages/airflow/models/dagbag.py", line 342, in parse
    loader.exec_module(new_module)
  File "<frozen importlib._bootstrap_external>", line 839, in exec_module
  File "<frozen importlib._bootstrap_external>", line 976, in get_code
  File "<frozen importlib._bootstrap_external>", line 906, in source_to_code
  File "<frozen importlib._bootstrap>", line 219, in _call_with_frames_removed
  File "/opt/airflow/dags/dag.py", line 23
    )as dag
          ^
SyntaxError: invalid syntax
[2026-08-14T02:48:25.118+0000] {processor.py:841} WARNING - No viable dags retrieved from /opt/airflow/dags/dag.py
[2026-08-14T02:48:25.129+0000] {processor.py:179} INFO - Processing /opt/airflow/dags/dag.py took 0.022 seconds
[2026-08-14T02:48:55.397+0000] {processor.py:157} INFO - Started process (PID=13351) to work on /opt/airflow/dags/dag.py
[2026-08-14T02:48:55.398+0000] {processor.py:829} INFO - Processing file /opt/airflow/dags/dag.py for tasks to queue
[2026-08-14T02:48:55.404+0000] {logging_mixin.py:151} INFO - [2026-08-14T02:48:55.404+0000] {dagbag.py:536} INFO - Filling up the DagBag from /opt/airflow/dags/dag.py
[2026-08-14T02:48:55.406+0000] {logging_mixin.py:151} INFO - [2026-08-14T02:48:55.405+0000] {dagbag.py:346} ERROR - Failed to import: /opt/airflow/dags/dag.py
Traceback (most recent call last):
  File "/home/airflow/.local/lib/python3.8/site-packages/airflow/models/dagbag.py", line 342, in parse
    loader.exec_module(new_module)
  File "<frozen importlib._bootstrap_external>", line 839, in exec_module
  File "<frozen importlib._bootstrap_external>", line 976, in get_code
  File "<frozen importlib._bootstrap_external>", line 906, in source_to_code
  File "<frozen importlib._bootstrap>", line 219, in _call_with_frames_removed
  File "/opt/airflow/dags/dag.py", line 23
    )as dag
          ^
SyntaxError: invalid syntax
[2026-08-14T02:48:55.406+0000] {processor.py:841} WARNING - No viable dags retrieved from /opt/airflow/dags/dag.py
[2026-08-14T02:48:55.418+0000] {processor.py:179} INFO - Processing /opt/airflow/dags/dag.py took 0.023 seconds
[2026-08-14T02:49:25.686+0000] {processor.py:157} INFO - Started process (PID=13359) to work on /opt/airflow/dags/dag.py
[2026-08-14T02:49:25.687+0000] {processor.py:829} INFO - Processing file /opt/airflow/dags/dag.py for tasks to queue
[2026-08-14T02:49:25.689+0000] {logging_mixin.py:151} INFO - [2026-08-14T02:49:25.688+0000] {dagbag.py:536} INFO - Filling up the DagBag from /opt/airflow/dags/dag.py
[2026-08-14T02:49:25.695+0000] {logging_mixin.py:151} INFO - [2026-08-14T02:49:25.694+0000] {dagbag.py:346} ERROR - Failed to import: /opt/airflow/dags/dag.py
Traceback (most recent call last):
  File "/home/airflow/.local/lib/python3.8/site-packages/airflow/models/dagbag.py", line 342, in parse
    loader.exec_module(new_module)
  File "<frozen importlib._bootstrap_external>", line 839, in exec_module
  File "<frozen importlib._bootstrap_external>", line 976, in get_code
  File "<frozen importlib._bootstrap_external>", line 906, in source_to_code
  File "<frozen importlib._bootstrap>", line 219, in _call_with_frames_removed
  File "/opt/airflow/dags/dag.py", line 23
    )as dag
          ^
SyntaxError: invalid syntax
[2026-08-14T02:49:25.695+0000] {processor.py:841} WARNING - No viable dags retrieved from /opt/airflow/dags/dag.py
[2026-08-14T02:49:25.713+0000] {processor.py:179} INFO - Processing /opt/airflow/dags/dag.py took 0.030 seconds
[2026-08-14T02:49:56.036+0000] {processor.py:157} INFO - Started process (PID=13367) to work on /opt/airflow/dags/dag.py
[2026-08-14T02:49:56.037+0000] {processor.py:829} INFO - Processing file /opt/airflow/dags/dag.py for tasks to queue
[2026-08-14T02:49:56.039+0000] {logging_mixin.py:151} INFO - [2026-08-14T02:49:56.039+0000] {dagbag.py:536} INFO - Filling up the DagBag from /opt/airflow/dags/dag.py
[2026-08-14T02:49:56.044+0000] {logging_mixin.py:151} INFO - [2026-08-14T02:49:56.043+0000] {dagbag.py:346} ERROR - Failed to import: /opt/airflow/dags/dag.py
Traceback (most recent call last):
  File "/home/airflow/.local/lib/python3.8/site-packages/airflow/models/dagbag.py", line 342, in parse
    loader.exec_module(new_module)
  File "<frozen importlib._bootstrap_external>", line 839, in exec_module
  File "<frozen importlib._bootstrap_external>", line 976, in get_code
  File "<frozen importlib._bootstrap_external>", line 906, in source_to_code
  File "<frozen importlib._bootstrap>", line 219, in _call_with_frames_removed
  File "/opt/airflow/dags/dag.py", line 23
    )as dag
          ^
SyntaxError: invalid syntax
[2026-08-14T02:49:56.044+0000] {processor.py:841} WARNING - No viable dags retrieved from /opt/airflow/dags/dag.py
[2026-08-14T02:49:56.061+0000] {processor.py:179} INFO - Processing /opt/airflow/dags/dag.py took 0.027 seconds
[2026-08-14T02:50:26.316+0000] {processor.py:157} INFO - Started process (PID=13375) to work on /opt/airflow/dags/dag.py
[2026-08-14T02:50:26.317+0000] {processor.py:829} INFO - Processing file /opt/airflow/dags/dag.py for tasks to queue
[2026-08-14T02:50:26.319+0000] {logging_mixin.py:151} INFO - [2026-08-14T02:50:26.319+0000] {dagbag.py:536} INFO - Filling up the DagBag from /opt/airflow/dags/dag.py
[2026-08-14T02:50:26.323+0000] {logging_mixin.py:151} INFO - [2026-08-14T02:50:26.323+0000] {dagbag.py:346} ERROR - Failed to import: /opt/airflow/dags/dag.py
Traceback (most recent call last):
  File "/home/airflow/.local/lib/python3.8/site-packages/airflow/models/dagbag.py", line 342, in parse
    loader.exec_module(new_module)
  File "<frozen importlib._bootstrap_external>", line 839, in exec_module
  File "<frozen importlib._bootstrap_external>", line 976, in get_code
  File "<frozen importlib._bootstrap_external>", line 906, in source_to_code
  File "<frozen importlib._bootstrap>", line 219, in _call_with_frames_removed
  File "/opt/airflow/dags/dag.py", line 23
    )as dag
          ^
SyntaxError: invalid syntax
[2026-08-14T02:50:26.323+0000] {processor.py:841} WARNING - No viable dags retrieved from /opt/airflow/dags/dag.py
[2026-08-14T02:50:26.340+0000] {processor.py:179} INFO - Processing /opt/airflow/dags/dag.py took 0.026 seconds
[2026-08-14T02:50:56.558+0000] {processor.py:157} INFO - Started process (PID=13383) to work on /opt/airflow/dags/dag.py
[2026-08-14T02:50:56.559+0000] {processor.py:829} INFO - Processing file /opt/airflow/dags/dag.py for tasks to queue
[2026-08-14T02:50:56.561+0000] {logging_mixin.py:151} INFO - [2026-08-14T02:50:56.561+0000] {dagbag.py:536} INFO - Filling up the DagBag from /opt/airflow/dags/dag.py
[2026-08-14T02:50:56.567+0000] {logging_mixin.py:151} INFO - [2026-08-14T02:50:56.567+0000] {dagbag.py:346} ERROR - Failed to import: /opt/airflow/dags/dag.py
Traceback (most recent call last):
  File "/home/airflow/.local/lib/python3.8/site-packages/airflow/models/dagbag.py", line 342, in parse
    loader.exec_module(new_module)
  File "<frozen importlib._bootstrap_external>", line 839, in exec_module
  File "<frozen importlib._bootstrap_external>", line 976, in get_code
  File "<frozen importlib._bootstrap_external>", line 906, in source_to_code
  File "<frozen importlib._bootstrap>", line 219, in _call_with_frames_removed
  File "/opt/airflow/dags/dag.py", line 23
    )as dag
          ^
SyntaxError: invalid syntax
[2026-08-14T02:50:56.567+0000] {processor.py:841} WARNING - No viable dags retrieved from /opt/airflow/dags/dag.py
[2026-08-14T02:50:56.578+0000] {processor.py:179} INFO - Processing /opt/airflow/dags/dag.py took 0.022 seconds
[2026-08-14T02:51:26.848+0000] {processor.py:157} INFO - Started process (PID=13391) to work on /opt/airflow/dags/dag.py
[2026-08-14T02:51:26.849+0000] {processor.py:829} INFO - Processing file /opt/airflow/dags/dag.py for tasks to queue
[2026-08-14T02:51:26.851+0000] {logging_mixin.py:151} INFO - [2026-08-14T02:51:26.851+0000] {dagbag.py:536} INFO - Filling up the DagBag from /opt/airflow/dags/dag.py
[2026-08-14T02:51:26.856+0000] {logging_mixin.py:151} INFO - [2026-08-14T02:51:26.856+0000] {dagbag.py:346} ERROR - Failed to import: /opt/airflow/dags/dag.py
Traceback (most recent call last):
  File "/home/airflow/.local/lib/python3.8/site-packages/airflow/models/dagbag.py", line 342, in parse
    loader.exec_module(new_module)
  File "<frozen importlib._bootstrap_external>", line 839, in exec_module
  File "<frozen importlib._bootstrap_external>", line 976, in get_code
  File "<frozen importlib._bootstrap_external>", line 906, in source_to_code
  File "<frozen importlib._bootstrap>", line 219, in _call_with_frames_removed
  File "/opt/airflow/dags/dag.py", line 23
    )as dag
          ^
SyntaxError: invalid syntax
[2026-08-14T02:51:26.856+0000] {processor.py:841} WARNING - No viable dags retrieved from /opt/airflow/dags/dag.py
[2026-08-14T02:51:26.867+0000] {processor.py:179} INFO - Processing /opt/airflow/dags/dag.py took 0.020 seconds
[2026-08-14T02:51:57.140+0000] {processor.py:157} INFO - Started process (PID=13399) to work on /opt/airflow/dags/dag.py
[2026-08-14T02:51:57.141+0000] {processor.py:829} INFO - Processing file /opt/airflow/dags/dag.py for tasks to queue
[2026-08-14T02:51:57.143+0000] {logging_mixin.py:151} INFO - [2026-08-14T02:51:57.143+0000] {dagbag.py:536} INFO - Filling up the DagBag from /opt/airflow/dags/dag.py
[2026-08-14T02:51:57.149+0000] {logging_mixin.py:151} INFO - [2026-08-14T02:51:57.149+0000] {dagbag.py:346} ERROR - Failed to import: /opt/airflow/dags/dag.py
Traceback (most recent call last):
  File "/home/airflow/.local/lib/python3.8/site-packages/airflow/models/dagbag.py", line 342, in parse
    loader.exec_module(new_module)
  File "<frozen importlib._bootstrap_external>", line 839, in exec_module
  File "<frozen importlib._bootstrap_external>", line 976, in get_code
  File "<frozen importlib._bootstrap_external>", line 906, in source_to_code
  File "<frozen importlib._bootstrap>", line 219, in _call_with_frames_removed
  File "/opt/airflow/dags/dag.py", line 23
    )as dag
          ^
SyntaxError: invalid syntax
[2026-08-14T02:51:57.149+0000] {processor.py:841} WARNING - No viable dags retrieved from /opt/airflow/dags/dag.py
[2026-08-14T02:51:57.167+0000] {processor.py:179} INFO - Processing /opt/airflow/dags/dag.py took 0.029 seconds
[2026-08-14T02:52:27.460+0000] {processor.py:157} INFO - Started process (PID=13407) to work on /opt/airflow/dags/dag.py
[2026-08-14T02:52:27.460+0000] {processor.py:829} INFO - Processing file /opt/airflow/dags/dag.py for tasks to queue
[2026-08-14T02:52:27.462+0000] {logging_mixin.py:151} INFO - [2026-08-14T02:52:27.462+0000] {dagbag.py:536} INFO - Filling up the DagBag from /opt/airflow/dags/dag.py
[2026-08-14T02:52:27.469+0000] {logging_mixin.py:151} INFO - [2026-08-14T02:52:27.469+0000] {dagbag.py:346} ERROR - Failed to import: /opt/airflow/dags/dag.py
Traceback (most recent call last):
  File "/home/airflow/.local/lib/python3.8/site-packages/airflow/models/dagbag.py", line 342, in parse
    loader.exec_module(new_module)
  File "<frozen importlib._bootstrap_external>", line 839, in exec_module
  File "<frozen importlib._bootstrap_external>", line 976, in get_code
  File "<frozen importlib._bootstrap_external>", line 906, in source_to_code
  File "<frozen importlib._bootstrap>", line 219, in _call_with_frames_removed
  File "/opt/airflow/dags/dag.py", line 23
    )as dag
          ^
SyntaxError: invalid syntax
[2026-08-14T02:52:27.469+0000] {processor.py:841} WARNING - No viable dags retrieved from /opt/airflow/dags/dag.py
[2026-08-14T02:52:27.481+0000] {processor.py:179} INFO - Processing /opt/airflow/dags/dag.py took 0.023 seconds
[2026-08-14T02:52:57.787+0000] {processor.py:157} INFO - Started process (PID=13415) to work on /opt/airflow/dags/dag.py
[2026-08-14T02:52:57.788+0000] {processor.py:829} INFO - Processing file /opt/airflow/dags/dag.py for tasks to queue
[2026-08-14T02:52:57.790+0000] {logging_mixin.py:151} INFO - [2026-08-14T02:52:57.790+0000] {dagbag.py:536} INFO - Filling up the DagBag from /opt/airflow/dags/dag.py
[2026-08-14T02:52:57.797+0000] {logging_mixin.py:151} INFO - [2026-08-14T02:52:57.796+0000] {dagbag.py:346} ERROR - Failed to import: /opt/airflow/dags/dag.py
Traceback (most recent call last):
  File "/home/airflow/.local/lib/python3.8/site-packages/airflow/models/dagbag.py", line 342, in parse
    loader.exec_module(new_module)
  File "<frozen importlib._bootstrap_external>", line 839, in exec_module
  File "<frozen importlib._bootstrap_external>", line 976, in get_code
  File "<frozen importlib._bootstrap_external>", line 906, in source_to_code
  File "<frozen importlib._bootstrap>", line 219, in _call_with_frames_removed
  File "/opt/airflow/dags/dag.py", line 23
    )as dag
          ^
SyntaxError: invalid syntax
[2026-08-14T02:52:57.797+0000] {processor.py:841} WARNING - No viable dags retrieved from /opt/airflow/dags/dag.py
[2026-08-14T02:52:57.809+0000] {processor.py:179} INFO - Processing /opt/airflow/dags/dag.py took 0.024 seconds
[2026-08-14T02:53:28.116+0000] {processor.py:157} INFO - Started process (PID=13423) to work on /opt/airflow/dags/dag.py
[2026-08-14T02:53:28.118+0000] {processor.py:829} INFO - Processing file /opt/airflow/dags/dag.py for tasks to queue
[2026-08-14T02:53:28.120+0000] {logging_mixin.py:151} INFO - [2026-08-14T02:53:28.120+0000] {dagbag.py:536} INFO - Filling up the DagBag from /opt/airflow/dags/dag.py
[2026-08-14T02:53:28.125+0000] {logging_mixin.py:151} INFO - [2026-08-14T02:53:28.124+0000] {dagbag.py:346} ERROR - Failed to import: /opt/airflow/dags/dag.py
Traceback (most recent call last):
  File "/home/airflow/.local/lib/python3.8/site-packages/airflow/models/dagbag.py", line 342, in parse
    loader.exec_module(new_module)
  File "<frozen importlib._bootstrap_external>", line 839, in exec_module
  File "<frozen importlib._bootstrap_external>", line 976, in get_code
  File "<frozen importlib._bootstrap_external>", line 906, in source_to_code
  File "<frozen importlib._bootstrap>", line 219, in _call_with_frames_removed
  File "/opt/airflow/dags/dag.py", line 23
    )as dag
          ^
SyntaxError: invalid syntax
[2026-08-14T02:53:28.125+0000] {processor.py:841} WARNING - No viable dags retrieved from /opt/airflow/dags/dag.py
[2026-08-14T02:53:28.139+0000] {processor.py:179} INFO - Processing /opt/airflow/dags/dag.py took 0.026 seconds
[2026-08-14T02:53:58.403+0000] {processor.py:157} INFO - Started process (PID=13431) to work on /opt/airflow/dags/dag.py
[2026-08-14T02:53:58.404+0000] {processor.py:829} INFO - Processing file /opt/airflow/dags/dag.py for tasks to queue
[2026-08-14T02:53:58.408+0000] {logging_mixin.py:151} INFO - [2026-08-14T02:53:58.407+0000] {dagbag.py:536} INFO - Filling up the DagBag from /opt/airflow/dags/dag.py
[2026-08-14T02:53:58.414+0000] {logging_mixin.py:151} INFO - [2026-08-14T02:53:58.413+0000] {dagbag.py:346} ERROR - Failed to import: /opt/airflow/dags/dag.py
Traceback (most recent call last):
  File "/home/airflow/.local/lib/python3.8/site-packages/airflow/models/dagbag.py", line 342, in parse
    loader.exec_module(new_module)
  File "<frozen importlib._bootstrap_external>", line 839, in exec_module
  File "<frozen importlib._bootstrap_external>", line 976, in get_code
  File "<frozen importlib._bootstrap_external>", line 906, in source_to_code
  File "<frozen importlib._bootstrap>", line 219, in _call_with_frames_removed
  File "/opt/airflow/dags/dag.py", line 23
    )as dag
          ^
SyntaxError: invalid syntax
[2026-08-14T02:53:58.415+0000] {processor.py:841} WARNING - No viable dags retrieved from /opt/airflow/dags/dag.py
[2026-08-14T02:53:58.431+0000] {processor.py:179} INFO - Processing /opt/airflow/dags/dag.py took 0.031 seconds
[2026-08-14T02:54:28.718+0000] {processor.py:157} INFO - Started process (PID=13439) to work on /opt/airflow/dags/dag.py
[2026-08-14T02:54:28.719+0000] {processor.py:829} INFO - Processing file /opt/airflow/dags/dag.py for tasks to queue
[2026-08-14T02:54:28.720+0000] {logging_mixin.py:151} INFO - [2026-08-14T02:54:28.720+0000] {dagbag.py:536} INFO - Filling up the DagBag from /opt/airflow/dags/dag.py
[2026-08-14T02:54:28.726+0000] {logging_mixin.py:151} INFO - [2026-08-14T02:54:28.725+0000] {dagbag.py:346} ERROR - Failed to import: /opt/airflow/dags/dag.py
Traceback (most recent call last):
  File "/home/airflow/.local/lib/python3.8/site-packages/airflow/models/dagbag.py", line 342, in parse
    loader.exec_module(new_module)
  File "<frozen importlib._bootstrap_external>", line 839, in exec_module
  File "<frozen importlib._bootstrap_external>", line 976, in get_code
  File "<frozen importlib._bootstrap_external>", line 906, in source_to_code
  File "<frozen importlib._bootstrap>", line 219, in _call_with_frames_removed
  File "/opt/airflow/dags/dag.py", line 23
    )as dag
          ^
SyntaxError: invalid syntax
[2026-08-14T02:54:28.726+0000] {processor.py:841} WARNING - No viable dags retrieved from /opt/airflow/dags/dag.py
[2026-08-14T02:54:28.740+0000] {processor.py:179} INFO - Processing /opt/airflow/dags/dag.py took 0.024 seconds
[2026-08-14T02:54:59.001+0000] {processor.py:157} INFO - Started process (PID=13447) to work on /opt/airflow/dags/dag.py
[2026-08-14T02:54:59.002+0000] {processor.py:829} INFO - Processing file /opt/airflow/dags/dag.py for tasks to queue
[2026-08-14T02:54:59.004+0000] {logging_mixin.py:151} INFO - [2026-08-14T02:54:59.004+0000] {dagbag.py:536} INFO - Filling up the DagBag from /opt/airflow/dags/dag.py
[2026-08-14T02:54:59.010+0000] {logging_mixin.py:151} INFO - [2026-08-14T02:54:59.009+0000] {dagbag.py:346} ERROR - Failed to import: /opt/airflow/dags/dag.py
Traceback (most recent call last):
  File "/home/airflow/.local/lib/python3.8/site-packages/airflow/models/dagbag.py", line 342, in parse
    loader.exec_module(new_module)
  File "<frozen importlib._bootstrap_external>", line 839, in exec_module
  File "<frozen importlib._bootstrap_external>", line 976, in get_code
  File "<frozen importlib._bootstrap_external>", line 906, in source_to_code
  File "<frozen importlib._bootstrap>", line 219, in _call_with_frames_removed
  File "/opt/airflow/dags/dag.py", line 23
    )as dag
          ^
SyntaxError: invalid syntax
[2026-08-14T02:54:59.010+0000] {processor.py:841} WARNING - No viable dags retrieved from /opt/airflow/dags/dag.py
[2026-08-14T02:54:59.025+0000] {processor.py:179} INFO - Processing /opt/airflow/dags/dag.py took 0.026 seconds
[2026-08-14T02:55:29.297+0000] {processor.py:157} INFO - Started process (PID=13455) to work on /opt/airflow/dags/dag.py
[2026-08-14T02:55:29.298+0000] {processor.py:829} INFO - Processing file /opt/airflow/dags/dag.py for tasks to queue
[2026-08-14T02:55:29.300+0000] {logging_mixin.py:151} INFO - [2026-08-14T02:55:29.300+0000] {dagbag.py:536} INFO - Filling up the DagBag from /opt/airflow/dags/dag.py
[2026-08-14T02:55:29.306+0000] {logging_mixin.py:151} INFO - [2026-08-14T02:55:29.306+0000] {dagbag.py:346} ERROR - Failed to import: /opt/airflow/dags/dag.py
Traceback (most recent call last):
  File "/home/airflow/.local/lib/python3.8/site-packages/airflow/models/dagbag.py", line 342, in parse
    loader.exec_module(new_module)
  File "<frozen importlib._bootstrap_external>", line 839, in exec_module
  File "<frozen importlib._bootstrap_external>", line 976, in get_code
  File "<frozen importlib._bootstrap_external>", line 906, in source_to_code
  File "<frozen importlib._bootstrap>", line 219, in _call_with_frames_removed
  File "/opt/airflow/dags/dag.py", line 23
    )as dag
          ^
SyntaxError: invalid syntax
[2026-08-14T02:55:29.307+0000] {processor.py:841} WARNING - No viable dags retrieved from /opt/airflow/dags/dag.py
[2026-08-14T02:55:29.318+0000] {processor.py:179} INFO - Processing /opt/airflow/dags/dag.py took 0.023 seconds
[2026-08-14T02:55:59.582+0000] {processor.py:157} INFO - Started process (PID=13463) to work on /opt/airflow/dags/dag.py
[2026-08-14T02:55:59.583+0000] {processor.py:829} INFO - Processing file /opt/airflow/dags/dag.py for tasks to queue
[2026-08-14T02:55:59.587+0000] {logging_mixin.py:151} INFO - [2026-08-14T02:55:59.587+0000] {dagbag.py:536} INFO - Filling up the DagBag from /opt/airflow/dags/dag.py
[2026-08-14T02:55:59.592+0000] {logging_mixin.py:151} INFO - [2026-08-14T02:55:59.591+0000] {dagbag.py:346} ERROR - Failed to import: /opt/airflow/dags/dag.py
Traceback (most recent call last):
  File "/home/airflow/.local/lib/python3.8/site-packages/airflow/models/dagbag.py", line 342, in parse
    loader.exec_module(new_module)
  File "<frozen importlib._bootstrap_external>", line 839, in exec_module
  File "<frozen importlib._bootstrap_external>", line 976, in get_code
  File "<frozen importlib._bootstrap_external>", line 906, in source_to_code
  File "<frozen importlib._bootstrap>", line 219, in _call_with_frames_removed
  File "/opt/airflow/dags/dag.py", line 23
    )as dag
          ^
SyntaxError: invalid syntax
[2026-08-14T02:55:59.593+0000] {processor.py:841} WARNING - No viable dags retrieved from /opt/airflow/dags/dag.py
[2026-08-14T02:55:59.613+0000] {processor.py:179} INFO - Processing /opt/airflow/dags/dag.py took 0.036 seconds
[2026-08-14T02:56:29.901+0000] {processor.py:157} INFO - Started process (PID=13471) to work on /opt/airflow/dags/dag.py
[2026-08-14T02:56:29.901+0000] {processor.py:829} INFO - Processing file /opt/airflow/dags/dag.py for tasks to queue
[2026-08-14T02:56:29.903+0000] {logging_mixin.py:151} INFO - [2026-08-14T02:56:29.903+0000] {dagbag.py:536} INFO - Filling up the DagBag from /opt/airflow/dags/dag.py
[2026-08-14T02:56:29.911+0000] {logging_mixin.py:151} INFO - [2026-08-14T02:56:29.911+0000] {dagbag.py:346} ERROR - Failed to import: /opt/airflow/dags/dag.py
Traceback (most recent call last):
  File "/home/airflow/.local/lib/python3.8/site-packages/airflow/models/dagbag.py", line 342, in parse
    loader.exec_module(new_module)
  File "<frozen importlib._bootstrap_external>", line 839, in exec_module
  File "<frozen importlib._bootstrap_external>", line 976, in get_code
  File "<frozen importlib._bootstrap_external>", line 906, in source_to_code
  File "<frozen importlib._bootstrap>", line 219, in _call_with_frames_removed
  File "/opt/airflow/dags/dag.py", line 23
    )as dag
          ^
SyntaxError: invalid syntax
[2026-08-14T02:56:29.913+0000] {processor.py:841} WARNING - No viable dags retrieved from /opt/airflow/dags/dag.py
[2026-08-14T02:56:29.926+0000] {processor.py:179} INFO - Processing /opt/airflow/dags/dag.py took 0.027 seconds
[2026-08-14T02:57:00.167+0000] {processor.py:157} INFO - Started process (PID=13479) to work on /opt/airflow/dags/dag.py
[2026-08-14T02:57:00.171+0000] {processor.py:829} INFO - Processing file /opt/airflow/dags/dag.py for tasks to queue
[2026-08-14T02:57:00.177+0000] {logging_mixin.py:151} INFO - [2026-08-14T02:57:00.175+0000] {dagbag.py:536} INFO - Filling up the DagBag from /opt/airflow/dags/dag.py
[2026-08-14T02:57:00.189+0000] {logging_mixin.py:151} INFO - [2026-08-14T02:57:00.188+0000] {dagbag.py:346} ERROR - Failed to import: /opt/airflow/dags/dag.py
Traceback (most recent call last):
  File "/home/airflow/.local/lib/python3.8/site-packages/airflow/models/dagbag.py", line 342, in parse
    loader.exec_module(new_module)
  File "<frozen importlib._bootstrap_external>", line 839, in exec_module
  File "<frozen importlib._bootstrap_external>", line 976, in get_code
  File "<frozen importlib._bootstrap_external>", line 906, in source_to_code
  File "<frozen importlib._bootstrap>", line 219, in _call_with_frames_removed
  File "/opt/airflow/dags/dag.py", line 23
    )as dag
          ^
SyntaxError: invalid syntax
[2026-08-14T02:57:00.189+0000] {processor.py:841} WARNING - No viable dags retrieved from /opt/airflow/dags/dag.py
[2026-08-14T02:57:00.204+0000] {processor.py:179} INFO - Processing /opt/airflow/dags/dag.py took 0.041 seconds
[2026-08-14T02:57:30.492+0000] {processor.py:157} INFO - Started process (PID=13487) to work on /opt/airflow/dags/dag.py
[2026-08-14T02:57:30.493+0000] {processor.py:829} INFO - Processing file /opt/airflow/dags/dag.py for tasks to queue
[2026-08-14T02:57:30.496+0000] {logging_mixin.py:151} INFO - [2026-08-14T02:57:30.496+0000] {dagbag.py:536} INFO - Filling up the DagBag from /opt/airflow/dags/dag.py
[2026-08-14T02:57:30.507+0000] {logging_mixin.py:151} INFO - [2026-08-14T02:57:30.506+0000] {dagbag.py:346} ERROR - Failed to import: /opt/airflow/dags/dag.py
Traceback (most recent call last):
  File "/home/airflow/.local/lib/python3.8/site-packages/airflow/models/dagbag.py", line 342, in parse
    loader.exec_module(new_module)
  File "<frozen importlib._bootstrap_external>", line 839, in exec_module
  File "<frozen importlib._bootstrap_external>", line 976, in get_code
  File "<frozen importlib._bootstrap_external>", line 906, in source_to_code
  File "<frozen importlib._bootstrap>", line 219, in _call_with_frames_removed
  File "/opt/airflow/dags/dag.py", line 23
    )as dag
          ^
SyntaxError: invalid syntax
[2026-08-14T02:57:30.510+0000] {processor.py:841} WARNING - No viable dags retrieved from /opt/airflow/dags/dag.py
[2026-08-14T02:57:30.524+0000] {processor.py:179} INFO - Processing /opt/airflow/dags/dag.py took 0.037 seconds
[2026-08-14T02:58:00.840+0000] {processor.py:157} INFO - Started process (PID=13495) to work on /opt/airflow/dags/dag.py
[2026-08-14T02:58:00.840+0000] {processor.py:829} INFO - Processing file /opt/airflow/dags/dag.py for tasks to queue
[2026-08-14T02:58:00.843+0000] {logging_mixin.py:151} INFO - [2026-08-14T02:58:00.843+0000] {dagbag.py:536} INFO - Filling up the DagBag from /opt/airflow/dags/dag.py
[2026-08-14T02:58:00.848+0000] {logging_mixin.py:151} INFO - [2026-08-14T02:58:00.848+0000] {dagbag.py:346} ERROR - Failed to import: /opt/airflow/dags/dag.py
Traceback (most recent call last):
  File "/home/airflow/.local/lib/python3.8/site-packages/airflow/models/dagbag.py", line 342, in parse
    loader.exec_module(new_module)
  File "<frozen importlib._bootstrap_external>", line 839, in exec_module
  File "<frozen importlib._bootstrap_external>", line 976, in get_code
  File "<frozen importlib._bootstrap_external>", line 906, in source_to_code
  File "<frozen importlib._bootstrap>", line 219, in _call_with_frames_removed
  File "/opt/airflow/dags/dag.py", line 23
    )as dag
          ^
SyntaxError: invalid syntax
[2026-08-14T02:58:00.850+0000] {processor.py:841} WARNING - No viable dags retrieved from /opt/airflow/dags/dag.py
[2026-08-14T02:58:00.868+0000] {processor.py:179} INFO - Processing /opt/airflow/dags/dag.py took 0.031 seconds
[2026-08-14T02:58:31.140+0000] {processor.py:157} INFO - Started process (PID=13503) to work on /opt/airflow/dags/dag.py
[2026-08-14T02:58:31.141+0000] {processor.py:829} INFO - Processing file /opt/airflow/dags/dag.py for tasks to queue
[2026-08-14T02:58:31.145+0000] {logging_mixin.py:151} INFO - [2026-08-14T02:58:31.145+0000] {dagbag.py:536} INFO - Filling up the DagBag from /opt/airflow/dags/dag.py
[2026-08-14T02:58:31.149+0000] {logging_mixin.py:151} INFO - [2026-08-14T02:58:31.149+0000] {dagbag.py:346} ERROR - Failed to import: /opt/airflow/dags/dag.py
Traceback (most recent call last):
  File "/home/airflow/.local/lib/python3.8/site-packages/airflow/models/dagbag.py", line 342, in parse
    loader.exec_module(new_module)
  File "<frozen importlib._bootstrap_external>", line 839, in exec_module
  File "<frozen importlib._bootstrap_external>", line 976, in get_code
  File "<frozen importlib._bootstrap_external>", line 906, in source_to_code
  File "<frozen importlib._bootstrap>", line 219, in _call_with_frames_removed
  File "/opt/airflow/dags/dag.py", line 23
    )as dag
          ^
SyntaxError: invalid syntax
[2026-08-14T02:58:31.149+0000] {processor.py:841} WARNING - No viable dags retrieved from /opt/airflow/dags/dag.py
[2026-08-14T02:58:31.164+0000] {processor.py:179} INFO - Processing /opt/airflow/dags/dag.py took 0.026 seconds
[2026-08-14T02:59:01.441+0000] {processor.py:157} INFO - Started process (PID=13511) to work on /opt/airflow/dags/dag.py
[2026-08-14T02:59:01.442+0000] {processor.py:829} INFO - Processing file /opt/airflow/dags/dag.py for tasks to queue
[2026-08-14T02:59:01.446+0000] {logging_mixin.py:151} INFO - [2026-08-14T02:59:01.446+0000] {dagbag.py:536} INFO - Filling up the DagBag from /opt/airflow/dags/dag.py
[2026-08-14T02:59:01.455+0000] {logging_mixin.py:151} INFO - [2026-08-14T02:59:01.454+0000] {dagbag.py:346} ERROR - Failed to import: /opt/airflow/dags/dag.py
Traceback (most recent call last):
  File "/home/airflow/.local/lib/python3.8/site-packages/airflow/models/dagbag.py", line 342, in parse
    loader.exec_module(new_module)
  File "<frozen importlib._bootstrap_external>", line 839, in exec_module
  File "<frozen importlib._bootstrap_external>", line 976, in get_code
  File "<frozen importlib._bootstrap_external>", line 906, in source_to_code
  File "<frozen importlib._bootstrap>", line 219, in _call_with_frames_removed
  File "/opt/airflow/dags/dag.py", line 23
    )as dag
          ^
SyntaxError: invalid syntax
[2026-08-14T02:59:01.455+0000] {processor.py:841} WARNING - No viable dags retrieved from /opt/airflow/dags/dag.py
[2026-08-14T02:59:01.467+0000] {processor.py:179} INFO - Processing /opt/airflow/dags/dag.py took 0.028 seconds
[2026-08-14T02:59:31.754+0000] {processor.py:157} INFO - Started process (PID=13519) to work on /opt/airflow/dags/dag.py
[2026-08-14T02:59:31.755+0000] {processor.py:829} INFO - Processing file /opt/airflow/dags/dag.py for tasks to queue
[2026-08-14T02:59:31.757+0000] {logging_mixin.py:151} INFO - [2026-08-14T02:59:31.757+0000] {dagbag.py:536} INFO - Filling up the DagBag from /opt/airflow/dags/dag.py
[2026-08-14T02:59:31.762+0000] {logging_mixin.py:151} INFO - [2026-08-14T02:59:31.761+0000] {dagbag.py:346} ERROR - Failed to import: /opt/airflow/dags/dag.py
Traceback (most recent call last):
  File "/home/airflow/.local/lib/python3.8/site-packages/airflow/models/dagbag.py", line 342, in parse
    loader.exec_module(new_module)
  File "<frozen importlib._bootstrap_external>", line 839, in exec_module
  File "<frozen importlib._bootstrap_external>", line 976, in get_code
  File "<frozen importlib._bootstrap_external>", line 906, in source_to_code
  File "<frozen importlib._bootstrap>", line 219, in _call_with_frames_removed
  File "/opt/airflow/dags/dag.py", line 23
    )as dag
          ^
SyntaxError: invalid syntax
[2026-08-14T02:59:31.762+0000] {processor.py:841} WARNING - No viable dags retrieved from /opt/airflow/dags/dag.py
[2026-08-14T02:59:31.773+0000] {processor.py:179} INFO - Processing /opt/airflow/dags/dag.py took 0.022 seconds
[2026-08-14T03:00:02.067+0000] {processor.py:157} INFO - Started process (PID=13527) to work on /opt/airflow/dags/dag.py
[2026-08-14T03:00:02.068+0000] {processor.py:829} INFO - Processing file /opt/airflow/dags/dag.py for tasks to queue
[2026-08-14T03:00:02.070+0000] {logging_mixin.py:151} INFO - [2026-08-14T03:00:02.070+0000] {dagbag.py:536} INFO - Filling up the DagBag from /opt/airflow/dags/dag.py
[2026-08-14T03:00:02.075+0000] {logging_mixin.py:151} INFO - [2026-08-14T03:00:02.074+0000] {dagbag.py:346} ERROR - Failed to import: /opt/airflow/dags/dag.py
Traceback (most recent call last):
  File "/home/airflow/.local/lib/python3.8/site-packages/airflow/models/dagbag.py", line 342, in parse
    loader.exec_module(new_module)
  File "<frozen importlib._bootstrap_external>", line 839, in exec_module
  File "<frozen importlib._bootstrap_external>", line 976, in get_code
  File "<frozen importlib._bootstrap_external>", line 906, in source_to_code
  File "<frozen importlib._bootstrap>", line 219, in _call_with_frames_removed
  File "/opt/airflow/dags/dag.py", line 23
    )as dag
          ^
SyntaxError: invalid syntax
[2026-08-14T03:00:02.078+0000] {processor.py:841} WARNING - No viable dags retrieved from /opt/airflow/dags/dag.py
[2026-08-14T03:00:02.088+0000] {processor.py:179} INFO - Processing /opt/airflow/dags/dag.py took 0.024 seconds
[2026-08-14T03:00:32.406+0000] {processor.py:157} INFO - Started process (PID=13535) to work on /opt/airflow/dags/dag.py
[2026-08-14T03:00:32.407+0000] {processor.py:829} INFO - Processing file /opt/airflow/dags/dag.py for tasks to queue
[2026-08-14T03:00:32.409+0000] {logging_mixin.py:151} INFO - [2026-08-14T03:00:32.408+0000] {dagbag.py:536} INFO - Filling up the DagBag from /opt/airflow/dags/dag.py
[2026-08-14T03:00:32.413+0000] {logging_mixin.py:151} INFO - [2026-08-14T03:00:32.412+0000] {dagbag.py:346} ERROR - Failed to import: /opt/airflow/dags/dag.py
Traceback (most recent call last):
  File "/home/airflow/.local/lib/python3.8/site-packages/airflow/models/dagbag.py", line 342, in parse
    loader.exec_module(new_module)
  File "<frozen importlib._bootstrap_external>", line 839, in exec_module
  File "<frozen importlib._bootstrap_external>", line 976, in get_code
  File "<frozen importlib._bootstrap_external>", line 906, in source_to_code
  File "<frozen importlib._bootstrap>", line 219, in _call_with_frames_removed
  File "/opt/airflow/dags/dag.py", line 23
    )as dag
          ^
SyntaxError: invalid syntax
[2026-08-14T03:00:32.413+0000] {processor.py:841} WARNING - No viable dags retrieved from /opt/airflow/dags/dag.py
[2026-08-14T03:00:32.425+0000] {processor.py:179} INFO - Processing /opt/airflow/dags/dag.py took 0.020 seconds
[2026-08-14T03:01:02.719+0000] {processor.py:157} INFO - Started process (PID=13543) to work on /opt/airflow/dags/dag.py
[2026-08-14T03:01:02.720+0000] {processor.py:829} INFO - Processing file /opt/airflow/dags/dag.py for tasks to queue
[2026-08-14T03:01:02.725+0000] {logging_mixin.py:151} INFO - [2026-08-14T03:01:02.725+0000] {dagbag.py:536} INFO - Filling up the DagBag from /opt/airflow/dags/dag.py
[2026-08-14T03:01:02.732+0000] {logging_mixin.py:151} INFO - [2026-08-14T03:01:02.731+0000] {dagbag.py:346} ERROR - Failed to import: /opt/airflow/dags/dag.py
Traceback (most recent call last):
  File "/home/airflow/.local/lib/python3.8/site-packages/airflow/models/dagbag.py", line 342, in parse
    loader.exec_module(new_module)
  File "<frozen importlib._bootstrap_external>", line 839, in exec_module
  File "<frozen importlib._bootstrap_external>", line 976, in get_code
  File "<frozen importlib._bootstrap_external>", line 906, in source_to_code
  File "<frozen importlib._bootstrap>", line 219, in _call_with_frames_removed
  File "/opt/airflow/dags/dag.py", line 23
    )as dag
          ^
SyntaxError: invalid syntax
[2026-08-14T03:01:02.736+0000] {processor.py:841} WARNING - No viable dags retrieved from /opt/airflow/dags/dag.py
[2026-08-14T03:01:02.751+0000] {processor.py:179} INFO - Processing /opt/airflow/dags/dag.py took 0.036 seconds
[2026-08-14T03:01:33.035+0000] {processor.py:157} INFO - Started process (PID=13551) to work on /opt/airflow/dags/dag.py
[2026-08-14T03:01:33.036+0000] {processor.py:829} INFO - Processing file /opt/airflow/dags/dag.py for tasks to queue
[2026-08-14T03:01:33.039+0000] {logging_mixin.py:151} INFO - [2026-08-14T03:01:33.039+0000] {dagbag.py:536} INFO - Filling up the DagBag from /opt/airflow/dags/dag.py
[2026-08-14T03:01:33.041+0000] {logging_mixin.py:151} INFO - [2026-08-14T03:01:33.040+0000] {dagbag.py:346} ERROR - Failed to import: /opt/airflow/dags/dag.py
Traceback (most recent call last):
  File "/home/airflow/.local/lib/python3.8/site-packages/airflow/models/dagbag.py", line 342, in parse
    loader.exec_module(new_module)
  File "<frozen importlib._bootstrap_external>", line 839, in exec_module
  File "<frozen importlib._bootstrap_external>", line 976, in get_code
  File "<frozen importlib._bootstrap_external>", line 906, in source_to_code
  File "<frozen importlib._bootstrap>", line 219, in _call_with_frames_removed
  File "/opt/airflow/dags/dag.py", line 23
    )as dag
          ^
SyntaxError: invalid syntax
[2026-08-14T03:01:33.042+0000] {processor.py:841} WARNING - No viable dags retrieved from /opt/airflow/dags/dag.py
[2026-08-14T03:01:33.054+0000] {processor.py:179} INFO - Processing /opt/airflow/dags/dag.py took 0.020 seconds
[2026-08-14T03:02:03.332+0000] {processor.py:157} INFO - Started process (PID=13559) to work on /opt/airflow/dags/dag.py
[2026-08-14T03:02:03.333+0000] {processor.py:829} INFO - Processing file /opt/airflow/dags/dag.py for tasks to queue
[2026-08-14T03:02:03.335+0000] {logging_mixin.py:151} INFO - [2026-08-14T03:02:03.335+0000] {dagbag.py:536} INFO - Filling up the DagBag from /opt/airflow/dags/dag.py
[2026-08-14T03:02:03.341+0000] {logging_mixin.py:151} INFO - [2026-08-14T03:02:03.340+0000] {dagbag.py:346} ERROR - Failed to import: /opt/airflow/dags/dag.py
Traceback (most recent call last):
  File "/home/airflow/.local/lib/python3.8/site-packages/airflow/models/dagbag.py", line 342, in parse
    loader.exec_module(new_module)
  File "<frozen importlib._bootstrap_external>", line 839, in exec_module
  File "<frozen importlib._bootstrap_external>", line 976, in get_code
  File "<frozen importlib._bootstrap_external>", line 906, in source_to_code
  File "<frozen importlib._bootstrap>", line 219, in _call_with_frames_removed
  File "/opt/airflow/dags/dag.py", line 23
    )as dag
          ^
SyntaxError: invalid syntax
[2026-08-14T03:02:03.341+0000] {processor.py:841} WARNING - No viable dags retrieved from /opt/airflow/dags/dag.py
[2026-08-14T03:02:03.356+0000] {processor.py:179} INFO - Processing /opt/airflow/dags/dag.py took 0.026 seconds
[2026-08-14T03:02:33.650+0000] {processor.py:157} INFO - Started process (PID=13567) to work on /opt/airflow/dags/dag.py
[2026-08-14T03:02:33.651+0000] {processor.py:829} INFO - Processing file /opt/airflow/dags/dag.py for tasks to queue
[2026-08-14T03:02:33.653+0000] {logging_mixin.py:151} INFO - [2026-08-14T03:02:33.653+0000] {dagbag.py:536} INFO - Filling up the DagBag from /opt/airflow/dags/dag.py
[2026-08-14T03:02:33.658+0000] {logging_mixin.py:151} INFO - [2026-08-14T03:02:33.658+0000] {dagbag.py:346} ERROR - Failed to import: /opt/airflow/dags/dag.py
Traceback (most recent call last):
  File "/home/airflow/.local/lib/python3.8/site-packages/airflow/models/dagbag.py", line 342, in parse
    loader.exec_module(new_module)
  File "<frozen importlib._bootstrap_external>", line 839, in exec_module
  File "<frozen importlib._bootstrap_external>", line 976, in get_code
  File "<frozen importlib._bootstrap_external>", line 906, in source_to_code
  File "<frozen importlib._bootstrap>", line 219, in _call_with_frames_removed
  File "/opt/airflow/dags/dag.py", line 23
    )as dag
          ^
SyntaxError: invalid syntax
[2026-08-14T03:02:33.658+0000] {processor.py:841} WARNING - No viable dags retrieved from /opt/airflow/dags/dag.py
[2026-08-14T03:02:33.671+0000] {processor.py:179} INFO - Processing /opt/airflow/dags/dag.py took 0.023 seconds
[2026-08-14T03:03:03.931+0000] {processor.py:157} INFO - Started process (PID=13575) to work on /opt/airflow/dags/dag.py
[2026-08-14T03:03:03.932+0000] {processor.py:829} INFO - Processing file /opt/airflow/dags/dag.py for tasks to queue
[2026-08-14T03:03:03.936+0000] {logging_mixin.py:151} INFO - [2026-08-14T03:03:03.936+0000] {dagbag.py:536} INFO - Filling up the DagBag from /opt/airflow/dags/dag.py
[2026-08-14T03:03:03.938+0000] {logging_mixin.py:151} INFO - [2026-08-14T03:03:03.937+0000] {dagbag.py:346} ERROR - Failed to import: /opt/airflow/dags/dag.py
Traceback (most recent call last):
  File "/home/airflow/.local/lib/python3.8/site-packages/airflow/models/dagbag.py", line 342, in parse
    loader.exec_module(new_module)
  File "<frozen importlib._bootstrap_external>", line 839, in exec_module
  File "<frozen importlib._bootstrap_external>", line 976, in get_code
  File "<frozen importlib._bootstrap_external>", line 906, in source_to_code
  File "<frozen importlib._bootstrap>", line 219, in _call_with_frames_removed
  File "/opt/airflow/dags/dag.py", line 23
    )as dag
          ^
SyntaxError: invalid syntax
[2026-08-14T03:03:03.940+0000] {processor.py:841} WARNING - No viable dags retrieved from /opt/airflow/dags/dag.py
[2026-08-14T03:03:03.957+0000] {processor.py:179} INFO - Processing /opt/airflow/dags/dag.py took 0.029 seconds
[2026-08-14T03:03:34.224+0000] {processor.py:157} INFO - Started process (PID=13583) to work on /opt/airflow/dags/dag.py
[2026-08-14T03:03:34.224+0000] {processor.py:829} INFO - Processing file /opt/airflow/dags/dag.py for tasks to queue
[2026-08-14T03:03:34.228+0000] {logging_mixin.py:151} INFO - [2026-08-14T03:03:34.228+0000] {dagbag.py:536} INFO - Filling up the DagBag from /opt/airflow/dags/dag.py
[2026-08-14T03:03:34.234+0000] {logging_mixin.py:151} INFO - [2026-08-14T03:03:34.233+0000] {dagbag.py:346} ERROR - Failed to import: /opt/airflow/dags/dag.py
Traceback (most recent call last):
  File "/home/airflow/.local/lib/python3.8/site-packages/airflow/models/dagbag.py", line 342, in parse
    loader.exec_module(new_module)
  File "<frozen importlib._bootstrap_external>", line 839, in exec_module
  File "<frozen importlib._bootstrap_external>", line 976, in get_code
  File "<frozen importlib._bootstrap_external>", line 906, in source_to_code
  File "<frozen importlib._bootstrap>", line 219, in _call_with_frames_removed
  File "/opt/airflow/dags/dag.py", line 23
    )as dag
          ^
SyntaxError: invalid syntax
[2026-08-14T03:03:34.237+0000] {processor.py:841} WARNING - No viable dags retrieved from /opt/airflow/dags/dag.py
[2026-08-14T03:03:34.248+0000] {processor.py:179} INFO - Processing /opt/airflow/dags/dag.py took 0.026 seconds
[2026-08-14T03:04:04.514+0000] {processor.py:157} INFO - Started process (PID=13591) to work on /opt/airflow/dags/dag.py
[2026-08-14T03:04:04.515+0000] {processor.py:829} INFO - Processing file /opt/airflow/dags/dag.py for tasks to queue
[2026-08-14T03:04:04.520+0000] {logging_mixin.py:151} INFO - [2026-08-14T03:04:04.520+0000] {dagbag.py:536} INFO - Filling up the DagBag from /opt/airflow/dags/dag.py
[2026-08-14T03:04:04.522+0000] {logging_mixin.py:151} INFO - [2026-08-14T03:04:04.521+0000] {dagbag.py:346} ERROR - Failed to import: /opt/airflow/dags/dag.py
Traceback (most recent call last):
  File "/home/airflow/.local/lib/python3.8/site-packages/airflow/models/dagbag.py", line 342, in parse
    loader.exec_module(new_module)
  File "<frozen importlib._bootstrap_external>", line 839, in exec_module
  File "<frozen importlib._bootstrap_external>", line 976, in get_code
  File "<frozen importlib._bootstrap_external>", line 906, in source_to_code
  File "<frozen importlib._bootstrap>", line 219, in _call_with_frames_removed
  File "/opt/airflow/dags/dag.py", line 23
    )as dag
          ^
SyntaxError: invalid syntax
[2026-08-14T03:04:04.522+0000] {processor.py:841} WARNING - No viable dags retrieved from /opt/airflow/dags/dag.py
[2026-08-14T03:04:04.533+0000] {processor.py:179} INFO - Processing /opt/airflow/dags/dag.py took 0.021 seconds
[2026-08-14T03:04:34.845+0000] {processor.py:157} INFO - Started process (PID=13599) to work on /opt/airflow/dags/dag.py
[2026-08-14T03:04:34.847+0000] {processor.py:829} INFO - Processing file /opt/airflow/dags/dag.py for tasks to queue
[2026-08-14T03:04:34.849+0000] {logging_mixin.py:151} INFO - [2026-08-14T03:04:34.849+0000] {dagbag.py:536} INFO - Filling up the DagBag from /opt/airflow/dags/dag.py
[2026-08-14T03:04:34.855+0000] {logging_mixin.py:151} INFO - [2026-08-14T03:04:34.854+0000] {dagbag.py:346} ERROR - Failed to import: /opt/airflow/dags/dag.py
Traceback (most recent call last):
  File "/home/airflow/.local/lib/python3.8/site-packages/airflow/models/dagbag.py", line 342, in parse
    loader.exec_module(new_module)
  File "<frozen importlib._bootstrap_external>", line 839, in exec_module
  File "<frozen importlib._bootstrap_external>", line 976, in get_code
  File "<frozen importlib._bootstrap_external>", line 906, in source_to_code
  File "<frozen importlib._bootstrap>", line 219, in _call_with_frames_removed
  File "/opt/airflow/dags/dag.py", line 23
    )as dag
          ^
SyntaxError: invalid syntax
[2026-08-14T03:04:34.855+0000] {processor.py:841} WARNING - No viable dags retrieved from /opt/airflow/dags/dag.py
[2026-08-14T03:04:34.869+0000] {processor.py:179} INFO - Processing /opt/airflow/dags/dag.py took 0.026 seconds
[2026-08-14T03:05:05.186+0000] {processor.py:157} INFO - Started process (PID=13607) to work on /opt/airflow/dags/dag.py
[2026-08-14T03:05:05.187+0000] {processor.py:829} INFO - Processing file /opt/airflow/dags/dag.py for tasks to queue
[2026-08-14T03:05:05.189+0000] {logging_mixin.py:151} INFO - [2026-08-14T03:05:05.189+0000] {dagbag.py:536} INFO - Filling up the DagBag from /opt/airflow/dags/dag.py
[2026-08-14T03:05:05.195+0000] {logging_mixin.py:151} INFO - [2026-08-14T03:05:05.195+0000] {dagbag.py:346} ERROR - Failed to import: /opt/airflow/dags/dag.py
Traceback (most recent call last):
  File "/home/airflow/.local/lib/python3.8/site-packages/airflow/models/dagbag.py", line 342, in parse
    loader.exec_module(new_module)
  File "<frozen importlib._bootstrap_external>", line 839, in exec_module
  File "<frozen importlib._bootstrap_external>", line 976, in get_code
  File "<frozen importlib._bootstrap_external>", line 906, in source_to_code
  File "<frozen importlib._bootstrap>", line 219, in _call_with_frames_removed
  File "/opt/airflow/dags/dag.py", line 23
    )as dag
          ^
SyntaxError: invalid syntax
[2026-08-14T03:05:05.199+0000] {processor.py:841} WARNING - No viable dags retrieved from /opt/airflow/dags/dag.py
[2026-08-14T03:05:05.212+0000] {processor.py:179} INFO - Processing /opt/airflow/dags/dag.py took 0.029 seconds
[2026-08-14T03:05:35.529+0000] {processor.py:157} INFO - Started process (PID=13615) to work on /opt/airflow/dags/dag.py
[2026-08-14T03:05:35.531+0000] {processor.py:829} INFO - Processing file /opt/airflow/dags/dag.py for tasks to queue
[2026-08-14T03:05:35.534+0000] {logging_mixin.py:151} INFO - [2026-08-14T03:05:35.534+0000] {dagbag.py:536} INFO - Filling up the DagBag from /opt/airflow/dags/dag.py
[2026-08-14T03:05:35.536+0000] {logging_mixin.py:151} INFO - [2026-08-14T03:05:35.535+0000] {dagbag.py:346} ERROR - Failed to import: /opt/airflow/dags/dag.py
Traceback (most recent call last):
  File "/home/airflow/.local/lib/python3.8/site-packages/airflow/models/dagbag.py", line 342, in parse
    loader.exec_module(new_module)
  File "<frozen importlib._bootstrap_external>", line 839, in exec_module
  File "<frozen importlib._bootstrap_external>", line 976, in get_code
  File "<frozen importlib._bootstrap_external>", line 906, in source_to_code
  File "<frozen importlib._bootstrap>", line 219, in _call_with_frames_removed
  File "/opt/airflow/dags/dag.py", line 23
    )as dag
          ^
SyntaxError: invalid syntax
[2026-08-14T03:05:35.537+0000] {processor.py:841} WARNING - No viable dags retrieved from /opt/airflow/dags/dag.py
[2026-08-14T03:05:35.551+0000] {processor.py:179} INFO - Processing /opt/airflow/dags/dag.py took 0.023 seconds
[2026-08-14T03:06:05.826+0000] {processor.py:157} INFO - Started process (PID=13623) to work on /opt/airflow/dags/dag.py
[2026-08-14T03:06:05.827+0000] {processor.py:829} INFO - Processing file /opt/airflow/dags/dag.py for tasks to queue
[2026-08-14T03:06:05.832+0000] {logging_mixin.py:151} INFO - [2026-08-14T03:06:05.831+0000] {dagbag.py:536} INFO - Filling up the DagBag from /opt/airflow/dags/dag.py
[2026-08-14T03:06:05.834+0000] {logging_mixin.py:151} INFO - [2026-08-14T03:06:05.833+0000] {dagbag.py:346} ERROR - Failed to import: /opt/airflow/dags/dag.py
Traceback (most recent call last):
  File "/home/airflow/.local/lib/python3.8/site-packages/airflow/models/dagbag.py", line 342, in parse
    loader.exec_module(new_module)
  File "<frozen importlib._bootstrap_external>", line 839, in exec_module
  File "<frozen importlib._bootstrap_external>", line 976, in get_code
  File "<frozen importlib._bootstrap_external>", line 906, in source_to_code
  File "<frozen importlib._bootstrap>", line 219, in _call_with_frames_removed
  File "/opt/airflow/dags/dag.py", line 23
    )as dag
          ^
SyntaxError: invalid syntax
[2026-08-14T03:06:05.834+0000] {processor.py:841} WARNING - No viable dags retrieved from /opt/airflow/dags/dag.py
[2026-08-14T03:06:05.850+0000] {processor.py:179} INFO - Processing /opt/airflow/dags/dag.py took 0.027 seconds
[2026-08-14T03:06:36.151+0000] {processor.py:157} INFO - Started process (PID=13631) to work on /opt/airflow/dags/dag.py
[2026-08-14T03:06:36.151+0000] {processor.py:829} INFO - Processing file /opt/airflow/dags/dag.py for tasks to queue
[2026-08-14T03:06:36.156+0000] {logging_mixin.py:151} INFO - [2026-08-14T03:06:36.156+0000] {dagbag.py:536} INFO - Filling up the DagBag from /opt/airflow/dags/dag.py
[2026-08-14T03:06:36.158+0000] {logging_mixin.py:151} INFO - [2026-08-14T03:06:36.158+0000] {dagbag.py:346} ERROR - Failed to import: /opt/airflow/dags/dag.py
Traceback (most recent call last):
  File "/home/airflow/.local/lib/python3.8/site-packages/airflow/models/dagbag.py", line 342, in parse
    loader.exec_module(new_module)
  File "<frozen importlib._bootstrap_external>", line 839, in exec_module
  File "<frozen importlib._bootstrap_external>", line 976, in get_code
  File "<frozen importlib._bootstrap_external>", line 906, in source_to_code
  File "<frozen importlib._bootstrap>", line 219, in _call_with_frames_removed
  File "/opt/airflow/dags/dag.py", line 23
    )as dag
          ^
SyntaxError: invalid syntax
[2026-08-14T03:06:36.159+0000] {processor.py:841} WARNING - No viable dags retrieved from /opt/airflow/dags/dag.py
[2026-08-14T03:06:36.170+0000] {processor.py:179} INFO - Processing /opt/airflow/dags/dag.py took 0.021 seconds
[2026-08-14T03:07:06.464+0000] {processor.py:157} INFO - Started process (PID=13639) to work on /opt/airflow/dags/dag.py
[2026-08-14T03:07:06.465+0000] {processor.py:829} INFO - Processing file /opt/airflow/dags/dag.py for tasks to queue
[2026-08-14T03:07:06.466+0000] {logging_mixin.py:151} INFO - [2026-08-14T03:07:06.466+0000] {dagbag.py:536} INFO - Filling up the DagBag from /opt/airflow/dags/dag.py
[2026-08-14T03:07:06.471+0000] {logging_mixin.py:151} INFO - [2026-08-14T03:07:06.470+0000] {dagbag.py:346} ERROR - Failed to import: /opt/airflow/dags/dag.py
Traceback (most recent call last):
  File "/home/airflow/.local/lib/python3.8/site-packages/airflow/models/dagbag.py", line 342, in parse
    loader.exec_module(new_module)
  File "<frozen importlib._bootstrap_external>", line 839, in exec_module
  File "<frozen importlib._bootstrap_external>", line 976, in get_code
  File "<frozen importlib._bootstrap_external>", line 906, in source_to_code
  File "<frozen importlib._bootstrap>", line 219, in _call_with_frames_removed
  File "/opt/airflow/dags/dag.py", line 23
    )as dag
          ^
SyntaxError: invalid syntax
[2026-08-14T03:07:06.471+0000] {processor.py:841} WARNING - No viable dags retrieved from /opt/airflow/dags/dag.py
[2026-08-14T03:07:06.481+0000] {processor.py:179} INFO - Processing /opt/airflow/dags/dag.py took 0.018 seconds
[2026-08-14T03:07:36.759+0000] {processor.py:157} INFO - Started process (PID=13647) to work on /opt/airflow/dags/dag.py
[2026-08-14T03:07:36.760+0000] {processor.py:829} INFO - Processing file /opt/airflow/dags/dag.py for tasks to queue
[2026-08-14T03:07:36.762+0000] {logging_mixin.py:151} INFO - [2026-08-14T03:07:36.761+0000] {dagbag.py:536} INFO - Filling up the DagBag from /opt/airflow/dags/dag.py
[2026-08-14T03:07:36.767+0000] {logging_mixin.py:151} INFO - [2026-08-14T03:07:36.766+0000] {dagbag.py:346} ERROR - Failed to import: /opt/airflow/dags/dag.py
Traceback (most recent call last):
  File "/home/airflow/.local/lib/python3.8/site-packages/airflow/models/dagbag.py", line 342, in parse
    loader.exec_module(new_module)
  File "<frozen importlib._bootstrap_external>", line 839, in exec_module
  File "<frozen importlib._bootstrap_external>", line 976, in get_code
  File "<frozen importlib._bootstrap_external>", line 906, in source_to_code
  File "<frozen importlib._bootstrap>", line 219, in _call_with_frames_removed
  File "/opt/airflow/dags/dag.py", line 23
    )as dag
          ^
SyntaxError: invalid syntax
[2026-08-14T03:07:36.767+0000] {processor.py:841} WARNING - No viable dags retrieved from /opt/airflow/dags/dag.py
[2026-08-14T03:07:36.781+0000] {processor.py:179} INFO - Processing /opt/airflow/dags/dag.py took 0.024 seconds
[2026-08-14T03:08:07.077+0000] {processor.py:157} INFO - Started process (PID=13655) to work on /opt/airflow/dags/dag.py
[2026-08-14T03:08:07.078+0000] {processor.py:829} INFO - Processing file /opt/airflow/dags/dag.py for tasks to queue
[2026-08-14T03:08:07.080+0000] {logging_mixin.py:151} INFO - [2026-08-14T03:08:07.080+0000] {dagbag.py:536} INFO - Filling up the DagBag from /opt/airflow/dags/dag.py
[2026-08-14T03:08:07.086+0000] {logging_mixin.py:151} INFO - [2026-08-14T03:08:07.085+0000] {dagbag.py:346} ERROR - Failed to import: /opt/airflow/dags/dag.py
Traceback (most recent call last):
  File "/home/airflow/.local/lib/python3.8/site-packages/airflow/models/dagbag.py", line 342, in parse
    loader.exec_module(new_module)
  File "<frozen importlib._bootstrap_external>", line 839, in exec_module
  File "<frozen importlib._bootstrap_external>", line 976, in get_code
  File "<frozen importlib._bootstrap_external>", line 906, in source_to_code
  File "<frozen importlib._bootstrap>", line 219, in _call_with_frames_removed
  File "/opt/airflow/dags/dag.py", line 23
    )as dag
          ^
SyntaxError: invalid syntax
[2026-08-14T03:08:07.086+0000] {processor.py:841} WARNING - No viable dags retrieved from /opt/airflow/dags/dag.py
[2026-08-14T03:08:07.097+0000] {processor.py:179} INFO - Processing /opt/airflow/dags/dag.py took 0.023 seconds
[2026-08-14T03:08:37.355+0000] {processor.py:157} INFO - Started process (PID=13663) to work on /opt/airflow/dags/dag.py
[2026-08-14T03:08:37.356+0000] {processor.py:829} INFO - Processing file /opt/airflow/dags/dag.py for tasks to queue
[2026-08-14T03:08:37.358+0000] {logging_mixin.py:151} INFO - [2026-08-14T03:08:37.358+0000] {dagbag.py:536} INFO - Filling up the DagBag from /opt/airflow/dags/dag.py
[2026-08-14T03:08:37.363+0000] {logging_mixin.py:151} INFO - [2026-08-14T03:08:37.362+0000] {dagbag.py:346} ERROR - Failed to import: /opt/airflow/dags/dag.py
Traceback (most recent call last):
  File "/home/airflow/.local/lib/python3.8/site-packages/airflow/models/dagbag.py", line 342, in parse
    loader.exec_module(new_module)
  File "<frozen importlib._bootstrap_external>", line 839, in exec_module
  File "<frozen importlib._bootstrap_external>", line 976, in get_code
  File "<frozen importlib._bootstrap_external>", line 906, in source_to_code
  File "<frozen importlib._bootstrap>", line 219, in _call_with_frames_removed
  File "/opt/airflow/dags/dag.py", line 23
    )as dag
          ^
SyntaxError: invalid syntax
[2026-08-14T03:08:37.363+0000] {processor.py:841} WARNING - No viable dags retrieved from /opt/airflow/dags/dag.py
[2026-08-14T03:08:37.383+0000] {processor.py:179} INFO - Processing /opt/airflow/dags/dag.py took 0.029 seconds
[2026-08-14T03:09:07.641+0000] {processor.py:157} INFO - Started process (PID=13671) to work on /opt/airflow/dags/dag.py
[2026-08-14T03:09:07.641+0000] {processor.py:829} INFO - Processing file /opt/airflow/dags/dag.py for tasks to queue
[2026-08-14T03:09:07.646+0000] {logging_mixin.py:151} INFO - [2026-08-14T03:09:07.646+0000] {dagbag.py:536} INFO - Filling up the DagBag from /opt/airflow/dags/dag.py
[2026-08-14T03:09:07.648+0000] {logging_mixin.py:151} INFO - [2026-08-14T03:09:07.647+0000] {dagbag.py:346} ERROR - Failed to import: /opt/airflow/dags/dag.py
Traceback (most recent call last):
  File "/home/airflow/.local/lib/python3.8/site-packages/airflow/models/dagbag.py", line 342, in parse
    loader.exec_module(new_module)
  File "<frozen importlib._bootstrap_external>", line 839, in exec_module
  File "<frozen importlib._bootstrap_external>", line 976, in get_code
  File "<frozen importlib._bootstrap_external>", line 906, in source_to_code
  File "<frozen importlib._bootstrap>", line 219, in _call_with_frames_removed
  File "/opt/airflow/dags/dag.py", line 23
    )as dag
          ^
SyntaxError: invalid syntax
[2026-08-14T03:09:07.651+0000] {processor.py:841} WARNING - No viable dags retrieved from /opt/airflow/dags/dag.py
[2026-08-14T03:09:07.662+0000] {processor.py:179} INFO - Processing /opt/airflow/dags/dag.py took 0.025 seconds
[2026-08-14T03:09:37.968+0000] {processor.py:157} INFO - Started process (PID=13679) to work on /opt/airflow/dags/dag.py
[2026-08-14T03:09:37.969+0000] {processor.py:829} INFO - Processing file /opt/airflow/dags/dag.py for tasks to queue
[2026-08-14T03:09:37.971+0000] {logging_mixin.py:151} INFO - [2026-08-14T03:09:37.971+0000] {dagbag.py:536} INFO - Filling up the DagBag from /opt/airflow/dags/dag.py
[2026-08-14T03:09:37.976+0000] {logging_mixin.py:151} INFO - [2026-08-14T03:09:37.976+0000] {dagbag.py:346} ERROR - Failed to import: /opt/airflow/dags/dag.py
Traceback (most recent call last):
  File "/home/airflow/.local/lib/python3.8/site-packages/airflow/models/dagbag.py", line 342, in parse
    loader.exec_module(new_module)
  File "<frozen importlib._bootstrap_external>", line 839, in exec_module
  File "<frozen importlib._bootstrap_external>", line 976, in get_code
  File "<frozen importlib._bootstrap_external>", line 906, in source_to_code
  File "<frozen importlib._bootstrap>", line 219, in _call_with_frames_removed
  File "/opt/airflow/dags/dag.py", line 23
    )as dag
          ^
SyntaxError: invalid syntax
[2026-08-14T03:09:37.976+0000] {processor.py:841} WARNING - No viable dags retrieved from /opt/airflow/dags/dag.py
[2026-08-14T03:09:37.986+0000] {processor.py:179} INFO - Processing /opt/airflow/dags/dag.py took 0.019 seconds
[2026-08-14T03:10:08.391+0000] {processor.py:157} INFO - Started process (PID=13686) to work on /opt/airflow/dags/dag.py
[2026-08-14T03:10:08.392+0000] {processor.py:829} INFO - Processing file /opt/airflow/dags/dag.py for tasks to queue
[2026-08-14T03:10:08.395+0000] {logging_mixin.py:151} INFO - [2026-08-14T03:10:08.394+0000] {dagbag.py:536} INFO - Filling up the DagBag from /opt/airflow/dags/dag.py
[2026-08-14T03:10:08.402+0000] {logging_mixin.py:151} INFO - [2026-08-14T03:10:08.402+0000] {dagbag.py:346} ERROR - Failed to import: /opt/airflow/dags/dag.py
Traceback (most recent call last):
  File "/home/airflow/.local/lib/python3.8/site-packages/airflow/models/dagbag.py", line 342, in parse
    loader.exec_module(new_module)
  File "<frozen importlib._bootstrap_external>", line 839, in exec_module
  File "<frozen importlib._bootstrap_external>", line 976, in get_code
  File "<frozen importlib._bootstrap_external>", line 906, in source_to_code
  File "<frozen importlib._bootstrap>", line 219, in _call_with_frames_removed
  File "/opt/airflow/dags/dag.py", line 23
    )as dag
          ^
SyntaxError: invalid syntax
[2026-08-14T03:10:08.403+0000] {processor.py:841} WARNING - No viable dags retrieved from /opt/airflow/dags/dag.py
[2026-08-14T03:10:08.417+0000] {processor.py:179} INFO - Processing /opt/airflow/dags/dag.py took 0.028 seconds
[2026-08-14T03:10:38.706+0000] {processor.py:157} INFO - Started process (PID=13694) to work on /opt/airflow/dags/dag.py
[2026-08-14T03:10:38.706+0000] {processor.py:829} INFO - Processing file /opt/airflow/dags/dag.py for tasks to queue
[2026-08-14T03:10:38.710+0000] {logging_mixin.py:151} INFO - [2026-08-14T03:10:38.710+0000] {dagbag.py:536} INFO - Filling up the DagBag from /opt/airflow/dags/dag.py
[2026-08-14T03:10:38.716+0000] {logging_mixin.py:151} INFO - [2026-08-14T03:10:38.715+0000] {dagbag.py:346} ERROR - Failed to import: /opt/airflow/dags/dag.py
Traceback (most recent call last):
  File "/home/airflow/.local/lib/python3.8/site-packages/airflow/models/dagbag.py", line 342, in parse
    loader.exec_module(new_module)
  File "<frozen importlib._bootstrap_external>", line 839, in exec_module
  File "<frozen importlib._bootstrap_external>", line 976, in get_code
  File "<frozen importlib._bootstrap_external>", line 906, in source_to_code
  File "<frozen importlib._bootstrap>", line 219, in _call_with_frames_removed
  File "/opt/airflow/dags/dag.py", line 23
    )as dag
          ^
SyntaxError: invalid syntax
[2026-08-14T03:10:38.716+0000] {processor.py:841} WARNING - No viable dags retrieved from /opt/airflow/dags/dag.py
[2026-08-14T03:10:38.729+0000] {processor.py:179} INFO - Processing /opt/airflow/dags/dag.py took 0.025 seconds
[2026-08-14T03:11:09.017+0000] {processor.py:157} INFO - Started process (PID=13702) to work on /opt/airflow/dags/dag.py
[2026-08-14T03:11:09.018+0000] {processor.py:829} INFO - Processing file /opt/airflow/dags/dag.py for tasks to queue
[2026-08-14T03:11:09.022+0000] {logging_mixin.py:151} INFO - [2026-08-14T03:11:09.022+0000] {dagbag.py:536} INFO - Filling up the DagBag from /opt/airflow/dags/dag.py
[2026-08-14T03:11:09.032+0000] {logging_mixin.py:151} INFO - [2026-08-14T03:11:09.031+0000] {dagbag.py:346} ERROR - Failed to import: /opt/airflow/dags/dag.py
Traceback (most recent call last):
  File "/home/airflow/.local/lib/python3.8/site-packages/airflow/models/dagbag.py", line 342, in parse
    loader.exec_module(new_module)
  File "<frozen importlib._bootstrap_external>", line 839, in exec_module
  File "<frozen importlib._bootstrap_external>", line 976, in get_code
  File "<frozen importlib._bootstrap_external>", line 906, in source_to_code
  File "<frozen importlib._bootstrap>", line 219, in _call_with_frames_removed
  File "/opt/airflow/dags/dag.py", line 23
    )as dag
          ^
SyntaxError: invalid syntax
[2026-08-14T03:11:09.032+0000] {processor.py:841} WARNING - No viable dags retrieved from /opt/airflow/dags/dag.py
[2026-08-14T03:11:09.050+0000] {processor.py:179} INFO - Processing /opt/airflow/dags/dag.py took 0.037 seconds
[2026-08-14T03:11:39.312+0000] {processor.py:157} INFO - Started process (PID=13710) to work on /opt/airflow/dags/dag.py
[2026-08-14T03:11:39.313+0000] {processor.py:829} INFO - Processing file /opt/airflow/dags/dag.py for tasks to queue
[2026-08-14T03:11:39.316+0000] {logging_mixin.py:151} INFO - [2026-08-14T03:11:39.315+0000] {dagbag.py:536} INFO - Filling up the DagBag from /opt/airflow/dags/dag.py
[2026-08-14T03:11:39.321+0000] {logging_mixin.py:151} INFO - [2026-08-14T03:11:39.321+0000] {dagbag.py:346} ERROR - Failed to import: /opt/airflow/dags/dag.py
Traceback (most recent call last):
  File "/home/airflow/.local/lib/python3.8/site-packages/airflow/models/dagbag.py", line 342, in parse
    loader.exec_module(new_module)
  File "<frozen importlib._bootstrap_external>", line 839, in exec_module
  File "<frozen importlib._bootstrap_external>", line 976, in get_code
  File "<frozen importlib._bootstrap_external>", line 906, in source_to_code
  File "<frozen importlib._bootstrap>", line 219, in _call_with_frames_removed
  File "/opt/airflow/dags/dag.py", line 23
    )as dag
          ^
SyntaxError: invalid syntax
[2026-08-14T03:11:39.321+0000] {processor.py:841} WARNING - No viable dags retrieved from /opt/airflow/dags/dag.py
[2026-08-14T03:11:39.339+0000] {processor.py:179} INFO - Processing /opt/airflow/dags/dag.py took 0.029 seconds
[2026-08-14T03:12:09.629+0000] {processor.py:157} INFO - Started process (PID=13718) to work on /opt/airflow/dags/dag.py
[2026-08-14T03:12:09.630+0000] {processor.py:829} INFO - Processing file /opt/airflow/dags/dag.py for tasks to queue
[2026-08-14T03:12:09.632+0000] {logging_mixin.py:151} INFO - [2026-08-14T03:12:09.631+0000] {dagbag.py:536} INFO - Filling up the DagBag from /opt/airflow/dags/dag.py
[2026-08-14T03:12:09.638+0000] {logging_mixin.py:151} INFO - [2026-08-14T03:12:09.637+0000] {dagbag.py:346} ERROR - Failed to import: /opt/airflow/dags/dag.py
Traceback (most recent call last):
  File "/home/airflow/.local/lib/python3.8/site-packages/airflow/models/dagbag.py", line 342, in parse
    loader.exec_module(new_module)
  File "<frozen importlib._bootstrap_external>", line 839, in exec_module
  File "<frozen importlib._bootstrap_external>", line 976, in get_code
  File "<frozen importlib._bootstrap_external>", line 906, in source_to_code
  File "<frozen importlib._bootstrap>", line 219, in _call_with_frames_removed
  File "/opt/airflow/dags/dag.py", line 23
    )as dag
          ^
SyntaxError: invalid syntax
[2026-08-14T03:12:09.639+0000] {processor.py:841} WARNING - No viable dags retrieved from /opt/airflow/dags/dag.py
[2026-08-14T03:12:09.662+0000] {processor.py:179} INFO - Processing /opt/airflow/dags/dag.py took 0.035 seconds
[2026-08-14T03:12:39.897+0000] {processor.py:157} INFO - Started process (PID=13727) to work on /opt/airflow/dags/dag.py
[2026-08-14T03:12:39.898+0000] {processor.py:829} INFO - Processing file /opt/airflow/dags/dag.py for tasks to queue
[2026-08-14T03:12:39.901+0000] {logging_mixin.py:151} INFO - [2026-08-14T03:12:39.900+0000] {dagbag.py:536} INFO - Filling up the DagBag from /opt/airflow/dags/dag.py
[2026-08-14T03:12:39.912+0000] {logging_mixin.py:151} INFO - [2026-08-14T03:12:39.911+0000] {dagbag.py:346} ERROR - Failed to import: /opt/airflow/dags/dag.py
Traceback (most recent call last):
  File "/home/airflow/.local/lib/python3.8/site-packages/airflow/models/dagbag.py", line 342, in parse
    loader.exec_module(new_module)
  File "<frozen importlib._bootstrap_external>", line 839, in exec_module
  File "<frozen importlib._bootstrap_external>", line 976, in get_code
  File "<frozen importlib._bootstrap_external>", line 906, in source_to_code
  File "<frozen importlib._bootstrap>", line 219, in _call_with_frames_removed
  File "/opt/airflow/dags/dag.py", line 23
    )as dag
          ^
SyntaxError: invalid syntax
[2026-08-14T03:12:39.913+0000] {processor.py:841} WARNING - No viable dags retrieved from /opt/airflow/dags/dag.py
[2026-08-14T03:12:39.926+0000] {processor.py:179} INFO - Processing /opt/airflow/dags/dag.py took 0.031 seconds
[2026-08-14T03:13:10.168+0000] {processor.py:157} INFO - Started process (PID=13735) to work on /opt/airflow/dags/dag.py
[2026-08-14T03:13:10.169+0000] {processor.py:829} INFO - Processing file /opt/airflow/dags/dag.py for tasks to queue
[2026-08-14T03:13:10.170+0000] {logging_mixin.py:151} INFO - [2026-08-14T03:13:10.170+0000] {dagbag.py:536} INFO - Filling up the DagBag from /opt/airflow/dags/dag.py
[2026-08-14T03:13:10.175+0000] {logging_mixin.py:151} INFO - [2026-08-14T03:13:10.175+0000] {dagbag.py:346} ERROR - Failed to import: /opt/airflow/dags/dag.py
Traceback (most recent call last):
  File "/home/airflow/.local/lib/python3.8/site-packages/airflow/models/dagbag.py", line 342, in parse
    loader.exec_module(new_module)
  File "<frozen importlib._bootstrap_external>", line 839, in exec_module
  File "<frozen importlib._bootstrap_external>", line 976, in get_code
  File "<frozen importlib._bootstrap_external>", line 906, in source_to_code
  File "<frozen importlib._bootstrap>", line 219, in _call_with_frames_removed
  File "/opt/airflow/dags/dag.py", line 23
    )as dag
          ^
SyntaxError: invalid syntax
[2026-08-14T03:13:10.175+0000] {processor.py:841} WARNING - No viable dags retrieved from /opt/airflow/dags/dag.py
[2026-08-14T03:13:10.191+0000] {processor.py:179} INFO - Processing /opt/airflow/dags/dag.py took 0.025 seconds
[2026-08-14T03:13:40.449+0000] {processor.py:157} INFO - Started process (PID=13743) to work on /opt/airflow/dags/dag.py
[2026-08-14T03:13:40.450+0000] {processor.py:829} INFO - Processing file /opt/airflow/dags/dag.py for tasks to queue
[2026-08-14T03:13:40.453+0000] {logging_mixin.py:151} INFO - [2026-08-14T03:13:40.453+0000] {dagbag.py:536} INFO - Filling up the DagBag from /opt/airflow/dags/dag.py
[2026-08-14T03:13:40.458+0000] {logging_mixin.py:151} INFO - [2026-08-14T03:13:40.458+0000] {dagbag.py:346} ERROR - Failed to import: /opt/airflow/dags/dag.py
Traceback (most recent call last):
  File "/home/airflow/.local/lib/python3.8/site-packages/airflow/models/dagbag.py", line 342, in parse
    loader.exec_module(new_module)
  File "<frozen importlib._bootstrap_external>", line 839, in exec_module
  File "<frozen importlib._bootstrap_external>", line 976, in get_code
  File "<frozen importlib._bootstrap_external>", line 906, in source_to_code
  File "<frozen importlib._bootstrap>", line 219, in _call_with_frames_removed
  File "/opt/airflow/dags/dag.py", line 23
    )as dag
          ^
SyntaxError: invalid syntax
[2026-08-14T03:13:40.458+0000] {processor.py:841} WARNING - No viable dags retrieved from /opt/airflow/dags/dag.py
[2026-08-14T03:13:40.475+0000] {processor.py:179} INFO - Processing /opt/airflow/dags/dag.py took 0.029 seconds
[2026-08-14T03:14:10.770+0000] {processor.py:157} INFO - Started process (PID=13751) to work on /opt/airflow/dags/dag.py
[2026-08-14T03:14:10.771+0000] {processor.py:829} INFO - Processing file /opt/airflow/dags/dag.py for tasks to queue
[2026-08-14T03:14:10.775+0000] {logging_mixin.py:151} INFO - [2026-08-14T03:14:10.775+0000] {dagbag.py:536} INFO - Filling up the DagBag from /opt/airflow/dags/dag.py
[2026-08-14T03:14:10.783+0000] {logging_mixin.py:151} INFO - [2026-08-14T03:14:10.783+0000] {dagbag.py:346} ERROR - Failed to import: /opt/airflow/dags/dag.py
Traceback (most recent call last):
  File "/home/airflow/.local/lib/python3.8/site-packages/airflow/models/dagbag.py", line 342, in parse
    loader.exec_module(new_module)
  File "<frozen importlib._bootstrap_external>", line 839, in exec_module
  File "<frozen importlib._bootstrap_external>", line 976, in get_code
  File "<frozen importlib._bootstrap_external>", line 906, in source_to_code
  File "<frozen importlib._bootstrap>", line 219, in _call_with_frames_removed
  File "/opt/airflow/dags/dag.py", line 23
    )as dag
          ^
SyntaxError: invalid syntax
[2026-08-14T03:14:10.784+0000] {processor.py:841} WARNING - No viable dags retrieved from /opt/airflow/dags/dag.py
[2026-08-14T03:14:10.796+0000] {processor.py:179} INFO - Processing /opt/airflow/dags/dag.py took 0.029 seconds
[2026-08-14T03:14:41.052+0000] {processor.py:157} INFO - Started process (PID=13759) to work on /opt/airflow/dags/dag.py
[2026-08-14T03:14:41.053+0000] {processor.py:829} INFO - Processing file /opt/airflow/dags/dag.py for tasks to queue
[2026-08-14T03:14:41.056+0000] {logging_mixin.py:151} INFO - [2026-08-14T03:14:41.056+0000] {dagbag.py:536} INFO - Filling up the DagBag from /opt/airflow/dags/dag.py
[2026-08-14T03:14:41.060+0000] {logging_mixin.py:151} INFO - [2026-08-14T03:14:41.059+0000] {dagbag.py:346} ERROR - Failed to import: /opt/airflow/dags/dag.py
Traceback (most recent call last):
  File "/home/airflow/.local/lib/python3.8/site-packages/airflow/models/dagbag.py", line 342, in parse
    loader.exec_module(new_module)
  File "<frozen importlib._bootstrap_external>", line 839, in exec_module
  File "<frozen importlib._bootstrap_external>", line 976, in get_code
  File "<frozen importlib._bootstrap_external>", line 906, in source_to_code
  File "<frozen importlib._bootstrap>", line 219, in _call_with_frames_removed
  File "/opt/airflow/dags/dag.py", line 23
    )as dag
          ^
SyntaxError: invalid syntax
[2026-08-14T03:14:41.060+0000] {processor.py:841} WARNING - No viable dags retrieved from /opt/airflow/dags/dag.py
[2026-08-14T03:14:41.071+0000] {processor.py:179} INFO - Processing /opt/airflow/dags/dag.py took 0.021 seconds
[2026-08-14T03:15:11.351+0000] {processor.py:157} INFO - Started process (PID=13767) to work on /opt/airflow/dags/dag.py
[2026-08-14T03:15:11.352+0000] {processor.py:829} INFO - Processing file /opt/airflow/dags/dag.py for tasks to queue
[2026-08-14T03:15:11.354+0000] {logging_mixin.py:151} INFO - [2026-08-14T03:15:11.354+0000] {dagbag.py:536} INFO - Filling up the DagBag from /opt/airflow/dags/dag.py
[2026-08-14T03:15:11.362+0000] {logging_mixin.py:151} INFO - [2026-08-14T03:15:11.361+0000] {dagbag.py:346} ERROR - Failed to import: /opt/airflow/dags/dag.py
Traceback (most recent call last):
  File "/home/airflow/.local/lib/python3.8/site-packages/airflow/models/dagbag.py", line 342, in parse
    loader.exec_module(new_module)
  File "<frozen importlib._bootstrap_external>", line 839, in exec_module
  File "<frozen importlib._bootstrap_external>", line 976, in get_code
  File "<frozen importlib._bootstrap_external>", line 906, in source_to_code
  File "<frozen importlib._bootstrap>", line 219, in _call_with_frames_removed
  File "/opt/airflow/dags/dag.py", line 23
    )as dag
          ^
SyntaxError: invalid syntax
[2026-08-14T03:15:11.362+0000] {processor.py:841} WARNING - No viable dags retrieved from /opt/airflow/dags/dag.py
[2026-08-14T03:15:11.374+0000] {processor.py:179} INFO - Processing /opt/airflow/dags/dag.py took 0.025 seconds
[2026-08-14T03:15:41.676+0000] {processor.py:157} INFO - Started process (PID=13775) to work on /opt/airflow/dags/dag.py
[2026-08-14T03:15:41.677+0000] {processor.py:829} INFO - Processing file /opt/airflow/dags/dag.py for tasks to queue
[2026-08-14T03:15:41.682+0000] {logging_mixin.py:151} INFO - [2026-08-14T03:15:41.682+0000] {dagbag.py:536} INFO - Filling up the DagBag from /opt/airflow/dags/dag.py
[2026-08-14T03:15:41.684+0000] {logging_mixin.py:151} INFO - [2026-08-14T03:15:41.684+0000] {dagbag.py:346} ERROR - Failed to import: /opt/airflow/dags/dag.py
Traceback (most recent call last):
  File "/home/airflow/.local/lib/python3.8/site-packages/airflow/models/dagbag.py", line 342, in parse
    loader.exec_module(new_module)
  File "<frozen importlib._bootstrap_external>", line 839, in exec_module
  File "<frozen importlib._bootstrap_external>", line 976, in get_code
  File "<frozen importlib._bootstrap_external>", line 906, in source_to_code
  File "<frozen importlib._bootstrap>", line 219, in _call_with_frames_removed
  File "/opt/airflow/dags/dag.py", line 23
    )as dag
          ^
SyntaxError: invalid syntax
[2026-08-14T03:15:41.684+0000] {processor.py:841} WARNING - No viable dags retrieved from /opt/airflow/dags/dag.py
[2026-08-14T03:15:41.697+0000] {processor.py:179} INFO - Processing /opt/airflow/dags/dag.py took 0.023 seconds
[2026-08-14T03:16:11.994+0000] {processor.py:157} INFO - Started process (PID=13783) to work on /opt/airflow/dags/dag.py
[2026-08-14T03:16:11.995+0000] {processor.py:829} INFO - Processing file /opt/airflow/dags/dag.py for tasks to queue
[2026-08-14T03:16:11.998+0000] {logging_mixin.py:151} INFO - [2026-08-14T03:16:11.998+0000] {dagbag.py:536} INFO - Filling up the DagBag from /opt/airflow/dags/dag.py
[2026-08-14T03:16:12.001+0000] {logging_mixin.py:151} INFO - [2026-08-14T03:16:12.000+0000] {dagbag.py:346} ERROR - Failed to import: /opt/airflow/dags/dag.py
Traceback (most recent call last):
  File "/home/airflow/.local/lib/python3.8/site-packages/airflow/models/dagbag.py", line 342, in parse
    loader.exec_module(new_module)
  File "<frozen importlib._bootstrap_external>", line 839, in exec_module
  File "<frozen importlib._bootstrap_external>", line 976, in get_code
  File "<frozen importlib._bootstrap_external>", line 906, in source_to_code
  File "<frozen importlib._bootstrap>", line 219, in _call_with_frames_removed
  File "/opt/airflow/dags/dag.py", line 23
    )as dag
          ^
SyntaxError: invalid syntax
[2026-08-14T03:16:12.001+0000] {processor.py:841} WARNING - No viable dags retrieved from /opt/airflow/dags/dag.py
[2026-08-14T03:16:12.015+0000] {processor.py:179} INFO - Processing /opt/airflow/dags/dag.py took 0.023 seconds
[2026-08-14T03:16:42.300+0000] {processor.py:157} INFO - Started process (PID=13791) to work on /opt/airflow/dags/dag.py
[2026-08-14T03:16:42.301+0000] {processor.py:829} INFO - Processing file /opt/airflow/dags/dag.py for tasks to queue
[2026-08-14T03:16:42.306+0000] {logging_mixin.py:151} INFO - [2026-08-14T03:16:42.306+0000] {dagbag.py:536} INFO - Filling up the DagBag from /opt/airflow/dags/dag.py
[2026-08-14T03:16:42.308+0000] {logging_mixin.py:151} INFO - [2026-08-14T03:16:42.308+0000] {dagbag.py:346} ERROR - Failed to import: /opt/airflow/dags/dag.py
Traceback (most recent call last):
  File "/home/airflow/.local/lib/python3.8/site-packages/airflow/models/dagbag.py", line 342, in parse
    loader.exec_module(new_module)
  File "<frozen importlib._bootstrap_external>", line 839, in exec_module
  File "<frozen importlib._bootstrap_external>", line 976, in get_code
  File "<frozen importlib._bootstrap_external>", line 906, in source_to_code
  File "<frozen importlib._bootstrap>", line 219, in _call_with_frames_removed
  File "/opt/airflow/dags/dag.py", line 23
    )as dag
          ^
SyntaxError: invalid syntax
[2026-08-14T03:16:42.308+0000] {processor.py:841} WARNING - No viable dags retrieved from /opt/airflow/dags/dag.py
[2026-08-14T03:16:42.320+0000] {processor.py:179} INFO - Processing /opt/airflow/dags/dag.py took 0.022 seconds
[2026-08-14T03:17:12.605+0000] {processor.py:157} INFO - Started process (PID=13799) to work on /opt/airflow/dags/dag.py
[2026-08-14T03:17:12.606+0000] {processor.py:829} INFO - Processing file /opt/airflow/dags/dag.py for tasks to queue
[2026-08-14T03:17:12.608+0000] {logging_mixin.py:151} INFO - [2026-08-14T03:17:12.608+0000] {dagbag.py:536} INFO - Filling up the DagBag from /opt/airflow/dags/dag.py
[2026-08-14T03:17:12.613+0000] {logging_mixin.py:151} INFO - [2026-08-14T03:17:12.612+0000] {dagbag.py:346} ERROR - Failed to import: /opt/airflow/dags/dag.py
Traceback (most recent call last):
  File "/home/airflow/.local/lib/python3.8/site-packages/airflow/models/dagbag.py", line 342, in parse
    loader.exec_module(new_module)
  File "<frozen importlib._bootstrap_external>", line 839, in exec_module
  File "<frozen importlib._bootstrap_external>", line 976, in get_code
  File "<frozen importlib._bootstrap_external>", line 906, in source_to_code
  File "<frozen importlib._bootstrap>", line 219, in _call_with_frames_removed
  File "/opt/airflow/dags/dag.py", line 23
    )as dag
          ^
SyntaxError: invalid syntax
[2026-08-14T03:17:12.613+0000] {processor.py:841} WARNING - No viable dags retrieved from /opt/airflow/dags/dag.py
[2026-08-14T03:17:12.626+0000] {processor.py:179} INFO - Processing /opt/airflow/dags/dag.py took 0.024 seconds
[2026-08-14T03:17:42.960+0000] {processor.py:157} INFO - Started process (PID=13807) to work on /opt/airflow/dags/dag.py
[2026-08-14T03:17:42.960+0000] {processor.py:829} INFO - Processing file /opt/airflow/dags/dag.py for tasks to queue
[2026-08-14T03:17:42.962+0000] {logging_mixin.py:151} INFO - [2026-08-14T03:17:42.962+0000] {dagbag.py:536} INFO - Filling up the DagBag from /opt/airflow/dags/dag.py
[2026-08-14T03:17:42.970+0000] {logging_mixin.py:151} INFO - [2026-08-14T03:17:42.969+0000] {dagbag.py:346} ERROR - Failed to import: /opt/airflow/dags/dag.py
Traceback (most recent call last):
  File "/home/airflow/.local/lib/python3.8/site-packages/airflow/models/dagbag.py", line 342, in parse
    loader.exec_module(new_module)
  File "<frozen importlib._bootstrap_external>", line 839, in exec_module
  File "<frozen importlib._bootstrap_external>", line 976, in get_code
  File "<frozen importlib._bootstrap_external>", line 906, in source_to_code
  File "<frozen importlib._bootstrap>", line 219, in _call_with_frames_removed
  File "/opt/airflow/dags/dag.py", line 23
    )as dag
          ^
SyntaxError: invalid syntax
[2026-08-14T03:17:42.973+0000] {processor.py:841} WARNING - No viable dags retrieved from /opt/airflow/dags/dag.py
[2026-08-14T03:17:42.985+0000] {processor.py:179} INFO - Processing /opt/airflow/dags/dag.py took 0.029 seconds
[2026-08-14T03:18:13.248+0000] {processor.py:157} INFO - Started process (PID=13815) to work on /opt/airflow/dags/dag.py
[2026-08-14T03:18:13.249+0000] {processor.py:829} INFO - Processing file /opt/airflow/dags/dag.py for tasks to queue
[2026-08-14T03:18:13.253+0000] {logging_mixin.py:151} INFO - [2026-08-14T03:18:13.253+0000] {dagbag.py:536} INFO - Filling up the DagBag from /opt/airflow/dags/dag.py
[2026-08-14T03:18:13.256+0000] {logging_mixin.py:151} INFO - [2026-08-14T03:18:13.256+0000] {dagbag.py:346} ERROR - Failed to import: /opt/airflow/dags/dag.py
Traceback (most recent call last):
  File "/home/airflow/.local/lib/python3.8/site-packages/airflow/models/dagbag.py", line 342, in parse
    loader.exec_module(new_module)
  File "<frozen importlib._bootstrap_external>", line 839, in exec_module
  File "<frozen importlib._bootstrap_external>", line 976, in get_code
  File "<frozen importlib._bootstrap_external>", line 906, in source_to_code
  File "<frozen importlib._bootstrap>", line 219, in _call_with_frames_removed
  File "/opt/airflow/dags/dag.py", line 23
    )as dag
          ^
SyntaxError: invalid syntax
[2026-08-14T03:18:13.257+0000] {processor.py:841} WARNING - No viable dags retrieved from /opt/airflow/dags/dag.py
[2026-08-14T03:18:13.269+0000] {processor.py:179} INFO - Processing /opt/airflow/dags/dag.py took 0.024 seconds
[2026-08-14T03:18:43.554+0000] {processor.py:157} INFO - Started process (PID=13823) to work on /opt/airflow/dags/dag.py
[2026-08-14T03:18:43.554+0000] {processor.py:829} INFO - Processing file /opt/airflow/dags/dag.py for tasks to queue
[2026-08-14T03:18:43.559+0000] {logging_mixin.py:151} INFO - [2026-08-14T03:18:43.559+0000] {dagbag.py:536} INFO - Filling up the DagBag from /opt/airflow/dags/dag.py
[2026-08-14T03:18:43.562+0000] {logging_mixin.py:151} INFO - [2026-08-14T03:18:43.561+0000] {dagbag.py:346} ERROR - Failed to import: /opt/airflow/dags/dag.py
Traceback (most recent call last):
  File "/home/airflow/.local/lib/python3.8/site-packages/airflow/models/dagbag.py", line 342, in parse
    loader.exec_module(new_module)
  File "<frozen importlib._bootstrap_external>", line 839, in exec_module
  File "<frozen importlib._bootstrap_external>", line 976, in get_code
  File "<frozen importlib._bootstrap_external>", line 906, in source_to_code
  File "<frozen importlib._bootstrap>", line 219, in _call_with_frames_removed
  File "/opt/airflow/dags/dag.py", line 23
    )as dag
          ^
SyntaxError: invalid syntax
[2026-08-14T03:18:43.562+0000] {processor.py:841} WARNING - No viable dags retrieved from /opt/airflow/dags/dag.py
[2026-08-14T03:18:43.575+0000] {processor.py:179} INFO - Processing /opt/airflow/dags/dag.py took 0.023 seconds
[2026-08-14T03:19:13.878+0000] {processor.py:157} INFO - Started process (PID=13831) to work on /opt/airflow/dags/dag.py
[2026-08-14T03:19:13.878+0000] {processor.py:829} INFO - Processing file /opt/airflow/dags/dag.py for tasks to queue
[2026-08-14T03:19:13.882+0000] {logging_mixin.py:151} INFO - [2026-08-14T03:19:13.881+0000] {dagbag.py:536} INFO - Filling up the DagBag from /opt/airflow/dags/dag.py
[2026-08-14T03:19:13.888+0000] {logging_mixin.py:151} INFO - [2026-08-14T03:19:13.887+0000] {dagbag.py:346} ERROR - Failed to import: /opt/airflow/dags/dag.py
Traceback (most recent call last):
  File "/home/airflow/.local/lib/python3.8/site-packages/airflow/models/dagbag.py", line 342, in parse
    loader.exec_module(new_module)
  File "<frozen importlib._bootstrap_external>", line 839, in exec_module
  File "<frozen importlib._bootstrap_external>", line 976, in get_code
  File "<frozen importlib._bootstrap_external>", line 906, in source_to_code
  File "<frozen importlib._bootstrap>", line 219, in _call_with_frames_removed
  File "/opt/airflow/dags/dag.py", line 23
    )as dag
          ^
SyntaxError: invalid syntax
[2026-08-14T03:19:13.888+0000] {processor.py:841} WARNING - No viable dags retrieved from /opt/airflow/dags/dag.py
[2026-08-14T03:19:13.901+0000] {processor.py:179} INFO - Processing /opt/airflow/dags/dag.py took 0.026 seconds
[2026-08-14T03:19:44.179+0000] {processor.py:157} INFO - Started process (PID=13839) to work on /opt/airflow/dags/dag.py
[2026-08-14T03:19:44.179+0000] {processor.py:829} INFO - Processing file /opt/airflow/dags/dag.py for tasks to queue
[2026-08-14T03:19:44.182+0000] {logging_mixin.py:151} INFO - [2026-08-14T03:19:44.182+0000] {dagbag.py:536} INFO - Filling up the DagBag from /opt/airflow/dags/dag.py
[2026-08-14T03:19:44.185+0000] {logging_mixin.py:151} INFO - [2026-08-14T03:19:44.185+0000] {dagbag.py:346} ERROR - Failed to import: /opt/airflow/dags/dag.py
Traceback (most recent call last):
  File "/home/airflow/.local/lib/python3.8/site-packages/airflow/models/dagbag.py", line 342, in parse
    loader.exec_module(new_module)
  File "<frozen importlib._bootstrap_external>", line 839, in exec_module
  File "<frozen importlib._bootstrap_external>", line 976, in get_code
  File "<frozen importlib._bootstrap_external>", line 906, in source_to_code
  File "<frozen importlib._bootstrap>", line 219, in _call_with_frames_removed
  File "/opt/airflow/dags/dag.py", line 23
    )as dag
          ^
SyntaxError: invalid syntax
[2026-08-14T03:19:44.188+0000] {processor.py:841} WARNING - No viable dags retrieved from /opt/airflow/dags/dag.py
[2026-08-14T03:19:44.200+0000] {processor.py:179} INFO - Processing /opt/airflow/dags/dag.py took 0.022 seconds
[2026-08-14T03:20:14.479+0000] {processor.py:157} INFO - Started process (PID=13847) to work on /opt/airflow/dags/dag.py
[2026-08-14T03:20:14.479+0000] {processor.py:829} INFO - Processing file /opt/airflow/dags/dag.py for tasks to queue
[2026-08-14T03:20:14.482+0000] {logging_mixin.py:151} INFO - [2026-08-14T03:20:14.482+0000] {dagbag.py:536} INFO - Filling up the DagBag from /opt/airflow/dags/dag.py
[2026-08-14T03:20:14.488+0000] {logging_mixin.py:151} INFO - [2026-08-14T03:20:14.487+0000] {dagbag.py:346} ERROR - Failed to import: /opt/airflow/dags/dag.py
Traceback (most recent call last):
  File "/home/airflow/.local/lib/python3.8/site-packages/airflow/models/dagbag.py", line 342, in parse
    loader.exec_module(new_module)
  File "<frozen importlib._bootstrap_external>", line 839, in exec_module
  File "<frozen importlib._bootstrap_external>", line 976, in get_code
  File "<frozen importlib._bootstrap_external>", line 906, in source_to_code
  File "<frozen importlib._bootstrap>", line 219, in _call_with_frames_removed
  File "/opt/airflow/dags/dag.py", line 23
    )as dag
          ^
SyntaxError: invalid syntax
[2026-08-14T03:20:14.488+0000] {processor.py:841} WARNING - No viable dags retrieved from /opt/airflow/dags/dag.py
[2026-08-14T03:20:14.501+0000] {processor.py:179} INFO - Processing /opt/airflow/dags/dag.py took 0.024 seconds
[2026-08-14T03:20:44.789+0000] {processor.py:157} INFO - Started process (PID=13855) to work on /opt/airflow/dags/dag.py
[2026-08-14T03:20:44.791+0000] {processor.py:829} INFO - Processing file /opt/airflow/dags/dag.py for tasks to queue
[2026-08-14T03:20:44.795+0000] {logging_mixin.py:151} INFO - [2026-08-14T03:20:44.795+0000] {dagbag.py:536} INFO - Filling up the DagBag from /opt/airflow/dags/dag.py
[2026-08-14T03:20:44.798+0000] {logging_mixin.py:151} INFO - [2026-08-14T03:20:44.797+0000] {dagbag.py:346} ERROR - Failed to import: /opt/airflow/dags/dag.py
Traceback (most recent call last):
  File "/home/airflow/.local/lib/python3.8/site-packages/airflow/models/dagbag.py", line 342, in parse
    loader.exec_module(new_module)
  File "<frozen importlib._bootstrap_external>", line 839, in exec_module
  File "<frozen importlib._bootstrap_external>", line 976, in get_code
  File "<frozen importlib._bootstrap_external>", line 906, in source_to_code
  File "<frozen importlib._bootstrap>", line 219, in _call_with_frames_removed
  File "/opt/airflow/dags/dag.py", line 23
    )as dag
          ^
SyntaxError: invalid syntax
[2026-08-14T03:20:44.798+0000] {processor.py:841} WARNING - No viable dags retrieved from /opt/airflow/dags/dag.py
[2026-08-14T03:20:44.815+0000] {processor.py:179} INFO - Processing /opt/airflow/dags/dag.py took 0.028 seconds
[2026-08-14T03:21:15.143+0000] {processor.py:157} INFO - Started process (PID=13863) to work on /opt/airflow/dags/dag.py
[2026-08-14T03:21:15.146+0000] {processor.py:829} INFO - Processing file /opt/airflow/dags/dag.py for tasks to queue
[2026-08-14T03:21:15.148+0000] {logging_mixin.py:151} INFO - [2026-08-14T03:21:15.148+0000] {dagbag.py:536} INFO - Filling up the DagBag from /opt/airflow/dags/dag.py
[2026-08-14T03:21:15.159+0000] {logging_mixin.py:151} INFO - [2026-08-14T03:21:15.159+0000] {dagbag.py:346} ERROR - Failed to import: /opt/airflow/dags/dag.py
Traceback (most recent call last):
  File "/home/airflow/.local/lib/python3.8/site-packages/airflow/models/dagbag.py", line 342, in parse
    loader.exec_module(new_module)
  File "<frozen importlib._bootstrap_external>", line 839, in exec_module
  File "<frozen importlib._bootstrap_external>", line 976, in get_code
  File "<frozen importlib._bootstrap_external>", line 906, in source_to_code
  File "<frozen importlib._bootstrap>", line 219, in _call_with_frames_removed
  File "/opt/airflow/dags/dag.py", line 23
    )as dag
          ^
SyntaxError: invalid syntax
[2026-08-14T03:21:15.159+0000] {processor.py:841} WARNING - No viable dags retrieved from /opt/airflow/dags/dag.py
[2026-08-14T03:21:15.176+0000] {processor.py:179} INFO - Processing /opt/airflow/dags/dag.py took 0.035 seconds
[2026-08-14T03:21:45.472+0000] {processor.py:157} INFO - Started process (PID=13871) to work on /opt/airflow/dags/dag.py
[2026-08-14T03:21:45.473+0000] {processor.py:829} INFO - Processing file /opt/airflow/dags/dag.py for tasks to queue
[2026-08-14T03:21:45.476+0000] {logging_mixin.py:151} INFO - [2026-08-14T03:21:45.476+0000] {dagbag.py:536} INFO - Filling up the DagBag from /opt/airflow/dags/dag.py
[2026-08-14T03:21:45.481+0000] {logging_mixin.py:151} INFO - [2026-08-14T03:21:45.481+0000] {dagbag.py:346} ERROR - Failed to import: /opt/airflow/dags/dag.py
Traceback (most recent call last):
  File "/home/airflow/.local/lib/python3.8/site-packages/airflow/models/dagbag.py", line 342, in parse
    loader.exec_module(new_module)
  File "<frozen importlib._bootstrap_external>", line 839, in exec_module
  File "<frozen importlib._bootstrap_external>", line 976, in get_code
  File "<frozen importlib._bootstrap_external>", line 906, in source_to_code
  File "<frozen importlib._bootstrap>", line 219, in _call_with_frames_removed
  File "/opt/airflow/dags/dag.py", line 23
    )as dag
          ^
SyntaxError: invalid syntax
[2026-08-14T03:21:45.484+0000] {processor.py:841} WARNING - No viable dags retrieved from /opt/airflow/dags/dag.py
[2026-08-14T03:21:45.500+0000] {processor.py:179} INFO - Processing /opt/airflow/dags/dag.py took 0.031 seconds
[2026-08-14T03:22:15.835+0000] {processor.py:157} INFO - Started process (PID=13879) to work on /opt/airflow/dags/dag.py
[2026-08-14T03:22:15.836+0000] {processor.py:829} INFO - Processing file /opt/airflow/dags/dag.py for tasks to queue
[2026-08-14T03:22:15.840+0000] {logging_mixin.py:151} INFO - [2026-08-14T03:22:15.840+0000] {dagbag.py:536} INFO - Filling up the DagBag from /opt/airflow/dags/dag.py
[2026-08-14T03:22:15.843+0000] {logging_mixin.py:151} INFO - [2026-08-14T03:22:15.843+0000] {dagbag.py:346} ERROR - Failed to import: /opt/airflow/dags/dag.py
Traceback (most recent call last):
  File "/home/airflow/.local/lib/python3.8/site-packages/airflow/models/dagbag.py", line 342, in parse
    loader.exec_module(new_module)
  File "<frozen importlib._bootstrap_external>", line 839, in exec_module
  File "<frozen importlib._bootstrap_external>", line 976, in get_code
  File "<frozen importlib._bootstrap_external>", line 906, in source_to_code
  File "<frozen importlib._bootstrap>", line 219, in _call_with_frames_removed
  File "/opt/airflow/dags/dag.py", line 23
    )as dag
          ^
SyntaxError: invalid syntax
[2026-08-14T03:22:15.843+0000] {processor.py:841} WARNING - No viable dags retrieved from /opt/airflow/dags/dag.py
[2026-08-14T03:22:15.856+0000] {processor.py:179} INFO - Processing /opt/airflow/dags/dag.py took 0.024 seconds
[2026-08-14T03:22:46.184+0000] {processor.py:157} INFO - Started process (PID=13887) to work on /opt/airflow/dags/dag.py
[2026-08-14T03:22:46.185+0000] {processor.py:829} INFO - Processing file /opt/airflow/dags/dag.py for tasks to queue
[2026-08-14T03:22:46.187+0000] {logging_mixin.py:151} INFO - [2026-08-14T03:22:46.187+0000] {dagbag.py:536} INFO - Filling up the DagBag from /opt/airflow/dags/dag.py
[2026-08-14T03:22:46.192+0000] {logging_mixin.py:151} INFO - [2026-08-14T03:22:46.192+0000] {dagbag.py:346} ERROR - Failed to import: /opt/airflow/dags/dag.py
Traceback (most recent call last):
  File "/home/airflow/.local/lib/python3.8/site-packages/airflow/models/dagbag.py", line 342, in parse
    loader.exec_module(new_module)
  File "<frozen importlib._bootstrap_external>", line 839, in exec_module
  File "<frozen importlib._bootstrap_external>", line 976, in get_code
  File "<frozen importlib._bootstrap_external>", line 906, in source_to_code
  File "<frozen importlib._bootstrap>", line 219, in _call_with_frames_removed
  File "/opt/airflow/dags/dag.py", line 23
    )as dag
          ^
SyntaxError: invalid syntax
[2026-08-14T03:22:46.192+0000] {processor.py:841} WARNING - No viable dags retrieved from /opt/airflow/dags/dag.py
[2026-08-14T03:22:46.204+0000] {processor.py:179} INFO - Processing /opt/airflow/dags/dag.py took 0.021 seconds
[2026-08-14T03:23:16.479+0000] {processor.py:157} INFO - Started process (PID=13895) to work on /opt/airflow/dags/dag.py
[2026-08-14T03:23:16.480+0000] {processor.py:829} INFO - Processing file /opt/airflow/dags/dag.py for tasks to queue
[2026-08-14T03:23:16.483+0000] {logging_mixin.py:151} INFO - [2026-08-14T03:23:16.483+0000] {dagbag.py:536} INFO - Filling up the DagBag from /opt/airflow/dags/dag.py
[2026-08-14T03:23:16.487+0000] {logging_mixin.py:151} INFO - [2026-08-14T03:23:16.487+0000] {dagbag.py:346} ERROR - Failed to import: /opt/airflow/dags/dag.py
Traceback (most recent call last):
  File "/home/airflow/.local/lib/python3.8/site-packages/airflow/models/dagbag.py", line 342, in parse
    loader.exec_module(new_module)
  File "<frozen importlib._bootstrap_external>", line 839, in exec_module
  File "<frozen importlib._bootstrap_external>", line 976, in get_code
  File "<frozen importlib._bootstrap_external>", line 906, in source_to_code
  File "<frozen importlib._bootstrap>", line 219, in _call_with_frames_removed
  File "/opt/airflow/dags/dag.py", line 23
    )as dag
          ^
SyntaxError: invalid syntax
[2026-08-14T03:23:16.490+0000] {processor.py:841} WARNING - No viable dags retrieved from /opt/airflow/dags/dag.py
[2026-08-14T03:23:16.500+0000] {processor.py:179} INFO - Processing /opt/airflow/dags/dag.py took 0.024 seconds
[2026-08-14T03:23:46.800+0000] {processor.py:157} INFO - Started process (PID=13903) to work on /opt/airflow/dags/dag.py
[2026-08-14T03:23:46.800+0000] {processor.py:829} INFO - Processing file /opt/airflow/dags/dag.py for tasks to queue
[2026-08-14T03:23:46.802+0000] {logging_mixin.py:151} INFO - [2026-08-14T03:23:46.802+0000] {dagbag.py:536} INFO - Filling up the DagBag from /opt/airflow/dags/dag.py
[2026-08-14T03:23:46.807+0000] {logging_mixin.py:151} INFO - [2026-08-14T03:23:46.806+0000] {dagbag.py:346} ERROR - Failed to import: /opt/airflow/dags/dag.py
Traceback (most recent call last):
  File "/home/airflow/.local/lib/python3.8/site-packages/airflow/models/dagbag.py", line 342, in parse
    loader.exec_module(new_module)
  File "<frozen importlib._bootstrap_external>", line 839, in exec_module
  File "<frozen importlib._bootstrap_external>", line 976, in get_code
  File "<frozen importlib._bootstrap_external>", line 906, in source_to_code
  File "<frozen importlib._bootstrap>", line 219, in _call_with_frames_removed
  File "/opt/airflow/dags/dag.py", line 23
    )as dag
          ^
SyntaxError: invalid syntax
[2026-08-14T03:23:46.807+0000] {processor.py:841} WARNING - No viable dags retrieved from /opt/airflow/dags/dag.py
[2026-08-14T03:23:46.817+0000] {processor.py:179} INFO - Processing /opt/airflow/dags/dag.py took 0.019 seconds
[2026-08-14T03:24:17.134+0000] {processor.py:157} INFO - Started process (PID=13911) to work on /opt/airflow/dags/dag.py
[2026-08-14T03:24:17.134+0000] {processor.py:829} INFO - Processing file /opt/airflow/dags/dag.py for tasks to queue
[2026-08-14T03:24:17.137+0000] {logging_mixin.py:151} INFO - [2026-08-14T03:24:17.137+0000] {dagbag.py:536} INFO - Filling up the DagBag from /opt/airflow/dags/dag.py
[2026-08-14T03:24:17.141+0000] {logging_mixin.py:151} INFO - [2026-08-14T03:24:17.140+0000] {dagbag.py:346} ERROR - Failed to import: /opt/airflow/dags/dag.py
Traceback (most recent call last):
  File "/home/airflow/.local/lib/python3.8/site-packages/airflow/models/dagbag.py", line 342, in parse
    loader.exec_module(new_module)
  File "<frozen importlib._bootstrap_external>", line 839, in exec_module
  File "<frozen importlib._bootstrap_external>", line 976, in get_code
  File "<frozen importlib._bootstrap_external>", line 906, in source_to_code
  File "<frozen importlib._bootstrap>", line 219, in _call_with_frames_removed
  File "/opt/airflow/dags/dag.py", line 23
    )as dag
          ^
SyntaxError: invalid syntax
[2026-08-14T03:24:17.144+0000] {processor.py:841} WARNING - No viable dags retrieved from /opt/airflow/dags/dag.py
[2026-08-14T03:24:17.155+0000] {processor.py:179} INFO - Processing /opt/airflow/dags/dag.py took 0.023 seconds
[2026-08-14T03:24:47.481+0000] {processor.py:157} INFO - Started process (PID=13925) to work on /opt/airflow/dags/dag.py
[2026-08-14T03:24:47.483+0000] {processor.py:829} INFO - Processing file /opt/airflow/dags/dag.py for tasks to queue
[2026-08-14T03:24:47.484+0000] {logging_mixin.py:151} INFO - [2026-08-14T03:24:47.484+0000] {dagbag.py:536} INFO - Filling up the DagBag from /opt/airflow/dags/dag.py
[2026-08-14T03:24:47.489+0000] {logging_mixin.py:151} INFO - [2026-08-14T03:24:47.488+0000] {dagbag.py:346} ERROR - Failed to import: /opt/airflow/dags/dag.py
Traceback (most recent call last):
  File "/home/airflow/.local/lib/python3.8/site-packages/airflow/models/dagbag.py", line 342, in parse
    loader.exec_module(new_module)
  File "<frozen importlib._bootstrap_external>", line 839, in exec_module
  File "<frozen importlib._bootstrap_external>", line 976, in get_code
  File "<frozen importlib._bootstrap_external>", line 906, in source_to_code
  File "<frozen importlib._bootstrap>", line 219, in _call_with_frames_removed
  File "/opt/airflow/dags/dag.py", line 23
    )as dag
          ^
SyntaxError: invalid syntax
[2026-08-14T03:24:47.489+0000] {processor.py:841} WARNING - No viable dags retrieved from /opt/airflow/dags/dag.py
[2026-08-14T03:24:47.508+0000] {processor.py:179} INFO - Processing /opt/airflow/dags/dag.py took 0.029 seconds
[2026-08-14T03:25:17.839+0000] {processor.py:157} INFO - Started process (PID=13933) to work on /opt/airflow/dags/dag.py
[2026-08-14T03:25:17.840+0000] {processor.py:829} INFO - Processing file /opt/airflow/dags/dag.py for tasks to queue
[2026-08-14T03:25:17.843+0000] {logging_mixin.py:151} INFO - [2026-08-14T03:25:17.843+0000] {dagbag.py:536} INFO - Filling up the DagBag from /opt/airflow/dags/dag.py
[2026-08-14T03:25:17.851+0000] {logging_mixin.py:151} INFO - [2026-08-14T03:25:17.850+0000] {dagbag.py:346} ERROR - Failed to import: /opt/airflow/dags/dag.py
Traceback (most recent call last):
  File "/home/airflow/.local/lib/python3.8/site-packages/airflow/models/dagbag.py", line 342, in parse
    loader.exec_module(new_module)
  File "<frozen importlib._bootstrap_external>", line 839, in exec_module
  File "<frozen importlib._bootstrap_external>", line 976, in get_code
  File "<frozen importlib._bootstrap_external>", line 906, in source_to_code
  File "<frozen importlib._bootstrap>", line 219, in _call_with_frames_removed
  File "/opt/airflow/dags/dag.py", line 23
    )as dag
          ^
SyntaxError: invalid syntax
[2026-08-14T03:25:17.851+0000] {processor.py:841} WARNING - No viable dags retrieved from /opt/airflow/dags/dag.py
[2026-08-14T03:25:17.863+0000] {processor.py:179} INFO - Processing /opt/airflow/dags/dag.py took 0.026 seconds
[2026-08-14T03:25:48.158+0000] {processor.py:157} INFO - Started process (PID=13941) to work on /opt/airflow/dags/dag.py
[2026-08-14T03:25:48.158+0000] {processor.py:829} INFO - Processing file /opt/airflow/dags/dag.py for tasks to queue
[2026-08-14T03:25:48.162+0000] {logging_mixin.py:151} INFO - [2026-08-14T03:25:48.162+0000] {dagbag.py:536} INFO - Filling up the DagBag from /opt/airflow/dags/dag.py
[2026-08-14T03:25:48.164+0000] {logging_mixin.py:151} INFO - [2026-08-14T03:25:48.164+0000] {dagbag.py:346} ERROR - Failed to import: /opt/airflow/dags/dag.py
Traceback (most recent call last):
  File "/home/airflow/.local/lib/python3.8/site-packages/airflow/models/dagbag.py", line 342, in parse
    loader.exec_module(new_module)
  File "<frozen importlib._bootstrap_external>", line 839, in exec_module
  File "<frozen importlib._bootstrap_external>", line 976, in get_code
  File "<frozen importlib._bootstrap_external>", line 906, in source_to_code
  File "<frozen importlib._bootstrap>", line 219, in _call_with_frames_removed
  File "/opt/airflow/dags/dag.py", line 23
    )as dag
          ^
SyntaxError: invalid syntax
[2026-08-14T03:25:48.164+0000] {processor.py:841} WARNING - No viable dags retrieved from /opt/airflow/dags/dag.py
[2026-08-14T03:25:48.181+0000] {processor.py:179} INFO - Processing /opt/airflow/dags/dag.py took 0.025 seconds
[2026-08-14T03:26:18.465+0000] {processor.py:157} INFO - Started process (PID=13949) to work on /opt/airflow/dags/dag.py
[2026-08-14T03:26:18.466+0000] {processor.py:829} INFO - Processing file /opt/airflow/dags/dag.py for tasks to queue
[2026-08-14T03:26:18.469+0000] {logging_mixin.py:151} INFO - [2026-08-14T03:26:18.469+0000] {dagbag.py:536} INFO - Filling up the DagBag from /opt/airflow/dags/dag.py
[2026-08-14T03:26:18.473+0000] {logging_mixin.py:151} INFO - [2026-08-14T03:26:18.472+0000] {dagbag.py:346} ERROR - Failed to import: /opt/airflow/dags/dag.py
Traceback (most recent call last):
  File "/home/airflow/.local/lib/python3.8/site-packages/airflow/models/dagbag.py", line 342, in parse
    loader.exec_module(new_module)
  File "<frozen importlib._bootstrap_external>", line 839, in exec_module
  File "<frozen importlib._bootstrap_external>", line 976, in get_code
  File "<frozen importlib._bootstrap_external>", line 906, in source_to_code
  File "<frozen importlib._bootstrap>", line 219, in _call_with_frames_removed
  File "/opt/airflow/dags/dag.py", line 23
    )as dag
          ^
SyntaxError: invalid syntax
[2026-08-14T03:26:18.476+0000] {processor.py:841} WARNING - No viable dags retrieved from /opt/airflow/dags/dag.py
[2026-08-14T03:26:18.485+0000] {processor.py:179} INFO - Processing /opt/airflow/dags/dag.py took 0.022 seconds
[2026-08-14T03:26:48.830+0000] {processor.py:157} INFO - Started process (PID=13957) to work on /opt/airflow/dags/dag.py
[2026-08-14T03:26:48.832+0000] {processor.py:829} INFO - Processing file /opt/airflow/dags/dag.py for tasks to queue
[2026-08-14T03:26:48.835+0000] {logging_mixin.py:151} INFO - [2026-08-14T03:26:48.835+0000] {dagbag.py:536} INFO - Filling up the DagBag from /opt/airflow/dags/dag.py
[2026-08-14T03:26:48.840+0000] {logging_mixin.py:151} INFO - [2026-08-14T03:26:48.840+0000] {dagbag.py:346} ERROR - Failed to import: /opt/airflow/dags/dag.py
Traceback (most recent call last):
  File "/home/airflow/.local/lib/python3.8/site-packages/airflow/models/dagbag.py", line 342, in parse
    loader.exec_module(new_module)
  File "<frozen importlib._bootstrap_external>", line 839, in exec_module
  File "<frozen importlib._bootstrap_external>", line 976, in get_code
  File "<frozen importlib._bootstrap_external>", line 906, in source_to_code
  File "<frozen importlib._bootstrap>", line 219, in _call_with_frames_removed
  File "/opt/airflow/dags/dag.py", line 23
    )as dag
          ^
SyntaxError: invalid syntax
[2026-08-14T03:26:48.840+0000] {processor.py:841} WARNING - No viable dags retrieved from /opt/airflow/dags/dag.py
[2026-08-14T03:26:48.853+0000] {processor.py:179} INFO - Processing /opt/airflow/dags/dag.py took 0.025 seconds
[2026-08-14T03:27:19.222+0000] {processor.py:157} INFO - Started process (PID=13965) to work on /opt/airflow/dags/dag.py
[2026-08-14T03:27:19.223+0000] {processor.py:829} INFO - Processing file /opt/airflow/dags/dag.py for tasks to queue
[2026-08-14T03:27:19.228+0000] {logging_mixin.py:151} INFO - [2026-08-14T03:27:19.227+0000] {dagbag.py:536} INFO - Filling up the DagBag from /opt/airflow/dags/dag.py
[2026-08-14T03:27:19.233+0000] {logging_mixin.py:151} INFO - [2026-08-14T03:27:19.233+0000] {dagbag.py:346} ERROR - Failed to import: /opt/airflow/dags/dag.py
Traceback (most recent call last):
  File "/home/airflow/.local/lib/python3.8/site-packages/airflow/models/dagbag.py", line 342, in parse
    loader.exec_module(new_module)
  File "<frozen importlib._bootstrap_external>", line 839, in exec_module
  File "<frozen importlib._bootstrap_external>", line 976, in get_code
  File "<frozen importlib._bootstrap_external>", line 906, in source_to_code
  File "<frozen importlib._bootstrap>", line 219, in _call_with_frames_removed
  File "/opt/airflow/dags/dag.py", line 23
    )as dag
          ^
SyntaxError: invalid syntax
[2026-08-14T03:27:19.234+0000] {processor.py:841} WARNING - No viable dags retrieved from /opt/airflow/dags/dag.py
[2026-08-14T03:27:19.245+0000] {processor.py:179} INFO - Processing /opt/airflow/dags/dag.py took 0.025 seconds
[2026-08-14T03:27:49.607+0000] {processor.py:157} INFO - Started process (PID=13973) to work on /opt/airflow/dags/dag.py
[2026-08-14T03:27:49.607+0000] {processor.py:829} INFO - Processing file /opt/airflow/dags/dag.py for tasks to queue
[2026-08-14T03:27:49.611+0000] {logging_mixin.py:151} INFO - [2026-08-14T03:27:49.610+0000] {dagbag.py:536} INFO - Filling up the DagBag from /opt/airflow/dags/dag.py
[2026-08-14T03:27:49.614+0000] {logging_mixin.py:151} INFO - [2026-08-14T03:27:49.614+0000] {dagbag.py:346} ERROR - Failed to import: /opt/airflow/dags/dag.py
Traceback (most recent call last):
  File "/home/airflow/.local/lib/python3.8/site-packages/airflow/models/dagbag.py", line 342, in parse
    loader.exec_module(new_module)
  File "<frozen importlib._bootstrap_external>", line 839, in exec_module
  File "<frozen importlib._bootstrap_external>", line 976, in get_code
  File "<frozen importlib._bootstrap_external>", line 906, in source_to_code
  File "<frozen importlib._bootstrap>", line 219, in _call_with_frames_removed
  File "/opt/airflow/dags/dag.py", line 23
    )as dag
          ^
SyntaxError: invalid syntax
[2026-08-14T03:27:49.614+0000] {processor.py:841} WARNING - No viable dags retrieved from /opt/airflow/dags/dag.py
[2026-08-14T03:27:49.628+0000] {processor.py:179} INFO - Processing /opt/airflow/dags/dag.py took 0.024 seconds
[2026-08-14T03:28:19.963+0000] {processor.py:157} INFO - Started process (PID=13981) to work on /opt/airflow/dags/dag.py
[2026-08-14T03:28:19.963+0000] {processor.py:829} INFO - Processing file /opt/airflow/dags/dag.py for tasks to queue
[2026-08-14T03:28:19.965+0000] {logging_mixin.py:151} INFO - [2026-08-14T03:28:19.965+0000] {dagbag.py:536} INFO - Filling up the DagBag from /opt/airflow/dags/dag.py
[2026-08-14T03:28:19.972+0000] {logging_mixin.py:151} INFO - [2026-08-14T03:28:19.972+0000] {dagbag.py:346} ERROR - Failed to import: /opt/airflow/dags/dag.py
Traceback (most recent call last):
  File "/home/airflow/.local/lib/python3.8/site-packages/airflow/models/dagbag.py", line 342, in parse
    loader.exec_module(new_module)
  File "<frozen importlib._bootstrap_external>", line 839, in exec_module
  File "<frozen importlib._bootstrap_external>", line 976, in get_code
  File "<frozen importlib._bootstrap_external>", line 906, in source_to_code
  File "<frozen importlib._bootstrap>", line 219, in _call_with_frames_removed
  File "/opt/airflow/dags/dag.py", line 23
    )as dag
          ^
SyntaxError: invalid syntax
[2026-08-14T03:28:19.972+0000] {processor.py:841} WARNING - No viable dags retrieved from /opt/airflow/dags/dag.py
[2026-08-14T03:28:19.985+0000] {processor.py:179} INFO - Processing /opt/airflow/dags/dag.py took 0.025 seconds
[2026-08-14T03:28:50.300+0000] {processor.py:157} INFO - Started process (PID=13989) to work on /opt/airflow/dags/dag.py
[2026-08-14T03:28:50.301+0000] {processor.py:829} INFO - Processing file /opt/airflow/dags/dag.py for tasks to queue
[2026-08-14T03:28:50.305+0000] {logging_mixin.py:151} INFO - [2026-08-14T03:28:50.304+0000] {dagbag.py:536} INFO - Filling up the DagBag from /opt/airflow/dags/dag.py
[2026-08-14T03:28:50.310+0000] {logging_mixin.py:151} INFO - [2026-08-14T03:28:50.310+0000] {dagbag.py:346} ERROR - Failed to import: /opt/airflow/dags/dag.py
Traceback (most recent call last):
  File "/home/airflow/.local/lib/python3.8/site-packages/airflow/models/dagbag.py", line 342, in parse
    loader.exec_module(new_module)
  File "<frozen importlib._bootstrap_external>", line 839, in exec_module
  File "<frozen importlib._bootstrap_external>", line 976, in get_code
  File "<frozen importlib._bootstrap_external>", line 906, in source_to_code
  File "<frozen importlib._bootstrap>", line 219, in _call_with_frames_removed
  File "/opt/airflow/dags/dag.py", line 23
    )as dag
          ^
SyntaxError: invalid syntax
[2026-08-14T03:28:50.310+0000] {processor.py:841} WARNING - No viable dags retrieved from /opt/airflow/dags/dag.py
[2026-08-14T03:28:50.321+0000] {processor.py:179} INFO - Processing /opt/airflow/dags/dag.py took 0.023 seconds
[2026-08-14T03:29:20.651+0000] {processor.py:157} INFO - Started process (PID=13998) to work on /opt/airflow/dags/dag.py
[2026-08-14T03:29:20.652+0000] {processor.py:829} INFO - Processing file /opt/airflow/dags/dag.py for tasks to queue
[2026-08-14T03:29:20.654+0000] {logging_mixin.py:151} INFO - [2026-08-14T03:29:20.654+0000] {dagbag.py:536} INFO - Filling up the DagBag from /opt/airflow/dags/dag.py
[2026-08-14T03:29:20.659+0000] {logging_mixin.py:151} INFO - [2026-08-14T03:29:20.658+0000] {dagbag.py:346} ERROR - Failed to import: /opt/airflow/dags/dag.py
Traceback (most recent call last):
  File "/home/airflow/.local/lib/python3.8/site-packages/airflow/models/dagbag.py", line 342, in parse
    loader.exec_module(new_module)
  File "<frozen importlib._bootstrap_external>", line 839, in exec_module
  File "<frozen importlib._bootstrap_external>", line 976, in get_code
  File "<frozen importlib._bootstrap_external>", line 906, in source_to_code
  File "<frozen importlib._bootstrap>", line 219, in _call_with_frames_removed
  File "/opt/airflow/dags/dag.py", line 23
    )as dag
          ^
SyntaxError: invalid syntax
[2026-08-14T03:29:20.659+0000] {processor.py:841} WARNING - No viable dags retrieved from /opt/airflow/dags/dag.py
[2026-08-14T03:29:20.672+0000] {processor.py:179} INFO - Processing /opt/airflow/dags/dag.py took 0.022 seconds
[2026-08-14T03:29:50.989+0000] {processor.py:157} INFO - Started process (PID=14006) to work on /opt/airflow/dags/dag.py
[2026-08-14T03:29:50.990+0000] {processor.py:829} INFO - Processing file /opt/airflow/dags/dag.py for tasks to queue
[2026-08-14T03:29:50.992+0000] {logging_mixin.py:151} INFO - [2026-08-14T03:29:50.992+0000] {dagbag.py:536} INFO - Filling up the DagBag from /opt/airflow/dags/dag.py
[2026-08-14T03:29:50.998+0000] {logging_mixin.py:151} INFO - [2026-08-14T03:29:50.998+0000] {dagbag.py:346} ERROR - Failed to import: /opt/airflow/dags/dag.py
Traceback (most recent call last):
  File "/home/airflow/.local/lib/python3.8/site-packages/airflow/models/dagbag.py", line 342, in parse
    loader.exec_module(new_module)
  File "<frozen importlib._bootstrap_external>", line 839, in exec_module
  File "<frozen importlib._bootstrap_external>", line 976, in get_code
  File "<frozen importlib._bootstrap_external>", line 906, in source_to_code
  File "<frozen importlib._bootstrap>", line 219, in _call_with_frames_removed
  File "/opt/airflow/dags/dag.py", line 23
    )as dag
          ^
SyntaxError: invalid syntax
[2026-08-14T03:29:50.999+0000] {processor.py:841} WARNING - No viable dags retrieved from /opt/airflow/dags/dag.py
[2026-08-14T03:29:51.009+0000] {processor.py:179} INFO - Processing /opt/airflow/dags/dag.py took 0.022 seconds
[2026-08-14T03:30:21.317+0000] {processor.py:157} INFO - Started process (PID=14014) to work on /opt/airflow/dags/dag.py
[2026-08-14T03:30:21.318+0000] {processor.py:829} INFO - Processing file /opt/airflow/dags/dag.py for tasks to queue
[2026-08-14T03:30:21.319+0000] {logging_mixin.py:151} INFO - [2026-08-14T03:30:21.319+0000] {dagbag.py:536} INFO - Filling up the DagBag from /opt/airflow/dags/dag.py
[2026-08-14T03:30:21.326+0000] {logging_mixin.py:151} INFO - [2026-08-14T03:30:21.325+0000] {dagbag.py:346} ERROR - Failed to import: /opt/airflow/dags/dag.py
Traceback (most recent call last):
  File "/home/airflow/.local/lib/python3.8/site-packages/airflow/models/dagbag.py", line 342, in parse
    loader.exec_module(new_module)
  File "<frozen importlib._bootstrap_external>", line 839, in exec_module
  File "<frozen importlib._bootstrap_external>", line 976, in get_code
  File "<frozen importlib._bootstrap_external>", line 906, in source_to_code
  File "<frozen importlib._bootstrap>", line 219, in _call_with_frames_removed
  File "/opt/airflow/dags/dag.py", line 23
    )as dag
          ^
SyntaxError: invalid syntax
[2026-08-14T03:30:21.326+0000] {processor.py:841} WARNING - No viable dags retrieved from /opt/airflow/dags/dag.py
[2026-08-14T03:30:21.338+0000] {processor.py:179} INFO - Processing /opt/airflow/dags/dag.py took 0.023 seconds
[2026-08-14T03:30:51.680+0000] {processor.py:157} INFO - Started process (PID=14022) to work on /opt/airflow/dags/dag.py
[2026-08-14T03:30:51.680+0000] {processor.py:829} INFO - Processing file /opt/airflow/dags/dag.py for tasks to queue
[2026-08-14T03:30:51.682+0000] {logging_mixin.py:151} INFO - [2026-08-14T03:30:51.682+0000] {dagbag.py:536} INFO - Filling up the DagBag from /opt/airflow/dags/dag.py
[2026-08-14T03:30:51.687+0000] {logging_mixin.py:151} INFO - [2026-08-14T03:30:51.686+0000] {dagbag.py:346} ERROR - Failed to import: /opt/airflow/dags/dag.py
Traceback (most recent call last):
  File "/home/airflow/.local/lib/python3.8/site-packages/airflow/models/dagbag.py", line 342, in parse
    loader.exec_module(new_module)
  File "<frozen importlib._bootstrap_external>", line 839, in exec_module
  File "<frozen importlib._bootstrap_external>", line 976, in get_code
  File "<frozen importlib._bootstrap_external>", line 906, in source_to_code
  File "<frozen importlib._bootstrap>", line 219, in _call_with_frames_removed
  File "/opt/airflow/dags/dag.py", line 23
    )as dag
          ^
SyntaxError: invalid syntax
[2026-08-14T03:30:51.687+0000] {processor.py:841} WARNING - No viable dags retrieved from /opt/airflow/dags/dag.py
[2026-08-14T03:30:51.701+0000] {processor.py:179} INFO - Processing /opt/airflow/dags/dag.py took 0.023 seconds
[2026-08-14T03:31:22.092+0000] {processor.py:157} INFO - Started process (PID=14030) to work on /opt/airflow/dags/dag.py
[2026-08-14T03:31:22.092+0000] {processor.py:829} INFO - Processing file /opt/airflow/dags/dag.py for tasks to queue
[2026-08-14T03:31:22.094+0000] {logging_mixin.py:151} INFO - [2026-08-14T03:31:22.094+0000] {dagbag.py:536} INFO - Filling up the DagBag from /opt/airflow/dags/dag.py
[2026-08-14T03:31:22.101+0000] {logging_mixin.py:151} INFO - [2026-08-14T03:31:22.100+0000] {dagbag.py:346} ERROR - Failed to import: /opt/airflow/dags/dag.py
Traceback (most recent call last):
  File "/home/airflow/.local/lib/python3.8/site-packages/airflow/models/dagbag.py", line 342, in parse
    loader.exec_module(new_module)
  File "<frozen importlib._bootstrap_external>", line 839, in exec_module
  File "<frozen importlib._bootstrap_external>", line 976, in get_code
  File "<frozen importlib._bootstrap_external>", line 906, in source_to_code
  File "<frozen importlib._bootstrap>", line 219, in _call_with_frames_removed
  File "/opt/airflow/dags/dag.py", line 23
    )as dag
          ^
SyntaxError: invalid syntax
[2026-08-14T03:31:22.102+0000] {processor.py:841} WARNING - No viable dags retrieved from /opt/airflow/dags/dag.py
[2026-08-14T03:31:22.114+0000] {processor.py:179} INFO - Processing /opt/airflow/dags/dag.py took 0.025 seconds
[2026-08-14T03:31:52.449+0000] {processor.py:157} INFO - Started process (PID=14038) to work on /opt/airflow/dags/dag.py
[2026-08-14T03:31:52.449+0000] {processor.py:829} INFO - Processing file /opt/airflow/dags/dag.py for tasks to queue
[2026-08-14T03:31:52.451+0000] {logging_mixin.py:151} INFO - [2026-08-14T03:31:52.451+0000] {dagbag.py:536} INFO - Filling up the DagBag from /opt/airflow/dags/dag.py
[2026-08-14T03:31:52.455+0000] {logging_mixin.py:151} INFO - [2026-08-14T03:31:52.454+0000] {dagbag.py:346} ERROR - Failed to import: /opt/airflow/dags/dag.py
Traceback (most recent call last):
  File "/home/airflow/.local/lib/python3.8/site-packages/airflow/models/dagbag.py", line 342, in parse
    loader.exec_module(new_module)
  File "<frozen importlib._bootstrap_external>", line 839, in exec_module
  File "<frozen importlib._bootstrap_external>", line 976, in get_code
  File "<frozen importlib._bootstrap_external>", line 906, in source_to_code
  File "<frozen importlib._bootstrap>", line 219, in _call_with_frames_removed
  File "/opt/airflow/dags/dag.py", line 23
    )as dag
          ^
SyntaxError: invalid syntax
[2026-08-14T03:31:52.455+0000] {processor.py:841} WARNING - No viable dags retrieved from /opt/airflow/dags/dag.py
[2026-08-14T03:31:52.470+0000] {processor.py:179} INFO - Processing /opt/airflow/dags/dag.py took 0.023 seconds
[2026-08-14T03:32:22.817+0000] {processor.py:157} INFO - Started process (PID=14046) to work on /opt/airflow/dags/dag.py
[2026-08-14T03:32:22.818+0000] {processor.py:829} INFO - Processing file /opt/airflow/dags/dag.py for tasks to queue
[2026-08-14T03:32:22.821+0000] {logging_mixin.py:151} INFO - [2026-08-14T03:32:22.821+0000] {dagbag.py:536} INFO - Filling up the DagBag from /opt/airflow/dags/dag.py
[2026-08-14T03:32:22.825+0000] {logging_mixin.py:151} INFO - [2026-08-14T03:32:22.825+0000] {dagbag.py:346} ERROR - Failed to import: /opt/airflow/dags/dag.py
Traceback (most recent call last):
  File "/home/airflow/.local/lib/python3.8/site-packages/airflow/models/dagbag.py", line 342, in parse
    loader.exec_module(new_module)
  File "<frozen importlib._bootstrap_external>", line 839, in exec_module
  File "<frozen importlib._bootstrap_external>", line 976, in get_code
  File "<frozen importlib._bootstrap_external>", line 906, in source_to_code
  File "<frozen importlib._bootstrap>", line 219, in _call_with_frames_removed
  File "/opt/airflow/dags/dag.py", line 23
    )as dag
          ^
SyntaxError: invalid syntax
[2026-08-14T03:32:22.828+0000] {processor.py:841} WARNING - No viable dags retrieved from /opt/airflow/dags/dag.py
[2026-08-14T03:32:22.850+0000] {processor.py:179} INFO - Processing /opt/airflow/dags/dag.py took 0.036 seconds
[2026-08-14T03:32:53.213+0000] {processor.py:157} INFO - Started process (PID=14054) to work on /opt/airflow/dags/dag.py
[2026-08-14T03:32:53.214+0000] {processor.py:829} INFO - Processing file /opt/airflow/dags/dag.py for tasks to queue
[2026-08-14T03:32:53.216+0000] {logging_mixin.py:151} INFO - [2026-08-14T03:32:53.216+0000] {dagbag.py:536} INFO - Filling up the DagBag from /opt/airflow/dags/dag.py
[2026-08-14T03:32:53.222+0000] {logging_mixin.py:151} INFO - [2026-08-14T03:32:53.221+0000] {dagbag.py:346} ERROR - Failed to import: /opt/airflow/dags/dag.py
Traceback (most recent call last):
  File "/home/airflow/.local/lib/python3.8/site-packages/airflow/models/dagbag.py", line 342, in parse
    loader.exec_module(new_module)
  File "<frozen importlib._bootstrap_external>", line 839, in exec_module
  File "<frozen importlib._bootstrap_external>", line 976, in get_code
  File "<frozen importlib._bootstrap_external>", line 906, in source_to_code
  File "<frozen importlib._bootstrap>", line 219, in _call_with_frames_removed
  File "/opt/airflow/dags/dag.py", line 23
    )as dag
          ^
SyntaxError: invalid syntax
[2026-08-14T03:32:53.222+0000] {processor.py:841} WARNING - No viable dags retrieved from /opt/airflow/dags/dag.py
[2026-08-14T03:32:53.242+0000] {processor.py:179} INFO - Processing /opt/airflow/dags/dag.py took 0.032 seconds
[2026-08-14T03:33:23.571+0000] {processor.py:157} INFO - Started process (PID=14062) to work on /opt/airflow/dags/dag.py
[2026-08-14T03:33:23.572+0000] {processor.py:829} INFO - Processing file /opt/airflow/dags/dag.py for tasks to queue
[2026-08-14T03:33:23.576+0000] {logging_mixin.py:151} INFO - [2026-08-14T03:33:23.575+0000] {dagbag.py:536} INFO - Filling up the DagBag from /opt/airflow/dags/dag.py
[2026-08-14T03:33:23.583+0000] {logging_mixin.py:151} INFO - [2026-08-14T03:33:23.583+0000] {dagbag.py:346} ERROR - Failed to import: /opt/airflow/dags/dag.py
Traceback (most recent call last):
  File "/home/airflow/.local/lib/python3.8/site-packages/airflow/models/dagbag.py", line 342, in parse
    loader.exec_module(new_module)
  File "<frozen importlib._bootstrap_external>", line 839, in exec_module
  File "<frozen importlib._bootstrap_external>", line 976, in get_code
  File "<frozen importlib._bootstrap_external>", line 906, in source_to_code
  File "<frozen importlib._bootstrap>", line 219, in _call_with_frames_removed
  File "/opt/airflow/dags/dag.py", line 23
    )as dag
          ^
SyntaxError: invalid syntax
[2026-08-14T03:33:23.583+0000] {processor.py:841} WARNING - No viable dags retrieved from /opt/airflow/dags/dag.py
[2026-08-14T03:33:23.595+0000] {processor.py:179} INFO - Processing /opt/airflow/dags/dag.py took 0.027 seconds
[2026-08-14T03:33:53.915+0000] {processor.py:157} INFO - Started process (PID=14070) to work on /opt/airflow/dags/dag.py
[2026-08-14T03:33:53.915+0000] {processor.py:829} INFO - Processing file /opt/airflow/dags/dag.py for tasks to queue
[2026-08-14T03:33:53.920+0000] {logging_mixin.py:151} INFO - [2026-08-14T03:33:53.920+0000] {dagbag.py:536} INFO - Filling up the DagBag from /opt/airflow/dags/dag.py
[2026-08-14T03:33:53.923+0000] {logging_mixin.py:151} INFO - [2026-08-14T03:33:53.922+0000] {dagbag.py:346} ERROR - Failed to import: /opt/airflow/dags/dag.py
Traceback (most recent call last):
  File "/home/airflow/.local/lib/python3.8/site-packages/airflow/models/dagbag.py", line 342, in parse
    loader.exec_module(new_module)
  File "<frozen importlib._bootstrap_external>", line 839, in exec_module
  File "<frozen importlib._bootstrap_external>", line 976, in get_code
  File "<frozen importlib._bootstrap_external>", line 906, in source_to_code
  File "<frozen importlib._bootstrap>", line 219, in _call_with_frames_removed
  File "/opt/airflow/dags/dag.py", line 23
    )as dag
          ^
SyntaxError: invalid syntax
[2026-08-14T03:33:53.923+0000] {processor.py:841} WARNING - No viable dags retrieved from /opt/airflow/dags/dag.py
[2026-08-14T03:33:53.935+0000] {processor.py:179} INFO - Processing /opt/airflow/dags/dag.py took 0.022 seconds
[2026-08-14T03:34:24.306+0000] {processor.py:157} INFO - Started process (PID=14078) to work on /opt/airflow/dags/dag.py
[2026-08-14T03:34:24.307+0000] {processor.py:829} INFO - Processing file /opt/airflow/dags/dag.py for tasks to queue
[2026-08-14T03:34:24.310+0000] {logging_mixin.py:151} INFO - [2026-08-14T03:34:24.310+0000] {dagbag.py:536} INFO - Filling up the DagBag from /opt/airflow/dags/dag.py
[2026-08-14T03:34:24.314+0000] {logging_mixin.py:151} INFO - [2026-08-14T03:34:24.313+0000] {dagbag.py:346} ERROR - Failed to import: /opt/airflow/dags/dag.py
Traceback (most recent call last):
  File "/home/airflow/.local/lib/python3.8/site-packages/airflow/models/dagbag.py", line 342, in parse
    loader.exec_module(new_module)
  File "<frozen importlib._bootstrap_external>", line 839, in exec_module
  File "<frozen importlib._bootstrap_external>", line 976, in get_code
  File "<frozen importlib._bootstrap_external>", line 906, in source_to_code
  File "<frozen importlib._bootstrap>", line 219, in _call_with_frames_removed
  File "/opt/airflow/dags/dag.py", line 23
    )as dag
          ^
SyntaxError: invalid syntax
[2026-08-14T03:34:24.314+0000] {processor.py:841} WARNING - No viable dags retrieved from /opt/airflow/dags/dag.py
[2026-08-14T03:34:24.326+0000] {processor.py:179} INFO - Processing /opt/airflow/dags/dag.py took 0.022 seconds
[2026-08-14T03:34:54.652+0000] {processor.py:157} INFO - Started process (PID=14086) to work on /opt/airflow/dags/dag.py
[2026-08-14T03:34:54.652+0000] {processor.py:829} INFO - Processing file /opt/airflow/dags/dag.py for tasks to queue
[2026-08-14T03:34:54.657+0000] {logging_mixin.py:151} INFO - [2026-08-14T03:34:54.657+0000] {dagbag.py:536} INFO - Filling up the DagBag from /opt/airflow/dags/dag.py
[2026-08-14T03:34:54.660+0000] {logging_mixin.py:151} INFO - [2026-08-14T03:34:54.659+0000] {dagbag.py:346} ERROR - Failed to import: /opt/airflow/dags/dag.py
Traceback (most recent call last):
  File "/home/airflow/.local/lib/python3.8/site-packages/airflow/models/dagbag.py", line 342, in parse
    loader.exec_module(new_module)
  File "<frozen importlib._bootstrap_external>", line 839, in exec_module
  File "<frozen importlib._bootstrap_external>", line 976, in get_code
  File "<frozen importlib._bootstrap_external>", line 906, in source_to_code
  File "<frozen importlib._bootstrap>", line 219, in _call_with_frames_removed
  File "/opt/airflow/dags/dag.py", line 23
    )as dag
          ^
SyntaxError: invalid syntax
[2026-08-14T03:34:54.660+0000] {processor.py:841} WARNING - No viable dags retrieved from /opt/airflow/dags/dag.py
[2026-08-14T03:34:54.672+0000] {processor.py:179} INFO - Processing /opt/airflow/dags/dag.py took 0.022 seconds
[2026-08-14T03:35:25.078+0000] {processor.py:157} INFO - Started process (PID=14094) to work on /opt/airflow/dags/dag.py
[2026-08-14T03:35:25.079+0000] {processor.py:829} INFO - Processing file /opt/airflow/dags/dag.py for tasks to queue
[2026-08-14T03:35:25.081+0000] {logging_mixin.py:151} INFO - [2026-08-14T03:35:25.081+0000] {dagbag.py:536} INFO - Filling up the DagBag from /opt/airflow/dags/dag.py
[2026-08-14T03:35:25.087+0000] {logging_mixin.py:151} INFO - [2026-08-14T03:35:25.087+0000] {dagbag.py:346} ERROR - Failed to import: /opt/airflow/dags/dag.py
Traceback (most recent call last):
  File "/home/airflow/.local/lib/python3.8/site-packages/airflow/models/dagbag.py", line 342, in parse
    loader.exec_module(new_module)
  File "<frozen importlib._bootstrap_external>", line 839, in exec_module
  File "<frozen importlib._bootstrap_external>", line 976, in get_code
  File "<frozen importlib._bootstrap_external>", line 906, in source_to_code
  File "<frozen importlib._bootstrap>", line 219, in _call_with_frames_removed
  File "/opt/airflow/dags/dag.py", line 23
    )as dag
          ^
SyntaxError: invalid syntax
[2026-08-14T03:35:25.088+0000] {processor.py:841} WARNING - No viable dags retrieved from /opt/airflow/dags/dag.py
[2026-08-14T03:35:25.104+0000] {processor.py:179} INFO - Processing /opt/airflow/dags/dag.py took 0.029 seconds
[2026-08-14T03:35:55.474+0000] {processor.py:157} INFO - Started process (PID=14102) to work on /opt/airflow/dags/dag.py
[2026-08-14T03:35:55.476+0000] {processor.py:829} INFO - Processing file /opt/airflow/dags/dag.py for tasks to queue
[2026-08-14T03:35:55.478+0000] {logging_mixin.py:151} INFO - [2026-08-14T03:35:55.478+0000] {dagbag.py:536} INFO - Filling up the DagBag from /opt/airflow/dags/dag.py
[2026-08-14T03:35:55.482+0000] {logging_mixin.py:151} INFO - [2026-08-14T03:35:55.482+0000] {dagbag.py:346} ERROR - Failed to import: /opt/airflow/dags/dag.py
Traceback (most recent call last):
  File "/home/airflow/.local/lib/python3.8/site-packages/airflow/models/dagbag.py", line 342, in parse
    loader.exec_module(new_module)
  File "<frozen importlib._bootstrap_external>", line 839, in exec_module
  File "<frozen importlib._bootstrap_external>", line 976, in get_code
  File "<frozen importlib._bootstrap_external>", line 906, in source_to_code
  File "<frozen importlib._bootstrap>", line 219, in _call_with_frames_removed
  File "/opt/airflow/dags/dag.py", line 23
    )as dag
          ^
SyntaxError: invalid syntax
[2026-08-14T03:35:55.483+0000] {processor.py:841} WARNING - No viable dags retrieved from /opt/airflow/dags/dag.py
[2026-08-14T03:35:55.498+0000] {processor.py:179} INFO - Processing /opt/airflow/dags/dag.py took 0.026 seconds
[2026-08-14T03:36:25.825+0000] {processor.py:157} INFO - Started process (PID=14110) to work on /opt/airflow/dags/dag.py
[2026-08-14T03:36:25.826+0000] {processor.py:829} INFO - Processing file /opt/airflow/dags/dag.py for tasks to queue
[2026-08-14T03:36:25.829+0000] {logging_mixin.py:151} INFO - [2026-08-14T03:36:25.828+0000] {dagbag.py:536} INFO - Filling up the DagBag from /opt/airflow/dags/dag.py
[2026-08-14T03:36:25.835+0000] {logging_mixin.py:151} INFO - [2026-08-14T03:36:25.834+0000] {dagbag.py:346} ERROR - Failed to import: /opt/airflow/dags/dag.py
Traceback (most recent call last):
  File "/home/airflow/.local/lib/python3.8/site-packages/airflow/models/dagbag.py", line 342, in parse
    loader.exec_module(new_module)
  File "<frozen importlib._bootstrap_external>", line 839, in exec_module
  File "<frozen importlib._bootstrap_external>", line 976, in get_code
  File "<frozen importlib._bootstrap_external>", line 906, in source_to_code
  File "<frozen importlib._bootstrap>", line 219, in _call_with_frames_removed
  File "/opt/airflow/dags/dag.py", line 23
    )as dag
          ^
SyntaxError: invalid syntax
[2026-08-14T03:36:25.838+0000] {processor.py:841} WARNING - No viable dags retrieved from /opt/airflow/dags/dag.py
[2026-08-14T03:36:25.861+0000] {processor.py:179} INFO - Processing /opt/airflow/dags/dag.py took 0.039 seconds
[2026-08-14T03:36:56.230+0000] {processor.py:157} INFO - Started process (PID=14118) to work on /opt/airflow/dags/dag.py
[2026-08-14T03:36:56.230+0000] {processor.py:829} INFO - Processing file /opt/airflow/dags/dag.py for tasks to queue
[2026-08-14T03:36:56.235+0000] {logging_mixin.py:151} INFO - [2026-08-14T03:36:56.235+0000] {dagbag.py:536} INFO - Filling up the DagBag from /opt/airflow/dags/dag.py
[2026-08-14T03:36:56.237+0000] {logging_mixin.py:151} INFO - [2026-08-14T03:36:56.236+0000] {dagbag.py:346} ERROR - Failed to import: /opt/airflow/dags/dag.py
Traceback (most recent call last):
  File "/home/airflow/.local/lib/python3.8/site-packages/airflow/models/dagbag.py", line 342, in parse
    loader.exec_module(new_module)
  File "<frozen importlib._bootstrap_external>", line 839, in exec_module
  File "<frozen importlib._bootstrap_external>", line 976, in get_code
  File "<frozen importlib._bootstrap_external>", line 906, in source_to_code
  File "<frozen importlib._bootstrap>", line 219, in _call_with_frames_removed
  File "/opt/airflow/dags/dag.py", line 23
    )as dag
          ^
SyntaxError: invalid syntax
[2026-08-14T03:36:56.237+0000] {processor.py:841} WARNING - No viable dags retrieved from /opt/airflow/dags/dag.py
[2026-08-14T03:36:56.255+0000] {processor.py:179} INFO - Processing /opt/airflow/dags/dag.py took 0.028 seconds
[2026-08-14T03:37:26.566+0000] {processor.py:157} INFO - Started process (PID=14126) to work on /opt/airflow/dags/dag.py
[2026-08-14T03:37:26.567+0000] {processor.py:829} INFO - Processing file /opt/airflow/dags/dag.py for tasks to queue
[2026-08-14T03:37:26.572+0000] {logging_mixin.py:151} INFO - [2026-08-14T03:37:26.572+0000] {dagbag.py:536} INFO - Filling up the DagBag from /opt/airflow/dags/dag.py
[2026-08-14T03:37:26.580+0000] {logging_mixin.py:151} INFO - [2026-08-14T03:37:26.579+0000] {dagbag.py:346} ERROR - Failed to import: /opt/airflow/dags/dag.py
Traceback (most recent call last):
  File "/home/airflow/.local/lib/python3.8/site-packages/airflow/models/dagbag.py", line 342, in parse
    loader.exec_module(new_module)
  File "<frozen importlib._bootstrap_external>", line 839, in exec_module
  File "<frozen importlib._bootstrap_external>", line 976, in get_code
  File "<frozen importlib._bootstrap_external>", line 906, in source_to_code
  File "<frozen importlib._bootstrap>", line 219, in _call_with_frames_removed
  File "/opt/airflow/dags/dag.py", line 23
    )as dag
          ^
SyntaxError: invalid syntax
[2026-08-14T03:37:26.580+0000] {processor.py:841} WARNING - No viable dags retrieved from /opt/airflow/dags/dag.py
[2026-08-14T03:37:26.593+0000] {processor.py:179} INFO - Processing /opt/airflow/dags/dag.py took 0.029 seconds
[2026-08-14T03:37:56.886+0000] {processor.py:157} INFO - Started process (PID=14134) to work on /opt/airflow/dags/dag.py
[2026-08-14T03:37:56.886+0000] {processor.py:829} INFO - Processing file /opt/airflow/dags/dag.py for tasks to queue
[2026-08-14T03:37:56.890+0000] {logging_mixin.py:151} INFO - [2026-08-14T03:37:56.890+0000] {dagbag.py:536} INFO - Filling up the DagBag from /opt/airflow/dags/dag.py
[2026-08-14T03:37:56.896+0000] {logging_mixin.py:151} INFO - [2026-08-14T03:37:56.895+0000] {dagbag.py:346} ERROR - Failed to import: /opt/airflow/dags/dag.py
Traceback (most recent call last):
  File "/home/airflow/.local/lib/python3.8/site-packages/airflow/models/dagbag.py", line 342, in parse
    loader.exec_module(new_module)
  File "<frozen importlib._bootstrap_external>", line 839, in exec_module
  File "<frozen importlib._bootstrap_external>", line 976, in get_code
  File "<frozen importlib._bootstrap_external>", line 906, in source_to_code
  File "<frozen importlib._bootstrap>", line 219, in _call_with_frames_removed
  File "/opt/airflow/dags/dag.py", line 23
    )as dag
          ^
SyntaxError: invalid syntax
[2026-08-14T03:37:56.896+0000] {processor.py:841} WARNING - No viable dags retrieved from /opt/airflow/dags/dag.py
[2026-08-14T03:37:56.911+0000] {processor.py:179} INFO - Processing /opt/airflow/dags/dag.py took 0.028 seconds
[2026-08-14T03:38:27.272+0000] {processor.py:157} INFO - Started process (PID=14142) to work on /opt/airflow/dags/dag.py
[2026-08-14T03:38:27.272+0000] {processor.py:829} INFO - Processing file /opt/airflow/dags/dag.py for tasks to queue
[2026-08-14T03:38:27.276+0000] {logging_mixin.py:151} INFO - [2026-08-14T03:38:27.276+0000] {dagbag.py:536} INFO - Filling up the DagBag from /opt/airflow/dags/dag.py
[2026-08-14T03:38:27.280+0000] {logging_mixin.py:151} INFO - [2026-08-14T03:38:27.279+0000] {dagbag.py:346} ERROR - Failed to import: /opt/airflow/dags/dag.py
Traceback (most recent call last):
  File "/home/airflow/.local/lib/python3.8/site-packages/airflow/models/dagbag.py", line 342, in parse
    loader.exec_module(new_module)
  File "<frozen importlib._bootstrap_external>", line 839, in exec_module
  File "<frozen importlib._bootstrap_external>", line 976, in get_code
  File "<frozen importlib._bootstrap_external>", line 906, in source_to_code
  File "<frozen importlib._bootstrap>", line 219, in _call_with_frames_removed
  File "/opt/airflow/dags/dag.py", line 23
    )as dag
          ^
SyntaxError: invalid syntax
[2026-08-14T03:38:27.283+0000] {processor.py:841} WARNING - No viable dags retrieved from /opt/airflow/dags/dag.py
[2026-08-14T03:38:27.299+0000] {processor.py:179} INFO - Processing /opt/airflow/dags/dag.py took 0.030 seconds
[2026-08-14T03:38:57.632+0000] {processor.py:157} INFO - Started process (PID=14150) to work on /opt/airflow/dags/dag.py
[2026-08-14T03:38:57.633+0000] {processor.py:829} INFO - Processing file /opt/airflow/dags/dag.py for tasks to queue
[2026-08-14T03:38:57.634+0000] {logging_mixin.py:151} INFO - [2026-08-14T03:38:57.634+0000] {dagbag.py:536} INFO - Filling up the DagBag from /opt/airflow/dags/dag.py
[2026-08-14T03:38:57.639+0000] {logging_mixin.py:151} INFO - [2026-08-14T03:38:57.638+0000] {dagbag.py:346} ERROR - Failed to import: /opt/airflow/dags/dag.py
Traceback (most recent call last):
  File "/home/airflow/.local/lib/python3.8/site-packages/airflow/models/dagbag.py", line 342, in parse
    loader.exec_module(new_module)
  File "<frozen importlib._bootstrap_external>", line 839, in exec_module
  File "<frozen importlib._bootstrap_external>", line 976, in get_code
  File "<frozen importlib._bootstrap_external>", line 906, in source_to_code
  File "<frozen importlib._bootstrap>", line 219, in _call_with_frames_removed
  File "/opt/airflow/dags/dag.py", line 23
    )as dag
          ^
SyntaxError: invalid syntax
[2026-08-14T03:38:57.639+0000] {processor.py:841} WARNING - No viable dags retrieved from /opt/airflow/dags/dag.py
[2026-08-14T03:38:57.652+0000] {processor.py:179} INFO - Processing /opt/airflow/dags/dag.py took 0.022 seconds
[2026-08-14T03:39:28.001+0000] {processor.py:157} INFO - Started process (PID=14158) to work on /opt/airflow/dags/dag.py
[2026-08-14T03:39:28.002+0000] {processor.py:829} INFO - Processing file /opt/airflow/dags/dag.py for tasks to queue
[2026-08-14T03:39:28.004+0000] {logging_mixin.py:151} INFO - [2026-08-14T03:39:28.004+0000] {dagbag.py:536} INFO - Filling up the DagBag from /opt/airflow/dags/dag.py
[2026-08-14T03:39:28.012+0000] {logging_mixin.py:151} INFO - [2026-08-14T03:39:28.011+0000] {dagbag.py:346} ERROR - Failed to import: /opt/airflow/dags/dag.py
Traceback (most recent call last):
  File "/home/airflow/.local/lib/python3.8/site-packages/airflow/models/dagbag.py", line 342, in parse
    loader.exec_module(new_module)
  File "<frozen importlib._bootstrap_external>", line 839, in exec_module
  File "<frozen importlib._bootstrap_external>", line 976, in get_code
  File "<frozen importlib._bootstrap_external>", line 906, in source_to_code
  File "<frozen importlib._bootstrap>", line 219, in _call_with_frames_removed
  File "/opt/airflow/dags/dag.py", line 23
    )as dag
          ^
SyntaxError: invalid syntax
[2026-08-14T03:39:28.012+0000] {processor.py:841} WARNING - No viable dags retrieved from /opt/airflow/dags/dag.py
[2026-08-14T03:39:28.028+0000] {processor.py:179} INFO - Processing /opt/airflow/dags/dag.py took 0.029 seconds
[2026-08-14T03:39:58.410+0000] {processor.py:157} INFO - Started process (PID=14166) to work on /opt/airflow/dags/dag.py
[2026-08-14T03:39:58.411+0000] {processor.py:829} INFO - Processing file /opt/airflow/dags/dag.py for tasks to queue
[2026-08-14T03:39:58.413+0000] {logging_mixin.py:151} INFO - [2026-08-14T03:39:58.413+0000] {dagbag.py:536} INFO - Filling up the DagBag from /opt/airflow/dags/dag.py
[2026-08-14T03:39:58.421+0000] {logging_mixin.py:151} INFO - [2026-08-14T03:39:58.420+0000] {dagbag.py:346} ERROR - Failed to import: /opt/airflow/dags/dag.py
Traceback (most recent call last):
  File "/home/airflow/.local/lib/python3.8/site-packages/airflow/models/dagbag.py", line 342, in parse
    loader.exec_module(new_module)
  File "<frozen importlib._bootstrap_external>", line 839, in exec_module
  File "<frozen importlib._bootstrap_external>", line 976, in get_code
  File "<frozen importlib._bootstrap_external>", line 906, in source_to_code
  File "<frozen importlib._bootstrap>", line 219, in _call_with_frames_removed
  File "/opt/airflow/dags/dag.py", line 23
    )as dag
          ^
SyntaxError: invalid syntax
[2026-08-14T03:39:58.421+0000] {processor.py:841} WARNING - No viable dags retrieved from /opt/airflow/dags/dag.py
[2026-08-14T03:39:58.432+0000] {processor.py:179} INFO - Processing /opt/airflow/dags/dag.py took 0.025 seconds
[2026-08-14T03:40:28.780+0000] {processor.py:157} INFO - Started process (PID=14174) to work on /opt/airflow/dags/dag.py
[2026-08-14T03:40:28.780+0000] {processor.py:829} INFO - Processing file /opt/airflow/dags/dag.py for tasks to queue
[2026-08-14T03:40:28.783+0000] {logging_mixin.py:151} INFO - [2026-08-14T03:40:28.783+0000] {dagbag.py:536} INFO - Filling up the DagBag from /opt/airflow/dags/dag.py
[2026-08-14T03:40:28.789+0000] {logging_mixin.py:151} INFO - [2026-08-14T03:40:28.788+0000] {dagbag.py:346} ERROR - Failed to import: /opt/airflow/dags/dag.py
Traceback (most recent call last):
  File "/home/airflow/.local/lib/python3.8/site-packages/airflow/models/dagbag.py", line 342, in parse
    loader.exec_module(new_module)
  File "<frozen importlib._bootstrap_external>", line 839, in exec_module
  File "<frozen importlib._bootstrap_external>", line 976, in get_code
  File "<frozen importlib._bootstrap_external>", line 906, in source_to_code
  File "<frozen importlib._bootstrap>", line 219, in _call_with_frames_removed
  File "/opt/airflow/dags/dag.py", line 23
    )as dag
          ^
SyntaxError: invalid syntax
[2026-08-14T03:40:28.789+0000] {processor.py:841} WARNING - No viable dags retrieved from /opt/airflow/dags/dag.py
[2026-08-14T03:40:28.801+0000] {processor.py:179} INFO - Processing /opt/airflow/dags/dag.py took 0.024 seconds
[2026-08-14T03:40:59.148+0000] {processor.py:157} INFO - Started process (PID=14182) to work on /opt/airflow/dags/dag.py
[2026-08-14T03:40:59.149+0000] {processor.py:829} INFO - Processing file /opt/airflow/dags/dag.py for tasks to queue
[2026-08-14T03:40:59.154+0000] {logging_mixin.py:151} INFO - [2026-08-14T03:40:59.154+0000] {dagbag.py:536} INFO - Filling up the DagBag from /opt/airflow/dags/dag.py
[2026-08-14T03:40:59.156+0000] {logging_mixin.py:151} INFO - [2026-08-14T03:40:59.155+0000] {dagbag.py:346} ERROR - Failed to import: /opt/airflow/dags/dag.py
Traceback (most recent call last):
  File "/home/airflow/.local/lib/python3.8/site-packages/airflow/models/dagbag.py", line 342, in parse
    loader.exec_module(new_module)
  File "<frozen importlib._bootstrap_external>", line 839, in exec_module
  File "<frozen importlib._bootstrap_external>", line 976, in get_code
  File "<frozen importlib._bootstrap_external>", line 906, in source_to_code
  File "<frozen importlib._bootstrap>", line 219, in _call_with_frames_removed
  File "/opt/airflow/dags/dag.py", line 23
    )as dag
          ^
SyntaxError: invalid syntax
[2026-08-14T03:40:59.156+0000] {processor.py:841} WARNING - No viable dags retrieved from /opt/airflow/dags/dag.py
[2026-08-14T03:40:59.169+0000] {processor.py:179} INFO - Processing /opt/airflow/dags/dag.py took 0.022 seconds
[2026-08-14T03:41:29.535+0000] {processor.py:157} INFO - Started process (PID=14190) to work on /opt/airflow/dags/dag.py
[2026-08-14T03:41:29.535+0000] {processor.py:829} INFO - Processing file /opt/airflow/dags/dag.py for tasks to queue
[2026-08-14T03:41:29.538+0000] {logging_mixin.py:151} INFO - [2026-08-14T03:41:29.538+0000] {dagbag.py:536} INFO - Filling up the DagBag from /opt/airflow/dags/dag.py
[2026-08-14T03:41:29.547+0000] {logging_mixin.py:151} INFO - [2026-08-14T03:41:29.546+0000] {dagbag.py:346} ERROR - Failed to import: /opt/airflow/dags/dag.py
Traceback (most recent call last):
  File "/home/airflow/.local/lib/python3.8/site-packages/airflow/models/dagbag.py", line 342, in parse
    loader.exec_module(new_module)
  File "<frozen importlib._bootstrap_external>", line 839, in exec_module
  File "<frozen importlib._bootstrap_external>", line 976, in get_code
  File "<frozen importlib._bootstrap_external>", line 906, in source_to_code
  File "<frozen importlib._bootstrap>", line 219, in _call_with_frames_removed
  File "/opt/airflow/dags/dag.py", line 23
    )as dag
          ^
SyntaxError: invalid syntax
[2026-08-14T03:41:29.547+0000] {processor.py:841} WARNING - No viable dags retrieved from /opt/airflow/dags/dag.py
[2026-08-14T03:41:29.561+0000] {processor.py:179} INFO - Processing /opt/airflow/dags/dag.py took 0.030 seconds
[2026-08-14T03:41:59.863+0000] {processor.py:157} INFO - Started process (PID=14198) to work on /opt/airflow/dags/dag.py
[2026-08-14T03:41:59.864+0000] {processor.py:829} INFO - Processing file /opt/airflow/dags/dag.py for tasks to queue
[2026-08-14T03:41:59.866+0000] {logging_mixin.py:151} INFO - [2026-08-14T03:41:59.866+0000] {dagbag.py:536} INFO - Filling up the DagBag from /opt/airflow/dags/dag.py
[2026-08-14T03:41:59.874+0000] {logging_mixin.py:151} INFO - [2026-08-14T03:41:59.873+0000] {dagbag.py:346} ERROR - Failed to import: /opt/airflow/dags/dag.py
Traceback (most recent call last):
  File "/home/airflow/.local/lib/python3.8/site-packages/airflow/models/dagbag.py", line 342, in parse
    loader.exec_module(new_module)
  File "<frozen importlib._bootstrap_external>", line 839, in exec_module
  File "<frozen importlib._bootstrap_external>", line 976, in get_code
  File "<frozen importlib._bootstrap_external>", line 906, in source_to_code
  File "<frozen importlib._bootstrap>", line 219, in _call_with_frames_removed
  File "/opt/airflow/dags/dag.py", line 23
    )as dag
          ^
SyntaxError: invalid syntax
[2026-08-14T03:41:59.874+0000] {processor.py:841} WARNING - No viable dags retrieved from /opt/airflow/dags/dag.py
[2026-08-14T03:41:59.890+0000] {processor.py:179} INFO - Processing /opt/airflow/dags/dag.py took 0.029 seconds
[2026-08-14T03:42:30.164+0000] {processor.py:157} INFO - Started process (PID=14206) to work on /opt/airflow/dags/dag.py
[2026-08-14T03:42:30.165+0000] {processor.py:829} INFO - Processing file /opt/airflow/dags/dag.py for tasks to queue
[2026-08-14T03:42:30.170+0000] {logging_mixin.py:151} INFO - [2026-08-14T03:42:30.170+0000] {dagbag.py:536} INFO - Filling up the DagBag from /opt/airflow/dags/dag.py
[2026-08-14T03:42:30.172+0000] {logging_mixin.py:151} INFO - [2026-08-14T03:42:30.171+0000] {dagbag.py:346} ERROR - Failed to import: /opt/airflow/dags/dag.py
Traceback (most recent call last):
  File "/home/airflow/.local/lib/python3.8/site-packages/airflow/models/dagbag.py", line 342, in parse
    loader.exec_module(new_module)
  File "<frozen importlib._bootstrap_external>", line 839, in exec_module
  File "<frozen importlib._bootstrap_external>", line 976, in get_code
  File "<frozen importlib._bootstrap_external>", line 906, in source_to_code
  File "<frozen importlib._bootstrap>", line 219, in _call_with_frames_removed
  File "/opt/airflow/dags/dag.py", line 23
    )as dag
          ^
SyntaxError: invalid syntax
[2026-08-14T03:42:30.172+0000] {processor.py:841} WARNING - No viable dags retrieved from /opt/airflow/dags/dag.py
[2026-08-14T03:42:30.181+0000] {processor.py:179} INFO - Processing /opt/airflow/dags/dag.py took 0.019 seconds
[2026-08-14T03:43:00.516+0000] {processor.py:157} INFO - Started process (PID=14214) to work on /opt/airflow/dags/dag.py
[2026-08-14T03:43:00.517+0000] {processor.py:829} INFO - Processing file /opt/airflow/dags/dag.py for tasks to queue
[2026-08-14T03:43:00.519+0000] {logging_mixin.py:151} INFO - [2026-08-14T03:43:00.519+0000] {dagbag.py:536} INFO - Filling up the DagBag from /opt/airflow/dags/dag.py
[2026-08-14T03:43:00.525+0000] {logging_mixin.py:151} INFO - [2026-08-14T03:43:00.525+0000] {dagbag.py:346} ERROR - Failed to import: /opt/airflow/dags/dag.py
Traceback (most recent call last):
  File "/home/airflow/.local/lib/python3.8/site-packages/airflow/models/dagbag.py", line 342, in parse
    loader.exec_module(new_module)
  File "<frozen importlib._bootstrap_external>", line 839, in exec_module
  File "<frozen importlib._bootstrap_external>", line 976, in get_code
  File "<frozen importlib._bootstrap_external>", line 906, in source_to_code
  File "<frozen importlib._bootstrap>", line 219, in _call_with_frames_removed
  File "/opt/airflow/dags/dag.py", line 23
    )as dag
          ^
SyntaxError: invalid syntax
[2026-08-14T03:43:00.525+0000] {processor.py:841} WARNING - No viable dags retrieved from /opt/airflow/dags/dag.py
[2026-08-14T03:43:00.536+0000] {processor.py:179} INFO - Processing /opt/airflow/dags/dag.py took 0.022 seconds
[2026-08-14T03:43:30.875+0000] {processor.py:157} INFO - Started process (PID=14222) to work on /opt/airflow/dags/dag.py
[2026-08-14T03:43:30.877+0000] {processor.py:829} INFO - Processing file /opt/airflow/dags/dag.py for tasks to queue
[2026-08-14T03:43:30.878+0000] {logging_mixin.py:151} INFO - [2026-08-14T03:43:30.878+0000] {dagbag.py:536} INFO - Filling up the DagBag from /opt/airflow/dags/dag.py
[2026-08-14T03:43:30.884+0000] {logging_mixin.py:151} INFO - [2026-08-14T03:43:30.883+0000] {dagbag.py:346} ERROR - Failed to import: /opt/airflow/dags/dag.py
Traceback (most recent call last):
  File "/home/airflow/.local/lib/python3.8/site-packages/airflow/models/dagbag.py", line 342, in parse
    loader.exec_module(new_module)
  File "<frozen importlib._bootstrap_external>", line 839, in exec_module
  File "<frozen importlib._bootstrap_external>", line 976, in get_code
  File "<frozen importlib._bootstrap_external>", line 906, in source_to_code
  File "<frozen importlib._bootstrap>", line 219, in _call_with_frames_removed
  File "/opt/airflow/dags/dag.py", line 23
    )as dag
          ^
SyntaxError: invalid syntax
[2026-08-14T03:43:30.884+0000] {processor.py:841} WARNING - No viable dags retrieved from /opt/airflow/dags/dag.py
[2026-08-14T03:43:30.902+0000] {processor.py:179} INFO - Processing /opt/airflow/dags/dag.py took 0.029 seconds
[2026-08-14T03:44:01.273+0000] {processor.py:157} INFO - Started process (PID=14230) to work on /opt/airflow/dags/dag.py
[2026-08-14T03:44:01.273+0000] {processor.py:829} INFO - Processing file /opt/airflow/dags/dag.py for tasks to queue
[2026-08-14T03:44:01.275+0000] {logging_mixin.py:151} INFO - [2026-08-14T03:44:01.275+0000] {dagbag.py:536} INFO - Filling up the DagBag from /opt/airflow/dags/dag.py
[2026-08-14T03:44:01.279+0000] {logging_mixin.py:151} INFO - [2026-08-14T03:44:01.279+0000] {dagbag.py:346} ERROR - Failed to import: /opt/airflow/dags/dag.py
Traceback (most recent call last):
  File "/home/airflow/.local/lib/python3.8/site-packages/airflow/models/dagbag.py", line 342, in parse
    loader.exec_module(new_module)
  File "<frozen importlib._bootstrap_external>", line 839, in exec_module
  File "<frozen importlib._bootstrap_external>", line 976, in get_code
  File "<frozen importlib._bootstrap_external>", line 906, in source_to_code
  File "<frozen importlib._bootstrap>", line 219, in _call_with_frames_removed
  File "/opt/airflow/dags/dag.py", line 23
    )as dag
          ^
SyntaxError: invalid syntax
[2026-08-14T03:44:01.279+0000] {processor.py:841} WARNING - No viable dags retrieved from /opt/airflow/dags/dag.py
[2026-08-14T03:44:01.291+0000] {processor.py:179} INFO - Processing /opt/airflow/dags/dag.py took 0.020 seconds
[2026-08-14T03:44:31.654+0000] {processor.py:157} INFO - Started process (PID=14238) to work on /opt/airflow/dags/dag.py
[2026-08-14T03:44:31.655+0000] {processor.py:829} INFO - Processing file /opt/airflow/dags/dag.py for tasks to queue
[2026-08-14T03:44:31.657+0000] {logging_mixin.py:151} INFO - [2026-08-14T03:44:31.656+0000] {dagbag.py:536} INFO - Filling up the DagBag from /opt/airflow/dags/dag.py
[2026-08-14T03:44:31.662+0000] {logging_mixin.py:151} INFO - [2026-08-14T03:44:31.661+0000] {dagbag.py:346} ERROR - Failed to import: /opt/airflow/dags/dag.py
Traceback (most recent call last):
  File "/home/airflow/.local/lib/python3.8/site-packages/airflow/models/dagbag.py", line 342, in parse
    loader.exec_module(new_module)
  File "<frozen importlib._bootstrap_external>", line 839, in exec_module
  File "<frozen importlib._bootstrap_external>", line 976, in get_code
  File "<frozen importlib._bootstrap_external>", line 906, in source_to_code
  File "<frozen importlib._bootstrap>", line 219, in _call_with_frames_removed
  File "/opt/airflow/dags/dag.py", line 23
    )as dag
          ^
SyntaxError: invalid syntax
[2026-08-14T03:44:31.662+0000] {processor.py:841} WARNING - No viable dags retrieved from /opt/airflow/dags/dag.py
[2026-08-14T03:44:31.673+0000] {processor.py:179} INFO - Processing /opt/airflow/dags/dag.py took 0.021 seconds
[2026-08-14T03:45:01.999+0000] {processor.py:157} INFO - Started process (PID=14246) to work on /opt/airflow/dags/dag.py
[2026-08-14T03:45:02.000+0000] {processor.py:829} INFO - Processing file /opt/airflow/dags/dag.py for tasks to queue
[2026-08-14T03:45:02.004+0000] {logging_mixin.py:151} INFO - [2026-08-14T03:45:02.004+0000] {dagbag.py:536} INFO - Filling up the DagBag from /opt/airflow/dags/dag.py
[2026-08-14T03:45:02.008+0000] {logging_mixin.py:151} INFO - [2026-08-14T03:45:02.008+0000] {dagbag.py:346} ERROR - Failed to import: /opt/airflow/dags/dag.py
Traceback (most recent call last):
  File "/home/airflow/.local/lib/python3.8/site-packages/airflow/models/dagbag.py", line 342, in parse
    loader.exec_module(new_module)
  File "<frozen importlib._bootstrap_external>", line 839, in exec_module
  File "<frozen importlib._bootstrap_external>", line 976, in get_code
  File "<frozen importlib._bootstrap_external>", line 906, in source_to_code
  File "<frozen importlib._bootstrap>", line 219, in _call_with_frames_removed
  File "/opt/airflow/dags/dag.py", line 23
    )as dag
          ^
SyntaxError: invalid syntax
[2026-08-14T03:45:02.008+0000] {processor.py:841} WARNING - No viable dags retrieved from /opt/airflow/dags/dag.py
[2026-08-14T03:45:02.023+0000] {processor.py:179} INFO - Processing /opt/airflow/dags/dag.py took 0.026 seconds
[2026-08-14T03:45:32.417+0000] {processor.py:157} INFO - Started process (PID=14254) to work on /opt/airflow/dags/dag.py
[2026-08-14T03:45:32.418+0000] {processor.py:829} INFO - Processing file /opt/airflow/dags/dag.py for tasks to queue
[2026-08-14T03:45:32.421+0000] {logging_mixin.py:151} INFO - [2026-08-14T03:45:32.421+0000] {dagbag.py:536} INFO - Filling up the DagBag from /opt/airflow/dags/dag.py
[2026-08-14T03:45:32.427+0000] {logging_mixin.py:151} INFO - [2026-08-14T03:45:32.426+0000] {dagbag.py:346} ERROR - Failed to import: /opt/airflow/dags/dag.py
Traceback (most recent call last):
  File "/home/airflow/.local/lib/python3.8/site-packages/airflow/models/dagbag.py", line 342, in parse
    loader.exec_module(new_module)
  File "<frozen importlib._bootstrap_external>", line 839, in exec_module
  File "<frozen importlib._bootstrap_external>", line 976, in get_code
  File "<frozen importlib._bootstrap_external>", line 906, in source_to_code
  File "<frozen importlib._bootstrap>", line 219, in _call_with_frames_removed
  File "/opt/airflow/dags/dag.py", line 23
    )as dag
          ^
SyntaxError: invalid syntax
[2026-08-14T03:45:32.427+0000] {processor.py:841} WARNING - No viable dags retrieved from /opt/airflow/dags/dag.py
[2026-08-14T03:45:32.442+0000] {processor.py:179} INFO - Processing /opt/airflow/dags/dag.py took 0.027 seconds
[2026-08-14T03:46:02.717+0000] {processor.py:157} INFO - Started process (PID=14262) to work on /opt/airflow/dags/dag.py
[2026-08-14T03:46:02.719+0000] {processor.py:829} INFO - Processing file /opt/airflow/dags/dag.py for tasks to queue
[2026-08-14T03:46:02.721+0000] {logging_mixin.py:151} INFO - [2026-08-14T03:46:02.721+0000] {dagbag.py:536} INFO - Filling up the DagBag from /opt/airflow/dags/dag.py
[2026-08-14T03:46:02.728+0000] {logging_mixin.py:151} INFO - [2026-08-14T03:46:02.727+0000] {dagbag.py:346} ERROR - Failed to import: /opt/airflow/dags/dag.py
Traceback (most recent call last):
  File "/home/airflow/.local/lib/python3.8/site-packages/airflow/models/dagbag.py", line 342, in parse
    loader.exec_module(new_module)
  File "<frozen importlib._bootstrap_external>", line 839, in exec_module
  File "<frozen importlib._bootstrap_external>", line 976, in get_code
  File "<frozen importlib._bootstrap_external>", line 906, in source_to_code
  File "<frozen importlib._bootstrap>", line 219, in _call_with_frames_removed
  File "/opt/airflow/dags/dag.py", line 23
    )as dag
          ^
SyntaxError: invalid syntax
[2026-08-14T03:46:02.729+0000] {processor.py:841} WARNING - No viable dags retrieved from /opt/airflow/dags/dag.py
[2026-08-14T03:46:02.742+0000] {processor.py:179} INFO - Processing /opt/airflow/dags/dag.py took 0.028 seconds
[2026-08-14T03:46:33.004+0000] {processor.py:157} INFO - Started process (PID=14270) to work on /opt/airflow/dags/dag.py
[2026-08-14T03:46:33.004+0000] {processor.py:829} INFO - Processing file /opt/airflow/dags/dag.py for tasks to queue
[2026-08-14T03:46:33.008+0000] {logging_mixin.py:151} INFO - [2026-08-14T03:46:33.008+0000] {dagbag.py:536} INFO - Filling up the DagBag from /opt/airflow/dags/dag.py
[2026-08-14T03:46:33.014+0000] {logging_mixin.py:151} INFO - [2026-08-14T03:46:33.014+0000] {dagbag.py:346} ERROR - Failed to import: /opt/airflow/dags/dag.py
Traceback (most recent call last):
  File "/home/airflow/.local/lib/python3.8/site-packages/airflow/models/dagbag.py", line 342, in parse
    loader.exec_module(new_module)
  File "<frozen importlib._bootstrap_external>", line 839, in exec_module
  File "<frozen importlib._bootstrap_external>", line 976, in get_code
  File "<frozen importlib._bootstrap_external>", line 906, in source_to_code
  File "<frozen importlib._bootstrap>", line 219, in _call_with_frames_removed
  File "/opt/airflow/dags/dag.py", line 23
    )as dag
          ^
SyntaxError: invalid syntax
[2026-08-14T03:46:33.015+0000] {processor.py:841} WARNING - No viable dags retrieved from /opt/airflow/dags/dag.py
[2026-08-14T03:46:33.025+0000] {processor.py:179} INFO - Processing /opt/airflow/dags/dag.py took 0.024 seconds
[2026-08-14T03:47:03.306+0000] {processor.py:157} INFO - Started process (PID=14278) to work on /opt/airflow/dags/dag.py
[2026-08-14T03:47:03.308+0000] {processor.py:829} INFO - Processing file /opt/airflow/dags/dag.py for tasks to queue
[2026-08-14T03:47:03.312+0000] {logging_mixin.py:151} INFO - [2026-08-14T03:47:03.312+0000] {dagbag.py:536} INFO - Filling up the DagBag from /opt/airflow/dags/dag.py
[2026-08-14T03:47:03.314+0000] {logging_mixin.py:151} INFO - [2026-08-14T03:47:03.313+0000] {dagbag.py:346} ERROR - Failed to import: /opt/airflow/dags/dag.py
Traceback (most recent call last):
  File "/home/airflow/.local/lib/python3.8/site-packages/airflow/models/dagbag.py", line 342, in parse
    loader.exec_module(new_module)
  File "<frozen importlib._bootstrap_external>", line 839, in exec_module
  File "<frozen importlib._bootstrap_external>", line 976, in get_code
  File "<frozen importlib._bootstrap_external>", line 906, in source_to_code
  File "<frozen importlib._bootstrap>", line 219, in _call_with_frames_removed
  File "/opt/airflow/dags/dag.py", line 23
    )as dag
          ^
SyntaxError: invalid syntax
[2026-08-14T03:47:03.314+0000] {processor.py:841} WARNING - No viable dags retrieved from /opt/airflow/dags/dag.py
[2026-08-14T03:47:03.328+0000] {processor.py:179} INFO - Processing /opt/airflow/dags/dag.py took 0.024 seconds
[2026-08-14T03:47:33.599+0000] {processor.py:157} INFO - Started process (PID=14286) to work on /opt/airflow/dags/dag.py
[2026-08-14T03:47:33.600+0000] {processor.py:829} INFO - Processing file /opt/airflow/dags/dag.py for tasks to queue
[2026-08-14T03:47:33.602+0000] {logging_mixin.py:151} INFO - [2026-08-14T03:47:33.602+0000] {dagbag.py:536} INFO - Filling up the DagBag from /opt/airflow/dags/dag.py
[2026-08-14T03:47:33.606+0000] {logging_mixin.py:151} INFO - [2026-08-14T03:47:33.606+0000] {dagbag.py:346} ERROR - Failed to import: /opt/airflow/dags/dag.py
Traceback (most recent call last):
  File "/home/airflow/.local/lib/python3.8/site-packages/airflow/models/dagbag.py", line 342, in parse
    loader.exec_module(new_module)
  File "<frozen importlib._bootstrap_external>", line 839, in exec_module
  File "<frozen importlib._bootstrap_external>", line 976, in get_code
  File "<frozen importlib._bootstrap_external>", line 906, in source_to_code
  File "<frozen importlib._bootstrap>", line 219, in _call_with_frames_removed
  File "/opt/airflow/dags/dag.py", line 23
    )as dag
          ^
SyntaxError: invalid syntax
[2026-08-14T03:47:33.607+0000] {processor.py:841} WARNING - No viable dags retrieved from /opt/airflow/dags/dag.py
[2026-08-14T03:47:33.619+0000] {processor.py:179} INFO - Processing /opt/airflow/dags/dag.py took 0.022 seconds
[2026-08-14T03:48:03.923+0000] {processor.py:157} INFO - Started process (PID=14294) to work on /opt/airflow/dags/dag.py
[2026-08-14T03:48:03.923+0000] {processor.py:829} INFO - Processing file /opt/airflow/dags/dag.py for tasks to queue
[2026-08-14T03:48:03.927+0000] {logging_mixin.py:151} INFO - [2026-08-14T03:48:03.927+0000] {dagbag.py:536} INFO - Filling up the DagBag from /opt/airflow/dags/dag.py
[2026-08-14T03:48:03.929+0000] {logging_mixin.py:151} INFO - [2026-08-14T03:48:03.929+0000] {dagbag.py:346} ERROR - Failed to import: /opt/airflow/dags/dag.py
Traceback (most recent call last):
  File "/home/airflow/.local/lib/python3.8/site-packages/airflow/models/dagbag.py", line 342, in parse
    loader.exec_module(new_module)
  File "<frozen importlib._bootstrap_external>", line 839, in exec_module
  File "<frozen importlib._bootstrap_external>", line 976, in get_code
  File "<frozen importlib._bootstrap_external>", line 906, in source_to_code
  File "<frozen importlib._bootstrap>", line 219, in _call_with_frames_removed
  File "/opt/airflow/dags/dag.py", line 23
    )as dag
          ^
SyntaxError: invalid syntax
[2026-08-14T03:48:03.932+0000] {processor.py:841} WARNING - No viable dags retrieved from /opt/airflow/dags/dag.py
[2026-08-14T03:48:03.949+0000] {processor.py:179} INFO - Processing /opt/airflow/dags/dag.py took 0.029 seconds
[2026-08-14T03:48:34.250+0000] {processor.py:157} INFO - Started process (PID=14302) to work on /opt/airflow/dags/dag.py
[2026-08-14T03:48:34.251+0000] {processor.py:829} INFO - Processing file /opt/airflow/dags/dag.py for tasks to queue
[2026-08-14T03:48:34.256+0000] {logging_mixin.py:151} INFO - [2026-08-14T03:48:34.256+0000] {dagbag.py:536} INFO - Filling up the DagBag from /opt/airflow/dags/dag.py
[2026-08-14T03:48:34.262+0000] {logging_mixin.py:151} INFO - [2026-08-14T03:48:34.261+0000] {dagbag.py:346} ERROR - Failed to import: /opt/airflow/dags/dag.py
Traceback (most recent call last):
  File "/home/airflow/.local/lib/python3.8/site-packages/airflow/models/dagbag.py", line 342, in parse
    loader.exec_module(new_module)
  File "<frozen importlib._bootstrap_external>", line 839, in exec_module
  File "<frozen importlib._bootstrap_external>", line 976, in get_code
  File "<frozen importlib._bootstrap_external>", line 906, in source_to_code
  File "<frozen importlib._bootstrap>", line 219, in _call_with_frames_removed
  File "/opt/airflow/dags/dag.py", line 23
    )as dag
          ^
SyntaxError: invalid syntax
[2026-08-14T03:48:34.262+0000] {processor.py:841} WARNING - No viable dags retrieved from /opt/airflow/dags/dag.py
[2026-08-14T03:48:34.275+0000] {processor.py:179} INFO - Processing /opt/airflow/dags/dag.py took 0.027 seconds
[2026-08-14T03:49:04.580+0000] {processor.py:157} INFO - Started process (PID=14310) to work on /opt/airflow/dags/dag.py
[2026-08-14T03:49:04.581+0000] {processor.py:829} INFO - Processing file /opt/airflow/dags/dag.py for tasks to queue
[2026-08-14T03:49:04.586+0000] {logging_mixin.py:151} INFO - [2026-08-14T03:49:04.586+0000] {dagbag.py:536} INFO - Filling up the DagBag from /opt/airflow/dags/dag.py
[2026-08-14T03:49:04.588+0000] {logging_mixin.py:151} INFO - [2026-08-14T03:49:04.588+0000] {dagbag.py:346} ERROR - Failed to import: /opt/airflow/dags/dag.py
Traceback (most recent call last):
  File "/home/airflow/.local/lib/python3.8/site-packages/airflow/models/dagbag.py", line 342, in parse
    loader.exec_module(new_module)
  File "<frozen importlib._bootstrap_external>", line 839, in exec_module
  File "<frozen importlib._bootstrap_external>", line 976, in get_code
  File "<frozen importlib._bootstrap_external>", line 906, in source_to_code
  File "<frozen importlib._bootstrap>", line 219, in _call_with_frames_removed
  File "/opt/airflow/dags/dag.py", line 23
    )as dag
          ^
SyntaxError: invalid syntax
[2026-08-14T03:49:04.588+0000] {processor.py:841} WARNING - No viable dags retrieved from /opt/airflow/dags/dag.py
[2026-08-14T03:49:04.600+0000] {processor.py:179} INFO - Processing /opt/airflow/dags/dag.py took 0.022 seconds
[2026-08-14T03:49:34.903+0000] {processor.py:157} INFO - Started process (PID=14318) to work on /opt/airflow/dags/dag.py
[2026-08-14T03:49:34.904+0000] {processor.py:829} INFO - Processing file /opt/airflow/dags/dag.py for tasks to queue
[2026-08-14T03:49:34.906+0000] {logging_mixin.py:151} INFO - [2026-08-14T03:49:34.906+0000] {dagbag.py:536} INFO - Filling up the DagBag from /opt/airflow/dags/dag.py
[2026-08-14T03:49:34.910+0000] {logging_mixin.py:151} INFO - [2026-08-14T03:49:34.909+0000] {dagbag.py:346} ERROR - Failed to import: /opt/airflow/dags/dag.py
Traceback (most recent call last):
  File "/home/airflow/.local/lib/python3.8/site-packages/airflow/models/dagbag.py", line 342, in parse
    loader.exec_module(new_module)
  File "<frozen importlib._bootstrap_external>", line 839, in exec_module
  File "<frozen importlib._bootstrap_external>", line 976, in get_code
  File "<frozen importlib._bootstrap_external>", line 906, in source_to_code
  File "<frozen importlib._bootstrap>", line 219, in _call_with_frames_removed
  File "/opt/airflow/dags/dag.py", line 23
    )as dag
          ^
SyntaxError: invalid syntax
[2026-08-14T03:49:34.914+0000] {processor.py:841} WARNING - No viable dags retrieved from /opt/airflow/dags/dag.py
[2026-08-14T03:49:34.926+0000] {processor.py:179} INFO - Processing /opt/airflow/dags/dag.py took 0.026 seconds
[2026-08-14T03:50:05.192+0000] {processor.py:157} INFO - Started process (PID=14326) to work on /opt/airflow/dags/dag.py
[2026-08-14T03:50:05.193+0000] {processor.py:829} INFO - Processing file /opt/airflow/dags/dag.py for tasks to queue
[2026-08-14T03:50:05.195+0000] {logging_mixin.py:151} INFO - [2026-08-14T03:50:05.195+0000] {dagbag.py:536} INFO - Filling up the DagBag from /opt/airflow/dags/dag.py
[2026-08-14T03:50:05.199+0000] {logging_mixin.py:151} INFO - [2026-08-14T03:50:05.199+0000] {dagbag.py:346} ERROR - Failed to import: /opt/airflow/dags/dag.py
Traceback (most recent call last):
  File "/home/airflow/.local/lib/python3.8/site-packages/airflow/models/dagbag.py", line 342, in parse
    loader.exec_module(new_module)
  File "<frozen importlib._bootstrap_external>", line 839, in exec_module
  File "<frozen importlib._bootstrap_external>", line 976, in get_code
  File "<frozen importlib._bootstrap_external>", line 906, in source_to_code
  File "<frozen importlib._bootstrap>", line 219, in _call_with_frames_removed
  File "/opt/airflow/dags/dag.py", line 23
    )as dag
          ^
SyntaxError: invalid syntax
[2026-08-14T03:50:05.199+0000] {processor.py:841} WARNING - No viable dags retrieved from /opt/airflow/dags/dag.py
[2026-08-14T03:50:05.214+0000] {processor.py:179} INFO - Processing /opt/airflow/dags/dag.py took 0.024 seconds
[2026-08-14T03:50:35.525+0000] {processor.py:157} INFO - Started process (PID=14334) to work on /opt/airflow/dags/dag.py
[2026-08-14T03:50:35.527+0000] {processor.py:829} INFO - Processing file /opt/airflow/dags/dag.py for tasks to queue
[2026-08-14T03:50:35.529+0000] {logging_mixin.py:151} INFO - [2026-08-14T03:50:35.528+0000] {dagbag.py:536} INFO - Filling up the DagBag from /opt/airflow/dags/dag.py
[2026-08-14T03:50:35.534+0000] {logging_mixin.py:151} INFO - [2026-08-14T03:50:35.533+0000] {dagbag.py:346} ERROR - Failed to import: /opt/airflow/dags/dag.py
Traceback (most recent call last):
  File "/home/airflow/.local/lib/python3.8/site-packages/airflow/models/dagbag.py", line 342, in parse
    loader.exec_module(new_module)
  File "<frozen importlib._bootstrap_external>", line 839, in exec_module
  File "<frozen importlib._bootstrap_external>", line 976, in get_code
  File "<frozen importlib._bootstrap_external>", line 906, in source_to_code
  File "<frozen importlib._bootstrap>", line 219, in _call_with_frames_removed
  File "/opt/airflow/dags/dag.py", line 23
    )as dag
          ^
SyntaxError: invalid syntax
[2026-08-14T03:50:35.536+0000] {processor.py:841} WARNING - No viable dags retrieved from /opt/airflow/dags/dag.py
[2026-08-14T03:50:35.549+0000] {processor.py:179} INFO - Processing /opt/airflow/dags/dag.py took 0.026 seconds
[2026-08-14T03:51:05.864+0000] {processor.py:157} INFO - Started process (PID=14342) to work on /opt/airflow/dags/dag.py
[2026-08-14T03:51:05.865+0000] {processor.py:829} INFO - Processing file /opt/airflow/dags/dag.py for tasks to queue
[2026-08-14T03:51:05.866+0000] {logging_mixin.py:151} INFO - [2026-08-14T03:51:05.866+0000] {dagbag.py:536} INFO - Filling up the DagBag from /opt/airflow/dags/dag.py
[2026-08-14T03:51:05.872+0000] {logging_mixin.py:151} INFO - [2026-08-14T03:51:05.872+0000] {dagbag.py:346} ERROR - Failed to import: /opt/airflow/dags/dag.py
Traceback (most recent call last):
  File "/home/airflow/.local/lib/python3.8/site-packages/airflow/models/dagbag.py", line 342, in parse
    loader.exec_module(new_module)
  File "<frozen importlib._bootstrap_external>", line 839, in exec_module
  File "<frozen importlib._bootstrap_external>", line 976, in get_code
  File "<frozen importlib._bootstrap_external>", line 906, in source_to_code
  File "<frozen importlib._bootstrap>", line 219, in _call_with_frames_removed
  File "/opt/airflow/dags/dag.py", line 23
    )as dag
          ^
SyntaxError: invalid syntax
[2026-08-14T03:51:05.872+0000] {processor.py:841} WARNING - No viable dags retrieved from /opt/airflow/dags/dag.py
[2026-08-14T03:51:05.883+0000] {processor.py:179} INFO - Processing /opt/airflow/dags/dag.py took 0.021 seconds
[2026-08-14T03:51:36.186+0000] {processor.py:157} INFO - Started process (PID=14350) to work on /opt/airflow/dags/dag.py
[2026-08-14T03:51:36.187+0000] {processor.py:829} INFO - Processing file /opt/airflow/dags/dag.py for tasks to queue
[2026-08-14T03:51:36.192+0000] {logging_mixin.py:151} INFO - [2026-08-14T03:51:36.192+0000] {dagbag.py:536} INFO - Filling up the DagBag from /opt/airflow/dags/dag.py
[2026-08-14T03:51:36.197+0000] {logging_mixin.py:151} INFO - [2026-08-14T03:51:36.196+0000] {dagbag.py:346} ERROR - Failed to import: /opt/airflow/dags/dag.py
Traceback (most recent call last):
  File "/home/airflow/.local/lib/python3.8/site-packages/airflow/models/dagbag.py", line 342, in parse
    loader.exec_module(new_module)
  File "<frozen importlib._bootstrap_external>", line 839, in exec_module
  File "<frozen importlib._bootstrap_external>", line 976, in get_code
  File "<frozen importlib._bootstrap_external>", line 906, in source_to_code
  File "<frozen importlib._bootstrap>", line 219, in _call_with_frames_removed
  File "/opt/airflow/dags/dag.py", line 23
    )as dag
          ^
SyntaxError: invalid syntax
[2026-08-14T03:51:36.197+0000] {processor.py:841} WARNING - No viable dags retrieved from /opt/airflow/dags/dag.py
[2026-08-14T03:51:36.216+0000] {processor.py:179} INFO - Processing /opt/airflow/dags/dag.py took 0.032 seconds
[2026-08-14T03:52:06.466+0000] {processor.py:157} INFO - Started process (PID=14358) to work on /opt/airflow/dags/dag.py
[2026-08-14T03:52:06.467+0000] {processor.py:829} INFO - Processing file /opt/airflow/dags/dag.py for tasks to queue
[2026-08-14T03:52:06.471+0000] {logging_mixin.py:151} INFO - [2026-08-14T03:52:06.471+0000] {dagbag.py:536} INFO - Filling up the DagBag from /opt/airflow/dags/dag.py
[2026-08-14T03:52:06.475+0000] {logging_mixin.py:151} INFO - [2026-08-14T03:52:06.474+0000] {dagbag.py:346} ERROR - Failed to import: /opt/airflow/dags/dag.py
Traceback (most recent call last):
  File "/home/airflow/.local/lib/python3.8/site-packages/airflow/models/dagbag.py", line 342, in parse
    loader.exec_module(new_module)
  File "<frozen importlib._bootstrap_external>", line 839, in exec_module
  File "<frozen importlib._bootstrap_external>", line 976, in get_code
  File "<frozen importlib._bootstrap_external>", line 906, in source_to_code
  File "<frozen importlib._bootstrap>", line 219, in _call_with_frames_removed
  File "/opt/airflow/dags/dag.py", line 23
    )as dag
          ^
SyntaxError: invalid syntax
[2026-08-14T03:52:06.475+0000] {processor.py:841} WARNING - No viable dags retrieved from /opt/airflow/dags/dag.py
[2026-08-14T03:52:06.485+0000] {processor.py:179} INFO - Processing /opt/airflow/dags/dag.py took 0.021 seconds
[2026-08-14T03:52:36.712+0000] {processor.py:157} INFO - Started process (PID=14366) to work on /opt/airflow/dags/dag.py
[2026-08-14T03:52:36.713+0000] {processor.py:829} INFO - Processing file /opt/airflow/dags/dag.py for tasks to queue
[2026-08-14T03:52:36.714+0000] {logging_mixin.py:151} INFO - [2026-08-14T03:52:36.714+0000] {dagbag.py:536} INFO - Filling up the DagBag from /opt/airflow/dags/dag.py
[2026-08-14T03:52:36.720+0000] {logging_mixin.py:151} INFO - [2026-08-14T03:52:36.719+0000] {dagbag.py:346} ERROR - Failed to import: /opt/airflow/dags/dag.py
Traceback (most recent call last):
  File "/home/airflow/.local/lib/python3.8/site-packages/airflow/models/dagbag.py", line 342, in parse
    loader.exec_module(new_module)
  File "<frozen importlib._bootstrap_external>", line 839, in exec_module
  File "<frozen importlib._bootstrap_external>", line 976, in get_code
  File "<frozen importlib._bootstrap_external>", line 906, in source_to_code
  File "<frozen importlib._bootstrap>", line 219, in _call_with_frames_removed
  File "/opt/airflow/dags/dag.py", line 23
    )as dag
          ^
SyntaxError: invalid syntax
[2026-08-14T03:52:36.720+0000] {processor.py:841} WARNING - No viable dags retrieved from /opt/airflow/dags/dag.py
[2026-08-14T03:52:36.732+0000] {processor.py:179} INFO - Processing /opt/airflow/dags/dag.py took 0.021 seconds
[2026-08-14T03:53:06.962+0000] {processor.py:157} INFO - Started process (PID=14374) to work on /opt/airflow/dags/dag.py
[2026-08-14T03:53:06.962+0000] {processor.py:829} INFO - Processing file /opt/airflow/dags/dag.py for tasks to queue
[2026-08-14T03:53:06.966+0000] {logging_mixin.py:151} INFO - [2026-08-14T03:53:06.965+0000] {dagbag.py:536} INFO - Filling up the DagBag from /opt/airflow/dags/dag.py
[2026-08-14T03:53:06.969+0000] {logging_mixin.py:151} INFO - [2026-08-14T03:53:06.968+0000] {dagbag.py:346} ERROR - Failed to import: /opt/airflow/dags/dag.py
Traceback (most recent call last):
  File "/home/airflow/.local/lib/python3.8/site-packages/airflow/models/dagbag.py", line 342, in parse
    loader.exec_module(new_module)
  File "<frozen importlib._bootstrap_external>", line 839, in exec_module
  File "<frozen importlib._bootstrap_external>", line 976, in get_code
  File "<frozen importlib._bootstrap_external>", line 906, in source_to_code
  File "<frozen importlib._bootstrap>", line 219, in _call_with_frames_removed
  File "/opt/airflow/dags/dag.py", line 23
    )as dag
          ^
SyntaxError: invalid syntax
[2026-08-14T03:53:06.971+0000] {processor.py:841} WARNING - No viable dags retrieved from /opt/airflow/dags/dag.py
[2026-08-14T03:53:06.984+0000] {processor.py:179} INFO - Processing /opt/airflow/dags/dag.py took 0.025 seconds
[2026-08-14T03:53:37.247+0000] {processor.py:157} INFO - Started process (PID=14382) to work on /opt/airflow/dags/dag.py
[2026-08-14T03:53:37.248+0000] {processor.py:829} INFO - Processing file /opt/airflow/dags/dag.py for tasks to queue
[2026-08-14T03:53:37.249+0000] {logging_mixin.py:151} INFO - [2026-08-14T03:53:37.249+0000] {dagbag.py:536} INFO - Filling up the DagBag from /opt/airflow/dags/dag.py
[2026-08-14T03:53:37.256+0000] {logging_mixin.py:151} INFO - [2026-08-14T03:53:37.255+0000] {dagbag.py:346} ERROR - Failed to import: /opt/airflow/dags/dag.py
Traceback (most recent call last):
  File "/home/airflow/.local/lib/python3.8/site-packages/airflow/models/dagbag.py", line 342, in parse
    loader.exec_module(new_module)
  File "<frozen importlib._bootstrap_external>", line 839, in exec_module
  File "<frozen importlib._bootstrap_external>", line 976, in get_code
  File "<frozen importlib._bootstrap_external>", line 906, in source_to_code
  File "<frozen importlib._bootstrap>", line 219, in _call_with_frames_removed
  File "/opt/airflow/dags/dag.py", line 23
    )as dag
          ^
SyntaxError: invalid syntax
[2026-08-14T03:53:37.256+0000] {processor.py:841} WARNING - No viable dags retrieved from /opt/airflow/dags/dag.py
[2026-08-14T03:53:37.277+0000] {processor.py:179} INFO - Processing /opt/airflow/dags/dag.py took 0.033 seconds
[2026-08-14T03:54:07.565+0000] {processor.py:157} INFO - Started process (PID=14390) to work on /opt/airflow/dags/dag.py
[2026-08-14T03:54:07.566+0000] {processor.py:829} INFO - Processing file /opt/airflow/dags/dag.py for tasks to queue
[2026-08-14T03:54:07.567+0000] {logging_mixin.py:151} INFO - [2026-08-14T03:54:07.567+0000] {dagbag.py:536} INFO - Filling up the DagBag from /opt/airflow/dags/dag.py
[2026-08-14T03:54:07.570+0000] {logging_mixin.py:151} INFO - [2026-08-14T03:54:07.570+0000] {dagbag.py:346} ERROR - Failed to import: /opt/airflow/dags/dag.py
Traceback (most recent call last):
  File "/home/airflow/.local/lib/python3.8/site-packages/airflow/models/dagbag.py", line 342, in parse
    loader.exec_module(new_module)
  File "<frozen importlib._bootstrap_external>", line 839, in exec_module
  File "<frozen importlib._bootstrap_external>", line 976, in get_code
  File "<frozen importlib._bootstrap_external>", line 906, in source_to_code
  File "<frozen importlib._bootstrap>", line 219, in _call_with_frames_removed
  File "/opt/airflow/dags/dag.py", line 23
    )as dag
          ^
SyntaxError: invalid syntax
[2026-08-14T03:54:07.571+0000] {processor.py:841} WARNING - No viable dags retrieved from /opt/airflow/dags/dag.py
[2026-08-14T03:54:07.590+0000] {processor.py:179} INFO - Processing /opt/airflow/dags/dag.py took 0.027 seconds
[2026-08-14T03:54:37.887+0000] {processor.py:157} INFO - Started process (PID=14398) to work on /opt/airflow/dags/dag.py
[2026-08-14T03:54:37.887+0000] {processor.py:829} INFO - Processing file /opt/airflow/dags/dag.py for tasks to queue
[2026-08-14T03:54:37.893+0000] {logging_mixin.py:151} INFO - [2026-08-14T03:54:37.893+0000] {dagbag.py:536} INFO - Filling up the DagBag from /opt/airflow/dags/dag.py
[2026-08-14T03:54:37.895+0000] {logging_mixin.py:151} INFO - [2026-08-14T03:54:37.895+0000] {dagbag.py:346} ERROR - Failed to import: /opt/airflow/dags/dag.py
Traceback (most recent call last):
  File "/home/airflow/.local/lib/python3.8/site-packages/airflow/models/dagbag.py", line 342, in parse
    loader.exec_module(new_module)
  File "<frozen importlib._bootstrap_external>", line 839, in exec_module
  File "<frozen importlib._bootstrap_external>", line 976, in get_code
  File "<frozen importlib._bootstrap_external>", line 906, in source_to_code
  File "<frozen importlib._bootstrap>", line 219, in _call_with_frames_removed
  File "/opt/airflow/dags/dag.py", line 23
    )as dag
          ^
SyntaxError: invalid syntax
[2026-08-14T03:54:37.896+0000] {processor.py:841} WARNING - No viable dags retrieved from /opt/airflow/dags/dag.py
[2026-08-14T03:54:37.911+0000] {processor.py:179} INFO - Processing /opt/airflow/dags/dag.py took 0.026 seconds
[2026-08-14T03:55:08.225+0000] {processor.py:157} INFO - Started process (PID=14406) to work on /opt/airflow/dags/dag.py
[2026-08-14T03:55:08.226+0000] {processor.py:829} INFO - Processing file /opt/airflow/dags/dag.py for tasks to queue
[2026-08-14T03:55:08.231+0000] {logging_mixin.py:151} INFO - [2026-08-14T03:55:08.231+0000] {dagbag.py:536} INFO - Filling up the DagBag from /opt/airflow/dags/dag.py
[2026-08-14T03:55:08.233+0000] {logging_mixin.py:151} INFO - [2026-08-14T03:55:08.232+0000] {dagbag.py:346} ERROR - Failed to import: /opt/airflow/dags/dag.py
Traceback (most recent call last):
  File "/home/airflow/.local/lib/python3.8/site-packages/airflow/models/dagbag.py", line 342, in parse
    loader.exec_module(new_module)
  File "<frozen importlib._bootstrap_external>", line 839, in exec_module
  File "<frozen importlib._bootstrap_external>", line 976, in get_code
  File "<frozen importlib._bootstrap_external>", line 906, in source_to_code
  File "<frozen importlib._bootstrap>", line 219, in _call_with_frames_removed
  File "/opt/airflow/dags/dag.py", line 23
    )as dag
          ^
SyntaxError: invalid syntax
[2026-08-14T03:55:08.233+0000] {processor.py:841} WARNING - No viable dags retrieved from /opt/airflow/dags/dag.py
[2026-08-14T03:55:08.252+0000] {processor.py:179} INFO - Processing /opt/airflow/dags/dag.py took 0.029 seconds
[2026-08-14T03:55:38.552+0000] {processor.py:157} INFO - Started process (PID=14414) to work on /opt/airflow/dags/dag.py
[2026-08-14T03:55:38.554+0000] {processor.py:829} INFO - Processing file /opt/airflow/dags/dag.py for tasks to queue
[2026-08-14T03:55:38.556+0000] {logging_mixin.py:151} INFO - [2026-08-14T03:55:38.556+0000] {dagbag.py:536} INFO - Filling up the DagBag from /opt/airflow/dags/dag.py
[2026-08-14T03:55:38.561+0000] {logging_mixin.py:151} INFO - [2026-08-14T03:55:38.561+0000] {dagbag.py:346} ERROR - Failed to import: /opt/airflow/dags/dag.py
Traceback (most recent call last):
  File "/home/airflow/.local/lib/python3.8/site-packages/airflow/models/dagbag.py", line 342, in parse
    loader.exec_module(new_module)
  File "<frozen importlib._bootstrap_external>", line 839, in exec_module
  File "<frozen importlib._bootstrap_external>", line 976, in get_code
  File "<frozen importlib._bootstrap_external>", line 906, in source_to_code
  File "<frozen importlib._bootstrap>", line 219, in _call_with_frames_removed
  File "/opt/airflow/dags/dag.py", line 23
    )as dag
          ^
SyntaxError: invalid syntax
[2026-08-14T03:55:38.565+0000] {processor.py:841} WARNING - No viable dags retrieved from /opt/airflow/dags/dag.py
[2026-08-14T03:55:38.578+0000] {processor.py:179} INFO - Processing /opt/airflow/dags/dag.py took 0.030 seconds
[2026-08-14T03:56:08.911+0000] {processor.py:157} INFO - Started process (PID=14422) to work on /opt/airflow/dags/dag.py
[2026-08-14T03:56:08.912+0000] {processor.py:829} INFO - Processing file /opt/airflow/dags/dag.py for tasks to queue
[2026-08-14T03:56:08.913+0000] {logging_mixin.py:151} INFO - [2026-08-14T03:56:08.913+0000] {dagbag.py:536} INFO - Filling up the DagBag from /opt/airflow/dags/dag.py
[2026-08-14T03:56:08.919+0000] {logging_mixin.py:151} INFO - [2026-08-14T03:56:08.918+0000] {dagbag.py:346} ERROR - Failed to import: /opt/airflow/dags/dag.py
Traceback (most recent call last):
  File "/home/airflow/.local/lib/python3.8/site-packages/airflow/models/dagbag.py", line 342, in parse
    loader.exec_module(new_module)
  File "<frozen importlib._bootstrap_external>", line 839, in exec_module
  File "<frozen importlib._bootstrap_external>", line 976, in get_code
  File "<frozen importlib._bootstrap_external>", line 906, in source_to_code
  File "<frozen importlib._bootstrap>", line 219, in _call_with_frames_removed
  File "/opt/airflow/dags/dag.py", line 23
    )as dag
          ^
SyntaxError: invalid syntax
[2026-08-14T03:56:08.919+0000] {processor.py:841} WARNING - No viable dags retrieved from /opt/airflow/dags/dag.py
[2026-08-14T03:56:08.933+0000] {processor.py:179} INFO - Processing /opt/airflow/dags/dag.py took 0.024 seconds
[2026-08-14T03:56:39.258+0000] {processor.py:157} INFO - Started process (PID=14430) to work on /opt/airflow/dags/dag.py
[2026-08-14T03:56:39.259+0000] {processor.py:829} INFO - Processing file /opt/airflow/dags/dag.py for tasks to queue
[2026-08-14T03:56:39.261+0000] {logging_mixin.py:151} INFO - [2026-08-14T03:56:39.261+0000] {dagbag.py:536} INFO - Filling up the DagBag from /opt/airflow/dags/dag.py
[2026-08-14T03:56:39.267+0000] {logging_mixin.py:151} INFO - [2026-08-14T03:56:39.267+0000] {dagbag.py:346} ERROR - Failed to import: /opt/airflow/dags/dag.py
Traceback (most recent call last):
  File "/home/airflow/.local/lib/python3.8/site-packages/airflow/models/dagbag.py", line 342, in parse
    loader.exec_module(new_module)
  File "<frozen importlib._bootstrap_external>", line 839, in exec_module
  File "<frozen importlib._bootstrap_external>", line 976, in get_code
  File "<frozen importlib._bootstrap_external>", line 906, in source_to_code
  File "<frozen importlib._bootstrap>", line 219, in _call_with_frames_removed
  File "/opt/airflow/dags/dag.py", line 23
    )as dag
          ^
SyntaxError: invalid syntax
[2026-08-14T03:56:39.268+0000] {processor.py:841} WARNING - No viable dags retrieved from /opt/airflow/dags/dag.py
[2026-08-14T03:56:39.286+0000] {processor.py:179} INFO - Processing /opt/airflow/dags/dag.py took 0.031 seconds
[2026-08-14T03:57:09.613+0000] {processor.py:157} INFO - Started process (PID=14438) to work on /opt/airflow/dags/dag.py
[2026-08-14T03:57:09.614+0000] {processor.py:829} INFO - Processing file /opt/airflow/dags/dag.py for tasks to queue
[2026-08-14T03:57:09.617+0000] {logging_mixin.py:151} INFO - [2026-08-14T03:57:09.617+0000] {dagbag.py:536} INFO - Filling up the DagBag from /opt/airflow/dags/dag.py
[2026-08-14T03:57:09.621+0000] {logging_mixin.py:151} INFO - [2026-08-14T03:57:09.621+0000] {dagbag.py:346} ERROR - Failed to import: /opt/airflow/dags/dag.py
Traceback (most recent call last):
  File "/home/airflow/.local/lib/python3.8/site-packages/airflow/models/dagbag.py", line 342, in parse
    loader.exec_module(new_module)
  File "<frozen importlib._bootstrap_external>", line 839, in exec_module
  File "<frozen importlib._bootstrap_external>", line 976, in get_code
  File "<frozen importlib._bootstrap_external>", line 906, in source_to_code
  File "<frozen importlib._bootstrap>", line 219, in _call_with_frames_removed
  File "/opt/airflow/dags/dag.py", line 23
    )as dag
          ^
SyntaxError: invalid syntax
[2026-08-14T03:57:09.623+0000] {processor.py:841} WARNING - No viable dags retrieved from /opt/airflow/dags/dag.py
[2026-08-14T03:57:09.638+0000] {processor.py:179} INFO - Processing /opt/airflow/dags/dag.py took 0.027 seconds
[2026-08-14T03:57:39.902+0000] {processor.py:157} INFO - Started process (PID=14446) to work on /opt/airflow/dags/dag.py
[2026-08-14T03:57:39.903+0000] {processor.py:829} INFO - Processing file /opt/airflow/dags/dag.py for tasks to queue
[2026-08-14T03:57:39.906+0000] {logging_mixin.py:151} INFO - [2026-08-14T03:57:39.906+0000] {dagbag.py:536} INFO - Filling up the DagBag from /opt/airflow/dags/dag.py
[2026-08-14T03:57:39.913+0000] {logging_mixin.py:151} INFO - [2026-08-14T03:57:39.912+0000] {dagbag.py:346} ERROR - Failed to import: /opt/airflow/dags/dag.py
Traceback (most recent call last):
  File "/home/airflow/.local/lib/python3.8/site-packages/airflow/models/dagbag.py", line 342, in parse
    loader.exec_module(new_module)
  File "<frozen importlib._bootstrap_external>", line 839, in exec_module
  File "<frozen importlib._bootstrap_external>", line 976, in get_code
  File "<frozen importlib._bootstrap_external>", line 906, in source_to_code
  File "<frozen importlib._bootstrap>", line 219, in _call_with_frames_removed
  File "/opt/airflow/dags/dag.py", line 23
    )as dag
          ^
SyntaxError: invalid syntax
[2026-08-14T03:57:39.916+0000] {processor.py:841} WARNING - No viable dags retrieved from /opt/airflow/dags/dag.py
[2026-08-14T03:57:39.928+0000] {processor.py:179} INFO - Processing /opt/airflow/dags/dag.py took 0.028 seconds
[2026-08-14T03:58:10.151+0000] {processor.py:157} INFO - Started process (PID=14454) to work on /opt/airflow/dags/dag.py
[2026-08-14T03:58:10.152+0000] {processor.py:829} INFO - Processing file /opt/airflow/dags/dag.py for tasks to queue
[2026-08-14T03:58:10.154+0000] {logging_mixin.py:151} INFO - [2026-08-14T03:58:10.154+0000] {dagbag.py:536} INFO - Filling up the DagBag from /opt/airflow/dags/dag.py
[2026-08-14T03:58:10.162+0000] {logging_mixin.py:151} INFO - [2026-08-14T03:58:10.162+0000] {dagbag.py:346} ERROR - Failed to import: /opt/airflow/dags/dag.py
Traceback (most recent call last):
  File "/home/airflow/.local/lib/python3.8/site-packages/airflow/models/dagbag.py", line 342, in parse
    loader.exec_module(new_module)
  File "<frozen importlib._bootstrap_external>", line 839, in exec_module
  File "<frozen importlib._bootstrap_external>", line 976, in get_code
  File "<frozen importlib._bootstrap_external>", line 906, in source_to_code
  File "<frozen importlib._bootstrap>", line 219, in _call_with_frames_removed
  File "/opt/airflow/dags/dag.py", line 23
    )as dag
          ^
SyntaxError: invalid syntax
[2026-08-14T03:58:10.162+0000] {processor.py:841} WARNING - No viable dags retrieved from /opt/airflow/dags/dag.py
[2026-08-14T03:58:10.177+0000] {processor.py:179} INFO - Processing /opt/airflow/dags/dag.py took 0.028 seconds
[2026-08-14T03:58:40.441+0000] {processor.py:157} INFO - Started process (PID=14462) to work on /opt/airflow/dags/dag.py
[2026-08-14T03:58:40.442+0000] {processor.py:829} INFO - Processing file /opt/airflow/dags/dag.py for tasks to queue
[2026-08-14T03:58:40.447+0000] {logging_mixin.py:151} INFO - [2026-08-14T03:58:40.446+0000] {dagbag.py:536} INFO - Filling up the DagBag from /opt/airflow/dags/dag.py
[2026-08-14T03:58:40.455+0000] {logging_mixin.py:151} INFO - [2026-08-14T03:58:40.454+0000] {dagbag.py:346} ERROR - Failed to import: /opt/airflow/dags/dag.py
Traceback (most recent call last):
  File "/home/airflow/.local/lib/python3.8/site-packages/airflow/models/dagbag.py", line 342, in parse
    loader.exec_module(new_module)
  File "<frozen importlib._bootstrap_external>", line 839, in exec_module
  File "<frozen importlib._bootstrap_external>", line 976, in get_code
  File "<frozen importlib._bootstrap_external>", line 906, in source_to_code
  File "<frozen importlib._bootstrap>", line 219, in _call_with_frames_removed
  File "/opt/airflow/dags/dag.py", line 23
    )as dag
          ^
SyntaxError: invalid syntax
[2026-08-14T03:58:40.455+0000] {processor.py:841} WARNING - No viable dags retrieved from /opt/airflow/dags/dag.py
[2026-08-14T03:58:40.471+0000] {processor.py:179} INFO - Processing /opt/airflow/dags/dag.py took 0.033 seconds
[2026-08-14T03:59:10.788+0000] {processor.py:157} INFO - Started process (PID=14470) to work on /opt/airflow/dags/dag.py
[2026-08-14T03:59:10.788+0000] {processor.py:829} INFO - Processing file /opt/airflow/dags/dag.py for tasks to queue
[2026-08-14T03:59:10.790+0000] {logging_mixin.py:151} INFO - [2026-08-14T03:59:10.790+0000] {dagbag.py:536} INFO - Filling up the DagBag from /opt/airflow/dags/dag.py
[2026-08-14T03:59:10.795+0000] {logging_mixin.py:151} INFO - [2026-08-14T03:59:10.795+0000] {dagbag.py:346} ERROR - Failed to import: /opt/airflow/dags/dag.py
Traceback (most recent call last):
  File "/home/airflow/.local/lib/python3.8/site-packages/airflow/models/dagbag.py", line 342, in parse
    loader.exec_module(new_module)
  File "<frozen importlib._bootstrap_external>", line 839, in exec_module
  File "<frozen importlib._bootstrap_external>", line 976, in get_code
  File "<frozen importlib._bootstrap_external>", line 906, in source_to_code
  File "<frozen importlib._bootstrap>", line 219, in _call_with_frames_removed
  File "/opt/airflow/dags/dag.py", line 23
    )as dag
          ^
SyntaxError: invalid syntax
[2026-08-14T03:59:10.795+0000] {processor.py:841} WARNING - No viable dags retrieved from /opt/airflow/dags/dag.py
[2026-08-14T03:59:10.813+0000] {processor.py:179} INFO - Processing /opt/airflow/dags/dag.py took 0.027 seconds
[2026-08-14T03:59:41.101+0000] {processor.py:157} INFO - Started process (PID=14478) to work on /opt/airflow/dags/dag.py
[2026-08-14T03:59:41.102+0000] {processor.py:829} INFO - Processing file /opt/airflow/dags/dag.py for tasks to queue
[2026-08-14T03:59:41.105+0000] {logging_mixin.py:151} INFO - [2026-08-14T03:59:41.105+0000] {dagbag.py:536} INFO - Filling up the DagBag from /opt/airflow/dags/dag.py
[2026-08-14T03:59:41.112+0000] {logging_mixin.py:151} INFO - [2026-08-14T03:59:41.112+0000] {dagbag.py:346} ERROR - Failed to import: /opt/airflow/dags/dag.py
Traceback (most recent call last):
  File "/home/airflow/.local/lib/python3.8/site-packages/airflow/models/dagbag.py", line 342, in parse
    loader.exec_module(new_module)
  File "<frozen importlib._bootstrap_external>", line 839, in exec_module
  File "<frozen importlib._bootstrap_external>", line 976, in get_code
  File "<frozen importlib._bootstrap_external>", line 906, in source_to_code
  File "<frozen importlib._bootstrap>", line 219, in _call_with_frames_removed
  File "/opt/airflow/dags/dag.py", line 23
    )as dag
          ^
SyntaxError: invalid syntax
[2026-08-14T03:59:41.113+0000] {processor.py:841} WARNING - No viable dags retrieved from /opt/airflow/dags/dag.py
[2026-08-14T03:59:41.129+0000] {processor.py:179} INFO - Processing /opt/airflow/dags/dag.py took 0.031 seconds
[2026-08-14T04:00:11.413+0000] {processor.py:157} INFO - Started process (PID=14486) to work on /opt/airflow/dags/dag.py
[2026-08-14T04:00:11.414+0000] {processor.py:829} INFO - Processing file /opt/airflow/dags/dag.py for tasks to queue
[2026-08-14T04:00:11.418+0000] {logging_mixin.py:151} INFO - [2026-08-14T04:00:11.418+0000] {dagbag.py:536} INFO - Filling up the DagBag from /opt/airflow/dags/dag.py
[2026-08-14T04:00:11.422+0000] {logging_mixin.py:151} INFO - [2026-08-14T04:00:11.421+0000] {dagbag.py:346} ERROR - Failed to import: /opt/airflow/dags/dag.py
Traceback (most recent call last):
  File "/home/airflow/.local/lib/python3.8/site-packages/airflow/models/dagbag.py", line 342, in parse
    loader.exec_module(new_module)
  File "<frozen importlib._bootstrap_external>", line 839, in exec_module
  File "<frozen importlib._bootstrap_external>", line 976, in get_code
  File "<frozen importlib._bootstrap_external>", line 906, in source_to_code
  File "<frozen importlib._bootstrap>", line 219, in _call_with_frames_removed
  File "/opt/airflow/dags/dag.py", line 23
    )as dag
          ^
SyntaxError: invalid syntax
[2026-08-14T04:00:11.422+0000] {processor.py:841} WARNING - No viable dags retrieved from /opt/airflow/dags/dag.py
[2026-08-14T04:00:11.440+0000] {processor.py:179} INFO - Processing /opt/airflow/dags/dag.py took 0.030 seconds
[2026-08-14T04:00:41.749+0000] {processor.py:157} INFO - Started process (PID=14494) to work on /opt/airflow/dags/dag.py
[2026-08-14T04:00:41.751+0000] {processor.py:829} INFO - Processing file /opt/airflow/dags/dag.py for tasks to queue
[2026-08-14T04:00:41.756+0000] {logging_mixin.py:151} INFO - [2026-08-14T04:00:41.756+0000] {dagbag.py:536} INFO - Filling up the DagBag from /opt/airflow/dags/dag.py
[2026-08-14T04:00:41.760+0000] {logging_mixin.py:151} INFO - [2026-08-14T04:00:41.759+0000] {dagbag.py:346} ERROR - Failed to import: /opt/airflow/dags/dag.py
Traceback (most recent call last):
  File "/home/airflow/.local/lib/python3.8/site-packages/airflow/models/dagbag.py", line 342, in parse
    loader.exec_module(new_module)
  File "<frozen importlib._bootstrap_external>", line 839, in exec_module
  File "<frozen importlib._bootstrap_external>", line 976, in get_code
  File "<frozen importlib._bootstrap_external>", line 906, in source_to_code
  File "<frozen importlib._bootstrap>", line 219, in _call_with_frames_removed
  File "/opt/airflow/dags/dag.py", line 23
    )as dag
          ^
SyntaxError: invalid syntax
[2026-08-14T04:00:41.761+0000] {processor.py:841} WARNING - No viable dags retrieved from /opt/airflow/dags/dag.py
[2026-08-14T04:00:41.776+0000] {processor.py:179} INFO - Processing /opt/airflow/dags/dag.py took 0.029 seconds
[2026-08-14T04:01:12.120+0000] {processor.py:157} INFO - Started process (PID=14502) to work on /opt/airflow/dags/dag.py
[2026-08-14T04:01:12.120+0000] {processor.py:829} INFO - Processing file /opt/airflow/dags/dag.py for tasks to queue
[2026-08-14T04:01:12.123+0000] {logging_mixin.py:151} INFO - [2026-08-14T04:01:12.123+0000] {dagbag.py:536} INFO - Filling up the DagBag from /opt/airflow/dags/dag.py
[2026-08-14T04:01:12.127+0000] {logging_mixin.py:151} INFO - [2026-08-14T04:01:12.126+0000] {dagbag.py:346} ERROR - Failed to import: /opt/airflow/dags/dag.py
Traceback (most recent call last):
  File "/home/airflow/.local/lib/python3.8/site-packages/airflow/models/dagbag.py", line 342, in parse
    loader.exec_module(new_module)
  File "<frozen importlib._bootstrap_external>", line 839, in exec_module
  File "<frozen importlib._bootstrap_external>", line 976, in get_code
  File "<frozen importlib._bootstrap_external>", line 906, in source_to_code
  File "<frozen importlib._bootstrap>", line 219, in _call_with_frames_removed
  File "/opt/airflow/dags/dag.py", line 23
    )as dag
          ^
SyntaxError: invalid syntax
[2026-08-14T04:01:12.127+0000] {processor.py:841} WARNING - No viable dags retrieved from /opt/airflow/dags/dag.py
[2026-08-14T04:01:12.139+0000] {processor.py:179} INFO - Processing /opt/airflow/dags/dag.py took 0.022 seconds
[2026-08-14T04:01:42.415+0000] {processor.py:157} INFO - Started process (PID=14510) to work on /opt/airflow/dags/dag.py
[2026-08-14T04:01:42.416+0000] {processor.py:829} INFO - Processing file /opt/airflow/dags/dag.py for tasks to queue
[2026-08-14T04:01:42.420+0000] {logging_mixin.py:151} INFO - [2026-08-14T04:01:42.420+0000] {dagbag.py:536} INFO - Filling up the DagBag from /opt/airflow/dags/dag.py
[2026-08-14T04:01:42.424+0000] {logging_mixin.py:151} INFO - [2026-08-14T04:01:42.423+0000] {dagbag.py:346} ERROR - Failed to import: /opt/airflow/dags/dag.py
Traceback (most recent call last):
  File "/home/airflow/.local/lib/python3.8/site-packages/airflow/models/dagbag.py", line 342, in parse
    loader.exec_module(new_module)
  File "<frozen importlib._bootstrap_external>", line 839, in exec_module
  File "<frozen importlib._bootstrap_external>", line 976, in get_code
  File "<frozen importlib._bootstrap_external>", line 906, in source_to_code
  File "<frozen importlib._bootstrap>", line 219, in _call_with_frames_removed
  File "/opt/airflow/dags/dag.py", line 23
    )as dag
          ^
SyntaxError: invalid syntax
[2026-08-14T04:01:42.424+0000] {processor.py:841} WARNING - No viable dags retrieved from /opt/airflow/dags/dag.py
[2026-08-14T04:01:42.442+0000] {processor.py:179} INFO - Processing /opt/airflow/dags/dag.py took 0.029 seconds
[2026-08-14T04:02:12.705+0000] {processor.py:157} INFO - Started process (PID=14518) to work on /opt/airflow/dags/dag.py
[2026-08-14T04:02:12.705+0000] {processor.py:829} INFO - Processing file /opt/airflow/dags/dag.py for tasks to queue
[2026-08-14T04:02:12.707+0000] {logging_mixin.py:151} INFO - [2026-08-14T04:02:12.707+0000] {dagbag.py:536} INFO - Filling up the DagBag from /opt/airflow/dags/dag.py
[2026-08-14T04:02:12.711+0000] {logging_mixin.py:151} INFO - [2026-08-14T04:02:12.710+0000] {dagbag.py:346} ERROR - Failed to import: /opt/airflow/dags/dag.py
Traceback (most recent call last):
  File "/home/airflow/.local/lib/python3.8/site-packages/airflow/models/dagbag.py", line 342, in parse
    loader.exec_module(new_module)
  File "<frozen importlib._bootstrap_external>", line 839, in exec_module
  File "<frozen importlib._bootstrap_external>", line 976, in get_code
  File "<frozen importlib._bootstrap_external>", line 906, in source_to_code
  File "<frozen importlib._bootstrap>", line 219, in _call_with_frames_removed
  File "/opt/airflow/dags/dag.py", line 23
    )as dag
          ^
SyntaxError: invalid syntax
[2026-08-14T04:02:12.713+0000] {processor.py:841} WARNING - No viable dags retrieved from /opt/airflow/dags/dag.py
[2026-08-14T04:02:12.727+0000] {processor.py:179} INFO - Processing /opt/airflow/dags/dag.py took 0.024 seconds
[2026-08-14T04:02:43.020+0000] {processor.py:157} INFO - Started process (PID=14526) to work on /opt/airflow/dags/dag.py
[2026-08-14T04:02:43.021+0000] {processor.py:829} INFO - Processing file /opt/airflow/dags/dag.py for tasks to queue
[2026-08-14T04:02:43.025+0000] {logging_mixin.py:151} INFO - [2026-08-14T04:02:43.024+0000] {dagbag.py:536} INFO - Filling up the DagBag from /opt/airflow/dags/dag.py
[2026-08-14T04:02:43.028+0000] {logging_mixin.py:151} INFO - [2026-08-14T04:02:43.028+0000] {dagbag.py:346} ERROR - Failed to import: /opt/airflow/dags/dag.py
Traceback (most recent call last):
  File "/home/airflow/.local/lib/python3.8/site-packages/airflow/models/dagbag.py", line 342, in parse
    loader.exec_module(new_module)
  File "<frozen importlib._bootstrap_external>", line 839, in exec_module
  File "<frozen importlib._bootstrap_external>", line 976, in get_code
  File "<frozen importlib._bootstrap_external>", line 906, in source_to_code
  File "<frozen importlib._bootstrap>", line 219, in _call_with_frames_removed
  File "/opt/airflow/dags/dag.py", line 23
    )as dag
          ^
SyntaxError: invalid syntax
[2026-08-14T04:02:43.028+0000] {processor.py:841} WARNING - No viable dags retrieved from /opt/airflow/dags/dag.py
[2026-08-14T04:02:43.040+0000] {processor.py:179} INFO - Processing /opt/airflow/dags/dag.py took 0.022 seconds
[2026-08-14T04:03:13.339+0000] {processor.py:157} INFO - Started process (PID=14534) to work on /opt/airflow/dags/dag.py
[2026-08-14T04:03:13.340+0000] {processor.py:829} INFO - Processing file /opt/airflow/dags/dag.py for tasks to queue
[2026-08-14T04:03:13.343+0000] {logging_mixin.py:151} INFO - [2026-08-14T04:03:13.343+0000] {dagbag.py:536} INFO - Filling up the DagBag from /opt/airflow/dags/dag.py
[2026-08-14T04:03:13.351+0000] {logging_mixin.py:151} INFO - [2026-08-14T04:03:13.350+0000] {dagbag.py:346} ERROR - Failed to import: /opt/airflow/dags/dag.py
Traceback (most recent call last):
  File "/home/airflow/.local/lib/python3.8/site-packages/airflow/models/dagbag.py", line 342, in parse
    loader.exec_module(new_module)
  File "<frozen importlib._bootstrap_external>", line 839, in exec_module
  File "<frozen importlib._bootstrap_external>", line 976, in get_code
  File "<frozen importlib._bootstrap_external>", line 906, in source_to_code
  File "<frozen importlib._bootstrap>", line 219, in _call_with_frames_removed
  File "/opt/airflow/dags/dag.py", line 23
    )as dag
          ^
SyntaxError: invalid syntax
[2026-08-14T04:03:13.351+0000] {processor.py:841} WARNING - No viable dags retrieved from /opt/airflow/dags/dag.py
[2026-08-14T04:03:13.372+0000] {processor.py:179} INFO - Processing /opt/airflow/dags/dag.py took 0.036 seconds
[2026-08-14T04:03:43.654+0000] {processor.py:157} INFO - Started process (PID=14542) to work on /opt/airflow/dags/dag.py
[2026-08-14T04:03:43.655+0000] {processor.py:829} INFO - Processing file /opt/airflow/dags/dag.py for tasks to queue
[2026-08-14T04:03:43.660+0000] {logging_mixin.py:151} INFO - [2026-08-14T04:03:43.660+0000] {dagbag.py:536} INFO - Filling up the DagBag from /opt/airflow/dags/dag.py
[2026-08-14T04:03:43.665+0000] {logging_mixin.py:151} INFO - [2026-08-14T04:03:43.665+0000] {dagbag.py:346} ERROR - Failed to import: /opt/airflow/dags/dag.py
Traceback (most recent call last):
  File "/home/airflow/.local/lib/python3.8/site-packages/airflow/models/dagbag.py", line 342, in parse
    loader.exec_module(new_module)
  File "<frozen importlib._bootstrap_external>", line 839, in exec_module
  File "<frozen importlib._bootstrap_external>", line 976, in get_code
  File "<frozen importlib._bootstrap_external>", line 906, in source_to_code
  File "<frozen importlib._bootstrap>", line 219, in _call_with_frames_removed
  File "/opt/airflow/dags/dag.py", line 23
    )as dag
          ^
SyntaxError: invalid syntax
[2026-08-14T04:03:43.666+0000] {processor.py:841} WARNING - No viable dags retrieved from /opt/airflow/dags/dag.py
[2026-08-14T04:03:43.681+0000] {processor.py:179} INFO - Processing /opt/airflow/dags/dag.py took 0.030 seconds
[2026-08-14T04:04:13.952+0000] {processor.py:157} INFO - Started process (PID=14550) to work on /opt/airflow/dags/dag.py
[2026-08-14T04:04:13.953+0000] {processor.py:829} INFO - Processing file /opt/airflow/dags/dag.py for tasks to queue
[2026-08-14T04:04:13.954+0000] {logging_mixin.py:151} INFO - [2026-08-14T04:04:13.954+0000] {dagbag.py:536} INFO - Filling up the DagBag from /opt/airflow/dags/dag.py
[2026-08-14T04:04:13.961+0000] {logging_mixin.py:151} INFO - [2026-08-14T04:04:13.961+0000] {dagbag.py:346} ERROR - Failed to import: /opt/airflow/dags/dag.py
Traceback (most recent call last):
  File "/home/airflow/.local/lib/python3.8/site-packages/airflow/models/dagbag.py", line 342, in parse
    loader.exec_module(new_module)
  File "<frozen importlib._bootstrap_external>", line 839, in exec_module
  File "<frozen importlib._bootstrap_external>", line 976, in get_code
  File "<frozen importlib._bootstrap_external>", line 906, in source_to_code
  File "<frozen importlib._bootstrap>", line 219, in _call_with_frames_removed
  File "/opt/airflow/dags/dag.py", line 23
    )as dag
          ^
SyntaxError: invalid syntax
[2026-08-14T04:04:13.961+0000] {processor.py:841} WARNING - No viable dags retrieved from /opt/airflow/dags/dag.py
[2026-08-14T04:04:13.974+0000] {processor.py:179} INFO - Processing /opt/airflow/dags/dag.py took 0.024 seconds
[2026-08-14T04:04:44.296+0000] {processor.py:157} INFO - Started process (PID=14558) to work on /opt/airflow/dags/dag.py
[2026-08-14T04:04:44.297+0000] {processor.py:829} INFO - Processing file /opt/airflow/dags/dag.py for tasks to queue
[2026-08-14T04:04:44.300+0000] {logging_mixin.py:151} INFO - [2026-08-14T04:04:44.300+0000] {dagbag.py:536} INFO - Filling up the DagBag from /opt/airflow/dags/dag.py
[2026-08-14T04:04:44.304+0000] {logging_mixin.py:151} INFO - [2026-08-14T04:04:44.303+0000] {dagbag.py:346} ERROR - Failed to import: /opt/airflow/dags/dag.py
Traceback (most recent call last):
  File "/home/airflow/.local/lib/python3.8/site-packages/airflow/models/dagbag.py", line 342, in parse
    loader.exec_module(new_module)
  File "<frozen importlib._bootstrap_external>", line 839, in exec_module
  File "<frozen importlib._bootstrap_external>", line 976, in get_code
  File "<frozen importlib._bootstrap_external>", line 906, in source_to_code
  File "<frozen importlib._bootstrap>", line 219, in _call_with_frames_removed
  File "/opt/airflow/dags/dag.py", line 23
    )as dag
          ^
SyntaxError: invalid syntax
[2026-08-14T04:04:44.307+0000] {processor.py:841} WARNING - No viable dags retrieved from /opt/airflow/dags/dag.py
[2026-08-14T04:04:44.318+0000] {processor.py:179} INFO - Processing /opt/airflow/dags/dag.py took 0.024 seconds
[2026-08-14T04:05:14.600+0000] {processor.py:157} INFO - Started process (PID=14566) to work on /opt/airflow/dags/dag.py
[2026-08-14T04:05:14.601+0000] {processor.py:829} INFO - Processing file /opt/airflow/dags/dag.py for tasks to queue
[2026-08-14T04:05:14.603+0000] {logging_mixin.py:151} INFO - [2026-08-14T04:05:14.603+0000] {dagbag.py:536} INFO - Filling up the DagBag from /opt/airflow/dags/dag.py
[2026-08-14T04:05:14.607+0000] {logging_mixin.py:151} INFO - [2026-08-14T04:05:14.606+0000] {dagbag.py:346} ERROR - Failed to import: /opt/airflow/dags/dag.py
Traceback (most recent call last):
  File "/home/airflow/.local/lib/python3.8/site-packages/airflow/models/dagbag.py", line 342, in parse
    loader.exec_module(new_module)
  File "<frozen importlib._bootstrap_external>", line 839, in exec_module
  File "<frozen importlib._bootstrap_external>", line 976, in get_code
  File "<frozen importlib._bootstrap_external>", line 906, in source_to_code
  File "<frozen importlib._bootstrap>", line 219, in _call_with_frames_removed
  File "/opt/airflow/dags/dag.py", line 23
    )as dag
          ^
SyntaxError: invalid syntax
[2026-08-14T04:05:14.607+0000] {processor.py:841} WARNING - No viable dags retrieved from /opt/airflow/dags/dag.py
[2026-08-14T04:05:14.619+0000] {processor.py:179} INFO - Processing /opt/airflow/dags/dag.py took 0.021 seconds
[2026-08-14T04:05:44.901+0000] {processor.py:157} INFO - Started process (PID=14574) to work on /opt/airflow/dags/dag.py
[2026-08-14T04:05:44.901+0000] {processor.py:829} INFO - Processing file /opt/airflow/dags/dag.py for tasks to queue
[2026-08-14T04:05:44.907+0000] {logging_mixin.py:151} INFO - [2026-08-14T04:05:44.907+0000] {dagbag.py:536} INFO - Filling up the DagBag from /opt/airflow/dags/dag.py
[2026-08-14T04:05:44.913+0000] {logging_mixin.py:151} INFO - [2026-08-14T04:05:44.912+0000] {dagbag.py:346} ERROR - Failed to import: /opt/airflow/dags/dag.py
Traceback (most recent call last):
  File "/home/airflow/.local/lib/python3.8/site-packages/airflow/models/dagbag.py", line 342, in parse
    loader.exec_module(new_module)
  File "<frozen importlib._bootstrap_external>", line 839, in exec_module
  File "<frozen importlib._bootstrap_external>", line 976, in get_code
  File "<frozen importlib._bootstrap_external>", line 906, in source_to_code
  File "<frozen importlib._bootstrap>", line 219, in _call_with_frames_removed
  File "/opt/airflow/dags/dag.py", line 23
    )as dag
          ^
SyntaxError: invalid syntax
[2026-08-14T04:05:44.914+0000] {processor.py:841} WARNING - No viable dags retrieved from /opt/airflow/dags/dag.py
[2026-08-14T04:05:44.927+0000] {processor.py:179} INFO - Processing /opt/airflow/dags/dag.py took 0.030 seconds
[2026-08-14T04:06:15.222+0000] {processor.py:157} INFO - Started process (PID=14582) to work on /opt/airflow/dags/dag.py
[2026-08-14T04:06:15.222+0000] {processor.py:829} INFO - Processing file /opt/airflow/dags/dag.py for tasks to queue
[2026-08-14T04:06:15.227+0000] {logging_mixin.py:151} INFO - [2026-08-14T04:06:15.227+0000] {dagbag.py:536} INFO - Filling up the DagBag from /opt/airflow/dags/dag.py
[2026-08-14T04:06:15.229+0000] {logging_mixin.py:151} INFO - [2026-08-14T04:06:15.228+0000] {dagbag.py:346} ERROR - Failed to import: /opt/airflow/dags/dag.py
Traceback (most recent call last):
  File "/home/airflow/.local/lib/python3.8/site-packages/airflow/models/dagbag.py", line 342, in parse
    loader.exec_module(new_module)
  File "<frozen importlib._bootstrap_external>", line 839, in exec_module
  File "<frozen importlib._bootstrap_external>", line 976, in get_code
  File "<frozen importlib._bootstrap_external>", line 906, in source_to_code
  File "<frozen importlib._bootstrap>", line 219, in _call_with_frames_removed
  File "/opt/airflow/dags/dag.py", line 23
    )as dag
          ^
SyntaxError: invalid syntax
[2026-08-14T04:06:15.229+0000] {processor.py:841} WARNING - No viable dags retrieved from /opt/airflow/dags/dag.py
[2026-08-14T04:06:15.243+0000] {processor.py:179} INFO - Processing /opt/airflow/dags/dag.py took 0.023 seconds
[2026-08-14T04:06:45.542+0000] {processor.py:157} INFO - Started process (PID=14590) to work on /opt/airflow/dags/dag.py
[2026-08-14T04:06:45.543+0000] {processor.py:829} INFO - Processing file /opt/airflow/dags/dag.py for tasks to queue
[2026-08-14T04:06:45.548+0000] {logging_mixin.py:151} INFO - [2026-08-14T04:06:45.548+0000] {dagbag.py:536} INFO - Filling up the DagBag from /opt/airflow/dags/dag.py
[2026-08-14T04:06:45.551+0000] {logging_mixin.py:151} INFO - [2026-08-14T04:06:45.550+0000] {dagbag.py:346} ERROR - Failed to import: /opt/airflow/dags/dag.py
Traceback (most recent call last):
  File "/home/airflow/.local/lib/python3.8/site-packages/airflow/models/dagbag.py", line 342, in parse
    loader.exec_module(new_module)
  File "<frozen importlib._bootstrap_external>", line 839, in exec_module
  File "<frozen importlib._bootstrap_external>", line 976, in get_code
  File "<frozen importlib._bootstrap_external>", line 906, in source_to_code
  File "<frozen importlib._bootstrap>", line 219, in _call_with_frames_removed
  File "/opt/airflow/dags/dag.py", line 23
    )as dag
          ^
SyntaxError: invalid syntax
[2026-08-14T04:06:45.551+0000] {processor.py:841} WARNING - No viable dags retrieved from /opt/airflow/dags/dag.py
[2026-08-14T04:06:45.563+0000] {processor.py:179} INFO - Processing /opt/airflow/dags/dag.py took 0.024 seconds
[2026-08-14T04:07:15.856+0000] {processor.py:157} INFO - Started process (PID=14598) to work on /opt/airflow/dags/dag.py
[2026-08-14T04:07:15.856+0000] {processor.py:829} INFO - Processing file /opt/airflow/dags/dag.py for tasks to queue
[2026-08-14T04:07:15.860+0000] {logging_mixin.py:151} INFO - [2026-08-14T04:07:15.860+0000] {dagbag.py:536} INFO - Filling up the DagBag from /opt/airflow/dags/dag.py
[2026-08-14T04:07:15.868+0000] {logging_mixin.py:151} INFO - [2026-08-14T04:07:15.868+0000] {dagbag.py:346} ERROR - Failed to import: /opt/airflow/dags/dag.py
Traceback (most recent call last):
  File "/home/airflow/.local/lib/python3.8/site-packages/airflow/models/dagbag.py", line 342, in parse
    loader.exec_module(new_module)
  File "<frozen importlib._bootstrap_external>", line 839, in exec_module
  File "<frozen importlib._bootstrap_external>", line 976, in get_code
  File "<frozen importlib._bootstrap_external>", line 906, in source_to_code
  File "<frozen importlib._bootstrap>", line 219, in _call_with_frames_removed
  File "/opt/airflow/dags/dag.py", line 23
    )as dag
          ^
SyntaxError: invalid syntax
[2026-08-14T04:07:15.869+0000] {processor.py:841} WARNING - No viable dags retrieved from /opt/airflow/dags/dag.py
[2026-08-14T04:07:15.887+0000] {processor.py:179} INFO - Processing /opt/airflow/dags/dag.py took 0.034 seconds
[2026-08-14T04:07:46.196+0000] {processor.py:157} INFO - Started process (PID=14606) to work on /opt/airflow/dags/dag.py
[2026-08-14T04:07:46.197+0000] {processor.py:829} INFO - Processing file /opt/airflow/dags/dag.py for tasks to queue
[2026-08-14T04:07:46.202+0000] {logging_mixin.py:151} INFO - [2026-08-14T04:07:46.201+0000] {dagbag.py:536} INFO - Filling up the DagBag from /opt/airflow/dags/dag.py
[2026-08-14T04:07:46.208+0000] {logging_mixin.py:151} INFO - [2026-08-14T04:07:46.207+0000] {dagbag.py:346} ERROR - Failed to import: /opt/airflow/dags/dag.py
Traceback (most recent call last):
  File "/home/airflow/.local/lib/python3.8/site-packages/airflow/models/dagbag.py", line 342, in parse
    loader.exec_module(new_module)
  File "<frozen importlib._bootstrap_external>", line 839, in exec_module
  File "<frozen importlib._bootstrap_external>", line 976, in get_code
  File "<frozen importlib._bootstrap_external>", line 906, in source_to_code
  File "<frozen importlib._bootstrap>", line 219, in _call_with_frames_removed
  File "/opt/airflow/dags/dag.py", line 23
    )as dag
          ^
SyntaxError: invalid syntax
[2026-08-14T04:07:46.208+0000] {processor.py:841} WARNING - No viable dags retrieved from /opt/airflow/dags/dag.py
[2026-08-14T04:07:46.219+0000] {processor.py:179} INFO - Processing /opt/airflow/dags/dag.py took 0.025 seconds
[2026-08-14T04:08:16.503+0000] {processor.py:157} INFO - Started process (PID=14614) to work on /opt/airflow/dags/dag.py
[2026-08-14T04:08:16.504+0000] {processor.py:829} INFO - Processing file /opt/airflow/dags/dag.py for tasks to queue
[2026-08-14T04:08:16.509+0000] {logging_mixin.py:151} INFO - [2026-08-14T04:08:16.509+0000] {dagbag.py:536} INFO - Filling up the DagBag from /opt/airflow/dags/dag.py
[2026-08-14T04:08:16.511+0000] {logging_mixin.py:151} INFO - [2026-08-14T04:08:16.510+0000] {dagbag.py:346} ERROR - Failed to import: /opt/airflow/dags/dag.py
Traceback (most recent call last):
  File "/home/airflow/.local/lib/python3.8/site-packages/airflow/models/dagbag.py", line 342, in parse
    loader.exec_module(new_module)
  File "<frozen importlib._bootstrap_external>", line 839, in exec_module
  File "<frozen importlib._bootstrap_external>", line 976, in get_code
  File "<frozen importlib._bootstrap_external>", line 906, in source_to_code
  File "<frozen importlib._bootstrap>", line 219, in _call_with_frames_removed
  File "/opt/airflow/dags/dag.py", line 23
    )as dag
          ^
SyntaxError: invalid syntax
[2026-08-14T04:08:16.511+0000] {processor.py:841} WARNING - No viable dags retrieved from /opt/airflow/dags/dag.py
[2026-08-14T04:08:16.526+0000] {processor.py:179} INFO - Processing /opt/airflow/dags/dag.py took 0.024 seconds
[2026-08-14T04:08:46.793+0000] {processor.py:157} INFO - Started process (PID=14622) to work on /opt/airflow/dags/dag.py
[2026-08-14T04:08:46.796+0000] {processor.py:829} INFO - Processing file /opt/airflow/dags/dag.py for tasks to queue
[2026-08-14T04:08:46.799+0000] {logging_mixin.py:151} INFO - [2026-08-14T04:08:46.799+0000] {dagbag.py:536} INFO - Filling up the DagBag from /opt/airflow/dags/dag.py
[2026-08-14T04:08:46.806+0000] {logging_mixin.py:151} INFO - [2026-08-14T04:08:46.806+0000] {dagbag.py:346} ERROR - Failed to import: /opt/airflow/dags/dag.py
Traceback (most recent call last):
  File "/home/airflow/.local/lib/python3.8/site-packages/airflow/models/dagbag.py", line 342, in parse
    loader.exec_module(new_module)
  File "<frozen importlib._bootstrap_external>", line 839, in exec_module
  File "<frozen importlib._bootstrap_external>", line 976, in get_code
  File "<frozen importlib._bootstrap_external>", line 906, in source_to_code
  File "<frozen importlib._bootstrap>", line 219, in _call_with_frames_removed
  File "/opt/airflow/dags/dag.py", line 23
    )as dag
          ^
SyntaxError: invalid syntax
[2026-08-14T04:08:46.807+0000] {processor.py:841} WARNING - No viable dags retrieved from /opt/airflow/dags/dag.py
[2026-08-14T04:08:46.822+0000] {processor.py:179} INFO - Processing /opt/airflow/dags/dag.py took 0.031 seconds
[2026-08-14T04:09:17.089+0000] {processor.py:157} INFO - Started process (PID=14630) to work on /opt/airflow/dags/dag.py
[2026-08-14T04:09:17.089+0000] {processor.py:829} INFO - Processing file /opt/airflow/dags/dag.py for tasks to queue
[2026-08-14T04:09:17.092+0000] {logging_mixin.py:151} INFO - [2026-08-14T04:09:17.092+0000] {dagbag.py:536} INFO - Filling up the DagBag from /opt/airflow/dags/dag.py
[2026-08-14T04:09:17.096+0000] {logging_mixin.py:151} INFO - [2026-08-14T04:09:17.096+0000] {dagbag.py:346} ERROR - Failed to import: /opt/airflow/dags/dag.py
Traceback (most recent call last):
  File "/home/airflow/.local/lib/python3.8/site-packages/airflow/models/dagbag.py", line 342, in parse
    loader.exec_module(new_module)
  File "<frozen importlib._bootstrap_external>", line 839, in exec_module
  File "<frozen importlib._bootstrap_external>", line 976, in get_code
  File "<frozen importlib._bootstrap_external>", line 906, in source_to_code
  File "<frozen importlib._bootstrap>", line 219, in _call_with_frames_removed
  File "/opt/airflow/dags/dag.py", line 23
    )as dag
          ^
SyntaxError: invalid syntax
[2026-08-14T04:09:17.096+0000] {processor.py:841} WARNING - No viable dags retrieved from /opt/airflow/dags/dag.py
[2026-08-14T04:09:17.114+0000] {processor.py:179} INFO - Processing /opt/airflow/dags/dag.py took 0.027 seconds
[2026-08-14T04:09:47.416+0000] {processor.py:157} INFO - Started process (PID=14638) to work on /opt/airflow/dags/dag.py
[2026-08-14T04:09:47.418+0000] {processor.py:829} INFO - Processing file /opt/airflow/dags/dag.py for tasks to queue
[2026-08-14T04:09:47.420+0000] {logging_mixin.py:151} INFO - [2026-08-14T04:09:47.420+0000] {dagbag.py:536} INFO - Filling up the DagBag from /opt/airflow/dags/dag.py
[2026-08-14T04:09:47.427+0000] {logging_mixin.py:151} INFO - [2026-08-14T04:09:47.426+0000] {dagbag.py:346} ERROR - Failed to import: /opt/airflow/dags/dag.py
Traceback (most recent call last):
  File "/home/airflow/.local/lib/python3.8/site-packages/airflow/models/dagbag.py", line 342, in parse
    loader.exec_module(new_module)
  File "<frozen importlib._bootstrap_external>", line 839, in exec_module
  File "<frozen importlib._bootstrap_external>", line 976, in get_code
  File "<frozen importlib._bootstrap_external>", line 906, in source_to_code
  File "<frozen importlib._bootstrap>", line 219, in _call_with_frames_removed
  File "/opt/airflow/dags/dag.py", line 23
    )as dag
          ^
SyntaxError: invalid syntax
[2026-08-14T04:09:47.427+0000] {processor.py:841} WARNING - No viable dags retrieved from /opt/airflow/dags/dag.py
[2026-08-14T04:09:47.438+0000] {processor.py:179} INFO - Processing /opt/airflow/dags/dag.py took 0.024 seconds
[2026-08-14T04:10:17.722+0000] {processor.py:157} INFO - Started process (PID=14646) to work on /opt/airflow/dags/dag.py
[2026-08-14T04:10:17.723+0000] {processor.py:829} INFO - Processing file /opt/airflow/dags/dag.py for tasks to queue
[2026-08-14T04:10:17.725+0000] {logging_mixin.py:151} INFO - [2026-08-14T04:10:17.725+0000] {dagbag.py:536} INFO - Filling up the DagBag from /opt/airflow/dags/dag.py
[2026-08-14T04:10:17.729+0000] {logging_mixin.py:151} INFO - [2026-08-14T04:10:17.729+0000] {dagbag.py:346} ERROR - Failed to import: /opt/airflow/dags/dag.py
Traceback (most recent call last):
  File "/home/airflow/.local/lib/python3.8/site-packages/airflow/models/dagbag.py", line 342, in parse
    loader.exec_module(new_module)
  File "<frozen importlib._bootstrap_external>", line 839, in exec_module
  File "<frozen importlib._bootstrap_external>", line 976, in get_code
  File "<frozen importlib._bootstrap_external>", line 906, in source_to_code
  File "<frozen importlib._bootstrap>", line 219, in _call_with_frames_removed
  File "/opt/airflow/dags/dag.py", line 23
    )as dag
          ^
SyntaxError: invalid syntax
[2026-08-14T04:10:17.729+0000] {processor.py:841} WARNING - No viable dags retrieved from /opt/airflow/dags/dag.py
[2026-08-14T04:10:17.739+0000] {processor.py:179} INFO - Processing /opt/airflow/dags/dag.py took 0.018 seconds
[2026-08-14T04:10:48.095+0000] {processor.py:157} INFO - Started process (PID=14654) to work on /opt/airflow/dags/dag.py
[2026-08-14T04:10:48.096+0000] {processor.py:829} INFO - Processing file /opt/airflow/dags/dag.py for tasks to queue
[2026-08-14T04:10:48.098+0000] {logging_mixin.py:151} INFO - [2026-08-14T04:10:48.098+0000] {dagbag.py:536} INFO - Filling up the DagBag from /opt/airflow/dags/dag.py
[2026-08-14T04:10:48.103+0000] {logging_mixin.py:151} INFO - [2026-08-14T04:10:48.102+0000] {dagbag.py:346} ERROR - Failed to import: /opt/airflow/dags/dag.py
Traceback (most recent call last):
  File "/home/airflow/.local/lib/python3.8/site-packages/airflow/models/dagbag.py", line 342, in parse
    loader.exec_module(new_module)
  File "<frozen importlib._bootstrap_external>", line 839, in exec_module
  File "<frozen importlib._bootstrap_external>", line 976, in get_code
  File "<frozen importlib._bootstrap_external>", line 906, in source_to_code
  File "<frozen importlib._bootstrap>", line 219, in _call_with_frames_removed
  File "/opt/airflow/dags/dag.py", line 23
    )as dag
          ^
SyntaxError: invalid syntax
[2026-08-14T04:10:48.103+0000] {processor.py:841} WARNING - No viable dags retrieved from /opt/airflow/dags/dag.py
[2026-08-14T04:10:48.115+0000] {processor.py:179} INFO - Processing /opt/airflow/dags/dag.py took 0.022 seconds
[2026-08-14T04:11:18.360+0000] {processor.py:157} INFO - Started process (PID=14662) to work on /opt/airflow/dags/dag.py
[2026-08-14T04:11:18.361+0000] {processor.py:829} INFO - Processing file /opt/airflow/dags/dag.py for tasks to queue
[2026-08-14T04:11:18.365+0000] {logging_mixin.py:151} INFO - [2026-08-14T04:11:18.364+0000] {dagbag.py:536} INFO - Filling up the DagBag from /opt/airflow/dags/dag.py
[2026-08-14T04:11:18.371+0000] {logging_mixin.py:151} INFO - [2026-08-14T04:11:18.370+0000] {dagbag.py:346} ERROR - Failed to import: /opt/airflow/dags/dag.py
Traceback (most recent call last):
  File "/home/airflow/.local/lib/python3.8/site-packages/airflow/models/dagbag.py", line 342, in parse
    loader.exec_module(new_module)
  File "<frozen importlib._bootstrap_external>", line 839, in exec_module
  File "<frozen importlib._bootstrap_external>", line 976, in get_code
  File "<frozen importlib._bootstrap_external>", line 906, in source_to_code
  File "<frozen importlib._bootstrap>", line 219, in _call_with_frames_removed
  File "/opt/airflow/dags/dag.py", line 23
    )as dag
          ^
SyntaxError: invalid syntax
[2026-08-14T04:11:18.371+0000] {processor.py:841} WARNING - No viable dags retrieved from /opt/airflow/dags/dag.py
[2026-08-14T04:11:18.384+0000] {processor.py:179} INFO - Processing /opt/airflow/dags/dag.py took 0.027 seconds
[2026-08-14T04:11:48.662+0000] {processor.py:157} INFO - Started process (PID=14670) to work on /opt/airflow/dags/dag.py
[2026-08-14T04:11:48.663+0000] {processor.py:829} INFO - Processing file /opt/airflow/dags/dag.py for tasks to queue
[2026-08-14T04:11:48.668+0000] {logging_mixin.py:151} INFO - [2026-08-14T04:11:48.668+0000] {dagbag.py:536} INFO - Filling up the DagBag from /opt/airflow/dags/dag.py
[2026-08-14T04:11:48.674+0000] {logging_mixin.py:151} INFO - [2026-08-14T04:11:48.673+0000] {dagbag.py:346} ERROR - Failed to import: /opt/airflow/dags/dag.py
Traceback (most recent call last):
  File "/home/airflow/.local/lib/python3.8/site-packages/airflow/models/dagbag.py", line 342, in parse
    loader.exec_module(new_module)
  File "<frozen importlib._bootstrap_external>", line 839, in exec_module
  File "<frozen importlib._bootstrap_external>", line 976, in get_code
  File "<frozen importlib._bootstrap_external>", line 906, in source_to_code
  File "<frozen importlib._bootstrap>", line 219, in _call_with_frames_removed
  File "/opt/airflow/dags/dag.py", line 23
    )as dag
          ^
SyntaxError: invalid syntax
[2026-08-14T04:11:48.675+0000] {processor.py:841} WARNING - No viable dags retrieved from /opt/airflow/dags/dag.py
[2026-08-14T04:11:48.691+0000] {processor.py:179} INFO - Processing /opt/airflow/dags/dag.py took 0.032 seconds
[2026-08-14T04:12:18.980+0000] {processor.py:157} INFO - Started process (PID=14678) to work on /opt/airflow/dags/dag.py
[2026-08-14T04:12:18.981+0000] {processor.py:829} INFO - Processing file /opt/airflow/dags/dag.py for tasks to queue
[2026-08-14T04:12:18.982+0000] {logging_mixin.py:151} INFO - [2026-08-14T04:12:18.982+0000] {dagbag.py:536} INFO - Filling up the DagBag from /opt/airflow/dags/dag.py
[2026-08-14T04:12:18.989+0000] {logging_mixin.py:151} INFO - [2026-08-14T04:12:18.988+0000] {dagbag.py:346} ERROR - Failed to import: /opt/airflow/dags/dag.py
Traceback (most recent call last):
  File "/home/airflow/.local/lib/python3.8/site-packages/airflow/models/dagbag.py", line 342, in parse
    loader.exec_module(new_module)
  File "<frozen importlib._bootstrap_external>", line 839, in exec_module
  File "<frozen importlib._bootstrap_external>", line 976, in get_code
  File "<frozen importlib._bootstrap_external>", line 906, in source_to_code
  File "<frozen importlib._bootstrap>", line 219, in _call_with_frames_removed
  File "/opt/airflow/dags/dag.py", line 23
    )as dag
          ^
SyntaxError: invalid syntax
[2026-08-14T04:12:18.989+0000] {processor.py:841} WARNING - No viable dags retrieved from /opt/airflow/dags/dag.py
[2026-08-14T04:12:19.009+0000] {processor.py:179} INFO - Processing /opt/airflow/dags/dag.py took 0.031 seconds
[2026-08-14T04:12:49.303+0000] {processor.py:157} INFO - Started process (PID=14686) to work on /opt/airflow/dags/dag.py
[2026-08-14T04:12:49.303+0000] {processor.py:829} INFO - Processing file /opt/airflow/dags/dag.py for tasks to queue
[2026-08-14T04:12:49.305+0000] {logging_mixin.py:151} INFO - [2026-08-14T04:12:49.305+0000] {dagbag.py:536} INFO - Filling up the DagBag from /opt/airflow/dags/dag.py
[2026-08-14T04:12:49.310+0000] {logging_mixin.py:151} INFO - [2026-08-14T04:12:49.309+0000] {dagbag.py:346} ERROR - Failed to import: /opt/airflow/dags/dag.py
Traceback (most recent call last):
  File "/home/airflow/.local/lib/python3.8/site-packages/airflow/models/dagbag.py", line 342, in parse
    loader.exec_module(new_module)
  File "<frozen importlib._bootstrap_external>", line 839, in exec_module
  File "<frozen importlib._bootstrap_external>", line 976, in get_code
  File "<frozen importlib._bootstrap_external>", line 906, in source_to_code
  File "<frozen importlib._bootstrap>", line 219, in _call_with_frames_removed
  File "/opt/airflow/dags/dag.py", line 23
    )as dag
          ^
SyntaxError: invalid syntax
[2026-08-14T04:12:49.310+0000] {processor.py:841} WARNING - No viable dags retrieved from /opt/airflow/dags/dag.py
[2026-08-14T04:12:49.322+0000] {processor.py:179} INFO - Processing /opt/airflow/dags/dag.py took 0.022 seconds
[2026-08-14T04:13:19.640+0000] {processor.py:157} INFO - Started process (PID=14694) to work on /opt/airflow/dags/dag.py
[2026-08-14T04:13:19.641+0000] {processor.py:829} INFO - Processing file /opt/airflow/dags/dag.py for tasks to queue
[2026-08-14T04:13:19.645+0000] {logging_mixin.py:151} INFO - [2026-08-14T04:13:19.645+0000] {dagbag.py:536} INFO - Filling up the DagBag from /opt/airflow/dags/dag.py
[2026-08-14T04:13:19.650+0000] {logging_mixin.py:151} INFO - [2026-08-14T04:13:19.650+0000] {dagbag.py:346} ERROR - Failed to import: /opt/airflow/dags/dag.py
Traceback (most recent call last):
  File "/home/airflow/.local/lib/python3.8/site-packages/airflow/models/dagbag.py", line 342, in parse
    loader.exec_module(new_module)
  File "<frozen importlib._bootstrap_external>", line 839, in exec_module
  File "<frozen importlib._bootstrap_external>", line 976, in get_code
  File "<frozen importlib._bootstrap_external>", line 906, in source_to_code
  File "<frozen importlib._bootstrap>", line 219, in _call_with_frames_removed
  File "/opt/airflow/dags/dag.py", line 23
    )as dag
          ^
SyntaxError: invalid syntax
[2026-08-14T04:13:19.651+0000] {processor.py:841} WARNING - No viable dags retrieved from /opt/airflow/dags/dag.py
[2026-08-14T04:13:19.669+0000] {processor.py:179} INFO - Processing /opt/airflow/dags/dag.py took 0.030 seconds
[2026-08-14T04:13:49.952+0000] {processor.py:157} INFO - Started process (PID=14702) to work on /opt/airflow/dags/dag.py
[2026-08-14T04:13:49.953+0000] {processor.py:829} INFO - Processing file /opt/airflow/dags/dag.py for tasks to queue
[2026-08-14T04:13:49.957+0000] {logging_mixin.py:151} INFO - [2026-08-14T04:13:49.956+0000] {dagbag.py:536} INFO - Filling up the DagBag from /opt/airflow/dags/dag.py
[2026-08-14T04:13:49.960+0000] {logging_mixin.py:151} INFO - [2026-08-14T04:13:49.959+0000] {dagbag.py:346} ERROR - Failed to import: /opt/airflow/dags/dag.py
Traceback (most recent call last):
  File "/home/airflow/.local/lib/python3.8/site-packages/airflow/models/dagbag.py", line 342, in parse
    loader.exec_module(new_module)
  File "<frozen importlib._bootstrap_external>", line 839, in exec_module
  File "<frozen importlib._bootstrap_external>", line 976, in get_code
  File "<frozen importlib._bootstrap_external>", line 906, in source_to_code
  File "<frozen importlib._bootstrap>", line 219, in _call_with_frames_removed
  File "/opt/airflow/dags/dag.py", line 23
    )as dag
          ^
SyntaxError: invalid syntax
[2026-08-14T04:13:49.960+0000] {processor.py:841} WARNING - No viable dags retrieved from /opt/airflow/dags/dag.py
[2026-08-14T04:13:49.973+0000] {processor.py:179} INFO - Processing /opt/airflow/dags/dag.py took 0.025 seconds
[2026-08-14T04:14:20.286+0000] {processor.py:157} INFO - Started process (PID=14710) to work on /opt/airflow/dags/dag.py
[2026-08-14T04:14:20.287+0000] {processor.py:829} INFO - Processing file /opt/airflow/dags/dag.py for tasks to queue
[2026-08-14T04:14:20.289+0000] {logging_mixin.py:151} INFO - [2026-08-14T04:14:20.289+0000] {dagbag.py:536} INFO - Filling up the DagBag from /opt/airflow/dags/dag.py
[2026-08-14T04:14:20.294+0000] {logging_mixin.py:151} INFO - [2026-08-14T04:14:20.294+0000] {dagbag.py:346} ERROR - Failed to import: /opt/airflow/dags/dag.py
Traceback (most recent call last):
  File "/home/airflow/.local/lib/python3.8/site-packages/airflow/models/dagbag.py", line 342, in parse
    loader.exec_module(new_module)
  File "<frozen importlib._bootstrap_external>", line 839, in exec_module
  File "<frozen importlib._bootstrap_external>", line 976, in get_code
  File "<frozen importlib._bootstrap_external>", line 906, in source_to_code
  File "<frozen importlib._bootstrap>", line 219, in _call_with_frames_removed
  File "/opt/airflow/dags/dag.py", line 23
    )as dag
          ^
SyntaxError: invalid syntax
[2026-08-14T04:14:20.294+0000] {processor.py:841} WARNING - No viable dags retrieved from /opt/airflow/dags/dag.py
[2026-08-14T04:14:20.308+0000] {processor.py:179} INFO - Processing /opt/airflow/dags/dag.py took 0.023 seconds
[2026-08-14T04:14:50.571+0000] {processor.py:157} INFO - Started process (PID=14718) to work on /opt/airflow/dags/dag.py
[2026-08-14T04:14:50.572+0000] {processor.py:829} INFO - Processing file /opt/airflow/dags/dag.py for tasks to queue
[2026-08-14T04:14:50.577+0000] {logging_mixin.py:151} INFO - [2026-08-14T04:14:50.576+0000] {dagbag.py:536} INFO - Filling up the DagBag from /opt/airflow/dags/dag.py
[2026-08-14T04:14:50.581+0000] {logging_mixin.py:151} INFO - [2026-08-14T04:14:50.580+0000] {dagbag.py:346} ERROR - Failed to import: /opt/airflow/dags/dag.py
Traceback (most recent call last):
  File "/home/airflow/.local/lib/python3.8/site-packages/airflow/models/dagbag.py", line 342, in parse
    loader.exec_module(new_module)
  File "<frozen importlib._bootstrap_external>", line 839, in exec_module
  File "<frozen importlib._bootstrap_external>", line 976, in get_code
  File "<frozen importlib._bootstrap_external>", line 906, in source_to_code
  File "<frozen importlib._bootstrap>", line 219, in _call_with_frames_removed
  File "/opt/airflow/dags/dag.py", line 23
    )as dag
          ^
SyntaxError: invalid syntax
[2026-08-14T04:14:50.581+0000] {processor.py:841} WARNING - No viable dags retrieved from /opt/airflow/dags/dag.py
[2026-08-14T04:14:50.593+0000] {processor.py:179} INFO - Processing /opt/airflow/dags/dag.py took 0.025 seconds
[2026-08-14T04:15:20.895+0000] {processor.py:157} INFO - Started process (PID=14726) to work on /opt/airflow/dags/dag.py
[2026-08-14T04:15:20.895+0000] {processor.py:829} INFO - Processing file /opt/airflow/dags/dag.py for tasks to queue
[2026-08-14T04:15:20.897+0000] {logging_mixin.py:151} INFO - [2026-08-14T04:15:20.897+0000] {dagbag.py:536} INFO - Filling up the DagBag from /opt/airflow/dags/dag.py
[2026-08-14T04:15:20.905+0000] {logging_mixin.py:151} INFO - [2026-08-14T04:15:20.904+0000] {dagbag.py:346} ERROR - Failed to import: /opt/airflow/dags/dag.py
Traceback (most recent call last):
  File "/home/airflow/.local/lib/python3.8/site-packages/airflow/models/dagbag.py", line 342, in parse
    loader.exec_module(new_module)
  File "<frozen importlib._bootstrap_external>", line 839, in exec_module
  File "<frozen importlib._bootstrap_external>", line 976, in get_code
  File "<frozen importlib._bootstrap_external>", line 906, in source_to_code
  File "<frozen importlib._bootstrap>", line 219, in _call_with_frames_removed
  File "/opt/airflow/dags/dag.py", line 23
    )as dag
          ^
SyntaxError: invalid syntax
[2026-08-14T04:15:20.905+0000] {processor.py:841} WARNING - No viable dags retrieved from /opt/airflow/dags/dag.py
[2026-08-14T04:15:20.918+0000] {processor.py:179} INFO - Processing /opt/airflow/dags/dag.py took 0.026 seconds
[2026-08-14T04:15:51.210+0000] {processor.py:157} INFO - Started process (PID=14734) to work on /opt/airflow/dags/dag.py
[2026-08-14T04:15:51.211+0000] {processor.py:829} INFO - Processing file /opt/airflow/dags/dag.py for tasks to queue
[2026-08-14T04:15:51.214+0000] {logging_mixin.py:151} INFO - [2026-08-14T04:15:51.214+0000] {dagbag.py:536} INFO - Filling up the DagBag from /opt/airflow/dags/dag.py
[2026-08-14T04:15:51.218+0000] {logging_mixin.py:151} INFO - [2026-08-14T04:15:51.217+0000] {dagbag.py:346} ERROR - Failed to import: /opt/airflow/dags/dag.py
Traceback (most recent call last):
  File "/home/airflow/.local/lib/python3.8/site-packages/airflow/models/dagbag.py", line 342, in parse
    loader.exec_module(new_module)
  File "<frozen importlib._bootstrap_external>", line 839, in exec_module
  File "<frozen importlib._bootstrap_external>", line 976, in get_code
  File "<frozen importlib._bootstrap_external>", line 906, in source_to_code
  File "<frozen importlib._bootstrap>", line 219, in _call_with_frames_removed
  File "/opt/airflow/dags/dag.py", line 23
    )as dag
          ^
SyntaxError: invalid syntax
[2026-08-14T04:15:51.218+0000] {processor.py:841} WARNING - No viable dags retrieved from /opt/airflow/dags/dag.py
[2026-08-14T04:15:51.230+0000] {processor.py:179} INFO - Processing /opt/airflow/dags/dag.py took 0.023 seconds
[2026-08-14T04:16:21.529+0000] {processor.py:157} INFO - Started process (PID=14742) to work on /opt/airflow/dags/dag.py
[2026-08-14T04:16:21.531+0000] {processor.py:829} INFO - Processing file /opt/airflow/dags/dag.py for tasks to queue
[2026-08-14T04:16:21.533+0000] {logging_mixin.py:151} INFO - [2026-08-14T04:16:21.533+0000] {dagbag.py:536} INFO - Filling up the DagBag from /opt/airflow/dags/dag.py
[2026-08-14T04:16:21.541+0000] {logging_mixin.py:151} INFO - [2026-08-14T04:16:21.541+0000] {dagbag.py:346} ERROR - Failed to import: /opt/airflow/dags/dag.py
Traceback (most recent call last):
  File "/home/airflow/.local/lib/python3.8/site-packages/airflow/models/dagbag.py", line 342, in parse
    loader.exec_module(new_module)
  File "<frozen importlib._bootstrap_external>", line 839, in exec_module
  File "<frozen importlib._bootstrap_external>", line 976, in get_code
  File "<frozen importlib._bootstrap_external>", line 906, in source_to_code
  File "<frozen importlib._bootstrap>", line 219, in _call_with_frames_removed
  File "/opt/airflow/dags/dag.py", line 23
    )as dag
          ^
SyntaxError: invalid syntax
[2026-08-14T04:16:21.541+0000] {processor.py:841} WARNING - No viable dags retrieved from /opt/airflow/dags/dag.py
[2026-08-14T04:16:21.559+0000] {processor.py:179} INFO - Processing /opt/airflow/dags/dag.py took 0.032 seconds
[2026-08-14T04:16:51.830+0000] {processor.py:157} INFO - Started process (PID=14750) to work on /opt/airflow/dags/dag.py
[2026-08-14T04:16:51.831+0000] {processor.py:829} INFO - Processing file /opt/airflow/dags/dag.py for tasks to queue
[2026-08-14T04:16:51.833+0000] {logging_mixin.py:151} INFO - [2026-08-14T04:16:51.833+0000] {dagbag.py:536} INFO - Filling up the DagBag from /opt/airflow/dags/dag.py
[2026-08-14T04:16:51.838+0000] {logging_mixin.py:151} INFO - [2026-08-14T04:16:51.837+0000] {dagbag.py:346} ERROR - Failed to import: /opt/airflow/dags/dag.py
Traceback (most recent call last):
  File "/home/airflow/.local/lib/python3.8/site-packages/airflow/models/dagbag.py", line 342, in parse
    loader.exec_module(new_module)
  File "<frozen importlib._bootstrap_external>", line 839, in exec_module
  File "<frozen importlib._bootstrap_external>", line 976, in get_code
  File "<frozen importlib._bootstrap_external>", line 906, in source_to_code
  File "<frozen importlib._bootstrap>", line 219, in _call_with_frames_removed
  File "/opt/airflow/dags/dag.py", line 23
    )as dag
          ^
SyntaxError: invalid syntax
[2026-08-14T04:16:51.838+0000] {processor.py:841} WARNING - No viable dags retrieved from /opt/airflow/dags/dag.py
[2026-08-14T04:16:51.852+0000] {processor.py:179} INFO - Processing /opt/airflow/dags/dag.py took 0.026 seconds
[2026-08-14T04:17:22.124+0000] {processor.py:157} INFO - Started process (PID=14758) to work on /opt/airflow/dags/dag.py
[2026-08-14T04:17:22.125+0000] {processor.py:829} INFO - Processing file /opt/airflow/dags/dag.py for tasks to queue
[2026-08-14T04:17:22.127+0000] {logging_mixin.py:151} INFO - [2026-08-14T04:17:22.127+0000] {dagbag.py:536} INFO - Filling up the DagBag from /opt/airflow/dags/dag.py
[2026-08-14T04:17:22.131+0000] {logging_mixin.py:151} INFO - [2026-08-14T04:17:22.130+0000] {dagbag.py:346} ERROR - Failed to import: /opt/airflow/dags/dag.py
Traceback (most recent call last):
  File "/home/airflow/.local/lib/python3.8/site-packages/airflow/models/dagbag.py", line 342, in parse
    loader.exec_module(new_module)
  File "<frozen importlib._bootstrap_external>", line 839, in exec_module
  File "<frozen importlib._bootstrap_external>", line 976, in get_code
  File "<frozen importlib._bootstrap_external>", line 906, in source_to_code
  File "<frozen importlib._bootstrap>", line 219, in _call_with_frames_removed
  File "/opt/airflow/dags/dag.py", line 23
    )as dag
          ^
SyntaxError: invalid syntax
[2026-08-14T04:17:22.131+0000] {processor.py:841} WARNING - No viable dags retrieved from /opt/airflow/dags/dag.py
[2026-08-14T04:17:22.146+0000] {processor.py:179} INFO - Processing /opt/airflow/dags/dag.py took 0.024 seconds
[2026-08-14T04:17:52.459+0000] {processor.py:157} INFO - Started process (PID=14766) to work on /opt/airflow/dags/dag.py
[2026-08-14T04:17:52.460+0000] {processor.py:829} INFO - Processing file /opt/airflow/dags/dag.py for tasks to queue
[2026-08-14T04:17:52.464+0000] {logging_mixin.py:151} INFO - [2026-08-14T04:17:52.464+0000] {dagbag.py:536} INFO - Filling up the DagBag from /opt/airflow/dags/dag.py
[2026-08-14T04:17:52.466+0000] {logging_mixin.py:151} INFO - [2026-08-14T04:17:52.465+0000] {dagbag.py:346} ERROR - Failed to import: /opt/airflow/dags/dag.py
Traceback (most recent call last):
  File "/home/airflow/.local/lib/python3.8/site-packages/airflow/models/dagbag.py", line 342, in parse
    loader.exec_module(new_module)
  File "<frozen importlib._bootstrap_external>", line 839, in exec_module
  File "<frozen importlib._bootstrap_external>", line 976, in get_code
  File "<frozen importlib._bootstrap_external>", line 906, in source_to_code
  File "<frozen importlib._bootstrap>", line 219, in _call_with_frames_removed
  File "/opt/airflow/dags/dag.py", line 23
    )as dag
          ^
SyntaxError: invalid syntax
[2026-08-14T04:17:52.466+0000] {processor.py:841} WARNING - No viable dags retrieved from /opt/airflow/dags/dag.py
[2026-08-14T04:17:52.480+0000] {processor.py:179} INFO - Processing /opt/airflow/dags/dag.py took 0.024 seconds
[2026-08-14T04:18:22.780+0000] {processor.py:157} INFO - Started process (PID=14774) to work on /opt/airflow/dags/dag.py
[2026-08-14T04:18:22.781+0000] {processor.py:829} INFO - Processing file /opt/airflow/dags/dag.py for tasks to queue
[2026-08-14T04:18:22.783+0000] {logging_mixin.py:151} INFO - [2026-08-14T04:18:22.783+0000] {dagbag.py:536} INFO - Filling up the DagBag from /opt/airflow/dags/dag.py
[2026-08-14T04:18:22.790+0000] {logging_mixin.py:151} INFO - [2026-08-14T04:18:22.789+0000] {dagbag.py:346} ERROR - Failed to import: /opt/airflow/dags/dag.py
Traceback (most recent call last):
  File "/home/airflow/.local/lib/python3.8/site-packages/airflow/models/dagbag.py", line 342, in parse
    loader.exec_module(new_module)
  File "<frozen importlib._bootstrap_external>", line 839, in exec_module
  File "<frozen importlib._bootstrap_external>", line 976, in get_code
  File "<frozen importlib._bootstrap_external>", line 906, in source_to_code
  File "<frozen importlib._bootstrap>", line 219, in _call_with_frames_removed
  File "/opt/airflow/dags/dag.py", line 23
    )as dag
          ^
SyntaxError: invalid syntax
[2026-08-14T04:18:22.790+0000] {processor.py:841} WARNING - No viable dags retrieved from /opt/airflow/dags/dag.py
[2026-08-14T04:18:22.807+0000] {processor.py:179} INFO - Processing /opt/airflow/dags/dag.py took 0.029 seconds
[2026-08-14T04:18:53.114+0000] {processor.py:157} INFO - Started process (PID=14788) to work on /opt/airflow/dags/dag.py
[2026-08-14T04:18:53.115+0000] {processor.py:829} INFO - Processing file /opt/airflow/dags/dag.py for tasks to queue
[2026-08-14T04:18:53.117+0000] {logging_mixin.py:151} INFO - [2026-08-14T04:18:53.117+0000] {dagbag.py:536} INFO - Filling up the DagBag from /opt/airflow/dags/dag.py
[2026-08-14T04:18:53.122+0000] {logging_mixin.py:151} INFO - [2026-08-14T04:18:53.122+0000] {dagbag.py:346} ERROR - Failed to import: /opt/airflow/dags/dag.py
Traceback (most recent call last):
  File "/home/airflow/.local/lib/python3.8/site-packages/airflow/models/dagbag.py", line 342, in parse
    loader.exec_module(new_module)
  File "<frozen importlib._bootstrap_external>", line 839, in exec_module
  File "<frozen importlib._bootstrap_external>", line 976, in get_code
  File "<frozen importlib._bootstrap_external>", line 906, in source_to_code
  File "<frozen importlib._bootstrap>", line 219, in _call_with_frames_removed
  File "/opt/airflow/dags/dag.py", line 23
    )as dag
          ^
SyntaxError: invalid syntax
[2026-08-14T04:18:53.122+0000] {processor.py:841} WARNING - No viable dags retrieved from /opt/airflow/dags/dag.py
[2026-08-14T04:18:53.137+0000] {processor.py:179} INFO - Processing /opt/airflow/dags/dag.py took 0.025 seconds
[2026-08-14T04:19:23.428+0000] {processor.py:157} INFO - Started process (PID=14796) to work on /opt/airflow/dags/dag.py
[2026-08-14T04:19:23.428+0000] {processor.py:829} INFO - Processing file /opt/airflow/dags/dag.py for tasks to queue
[2026-08-14T04:19:23.429+0000] {logging_mixin.py:151} INFO - [2026-08-14T04:19:23.429+0000] {dagbag.py:536} INFO - Filling up the DagBag from /opt/airflow/dags/dag.py
[2026-08-14T04:19:23.437+0000] {logging_mixin.py:151} INFO - [2026-08-14T04:19:23.436+0000] {dagbag.py:346} ERROR - Failed to import: /opt/airflow/dags/dag.py
Traceback (most recent call last):
  File "/home/airflow/.local/lib/python3.8/site-packages/airflow/models/dagbag.py", line 342, in parse
    loader.exec_module(new_module)
  File "<frozen importlib._bootstrap_external>", line 839, in exec_module
  File "<frozen importlib._bootstrap_external>", line 976, in get_code
  File "<frozen importlib._bootstrap_external>", line 906, in source_to_code
  File "<frozen importlib._bootstrap>", line 219, in _call_with_frames_removed
  File "/opt/airflow/dags/dag.py", line 23
    )as dag
          ^
SyntaxError: invalid syntax
[2026-08-14T04:19:23.438+0000] {processor.py:841} WARNING - No viable dags retrieved from /opt/airflow/dags/dag.py
[2026-08-14T04:19:23.455+0000] {processor.py:179} INFO - Processing /opt/airflow/dags/dag.py took 0.029 seconds
[2026-08-14T04:19:53.731+0000] {processor.py:157} INFO - Started process (PID=14804) to work on /opt/airflow/dags/dag.py
[2026-08-14T04:19:53.733+0000] {processor.py:829} INFO - Processing file /opt/airflow/dags/dag.py for tasks to queue
[2026-08-14T04:19:53.737+0000] {logging_mixin.py:151} INFO - [2026-08-14T04:19:53.736+0000] {dagbag.py:536} INFO - Filling up the DagBag from /opt/airflow/dags/dag.py
[2026-08-14T04:19:53.742+0000] {logging_mixin.py:151} INFO - [2026-08-14T04:19:53.741+0000] {dagbag.py:346} ERROR - Failed to import: /opt/airflow/dags/dag.py
Traceback (most recent call last):
  File "/home/airflow/.local/lib/python3.8/site-packages/airflow/models/dagbag.py", line 342, in parse
    loader.exec_module(new_module)
  File "<frozen importlib._bootstrap_external>", line 839, in exec_module
  File "<frozen importlib._bootstrap_external>", line 976, in get_code
  File "<frozen importlib._bootstrap_external>", line 906, in source_to_code
  File "<frozen importlib._bootstrap>", line 219, in _call_with_frames_removed
  File "/opt/airflow/dags/dag.py", line 23
    )as dag
          ^
SyntaxError: invalid syntax
[2026-08-14T04:19:53.745+0000] {processor.py:841} WARNING - No viable dags retrieved from /opt/airflow/dags/dag.py
[2026-08-14T04:19:53.758+0000] {processor.py:179} INFO - Processing /opt/airflow/dags/dag.py took 0.029 seconds
[2026-08-14T04:20:24.018+0000] {processor.py:157} INFO - Started process (PID=14812) to work on /opt/airflow/dags/dag.py
[2026-08-14T04:20:24.019+0000] {processor.py:829} INFO - Processing file /opt/airflow/dags/dag.py for tasks to queue
[2026-08-14T04:20:24.022+0000] {logging_mixin.py:151} INFO - [2026-08-14T04:20:24.021+0000] {dagbag.py:536} INFO - Filling up the DagBag from /opt/airflow/dags/dag.py
[2026-08-14T04:20:24.025+0000] {logging_mixin.py:151} INFO - [2026-08-14T04:20:24.025+0000] {dagbag.py:346} ERROR - Failed to import: /opt/airflow/dags/dag.py
Traceback (most recent call last):
  File "/home/airflow/.local/lib/python3.8/site-packages/airflow/models/dagbag.py", line 342, in parse
    loader.exec_module(new_module)
  File "<frozen importlib._bootstrap_external>", line 839, in exec_module
  File "<frozen importlib._bootstrap_external>", line 976, in get_code
  File "<frozen importlib._bootstrap_external>", line 906, in source_to_code
  File "<frozen importlib._bootstrap>", line 219, in _call_with_frames_removed
  File "/opt/airflow/dags/dag.py", line 23
    )as dag
          ^
SyntaxError: invalid syntax
[2026-08-14T04:20:24.026+0000] {processor.py:841} WARNING - No viable dags retrieved from /opt/airflow/dags/dag.py
[2026-08-14T04:20:24.043+0000] {processor.py:179} INFO - Processing /opt/airflow/dags/dag.py took 0.027 seconds
[2026-08-14T04:20:54.339+0000] {processor.py:157} INFO - Started process (PID=14820) to work on /opt/airflow/dags/dag.py
[2026-08-14T04:20:54.340+0000] {processor.py:829} INFO - Processing file /opt/airflow/dags/dag.py for tasks to queue
[2026-08-14T04:20:54.343+0000] {logging_mixin.py:151} INFO - [2026-08-14T04:20:54.343+0000] {dagbag.py:536} INFO - Filling up the DagBag from /opt/airflow/dags/dag.py
[2026-08-14T04:20:54.345+0000] {logging_mixin.py:151} INFO - [2026-08-14T04:20:54.344+0000] {dagbag.py:346} ERROR - Failed to import: /opt/airflow/dags/dag.py
Traceback (most recent call last):
  File "/home/airflow/.local/lib/python3.8/site-packages/airflow/models/dagbag.py", line 342, in parse
    loader.exec_module(new_module)
  File "<frozen importlib._bootstrap_external>", line 839, in exec_module
  File "<frozen importlib._bootstrap_external>", line 976, in get_code
  File "<frozen importlib._bootstrap_external>", line 906, in source_to_code
  File "<frozen importlib._bootstrap>", line 219, in _call_with_frames_removed
  File "/opt/airflow/dags/dag.py", line 23
    )as dag
          ^
SyntaxError: invalid syntax
[2026-08-14T04:20:54.345+0000] {processor.py:841} WARNING - No viable dags retrieved from /opt/airflow/dags/dag.py
[2026-08-14T04:20:54.357+0000] {processor.py:179} INFO - Processing /opt/airflow/dags/dag.py took 0.019 seconds
[2026-08-14T04:21:24.640+0000] {processor.py:157} INFO - Started process (PID=14828) to work on /opt/airflow/dags/dag.py
[2026-08-14T04:21:24.641+0000] {processor.py:829} INFO - Processing file /opt/airflow/dags/dag.py for tasks to queue
[2026-08-14T04:21:24.642+0000] {logging_mixin.py:151} INFO - [2026-08-14T04:21:24.642+0000] {dagbag.py:536} INFO - Filling up the DagBag from /opt/airflow/dags/dag.py
[2026-08-14T04:21:24.646+0000] {logging_mixin.py:151} INFO - [2026-08-14T04:21:24.645+0000] {dagbag.py:346} ERROR - Failed to import: /opt/airflow/dags/dag.py
Traceback (most recent call last):
  File "/home/airflow/.local/lib/python3.8/site-packages/airflow/models/dagbag.py", line 342, in parse
    loader.exec_module(new_module)
  File "<frozen importlib._bootstrap_external>", line 839, in exec_module
  File "<frozen importlib._bootstrap_external>", line 976, in get_code
  File "<frozen importlib._bootstrap_external>", line 906, in source_to_code
  File "<frozen importlib._bootstrap>", line 219, in _call_with_frames_removed
  File "/opt/airflow/dags/dag.py", line 23
    )as dag
          ^
SyntaxError: invalid syntax
[2026-08-14T04:21:24.646+0000] {processor.py:841} WARNING - No viable dags retrieved from /opt/airflow/dags/dag.py
[2026-08-14T04:21:24.659+0000] {processor.py:179} INFO - Processing /opt/airflow/dags/dag.py took 0.020 seconds
[2026-08-14T04:21:54.957+0000] {processor.py:157} INFO - Started process (PID=14837) to work on /opt/airflow/dags/dag.py
[2026-08-14T04:21:54.958+0000] {processor.py:829} INFO - Processing file /opt/airflow/dags/dag.py for tasks to queue
[2026-08-14T04:21:54.961+0000] {logging_mixin.py:151} INFO - [2026-08-14T04:21:54.961+0000] {dagbag.py:536} INFO - Filling up the DagBag from /opt/airflow/dags/dag.py
[2026-08-14T04:21:54.969+0000] {logging_mixin.py:151} INFO - [2026-08-14T04:21:54.968+0000] {dagbag.py:346} ERROR - Failed to import: /opt/airflow/dags/dag.py
Traceback (most recent call last):
  File "/home/airflow/.local/lib/python3.8/site-packages/airflow/models/dagbag.py", line 342, in parse
    loader.exec_module(new_module)
  File "<frozen importlib._bootstrap_external>", line 839, in exec_module
  File "<frozen importlib._bootstrap_external>", line 976, in get_code
  File "<frozen importlib._bootstrap_external>", line 906, in source_to_code
  File "<frozen importlib._bootstrap>", line 219, in _call_with_frames_removed
  File "/opt/airflow/dags/dag.py", line 23
    )as dag
          ^
SyntaxError: invalid syntax
[2026-08-14T04:21:54.973+0000] {processor.py:841} WARNING - No viable dags retrieved from /opt/airflow/dags/dag.py
[2026-08-14T04:21:54.986+0000] {processor.py:179} INFO - Processing /opt/airflow/dags/dag.py took 0.033 seconds
[2026-08-14T04:22:25.226+0000] {processor.py:157} INFO - Started process (PID=14845) to work on /opt/airflow/dags/dag.py
[2026-08-14T04:22:25.227+0000] {processor.py:829} INFO - Processing file /opt/airflow/dags/dag.py for tasks to queue
[2026-08-14T04:22:25.231+0000] {logging_mixin.py:151} INFO - [2026-08-14T04:22:25.231+0000] {dagbag.py:536} INFO - Filling up the DagBag from /opt/airflow/dags/dag.py
[2026-08-14T04:22:25.234+0000] {logging_mixin.py:151} INFO - [2026-08-14T04:22:25.233+0000] {dagbag.py:346} ERROR - Failed to import: /opt/airflow/dags/dag.py
Traceback (most recent call last):
  File "/home/airflow/.local/lib/python3.8/site-packages/airflow/models/dagbag.py", line 342, in parse
    loader.exec_module(new_module)
  File "<frozen importlib._bootstrap_external>", line 839, in exec_module
  File "<frozen importlib._bootstrap_external>", line 976, in get_code
  File "<frozen importlib._bootstrap_external>", line 906, in source_to_code
  File "<frozen importlib._bootstrap>", line 219, in _call_with_frames_removed
  File "/opt/airflow/dags/dag.py", line 23
    )as dag
          ^
SyntaxError: invalid syntax
[2026-08-14T04:22:25.237+0000] {processor.py:841} WARNING - No viable dags retrieved from /opt/airflow/dags/dag.py
[2026-08-14T04:22:25.250+0000] {processor.py:179} INFO - Processing /opt/airflow/dags/dag.py took 0.026 seconds
[2026-08-14T04:22:55.532+0000] {processor.py:157} INFO - Started process (PID=14853) to work on /opt/airflow/dags/dag.py
[2026-08-14T04:22:55.532+0000] {processor.py:829} INFO - Processing file /opt/airflow/dags/dag.py for tasks to queue
[2026-08-14T04:22:55.536+0000] {logging_mixin.py:151} INFO - [2026-08-14T04:22:55.536+0000] {dagbag.py:536} INFO - Filling up the DagBag from /opt/airflow/dags/dag.py
[2026-08-14T04:22:55.542+0000] {logging_mixin.py:151} INFO - [2026-08-14T04:22:55.541+0000] {dagbag.py:346} ERROR - Failed to import: /opt/airflow/dags/dag.py
Traceback (most recent call last):
  File "/home/airflow/.local/lib/python3.8/site-packages/airflow/models/dagbag.py", line 342, in parse
    loader.exec_module(new_module)
  File "<frozen importlib._bootstrap_external>", line 839, in exec_module
  File "<frozen importlib._bootstrap_external>", line 976, in get_code
  File "<frozen importlib._bootstrap_external>", line 906, in source_to_code
  File "<frozen importlib._bootstrap>", line 219, in _call_with_frames_removed
  File "/opt/airflow/dags/dag.py", line 23
    )as dag
          ^
SyntaxError: invalid syntax
[2026-08-14T04:22:55.542+0000] {processor.py:841} WARNING - No viable dags retrieved from /opt/airflow/dags/dag.py
[2026-08-14T04:22:55.556+0000] {processor.py:179} INFO - Processing /opt/airflow/dags/dag.py took 0.027 seconds
[2026-08-14T04:23:25.855+0000] {processor.py:157} INFO - Started process (PID=14861) to work on /opt/airflow/dags/dag.py
[2026-08-14T04:23:25.857+0000] {processor.py:829} INFO - Processing file /opt/airflow/dags/dag.py for tasks to queue
[2026-08-14T04:23:25.861+0000] {logging_mixin.py:151} INFO - [2026-08-14T04:23:25.861+0000] {dagbag.py:536} INFO - Filling up the DagBag from /opt/airflow/dags/dag.py
[2026-08-14T04:23:25.864+0000] {logging_mixin.py:151} INFO - [2026-08-14T04:23:25.863+0000] {dagbag.py:346} ERROR - Failed to import: /opt/airflow/dags/dag.py
Traceback (most recent call last):
  File "/home/airflow/.local/lib/python3.8/site-packages/airflow/models/dagbag.py", line 342, in parse
    loader.exec_module(new_module)
  File "<frozen importlib._bootstrap_external>", line 839, in exec_module
  File "<frozen importlib._bootstrap_external>", line 976, in get_code
  File "<frozen importlib._bootstrap_external>", line 906, in source_to_code
  File "<frozen importlib._bootstrap>", line 219, in _call_with_frames_removed
  File "/opt/airflow/dags/dag.py", line 23
    )as dag
          ^
SyntaxError: invalid syntax
[2026-08-14T04:23:25.864+0000] {processor.py:841} WARNING - No viable dags retrieved from /opt/airflow/dags/dag.py
[2026-08-14T04:23:25.876+0000] {processor.py:179} INFO - Processing /opt/airflow/dags/dag.py took 0.023 seconds
[2026-08-14T04:23:56.137+0000] {processor.py:157} INFO - Started process (PID=14869) to work on /opt/airflow/dags/dag.py
[2026-08-14T04:23:56.137+0000] {processor.py:829} INFO - Processing file /opt/airflow/dags/dag.py for tasks to queue
[2026-08-14T04:23:56.139+0000] {logging_mixin.py:151} INFO - [2026-08-14T04:23:56.139+0000] {dagbag.py:536} INFO - Filling up the DagBag from /opt/airflow/dags/dag.py
[2026-08-14T04:23:56.144+0000] {logging_mixin.py:151} INFO - [2026-08-14T04:23:56.143+0000] {dagbag.py:346} ERROR - Failed to import: /opt/airflow/dags/dag.py
Traceback (most recent call last):
  File "/home/airflow/.local/lib/python3.8/site-packages/airflow/models/dagbag.py", line 342, in parse
    loader.exec_module(new_module)
  File "<frozen importlib._bootstrap_external>", line 839, in exec_module
  File "<frozen importlib._bootstrap_external>", line 976, in get_code
  File "<frozen importlib._bootstrap_external>", line 906, in source_to_code
  File "<frozen importlib._bootstrap>", line 219, in _call_with_frames_removed
  File "/opt/airflow/dags/dag.py", line 23
    )as dag
          ^
SyntaxError: invalid syntax
[2026-08-14T04:23:56.144+0000] {processor.py:841} WARNING - No viable dags retrieved from /opt/airflow/dags/dag.py
[2026-08-14T04:23:56.157+0000] {processor.py:179} INFO - Processing /opt/airflow/dags/dag.py took 0.023 seconds
[2026-08-14T04:24:26.470+0000] {processor.py:157} INFO - Started process (PID=14877) to work on /opt/airflow/dags/dag.py
[2026-08-14T04:24:26.470+0000] {processor.py:829} INFO - Processing file /opt/airflow/dags/dag.py for tasks to queue
[2026-08-14T04:24:26.472+0000] {logging_mixin.py:151} INFO - [2026-08-14T04:24:26.472+0000] {dagbag.py:536} INFO - Filling up the DagBag from /opt/airflow/dags/dag.py
[2026-08-14T04:24:26.477+0000] {logging_mixin.py:151} INFO - [2026-08-14T04:24:26.477+0000] {dagbag.py:346} ERROR - Failed to import: /opt/airflow/dags/dag.py
Traceback (most recent call last):
  File "/home/airflow/.local/lib/python3.8/site-packages/airflow/models/dagbag.py", line 342, in parse
    loader.exec_module(new_module)
  File "<frozen importlib._bootstrap_external>", line 839, in exec_module
  File "<frozen importlib._bootstrap_external>", line 976, in get_code
  File "<frozen importlib._bootstrap_external>", line 906, in source_to_code
  File "<frozen importlib._bootstrap>", line 219, in _call_with_frames_removed
  File "/opt/airflow/dags/dag.py", line 23
    )as dag
          ^
SyntaxError: invalid syntax
[2026-08-14T04:24:26.477+0000] {processor.py:841} WARNING - No viable dags retrieved from /opt/airflow/dags/dag.py
[2026-08-14T04:24:26.497+0000] {processor.py:179} INFO - Processing /opt/airflow/dags/dag.py took 0.029 seconds
[2026-08-14T04:24:56.785+0000] {processor.py:157} INFO - Started process (PID=14885) to work on /opt/airflow/dags/dag.py
[2026-08-14T04:24:56.786+0000] {processor.py:829} INFO - Processing file /opt/airflow/dags/dag.py for tasks to queue
[2026-08-14T04:24:56.787+0000] {logging_mixin.py:151} INFO - [2026-08-14T04:24:56.787+0000] {dagbag.py:536} INFO - Filling up the DagBag from /opt/airflow/dags/dag.py
[2026-08-14T04:24:56.795+0000] {logging_mixin.py:151} INFO - [2026-08-14T04:24:56.794+0000] {dagbag.py:346} ERROR - Failed to import: /opt/airflow/dags/dag.py
Traceback (most recent call last):
  File "/home/airflow/.local/lib/python3.8/site-packages/airflow/models/dagbag.py", line 342, in parse
    loader.exec_module(new_module)
  File "<frozen importlib._bootstrap_external>", line 839, in exec_module
  File "<frozen importlib._bootstrap_external>", line 976, in get_code
  File "<frozen importlib._bootstrap_external>", line 906, in source_to_code
  File "<frozen importlib._bootstrap>", line 219, in _call_with_frames_removed
  File "/opt/airflow/dags/dag.py", line 23
    )as dag
          ^
SyntaxError: invalid syntax
[2026-08-14T04:24:56.798+0000] {processor.py:841} WARNING - No viable dags retrieved from /opt/airflow/dags/dag.py
[2026-08-14T04:24:56.817+0000] {processor.py:179} INFO - Processing /opt/airflow/dags/dag.py took 0.035 seconds
[2026-08-14T04:25:27.102+0000] {processor.py:157} INFO - Started process (PID=14893) to work on /opt/airflow/dags/dag.py
[2026-08-14T04:25:27.102+0000] {processor.py:829} INFO - Processing file /opt/airflow/dags/dag.py for tasks to queue
[2026-08-14T04:25:27.107+0000] {logging_mixin.py:151} INFO - [2026-08-14T04:25:27.107+0000] {dagbag.py:536} INFO - Filling up the DagBag from /opt/airflow/dags/dag.py
[2026-08-14T04:25:27.110+0000] {logging_mixin.py:151} INFO - [2026-08-14T04:25:27.109+0000] {dagbag.py:346} ERROR - Failed to import: /opt/airflow/dags/dag.py
Traceback (most recent call last):
  File "/home/airflow/.local/lib/python3.8/site-packages/airflow/models/dagbag.py", line 342, in parse
    loader.exec_module(new_module)
  File "<frozen importlib._bootstrap_external>", line 839, in exec_module
  File "<frozen importlib._bootstrap_external>", line 976, in get_code
  File "<frozen importlib._bootstrap_external>", line 906, in source_to_code
  File "<frozen importlib._bootstrap>", line 219, in _call_with_frames_removed
  File "/opt/airflow/dags/dag.py", line 23
    )as dag
          ^
SyntaxError: invalid syntax
[2026-08-14T04:25:27.110+0000] {processor.py:841} WARNING - No viable dags retrieved from /opt/airflow/dags/dag.py
[2026-08-14T04:25:27.130+0000] {processor.py:179} INFO - Processing /opt/airflow/dags/dag.py took 0.031 seconds
[2026-08-14T04:25:57.391+0000] {processor.py:157} INFO - Started process (PID=14901) to work on /opt/airflow/dags/dag.py
[2026-08-14T04:25:57.391+0000] {processor.py:829} INFO - Processing file /opt/airflow/dags/dag.py for tasks to queue
[2026-08-14T04:25:57.393+0000] {logging_mixin.py:151} INFO - [2026-08-14T04:25:57.393+0000] {dagbag.py:536} INFO - Filling up the DagBag from /opt/airflow/dags/dag.py
[2026-08-14T04:25:57.397+0000] {logging_mixin.py:151} INFO - [2026-08-14T04:25:57.397+0000] {dagbag.py:346} ERROR - Failed to import: /opt/airflow/dags/dag.py
Traceback (most recent call last):
  File "/home/airflow/.local/lib/python3.8/site-packages/airflow/models/dagbag.py", line 342, in parse
    loader.exec_module(new_module)
  File "<frozen importlib._bootstrap_external>", line 839, in exec_module
  File "<frozen importlib._bootstrap_external>", line 976, in get_code
  File "<frozen importlib._bootstrap_external>", line 906, in source_to_code
  File "<frozen importlib._bootstrap>", line 219, in _call_with_frames_removed
  File "/opt/airflow/dags/dag.py", line 23
    )as dag
          ^
SyntaxError: invalid syntax
[2026-08-14T04:25:57.401+0000] {processor.py:841} WARNING - No viable dags retrieved from /opt/airflow/dags/dag.py
[2026-08-14T04:25:57.411+0000] {processor.py:179} INFO - Processing /opt/airflow/dags/dag.py took 0.022 seconds
[2026-08-14T04:26:27.686+0000] {processor.py:157} INFO - Started process (PID=14909) to work on /opt/airflow/dags/dag.py
[2026-08-14T04:26:27.687+0000] {processor.py:829} INFO - Processing file /opt/airflow/dags/dag.py for tasks to queue
[2026-08-14T04:26:27.691+0000] {logging_mixin.py:151} INFO - [2026-08-14T04:26:27.691+0000] {dagbag.py:536} INFO - Filling up the DagBag from /opt/airflow/dags/dag.py
[2026-08-14T04:26:27.693+0000] {logging_mixin.py:151} INFO - [2026-08-14T04:26:27.692+0000] {dagbag.py:346} ERROR - Failed to import: /opt/airflow/dags/dag.py
Traceback (most recent call last):
  File "/home/airflow/.local/lib/python3.8/site-packages/airflow/models/dagbag.py", line 342, in parse
    loader.exec_module(new_module)
  File "<frozen importlib._bootstrap_external>", line 839, in exec_module
  File "<frozen importlib._bootstrap_external>", line 976, in get_code
  File "<frozen importlib._bootstrap_external>", line 906, in source_to_code
  File "<frozen importlib._bootstrap>", line 219, in _call_with_frames_removed
  File "/opt/airflow/dags/dag.py", line 23
    )as dag
          ^
SyntaxError: invalid syntax
[2026-08-14T04:26:27.693+0000] {processor.py:841} WARNING - No viable dags retrieved from /opt/airflow/dags/dag.py
[2026-08-14T04:26:27.709+0000] {processor.py:179} INFO - Processing /opt/airflow/dags/dag.py took 0.026 seconds
[2026-08-14T04:26:57.957+0000] {processor.py:157} INFO - Started process (PID=14917) to work on /opt/airflow/dags/dag.py
[2026-08-14T04:26:57.958+0000] {processor.py:829} INFO - Processing file /opt/airflow/dags/dag.py for tasks to queue
[2026-08-14T04:26:57.961+0000] {logging_mixin.py:151} INFO - [2026-08-14T04:26:57.961+0000] {dagbag.py:536} INFO - Filling up the DagBag from /opt/airflow/dags/dag.py
[2026-08-14T04:26:57.965+0000] {logging_mixin.py:151} INFO - [2026-08-14T04:26:57.965+0000] {dagbag.py:346} ERROR - Failed to import: /opt/airflow/dags/dag.py
Traceback (most recent call last):
  File "/home/airflow/.local/lib/python3.8/site-packages/airflow/models/dagbag.py", line 342, in parse
    loader.exec_module(new_module)
  File "<frozen importlib._bootstrap_external>", line 839, in exec_module
  File "<frozen importlib._bootstrap_external>", line 976, in get_code
  File "<frozen importlib._bootstrap_external>", line 906, in source_to_code
  File "<frozen importlib._bootstrap>", line 219, in _call_with_frames_removed
  File "/opt/airflow/dags/dag.py", line 23
    )as dag
          ^
SyntaxError: invalid syntax
[2026-08-14T04:26:57.967+0000] {processor.py:841} WARNING - No viable dags retrieved from /opt/airflow/dags/dag.py
[2026-08-14T04:26:57.984+0000] {processor.py:179} INFO - Processing /opt/airflow/dags/dag.py took 0.029 seconds
[2026-08-14T04:27:28.265+0000] {processor.py:157} INFO - Started process (PID=14925) to work on /opt/airflow/dags/dag.py
[2026-08-14T04:27:28.266+0000] {processor.py:829} INFO - Processing file /opt/airflow/dags/dag.py for tasks to queue
[2026-08-14T04:27:28.268+0000] {logging_mixin.py:151} INFO - [2026-08-14T04:27:28.267+0000] {dagbag.py:536} INFO - Filling up the DagBag from /opt/airflow/dags/dag.py
[2026-08-14T04:27:28.273+0000] {logging_mixin.py:151} INFO - [2026-08-14T04:27:28.273+0000] {dagbag.py:346} ERROR - Failed to import: /opt/airflow/dags/dag.py
Traceback (most recent call last):
  File "/home/airflow/.local/lib/python3.8/site-packages/airflow/models/dagbag.py", line 342, in parse
    loader.exec_module(new_module)
  File "<frozen importlib._bootstrap_external>", line 839, in exec_module
  File "<frozen importlib._bootstrap_external>", line 976, in get_code
  File "<frozen importlib._bootstrap_external>", line 906, in source_to_code
  File "<frozen importlib._bootstrap>", line 219, in _call_with_frames_removed
  File "/opt/airflow/dags/dag.py", line 23
    )as dag
          ^
SyntaxError: invalid syntax
[2026-08-14T04:27:28.273+0000] {processor.py:841} WARNING - No viable dags retrieved from /opt/airflow/dags/dag.py
[2026-08-14T04:27:28.283+0000] {processor.py:179} INFO - Processing /opt/airflow/dags/dag.py took 0.020 seconds
[2026-08-14T04:27:58.581+0000] {processor.py:157} INFO - Started process (PID=14933) to work on /opt/airflow/dags/dag.py
[2026-08-14T04:27:58.582+0000] {processor.py:829} INFO - Processing file /opt/airflow/dags/dag.py for tasks to queue
[2026-08-14T04:27:58.586+0000] {logging_mixin.py:151} INFO - [2026-08-14T04:27:58.586+0000] {dagbag.py:536} INFO - Filling up the DagBag from /opt/airflow/dags/dag.py
[2026-08-14T04:27:58.593+0000] {logging_mixin.py:151} INFO - [2026-08-14T04:27:58.592+0000] {dagbag.py:346} ERROR - Failed to import: /opt/airflow/dags/dag.py
Traceback (most recent call last):
  File "/home/airflow/.local/lib/python3.8/site-packages/airflow/models/dagbag.py", line 342, in parse
    loader.exec_module(new_module)
  File "<frozen importlib._bootstrap_external>", line 839, in exec_module
  File "<frozen importlib._bootstrap_external>", line 976, in get_code
  File "<frozen importlib._bootstrap_external>", line 906, in source_to_code
  File "<frozen importlib._bootstrap>", line 219, in _call_with_frames_removed
  File "/opt/airflow/dags/dag.py", line 23
    )as dag
          ^
SyntaxError: invalid syntax
[2026-08-14T04:27:58.593+0000] {processor.py:841} WARNING - No viable dags retrieved from /opt/airflow/dags/dag.py
[2026-08-14T04:27:58.611+0000] {processor.py:179} INFO - Processing /opt/airflow/dags/dag.py took 0.033 seconds
[2026-08-14T04:28:28.901+0000] {processor.py:157} INFO - Started process (PID=14941) to work on /opt/airflow/dags/dag.py
[2026-08-14T04:28:28.902+0000] {processor.py:829} INFO - Processing file /opt/airflow/dags/dag.py for tasks to queue
[2026-08-14T04:28:28.904+0000] {logging_mixin.py:151} INFO - [2026-08-14T04:28:28.904+0000] {dagbag.py:536} INFO - Filling up the DagBag from /opt/airflow/dags/dag.py
[2026-08-14T04:28:28.907+0000] {logging_mixin.py:151} INFO - [2026-08-14T04:28:28.906+0000] {dagbag.py:346} ERROR - Failed to import: /opt/airflow/dags/dag.py
Traceback (most recent call last):
  File "/home/airflow/.local/lib/python3.8/site-packages/airflow/models/dagbag.py", line 342, in parse
    loader.exec_module(new_module)
  File "<frozen importlib._bootstrap_external>", line 839, in exec_module
  File "<frozen importlib._bootstrap_external>", line 976, in get_code
  File "<frozen importlib._bootstrap_external>", line 906, in source_to_code
  File "<frozen importlib._bootstrap>", line 219, in _call_with_frames_removed
  File "/opt/airflow/dags/dag.py", line 23
    )as dag
          ^
SyntaxError: invalid syntax
[2026-08-14T04:28:28.909+0000] {processor.py:841} WARNING - No viable dags retrieved from /opt/airflow/dags/dag.py
[2026-08-14T04:28:28.919+0000] {processor.py:179} INFO - Processing /opt/airflow/dags/dag.py took 0.019 seconds
[2026-08-14T04:28:59.177+0000] {processor.py:157} INFO - Started process (PID=14949) to work on /opt/airflow/dags/dag.py
[2026-08-14T04:28:59.177+0000] {processor.py:829} INFO - Processing file /opt/airflow/dags/dag.py for tasks to queue
[2026-08-14T04:28:59.181+0000] {logging_mixin.py:151} INFO - [2026-08-14T04:28:59.181+0000] {dagbag.py:536} INFO - Filling up the DagBag from /opt/airflow/dags/dag.py
[2026-08-14T04:28:59.184+0000] {logging_mixin.py:151} INFO - [2026-08-14T04:28:59.183+0000] {dagbag.py:346} ERROR - Failed to import: /opt/airflow/dags/dag.py
Traceback (most recent call last):
  File "/home/airflow/.local/lib/python3.8/site-packages/airflow/models/dagbag.py", line 342, in parse
    loader.exec_module(new_module)
  File "<frozen importlib._bootstrap_external>", line 839, in exec_module
  File "<frozen importlib._bootstrap_external>", line 976, in get_code
  File "<frozen importlib._bootstrap_external>", line 906, in source_to_code
  File "<frozen importlib._bootstrap>", line 219, in _call_with_frames_removed
  File "/opt/airflow/dags/dag.py", line 23
    )as dag
          ^
SyntaxError: invalid syntax
[2026-08-14T04:28:59.184+0000] {processor.py:841} WARNING - No viable dags retrieved from /opt/airflow/dags/dag.py
[2026-08-14T04:28:59.200+0000] {processor.py:179} INFO - Processing /opt/airflow/dags/dag.py took 0.025 seconds
[2026-08-14T04:29:29.483+0000] {processor.py:157} INFO - Started process (PID=14957) to work on /opt/airflow/dags/dag.py
[2026-08-14T04:29:29.486+0000] {processor.py:829} INFO - Processing file /opt/airflow/dags/dag.py for tasks to queue
[2026-08-14T04:29:29.488+0000] {logging_mixin.py:151} INFO - [2026-08-14T04:29:29.488+0000] {dagbag.py:536} INFO - Filling up the DagBag from /opt/airflow/dags/dag.py
[2026-08-14T04:29:29.494+0000] {logging_mixin.py:151} INFO - [2026-08-14T04:29:29.494+0000] {dagbag.py:346} ERROR - Failed to import: /opt/airflow/dags/dag.py
Traceback (most recent call last):
  File "/home/airflow/.local/lib/python3.8/site-packages/airflow/models/dagbag.py", line 342, in parse
    loader.exec_module(new_module)
  File "<frozen importlib._bootstrap_external>", line 839, in exec_module
  File "<frozen importlib._bootstrap_external>", line 976, in get_code
  File "<frozen importlib._bootstrap_external>", line 906, in source_to_code
  File "<frozen importlib._bootstrap>", line 219, in _call_with_frames_removed
  File "/opt/airflow/dags/dag.py", line 23
    )as dag
          ^
SyntaxError: invalid syntax
[2026-08-14T04:29:29.494+0000] {processor.py:841} WARNING - No viable dags retrieved from /opt/airflow/dags/dag.py
[2026-08-14T04:29:29.508+0000] {processor.py:179} INFO - Processing /opt/airflow/dags/dag.py took 0.028 seconds
[2026-08-14T04:29:59.794+0000] {processor.py:157} INFO - Started process (PID=14965) to work on /opt/airflow/dags/dag.py
[2026-08-14T04:29:59.795+0000] {processor.py:829} INFO - Processing file /opt/airflow/dags/dag.py for tasks to queue
[2026-08-14T04:29:59.798+0000] {logging_mixin.py:151} INFO - [2026-08-14T04:29:59.798+0000] {dagbag.py:536} INFO - Filling up the DagBag from /opt/airflow/dags/dag.py
[2026-08-14T04:29:59.804+0000] {logging_mixin.py:151} INFO - [2026-08-14T04:29:59.803+0000] {dagbag.py:346} ERROR - Failed to import: /opt/airflow/dags/dag.py
Traceback (most recent call last):
  File "/home/airflow/.local/lib/python3.8/site-packages/airflow/models/dagbag.py", line 342, in parse
    loader.exec_module(new_module)
  File "<frozen importlib._bootstrap_external>", line 839, in exec_module
  File "<frozen importlib._bootstrap_external>", line 976, in get_code
  File "<frozen importlib._bootstrap_external>", line 906, in source_to_code
  File "<frozen importlib._bootstrap>", line 219, in _call_with_frames_removed
  File "/opt/airflow/dags/dag.py", line 23
    )as dag
          ^
SyntaxError: invalid syntax
[2026-08-14T04:29:59.804+0000] {processor.py:841} WARNING - No viable dags retrieved from /opt/airflow/dags/dag.py
[2026-08-14T04:29:59.819+0000] {processor.py:179} INFO - Processing /opt/airflow/dags/dag.py took 0.027 seconds
[2026-08-14T04:30:30.114+0000] {processor.py:157} INFO - Started process (PID=14973) to work on /opt/airflow/dags/dag.py
[2026-08-14T04:30:30.115+0000] {processor.py:829} INFO - Processing file /opt/airflow/dags/dag.py for tasks to queue
[2026-08-14T04:30:30.117+0000] {logging_mixin.py:151} INFO - [2026-08-14T04:30:30.116+0000] {dagbag.py:536} INFO - Filling up the DagBag from /opt/airflow/dags/dag.py
[2026-08-14T04:30:30.121+0000] {logging_mixin.py:151} INFO - [2026-08-14T04:30:30.121+0000] {dagbag.py:346} ERROR - Failed to import: /opt/airflow/dags/dag.py
Traceback (most recent call last):
  File "/home/airflow/.local/lib/python3.8/site-packages/airflow/models/dagbag.py", line 342, in parse
    loader.exec_module(new_module)
  File "<frozen importlib._bootstrap_external>", line 839, in exec_module
  File "<frozen importlib._bootstrap_external>", line 976, in get_code
  File "<frozen importlib._bootstrap_external>", line 906, in source_to_code
  File "<frozen importlib._bootstrap>", line 219, in _call_with_frames_removed
  File "/opt/airflow/dags/dag.py", line 23
    )as dag
          ^
SyntaxError: invalid syntax
[2026-08-14T04:30:30.122+0000] {processor.py:841} WARNING - No viable dags retrieved from /opt/airflow/dags/dag.py
[2026-08-14T04:30:30.133+0000] {processor.py:179} INFO - Processing /opt/airflow/dags/dag.py took 0.021 seconds
[2026-08-14T04:31:00.442+0000] {processor.py:157} INFO - Started process (PID=14981) to work on /opt/airflow/dags/dag.py
[2026-08-14T04:31:00.444+0000] {processor.py:829} INFO - Processing file /opt/airflow/dags/dag.py for tasks to queue
[2026-08-14T04:31:00.447+0000] {logging_mixin.py:151} INFO - [2026-08-14T04:31:00.446+0000] {dagbag.py:536} INFO - Filling up the DagBag from /opt/airflow/dags/dag.py
[2026-08-14T04:31:00.459+0000] {logging_mixin.py:151} INFO - [2026-08-14T04:31:00.458+0000] {dagbag.py:346} ERROR - Failed to import: /opt/airflow/dags/dag.py
Traceback (most recent call last):
  File "/home/airflow/.local/lib/python3.8/site-packages/airflow/models/dagbag.py", line 342, in parse
    loader.exec_module(new_module)
  File "<frozen importlib._bootstrap_external>", line 839, in exec_module
  File "<frozen importlib._bootstrap_external>", line 976, in get_code
  File "<frozen importlib._bootstrap_external>", line 906, in source_to_code
  File "<frozen importlib._bootstrap>", line 219, in _call_with_frames_removed
  File "/opt/airflow/dags/dag.py", line 23
    )as dag
          ^
SyntaxError: invalid syntax
[2026-08-14T04:31:00.462+0000] {processor.py:841} WARNING - No viable dags retrieved from /opt/airflow/dags/dag.py
[2026-08-14T04:31:00.475+0000] {processor.py:179} INFO - Processing /opt/airflow/dags/dag.py took 0.036 seconds
[2026-08-14T04:31:30.773+0000] {processor.py:157} INFO - Started process (PID=14989) to work on /opt/airflow/dags/dag.py
[2026-08-14T04:31:30.774+0000] {processor.py:829} INFO - Processing file /opt/airflow/dags/dag.py for tasks to queue
[2026-08-14T04:31:30.778+0000] {logging_mixin.py:151} INFO - [2026-08-14T04:31:30.778+0000] {dagbag.py:536} INFO - Filling up the DagBag from /opt/airflow/dags/dag.py
[2026-08-14T04:31:30.780+0000] {logging_mixin.py:151} INFO - [2026-08-14T04:31:30.779+0000] {dagbag.py:346} ERROR - Failed to import: /opt/airflow/dags/dag.py
Traceback (most recent call last):
  File "/home/airflow/.local/lib/python3.8/site-packages/airflow/models/dagbag.py", line 342, in parse
    loader.exec_module(new_module)
  File "<frozen importlib._bootstrap_external>", line 839, in exec_module
  File "<frozen importlib._bootstrap_external>", line 976, in get_code
  File "<frozen importlib._bootstrap_external>", line 906, in source_to_code
  File "<frozen importlib._bootstrap>", line 219, in _call_with_frames_removed
  File "/opt/airflow/dags/dag.py", line 23
    )as dag
          ^
SyntaxError: invalid syntax
[2026-08-14T04:31:30.780+0000] {processor.py:841} WARNING - No viable dags retrieved from /opt/airflow/dags/dag.py
[2026-08-14T04:31:30.797+0000] {processor.py:179} INFO - Processing /opt/airflow/dags/dag.py took 0.027 seconds
[2026-08-14T04:32:01.025+0000] {processor.py:157} INFO - Started process (PID=14997) to work on /opt/airflow/dags/dag.py
[2026-08-14T04:32:01.028+0000] {processor.py:829} INFO - Processing file /opt/airflow/dags/dag.py for tasks to queue
[2026-08-14T04:32:01.030+0000] {logging_mixin.py:151} INFO - [2026-08-14T04:32:01.030+0000] {dagbag.py:536} INFO - Filling up the DagBag from /opt/airflow/dags/dag.py
[2026-08-14T04:32:01.037+0000] {logging_mixin.py:151} INFO - [2026-08-14T04:32:01.035+0000] {dagbag.py:346} ERROR - Failed to import: /opt/airflow/dags/dag.py
Traceback (most recent call last):
  File "/home/airflow/.local/lib/python3.8/site-packages/airflow/models/dagbag.py", line 342, in parse
    loader.exec_module(new_module)
  File "<frozen importlib._bootstrap_external>", line 839, in exec_module
  File "<frozen importlib._bootstrap_external>", line 976, in get_code
  File "<frozen importlib._bootstrap_external>", line 906, in source_to_code
  File "<frozen importlib._bootstrap>", line 219, in _call_with_frames_removed
  File "/opt/airflow/dags/dag.py", line 23
    )as dag
          ^
SyntaxError: invalid syntax
[2026-08-14T04:32:01.037+0000] {processor.py:841} WARNING - No viable dags retrieved from /opt/airflow/dags/dag.py
[2026-08-14T04:32:01.058+0000] {processor.py:179} INFO - Processing /opt/airflow/dags/dag.py took 0.036 seconds
[2026-08-14T04:49:09.847+0000] {processor.py:157} INFO - Started process (PID=15005) to work on /opt/airflow/dags/dag.py
[2026-08-14T04:49:09.848+0000] {processor.py:829} INFO - Processing file /opt/airflow/dags/dag.py for tasks to queue
[2026-08-14T04:49:09.850+0000] {logging_mixin.py:151} INFO - [2026-08-14T04:49:09.850+0000] {dagbag.py:536} INFO - Filling up the DagBag from /opt/airflow/dags/dag.py
[2026-08-14T04:49:09.857+0000] {logging_mixin.py:151} INFO - [2026-08-14T04:49:09.856+0000] {dagbag.py:346} ERROR - Failed to import: /opt/airflow/dags/dag.py
Traceback (most recent call last):
  File "/home/airflow/.local/lib/python3.8/site-packages/airflow/models/dagbag.py", line 342, in parse
    loader.exec_module(new_module)
  File "<frozen importlib._bootstrap_external>", line 839, in exec_module
  File "<frozen importlib._bootstrap_external>", line 976, in get_code
  File "<frozen importlib._bootstrap_external>", line 906, in source_to_code
  File "<frozen importlib._bootstrap>", line 219, in _call_with_frames_removed
  File "/opt/airflow/dags/dag.py", line 23
    )as dag
          ^
SyntaxError: invalid syntax
[2026-08-14T04:49:09.857+0000] {processor.py:841} WARNING - No viable dags retrieved from /opt/airflow/dags/dag.py
[2026-08-14T04:49:09.873+0000] {processor.py:179} INFO - Processing /opt/airflow/dags/dag.py took 0.028 seconds
[2026-08-14T05:07:23.715+0000] {processor.py:157} INFO - Started process (PID=15013) to work on /opt/airflow/dags/dag.py
[2026-08-14T05:07:23.716+0000] {processor.py:829} INFO - Processing file /opt/airflow/dags/dag.py for tasks to queue
[2026-08-14T05:07:23.720+0000] {logging_mixin.py:151} INFO - [2026-08-14T05:07:23.720+0000] {dagbag.py:536} INFO - Filling up the DagBag from /opt/airflow/dags/dag.py
[2026-08-14T05:07:23.725+0000] {logging_mixin.py:151} INFO - [2026-08-14T05:07:23.725+0000] {dagbag.py:346} ERROR - Failed to import: /opt/airflow/dags/dag.py
Traceback (most recent call last):
  File "/home/airflow/.local/lib/python3.8/site-packages/airflow/models/dagbag.py", line 342, in parse
    loader.exec_module(new_module)
  File "<frozen importlib._bootstrap_external>", line 839, in exec_module
  File "<frozen importlib._bootstrap_external>", line 976, in get_code
  File "<frozen importlib._bootstrap_external>", line 906, in source_to_code
  File "<frozen importlib._bootstrap>", line 219, in _call_with_frames_removed
  File "/opt/airflow/dags/dag.py", line 23
    )as dag
          ^
SyntaxError: invalid syntax
[2026-08-14T05:07:23.725+0000] {processor.py:841} WARNING - No viable dags retrieved from /opt/airflow/dags/dag.py
[2026-08-14T05:07:23.741+0000] {processor.py:179} INFO - Processing /opt/airflow/dags/dag.py took 0.030 seconds
[2026-08-14T05:07:54.040+0000] {processor.py:157} INFO - Started process (PID=15021) to work on /opt/airflow/dags/dag.py
[2026-08-14T05:07:54.041+0000] {processor.py:829} INFO - Processing file /opt/airflow/dags/dag.py for tasks to queue
[2026-08-14T05:07:54.044+0000] {logging_mixin.py:151} INFO - [2026-08-14T05:07:54.044+0000] {dagbag.py:536} INFO - Filling up the DagBag from /opt/airflow/dags/dag.py
[2026-08-14T05:07:54.050+0000] {logging_mixin.py:151} INFO - [2026-08-14T05:07:54.049+0000] {dagbag.py:346} ERROR - Failed to import: /opt/airflow/dags/dag.py
Traceback (most recent call last):
  File "/home/airflow/.local/lib/python3.8/site-packages/airflow/models/dagbag.py", line 342, in parse
    loader.exec_module(new_module)
  File "<frozen importlib._bootstrap_external>", line 839, in exec_module
  File "<frozen importlib._bootstrap_external>", line 976, in get_code
  File "<frozen importlib._bootstrap_external>", line 906, in source_to_code
  File "<frozen importlib._bootstrap>", line 219, in _call_with_frames_removed
  File "/opt/airflow/dags/dag.py", line 23
    )as dag
          ^
SyntaxError: invalid syntax
[2026-08-14T05:07:54.050+0000] {processor.py:841} WARNING - No viable dags retrieved from /opt/airflow/dags/dag.py
[2026-08-14T05:07:54.068+0000] {processor.py:179} INFO - Processing /opt/airflow/dags/dag.py took 0.032 seconds
[2026-08-14T05:08:24.349+0000] {processor.py:157} INFO - Started process (PID=15029) to work on /opt/airflow/dags/dag.py
[2026-08-14T05:08:24.351+0000] {processor.py:829} INFO - Processing file /opt/airflow/dags/dag.py for tasks to queue
[2026-08-14T05:08:24.357+0000] {logging_mixin.py:151} INFO - [2026-08-14T05:08:24.356+0000] {dagbag.py:536} INFO - Filling up the DagBag from /opt/airflow/dags/dag.py
[2026-08-14T05:08:24.359+0000] {logging_mixin.py:151} INFO - [2026-08-14T05:08:24.358+0000] {dagbag.py:346} ERROR - Failed to import: /opt/airflow/dags/dag.py
Traceback (most recent call last):
  File "/home/airflow/.local/lib/python3.8/site-packages/airflow/models/dagbag.py", line 342, in parse
    loader.exec_module(new_module)
  File "<frozen importlib._bootstrap_external>", line 839, in exec_module
  File "<frozen importlib._bootstrap_external>", line 976, in get_code
  File "<frozen importlib._bootstrap_external>", line 906, in source_to_code
  File "<frozen importlib._bootstrap>", line 219, in _call_with_frames_removed
  File "/opt/airflow/dags/dag.py", line 23
    )as dag
          ^
SyntaxError: invalid syntax
[2026-08-14T05:08:24.359+0000] {processor.py:841} WARNING - No viable dags retrieved from /opt/airflow/dags/dag.py
[2026-08-14T05:08:24.369+0000] {processor.py:179} INFO - Processing /opt/airflow/dags/dag.py took 0.021 seconds
[2026-08-14T05:08:54.631+0000] {processor.py:157} INFO - Started process (PID=15037) to work on /opt/airflow/dags/dag.py
[2026-08-14T05:08:54.631+0000] {processor.py:829} INFO - Processing file /opt/airflow/dags/dag.py for tasks to queue
[2026-08-14T05:08:54.633+0000] {logging_mixin.py:151} INFO - [2026-08-14T05:08:54.633+0000] {dagbag.py:536} INFO - Filling up the DagBag from /opt/airflow/dags/dag.py
[2026-08-14T05:08:54.639+0000] {logging_mixin.py:151} INFO - [2026-08-14T05:08:54.638+0000] {dagbag.py:346} ERROR - Failed to import: /opt/airflow/dags/dag.py
Traceback (most recent call last):
  File "/home/airflow/.local/lib/python3.8/site-packages/airflow/models/dagbag.py", line 342, in parse
    loader.exec_module(new_module)
  File "<frozen importlib._bootstrap_external>", line 839, in exec_module
  File "<frozen importlib._bootstrap_external>", line 976, in get_code
  File "<frozen importlib._bootstrap_external>", line 906, in source_to_code
  File "<frozen importlib._bootstrap>", line 219, in _call_with_frames_removed
  File "/opt/airflow/dags/dag.py", line 23
    )as dag
          ^
SyntaxError: invalid syntax
[2026-08-14T05:08:54.640+0000] {processor.py:841} WARNING - No viable dags retrieved from /opt/airflow/dags/dag.py
[2026-08-14T05:08:54.656+0000] {processor.py:179} INFO - Processing /opt/airflow/dags/dag.py took 0.030 seconds
[2026-08-14T05:09:24.964+0000] {processor.py:157} INFO - Started process (PID=15045) to work on /opt/airflow/dags/dag.py
[2026-08-14T05:09:24.964+0000] {processor.py:829} INFO - Processing file /opt/airflow/dags/dag.py for tasks to queue
[2026-08-14T05:09:24.970+0000] {logging_mixin.py:151} INFO - [2026-08-14T05:09:24.969+0000] {dagbag.py:536} INFO - Filling up the DagBag from /opt/airflow/dags/dag.py
[2026-08-14T05:09:24.972+0000] {logging_mixin.py:151} INFO - [2026-08-14T05:09:24.971+0000] {dagbag.py:346} ERROR - Failed to import: /opt/airflow/dags/dag.py
Traceback (most recent call last):
  File "/home/airflow/.local/lib/python3.8/site-packages/airflow/models/dagbag.py", line 342, in parse
    loader.exec_module(new_module)
  File "<frozen importlib._bootstrap_external>", line 839, in exec_module
  File "<frozen importlib._bootstrap_external>", line 976, in get_code
  File "<frozen importlib._bootstrap_external>", line 906, in source_to_code
  File "<frozen importlib._bootstrap>", line 219, in _call_with_frames_removed
  File "/opt/airflow/dags/dag.py", line 23
    )as dag
          ^
SyntaxError: invalid syntax
[2026-08-14T05:09:24.972+0000] {processor.py:841} WARNING - No viable dags retrieved from /opt/airflow/dags/dag.py
[2026-08-14T05:09:24.991+0000] {processor.py:179} INFO - Processing /opt/airflow/dags/dag.py took 0.030 seconds
[2026-08-14T05:09:55.250+0000] {processor.py:157} INFO - Started process (PID=15053) to work on /opt/airflow/dags/dag.py
[2026-08-14T05:09:55.250+0000] {processor.py:829} INFO - Processing file /opt/airflow/dags/dag.py for tasks to queue
[2026-08-14T05:09:55.253+0000] {logging_mixin.py:151} INFO - [2026-08-14T05:09:55.252+0000] {dagbag.py:536} INFO - Filling up the DagBag from /opt/airflow/dags/dag.py
[2026-08-14T05:09:55.257+0000] {logging_mixin.py:151} INFO - [2026-08-14T05:09:55.257+0000] {dagbag.py:346} ERROR - Failed to import: /opt/airflow/dags/dag.py
Traceback (most recent call last):
  File "/home/airflow/.local/lib/python3.8/site-packages/airflow/models/dagbag.py", line 342, in parse
    loader.exec_module(new_module)
  File "<frozen importlib._bootstrap_external>", line 839, in exec_module
  File "<frozen importlib._bootstrap_external>", line 976, in get_code
  File "<frozen importlib._bootstrap_external>", line 906, in source_to_code
  File "<frozen importlib._bootstrap>", line 219, in _call_with_frames_removed
  File "/opt/airflow/dags/dag.py", line 23
    )as dag
          ^
SyntaxError: invalid syntax
[2026-08-14T05:09:55.258+0000] {processor.py:841} WARNING - No viable dags retrieved from /opt/airflow/dags/dag.py
[2026-08-14T05:09:55.279+0000] {processor.py:179} INFO - Processing /opt/airflow/dags/dag.py took 0.032 seconds
[2026-08-14T05:10:25.529+0000] {processor.py:157} INFO - Started process (PID=15061) to work on /opt/airflow/dags/dag.py
[2026-08-14T05:10:25.531+0000] {processor.py:829} INFO - Processing file /opt/airflow/dags/dag.py for tasks to queue
[2026-08-14T05:10:25.534+0000] {logging_mixin.py:151} INFO - [2026-08-14T05:10:25.533+0000] {dagbag.py:536} INFO - Filling up the DagBag from /opt/airflow/dags/dag.py
[2026-08-14T05:10:25.540+0000] {logging_mixin.py:151} INFO - [2026-08-14T05:10:25.540+0000] {dagbag.py:346} ERROR - Failed to import: /opt/airflow/dags/dag.py
Traceback (most recent call last):
  File "/home/airflow/.local/lib/python3.8/site-packages/airflow/models/dagbag.py", line 342, in parse
    loader.exec_module(new_module)
  File "<frozen importlib._bootstrap_external>", line 839, in exec_module
  File "<frozen importlib._bootstrap_external>", line 976, in get_code
  File "<frozen importlib._bootstrap_external>", line 906, in source_to_code
  File "<frozen importlib._bootstrap>", line 219, in _call_with_frames_removed
  File "/opt/airflow/dags/dag.py", line 23
    )as dag
          ^
SyntaxError: invalid syntax
[2026-08-14T05:10:25.540+0000] {processor.py:841} WARNING - No viable dags retrieved from /opt/airflow/dags/dag.py
[2026-08-14T05:10:25.557+0000] {processor.py:179} INFO - Processing /opt/airflow/dags/dag.py took 0.030 seconds
[2026-08-14T05:10:55.837+0000] {processor.py:157} INFO - Started process (PID=15069) to work on /opt/airflow/dags/dag.py
[2026-08-14T05:10:55.838+0000] {processor.py:829} INFO - Processing file /opt/airflow/dags/dag.py for tasks to queue
[2026-08-14T05:10:55.841+0000] {logging_mixin.py:151} INFO - [2026-08-14T05:10:55.840+0000] {dagbag.py:536} INFO - Filling up the DagBag from /opt/airflow/dags/dag.py
[2026-08-14T05:10:55.846+0000] {logging_mixin.py:151} INFO - [2026-08-14T05:10:55.846+0000] {dagbag.py:346} ERROR - Failed to import: /opt/airflow/dags/dag.py
Traceback (most recent call last):
  File "/home/airflow/.local/lib/python3.8/site-packages/airflow/models/dagbag.py", line 342, in parse
    loader.exec_module(new_module)
  File "<frozen importlib._bootstrap_external>", line 839, in exec_module
  File "<frozen importlib._bootstrap_external>", line 976, in get_code
  File "<frozen importlib._bootstrap_external>", line 906, in source_to_code
  File "<frozen importlib._bootstrap>", line 219, in _call_with_frames_removed
  File "/opt/airflow/dags/dag.py", line 23
    )as dag
          ^
SyntaxError: invalid syntax
[2026-08-14T05:10:55.846+0000] {processor.py:841} WARNING - No viable dags retrieved from /opt/airflow/dags/dag.py
[2026-08-14T05:10:55.862+0000] {processor.py:179} INFO - Processing /opt/airflow/dags/dag.py took 0.028 seconds
[2026-08-14T05:11:26.133+0000] {processor.py:157} INFO - Started process (PID=15077) to work on /opt/airflow/dags/dag.py
[2026-08-14T05:11:26.134+0000] {processor.py:829} INFO - Processing file /opt/airflow/dags/dag.py for tasks to queue
[2026-08-14T05:11:26.136+0000] {logging_mixin.py:151} INFO - [2026-08-14T05:11:26.136+0000] {dagbag.py:536} INFO - Filling up the DagBag from /opt/airflow/dags/dag.py
[2026-08-14T05:11:26.142+0000] {logging_mixin.py:151} INFO - [2026-08-14T05:11:26.141+0000] {dagbag.py:346} ERROR - Failed to import: /opt/airflow/dags/dag.py
Traceback (most recent call last):
  File "/home/airflow/.local/lib/python3.8/site-packages/airflow/models/dagbag.py", line 342, in parse
    loader.exec_module(new_module)
  File "<frozen importlib._bootstrap_external>", line 839, in exec_module
  File "<frozen importlib._bootstrap_external>", line 976, in get_code
  File "<frozen importlib._bootstrap_external>", line 906, in source_to_code
  File "<frozen importlib._bootstrap>", line 219, in _call_with_frames_removed
  File "/opt/airflow/dags/dag.py", line 23
    )as dag
          ^
SyntaxError: invalid syntax
[2026-08-14T05:11:26.142+0000] {processor.py:841} WARNING - No viable dags retrieved from /opt/airflow/dags/dag.py
[2026-08-14T05:11:26.157+0000] {processor.py:179} INFO - Processing /opt/airflow/dags/dag.py took 0.025 seconds
[2026-08-14T05:11:56.422+0000] {processor.py:157} INFO - Started process (PID=15085) to work on /opt/airflow/dags/dag.py
[2026-08-14T05:11:56.423+0000] {processor.py:829} INFO - Processing file /opt/airflow/dags/dag.py for tasks to queue
[2026-08-14T05:11:56.427+0000] {logging_mixin.py:151} INFO - [2026-08-14T05:11:56.426+0000] {dagbag.py:536} INFO - Filling up the DagBag from /opt/airflow/dags/dag.py
[2026-08-14T05:11:56.433+0000] {logging_mixin.py:151} INFO - [2026-08-14T05:11:56.433+0000] {dagbag.py:346} ERROR - Failed to import: /opt/airflow/dags/dag.py
Traceback (most recent call last):
  File "/home/airflow/.local/lib/python3.8/site-packages/airflow/models/dagbag.py", line 342, in parse
    loader.exec_module(new_module)
  File "<frozen importlib._bootstrap_external>", line 839, in exec_module
  File "<frozen importlib._bootstrap_external>", line 976, in get_code
  File "<frozen importlib._bootstrap_external>", line 906, in source_to_code
  File "<frozen importlib._bootstrap>", line 219, in _call_with_frames_removed
  File "/opt/airflow/dags/dag.py", line 23
    )as dag
          ^
SyntaxError: invalid syntax
[2026-08-14T05:11:56.437+0000] {processor.py:841} WARNING - No viable dags retrieved from /opt/airflow/dags/dag.py
[2026-08-14T05:11:56.451+0000] {processor.py:179} INFO - Processing /opt/airflow/dags/dag.py took 0.033 seconds
[2026-08-14T05:12:26.739+0000] {processor.py:157} INFO - Started process (PID=15093) to work on /opt/airflow/dags/dag.py
[2026-08-14T05:12:26.740+0000] {processor.py:829} INFO - Processing file /opt/airflow/dags/dag.py for tasks to queue
[2026-08-14T05:12:26.743+0000] {logging_mixin.py:151} INFO - [2026-08-14T05:12:26.742+0000] {dagbag.py:536} INFO - Filling up the DagBag from /opt/airflow/dags/dag.py
[2026-08-14T05:12:26.747+0000] {logging_mixin.py:151} INFO - [2026-08-14T05:12:26.747+0000] {dagbag.py:346} ERROR - Failed to import: /opt/airflow/dags/dag.py
Traceback (most recent call last):
  File "/home/airflow/.local/lib/python3.8/site-packages/airflow/models/dagbag.py", line 342, in parse
    loader.exec_module(new_module)
  File "<frozen importlib._bootstrap_external>", line 839, in exec_module
  File "<frozen importlib._bootstrap_external>", line 976, in get_code
  File "<frozen importlib._bootstrap_external>", line 906, in source_to_code
  File "<frozen importlib._bootstrap>", line 219, in _call_with_frames_removed
  File "/opt/airflow/dags/dag.py", line 23
    )as dag
          ^
SyntaxError: invalid syntax
[2026-08-14T05:12:26.748+0000] {processor.py:841} WARNING - No viable dags retrieved from /opt/airflow/dags/dag.py
[2026-08-14T05:12:26.761+0000] {processor.py:179} INFO - Processing /opt/airflow/dags/dag.py took 0.025 seconds
[2026-08-14T05:12:57.038+0000] {processor.py:157} INFO - Started process (PID=15101) to work on /opt/airflow/dags/dag.py
[2026-08-14T05:12:57.039+0000] {processor.py:829} INFO - Processing file /opt/airflow/dags/dag.py for tasks to queue
[2026-08-14T05:12:57.045+0000] {logging_mixin.py:151} INFO - [2026-08-14T05:12:57.045+0000] {dagbag.py:536} INFO - Filling up the DagBag from /opt/airflow/dags/dag.py
[2026-08-14T05:12:57.048+0000] {logging_mixin.py:151} INFO - [2026-08-14T05:12:57.047+0000] {dagbag.py:346} ERROR - Failed to import: /opt/airflow/dags/dag.py
Traceback (most recent call last):
  File "/home/airflow/.local/lib/python3.8/site-packages/airflow/models/dagbag.py", line 342, in parse
    loader.exec_module(new_module)
  File "<frozen importlib._bootstrap_external>", line 839, in exec_module
  File "<frozen importlib._bootstrap_external>", line 976, in get_code
  File "<frozen importlib._bootstrap_external>", line 906, in source_to_code
  File "<frozen importlib._bootstrap>", line 219, in _call_with_frames_removed
  File "/opt/airflow/dags/dag.py", line 23
    )as dag
          ^
SyntaxError: invalid syntax
[2026-08-14T05:12:57.049+0000] {processor.py:841} WARNING - No viable dags retrieved from /opt/airflow/dags/dag.py
[2026-08-14T05:12:57.068+0000] {processor.py:179} INFO - Processing /opt/airflow/dags/dag.py took 0.034 seconds
[2026-08-14T05:13:27.335+0000] {processor.py:157} INFO - Started process (PID=15109) to work on /opt/airflow/dags/dag.py
[2026-08-14T05:13:27.335+0000] {processor.py:829} INFO - Processing file /opt/airflow/dags/dag.py for tasks to queue
[2026-08-14T05:13:27.339+0000] {logging_mixin.py:151} INFO - [2026-08-14T05:13:27.338+0000] {dagbag.py:536} INFO - Filling up the DagBag from /opt/airflow/dags/dag.py
[2026-08-14T05:13:27.347+0000] {logging_mixin.py:151} INFO - [2026-08-14T05:13:27.347+0000] {dagbag.py:346} ERROR - Failed to import: /opt/airflow/dags/dag.py
Traceback (most recent call last):
  File "/home/airflow/.local/lib/python3.8/site-packages/airflow/models/dagbag.py", line 342, in parse
    loader.exec_module(new_module)
  File "<frozen importlib._bootstrap_external>", line 839, in exec_module
  File "<frozen importlib._bootstrap_external>", line 976, in get_code
  File "<frozen importlib._bootstrap_external>", line 906, in source_to_code
  File "<frozen importlib._bootstrap>", line 219, in _call_with_frames_removed
  File "/opt/airflow/dags/dag.py", line 23
    )as dag
          ^
SyntaxError: invalid syntax
[2026-08-14T05:13:27.347+0000] {processor.py:841} WARNING - No viable dags retrieved from /opt/airflow/dags/dag.py
[2026-08-14T05:13:27.360+0000] {processor.py:179} INFO - Processing /opt/airflow/dags/dag.py took 0.027 seconds
[2026-08-14T05:13:57.695+0000] {processor.py:157} INFO - Started process (PID=15117) to work on /opt/airflow/dags/dag.py
[2026-08-14T05:13:57.697+0000] {processor.py:829} INFO - Processing file /opt/airflow/dags/dag.py for tasks to queue
[2026-08-14T05:13:57.698+0000] {logging_mixin.py:151} INFO - [2026-08-14T05:13:57.698+0000] {dagbag.py:536} INFO - Filling up the DagBag from /opt/airflow/dags/dag.py
[2026-08-14T05:13:57.705+0000] {logging_mixin.py:151} INFO - [2026-08-14T05:13:57.704+0000] {dagbag.py:346} ERROR - Failed to import: /opt/airflow/dags/dag.py
Traceback (most recent call last):
  File "/home/airflow/.local/lib/python3.8/site-packages/airflow/models/dagbag.py", line 342, in parse
    loader.exec_module(new_module)
  File "<frozen importlib._bootstrap_external>", line 839, in exec_module
  File "<frozen importlib._bootstrap_external>", line 976, in get_code
  File "<frozen importlib._bootstrap_external>", line 906, in source_to_code
  File "<frozen importlib._bootstrap>", line 219, in _call_with_frames_removed
  File "/opt/airflow/dags/dag.py", line 23
    )as dag
          ^
SyntaxError: invalid syntax
[2026-08-14T05:13:57.705+0000] {processor.py:841} WARNING - No viable dags retrieved from /opt/airflow/dags/dag.py
[2026-08-14T05:13:57.722+0000] {processor.py:179} INFO - Processing /opt/airflow/dags/dag.py took 0.031 seconds
[2026-08-14T05:14:27.994+0000] {processor.py:157} INFO - Started process (PID=15125) to work on /opt/airflow/dags/dag.py
[2026-08-14T05:14:27.995+0000] {processor.py:829} INFO - Processing file /opt/airflow/dags/dag.py for tasks to queue
[2026-08-14T05:14:27.999+0000] {logging_mixin.py:151} INFO - [2026-08-14T05:14:27.999+0000] {dagbag.py:536} INFO - Filling up the DagBag from /opt/airflow/dags/dag.py
[2026-08-14T05:14:28.004+0000] {logging_mixin.py:151} INFO - [2026-08-14T05:14:28.003+0000] {dagbag.py:346} ERROR - Failed to import: /opt/airflow/dags/dag.py
Traceback (most recent call last):
  File "/home/airflow/.local/lib/python3.8/site-packages/airflow/models/dagbag.py", line 342, in parse
    loader.exec_module(new_module)
  File "<frozen importlib._bootstrap_external>", line 839, in exec_module
  File "<frozen importlib._bootstrap_external>", line 976, in get_code
  File "<frozen importlib._bootstrap_external>", line 906, in source_to_code
  File "<frozen importlib._bootstrap>", line 219, in _call_with_frames_removed
  File "/opt/airflow/dags/dag.py", line 23
    )as dag
          ^
SyntaxError: invalid syntax
[2026-08-14T05:14:28.004+0000] {processor.py:841} WARNING - No viable dags retrieved from /opt/airflow/dags/dag.py
[2026-08-14T05:14:28.016+0000] {processor.py:179} INFO - Processing /opt/airflow/dags/dag.py took 0.024 seconds
[2026-08-14T05:14:58.297+0000] {processor.py:157} INFO - Started process (PID=15133) to work on /opt/airflow/dags/dag.py
[2026-08-14T05:14:58.298+0000] {processor.py:829} INFO - Processing file /opt/airflow/dags/dag.py for tasks to queue
[2026-08-14T05:14:58.300+0000] {logging_mixin.py:151} INFO - [2026-08-14T05:14:58.300+0000] {dagbag.py:536} INFO - Filling up the DagBag from /opt/airflow/dags/dag.py
[2026-08-14T05:14:58.305+0000] {logging_mixin.py:151} INFO - [2026-08-14T05:14:58.304+0000] {dagbag.py:346} ERROR - Failed to import: /opt/airflow/dags/dag.py
Traceback (most recent call last):
  File "/home/airflow/.local/lib/python3.8/site-packages/airflow/models/dagbag.py", line 342, in parse
    loader.exec_module(new_module)
  File "<frozen importlib._bootstrap_external>", line 839, in exec_module
  File "<frozen importlib._bootstrap_external>", line 976, in get_code
  File "<frozen importlib._bootstrap_external>", line 906, in source_to_code
  File "<frozen importlib._bootstrap>", line 219, in _call_with_frames_removed
  File "/opt/airflow/dags/dag.py", line 23
    )as dag
          ^
SyntaxError: invalid syntax
[2026-08-14T05:14:58.307+0000] {processor.py:841} WARNING - No viable dags retrieved from /opt/airflow/dags/dag.py
[2026-08-14T05:14:58.325+0000] {processor.py:179} INFO - Processing /opt/airflow/dags/dag.py took 0.032 seconds
[2026-08-14T05:15:28.610+0000] {processor.py:157} INFO - Started process (PID=15141) to work on /opt/airflow/dags/dag.py
[2026-08-14T05:15:28.612+0000] {processor.py:829} INFO - Processing file /opt/airflow/dags/dag.py for tasks to queue
[2026-08-14T05:15:28.617+0000] {logging_mixin.py:151} INFO - [2026-08-14T05:15:28.617+0000] {dagbag.py:536} INFO - Filling up the DagBag from /opt/airflow/dags/dag.py
[2026-08-14T05:15:28.623+0000] {logging_mixin.py:151} INFO - [2026-08-14T05:15:28.623+0000] {dagbag.py:346} ERROR - Failed to import: /opt/airflow/dags/dag.py
Traceback (most recent call last):
  File "/home/airflow/.local/lib/python3.8/site-packages/airflow/models/dagbag.py", line 342, in parse
    loader.exec_module(new_module)
  File "<frozen importlib._bootstrap_external>", line 839, in exec_module
  File "<frozen importlib._bootstrap_external>", line 976, in get_code
  File "<frozen importlib._bootstrap_external>", line 906, in source_to_code
  File "<frozen importlib._bootstrap>", line 219, in _call_with_frames_removed
  File "/opt/airflow/dags/dag.py", line 23
    )as dag
          ^
SyntaxError: invalid syntax
[2026-08-14T05:15:28.624+0000] {processor.py:841} WARNING - No viable dags retrieved from /opt/airflow/dags/dag.py
[2026-08-14T05:15:28.637+0000] {processor.py:179} INFO - Processing /opt/airflow/dags/dag.py took 0.031 seconds
[2026-08-14T05:15:58.915+0000] {processor.py:157} INFO - Started process (PID=15149) to work on /opt/airflow/dags/dag.py
[2026-08-14T05:15:58.915+0000] {processor.py:829} INFO - Processing file /opt/airflow/dags/dag.py for tasks to queue
[2026-08-14T05:15:58.917+0000] {logging_mixin.py:151} INFO - [2026-08-14T05:15:58.917+0000] {dagbag.py:536} INFO - Filling up the DagBag from /opt/airflow/dags/dag.py
[2026-08-14T05:15:58.927+0000] {logging_mixin.py:151} INFO - [2026-08-14T05:15:58.926+0000] {dagbag.py:346} ERROR - Failed to import: /opt/airflow/dags/dag.py
Traceback (most recent call last):
  File "/home/airflow/.local/lib/python3.8/site-packages/airflow/models/dagbag.py", line 342, in parse
    loader.exec_module(new_module)
  File "<frozen importlib._bootstrap_external>", line 839, in exec_module
  File "<frozen importlib._bootstrap_external>", line 976, in get_code
  File "<frozen importlib._bootstrap_external>", line 906, in source_to_code
  File "<frozen importlib._bootstrap>", line 219, in _call_with_frames_removed
  File "/opt/airflow/dags/dag.py", line 23
    )as dag
          ^
SyntaxError: invalid syntax
[2026-08-14T05:15:58.927+0000] {processor.py:841} WARNING - No viable dags retrieved from /opt/airflow/dags/dag.py
[2026-08-14T05:15:58.941+0000] {processor.py:179} INFO - Processing /opt/airflow/dags/dag.py took 0.029 seconds
[2026-08-14T05:16:29.185+0000] {processor.py:157} INFO - Started process (PID=15157) to work on /opt/airflow/dags/dag.py
[2026-08-14T05:16:29.186+0000] {processor.py:829} INFO - Processing file /opt/airflow/dags/dag.py for tasks to queue
[2026-08-14T05:16:29.188+0000] {logging_mixin.py:151} INFO - [2026-08-14T05:16:29.188+0000] {dagbag.py:536} INFO - Filling up the DagBag from /opt/airflow/dags/dag.py
[2026-08-14T05:16:29.193+0000] {logging_mixin.py:151} INFO - [2026-08-14T05:16:29.192+0000] {dagbag.py:346} ERROR - Failed to import: /opt/airflow/dags/dag.py
Traceback (most recent call last):
  File "/home/airflow/.local/lib/python3.8/site-packages/airflow/models/dagbag.py", line 342, in parse
    loader.exec_module(new_module)
  File "<frozen importlib._bootstrap_external>", line 839, in exec_module
  File "<frozen importlib._bootstrap_external>", line 976, in get_code
  File "<frozen importlib._bootstrap_external>", line 906, in source_to_code
  File "<frozen importlib._bootstrap>", line 219, in _call_with_frames_removed
  File "/opt/airflow/dags/dag.py", line 23
    )as dag
          ^
SyntaxError: invalid syntax
[2026-08-14T05:16:29.193+0000] {processor.py:841} WARNING - No viable dags retrieved from /opt/airflow/dags/dag.py
[2026-08-14T05:16:29.205+0000] {processor.py:179} INFO - Processing /opt/airflow/dags/dag.py took 0.023 seconds
[2026-08-14T05:16:59.460+0000] {processor.py:157} INFO - Started process (PID=15165) to work on /opt/airflow/dags/dag.py
[2026-08-14T05:16:59.461+0000] {processor.py:829} INFO - Processing file /opt/airflow/dags/dag.py for tasks to queue
[2026-08-14T05:16:59.464+0000] {logging_mixin.py:151} INFO - [2026-08-14T05:16:59.463+0000] {dagbag.py:536} INFO - Filling up the DagBag from /opt/airflow/dags/dag.py
[2026-08-14T05:16:59.467+0000] {logging_mixin.py:151} INFO - [2026-08-14T05:16:59.466+0000] {dagbag.py:346} ERROR - Failed to import: /opt/airflow/dags/dag.py
Traceback (most recent call last):
  File "/home/airflow/.local/lib/python3.8/site-packages/airflow/models/dagbag.py", line 342, in parse
    loader.exec_module(new_module)
  File "<frozen importlib._bootstrap_external>", line 839, in exec_module
  File "<frozen importlib._bootstrap_external>", line 976, in get_code
  File "<frozen importlib._bootstrap_external>", line 906, in source_to_code
  File "<frozen importlib._bootstrap>", line 219, in _call_with_frames_removed
  File "/opt/airflow/dags/dag.py", line 23
    )as dag
          ^
SyntaxError: invalid syntax
[2026-08-14T05:16:59.467+0000] {processor.py:841} WARNING - No viable dags retrieved from /opt/airflow/dags/dag.py
[2026-08-14T05:16:59.481+0000] {processor.py:179} INFO - Processing /opt/airflow/dags/dag.py took 0.025 seconds
[2026-08-14T05:17:29.715+0000] {processor.py:157} INFO - Started process (PID=15173) to work on /opt/airflow/dags/dag.py
[2026-08-14T05:17:29.716+0000] {processor.py:829} INFO - Processing file /opt/airflow/dags/dag.py for tasks to queue
[2026-08-14T05:17:29.721+0000] {logging_mixin.py:151} INFO - [2026-08-14T05:17:29.721+0000] {dagbag.py:536} INFO - Filling up the DagBag from /opt/airflow/dags/dag.py
[2026-08-14T05:17:29.724+0000] {logging_mixin.py:151} INFO - [2026-08-14T05:17:29.723+0000] {dagbag.py:346} ERROR - Failed to import: /opt/airflow/dags/dag.py
Traceback (most recent call last):
  File "/home/airflow/.local/lib/python3.8/site-packages/airflow/models/dagbag.py", line 342, in parse
    loader.exec_module(new_module)
  File "<frozen importlib._bootstrap_external>", line 839, in exec_module
  File "<frozen importlib._bootstrap_external>", line 976, in get_code
  File "<frozen importlib._bootstrap_external>", line 906, in source_to_code
  File "<frozen importlib._bootstrap>", line 219, in _call_with_frames_removed
  File "/opt/airflow/dags/dag.py", line 23
    )as dag
          ^
SyntaxError: invalid syntax
[2026-08-14T05:17:29.727+0000] {processor.py:841} WARNING - No viable dags retrieved from /opt/airflow/dags/dag.py
[2026-08-14T05:17:29.740+0000] {processor.py:179} INFO - Processing /opt/airflow/dags/dag.py took 0.027 seconds
[2026-08-14T05:17:59.991+0000] {processor.py:157} INFO - Started process (PID=15181) to work on /opt/airflow/dags/dag.py
[2026-08-14T05:17:59.992+0000] {processor.py:829} INFO - Processing file /opt/airflow/dags/dag.py for tasks to queue
[2026-08-14T05:17:59.995+0000] {logging_mixin.py:151} INFO - [2026-08-14T05:17:59.995+0000] {dagbag.py:536} INFO - Filling up the DagBag from /opt/airflow/dags/dag.py
[2026-08-14T05:17:59.999+0000] {logging_mixin.py:151} INFO - [2026-08-14T05:17:59.998+0000] {dagbag.py:346} ERROR - Failed to import: /opt/airflow/dags/dag.py
Traceback (most recent call last):
  File "/home/airflow/.local/lib/python3.8/site-packages/airflow/models/dagbag.py", line 342, in parse
    loader.exec_module(new_module)
  File "<frozen importlib._bootstrap_external>", line 839, in exec_module
  File "<frozen importlib._bootstrap_external>", line 976, in get_code
  File "<frozen importlib._bootstrap_external>", line 906, in source_to_code
  File "<frozen importlib._bootstrap>", line 219, in _call_with_frames_removed
  File "/opt/airflow/dags/dag.py", line 23
    )as dag
          ^
SyntaxError: invalid syntax
[2026-08-14T05:17:59.999+0000] {processor.py:841} WARNING - No viable dags retrieved from /opt/airflow/dags/dag.py
[2026-08-14T05:18:00.013+0000] {processor.py:179} INFO - Processing /opt/airflow/dags/dag.py took 0.024 seconds
[2026-08-14T05:18:30.286+0000] {processor.py:157} INFO - Started process (PID=15189) to work on /opt/airflow/dags/dag.py
[2026-08-14T05:18:30.286+0000] {processor.py:829} INFO - Processing file /opt/airflow/dags/dag.py for tasks to queue
[2026-08-14T05:18:30.292+0000] {logging_mixin.py:151} INFO - [2026-08-14T05:18:30.292+0000] {dagbag.py:536} INFO - Filling up the DagBag from /opt/airflow/dags/dag.py
[2026-08-14T05:18:30.294+0000] {logging_mixin.py:151} INFO - [2026-08-14T05:18:30.294+0000] {dagbag.py:346} ERROR - Failed to import: /opt/airflow/dags/dag.py
Traceback (most recent call last):
  File "/home/airflow/.local/lib/python3.8/site-packages/airflow/models/dagbag.py", line 342, in parse
    loader.exec_module(new_module)
  File "<frozen importlib._bootstrap_external>", line 839, in exec_module
  File "<frozen importlib._bootstrap_external>", line 976, in get_code
  File "<frozen importlib._bootstrap_external>", line 906, in source_to_code
  File "<frozen importlib._bootstrap>", line 219, in _call_with_frames_removed
  File "/opt/airflow/dags/dag.py", line 23
    )as dag
          ^
SyntaxError: invalid syntax
[2026-08-14T05:18:30.294+0000] {processor.py:841} WARNING - No viable dags retrieved from /opt/airflow/dags/dag.py
[2026-08-14T05:18:30.311+0000] {processor.py:179} INFO - Processing /opt/airflow/dags/dag.py took 0.028 seconds
[2026-08-14T05:19:00.588+0000] {processor.py:157} INFO - Started process (PID=15197) to work on /opt/airflow/dags/dag.py
[2026-08-14T05:19:00.589+0000] {processor.py:829} INFO - Processing file /opt/airflow/dags/dag.py for tasks to queue
[2026-08-14T05:19:00.593+0000] {logging_mixin.py:151} INFO - [2026-08-14T05:19:00.593+0000] {dagbag.py:536} INFO - Filling up the DagBag from /opt/airflow/dags/dag.py
[2026-08-14T05:19:00.599+0000] {logging_mixin.py:151} INFO - [2026-08-14T05:19:00.599+0000] {dagbag.py:346} ERROR - Failed to import: /opt/airflow/dags/dag.py
Traceback (most recent call last):
  File "/home/airflow/.local/lib/python3.8/site-packages/airflow/models/dagbag.py", line 342, in parse
    loader.exec_module(new_module)
  File "<frozen importlib._bootstrap_external>", line 839, in exec_module
  File "<frozen importlib._bootstrap_external>", line 976, in get_code
  File "<frozen importlib._bootstrap_external>", line 906, in source_to_code
  File "<frozen importlib._bootstrap>", line 219, in _call_with_frames_removed
  File "/opt/airflow/dags/dag.py", line 23
    )as dag
          ^
SyntaxError: invalid syntax
[2026-08-14T05:19:00.599+0000] {processor.py:841} WARNING - No viable dags retrieved from /opt/airflow/dags/dag.py
[2026-08-14T05:19:00.614+0000] {processor.py:179} INFO - Processing /opt/airflow/dags/dag.py took 0.028 seconds
[2026-08-14T05:19:30.877+0000] {processor.py:157} INFO - Started process (PID=15205) to work on /opt/airflow/dags/dag.py
[2026-08-14T05:19:30.878+0000] {processor.py:829} INFO - Processing file /opt/airflow/dags/dag.py for tasks to queue
[2026-08-14T05:19:30.883+0000] {logging_mixin.py:151} INFO - [2026-08-14T05:19:30.883+0000] {dagbag.py:536} INFO - Filling up the DagBag from /opt/airflow/dags/dag.py
[2026-08-14T05:19:30.886+0000] {logging_mixin.py:151} INFO - [2026-08-14T05:19:30.886+0000] {dagbag.py:346} ERROR - Failed to import: /opt/airflow/dags/dag.py
Traceback (most recent call last):
  File "/home/airflow/.local/lib/python3.8/site-packages/airflow/models/dagbag.py", line 342, in parse
    loader.exec_module(new_module)
  File "<frozen importlib._bootstrap_external>", line 839, in exec_module
  File "<frozen importlib._bootstrap_external>", line 976, in get_code
  File "<frozen importlib._bootstrap_external>", line 906, in source_to_code
  File "<frozen importlib._bootstrap>", line 219, in _call_with_frames_removed
  File "/opt/airflow/dags/dag.py", line 23
    )as dag
          ^
SyntaxError: invalid syntax
[2026-08-14T05:19:30.886+0000] {processor.py:841} WARNING - No viable dags retrieved from /opt/airflow/dags/dag.py
[2026-08-14T05:19:30.900+0000] {processor.py:179} INFO - Processing /opt/airflow/dags/dag.py took 0.026 seconds
[2026-08-14T05:20:01.197+0000] {processor.py:157} INFO - Started process (PID=15213) to work on /opt/airflow/dags/dag.py
[2026-08-14T05:20:01.199+0000] {processor.py:829} INFO - Processing file /opt/airflow/dags/dag.py for tasks to queue
[2026-08-14T05:20:01.201+0000] {logging_mixin.py:151} INFO - [2026-08-14T05:20:01.201+0000] {dagbag.py:536} INFO - Filling up the DagBag from /opt/airflow/dags/dag.py
[2026-08-14T05:20:01.209+0000] {logging_mixin.py:151} INFO - [2026-08-14T05:20:01.208+0000] {dagbag.py:346} ERROR - Failed to import: /opt/airflow/dags/dag.py
Traceback (most recent call last):
  File "/home/airflow/.local/lib/python3.8/site-packages/airflow/models/dagbag.py", line 342, in parse
    loader.exec_module(new_module)
  File "<frozen importlib._bootstrap_external>", line 839, in exec_module
  File "<frozen importlib._bootstrap_external>", line 976, in get_code
  File "<frozen importlib._bootstrap_external>", line 906, in source_to_code
  File "<frozen importlib._bootstrap>", line 219, in _call_with_frames_removed
  File "/opt/airflow/dags/dag.py", line 23
    )as dag
          ^
SyntaxError: invalid syntax
[2026-08-14T05:20:01.209+0000] {processor.py:841} WARNING - No viable dags retrieved from /opt/airflow/dags/dag.py
[2026-08-14T05:20:01.227+0000] {processor.py:179} INFO - Processing /opt/airflow/dags/dag.py took 0.032 seconds
[2026-08-14T05:20:31.484+0000] {processor.py:157} INFO - Started process (PID=15221) to work on /opt/airflow/dags/dag.py
[2026-08-14T05:20:31.485+0000] {processor.py:829} INFO - Processing file /opt/airflow/dags/dag.py for tasks to queue
[2026-08-14T05:20:31.491+0000] {logging_mixin.py:151} INFO - [2026-08-14T05:20:31.490+0000] {dagbag.py:536} INFO - Filling up the DagBag from /opt/airflow/dags/dag.py
[2026-08-14T05:20:31.493+0000] {logging_mixin.py:151} INFO - [2026-08-14T05:20:31.492+0000] {dagbag.py:346} ERROR - Failed to import: /opt/airflow/dags/dag.py
Traceback (most recent call last):
  File "/home/airflow/.local/lib/python3.8/site-packages/airflow/models/dagbag.py", line 342, in parse
    loader.exec_module(new_module)
  File "<frozen importlib._bootstrap_external>", line 839, in exec_module
  File "<frozen importlib._bootstrap_external>", line 976, in get_code
  File "<frozen importlib._bootstrap_external>", line 906, in source_to_code
  File "<frozen importlib._bootstrap>", line 219, in _call_with_frames_removed
  File "/opt/airflow/dags/dag.py", line 23
    )as dag
          ^
SyntaxError: invalid syntax
[2026-08-14T05:20:31.493+0000] {processor.py:841} WARNING - No viable dags retrieved from /opt/airflow/dags/dag.py
[2026-08-14T05:20:31.506+0000] {processor.py:179} INFO - Processing /opt/airflow/dags/dag.py took 0.023 seconds
[2026-08-14T05:21:01.768+0000] {processor.py:157} INFO - Started process (PID=15229) to work on /opt/airflow/dags/dag.py
[2026-08-14T05:21:01.769+0000] {processor.py:829} INFO - Processing file /opt/airflow/dags/dag.py for tasks to queue
[2026-08-14T05:21:01.773+0000] {logging_mixin.py:151} INFO - [2026-08-14T05:21:01.773+0000] {dagbag.py:536} INFO - Filling up the DagBag from /opt/airflow/dags/dag.py
[2026-08-14T05:21:01.775+0000] {logging_mixin.py:151} INFO - [2026-08-14T05:21:01.774+0000] {dagbag.py:346} ERROR - Failed to import: /opt/airflow/dags/dag.py
Traceback (most recent call last):
  File "/home/airflow/.local/lib/python3.8/site-packages/airflow/models/dagbag.py", line 342, in parse
    loader.exec_module(new_module)
  File "<frozen importlib._bootstrap_external>", line 839, in exec_module
  File "<frozen importlib._bootstrap_external>", line 976, in get_code
  File "<frozen importlib._bootstrap_external>", line 906, in source_to_code
  File "<frozen importlib._bootstrap>", line 219, in _call_with_frames_removed
  File "/opt/airflow/dags/dag.py", line 23
    )as dag
          ^
SyntaxError: invalid syntax
[2026-08-14T05:21:01.775+0000] {processor.py:841} WARNING - No viable dags retrieved from /opt/airflow/dags/dag.py
[2026-08-14T05:21:01.792+0000] {processor.py:179} INFO - Processing /opt/airflow/dags/dag.py took 0.026 seconds
[2026-08-14T05:21:32.083+0000] {processor.py:157} INFO - Started process (PID=15237) to work on /opt/airflow/dags/dag.py
[2026-08-14T05:21:32.085+0000] {processor.py:829} INFO - Processing file /opt/airflow/dags/dag.py for tasks to queue
[2026-08-14T05:21:32.086+0000] {logging_mixin.py:151} INFO - [2026-08-14T05:21:32.086+0000] {dagbag.py:536} INFO - Filling up the DagBag from /opt/airflow/dags/dag.py
[2026-08-14T05:21:32.088+0000] {logging_mixin.py:151} INFO - [2026-08-14T05:21:32.088+0000] {dagbag.py:346} ERROR - Failed to import: /opt/airflow/dags/dag.py
Traceback (most recent call last):
  File "/home/airflow/.local/lib/python3.8/site-packages/airflow/models/dagbag.py", line 342, in parse
    loader.exec_module(new_module)
  File "<frozen importlib._bootstrap_external>", line 839, in exec_module
  File "<frozen importlib._bootstrap_external>", line 976, in get_code
  File "<frozen importlib._bootstrap_external>", line 906, in source_to_code
  File "<frozen importlib._bootstrap>", line 219, in _call_with_frames_removed
  File "/opt/airflow/dags/dag.py", line 23
    )as dag
          ^
SyntaxError: invalid syntax
[2026-08-14T05:21:32.090+0000] {processor.py:841} WARNING - No viable dags retrieved from /opt/airflow/dags/dag.py
[2026-08-14T05:21:32.106+0000] {processor.py:179} INFO - Processing /opt/airflow/dags/dag.py took 0.024 seconds
[2026-08-14T05:22:02.348+0000] {processor.py:157} INFO - Started process (PID=15245) to work on /opt/airflow/dags/dag.py
[2026-08-14T05:22:02.349+0000] {processor.py:829} INFO - Processing file /opt/airflow/dags/dag.py for tasks to queue
[2026-08-14T05:22:02.353+0000] {logging_mixin.py:151} INFO - [2026-08-14T05:22:02.353+0000] {dagbag.py:536} INFO - Filling up the DagBag from /opt/airflow/dags/dag.py
[2026-08-14T05:22:02.361+0000] {logging_mixin.py:151} INFO - [2026-08-14T05:22:02.360+0000] {dagbag.py:346} ERROR - Failed to import: /opt/airflow/dags/dag.py
Traceback (most recent call last):
  File "/home/airflow/.local/lib/python3.8/site-packages/airflow/models/dagbag.py", line 342, in parse
    loader.exec_module(new_module)
  File "<frozen importlib._bootstrap_external>", line 839, in exec_module
  File "<frozen importlib._bootstrap_external>", line 976, in get_code
  File "<frozen importlib._bootstrap_external>", line 906, in source_to_code
  File "<frozen importlib._bootstrap>", line 219, in _call_with_frames_removed
  File "/opt/airflow/dags/dag.py", line 23
    )as dag
          ^
SyntaxError: invalid syntax
[2026-08-14T05:22:02.362+0000] {processor.py:841} WARNING - No viable dags retrieved from /opt/airflow/dags/dag.py
[2026-08-14T05:22:02.378+0000] {processor.py:179} INFO - Processing /opt/airflow/dags/dag.py took 0.032 seconds
[2026-08-14T05:22:32.634+0000] {processor.py:157} INFO - Started process (PID=15253) to work on /opt/airflow/dags/dag.py
[2026-08-14T05:22:32.635+0000] {processor.py:829} INFO - Processing file /opt/airflow/dags/dag.py for tasks to queue
[2026-08-14T05:22:32.640+0000] {logging_mixin.py:151} INFO - [2026-08-14T05:22:32.640+0000] {dagbag.py:536} INFO - Filling up the DagBag from /opt/airflow/dags/dag.py
[2026-08-14T05:22:32.642+0000] {logging_mixin.py:151} INFO - [2026-08-14T05:22:32.641+0000] {dagbag.py:346} ERROR - Failed to import: /opt/airflow/dags/dag.py
Traceback (most recent call last):
  File "/home/airflow/.local/lib/python3.8/site-packages/airflow/models/dagbag.py", line 342, in parse
    loader.exec_module(new_module)
  File "<frozen importlib._bootstrap_external>", line 839, in exec_module
  File "<frozen importlib._bootstrap_external>", line 976, in get_code
  File "<frozen importlib._bootstrap_external>", line 906, in source_to_code
  File "<frozen importlib._bootstrap>", line 219, in _call_with_frames_removed
  File "/opt/airflow/dags/dag.py", line 23
    )as dag
          ^
SyntaxError: invalid syntax
[2026-08-14T05:22:32.642+0000] {processor.py:841} WARNING - No viable dags retrieved from /opt/airflow/dags/dag.py
[2026-08-14T05:22:32.652+0000] {processor.py:179} INFO - Processing /opt/airflow/dags/dag.py took 0.021 seconds
[2026-08-14T05:23:02.959+0000] {processor.py:157} INFO - Started process (PID=15261) to work on /opt/airflow/dags/dag.py
[2026-08-14T05:23:02.960+0000] {processor.py:829} INFO - Processing file /opt/airflow/dags/dag.py for tasks to queue
[2026-08-14T05:23:02.963+0000] {logging_mixin.py:151} INFO - [2026-08-14T05:23:02.962+0000] {dagbag.py:536} INFO - Filling up the DagBag from /opt/airflow/dags/dag.py
[2026-08-14T05:23:02.970+0000] {logging_mixin.py:151} INFO - [2026-08-14T05:23:02.969+0000] {dagbag.py:346} ERROR - Failed to import: /opt/airflow/dags/dag.py
Traceback (most recent call last):
  File "/home/airflow/.local/lib/python3.8/site-packages/airflow/models/dagbag.py", line 342, in parse
    loader.exec_module(new_module)
  File "<frozen importlib._bootstrap_external>", line 839, in exec_module
  File "<frozen importlib._bootstrap_external>", line 976, in get_code
  File "<frozen importlib._bootstrap_external>", line 906, in source_to_code
  File "<frozen importlib._bootstrap>", line 219, in _call_with_frames_removed
  File "/opt/airflow/dags/dag.py", line 23
    )as dag
          ^
SyntaxError: invalid syntax
[2026-08-14T05:23:02.971+0000] {processor.py:841} WARNING - No viable dags retrieved from /opt/airflow/dags/dag.py
[2026-08-14T05:23:02.991+0000] {processor.py:179} INFO - Processing /opt/airflow/dags/dag.py took 0.037 seconds
[2026-08-14T05:23:33.252+0000] {processor.py:157} INFO - Started process (PID=15269) to work on /opt/airflow/dags/dag.py
[2026-08-14T05:23:33.253+0000] {processor.py:829} INFO - Processing file /opt/airflow/dags/dag.py for tasks to queue
[2026-08-14T05:23:33.256+0000] {logging_mixin.py:151} INFO - [2026-08-14T05:23:33.256+0000] {dagbag.py:536} INFO - Filling up the DagBag from /opt/airflow/dags/dag.py
[2026-08-14T05:23:33.260+0000] {logging_mixin.py:151} INFO - [2026-08-14T05:23:33.260+0000] {dagbag.py:346} ERROR - Failed to import: /opt/airflow/dags/dag.py
Traceback (most recent call last):
  File "/home/airflow/.local/lib/python3.8/site-packages/airflow/models/dagbag.py", line 342, in parse
    loader.exec_module(new_module)
  File "<frozen importlib._bootstrap_external>", line 839, in exec_module
  File "<frozen importlib._bootstrap_external>", line 976, in get_code
  File "<frozen importlib._bootstrap_external>", line 906, in source_to_code
  File "<frozen importlib._bootstrap>", line 219, in _call_with_frames_removed
  File "/opt/airflow/dags/dag.py", line 23
    )as dag
          ^
SyntaxError: invalid syntax
[2026-08-14T05:23:33.261+0000] {processor.py:841} WARNING - No viable dags retrieved from /opt/airflow/dags/dag.py
[2026-08-14T05:23:33.271+0000] {processor.py:179} INFO - Processing /opt/airflow/dags/dag.py took 0.021 seconds
[2026-08-14T05:24:03.509+0000] {processor.py:157} INFO - Started process (PID=15277) to work on /opt/airflow/dags/dag.py
[2026-08-14T05:24:03.509+0000] {processor.py:829} INFO - Processing file /opt/airflow/dags/dag.py for tasks to queue
[2026-08-14T05:24:03.513+0000] {logging_mixin.py:151} INFO - [2026-08-14T05:24:03.513+0000] {dagbag.py:536} INFO - Filling up the DagBag from /opt/airflow/dags/dag.py
[2026-08-14T05:24:03.517+0000] {logging_mixin.py:151} INFO - [2026-08-14T05:24:03.516+0000] {dagbag.py:346} ERROR - Failed to import: /opt/airflow/dags/dag.py
Traceback (most recent call last):
  File "/home/airflow/.local/lib/python3.8/site-packages/airflow/models/dagbag.py", line 342, in parse
    loader.exec_module(new_module)
  File "<frozen importlib._bootstrap_external>", line 839, in exec_module
  File "<frozen importlib._bootstrap_external>", line 976, in get_code
  File "<frozen importlib._bootstrap_external>", line 906, in source_to_code
  File "<frozen importlib._bootstrap>", line 219, in _call_with_frames_removed
  File "/opt/airflow/dags/dag.py", line 23
    )as dag
          ^
SyntaxError: invalid syntax
[2026-08-14T05:24:03.520+0000] {processor.py:841} WARNING - No viable dags retrieved from /opt/airflow/dags/dag.py
[2026-08-14T05:24:03.532+0000] {processor.py:179} INFO - Processing /opt/airflow/dags/dag.py took 0.026 seconds
[2026-08-14T05:24:33.764+0000] {processor.py:157} INFO - Started process (PID=15285) to work on /opt/airflow/dags/dag.py
[2026-08-14T05:24:33.766+0000] {processor.py:829} INFO - Processing file /opt/airflow/dags/dag.py for tasks to queue
[2026-08-14T05:24:33.768+0000] {logging_mixin.py:151} INFO - [2026-08-14T05:24:33.768+0000] {dagbag.py:536} INFO - Filling up the DagBag from /opt/airflow/dags/dag.py
[2026-08-14T05:24:33.774+0000] {logging_mixin.py:151} INFO - [2026-08-14T05:24:33.773+0000] {dagbag.py:346} ERROR - Failed to import: /opt/airflow/dags/dag.py
Traceback (most recent call last):
  File "/home/airflow/.local/lib/python3.8/site-packages/airflow/models/dagbag.py", line 342, in parse
    loader.exec_module(new_module)
  File "<frozen importlib._bootstrap_external>", line 839, in exec_module
  File "<frozen importlib._bootstrap_external>", line 976, in get_code
  File "<frozen importlib._bootstrap_external>", line 906, in source_to_code
  File "<frozen importlib._bootstrap>", line 219, in _call_with_frames_removed
  File "/opt/airflow/dags/dag.py", line 23
    )as dag
          ^
SyntaxError: invalid syntax
[2026-08-14T05:24:33.774+0000] {processor.py:841} WARNING - No viable dags retrieved from /opt/airflow/dags/dag.py
[2026-08-14T05:24:33.788+0000] {processor.py:179} INFO - Processing /opt/airflow/dags/dag.py took 0.026 seconds
[2026-08-14T05:25:04.047+0000] {processor.py:157} INFO - Started process (PID=15293) to work on /opt/airflow/dags/dag.py
[2026-08-14T05:25:04.047+0000] {processor.py:829} INFO - Processing file /opt/airflow/dags/dag.py for tasks to queue
[2026-08-14T05:25:04.053+0000] {logging_mixin.py:151} INFO - [2026-08-14T05:25:04.053+0000] {dagbag.py:536} INFO - Filling up the DagBag from /opt/airflow/dags/dag.py
[2026-08-14T05:25:04.055+0000] {logging_mixin.py:151} INFO - [2026-08-14T05:25:04.054+0000] {dagbag.py:346} ERROR - Failed to import: /opt/airflow/dags/dag.py
Traceback (most recent call last):
  File "/home/airflow/.local/lib/python3.8/site-packages/airflow/models/dagbag.py", line 342, in parse
    loader.exec_module(new_module)
  File "<frozen importlib._bootstrap_external>", line 839, in exec_module
  File "<frozen importlib._bootstrap_external>", line 976, in get_code
  File "<frozen importlib._bootstrap_external>", line 906, in source_to_code
  File "<frozen importlib._bootstrap>", line 219, in _call_with_frames_removed
  File "/opt/airflow/dags/dag.py", line 23
    )as dag
          ^
SyntaxError: invalid syntax
[2026-08-14T05:25:04.055+0000] {processor.py:841} WARNING - No viable dags retrieved from /opt/airflow/dags/dag.py
[2026-08-14T05:25:04.069+0000] {processor.py:179} INFO - Processing /opt/airflow/dags/dag.py took 0.024 seconds
[2026-08-14T05:25:34.330+0000] {processor.py:157} INFO - Started process (PID=15301) to work on /opt/airflow/dags/dag.py
[2026-08-14T05:25:34.331+0000] {processor.py:829} INFO - Processing file /opt/airflow/dags/dag.py for tasks to queue
[2026-08-14T05:25:34.334+0000] {logging_mixin.py:151} INFO - [2026-08-14T05:25:34.334+0000] {dagbag.py:536} INFO - Filling up the DagBag from /opt/airflow/dags/dag.py
[2026-08-14T05:25:34.340+0000] {logging_mixin.py:151} INFO - [2026-08-14T05:25:34.339+0000] {dagbag.py:346} ERROR - Failed to import: /opt/airflow/dags/dag.py
Traceback (most recent call last):
  File "/home/airflow/.local/lib/python3.8/site-packages/airflow/models/dagbag.py", line 342, in parse
    loader.exec_module(new_module)
  File "<frozen importlib._bootstrap_external>", line 839, in exec_module
  File "<frozen importlib._bootstrap_external>", line 976, in get_code
  File "<frozen importlib._bootstrap_external>", line 906, in source_to_code
  File "<frozen importlib._bootstrap>", line 219, in _call_with_frames_removed
  File "/opt/airflow/dags/dag.py", line 23
    )as dag
          ^
SyntaxError: invalid syntax
[2026-08-14T05:25:34.341+0000] {processor.py:841} WARNING - No viable dags retrieved from /opt/airflow/dags/dag.py
[2026-08-14T05:25:34.358+0000] {processor.py:179} INFO - Processing /opt/airflow/dags/dag.py took 0.031 seconds
[2026-08-14T05:26:04.604+0000] {processor.py:157} INFO - Started process (PID=15309) to work on /opt/airflow/dags/dag.py
[2026-08-14T05:26:04.608+0000] {processor.py:829} INFO - Processing file /opt/airflow/dags/dag.py for tasks to queue
[2026-08-14T05:26:04.610+0000] {logging_mixin.py:151} INFO - [2026-08-14T05:26:04.610+0000] {dagbag.py:536} INFO - Filling up the DagBag from /opt/airflow/dags/dag.py
[2026-08-14T05:26:04.615+0000] {logging_mixin.py:151} INFO - [2026-08-14T05:26:04.615+0000] {dagbag.py:346} ERROR - Failed to import: /opt/airflow/dags/dag.py
Traceback (most recent call last):
  File "/home/airflow/.local/lib/python3.8/site-packages/airflow/models/dagbag.py", line 342, in parse
    loader.exec_module(new_module)
  File "<frozen importlib._bootstrap_external>", line 839, in exec_module
  File "<frozen importlib._bootstrap_external>", line 976, in get_code
  File "<frozen importlib._bootstrap_external>", line 906, in source_to_code
  File "<frozen importlib._bootstrap>", line 219, in _call_with_frames_removed
  File "/opt/airflow/dags/dag.py", line 23
    )as dag
          ^
SyntaxError: invalid syntax
[2026-08-14T05:26:04.615+0000] {processor.py:841} WARNING - No viable dags retrieved from /opt/airflow/dags/dag.py
[2026-08-14T05:26:04.630+0000] {processor.py:179} INFO - Processing /opt/airflow/dags/dag.py took 0.029 seconds
[2026-08-14T05:26:34.935+0000] {processor.py:157} INFO - Started process (PID=15317) to work on /opt/airflow/dags/dag.py
[2026-08-14T05:26:34.936+0000] {processor.py:829} INFO - Processing file /opt/airflow/dags/dag.py for tasks to queue
[2026-08-14T05:26:34.942+0000] {logging_mixin.py:151} INFO - [2026-08-14T05:26:34.941+0000] {dagbag.py:536} INFO - Filling up the DagBag from /opt/airflow/dags/dag.py
[2026-08-14T05:26:34.944+0000] {logging_mixin.py:151} INFO - [2026-08-14T05:26:34.943+0000] {dagbag.py:346} ERROR - Failed to import: /opt/airflow/dags/dag.py
Traceback (most recent call last):
  File "/home/airflow/.local/lib/python3.8/site-packages/airflow/models/dagbag.py", line 342, in parse
    loader.exec_module(new_module)
  File "<frozen importlib._bootstrap_external>", line 839, in exec_module
  File "<frozen importlib._bootstrap_external>", line 976, in get_code
  File "<frozen importlib._bootstrap_external>", line 906, in source_to_code
  File "<frozen importlib._bootstrap>", line 219, in _call_with_frames_removed
  File "/opt/airflow/dags/dag.py", line 23
    )as dag
          ^
SyntaxError: invalid syntax
[2026-08-14T05:26:34.944+0000] {processor.py:841} WARNING - No viable dags retrieved from /opt/airflow/dags/dag.py
[2026-08-14T05:26:34.958+0000] {processor.py:179} INFO - Processing /opt/airflow/dags/dag.py took 0.025 seconds
[2026-08-14T05:27:05.229+0000] {processor.py:157} INFO - Started process (PID=15325) to work on /opt/airflow/dags/dag.py
[2026-08-14T05:27:05.229+0000] {processor.py:829} INFO - Processing file /opt/airflow/dags/dag.py for tasks to queue
[2026-08-14T05:27:05.231+0000] {logging_mixin.py:151} INFO - [2026-08-14T05:27:05.230+0000] {dagbag.py:536} INFO - Filling up the DagBag from /opt/airflow/dags/dag.py
[2026-08-14T05:27:05.237+0000] {logging_mixin.py:151} INFO - [2026-08-14T05:27:05.236+0000] {dagbag.py:346} ERROR - Failed to import: /opt/airflow/dags/dag.py
Traceback (most recent call last):
  File "/home/airflow/.local/lib/python3.8/site-packages/airflow/models/dagbag.py", line 342, in parse
    loader.exec_module(new_module)
  File "<frozen importlib._bootstrap_external>", line 839, in exec_module
  File "<frozen importlib._bootstrap_external>", line 976, in get_code
  File "<frozen importlib._bootstrap_external>", line 906, in source_to_code
  File "<frozen importlib._bootstrap>", line 219, in _call_with_frames_removed
  File "/opt/airflow/dags/dag.py", line 23
    )as dag
          ^
SyntaxError: invalid syntax
[2026-08-14T05:27:05.237+0000] {processor.py:841} WARNING - No viable dags retrieved from /opt/airflow/dags/dag.py
[2026-08-14T05:27:05.255+0000] {processor.py:179} INFO - Processing /opt/airflow/dags/dag.py took 0.029 seconds
[2026-08-14T05:27:35.522+0000] {processor.py:157} INFO - Started process (PID=15333) to work on /opt/airflow/dags/dag.py
[2026-08-14T05:27:35.523+0000] {processor.py:829} INFO - Processing file /opt/airflow/dags/dag.py for tasks to queue
[2026-08-14T05:27:35.524+0000] {logging_mixin.py:151} INFO - [2026-08-14T05:27:35.524+0000] {dagbag.py:536} INFO - Filling up the DagBag from /opt/airflow/dags/dag.py
[2026-08-14T05:27:35.530+0000] {logging_mixin.py:151} INFO - [2026-08-14T05:27:35.530+0000] {dagbag.py:346} ERROR - Failed to import: /opt/airflow/dags/dag.py
Traceback (most recent call last):
  File "/home/airflow/.local/lib/python3.8/site-packages/airflow/models/dagbag.py", line 342, in parse
    loader.exec_module(new_module)
  File "<frozen importlib._bootstrap_external>", line 839, in exec_module
  File "<frozen importlib._bootstrap_external>", line 976, in get_code
  File "<frozen importlib._bootstrap_external>", line 906, in source_to_code
  File "<frozen importlib._bootstrap>", line 219, in _call_with_frames_removed
  File "/opt/airflow/dags/dag.py", line 23
    )as dag
          ^
SyntaxError: invalid syntax
[2026-08-14T05:27:35.533+0000] {processor.py:841} WARNING - No viable dags retrieved from /opt/airflow/dags/dag.py
[2026-08-14T05:27:35.543+0000] {processor.py:179} INFO - Processing /opt/airflow/dags/dag.py took 0.023 seconds
[2026-08-14T05:28:05.859+0000] {processor.py:157} INFO - Started process (PID=15341) to work on /opt/airflow/dags/dag.py
[2026-08-14T05:28:05.863+0000] {processor.py:829} INFO - Processing file /opt/airflow/dags/dag.py for tasks to queue
[2026-08-14T05:28:05.865+0000] {logging_mixin.py:151} INFO - [2026-08-14T05:28:05.864+0000] {dagbag.py:536} INFO - Filling up the DagBag from /opt/airflow/dags/dag.py
[2026-08-14T05:28:05.868+0000] {logging_mixin.py:151} INFO - [2026-08-14T05:28:05.867+0000] {dagbag.py:346} ERROR - Failed to import: /opt/airflow/dags/dag.py
Traceback (most recent call last):
  File "/home/airflow/.local/lib/python3.8/site-packages/airflow/models/dagbag.py", line 342, in parse
    loader.exec_module(new_module)
  File "<frozen importlib._bootstrap_external>", line 839, in exec_module
  File "<frozen importlib._bootstrap_external>", line 976, in get_code
  File "<frozen importlib._bootstrap_external>", line 906, in source_to_code
  File "<frozen importlib._bootstrap>", line 219, in _call_with_frames_removed
  File "/opt/airflow/dags/dag.py", line 23
    )as dag
          ^
SyntaxError: invalid syntax
[2026-08-14T05:28:05.868+0000] {processor.py:841} WARNING - No viable dags retrieved from /opt/airflow/dags/dag.py
[2026-08-14T05:28:05.882+0000] {processor.py:179} INFO - Processing /opt/airflow/dags/dag.py took 0.028 seconds
[2026-08-14T05:28:36.173+0000] {processor.py:157} INFO - Started process (PID=15349) to work on /opt/airflow/dags/dag.py
[2026-08-14T05:28:36.173+0000] {processor.py:829} INFO - Processing file /opt/airflow/dags/dag.py for tasks to queue
[2026-08-14T05:28:36.176+0000] {logging_mixin.py:151} INFO - [2026-08-14T05:28:36.176+0000] {dagbag.py:536} INFO - Filling up the DagBag from /opt/airflow/dags/dag.py
[2026-08-14T05:28:36.181+0000] {logging_mixin.py:151} INFO - [2026-08-14T05:28:36.180+0000] {dagbag.py:346} ERROR - Failed to import: /opt/airflow/dags/dag.py
Traceback (most recent call last):
  File "/home/airflow/.local/lib/python3.8/site-packages/airflow/models/dagbag.py", line 342, in parse
    loader.exec_module(new_module)
  File "<frozen importlib._bootstrap_external>", line 839, in exec_module
  File "<frozen importlib._bootstrap_external>", line 976, in get_code
  File "<frozen importlib._bootstrap_external>", line 906, in source_to_code
  File "<frozen importlib._bootstrap>", line 219, in _call_with_frames_removed
  File "/opt/airflow/dags/dag.py", line 23
    )as dag
          ^
SyntaxError: invalid syntax
[2026-08-14T05:28:36.181+0000] {processor.py:841} WARNING - No viable dags retrieved from /opt/airflow/dags/dag.py
[2026-08-14T05:28:36.196+0000] {processor.py:179} INFO - Processing /opt/airflow/dags/dag.py took 0.026 seconds
[2026-08-14T05:29:06.443+0000] {processor.py:157} INFO - Started process (PID=15357) to work on /opt/airflow/dags/dag.py
[2026-08-14T05:29:06.445+0000] {processor.py:829} INFO - Processing file /opt/airflow/dags/dag.py for tasks to queue
[2026-08-14T05:29:06.447+0000] {logging_mixin.py:151} INFO - [2026-08-14T05:29:06.446+0000] {dagbag.py:536} INFO - Filling up the DagBag from /opt/airflow/dags/dag.py
[2026-08-14T05:29:06.452+0000] {logging_mixin.py:151} INFO - [2026-08-14T05:29:06.452+0000] {dagbag.py:346} ERROR - Failed to import: /opt/airflow/dags/dag.py
Traceback (most recent call last):
  File "/home/airflow/.local/lib/python3.8/site-packages/airflow/models/dagbag.py", line 342, in parse
    loader.exec_module(new_module)
  File "<frozen importlib._bootstrap_external>", line 839, in exec_module
  File "<frozen importlib._bootstrap_external>", line 976, in get_code
  File "<frozen importlib._bootstrap_external>", line 906, in source_to_code
  File "<frozen importlib._bootstrap>", line 219, in _call_with_frames_removed
  File "/opt/airflow/dags/dag.py", line 23
    )as dag
          ^
SyntaxError: invalid syntax
[2026-08-14T05:29:06.453+0000] {processor.py:841} WARNING - No viable dags retrieved from /opt/airflow/dags/dag.py
[2026-08-14T05:29:06.466+0000] {processor.py:179} INFO - Processing /opt/airflow/dags/dag.py took 0.025 seconds
[2026-08-14T05:29:36.740+0000] {processor.py:157} INFO - Started process (PID=15365) to work on /opt/airflow/dags/dag.py
[2026-08-14T05:29:36.741+0000] {processor.py:829} INFO - Processing file /opt/airflow/dags/dag.py for tasks to queue
[2026-08-14T05:29:36.743+0000] {logging_mixin.py:151} INFO - [2026-08-14T05:29:36.743+0000] {dagbag.py:536} INFO - Filling up the DagBag from /opt/airflow/dags/dag.py
[2026-08-14T05:29:36.748+0000] {logging_mixin.py:151} INFO - [2026-08-14T05:29:36.747+0000] {dagbag.py:346} ERROR - Failed to import: /opt/airflow/dags/dag.py
Traceback (most recent call last):
  File "/home/airflow/.local/lib/python3.8/site-packages/airflow/models/dagbag.py", line 342, in parse
    loader.exec_module(new_module)
  File "<frozen importlib._bootstrap_external>", line 839, in exec_module
  File "<frozen importlib._bootstrap_external>", line 976, in get_code
  File "<frozen importlib._bootstrap_external>", line 906, in source_to_code
  File "<frozen importlib._bootstrap>", line 219, in _call_with_frames_removed
  File "/opt/airflow/dags/dag.py", line 23
    )as dag
          ^
SyntaxError: invalid syntax
[2026-08-14T05:29:36.748+0000] {processor.py:841} WARNING - No viable dags retrieved from /opt/airflow/dags/dag.py
[2026-08-14T05:29:36.759+0000] {processor.py:179} INFO - Processing /opt/airflow/dags/dag.py took 0.022 seconds
[2026-08-14T05:30:07.080+0000] {processor.py:157} INFO - Started process (PID=15373) to work on /opt/airflow/dags/dag.py
[2026-08-14T05:30:07.081+0000] {processor.py:829} INFO - Processing file /opt/airflow/dags/dag.py for tasks to queue
[2026-08-14T05:30:07.083+0000] {logging_mixin.py:151} INFO - [2026-08-14T05:30:07.083+0000] {dagbag.py:536} INFO - Filling up the DagBag from /opt/airflow/dags/dag.py
[2026-08-14T05:30:07.088+0000] {logging_mixin.py:151} INFO - [2026-08-14T05:30:07.088+0000] {dagbag.py:346} ERROR - Failed to import: /opt/airflow/dags/dag.py
Traceback (most recent call last):
  File "/home/airflow/.local/lib/python3.8/site-packages/airflow/models/dagbag.py", line 342, in parse
    loader.exec_module(new_module)
  File "<frozen importlib._bootstrap_external>", line 839, in exec_module
  File "<frozen importlib._bootstrap_external>", line 976, in get_code
  File "<frozen importlib._bootstrap_external>", line 906, in source_to_code
  File "<frozen importlib._bootstrap>", line 219, in _call_with_frames_removed
  File "/opt/airflow/dags/dag.py", line 23
    )as dag
          ^
SyntaxError: invalid syntax
[2026-08-14T05:30:07.089+0000] {processor.py:841} WARNING - No viable dags retrieved from /opt/airflow/dags/dag.py
[2026-08-14T05:30:07.104+0000] {processor.py:179} INFO - Processing /opt/airflow/dags/dag.py took 0.026 seconds
[2026-08-14T05:30:37.379+0000] {processor.py:157} INFO - Started process (PID=15381) to work on /opt/airflow/dags/dag.py
[2026-08-14T05:30:37.380+0000] {processor.py:829} INFO - Processing file /opt/airflow/dags/dag.py for tasks to queue
[2026-08-14T05:30:37.385+0000] {logging_mixin.py:151} INFO - [2026-08-14T05:30:37.385+0000] {dagbag.py:536} INFO - Filling up the DagBag from /opt/airflow/dags/dag.py
[2026-08-14T05:30:37.387+0000] {logging_mixin.py:151} INFO - [2026-08-14T05:30:37.387+0000] {dagbag.py:346} ERROR - Failed to import: /opt/airflow/dags/dag.py
Traceback (most recent call last):
  File "/home/airflow/.local/lib/python3.8/site-packages/airflow/models/dagbag.py", line 342, in parse
    loader.exec_module(new_module)
  File "<frozen importlib._bootstrap_external>", line 839, in exec_module
  File "<frozen importlib._bootstrap_external>", line 976, in get_code
  File "<frozen importlib._bootstrap_external>", line 906, in source_to_code
  File "<frozen importlib._bootstrap>", line 219, in _call_with_frames_removed
  File "/opt/airflow/dags/dag.py", line 23
    )as dag
          ^
SyntaxError: invalid syntax
[2026-08-14T05:30:37.387+0000] {processor.py:841} WARNING - No viable dags retrieved from /opt/airflow/dags/dag.py
[2026-08-14T05:30:37.400+0000] {processor.py:179} INFO - Processing /opt/airflow/dags/dag.py took 0.022 seconds
[2026-08-14T05:31:07.691+0000] {processor.py:157} INFO - Started process (PID=15389) to work on /opt/airflow/dags/dag.py
[2026-08-14T05:31:07.692+0000] {processor.py:829} INFO - Processing file /opt/airflow/dags/dag.py for tasks to queue
[2026-08-14T05:31:07.697+0000] {logging_mixin.py:151} INFO - [2026-08-14T05:31:07.697+0000] {dagbag.py:536} INFO - Filling up the DagBag from /opt/airflow/dags/dag.py
[2026-08-14T05:31:07.701+0000] {logging_mixin.py:151} INFO - [2026-08-14T05:31:07.700+0000] {dagbag.py:346} ERROR - Failed to import: /opt/airflow/dags/dag.py
Traceback (most recent call last):
  File "/home/airflow/.local/lib/python3.8/site-packages/airflow/models/dagbag.py", line 342, in parse
    loader.exec_module(new_module)
  File "<frozen importlib._bootstrap_external>", line 839, in exec_module
  File "<frozen importlib._bootstrap_external>", line 976, in get_code
  File "<frozen importlib._bootstrap_external>", line 906, in source_to_code
  File "<frozen importlib._bootstrap>", line 219, in _call_with_frames_removed
  File "/opt/airflow/dags/dag.py", line 23
    )as dag
          ^
SyntaxError: invalid syntax
[2026-08-14T05:31:07.701+0000] {processor.py:841} WARNING - No viable dags retrieved from /opt/airflow/dags/dag.py
[2026-08-14T05:31:07.713+0000] {processor.py:179} INFO - Processing /opt/airflow/dags/dag.py took 0.025 seconds
[2026-08-14T05:31:38.041+0000] {processor.py:157} INFO - Started process (PID=15397) to work on /opt/airflow/dags/dag.py
[2026-08-14T05:31:38.042+0000] {processor.py:829} INFO - Processing file /opt/airflow/dags/dag.py for tasks to queue
[2026-08-14T05:31:38.045+0000] {logging_mixin.py:151} INFO - [2026-08-14T05:31:38.045+0000] {dagbag.py:536} INFO - Filling up the DagBag from /opt/airflow/dags/dag.py
[2026-08-14T05:31:38.051+0000] {logging_mixin.py:151} INFO - [2026-08-14T05:31:38.050+0000] {dagbag.py:346} ERROR - Failed to import: /opt/airflow/dags/dag.py
Traceback (most recent call last):
  File "/home/airflow/.local/lib/python3.8/site-packages/airflow/models/dagbag.py", line 342, in parse
    loader.exec_module(new_module)
  File "<frozen importlib._bootstrap_external>", line 839, in exec_module
  File "<frozen importlib._bootstrap_external>", line 976, in get_code
  File "<frozen importlib._bootstrap_external>", line 906, in source_to_code
  File "<frozen importlib._bootstrap>", line 219, in _call_with_frames_removed
  File "/opt/airflow/dags/dag.py", line 23
    )as dag
          ^
SyntaxError: invalid syntax
[2026-08-14T05:31:38.051+0000] {processor.py:841} WARNING - No viable dags retrieved from /opt/airflow/dags/dag.py
[2026-08-14T05:31:38.064+0000] {processor.py:179} INFO - Processing /opt/airflow/dags/dag.py took 0.024 seconds
[2026-08-14T05:32:08.354+0000] {processor.py:157} INFO - Started process (PID=15405) to work on /opt/airflow/dags/dag.py
[2026-08-14T05:32:08.356+0000] {processor.py:829} INFO - Processing file /opt/airflow/dags/dag.py for tasks to queue
[2026-08-14T05:32:08.359+0000] {logging_mixin.py:151} INFO - [2026-08-14T05:32:08.358+0000] {dagbag.py:536} INFO - Filling up the DagBag from /opt/airflow/dags/dag.py
[2026-08-14T05:32:08.363+0000] {logging_mixin.py:151} INFO - [2026-08-14T05:32:08.362+0000] {dagbag.py:346} ERROR - Failed to import: /opt/airflow/dags/dag.py
Traceback (most recent call last):
  File "/home/airflow/.local/lib/python3.8/site-packages/airflow/models/dagbag.py", line 342, in parse
    loader.exec_module(new_module)
  File "<frozen importlib._bootstrap_external>", line 839, in exec_module
  File "<frozen importlib._bootstrap_external>", line 976, in get_code
  File "<frozen importlib._bootstrap_external>", line 906, in source_to_code
  File "<frozen importlib._bootstrap>", line 219, in _call_with_frames_removed
  File "/opt/airflow/dags/dag.py", line 23
    )as dag
          ^
SyntaxError: invalid syntax
[2026-08-14T05:32:08.363+0000] {processor.py:841} WARNING - No viable dags retrieved from /opt/airflow/dags/dag.py
[2026-08-14T05:32:08.379+0000] {processor.py:179} INFO - Processing /opt/airflow/dags/dag.py took 0.029 seconds
[2026-08-14T05:32:38.666+0000] {processor.py:157} INFO - Started process (PID=15413) to work on /opt/airflow/dags/dag.py
[2026-08-14T05:32:38.667+0000] {processor.py:829} INFO - Processing file /opt/airflow/dags/dag.py for tasks to queue
[2026-08-14T05:32:38.668+0000] {logging_mixin.py:151} INFO - [2026-08-14T05:32:38.668+0000] {dagbag.py:536} INFO - Filling up the DagBag from /opt/airflow/dags/dag.py
[2026-08-14T05:32:38.675+0000] {logging_mixin.py:151} INFO - [2026-08-14T05:32:38.674+0000] {dagbag.py:346} ERROR - Failed to import: /opt/airflow/dags/dag.py
Traceback (most recent call last):
  File "/home/airflow/.local/lib/python3.8/site-packages/airflow/models/dagbag.py", line 342, in parse
    loader.exec_module(new_module)
  File "<frozen importlib._bootstrap_external>", line 839, in exec_module
  File "<frozen importlib._bootstrap_external>", line 976, in get_code
  File "<frozen importlib._bootstrap_external>", line 906, in source_to_code
  File "<frozen importlib._bootstrap>", line 219, in _call_with_frames_removed
  File "/opt/airflow/dags/dag.py", line 23
    )as dag
          ^
SyntaxError: invalid syntax
[2026-08-14T05:32:38.675+0000] {processor.py:841} WARNING - No viable dags retrieved from /opt/airflow/dags/dag.py
[2026-08-14T05:32:38.690+0000] {processor.py:179} INFO - Processing /opt/airflow/dags/dag.py took 0.026 seconds
[2026-08-14T05:33:08.975+0000] {processor.py:157} INFO - Started process (PID=15421) to work on /opt/airflow/dags/dag.py
[2026-08-14T05:33:08.977+0000] {processor.py:829} INFO - Processing file /opt/airflow/dags/dag.py for tasks to queue
[2026-08-14T05:33:08.979+0000] {logging_mixin.py:151} INFO - [2026-08-14T05:33:08.979+0000] {dagbag.py:536} INFO - Filling up the DagBag from /opt/airflow/dags/dag.py
[2026-08-14T05:33:08.982+0000] {logging_mixin.py:151} INFO - [2026-08-14T05:33:08.981+0000] {dagbag.py:346} ERROR - Failed to import: /opt/airflow/dags/dag.py
Traceback (most recent call last):
  File "/home/airflow/.local/lib/python3.8/site-packages/airflow/models/dagbag.py", line 342, in parse
    loader.exec_module(new_module)
  File "<frozen importlib._bootstrap_external>", line 839, in exec_module
  File "<frozen importlib._bootstrap_external>", line 976, in get_code
  File "<frozen importlib._bootstrap_external>", line 906, in source_to_code
  File "<frozen importlib._bootstrap>", line 219, in _call_with_frames_removed
  File "/opt/airflow/dags/dag.py", line 23
    )as dag
          ^
SyntaxError: invalid syntax
[2026-08-14T05:33:08.982+0000] {processor.py:841} WARNING - No viable dags retrieved from /opt/airflow/dags/dag.py
[2026-08-14T05:33:08.999+0000] {processor.py:179} INFO - Processing /opt/airflow/dags/dag.py took 0.026 seconds
[2026-08-14T05:33:39.258+0000] {processor.py:157} INFO - Started process (PID=15429) to work on /opt/airflow/dags/dag.py
[2026-08-14T05:33:39.259+0000] {processor.py:829} INFO - Processing file /opt/airflow/dags/dag.py for tasks to queue
[2026-08-14T05:33:39.261+0000] {logging_mixin.py:151} INFO - [2026-08-14T05:33:39.261+0000] {dagbag.py:536} INFO - Filling up the DagBag from /opt/airflow/dags/dag.py
[2026-08-14T05:33:39.266+0000] {logging_mixin.py:151} INFO - [2026-08-14T05:33:39.266+0000] {dagbag.py:346} ERROR - Failed to import: /opt/airflow/dags/dag.py
Traceback (most recent call last):
  File "/home/airflow/.local/lib/python3.8/site-packages/airflow/models/dagbag.py", line 342, in parse
    loader.exec_module(new_module)
  File "<frozen importlib._bootstrap_external>", line 839, in exec_module
  File "<frozen importlib._bootstrap_external>", line 976, in get_code
  File "<frozen importlib._bootstrap_external>", line 906, in source_to_code
  File "<frozen importlib._bootstrap>", line 219, in _call_with_frames_removed
  File "/opt/airflow/dags/dag.py", line 23
    )as dag
          ^
SyntaxError: invalid syntax
[2026-08-14T05:33:39.266+0000] {processor.py:841} WARNING - No viable dags retrieved from /opt/airflow/dags/dag.py
[2026-08-14T05:33:39.287+0000] {processor.py:179} INFO - Processing /opt/airflow/dags/dag.py took 0.032 seconds
[2026-08-14T05:34:09.546+0000] {processor.py:157} INFO - Started process (PID=15437) to work on /opt/airflow/dags/dag.py
[2026-08-14T05:34:09.547+0000] {processor.py:829} INFO - Processing file /opt/airflow/dags/dag.py for tasks to queue
[2026-08-14T05:34:09.548+0000] {logging_mixin.py:151} INFO - [2026-08-14T05:34:09.548+0000] {dagbag.py:536} INFO - Filling up the DagBag from /opt/airflow/dags/dag.py
[2026-08-14T05:34:09.554+0000] {logging_mixin.py:151} INFO - [2026-08-14T05:34:09.553+0000] {dagbag.py:346} ERROR - Failed to import: /opt/airflow/dags/dag.py
Traceback (most recent call last):
  File "/home/airflow/.local/lib/python3.8/site-packages/airflow/models/dagbag.py", line 342, in parse
    loader.exec_module(new_module)
  File "<frozen importlib._bootstrap_external>", line 839, in exec_module
  File "<frozen importlib._bootstrap_external>", line 976, in get_code
  File "<frozen importlib._bootstrap_external>", line 906, in source_to_code
  File "<frozen importlib._bootstrap>", line 219, in _call_with_frames_removed
  File "/opt/airflow/dags/dag.py", line 23
    )as dag
          ^
SyntaxError: invalid syntax
[2026-08-14T05:34:09.554+0000] {processor.py:841} WARNING - No viable dags retrieved from /opt/airflow/dags/dag.py
[2026-08-14T05:34:09.576+0000] {processor.py:179} INFO - Processing /opt/airflow/dags/dag.py took 0.033 seconds
[2026-08-14T05:34:39.830+0000] {processor.py:157} INFO - Started process (PID=15445) to work on /opt/airflow/dags/dag.py
[2026-08-14T05:34:39.831+0000] {processor.py:829} INFO - Processing file /opt/airflow/dags/dag.py for tasks to queue
[2026-08-14T05:34:39.836+0000] {logging_mixin.py:151} INFO - [2026-08-14T05:34:39.836+0000] {dagbag.py:536} INFO - Filling up the DagBag from /opt/airflow/dags/dag.py
[2026-08-14T05:34:39.839+0000] {logging_mixin.py:151} INFO - [2026-08-14T05:34:39.838+0000] {dagbag.py:346} ERROR - Failed to import: /opt/airflow/dags/dag.py
Traceback (most recent call last):
  File "/home/airflow/.local/lib/python3.8/site-packages/airflow/models/dagbag.py", line 342, in parse
    loader.exec_module(new_module)
  File "<frozen importlib._bootstrap_external>", line 839, in exec_module
  File "<frozen importlib._bootstrap_external>", line 976, in get_code
  File "<frozen importlib._bootstrap_external>", line 906, in source_to_code
  File "<frozen importlib._bootstrap>", line 219, in _call_with_frames_removed
  File "/opt/airflow/dags/dag.py", line 23
    )as dag
          ^
SyntaxError: invalid syntax
[2026-08-14T05:34:39.839+0000] {processor.py:841} WARNING - No viable dags retrieved from /opt/airflow/dags/dag.py
[2026-08-14T05:34:39.854+0000] {processor.py:179} INFO - Processing /opt/airflow/dags/dag.py took 0.027 seconds
[2026-08-14T05:35:10.137+0000] {processor.py:157} INFO - Started process (PID=15453) to work on /opt/airflow/dags/dag.py
[2026-08-14T05:35:10.138+0000] {processor.py:829} INFO - Processing file /opt/airflow/dags/dag.py for tasks to queue
[2026-08-14T05:35:10.142+0000] {logging_mixin.py:151} INFO - [2026-08-14T05:35:10.142+0000] {dagbag.py:536} INFO - Filling up the DagBag from /opt/airflow/dags/dag.py
[2026-08-14T05:35:10.144+0000] {logging_mixin.py:151} INFO - [2026-08-14T05:35:10.144+0000] {dagbag.py:346} ERROR - Failed to import: /opt/airflow/dags/dag.py
Traceback (most recent call last):
  File "/home/airflow/.local/lib/python3.8/site-packages/airflow/models/dagbag.py", line 342, in parse
    loader.exec_module(new_module)
  File "<frozen importlib._bootstrap_external>", line 839, in exec_module
  File "<frozen importlib._bootstrap_external>", line 976, in get_code
  File "<frozen importlib._bootstrap_external>", line 906, in source_to_code
  File "<frozen importlib._bootstrap>", line 219, in _call_with_frames_removed
  File "/opt/airflow/dags/dag.py", line 23
    )as dag
          ^
SyntaxError: invalid syntax
[2026-08-14T05:35:10.146+0000] {processor.py:841} WARNING - No viable dags retrieved from /opt/airflow/dags/dag.py
[2026-08-14T05:35:10.161+0000] {processor.py:179} INFO - Processing /opt/airflow/dags/dag.py took 0.028 seconds
[2026-08-14T05:35:40.412+0000] {processor.py:157} INFO - Started process (PID=15461) to work on /opt/airflow/dags/dag.py
[2026-08-14T05:35:40.412+0000] {processor.py:829} INFO - Processing file /opt/airflow/dags/dag.py for tasks to queue
[2026-08-14T05:35:40.418+0000] {logging_mixin.py:151} INFO - [2026-08-14T05:35:40.418+0000] {dagbag.py:536} INFO - Filling up the DagBag from /opt/airflow/dags/dag.py
[2026-08-14T05:35:40.420+0000] {logging_mixin.py:151} INFO - [2026-08-14T05:35:40.420+0000] {dagbag.py:346} ERROR - Failed to import: /opt/airflow/dags/dag.py
Traceback (most recent call last):
  File "/home/airflow/.local/lib/python3.8/site-packages/airflow/models/dagbag.py", line 342, in parse
    loader.exec_module(new_module)
  File "<frozen importlib._bootstrap_external>", line 839, in exec_module
  File "<frozen importlib._bootstrap_external>", line 976, in get_code
  File "<frozen importlib._bootstrap_external>", line 906, in source_to_code
  File "<frozen importlib._bootstrap>", line 219, in _call_with_frames_removed
  File "/opt/airflow/dags/dag.py", line 23
    )as dag
          ^
SyntaxError: invalid syntax
[2026-08-14T05:35:40.420+0000] {processor.py:841} WARNING - No viable dags retrieved from /opt/airflow/dags/dag.py
[2026-08-14T05:35:40.437+0000] {processor.py:179} INFO - Processing /opt/airflow/dags/dag.py took 0.026 seconds
[2026-08-14T05:36:10.705+0000] {processor.py:157} INFO - Started process (PID=15469) to work on /opt/airflow/dags/dag.py
[2026-08-14T05:36:10.706+0000] {processor.py:829} INFO - Processing file /opt/airflow/dags/dag.py for tasks to queue
[2026-08-14T05:36:10.708+0000] {logging_mixin.py:151} INFO - [2026-08-14T05:36:10.708+0000] {dagbag.py:536} INFO - Filling up the DagBag from /opt/airflow/dags/dag.py
[2026-08-14T05:36:10.714+0000] {logging_mixin.py:151} INFO - [2026-08-14T05:36:10.713+0000] {dagbag.py:346} ERROR - Failed to import: /opt/airflow/dags/dag.py
Traceback (most recent call last):
  File "/home/airflow/.local/lib/python3.8/site-packages/airflow/models/dagbag.py", line 342, in parse
    loader.exec_module(new_module)
  File "<frozen importlib._bootstrap_external>", line 839, in exec_module
  File "<frozen importlib._bootstrap_external>", line 976, in get_code
  File "<frozen importlib._bootstrap_external>", line 906, in source_to_code
  File "<frozen importlib._bootstrap>", line 219, in _call_with_frames_removed
  File "/opt/airflow/dags/dag.py", line 23
    )as dag
          ^
SyntaxError: invalid syntax
[2026-08-14T05:36:10.714+0000] {processor.py:841} WARNING - No viable dags retrieved from /opt/airflow/dags/dag.py
[2026-08-14T05:36:10.731+0000] {processor.py:179} INFO - Processing /opt/airflow/dags/dag.py took 0.029 seconds
[2026-08-14T05:36:40.969+0000] {processor.py:157} INFO - Started process (PID=15477) to work on /opt/airflow/dags/dag.py
[2026-08-14T05:36:40.971+0000] {processor.py:829} INFO - Processing file /opt/airflow/dags/dag.py for tasks to queue
[2026-08-14T05:36:40.973+0000] {logging_mixin.py:151} INFO - [2026-08-14T05:36:40.973+0000] {dagbag.py:536} INFO - Filling up the DagBag from /opt/airflow/dags/dag.py
[2026-08-14T05:36:40.979+0000] {logging_mixin.py:151} INFO - [2026-08-14T05:36:40.979+0000] {dagbag.py:346} ERROR - Failed to import: /opt/airflow/dags/dag.py
Traceback (most recent call last):
  File "/home/airflow/.local/lib/python3.8/site-packages/airflow/models/dagbag.py", line 342, in parse
    loader.exec_module(new_module)
  File "<frozen importlib._bootstrap_external>", line 839, in exec_module
  File "<frozen importlib._bootstrap_external>", line 976, in get_code
  File "<frozen importlib._bootstrap_external>", line 906, in source_to_code
  File "<frozen importlib._bootstrap>", line 219, in _call_with_frames_removed
  File "/opt/airflow/dags/dag.py", line 23
    )as dag
          ^
SyntaxError: invalid syntax
[2026-08-14T05:36:40.983+0000] {processor.py:841} WARNING - No viable dags retrieved from /opt/airflow/dags/dag.py
[2026-08-14T05:36:40.995+0000] {processor.py:179} INFO - Processing /opt/airflow/dags/dag.py took 0.029 seconds
[2026-08-14T05:37:11.236+0000] {processor.py:157} INFO - Started process (PID=15485) to work on /opt/airflow/dags/dag.py
[2026-08-14T05:37:11.237+0000] {processor.py:829} INFO - Processing file /opt/airflow/dags/dag.py for tasks to queue
[2026-08-14T05:37:11.239+0000] {logging_mixin.py:151} INFO - [2026-08-14T05:37:11.239+0000] {dagbag.py:536} INFO - Filling up the DagBag from /opt/airflow/dags/dag.py
[2026-08-14T05:37:11.244+0000] {logging_mixin.py:151} INFO - [2026-08-14T05:37:11.244+0000] {dagbag.py:346} ERROR - Failed to import: /opt/airflow/dags/dag.py
Traceback (most recent call last):
  File "/home/airflow/.local/lib/python3.8/site-packages/airflow/models/dagbag.py", line 342, in parse
    loader.exec_module(new_module)
  File "<frozen importlib._bootstrap_external>", line 839, in exec_module
  File "<frozen importlib._bootstrap_external>", line 976, in get_code
  File "<frozen importlib._bootstrap_external>", line 906, in source_to_code
  File "<frozen importlib._bootstrap>", line 219, in _call_with_frames_removed
  File "/opt/airflow/dags/dag.py", line 23
    )as dag
          ^
SyntaxError: invalid syntax
[2026-08-14T05:37:11.245+0000] {processor.py:841} WARNING - No viable dags retrieved from /opt/airflow/dags/dag.py
[2026-08-14T05:37:11.266+0000] {processor.py:179} INFO - Processing /opt/airflow/dags/dag.py took 0.032 seconds
[2026-08-14T05:37:41.538+0000] {processor.py:157} INFO - Started process (PID=15493) to work on /opt/airflow/dags/dag.py
[2026-08-14T05:37:41.539+0000] {processor.py:829} INFO - Processing file /opt/airflow/dags/dag.py for tasks to queue
[2026-08-14T05:37:41.540+0000] {logging_mixin.py:151} INFO - [2026-08-14T05:37:41.540+0000] {dagbag.py:536} INFO - Filling up the DagBag from /opt/airflow/dags/dag.py
[2026-08-14T05:37:41.546+0000] {logging_mixin.py:151} INFO - [2026-08-14T05:37:41.546+0000] {dagbag.py:346} ERROR - Failed to import: /opt/airflow/dags/dag.py
Traceback (most recent call last):
  File "/home/airflow/.local/lib/python3.8/site-packages/airflow/models/dagbag.py", line 342, in parse
    loader.exec_module(new_module)
  File "<frozen importlib._bootstrap_external>", line 839, in exec_module
  File "<frozen importlib._bootstrap_external>", line 976, in get_code
  File "<frozen importlib._bootstrap_external>", line 906, in source_to_code
  File "<frozen importlib._bootstrap>", line 219, in _call_with_frames_removed
  File "/opt/airflow/dags/dag.py", line 23
    )as dag
          ^
SyntaxError: invalid syntax
[2026-08-14T05:37:41.546+0000] {processor.py:841} WARNING - No viable dags retrieved from /opt/airflow/dags/dag.py
[2026-08-14T05:37:41.565+0000] {processor.py:179} INFO - Processing /opt/airflow/dags/dag.py took 0.030 seconds
[2026-08-14T05:38:11.843+0000] {processor.py:157} INFO - Started process (PID=15501) to work on /opt/airflow/dags/dag.py
[2026-08-14T05:38:11.843+0000] {processor.py:829} INFO - Processing file /opt/airflow/dags/dag.py for tasks to queue
[2026-08-14T05:38:11.845+0000] {logging_mixin.py:151} INFO - [2026-08-14T05:38:11.844+0000] {dagbag.py:536} INFO - Filling up the DagBag from /opt/airflow/dags/dag.py
[2026-08-14T05:38:11.850+0000] {logging_mixin.py:151} INFO - [2026-08-14T05:38:11.849+0000] {dagbag.py:346} ERROR - Failed to import: /opt/airflow/dags/dag.py
Traceback (most recent call last):
  File "/home/airflow/.local/lib/python3.8/site-packages/airflow/models/dagbag.py", line 342, in parse
    loader.exec_module(new_module)
  File "<frozen importlib._bootstrap_external>", line 839, in exec_module
  File "<frozen importlib._bootstrap_external>", line 976, in get_code
  File "<frozen importlib._bootstrap_external>", line 906, in source_to_code
  File "<frozen importlib._bootstrap>", line 219, in _call_with_frames_removed
  File "/opt/airflow/dags/dag.py", line 23
    )as dag
          ^
SyntaxError: invalid syntax
[2026-08-14T05:38:11.851+0000] {processor.py:841} WARNING - No viable dags retrieved from /opt/airflow/dags/dag.py
[2026-08-14T05:38:11.870+0000] {processor.py:179} INFO - Processing /opt/airflow/dags/dag.py took 0.031 seconds
[2026-08-14T05:38:42.114+0000] {processor.py:157} INFO - Started process (PID=15509) to work on /opt/airflow/dags/dag.py
[2026-08-14T05:38:42.115+0000] {processor.py:829} INFO - Processing file /opt/airflow/dags/dag.py for tasks to queue
[2026-08-14T05:38:42.119+0000] {logging_mixin.py:151} INFO - [2026-08-14T05:38:42.119+0000] {dagbag.py:536} INFO - Filling up the DagBag from /opt/airflow/dags/dag.py
[2026-08-14T05:38:42.122+0000] {logging_mixin.py:151} INFO - [2026-08-14T05:38:42.121+0000] {dagbag.py:346} ERROR - Failed to import: /opt/airflow/dags/dag.py
Traceback (most recent call last):
  File "/home/airflow/.local/lib/python3.8/site-packages/airflow/models/dagbag.py", line 342, in parse
    loader.exec_module(new_module)
  File "<frozen importlib._bootstrap_external>", line 839, in exec_module
  File "<frozen importlib._bootstrap_external>", line 976, in get_code
  File "<frozen importlib._bootstrap_external>", line 906, in source_to_code
  File "<frozen importlib._bootstrap>", line 219, in _call_with_frames_removed
  File "/opt/airflow/dags/dag.py", line 23
    )as dag
          ^
SyntaxError: invalid syntax
[2026-08-14T05:38:42.125+0000] {processor.py:841} WARNING - No viable dags retrieved from /opt/airflow/dags/dag.py
[2026-08-14T05:38:42.138+0000] {processor.py:179} INFO - Processing /opt/airflow/dags/dag.py took 0.026 seconds
[2026-08-14T05:39:12.400+0000] {processor.py:157} INFO - Started process (PID=15517) to work on /opt/airflow/dags/dag.py
[2026-08-14T05:39:12.401+0000] {processor.py:829} INFO - Processing file /opt/airflow/dags/dag.py for tasks to queue
[2026-08-14T05:39:12.403+0000] {logging_mixin.py:151} INFO - [2026-08-14T05:39:12.403+0000] {dagbag.py:536} INFO - Filling up the DagBag from /opt/airflow/dags/dag.py
[2026-08-14T05:39:12.409+0000] {logging_mixin.py:151} INFO - [2026-08-14T05:39:12.408+0000] {dagbag.py:346} ERROR - Failed to import: /opt/airflow/dags/dag.py
Traceback (most recent call last):
  File "/home/airflow/.local/lib/python3.8/site-packages/airflow/models/dagbag.py", line 342, in parse
    loader.exec_module(new_module)
  File "<frozen importlib._bootstrap_external>", line 839, in exec_module
  File "<frozen importlib._bootstrap_external>", line 976, in get_code
  File "<frozen importlib._bootstrap_external>", line 906, in source_to_code
  File "<frozen importlib._bootstrap>", line 219, in _call_with_frames_removed
  File "/opt/airflow/dags/dag.py", line 23
    )as dag
          ^
SyntaxError: invalid syntax
[2026-08-14T05:39:12.409+0000] {processor.py:841} WARNING - No viable dags retrieved from /opt/airflow/dags/dag.py
[2026-08-14T05:39:12.425+0000] {processor.py:179} INFO - Processing /opt/airflow/dags/dag.py took 0.027 seconds
[2026-08-14T05:39:42.689+0000] {processor.py:157} INFO - Started process (PID=15525) to work on /opt/airflow/dags/dag.py
[2026-08-14T05:39:42.689+0000] {processor.py:829} INFO - Processing file /opt/airflow/dags/dag.py for tasks to queue
[2026-08-14T05:39:42.691+0000] {logging_mixin.py:151} INFO - [2026-08-14T05:39:42.691+0000] {dagbag.py:536} INFO - Filling up the DagBag from /opt/airflow/dags/dag.py
[2026-08-14T05:39:42.696+0000] {logging_mixin.py:151} INFO - [2026-08-14T05:39:42.696+0000] {dagbag.py:346} ERROR - Failed to import: /opt/airflow/dags/dag.py
Traceback (most recent call last):
  File "/home/airflow/.local/lib/python3.8/site-packages/airflow/models/dagbag.py", line 342, in parse
    loader.exec_module(new_module)
  File "<frozen importlib._bootstrap_external>", line 839, in exec_module
  File "<frozen importlib._bootstrap_external>", line 976, in get_code
  File "<frozen importlib._bootstrap_external>", line 906, in source_to_code
  File "<frozen importlib._bootstrap>", line 219, in _call_with_frames_removed
  File "/opt/airflow/dags/dag.py", line 23
    )as dag
          ^
SyntaxError: invalid syntax
[2026-08-14T05:39:42.697+0000] {processor.py:841} WARNING - No viable dags retrieved from /opt/airflow/dags/dag.py
[2026-08-14T05:39:42.708+0000] {processor.py:179} INFO - Processing /opt/airflow/dags/dag.py took 0.021 seconds
[2026-08-14T05:40:12.990+0000] {processor.py:157} INFO - Started process (PID=15533) to work on /opt/airflow/dags/dag.py
[2026-08-14T05:40:12.991+0000] {processor.py:829} INFO - Processing file /opt/airflow/dags/dag.py for tasks to queue
[2026-08-14T05:40:12.995+0000] {logging_mixin.py:151} INFO - [2026-08-14T05:40:12.995+0000] {dagbag.py:536} INFO - Filling up the DagBag from /opt/airflow/dags/dag.py
[2026-08-14T05:40:12.998+0000] {logging_mixin.py:151} INFO - [2026-08-14T05:40:12.997+0000] {dagbag.py:346} ERROR - Failed to import: /opt/airflow/dags/dag.py
Traceback (most recent call last):
  File "/home/airflow/.local/lib/python3.8/site-packages/airflow/models/dagbag.py", line 342, in parse
    loader.exec_module(new_module)
  File "<frozen importlib._bootstrap_external>", line 839, in exec_module
  File "<frozen importlib._bootstrap_external>", line 976, in get_code
  File "<frozen importlib._bootstrap_external>", line 906, in source_to_code
  File "<frozen importlib._bootstrap>", line 219, in _call_with_frames_removed
  File "/opt/airflow/dags/dag.py", line 23
    )as dag
          ^
SyntaxError: invalid syntax
[2026-08-14T05:40:13.000+0000] {processor.py:841} WARNING - No viable dags retrieved from /opt/airflow/dags/dag.py
[2026-08-14T05:40:13.014+0000] {processor.py:179} INFO - Processing /opt/airflow/dags/dag.py took 0.027 seconds
[2026-08-14T05:40:43.326+0000] {processor.py:157} INFO - Started process (PID=15541) to work on /opt/airflow/dags/dag.py
[2026-08-14T05:40:43.327+0000] {processor.py:829} INFO - Processing file /opt/airflow/dags/dag.py for tasks to queue
[2026-08-14T05:40:43.332+0000] {logging_mixin.py:151} INFO - [2026-08-14T05:40:43.332+0000] {dagbag.py:536} INFO - Filling up the DagBag from /opt/airflow/dags/dag.py
[2026-08-14T05:40:43.338+0000] {logging_mixin.py:151} INFO - [2026-08-14T05:40:43.337+0000] {dagbag.py:346} ERROR - Failed to import: /opt/airflow/dags/dag.py
Traceback (most recent call last):
  File "/home/airflow/.local/lib/python3.8/site-packages/airflow/models/dagbag.py", line 342, in parse
    loader.exec_module(new_module)
  File "<frozen importlib._bootstrap_external>", line 839, in exec_module
  File "<frozen importlib._bootstrap_external>", line 976, in get_code
  File "<frozen importlib._bootstrap_external>", line 906, in source_to_code
  File "<frozen importlib._bootstrap>", line 219, in _call_with_frames_removed
  File "/opt/airflow/dags/dag.py", line 23
    )as dag
          ^
SyntaxError: invalid syntax
[2026-08-14T05:40:43.338+0000] {processor.py:841} WARNING - No viable dags retrieved from /opt/airflow/dags/dag.py
[2026-08-14T05:40:43.355+0000] {processor.py:179} INFO - Processing /opt/airflow/dags/dag.py took 0.032 seconds
[2026-08-14T05:41:13.597+0000] {processor.py:157} INFO - Started process (PID=15549) to work on /opt/airflow/dags/dag.py
[2026-08-14T05:41:13.598+0000] {processor.py:829} INFO - Processing file /opt/airflow/dags/dag.py for tasks to queue
[2026-08-14T05:41:13.600+0000] {logging_mixin.py:151} INFO - [2026-08-14T05:41:13.600+0000] {dagbag.py:536} INFO - Filling up the DagBag from /opt/airflow/dags/dag.py
[2026-08-14T05:41:13.606+0000] {logging_mixin.py:151} INFO - [2026-08-14T05:41:13.605+0000] {dagbag.py:346} ERROR - Failed to import: /opt/airflow/dags/dag.py
Traceback (most recent call last):
  File "/home/airflow/.local/lib/python3.8/site-packages/airflow/models/dagbag.py", line 342, in parse
    loader.exec_module(new_module)
  File "<frozen importlib._bootstrap_external>", line 839, in exec_module
  File "<frozen importlib._bootstrap_external>", line 976, in get_code
  File "<frozen importlib._bootstrap_external>", line 906, in source_to_code
  File "<frozen importlib._bootstrap>", line 219, in _call_with_frames_removed
  File "/opt/airflow/dags/dag.py", line 23
    )as dag
          ^
SyntaxError: invalid syntax
[2026-08-14T05:41:13.606+0000] {processor.py:841} WARNING - No viable dags retrieved from /opt/airflow/dags/dag.py
[2026-08-14T05:41:13.619+0000] {processor.py:179} INFO - Processing /opt/airflow/dags/dag.py took 0.025 seconds
[2026-08-14T05:41:43.902+0000] {processor.py:157} INFO - Started process (PID=15557) to work on /opt/airflow/dags/dag.py
[2026-08-14T05:41:43.903+0000] {processor.py:829} INFO - Processing file /opt/airflow/dags/dag.py for tasks to queue
[2026-08-14T05:41:43.905+0000] {logging_mixin.py:151} INFO - [2026-08-14T05:41:43.905+0000] {dagbag.py:536} INFO - Filling up the DagBag from /opt/airflow/dags/dag.py
[2026-08-14T05:41:43.914+0000] {logging_mixin.py:151} INFO - [2026-08-14T05:41:43.913+0000] {dagbag.py:346} ERROR - Failed to import: /opt/airflow/dags/dag.py
Traceback (most recent call last):
  File "/home/airflow/.local/lib/python3.8/site-packages/airflow/models/dagbag.py", line 342, in parse
    loader.exec_module(new_module)
  File "<frozen importlib._bootstrap_external>", line 839, in exec_module
  File "<frozen importlib._bootstrap_external>", line 976, in get_code
  File "<frozen importlib._bootstrap_external>", line 906, in source_to_code
  File "<frozen importlib._bootstrap>", line 219, in _call_with_frames_removed
  File "/opt/airflow/dags/dag.py", line 23
    )as dag
          ^
SyntaxError: invalid syntax
[2026-08-14T05:41:43.914+0000] {processor.py:841} WARNING - No viable dags retrieved from /opt/airflow/dags/dag.py
[2026-08-14T05:41:43.929+0000] {processor.py:179} INFO - Processing /opt/airflow/dags/dag.py took 0.029 seconds
[2026-08-14T05:42:14.207+0000] {processor.py:157} INFO - Started process (PID=15565) to work on /opt/airflow/dags/dag.py
[2026-08-14T05:42:14.208+0000] {processor.py:829} INFO - Processing file /opt/airflow/dags/dag.py for tasks to queue
[2026-08-14T05:42:14.210+0000] {logging_mixin.py:151} INFO - [2026-08-14T05:42:14.210+0000] {dagbag.py:536} INFO - Filling up the DagBag from /opt/airflow/dags/dag.py
[2026-08-14T05:42:14.216+0000] {logging_mixin.py:151} INFO - [2026-08-14T05:42:14.216+0000] {dagbag.py:346} ERROR - Failed to import: /opt/airflow/dags/dag.py
Traceback (most recent call last):
  File "/home/airflow/.local/lib/python3.8/site-packages/airflow/models/dagbag.py", line 342, in parse
    loader.exec_module(new_module)
  File "<frozen importlib._bootstrap_external>", line 839, in exec_module
  File "<frozen importlib._bootstrap_external>", line 976, in get_code
  File "<frozen importlib._bootstrap_external>", line 906, in source_to_code
  File "<frozen importlib._bootstrap>", line 219, in _call_with_frames_removed
  File "/opt/airflow/dags/dag.py", line 23
    )as dag
          ^
SyntaxError: invalid syntax
[2026-08-14T05:42:14.217+0000] {processor.py:841} WARNING - No viable dags retrieved from /opt/airflow/dags/dag.py
[2026-08-14T05:42:14.230+0000] {processor.py:179} INFO - Processing /opt/airflow/dags/dag.py took 0.024 seconds
[2026-08-14T05:42:44.504+0000] {processor.py:157} INFO - Started process (PID=15573) to work on /opt/airflow/dags/dag.py
[2026-08-14T05:42:44.504+0000] {processor.py:829} INFO - Processing file /opt/airflow/dags/dag.py for tasks to queue
[2026-08-14T05:42:44.507+0000] {logging_mixin.py:151} INFO - [2026-08-14T05:42:44.507+0000] {dagbag.py:536} INFO - Filling up the DagBag from /opt/airflow/dags/dag.py
[2026-08-14T05:42:44.511+0000] {logging_mixin.py:151} INFO - [2026-08-14T05:42:44.511+0000] {dagbag.py:346} ERROR - Failed to import: /opt/airflow/dags/dag.py
Traceback (most recent call last):
  File "/home/airflow/.local/lib/python3.8/site-packages/airflow/models/dagbag.py", line 342, in parse
    loader.exec_module(new_module)
  File "<frozen importlib._bootstrap_external>", line 839, in exec_module
  File "<frozen importlib._bootstrap_external>", line 976, in get_code
  File "<frozen importlib._bootstrap_external>", line 906, in source_to_code
  File "<frozen importlib._bootstrap>", line 219, in _call_with_frames_removed
  File "/opt/airflow/dags/dag.py", line 23
    )as dag
          ^
SyntaxError: invalid syntax
[2026-08-14T05:42:44.513+0000] {processor.py:841} WARNING - No viable dags retrieved from /opt/airflow/dags/dag.py
[2026-08-14T05:42:44.526+0000] {processor.py:179} INFO - Processing /opt/airflow/dags/dag.py took 0.024 seconds
[2026-08-14T05:43:14.799+0000] {processor.py:157} INFO - Started process (PID=15580) to work on /opt/airflow/dags/dag.py
[2026-08-14T05:43:14.800+0000] {processor.py:829} INFO - Processing file /opt/airflow/dags/dag.py for tasks to queue
[2026-08-14T05:43:14.802+0000] {logging_mixin.py:151} INFO - [2026-08-14T05:43:14.801+0000] {dagbag.py:536} INFO - Filling up the DagBag from /opt/airflow/dags/dag.py
[2026-08-14T05:43:14.808+0000] {logging_mixin.py:151} INFO - [2026-08-14T05:43:14.807+0000] {dagbag.py:346} ERROR - Failed to import: /opt/airflow/dags/dag.py
Traceback (most recent call last):
  File "/home/airflow/.local/lib/python3.8/site-packages/airflow/models/dagbag.py", line 342, in parse
    loader.exec_module(new_module)
  File "<frozen importlib._bootstrap_external>", line 839, in exec_module
  File "<frozen importlib._bootstrap_external>", line 976, in get_code
  File "<frozen importlib._bootstrap_external>", line 906, in source_to_code
  File "<frozen importlib._bootstrap>", line 219, in _call_with_frames_removed
  File "/opt/airflow/dags/dag.py", line 23
    )as dag
          ^
SyntaxError: invalid syntax
[2026-08-14T05:43:14.809+0000] {processor.py:841} WARNING - No viable dags retrieved from /opt/airflow/dags/dag.py
[2026-08-14T05:43:14.824+0000] {processor.py:179} INFO - Processing /opt/airflow/dags/dag.py took 0.028 seconds
[2026-08-14T05:43:45.074+0000] {processor.py:157} INFO - Started process (PID=15588) to work on /opt/airflow/dags/dag.py
[2026-08-14T05:43:45.074+0000] {processor.py:829} INFO - Processing file /opt/airflow/dags/dag.py for tasks to queue
[2026-08-14T05:43:45.079+0000] {logging_mixin.py:151} INFO - [2026-08-14T05:43:45.079+0000] {dagbag.py:536} INFO - Filling up the DagBag from /opt/airflow/dags/dag.py
[2026-08-14T05:43:45.082+0000] {logging_mixin.py:151} INFO - [2026-08-14T05:43:45.082+0000] {dagbag.py:346} ERROR - Failed to import: /opt/airflow/dags/dag.py
Traceback (most recent call last):
  File "/home/airflow/.local/lib/python3.8/site-packages/airflow/models/dagbag.py", line 342, in parse
    loader.exec_module(new_module)
  File "<frozen importlib._bootstrap_external>", line 839, in exec_module
  File "<frozen importlib._bootstrap_external>", line 976, in get_code
  File "<frozen importlib._bootstrap_external>", line 906, in source_to_code
  File "<frozen importlib._bootstrap>", line 219, in _call_with_frames_removed
  File "/opt/airflow/dags/dag.py", line 23
    )as dag
          ^
SyntaxError: invalid syntax
[2026-08-14T05:43:45.082+0000] {processor.py:841} WARNING - No viable dags retrieved from /opt/airflow/dags/dag.py
[2026-08-14T05:43:45.099+0000] {processor.py:179} INFO - Processing /opt/airflow/dags/dag.py took 0.027 seconds
[2026-08-14T05:44:15.366+0000] {processor.py:157} INFO - Started process (PID=15596) to work on /opt/airflow/dags/dag.py
[2026-08-14T05:44:15.366+0000] {processor.py:829} INFO - Processing file /opt/airflow/dags/dag.py for tasks to queue
[2026-08-14T05:44:15.371+0000] {logging_mixin.py:151} INFO - [2026-08-14T05:44:15.371+0000] {dagbag.py:536} INFO - Filling up the DagBag from /opt/airflow/dags/dag.py
[2026-08-14T05:44:15.373+0000] {logging_mixin.py:151} INFO - [2026-08-14T05:44:15.373+0000] {dagbag.py:346} ERROR - Failed to import: /opt/airflow/dags/dag.py
Traceback (most recent call last):
  File "/home/airflow/.local/lib/python3.8/site-packages/airflow/models/dagbag.py", line 342, in parse
    loader.exec_module(new_module)
  File "<frozen importlib._bootstrap_external>", line 839, in exec_module
  File "<frozen importlib._bootstrap_external>", line 976, in get_code
  File "<frozen importlib._bootstrap_external>", line 906, in source_to_code
  File "<frozen importlib._bootstrap>", line 219, in _call_with_frames_removed
  File "/opt/airflow/dags/dag.py", line 23
    )as dag
          ^
SyntaxError: invalid syntax
[2026-08-14T05:44:15.374+0000] {processor.py:841} WARNING - No viable dags retrieved from /opt/airflow/dags/dag.py
[2026-08-14T05:44:15.391+0000] {processor.py:179} INFO - Processing /opt/airflow/dags/dag.py took 0.027 seconds
[2026-08-14T05:44:45.685+0000] {processor.py:157} INFO - Started process (PID=15604) to work on /opt/airflow/dags/dag.py
[2026-08-14T05:44:45.686+0000] {processor.py:829} INFO - Processing file /opt/airflow/dags/dag.py for tasks to queue
[2026-08-14T05:44:45.692+0000] {logging_mixin.py:151} INFO - [2026-08-14T05:44:45.692+0000] {dagbag.py:536} INFO - Filling up the DagBag from /opt/airflow/dags/dag.py
[2026-08-14T05:44:45.698+0000] {logging_mixin.py:151} INFO - [2026-08-14T05:44:45.698+0000] {dagbag.py:346} ERROR - Failed to import: /opt/airflow/dags/dag.py
Traceback (most recent call last):
  File "/home/airflow/.local/lib/python3.8/site-packages/airflow/models/dagbag.py", line 342, in parse
    loader.exec_module(new_module)
  File "<frozen importlib._bootstrap_external>", line 839, in exec_module
  File "<frozen importlib._bootstrap_external>", line 976, in get_code
  File "<frozen importlib._bootstrap_external>", line 906, in source_to_code
  File "<frozen importlib._bootstrap>", line 219, in _call_with_frames_removed
  File "/opt/airflow/dags/dag.py", line 23
    )as dag
          ^
SyntaxError: invalid syntax
[2026-08-14T05:44:45.698+0000] {processor.py:841} WARNING - No viable dags retrieved from /opt/airflow/dags/dag.py
[2026-08-14T05:44:45.714+0000] {processor.py:179} INFO - Processing /opt/airflow/dags/dag.py took 0.032 seconds
[2026-08-14T05:45:15.970+0000] {processor.py:157} INFO - Started process (PID=15612) to work on /opt/airflow/dags/dag.py
[2026-08-14T05:45:15.970+0000] {processor.py:829} INFO - Processing file /opt/airflow/dags/dag.py for tasks to queue
[2026-08-14T05:45:15.974+0000] {logging_mixin.py:151} INFO - [2026-08-14T05:45:15.974+0000] {dagbag.py:536} INFO - Filling up the DagBag from /opt/airflow/dags/dag.py
[2026-08-14T05:45:15.980+0000] {logging_mixin.py:151} INFO - [2026-08-14T05:45:15.980+0000] {dagbag.py:346} ERROR - Failed to import: /opt/airflow/dags/dag.py
Traceback (most recent call last):
  File "/home/airflow/.local/lib/python3.8/site-packages/airflow/models/dagbag.py", line 342, in parse
    loader.exec_module(new_module)
  File "<frozen importlib._bootstrap_external>", line 839, in exec_module
  File "<frozen importlib._bootstrap_external>", line 976, in get_code
  File "<frozen importlib._bootstrap_external>", line 906, in source_to_code
  File "<frozen importlib._bootstrap>", line 219, in _call_with_frames_removed
  File "/opt/airflow/dags/dag.py", line 23
    )as dag
          ^
SyntaxError: invalid syntax
[2026-08-14T05:45:15.980+0000] {processor.py:841} WARNING - No viable dags retrieved from /opt/airflow/dags/dag.py
[2026-08-14T05:45:15.994+0000] {processor.py:179} INFO - Processing /opt/airflow/dags/dag.py took 0.027 seconds
[2026-08-14T05:45:46.251+0000] {processor.py:157} INFO - Started process (PID=15620) to work on /opt/airflow/dags/dag.py
[2026-08-14T05:45:46.252+0000] {processor.py:829} INFO - Processing file /opt/airflow/dags/dag.py for tasks to queue
[2026-08-14T05:45:46.255+0000] {logging_mixin.py:151} INFO - [2026-08-14T05:45:46.255+0000] {dagbag.py:536} INFO - Filling up the DagBag from /opt/airflow/dags/dag.py
[2026-08-14T05:45:46.263+0000] {logging_mixin.py:151} INFO - [2026-08-14T05:45:46.262+0000] {dagbag.py:346} ERROR - Failed to import: /opt/airflow/dags/dag.py
Traceback (most recent call last):
  File "/home/airflow/.local/lib/python3.8/site-packages/airflow/models/dagbag.py", line 342, in parse
    loader.exec_module(new_module)
  File "<frozen importlib._bootstrap_external>", line 839, in exec_module
  File "<frozen importlib._bootstrap_external>", line 976, in get_code
  File "<frozen importlib._bootstrap_external>", line 906, in source_to_code
  File "<frozen importlib._bootstrap>", line 219, in _call_with_frames_removed
  File "/opt/airflow/dags/dag.py", line 23
    )as dag
          ^
SyntaxError: invalid syntax
[2026-08-14T05:45:46.263+0000] {processor.py:841} WARNING - No viable dags retrieved from /opt/airflow/dags/dag.py
[2026-08-14T05:45:46.284+0000] {processor.py:179} INFO - Processing /opt/airflow/dags/dag.py took 0.036 seconds
[2026-08-14T05:46:16.543+0000] {processor.py:157} INFO - Started process (PID=15628) to work on /opt/airflow/dags/dag.py
[2026-08-14T05:46:16.545+0000] {processor.py:829} INFO - Processing file /opt/airflow/dags/dag.py for tasks to queue
[2026-08-14T05:46:16.547+0000] {logging_mixin.py:151} INFO - [2026-08-14T05:46:16.547+0000] {dagbag.py:536} INFO - Filling up the DagBag from /opt/airflow/dags/dag.py
[2026-08-14T05:46:16.552+0000] {logging_mixin.py:151} INFO - [2026-08-14T05:46:16.552+0000] {dagbag.py:346} ERROR - Failed to import: /opt/airflow/dags/dag.py
Traceback (most recent call last):
  File "/home/airflow/.local/lib/python3.8/site-packages/airflow/models/dagbag.py", line 342, in parse
    loader.exec_module(new_module)
  File "<frozen importlib._bootstrap_external>", line 839, in exec_module
  File "<frozen importlib._bootstrap_external>", line 976, in get_code
  File "<frozen importlib._bootstrap_external>", line 906, in source_to_code
  File "<frozen importlib._bootstrap>", line 219, in _call_with_frames_removed
  File "/opt/airflow/dags/dag.py", line 23
    )as dag
          ^
SyntaxError: invalid syntax
[2026-08-14T05:46:16.553+0000] {processor.py:841} WARNING - No viable dags retrieved from /opt/airflow/dags/dag.py
[2026-08-14T05:46:16.569+0000] {processor.py:179} INFO - Processing /opt/airflow/dags/dag.py took 0.029 seconds
[2026-08-14T05:46:46.855+0000] {processor.py:157} INFO - Started process (PID=15636) to work on /opt/airflow/dags/dag.py
[2026-08-14T05:46:46.859+0000] {processor.py:829} INFO - Processing file /opt/airflow/dags/dag.py for tasks to queue
[2026-08-14T05:46:46.861+0000] {logging_mixin.py:151} INFO - [2026-08-14T05:46:46.861+0000] {dagbag.py:536} INFO - Filling up the DagBag from /opt/airflow/dags/dag.py
[2026-08-14T05:46:46.864+0000] {logging_mixin.py:151} INFO - [2026-08-14T05:46:46.863+0000] {dagbag.py:346} ERROR - Failed to import: /opt/airflow/dags/dag.py
Traceback (most recent call last):
  File "/home/airflow/.local/lib/python3.8/site-packages/airflow/models/dagbag.py", line 342, in parse
    loader.exec_module(new_module)
  File "<frozen importlib._bootstrap_external>", line 839, in exec_module
  File "<frozen importlib._bootstrap_external>", line 976, in get_code
  File "<frozen importlib._bootstrap_external>", line 906, in source_to_code
  File "<frozen importlib._bootstrap>", line 219, in _call_with_frames_removed
  File "/opt/airflow/dags/dag.py", line 23
    )as dag
          ^
SyntaxError: invalid syntax
[2026-08-14T05:46:46.864+0000] {processor.py:841} WARNING - No viable dags retrieved from /opt/airflow/dags/dag.py
[2026-08-14T05:46:46.877+0000] {processor.py:179} INFO - Processing /opt/airflow/dags/dag.py took 0.025 seconds
[2026-08-14T05:47:17.173+0000] {processor.py:157} INFO - Started process (PID=15644) to work on /opt/airflow/dags/dag.py
[2026-08-14T05:47:17.173+0000] {processor.py:829} INFO - Processing file /opt/airflow/dags/dag.py for tasks to queue
[2026-08-14T05:47:17.177+0000] {logging_mixin.py:151} INFO - [2026-08-14T05:47:17.176+0000] {dagbag.py:536} INFO - Filling up the DagBag from /opt/airflow/dags/dag.py
[2026-08-14T05:47:17.178+0000] {logging_mixin.py:151} INFO - [2026-08-14T05:47:17.178+0000] {dagbag.py:346} ERROR - Failed to import: /opt/airflow/dags/dag.py
Traceback (most recent call last):
  File "/home/airflow/.local/lib/python3.8/site-packages/airflow/models/dagbag.py", line 342, in parse
    loader.exec_module(new_module)
  File "<frozen importlib._bootstrap_external>", line 839, in exec_module
  File "<frozen importlib._bootstrap_external>", line 976, in get_code
  File "<frozen importlib._bootstrap_external>", line 906, in source_to_code
  File "<frozen importlib._bootstrap>", line 219, in _call_with_frames_removed
  File "/opt/airflow/dags/dag.py", line 23
    )as dag
          ^
SyntaxError: invalid syntax
[2026-08-14T05:47:17.178+0000] {processor.py:841} WARNING - No viable dags retrieved from /opt/airflow/dags/dag.py
[2026-08-14T05:47:17.194+0000] {processor.py:179} INFO - Processing /opt/airflow/dags/dag.py took 0.024 seconds
[2026-08-14T05:47:47.470+0000] {processor.py:157} INFO - Started process (PID=15652) to work on /opt/airflow/dags/dag.py
[2026-08-14T05:47:47.472+0000] {processor.py:829} INFO - Processing file /opt/airflow/dags/dag.py for tasks to queue
[2026-08-14T05:47:47.474+0000] {logging_mixin.py:151} INFO - [2026-08-14T05:47:47.474+0000] {dagbag.py:536} INFO - Filling up the DagBag from /opt/airflow/dags/dag.py
[2026-08-14T05:47:47.481+0000] {logging_mixin.py:151} INFO - [2026-08-14T05:47:47.480+0000] {dagbag.py:346} ERROR - Failed to import: /opt/airflow/dags/dag.py
Traceback (most recent call last):
  File "/home/airflow/.local/lib/python3.8/site-packages/airflow/models/dagbag.py", line 342, in parse
    loader.exec_module(new_module)
  File "<frozen importlib._bootstrap_external>", line 839, in exec_module
  File "<frozen importlib._bootstrap_external>", line 976, in get_code
  File "<frozen importlib._bootstrap_external>", line 906, in source_to_code
  File "<frozen importlib._bootstrap>", line 219, in _call_with_frames_removed
  File "/opt/airflow/dags/dag.py", line 23
    )as dag
          ^
SyntaxError: invalid syntax
[2026-08-14T05:47:47.482+0000] {processor.py:841} WARNING - No viable dags retrieved from /opt/airflow/dags/dag.py
[2026-08-14T05:47:47.500+0000] {processor.py:179} INFO - Processing /opt/airflow/dags/dag.py took 0.032 seconds
[2026-08-14T05:48:17.768+0000] {processor.py:157} INFO - Started process (PID=15660) to work on /opt/airflow/dags/dag.py
[2026-08-14T05:48:17.770+0000] {processor.py:829} INFO - Processing file /opt/airflow/dags/dag.py for tasks to queue
[2026-08-14T05:48:17.775+0000] {logging_mixin.py:151} INFO - [2026-08-14T05:48:17.775+0000] {dagbag.py:536} INFO - Filling up the DagBag from /opt/airflow/dags/dag.py
[2026-08-14T05:48:17.778+0000] {logging_mixin.py:151} INFO - [2026-08-14T05:48:17.777+0000] {dagbag.py:346} ERROR - Failed to import: /opt/airflow/dags/dag.py
Traceback (most recent call last):
  File "/home/airflow/.local/lib/python3.8/site-packages/airflow/models/dagbag.py", line 342, in parse
    loader.exec_module(new_module)
  File "<frozen importlib._bootstrap_external>", line 839, in exec_module
  File "<frozen importlib._bootstrap_external>", line 976, in get_code
  File "<frozen importlib._bootstrap_external>", line 906, in source_to_code
  File "<frozen importlib._bootstrap>", line 219, in _call_with_frames_removed
  File "/opt/airflow/dags/dag.py", line 23
    )as dag
          ^
SyntaxError: invalid syntax
[2026-08-14T05:48:17.778+0000] {processor.py:841} WARNING - No viable dags retrieved from /opt/airflow/dags/dag.py
[2026-08-14T05:48:17.791+0000] {processor.py:179} INFO - Processing /opt/airflow/dags/dag.py took 0.026 seconds
[2026-08-14T05:48:48.081+0000] {processor.py:157} INFO - Started process (PID=15668) to work on /opt/airflow/dags/dag.py
[2026-08-14T05:48:48.082+0000] {processor.py:829} INFO - Processing file /opt/airflow/dags/dag.py for tasks to queue
[2026-08-14T05:48:48.084+0000] {logging_mixin.py:151} INFO - [2026-08-14T05:48:48.084+0000] {dagbag.py:536} INFO - Filling up the DagBag from /opt/airflow/dags/dag.py
[2026-08-14T05:48:48.088+0000] {logging_mixin.py:151} INFO - [2026-08-14T05:48:48.088+0000] {dagbag.py:346} ERROR - Failed to import: /opt/airflow/dags/dag.py
Traceback (most recent call last):
  File "/home/airflow/.local/lib/python3.8/site-packages/airflow/models/dagbag.py", line 342, in parse
    loader.exec_module(new_module)
  File "<frozen importlib._bootstrap_external>", line 839, in exec_module
  File "<frozen importlib._bootstrap_external>", line 976, in get_code
  File "<frozen importlib._bootstrap_external>", line 906, in source_to_code
  File "<frozen importlib._bootstrap>", line 219, in _call_with_frames_removed
  File "/opt/airflow/dags/dag.py", line 23
    )as dag
          ^
SyntaxError: invalid syntax
[2026-08-14T05:48:48.088+0000] {processor.py:841} WARNING - No viable dags retrieved from /opt/airflow/dags/dag.py
[2026-08-14T05:48:48.102+0000] {processor.py:179} INFO - Processing /opt/airflow/dags/dag.py took 0.023 seconds
[2026-08-14T05:49:18.382+0000] {processor.py:157} INFO - Started process (PID=15676) to work on /opt/airflow/dags/dag.py
[2026-08-14T05:49:18.383+0000] {processor.py:829} INFO - Processing file /opt/airflow/dags/dag.py for tasks to queue
[2026-08-14T05:49:18.386+0000] {logging_mixin.py:151} INFO - [2026-08-14T05:49:18.386+0000] {dagbag.py:536} INFO - Filling up the DagBag from /opt/airflow/dags/dag.py
[2026-08-14T05:49:18.392+0000] {logging_mixin.py:151} INFO - [2026-08-14T05:49:18.392+0000] {dagbag.py:346} ERROR - Failed to import: /opt/airflow/dags/dag.py
Traceback (most recent call last):
  File "/home/airflow/.local/lib/python3.8/site-packages/airflow/models/dagbag.py", line 342, in parse
    loader.exec_module(new_module)
  File "<frozen importlib._bootstrap_external>", line 839, in exec_module
  File "<frozen importlib._bootstrap_external>", line 976, in get_code
  File "<frozen importlib._bootstrap_external>", line 906, in source_to_code
  File "<frozen importlib._bootstrap>", line 219, in _call_with_frames_removed
  File "/opt/airflow/dags/dag.py", line 23
    )as dag
          ^
SyntaxError: invalid syntax
[2026-08-14T05:49:18.393+0000] {processor.py:841} WARNING - No viable dags retrieved from /opt/airflow/dags/dag.py
[2026-08-14T05:49:18.411+0000] {processor.py:179} INFO - Processing /opt/airflow/dags/dag.py took 0.032 seconds
[2026-08-14T05:49:48.623+0000] {processor.py:157} INFO - Started process (PID=15684) to work on /opt/airflow/dags/dag.py
[2026-08-14T05:49:48.623+0000] {processor.py:829} INFO - Processing file /opt/airflow/dags/dag.py for tasks to queue
[2026-08-14T05:49:48.626+0000] {logging_mixin.py:151} INFO - [2026-08-14T05:49:48.625+0000] {dagbag.py:536} INFO - Filling up the DagBag from /opt/airflow/dags/dag.py
[2026-08-14T05:49:48.633+0000] {logging_mixin.py:151} INFO - [2026-08-14T05:49:48.632+0000] {dagbag.py:346} ERROR - Failed to import: /opt/airflow/dags/dag.py
Traceback (most recent call last):
  File "/home/airflow/.local/lib/python3.8/site-packages/airflow/models/dagbag.py", line 342, in parse
    loader.exec_module(new_module)
  File "<frozen importlib._bootstrap_external>", line 839, in exec_module
  File "<frozen importlib._bootstrap_external>", line 976, in get_code
  File "<frozen importlib._bootstrap_external>", line 906, in source_to_code
  File "<frozen importlib._bootstrap>", line 219, in _call_with_frames_removed
  File "/opt/airflow/dags/dag.py", line 23
    )as dag
          ^
SyntaxError: invalid syntax
[2026-08-14T05:49:48.635+0000] {processor.py:841} WARNING - No viable dags retrieved from /opt/airflow/dags/dag.py
[2026-08-14T05:49:48.651+0000] {processor.py:179} INFO - Processing /opt/airflow/dags/dag.py took 0.031 seconds
[2026-08-14T05:50:18.889+0000] {processor.py:157} INFO - Started process (PID=15692) to work on /opt/airflow/dags/dag.py
[2026-08-14T05:50:18.890+0000] {processor.py:829} INFO - Processing file /opt/airflow/dags/dag.py for tasks to queue
[2026-08-14T05:50:18.896+0000] {logging_mixin.py:151} INFO - [2026-08-14T05:50:18.896+0000] {dagbag.py:536} INFO - Filling up the DagBag from /opt/airflow/dags/dag.py
[2026-08-14T05:50:18.899+0000] {logging_mixin.py:151} INFO - [2026-08-14T05:50:18.898+0000] {dagbag.py:346} ERROR - Failed to import: /opt/airflow/dags/dag.py
Traceback (most recent call last):
  File "/home/airflow/.local/lib/python3.8/site-packages/airflow/models/dagbag.py", line 342, in parse
    loader.exec_module(new_module)
  File "<frozen importlib._bootstrap_external>", line 839, in exec_module
  File "<frozen importlib._bootstrap_external>", line 976, in get_code
  File "<frozen importlib._bootstrap_external>", line 906, in source_to_code
  File "<frozen importlib._bootstrap>", line 219, in _call_with_frames_removed
  File "/opt/airflow/dags/dag.py", line 23
    )as dag
          ^
SyntaxError: invalid syntax
[2026-08-14T05:50:18.899+0000] {processor.py:841} WARNING - No viable dags retrieved from /opt/airflow/dags/dag.py
[2026-08-14T05:50:18.913+0000] {processor.py:179} INFO - Processing /opt/airflow/dags/dag.py took 0.027 seconds
[2026-08-14T05:50:49.236+0000] {processor.py:157} INFO - Started process (PID=15700) to work on /opt/airflow/dags/dag.py
[2026-08-14T05:50:49.237+0000] {processor.py:829} INFO - Processing file /opt/airflow/dags/dag.py for tasks to queue
[2026-08-14T05:50:49.240+0000] {logging_mixin.py:151} INFO - [2026-08-14T05:50:49.240+0000] {dagbag.py:536} INFO - Filling up the DagBag from /opt/airflow/dags/dag.py
[2026-08-14T05:50:49.248+0000] {logging_mixin.py:151} INFO - [2026-08-14T05:50:49.247+0000] {dagbag.py:346} ERROR - Failed to import: /opt/airflow/dags/dag.py
Traceback (most recent call last):
  File "/home/airflow/.local/lib/python3.8/site-packages/airflow/models/dagbag.py", line 342, in parse
    loader.exec_module(new_module)
  File "<frozen importlib._bootstrap_external>", line 839, in exec_module
  File "<frozen importlib._bootstrap_external>", line 976, in get_code
  File "<frozen importlib._bootstrap_external>", line 906, in source_to_code
  File "<frozen importlib._bootstrap>", line 219, in _call_with_frames_removed
  File "/opt/airflow/dags/dag.py", line 23
    )as dag
          ^
SyntaxError: invalid syntax
[2026-08-14T05:50:49.248+0000] {processor.py:841} WARNING - No viable dags retrieved from /opt/airflow/dags/dag.py
[2026-08-14T05:50:49.263+0000] {processor.py:179} INFO - Processing /opt/airflow/dags/dag.py took 0.030 seconds
[2026-08-14T05:51:19.543+0000] {processor.py:157} INFO - Started process (PID=15708) to work on /opt/airflow/dags/dag.py
[2026-08-14T05:51:19.544+0000] {processor.py:829} INFO - Processing file /opt/airflow/dags/dag.py for tasks to queue
[2026-08-14T05:51:19.547+0000] {logging_mixin.py:151} INFO - [2026-08-14T05:51:19.547+0000] {dagbag.py:536} INFO - Filling up the DagBag from /opt/airflow/dags/dag.py
[2026-08-14T05:51:19.551+0000] {logging_mixin.py:151} INFO - [2026-08-14T05:51:19.550+0000] {dagbag.py:346} ERROR - Failed to import: /opt/airflow/dags/dag.py
Traceback (most recent call last):
  File "/home/airflow/.local/lib/python3.8/site-packages/airflow/models/dagbag.py", line 342, in parse
    loader.exec_module(new_module)
  File "<frozen importlib._bootstrap_external>", line 839, in exec_module
  File "<frozen importlib._bootstrap_external>", line 976, in get_code
  File "<frozen importlib._bootstrap_external>", line 906, in source_to_code
  File "<frozen importlib._bootstrap>", line 219, in _call_with_frames_removed
  File "/opt/airflow/dags/dag.py", line 23
    )as dag
          ^
SyntaxError: invalid syntax
[2026-08-14T05:51:19.552+0000] {processor.py:841} WARNING - No viable dags retrieved from /opt/airflow/dags/dag.py
[2026-08-14T05:51:19.574+0000] {processor.py:179} INFO - Processing /opt/airflow/dags/dag.py took 0.033 seconds
[2026-08-14T05:51:49.886+0000] {processor.py:157} INFO - Started process (PID=15716) to work on /opt/airflow/dags/dag.py
[2026-08-14T05:51:49.887+0000] {processor.py:829} INFO - Processing file /opt/airflow/dags/dag.py for tasks to queue
[2026-08-14T05:51:49.890+0000] {logging_mixin.py:151} INFO - [2026-08-14T05:51:49.890+0000] {dagbag.py:536} INFO - Filling up the DagBag from /opt/airflow/dags/dag.py
[2026-08-14T05:51:49.895+0000] {logging_mixin.py:151} INFO - [2026-08-14T05:51:49.894+0000] {dagbag.py:346} ERROR - Failed to import: /opt/airflow/dags/dag.py
Traceback (most recent call last):
  File "/home/airflow/.local/lib/python3.8/site-packages/airflow/models/dagbag.py", line 342, in parse
    loader.exec_module(new_module)
  File "<frozen importlib._bootstrap_external>", line 839, in exec_module
  File "<frozen importlib._bootstrap_external>", line 976, in get_code
  File "<frozen importlib._bootstrap_external>", line 906, in source_to_code
  File "<frozen importlib._bootstrap>", line 219, in _call_with_frames_removed
  File "/opt/airflow/dags/dag.py", line 23
    )as dag
          ^
SyntaxError: invalid syntax
[2026-08-14T05:51:49.897+0000] {processor.py:841} WARNING - No viable dags retrieved from /opt/airflow/dags/dag.py
[2026-08-14T05:51:49.916+0000] {processor.py:179} INFO - Processing /opt/airflow/dags/dag.py took 0.033 seconds
[2026-08-14T05:52:20.171+0000] {processor.py:157} INFO - Started process (PID=15724) to work on /opt/airflow/dags/dag.py
[2026-08-14T05:52:20.172+0000] {processor.py:829} INFO - Processing file /opt/airflow/dags/dag.py for tasks to queue
[2026-08-14T05:52:20.177+0000] {logging_mixin.py:151} INFO - [2026-08-14T05:52:20.177+0000] {dagbag.py:536} INFO - Filling up the DagBag from /opt/airflow/dags/dag.py
[2026-08-14T05:52:20.180+0000] {logging_mixin.py:151} INFO - [2026-08-14T05:52:20.179+0000] {dagbag.py:346} ERROR - Failed to import: /opt/airflow/dags/dag.py
Traceback (most recent call last):
  File "/home/airflow/.local/lib/python3.8/site-packages/airflow/models/dagbag.py", line 342, in parse
    loader.exec_module(new_module)
  File "<frozen importlib._bootstrap_external>", line 839, in exec_module
  File "<frozen importlib._bootstrap_external>", line 976, in get_code
  File "<frozen importlib._bootstrap_external>", line 906, in source_to_code
  File "<frozen importlib._bootstrap>", line 219, in _call_with_frames_removed
  File "/opt/airflow/dags/dag.py", line 23
    )as dag
          ^
SyntaxError: invalid syntax
[2026-08-14T05:52:20.180+0000] {processor.py:841} WARNING - No viable dags retrieved from /opt/airflow/dags/dag.py
[2026-08-14T05:52:20.192+0000] {processor.py:179} INFO - Processing /opt/airflow/dags/dag.py took 0.023 seconds
[2026-08-14T05:52:50.468+0000] {processor.py:157} INFO - Started process (PID=15732) to work on /opt/airflow/dags/dag.py
[2026-08-14T05:52:50.469+0000] {processor.py:829} INFO - Processing file /opt/airflow/dags/dag.py for tasks to queue
[2026-08-14T05:52:50.475+0000] {logging_mixin.py:151} INFO - [2026-08-14T05:52:50.474+0000] {dagbag.py:536} INFO - Filling up the DagBag from /opt/airflow/dags/dag.py
[2026-08-14T05:52:50.480+0000] {logging_mixin.py:151} INFO - [2026-08-14T05:52:50.479+0000] {dagbag.py:346} ERROR - Failed to import: /opt/airflow/dags/dag.py
Traceback (most recent call last):
  File "/home/airflow/.local/lib/python3.8/site-packages/airflow/models/dagbag.py", line 342, in parse
    loader.exec_module(new_module)
  File "<frozen importlib._bootstrap_external>", line 839, in exec_module
  File "<frozen importlib._bootstrap_external>", line 976, in get_code
  File "<frozen importlib._bootstrap_external>", line 906, in source_to_code
  File "<frozen importlib._bootstrap>", line 219, in _call_with_frames_removed
  File "/opt/airflow/dags/dag.py", line 23
    )as dag
          ^
SyntaxError: invalid syntax
[2026-08-14T05:52:50.482+0000] {processor.py:841} WARNING - No viable dags retrieved from /opt/airflow/dags/dag.py
[2026-08-14T05:52:50.506+0000] {processor.py:179} INFO - Processing /opt/airflow/dags/dag.py took 0.042 seconds
[2026-08-14T05:53:20.772+0000] {processor.py:157} INFO - Started process (PID=15741) to work on /opt/airflow/dags/dag.py
[2026-08-14T05:53:20.773+0000] {processor.py:829} INFO - Processing file /opt/airflow/dags/dag.py for tasks to queue
[2026-08-14T05:53:20.775+0000] {logging_mixin.py:151} INFO - [2026-08-14T05:53:20.775+0000] {dagbag.py:536} INFO - Filling up the DagBag from /opt/airflow/dags/dag.py
[2026-08-14T05:53:20.780+0000] {logging_mixin.py:151} INFO - [2026-08-14T05:53:20.779+0000] {dagbag.py:346} ERROR - Failed to import: /opt/airflow/dags/dag.py
Traceback (most recent call last):
  File "/home/airflow/.local/lib/python3.8/site-packages/airflow/models/dagbag.py", line 342, in parse
    loader.exec_module(new_module)
  File "<frozen importlib._bootstrap_external>", line 839, in exec_module
  File "<frozen importlib._bootstrap_external>", line 976, in get_code
  File "<frozen importlib._bootstrap_external>", line 906, in source_to_code
  File "<frozen importlib._bootstrap>", line 219, in _call_with_frames_removed
  File "/opt/airflow/dags/dag.py", line 23
    )as dag
          ^
SyntaxError: invalid syntax
[2026-08-14T05:53:20.780+0000] {processor.py:841} WARNING - No viable dags retrieved from /opt/airflow/dags/dag.py
[2026-08-14T05:53:20.795+0000] {processor.py:179} INFO - Processing /opt/airflow/dags/dag.py took 0.025 seconds
[2026-08-14T05:53:51.088+0000] {processor.py:157} INFO - Started process (PID=15749) to work on /opt/airflow/dags/dag.py
[2026-08-14T05:53:51.089+0000] {processor.py:829} INFO - Processing file /opt/airflow/dags/dag.py for tasks to queue
[2026-08-14T05:53:51.091+0000] {logging_mixin.py:151} INFO - [2026-08-14T05:53:51.091+0000] {dagbag.py:536} INFO - Filling up the DagBag from /opt/airflow/dags/dag.py
[2026-08-14T05:53:51.099+0000] {logging_mixin.py:151} INFO - [2026-08-14T05:53:51.099+0000] {dagbag.py:346} ERROR - Failed to import: /opt/airflow/dags/dag.py
Traceback (most recent call last):
  File "/home/airflow/.local/lib/python3.8/site-packages/airflow/models/dagbag.py", line 342, in parse
    loader.exec_module(new_module)
  File "<frozen importlib._bootstrap_external>", line 839, in exec_module
  File "<frozen importlib._bootstrap_external>", line 976, in get_code
  File "<frozen importlib._bootstrap_external>", line 906, in source_to_code
  File "<frozen importlib._bootstrap>", line 219, in _call_with_frames_removed
  File "/opt/airflow/dags/dag.py", line 23
    )as dag
          ^
SyntaxError: invalid syntax
[2026-08-14T05:53:51.099+0000] {processor.py:841} WARNING - No viable dags retrieved from /opt/airflow/dags/dag.py
[2026-08-14T05:53:51.112+0000] {processor.py:179} INFO - Processing /opt/airflow/dags/dag.py took 0.028 seconds
[2026-08-14T05:54:21.395+0000] {processor.py:157} INFO - Started process (PID=15757) to work on /opt/airflow/dags/dag.py
[2026-08-14T05:54:21.399+0000] {processor.py:829} INFO - Processing file /opt/airflow/dags/dag.py for tasks to queue
[2026-08-14T05:54:21.400+0000] {logging_mixin.py:151} INFO - [2026-08-14T05:54:21.400+0000] {dagbag.py:536} INFO - Filling up the DagBag from /opt/airflow/dags/dag.py
[2026-08-14T05:54:21.402+0000] {logging_mixin.py:151} INFO - [2026-08-14T05:54:21.402+0000] {dagbag.py:346} ERROR - Failed to import: /opt/airflow/dags/dag.py
Traceback (most recent call last):
  File "/home/airflow/.local/lib/python3.8/site-packages/airflow/models/dagbag.py", line 342, in parse
    loader.exec_module(new_module)
  File "<frozen importlib._bootstrap_external>", line 839, in exec_module
  File "<frozen importlib._bootstrap_external>", line 976, in get_code
  File "<frozen importlib._bootstrap_external>", line 906, in source_to_code
  File "<frozen importlib._bootstrap>", line 219, in _call_with_frames_removed
  File "/opt/airflow/dags/dag.py", line 23
    )as dag
          ^
SyntaxError: invalid syntax
[2026-08-14T05:54:21.406+0000] {processor.py:841} WARNING - No viable dags retrieved from /opt/airflow/dags/dag.py
[2026-08-14T05:54:21.422+0000] {processor.py:179} INFO - Processing /opt/airflow/dags/dag.py took 0.031 seconds
[2026-08-14T05:54:51.716+0000] {processor.py:157} INFO - Started process (PID=15771) to work on /opt/airflow/dags/dag.py
[2026-08-14T05:54:51.717+0000] {processor.py:829} INFO - Processing file /opt/airflow/dags/dag.py for tasks to queue
[2026-08-14T05:54:51.722+0000] {logging_mixin.py:151} INFO - [2026-08-14T05:54:51.722+0000] {dagbag.py:536} INFO - Filling up the DagBag from /opt/airflow/dags/dag.py
[2026-08-14T05:54:51.725+0000] {logging_mixin.py:151} INFO - [2026-08-14T05:54:51.725+0000] {dagbag.py:346} ERROR - Failed to import: /opt/airflow/dags/dag.py
Traceback (most recent call last):
  File "/home/airflow/.local/lib/python3.8/site-packages/airflow/models/dagbag.py", line 342, in parse
    loader.exec_module(new_module)
  File "<frozen importlib._bootstrap_external>", line 839, in exec_module
  File "<frozen importlib._bootstrap_external>", line 976, in get_code
  File "<frozen importlib._bootstrap_external>", line 906, in source_to_code
  File "<frozen importlib._bootstrap>", line 219, in _call_with_frames_removed
  File "/opt/airflow/dags/dag.py", line 23
    )as dag
          ^
SyntaxError: invalid syntax
[2026-08-14T05:54:51.725+0000] {processor.py:841} WARNING - No viable dags retrieved from /opt/airflow/dags/dag.py
[2026-08-14T05:54:51.736+0000] {processor.py:179} INFO - Processing /opt/airflow/dags/dag.py took 0.022 seconds
[2026-08-14T05:55:21.942+0000] {processor.py:157} INFO - Started process (PID=15779) to work on /opt/airflow/dags/dag.py
[2026-08-14T05:55:21.945+0000] {processor.py:829} INFO - Processing file /opt/airflow/dags/dag.py for tasks to queue
[2026-08-14T05:55:21.949+0000] {logging_mixin.py:151} INFO - [2026-08-14T05:55:21.949+0000] {dagbag.py:536} INFO - Filling up the DagBag from /opt/airflow/dags/dag.py
[2026-08-14T05:55:21.955+0000] {logging_mixin.py:151} INFO - [2026-08-14T05:55:21.954+0000] {dagbag.py:346} ERROR - Failed to import: /opt/airflow/dags/dag.py
Traceback (most recent call last):
  File "/home/airflow/.local/lib/python3.8/site-packages/airflow/models/dagbag.py", line 342, in parse
    loader.exec_module(new_module)
  File "<frozen importlib._bootstrap_external>", line 839, in exec_module
  File "<frozen importlib._bootstrap_external>", line 976, in get_code
  File "<frozen importlib._bootstrap_external>", line 906, in source_to_code
  File "<frozen importlib._bootstrap>", line 219, in _call_with_frames_removed
  File "/opt/airflow/dags/dag.py", line 23
    )as dag
          ^
SyntaxError: invalid syntax
[2026-08-14T05:55:21.955+0000] {processor.py:841} WARNING - No viable dags retrieved from /opt/airflow/dags/dag.py
[2026-08-14T05:55:21.973+0000] {processor.py:179} INFO - Processing /opt/airflow/dags/dag.py took 0.034 seconds
[2026-08-14T05:55:52.206+0000] {processor.py:157} INFO - Started process (PID=15787) to work on /opt/airflow/dags/dag.py
[2026-08-14T05:55:52.208+0000] {processor.py:829} INFO - Processing file /opt/airflow/dags/dag.py for tasks to queue
[2026-08-14T05:55:52.211+0000] {logging_mixin.py:151} INFO - [2026-08-14T05:55:52.211+0000] {dagbag.py:536} INFO - Filling up the DagBag from /opt/airflow/dags/dag.py
[2026-08-14T05:55:52.216+0000] {logging_mixin.py:151} INFO - [2026-08-14T05:55:52.216+0000] {dagbag.py:346} ERROR - Failed to import: /opt/airflow/dags/dag.py
Traceback (most recent call last):
  File "/home/airflow/.local/lib/python3.8/site-packages/airflow/models/dagbag.py", line 342, in parse
    loader.exec_module(new_module)
  File "<frozen importlib._bootstrap_external>", line 839, in exec_module
  File "<frozen importlib._bootstrap_external>", line 976, in get_code
  File "<frozen importlib._bootstrap_external>", line 906, in source_to_code
  File "<frozen importlib._bootstrap>", line 219, in _call_with_frames_removed
  File "/opt/airflow/dags/dag.py", line 23
    )as dag
          ^
SyntaxError: invalid syntax
[2026-08-14T05:55:52.217+0000] {processor.py:841} WARNING - No viable dags retrieved from /opt/airflow/dags/dag.py
[2026-08-14T05:55:52.241+0000] {processor.py:179} INFO - Processing /opt/airflow/dags/dag.py took 0.038 seconds
[2026-08-14T05:56:22.494+0000] {processor.py:157} INFO - Started process (PID=15795) to work on /opt/airflow/dags/dag.py
[2026-08-14T05:56:22.494+0000] {processor.py:829} INFO - Processing file /opt/airflow/dags/dag.py for tasks to queue
[2026-08-14T05:56:22.497+0000] {logging_mixin.py:151} INFO - [2026-08-14T05:56:22.497+0000] {dagbag.py:536} INFO - Filling up the DagBag from /opt/airflow/dags/dag.py
[2026-08-14T05:56:22.501+0000] {logging_mixin.py:151} INFO - [2026-08-14T05:56:22.501+0000] {dagbag.py:346} ERROR - Failed to import: /opt/airflow/dags/dag.py
Traceback (most recent call last):
  File "/home/airflow/.local/lib/python3.8/site-packages/airflow/models/dagbag.py", line 342, in parse
    loader.exec_module(new_module)
  File "<frozen importlib._bootstrap_external>", line 839, in exec_module
  File "<frozen importlib._bootstrap_external>", line 976, in get_code
  File "<frozen importlib._bootstrap_external>", line 906, in source_to_code
  File "<frozen importlib._bootstrap>", line 219, in _call_with_frames_removed
  File "/opt/airflow/dags/dag.py", line 23
    )as dag
          ^
SyntaxError: invalid syntax
[2026-08-14T05:56:22.502+0000] {processor.py:841} WARNING - No viable dags retrieved from /opt/airflow/dags/dag.py
[2026-08-14T05:56:22.517+0000] {processor.py:179} INFO - Processing /opt/airflow/dags/dag.py took 0.025 seconds
[2026-08-14T05:56:52.804+0000] {processor.py:157} INFO - Started process (PID=15803) to work on /opt/airflow/dags/dag.py
[2026-08-14T05:56:52.804+0000] {processor.py:829} INFO - Processing file /opt/airflow/dags/dag.py for tasks to queue
[2026-08-14T05:56:52.807+0000] {logging_mixin.py:151} INFO - [2026-08-14T05:56:52.807+0000] {dagbag.py:536} INFO - Filling up the DagBag from /opt/airflow/dags/dag.py
[2026-08-14T05:56:52.814+0000] {logging_mixin.py:151} INFO - [2026-08-14T05:56:52.813+0000] {dagbag.py:346} ERROR - Failed to import: /opt/airflow/dags/dag.py
Traceback (most recent call last):
  File "/home/airflow/.local/lib/python3.8/site-packages/airflow/models/dagbag.py", line 342, in parse
    loader.exec_module(new_module)
  File "<frozen importlib._bootstrap_external>", line 839, in exec_module
  File "<frozen importlib._bootstrap_external>", line 976, in get_code
  File "<frozen importlib._bootstrap_external>", line 906, in source_to_code
  File "<frozen importlib._bootstrap>", line 219, in _call_with_frames_removed
  File "/opt/airflow/dags/dag.py", line 23
    )as dag
          ^
SyntaxError: invalid syntax
[2026-08-14T05:56:52.814+0000] {processor.py:841} WARNING - No viable dags retrieved from /opt/airflow/dags/dag.py
[2026-08-14T05:56:52.827+0000] {processor.py:179} INFO - Processing /opt/airflow/dags/dag.py took 0.026 seconds
[2026-08-14T05:57:23.113+0000] {processor.py:157} INFO - Started process (PID=15811) to work on /opt/airflow/dags/dag.py
[2026-08-14T05:57:23.114+0000] {processor.py:829} INFO - Processing file /opt/airflow/dags/dag.py for tasks to queue
[2026-08-14T05:57:23.116+0000] {logging_mixin.py:151} INFO - [2026-08-14T05:57:23.115+0000] {dagbag.py:536} INFO - Filling up the DagBag from /opt/airflow/dags/dag.py
[2026-08-14T05:57:23.123+0000] {logging_mixin.py:151} INFO - [2026-08-14T05:57:23.123+0000] {dagbag.py:346} ERROR - Failed to import: /opt/airflow/dags/dag.py
Traceback (most recent call last):
  File "/home/airflow/.local/lib/python3.8/site-packages/airflow/models/dagbag.py", line 342, in parse
    loader.exec_module(new_module)
  File "<frozen importlib._bootstrap_external>", line 839, in exec_module
  File "<frozen importlib._bootstrap_external>", line 976, in get_code
  File "<frozen importlib._bootstrap_external>", line 906, in source_to_code
  File "<frozen importlib._bootstrap>", line 219, in _call_with_frames_removed
  File "/opt/airflow/dags/dag.py", line 23
    )as dag
          ^
SyntaxError: invalid syntax
[2026-08-14T05:57:23.124+0000] {processor.py:841} WARNING - No viable dags retrieved from /opt/airflow/dags/dag.py
[2026-08-14T05:57:23.137+0000] {processor.py:179} INFO - Processing /opt/airflow/dags/dag.py took 0.027 seconds
[2026-08-14T05:57:53.390+0000] {processor.py:157} INFO - Started process (PID=15819) to work on /opt/airflow/dags/dag.py
[2026-08-14T05:57:53.391+0000] {processor.py:829} INFO - Processing file /opt/airflow/dags/dag.py for tasks to queue
[2026-08-14T05:57:53.394+0000] {logging_mixin.py:151} INFO - [2026-08-14T05:57:53.393+0000] {dagbag.py:536} INFO - Filling up the DagBag from /opt/airflow/dags/dag.py
[2026-08-14T05:57:53.399+0000] {logging_mixin.py:151} INFO - [2026-08-14T05:57:53.399+0000] {dagbag.py:346} ERROR - Failed to import: /opt/airflow/dags/dag.py
Traceback (most recent call last):
  File "/home/airflow/.local/lib/python3.8/site-packages/airflow/models/dagbag.py", line 342, in parse
    loader.exec_module(new_module)
  File "<frozen importlib._bootstrap_external>", line 839, in exec_module
  File "<frozen importlib._bootstrap_external>", line 976, in get_code
  File "<frozen importlib._bootstrap_external>", line 906, in source_to_code
  File "<frozen importlib._bootstrap>", line 219, in _call_with_frames_removed
  File "/opt/airflow/dags/dag.py", line 23
    )as dag
          ^
SyntaxError: invalid syntax
[2026-08-14T05:57:53.399+0000] {processor.py:841} WARNING - No viable dags retrieved from /opt/airflow/dags/dag.py
[2026-08-14T05:57:53.414+0000] {processor.py:179} INFO - Processing /opt/airflow/dags/dag.py took 0.025 seconds
[2026-08-14T05:58:23.650+0000] {processor.py:157} INFO - Started process (PID=15827) to work on /opt/airflow/dags/dag.py
[2026-08-14T05:58:23.651+0000] {processor.py:829} INFO - Processing file /opt/airflow/dags/dag.py for tasks to queue
[2026-08-14T05:58:23.654+0000] {logging_mixin.py:151} INFO - [2026-08-14T05:58:23.654+0000] {dagbag.py:536} INFO - Filling up the DagBag from /opt/airflow/dags/dag.py
[2026-08-14T05:58:23.661+0000] {logging_mixin.py:151} INFO - [2026-08-14T05:58:23.660+0000] {dagbag.py:346} ERROR - Failed to import: /opt/airflow/dags/dag.py
Traceback (most recent call last):
  File "/home/airflow/.local/lib/python3.8/site-packages/airflow/models/dagbag.py", line 342, in parse
    loader.exec_module(new_module)
  File "<frozen importlib._bootstrap_external>", line 839, in exec_module
  File "<frozen importlib._bootstrap_external>", line 976, in get_code
  File "<frozen importlib._bootstrap_external>", line 906, in source_to_code
  File "<frozen importlib._bootstrap>", line 219, in _call_with_frames_removed
  File "/opt/airflow/dags/dag.py", line 23
    )as dag
          ^
SyntaxError: invalid syntax
[2026-08-14T05:58:23.661+0000] {processor.py:841} WARNING - No viable dags retrieved from /opt/airflow/dags/dag.py
[2026-08-14T05:58:23.674+0000] {processor.py:179} INFO - Processing /opt/airflow/dags/dag.py took 0.027 seconds
[2026-08-14T06:14:04.620+0000] {processor.py:157} INFO - Started process (PID=15835) to work on /opt/airflow/dags/dag.py
[2026-08-14T06:14:04.620+0000] {processor.py:829} INFO - Processing file /opt/airflow/dags/dag.py for tasks to queue
[2026-08-14T06:14:04.623+0000] {logging_mixin.py:151} INFO - [2026-08-14T06:14:04.623+0000] {dagbag.py:536} INFO - Filling up the DagBag from /opt/airflow/dags/dag.py
[2026-08-14T06:14:04.630+0000] {logging_mixin.py:151} INFO - [2026-08-14T06:14:04.629+0000] {dagbag.py:346} ERROR - Failed to import: /opt/airflow/dags/dag.py
Traceback (most recent call last):
  File "/home/airflow/.local/lib/python3.8/site-packages/airflow/models/dagbag.py", line 342, in parse
    loader.exec_module(new_module)
  File "<frozen importlib._bootstrap_external>", line 839, in exec_module
  File "<frozen importlib._bootstrap_external>", line 976, in get_code
  File "<frozen importlib._bootstrap_external>", line 906, in source_to_code
  File "<frozen importlib._bootstrap>", line 219, in _call_with_frames_removed
  File "/opt/airflow/dags/dag.py", line 23
    )as dag
          ^
SyntaxError: invalid syntax
[2026-08-14T06:14:04.630+0000] {processor.py:841} WARNING - No viable dags retrieved from /opt/airflow/dags/dag.py
[2026-08-14T06:14:04.644+0000] {processor.py:179} INFO - Processing /opt/airflow/dags/dag.py took 0.027 seconds
[2026-08-14T06:49:28.782+0000] {processor.py:157} INFO - Started process (PID=15843) to work on /opt/airflow/dags/dag.py
[2026-08-14T06:49:28.782+0000] {processor.py:829} INFO - Processing file /opt/airflow/dags/dag.py for tasks to queue
[2026-08-14T06:49:28.784+0000] {logging_mixin.py:151} INFO - [2026-08-14T06:49:28.784+0000] {dagbag.py:536} INFO - Filling up the DagBag from /opt/airflow/dags/dag.py
[2026-08-14T06:49:28.788+0000] {logging_mixin.py:151} INFO - [2026-08-14T06:49:28.787+0000] {dagbag.py:346} ERROR - Failed to import: /opt/airflow/dags/dag.py
Traceback (most recent call last):
  File "/home/airflow/.local/lib/python3.8/site-packages/airflow/models/dagbag.py", line 342, in parse
    loader.exec_module(new_module)
  File "<frozen importlib._bootstrap_external>", line 839, in exec_module
  File "<frozen importlib._bootstrap_external>", line 976, in get_code
  File "<frozen importlib._bootstrap_external>", line 906, in source_to_code
  File "<frozen importlib._bootstrap>", line 219, in _call_with_frames_removed
  File "/opt/airflow/dags/dag.py", line 23
    )as dag
          ^
SyntaxError: invalid syntax
[2026-08-14T06:49:28.789+0000] {processor.py:841} WARNING - No viable dags retrieved from /opt/airflow/dags/dag.py
[2026-08-14T06:49:28.799+0000] {processor.py:179} INFO - Processing /opt/airflow/dags/dag.py took 0.019 seconds
[2026-08-14T07:05:01.225+0000] {processor.py:157} INFO - Started process (PID=15851) to work on /opt/airflow/dags/dag.py
[2026-08-14T07:05:01.226+0000] {processor.py:829} INFO - Processing file /opt/airflow/dags/dag.py for tasks to queue
[2026-08-14T07:05:01.234+0000] {logging_mixin.py:151} INFO - [2026-08-14T07:05:01.233+0000] {dagbag.py:536} INFO - Filling up the DagBag from /opt/airflow/dags/dag.py
[2026-08-14T07:05:01.245+0000] {logging_mixin.py:151} INFO - [2026-08-14T07:05:01.243+0000] {dagbag.py:346} ERROR - Failed to import: /opt/airflow/dags/dag.py
Traceback (most recent call last):
  File "/home/airflow/.local/lib/python3.8/site-packages/airflow/models/dagbag.py", line 342, in parse
    loader.exec_module(new_module)
  File "<frozen importlib._bootstrap_external>", line 839, in exec_module
  File "<frozen importlib._bootstrap_external>", line 976, in get_code
  File "<frozen importlib._bootstrap_external>", line 906, in source_to_code
  File "<frozen importlib._bootstrap>", line 219, in _call_with_frames_removed
  File "/opt/airflow/dags/dag.py", line 23
    )as dag
          ^
SyntaxError: invalid syntax
[2026-08-14T07:05:01.245+0000] {processor.py:841} WARNING - No viable dags retrieved from /opt/airflow/dags/dag.py
[2026-08-14T07:05:01.269+0000] {processor.py:179} INFO - Processing /opt/airflow/dags/dag.py took 0.048 seconds
[2026-08-14T07:59:52.316+0000] {processor.py:157} INFO - Started process (PID=15859) to work on /opt/airflow/dags/dag.py
[2026-08-14T07:59:52.318+0000] {processor.py:829} INFO - Processing file /opt/airflow/dags/dag.py for tasks to queue
[2026-08-14T07:59:52.320+0000] {logging_mixin.py:151} INFO - [2026-08-14T07:59:52.319+0000] {dagbag.py:536} INFO - Filling up the DagBag from /opt/airflow/dags/dag.py
[2026-08-14T07:59:52.332+0000] {logging_mixin.py:151} INFO - [2026-08-14T07:59:52.332+0000] {dagbag.py:346} ERROR - Failed to import: /opt/airflow/dags/dag.py
Traceback (most recent call last):
  File "/home/airflow/.local/lib/python3.8/site-packages/airflow/models/dagbag.py", line 342, in parse
    loader.exec_module(new_module)
  File "<frozen importlib._bootstrap_external>", line 839, in exec_module
  File "<frozen importlib._bootstrap_external>", line 976, in get_code
  File "<frozen importlib._bootstrap_external>", line 906, in source_to_code
  File "<frozen importlib._bootstrap>", line 219, in _call_with_frames_removed
  File "/opt/airflow/dags/dag.py", line 23
    )as dag
          ^
SyntaxError: invalid syntax
[2026-08-14T07:59:52.336+0000] {processor.py:841} WARNING - No viable dags retrieved from /opt/airflow/dags/dag.py
[2026-08-14T07:59:52.353+0000] {processor.py:179} INFO - Processing /opt/airflow/dags/dag.py took 0.038 seconds
[2026-08-14T08:00:22.717+0000] {processor.py:157} INFO - Started process (PID=15867) to work on /opt/airflow/dags/dag.py
[2026-08-14T08:00:22.718+0000] {processor.py:829} INFO - Processing file /opt/airflow/dags/dag.py for tasks to queue
[2026-08-14T08:00:22.720+0000] {logging_mixin.py:151} INFO - [2026-08-14T08:00:22.720+0000] {dagbag.py:536} INFO - Filling up the DagBag from /opt/airflow/dags/dag.py
[2026-08-14T08:00:22.725+0000] {logging_mixin.py:151} INFO - [2026-08-14T08:00:22.725+0000] {dagbag.py:346} ERROR - Failed to import: /opt/airflow/dags/dag.py
Traceback (most recent call last):
  File "/home/airflow/.local/lib/python3.8/site-packages/airflow/models/dagbag.py", line 342, in parse
    loader.exec_module(new_module)
  File "<frozen importlib._bootstrap_external>", line 839, in exec_module
  File "<frozen importlib._bootstrap_external>", line 976, in get_code
  File "<frozen importlib._bootstrap_external>", line 906, in source_to_code
  File "<frozen importlib._bootstrap>", line 219, in _call_with_frames_removed
  File "/opt/airflow/dags/dag.py", line 23
    )as dag
          ^
SyntaxError: invalid syntax
[2026-08-14T08:00:22.726+0000] {processor.py:841} WARNING - No viable dags retrieved from /opt/airflow/dags/dag.py
[2026-08-14T08:00:22.742+0000] {processor.py:179} INFO - Processing /opt/airflow/dags/dag.py took 0.027 seconds
[2026-08-14T08:39:01.701+0000] {processor.py:157} INFO - Started process (PID=15875) to work on /opt/airflow/dags/dag.py
[2026-08-14T08:39:01.702+0000] {processor.py:829} INFO - Processing file /opt/airflow/dags/dag.py for tasks to queue
[2026-08-14T08:39:01.704+0000] {logging_mixin.py:151} INFO - [2026-08-14T08:39:01.704+0000] {dagbag.py:536} INFO - Filling up the DagBag from /opt/airflow/dags/dag.py
[2026-08-14T08:39:01.711+0000] {logging_mixin.py:151} INFO - [2026-08-14T08:39:01.710+0000] {dagbag.py:346} ERROR - Failed to import: /opt/airflow/dags/dag.py
Traceback (most recent call last):
  File "/home/airflow/.local/lib/python3.8/site-packages/airflow/models/dagbag.py", line 342, in parse
    loader.exec_module(new_module)
  File "<frozen importlib._bootstrap_external>", line 839, in exec_module
  File "<frozen importlib._bootstrap_external>", line 976, in get_code
  File "<frozen importlib._bootstrap_external>", line 906, in source_to_code
  File "<frozen importlib._bootstrap>", line 219, in _call_with_frames_removed
  File "/opt/airflow/dags/dag.py", line 23
    )as dag
          ^
SyntaxError: invalid syntax
[2026-08-14T08:39:01.711+0000] {processor.py:841} WARNING - No viable dags retrieved from /opt/airflow/dags/dag.py
[2026-08-14T08:39:01.723+0000] {processor.py:179} INFO - Processing /opt/airflow/dags/dag.py took 0.023 seconds
[2026-08-14T10:20:37.278+0000] {processor.py:157} INFO - Started process (PID=15883) to work on /opt/airflow/dags/dag.py
[2026-08-14T10:20:37.278+0000] {processor.py:829} INFO - Processing file /opt/airflow/dags/dag.py for tasks to queue
[2026-08-14T10:20:37.281+0000] {logging_mixin.py:151} INFO - [2026-08-14T10:20:37.281+0000] {dagbag.py:536} INFO - Filling up the DagBag from /opt/airflow/dags/dag.py
[2026-08-14T10:20:37.288+0000] {logging_mixin.py:151} INFO - [2026-08-14T10:20:37.287+0000] {dagbag.py:346} ERROR - Failed to import: /opt/airflow/dags/dag.py
Traceback (most recent call last):
  File "/home/airflow/.local/lib/python3.8/site-packages/airflow/models/dagbag.py", line 342, in parse
    loader.exec_module(new_module)
  File "<frozen importlib._bootstrap_external>", line 839, in exec_module
  File "<frozen importlib._bootstrap_external>", line 976, in get_code
  File "<frozen importlib._bootstrap_external>", line 906, in source_to_code
  File "<frozen importlib._bootstrap>", line 219, in _call_with_frames_removed
  File "/opt/airflow/dags/dag.py", line 23
    )as dag
          ^
SyntaxError: invalid syntax
[2026-08-14T10:20:37.288+0000] {processor.py:841} WARNING - No viable dags retrieved from /opt/airflow/dags/dag.py
[2026-08-14T10:20:37.304+0000] {processor.py:179} INFO - Processing /opt/airflow/dags/dag.py took 0.029 seconds
[2026-08-14T11:00:30.502+0000] {processor.py:157} INFO - Started process (PID=15891) to work on /opt/airflow/dags/dag.py
[2026-08-14T11:00:30.503+0000] {processor.py:829} INFO - Processing file /opt/airflow/dags/dag.py for tasks to queue
[2026-08-14T11:00:30.507+0000] {logging_mixin.py:151} INFO - [2026-08-14T11:00:30.507+0000] {dagbag.py:536} INFO - Filling up the DagBag from /opt/airflow/dags/dag.py
[2026-08-14T11:00:30.514+0000] {logging_mixin.py:151} INFO - [2026-08-14T11:00:30.514+0000] {dagbag.py:346} ERROR - Failed to import: /opt/airflow/dags/dag.py
Traceback (most recent call last):
  File "/home/airflow/.local/lib/python3.8/site-packages/airflow/models/dagbag.py", line 342, in parse
    loader.exec_module(new_module)
  File "<frozen importlib._bootstrap_external>", line 839, in exec_module
  File "<frozen importlib._bootstrap_external>", line 976, in get_code
  File "<frozen importlib._bootstrap_external>", line 906, in source_to_code
  File "<frozen importlib._bootstrap>", line 219, in _call_with_frames_removed
  File "/opt/airflow/dags/dag.py", line 23
    )as dag
          ^
SyntaxError: invalid syntax
[2026-08-14T11:00:30.515+0000] {processor.py:841} WARNING - No viable dags retrieved from /opt/airflow/dags/dag.py
[2026-08-14T11:00:30.538+0000] {processor.py:179} INFO - Processing /opt/airflow/dags/dag.py took 0.038 seconds
[2026-08-14T11:17:59.950+0000] {processor.py:157} INFO - Started process (PID=15899) to work on /opt/airflow/dags/dag.py
[2026-08-14T11:17:59.951+0000] {processor.py:829} INFO - Processing file /opt/airflow/dags/dag.py for tasks to queue
[2026-08-14T11:17:59.952+0000] {logging_mixin.py:151} INFO - [2026-08-14T11:17:59.952+0000] {dagbag.py:536} INFO - Filling up the DagBag from /opt/airflow/dags/dag.py
[2026-08-14T11:17:59.961+0000] {logging_mixin.py:151} INFO - [2026-08-14T11:17:59.960+0000] {dagbag.py:346} ERROR - Failed to import: /opt/airflow/dags/dag.py
Traceback (most recent call last):
  File "/home/airflow/.local/lib/python3.8/site-packages/airflow/models/dagbag.py", line 342, in parse
    loader.exec_module(new_module)
  File "<frozen importlib._bootstrap_external>", line 839, in exec_module
  File "<frozen importlib._bootstrap_external>", line 976, in get_code
  File "<frozen importlib._bootstrap_external>", line 906, in source_to_code
  File "<frozen importlib._bootstrap>", line 219, in _call_with_frames_removed
  File "/opt/airflow/dags/dag.py", line 23
    )as dag
          ^
SyntaxError: invalid syntax
[2026-08-14T11:17:59.961+0000] {processor.py:841} WARNING - No viable dags retrieved from /opt/airflow/dags/dag.py
[2026-08-14T11:17:59.974+0000] {processor.py:179} INFO - Processing /opt/airflow/dags/dag.py took 0.025 seconds
[2026-08-14T11:53:23.131+0000] {processor.py:157} INFO - Started process (PID=15907) to work on /opt/airflow/dags/dag.py
[2026-08-14T11:53:23.132+0000] {processor.py:829} INFO - Processing file /opt/airflow/dags/dag.py for tasks to queue
[2026-08-14T11:53:23.134+0000] {logging_mixin.py:151} INFO - [2026-08-14T11:53:23.133+0000] {dagbag.py:536} INFO - Filling up the DagBag from /opt/airflow/dags/dag.py
[2026-08-14T11:53:23.139+0000] {logging_mixin.py:151} INFO - [2026-08-14T11:53:23.138+0000] {dagbag.py:346} ERROR - Failed to import: /opt/airflow/dags/dag.py
Traceback (most recent call last):
  File "/home/airflow/.local/lib/python3.8/site-packages/airflow/models/dagbag.py", line 342, in parse
    loader.exec_module(new_module)
  File "<frozen importlib._bootstrap_external>", line 839, in exec_module
  File "<frozen importlib._bootstrap_external>", line 976, in get_code
  File "<frozen importlib._bootstrap_external>", line 906, in source_to_code
  File "<frozen importlib._bootstrap>", line 219, in _call_with_frames_removed
  File "/opt/airflow/dags/dag.py", line 23
    )as dag
          ^
SyntaxError: invalid syntax
[2026-08-14T11:53:23.139+0000] {processor.py:841} WARNING - No viable dags retrieved from /opt/airflow/dags/dag.py
[2026-08-14T11:53:23.152+0000] {processor.py:179} INFO - Processing /opt/airflow/dags/dag.py took 0.024 seconds
[2026-08-14T11:53:53.454+0000] {processor.py:157} INFO - Started process (PID=15915) to work on /opt/airflow/dags/dag.py
[2026-08-14T11:53:53.456+0000] {processor.py:829} INFO - Processing file /opt/airflow/dags/dag.py for tasks to queue
[2026-08-14T11:53:53.458+0000] {logging_mixin.py:151} INFO - [2026-08-14T11:53:53.458+0000] {dagbag.py:536} INFO - Filling up the DagBag from /opt/airflow/dags/dag.py
[2026-08-14T11:53:53.464+0000] {logging_mixin.py:151} INFO - [2026-08-14T11:53:53.463+0000] {dagbag.py:346} ERROR - Failed to import: /opt/airflow/dags/dag.py
Traceback (most recent call last):
  File "/home/airflow/.local/lib/python3.8/site-packages/airflow/models/dagbag.py", line 342, in parse
    loader.exec_module(new_module)
  File "<frozen importlib._bootstrap_external>", line 839, in exec_module
  File "<frozen importlib._bootstrap_external>", line 976, in get_code
  File "<frozen importlib._bootstrap_external>", line 906, in source_to_code
  File "<frozen importlib._bootstrap>", line 219, in _call_with_frames_removed
  File "/opt/airflow/dags/dag.py", line 23
    )as dag
          ^
SyntaxError: invalid syntax
[2026-08-14T11:53:53.464+0000] {processor.py:841} WARNING - No viable dags retrieved from /opt/airflow/dags/dag.py
[2026-08-14T11:53:53.487+0000] {processor.py:179} INFO - Processing /opt/airflow/dags/dag.py took 0.036 seconds
[2026-08-14T13:33:41.814+0000] {processor.py:157} INFO - Started process (PID=15923) to work on /opt/airflow/dags/dag.py
[2026-08-14T13:33:41.815+0000] {processor.py:829} INFO - Processing file /opt/airflow/dags/dag.py for tasks to queue
[2026-08-14T13:33:41.818+0000] {logging_mixin.py:151} INFO - [2026-08-14T13:33:41.818+0000] {dagbag.py:536} INFO - Filling up the DagBag from /opt/airflow/dags/dag.py
[2026-08-14T13:33:41.824+0000] {logging_mixin.py:151} INFO - [2026-08-14T13:33:41.823+0000] {dagbag.py:346} ERROR - Failed to import: /opt/airflow/dags/dag.py
Traceback (most recent call last):
  File "/home/airflow/.local/lib/python3.8/site-packages/airflow/models/dagbag.py", line 342, in parse
    loader.exec_module(new_module)
  File "<frozen importlib._bootstrap_external>", line 839, in exec_module
  File "<frozen importlib._bootstrap_external>", line 976, in get_code
  File "<frozen importlib._bootstrap_external>", line 906, in source_to_code
  File "<frozen importlib._bootstrap>", line 219, in _call_with_frames_removed
  File "/opt/airflow/dags/dag.py", line 23
    )as dag
          ^
SyntaxError: invalid syntax
[2026-08-14T13:33:41.824+0000] {processor.py:841} WARNING - No viable dags retrieved from /opt/airflow/dags/dag.py
[2026-08-14T13:33:41.834+0000] {processor.py:179} INFO - Processing /opt/airflow/dags/dag.py took 0.022 seconds
[2026-08-14T13:43:09.945+0000] {processor.py:157} INFO - Started process (PID=15931) to work on /opt/airflow/dags/dag.py
[2026-08-14T13:43:09.948+0000] {processor.py:829} INFO - Processing file /opt/airflow/dags/dag.py for tasks to queue
[2026-08-14T13:43:09.954+0000] {logging_mixin.py:151} INFO - [2026-08-14T13:43:09.954+0000] {dagbag.py:536} INFO - Filling up the DagBag from /opt/airflow/dags/dag.py
[2026-08-14T13:43:09.966+0000] {logging_mixin.py:151} INFO - [2026-08-14T13:43:09.965+0000] {dagbag.py:346} ERROR - Failed to import: /opt/airflow/dags/dag.py
Traceback (most recent call last):
  File "/home/airflow/.local/lib/python3.8/site-packages/airflow/models/dagbag.py", line 342, in parse
    loader.exec_module(new_module)
  File "<frozen importlib._bootstrap_external>", line 839, in exec_module
  File "<frozen importlib._bootstrap_external>", line 976, in get_code
  File "<frozen importlib._bootstrap_external>", line 906, in source_to_code
  File "<frozen importlib._bootstrap>", line 219, in _call_with_frames_removed
  File "/opt/airflow/dags/dag.py", line 23
    )as dag
          ^
SyntaxError: invalid syntax
[2026-08-14T13:43:09.967+0000] {processor.py:841} WARNING - No viable dags retrieved from /opt/airflow/dags/dag.py
[2026-08-14T13:43:09.990+0000] {processor.py:179} INFO - Processing /opt/airflow/dags/dag.py took 0.051 seconds
[2026-08-14T13:54:16.495+0000] {processor.py:157} INFO - Started process (PID=15939) to work on /opt/airflow/dags/dag.py
[2026-08-14T13:54:16.496+0000] {processor.py:829} INFO - Processing file /opt/airflow/dags/dag.py for tasks to queue
[2026-08-14T13:54:16.501+0000] {logging_mixin.py:151} INFO - [2026-08-14T13:54:16.500+0000] {dagbag.py:536} INFO - Filling up the DagBag from /opt/airflow/dags/dag.py
[2026-08-14T13:54:16.504+0000] {logging_mixin.py:151} INFO - [2026-08-14T13:54:16.503+0000] {dagbag.py:346} ERROR - Failed to import: /opt/airflow/dags/dag.py
Traceback (most recent call last):
  File "/home/airflow/.local/lib/python3.8/site-packages/airflow/models/dagbag.py", line 342, in parse
    loader.exec_module(new_module)
  File "<frozen importlib._bootstrap_external>", line 839, in exec_module
  File "<frozen importlib._bootstrap_external>", line 976, in get_code
  File "<frozen importlib._bootstrap_external>", line 906, in source_to_code
  File "<frozen importlib._bootstrap>", line 219, in _call_with_frames_removed
  File "/opt/airflow/dags/dag.py", line 23
    )as dag
          ^
SyntaxError: invalid syntax
[2026-08-14T13:54:16.504+0000] {processor.py:841} WARNING - No viable dags retrieved from /opt/airflow/dags/dag.py
[2026-08-14T13:54:16.521+0000] {processor.py:179} INFO - Processing /opt/airflow/dags/dag.py took 0.028 seconds
[2026-08-14T14:10:32.392+0000] {processor.py:157} INFO - Started process (PID=15947) to work on /opt/airflow/dags/dag.py
[2026-08-14T14:10:32.393+0000] {processor.py:829} INFO - Processing file /opt/airflow/dags/dag.py for tasks to queue
[2026-08-14T14:10:32.396+0000] {logging_mixin.py:151} INFO - [2026-08-14T14:10:32.396+0000] {dagbag.py:536} INFO - Filling up the DagBag from /opt/airflow/dags/dag.py
[2026-08-14T14:10:32.401+0000] {logging_mixin.py:151} INFO - [2026-08-14T14:10:32.400+0000] {dagbag.py:346} ERROR - Failed to import: /opt/airflow/dags/dag.py
Traceback (most recent call last):
  File "/home/airflow/.local/lib/python3.8/site-packages/airflow/models/dagbag.py", line 342, in parse
    loader.exec_module(new_module)
  File "<frozen importlib._bootstrap_external>", line 839, in exec_module
  File "<frozen importlib._bootstrap_external>", line 976, in get_code
  File "<frozen importlib._bootstrap_external>", line 906, in source_to_code
  File "<frozen importlib._bootstrap>", line 219, in _call_with_frames_removed
  File "/opt/airflow/dags/dag.py", line 23
    )as dag
          ^
SyntaxError: invalid syntax
[2026-08-14T14:10:32.401+0000] {processor.py:841} WARNING - No viable dags retrieved from /opt/airflow/dags/dag.py
[2026-08-14T14:10:32.413+0000] {processor.py:179} INFO - Processing /opt/airflow/dags/dag.py took 0.022 seconds
[2026-08-14T14:11:02.727+0000] {processor.py:157} INFO - Started process (PID=15955) to work on /opt/airflow/dags/dag.py
[2026-08-14T14:11:02.728+0000] {processor.py:829} INFO - Processing file /opt/airflow/dags/dag.py for tasks to queue
[2026-08-14T14:11:02.730+0000] {logging_mixin.py:151} INFO - [2026-08-14T14:11:02.730+0000] {dagbag.py:536} INFO - Filling up the DagBag from /opt/airflow/dags/dag.py
[2026-08-14T14:11:02.735+0000] {logging_mixin.py:151} INFO - [2026-08-14T14:11:02.735+0000] {dagbag.py:346} ERROR - Failed to import: /opt/airflow/dags/dag.py
Traceback (most recent call last):
  File "/home/airflow/.local/lib/python3.8/site-packages/airflow/models/dagbag.py", line 342, in parse
    loader.exec_module(new_module)
  File "<frozen importlib._bootstrap_external>", line 839, in exec_module
  File "<frozen importlib._bootstrap_external>", line 976, in get_code
  File "<frozen importlib._bootstrap_external>", line 906, in source_to_code
  File "<frozen importlib._bootstrap>", line 219, in _call_with_frames_removed
  File "/opt/airflow/dags/dag.py", line 23
    )as dag
          ^
SyntaxError: invalid syntax
[2026-08-14T14:11:02.735+0000] {processor.py:841} WARNING - No viable dags retrieved from /opt/airflow/dags/dag.py
[2026-08-14T14:11:02.748+0000] {processor.py:179} INFO - Processing /opt/airflow/dags/dag.py took 0.023 seconds
[2026-08-14T14:55:14.361+0000] {processor.py:157} INFO - Started process (PID=15963) to work on /opt/airflow/dags/dag.py
[2026-08-14T14:55:14.362+0000] {processor.py:829} INFO - Processing file /opt/airflow/dags/dag.py for tasks to queue
[2026-08-14T14:55:14.369+0000] {logging_mixin.py:151} INFO - [2026-08-14T14:55:14.365+0000] {dagbag.py:536} INFO - Filling up the DagBag from /opt/airflow/dags/dag.py
[2026-08-14T14:55:14.372+0000] {logging_mixin.py:151} INFO - [2026-08-14T14:55:14.372+0000] {dagbag.py:346} ERROR - Failed to import: /opt/airflow/dags/dag.py
Traceback (most recent call last):
  File "/home/airflow/.local/lib/python3.8/site-packages/airflow/models/dagbag.py", line 342, in parse
    loader.exec_module(new_module)
  File "<frozen importlib._bootstrap_external>", line 839, in exec_module
  File "<frozen importlib._bootstrap_external>", line 976, in get_code
  File "<frozen importlib._bootstrap_external>", line 906, in source_to_code
  File "<frozen importlib._bootstrap>", line 219, in _call_with_frames_removed
  File "/opt/airflow/dags/dag.py", line 23
    )as dag
          ^
SyntaxError: invalid syntax
[2026-08-14T14:55:14.376+0000] {processor.py:841} WARNING - No viable dags retrieved from /opt/airflow/dags/dag.py
[2026-08-14T14:55:14.394+0000] {processor.py:179} INFO - Processing /opt/airflow/dags/dag.py took 0.036 seconds
[2026-08-14T14:55:44.747+0000] {processor.py:157} INFO - Started process (PID=15971) to work on /opt/airflow/dags/dag.py
[2026-08-14T14:55:44.747+0000] {processor.py:829} INFO - Processing file /opt/airflow/dags/dag.py for tasks to queue
[2026-08-14T14:55:44.749+0000] {logging_mixin.py:151} INFO - [2026-08-14T14:55:44.749+0000] {dagbag.py:536} INFO - Filling up the DagBag from /opt/airflow/dags/dag.py
[2026-08-14T14:55:44.755+0000] {logging_mixin.py:151} INFO - [2026-08-14T14:55:44.754+0000] {dagbag.py:346} ERROR - Failed to import: /opt/airflow/dags/dag.py
Traceback (most recent call last):
  File "/home/airflow/.local/lib/python3.8/site-packages/airflow/models/dagbag.py", line 342, in parse
    loader.exec_module(new_module)
  File "<frozen importlib._bootstrap_external>", line 839, in exec_module
  File "<frozen importlib._bootstrap_external>", line 976, in get_code
  File "<frozen importlib._bootstrap_external>", line 906, in source_to_code
  File "<frozen importlib._bootstrap>", line 219, in _call_with_frames_removed
  File "/opt/airflow/dags/dag.py", line 23
    )as dag
          ^
SyntaxError: invalid syntax
[2026-08-14T14:55:44.755+0000] {processor.py:841} WARNING - No viable dags retrieved from /opt/airflow/dags/dag.py
[2026-08-14T14:55:44.769+0000] {processor.py:179} INFO - Processing /opt/airflow/dags/dag.py took 0.025 seconds
[2026-08-14T15:26:29.761+0000] {processor.py:157} INFO - Started process (PID=15979) to work on /opt/airflow/dags/dag.py
[2026-08-14T15:26:29.763+0000] {processor.py:829} INFO - Processing file /opt/airflow/dags/dag.py for tasks to queue
[2026-08-14T15:26:29.768+0000] {logging_mixin.py:151} INFO - [2026-08-14T15:26:29.768+0000] {dagbag.py:536} INFO - Filling up the DagBag from /opt/airflow/dags/dag.py
[2026-08-14T15:26:29.771+0000] {logging_mixin.py:151} INFO - [2026-08-14T15:26:29.770+0000] {dagbag.py:346} ERROR - Failed to import: /opt/airflow/dags/dag.py
Traceback (most recent call last):
  File "/home/airflow/.local/lib/python3.8/site-packages/airflow/models/dagbag.py", line 342, in parse
    loader.exec_module(new_module)
  File "<frozen importlib._bootstrap_external>", line 839, in exec_module
  File "<frozen importlib._bootstrap_external>", line 976, in get_code
  File "<frozen importlib._bootstrap_external>", line 906, in source_to_code
  File "<frozen importlib._bootstrap>", line 219, in _call_with_frames_removed
  File "/opt/airflow/dags/dag.py", line 23
    )as dag
          ^
SyntaxError: invalid syntax
[2026-08-14T15:26:29.771+0000] {processor.py:841} WARNING - No viable dags retrieved from /opt/airflow/dags/dag.py
[2026-08-14T15:26:29.788+0000] {processor.py:179} INFO - Processing /opt/airflow/dags/dag.py took 0.030 seconds
[2026-08-14T15:27:00.169+0000] {processor.py:157} INFO - Started process (PID=15987) to work on /opt/airflow/dags/dag.py
[2026-08-14T15:27:00.170+0000] {processor.py:829} INFO - Processing file /opt/airflow/dags/dag.py for tasks to queue
[2026-08-14T15:27:00.175+0000] {logging_mixin.py:151} INFO - [2026-08-14T15:27:00.175+0000] {dagbag.py:536} INFO - Filling up the DagBag from /opt/airflow/dags/dag.py
[2026-08-14T15:27:00.179+0000] {logging_mixin.py:151} INFO - [2026-08-14T15:27:00.179+0000] {dagbag.py:346} ERROR - Failed to import: /opt/airflow/dags/dag.py
Traceback (most recent call last):
  File "/home/airflow/.local/lib/python3.8/site-packages/airflow/models/dagbag.py", line 342, in parse
    loader.exec_module(new_module)
  File "<frozen importlib._bootstrap_external>", line 839, in exec_module
  File "<frozen importlib._bootstrap_external>", line 976, in get_code
  File "<frozen importlib._bootstrap_external>", line 906, in source_to_code
  File "<frozen importlib._bootstrap>", line 219, in _call_with_frames_removed
  File "/opt/airflow/dags/dag.py", line 23
    )as dag
          ^
SyntaxError: invalid syntax
[2026-08-14T15:27:00.180+0000] {processor.py:841} WARNING - No viable dags retrieved from /opt/airflow/dags/dag.py
[2026-08-14T15:27:00.193+0000] {processor.py:179} INFO - Processing /opt/airflow/dags/dag.py took 0.027 seconds
[2026-08-14T15:42:34.153+0000] {processor.py:157} INFO - Started process (PID=15995) to work on /opt/airflow/dags/dag.py
[2026-08-14T15:42:34.155+0000] {processor.py:829} INFO - Processing file /opt/airflow/dags/dag.py for tasks to queue
[2026-08-14T15:42:34.157+0000] {logging_mixin.py:151} INFO - [2026-08-14T15:42:34.157+0000] {dagbag.py:536} INFO - Filling up the DagBag from /opt/airflow/dags/dag.py
[2026-08-14T15:42:34.163+0000] {logging_mixin.py:151} INFO - [2026-08-14T15:42:34.162+0000] {dagbag.py:346} ERROR - Failed to import: /opt/airflow/dags/dag.py
Traceback (most recent call last):
  File "/home/airflow/.local/lib/python3.8/site-packages/airflow/models/dagbag.py", line 342, in parse
    loader.exec_module(new_module)
  File "<frozen importlib._bootstrap_external>", line 839, in exec_module
  File "<frozen importlib._bootstrap_external>", line 976, in get_code
  File "<frozen importlib._bootstrap_external>", line 906, in source_to_code
  File "<frozen importlib._bootstrap>", line 219, in _call_with_frames_removed
  File "/opt/airflow/dags/dag.py", line 23
    )as dag
          ^
SyntaxError: invalid syntax
[2026-08-14T15:42:34.163+0000] {processor.py:841} WARNING - No viable dags retrieved from /opt/airflow/dags/dag.py
[2026-08-14T15:42:34.174+0000] {processor.py:179} INFO - Processing /opt/airflow/dags/dag.py took 0.024 seconds
[2026-08-14T15:55:00.194+0000] {processor.py:157} INFO - Started process (PID=16003) to work on /opt/airflow/dags/dag.py
[2026-08-14T15:55:00.195+0000] {processor.py:829} INFO - Processing file /opt/airflow/dags/dag.py for tasks to queue
[2026-08-14T15:55:00.197+0000] {logging_mixin.py:151} INFO - [2026-08-14T15:55:00.197+0000] {dagbag.py:536} INFO - Filling up the DagBag from /opt/airflow/dags/dag.py
[2026-08-14T15:55:00.204+0000] {logging_mixin.py:151} INFO - [2026-08-14T15:55:00.203+0000] {dagbag.py:346} ERROR - Failed to import: /opt/airflow/dags/dag.py
Traceback (most recent call last):
  File "/home/airflow/.local/lib/python3.8/site-packages/airflow/models/dagbag.py", line 342, in parse
    loader.exec_module(new_module)
  File "<frozen importlib._bootstrap_external>", line 839, in exec_module
  File "<frozen importlib._bootstrap_external>", line 976, in get_code
  File "<frozen importlib._bootstrap_external>", line 906, in source_to_code
  File "<frozen importlib._bootstrap>", line 219, in _call_with_frames_removed
  File "/opt/airflow/dags/dag.py", line 23
    )as dag
          ^
SyntaxError: invalid syntax
[2026-08-14T15:55:00.204+0000] {processor.py:841} WARNING - No viable dags retrieved from /opt/airflow/dags/dag.py
[2026-08-14T15:55:00.220+0000] {processor.py:179} INFO - Processing /opt/airflow/dags/dag.py took 0.029 seconds
[2026-08-14T16:15:28.646+0000] {processor.py:157} INFO - Started process (PID=16011) to work on /opt/airflow/dags/dag.py
[2026-08-14T16:15:28.647+0000] {processor.py:829} INFO - Processing file /opt/airflow/dags/dag.py for tasks to queue
[2026-08-14T16:15:28.648+0000] {logging_mixin.py:151} INFO - [2026-08-14T16:15:28.648+0000] {dagbag.py:536} INFO - Filling up the DagBag from /opt/airflow/dags/dag.py
[2026-08-14T16:15:28.656+0000] {logging_mixin.py:151} INFO - [2026-08-14T16:15:28.655+0000] {dagbag.py:346} ERROR - Failed to import: /opt/airflow/dags/dag.py
Traceback (most recent call last):
  File "/home/airflow/.local/lib/python3.8/site-packages/airflow/models/dagbag.py", line 342, in parse
    loader.exec_module(new_module)
  File "<frozen importlib._bootstrap_external>", line 839, in exec_module
  File "<frozen importlib._bootstrap_external>", line 976, in get_code
  File "<frozen importlib._bootstrap_external>", line 906, in source_to_code
  File "<frozen importlib._bootstrap>", line 219, in _call_with_frames_removed
  File "/opt/airflow/dags/dag.py", line 23
    )as dag
          ^
SyntaxError: invalid syntax
[2026-08-14T16:15:28.656+0000] {processor.py:841} WARNING - No viable dags retrieved from /opt/airflow/dags/dag.py
[2026-08-14T16:15:28.672+0000] {processor.py:179} INFO - Processing /opt/airflow/dags/dag.py took 0.028 seconds
[2026-08-14T16:15:59.107+0000] {processor.py:157} INFO - Started process (PID=16019) to work on /opt/airflow/dags/dag.py
[2026-08-14T16:15:59.108+0000] {processor.py:829} INFO - Processing file /opt/airflow/dags/dag.py for tasks to queue
[2026-08-14T16:15:59.111+0000] {logging_mixin.py:151} INFO - [2026-08-14T16:15:59.110+0000] {dagbag.py:536} INFO - Filling up the DagBag from /opt/airflow/dags/dag.py
[2026-08-14T16:15:59.118+0000] {logging_mixin.py:151} INFO - [2026-08-14T16:15:59.117+0000] {dagbag.py:346} ERROR - Failed to import: /opt/airflow/dags/dag.py
Traceback (most recent call last):
  File "/home/airflow/.local/lib/python3.8/site-packages/airflow/models/dagbag.py", line 342, in parse
    loader.exec_module(new_module)
  File "<frozen importlib._bootstrap_external>", line 839, in exec_module
  File "<frozen importlib._bootstrap_external>", line 976, in get_code
  File "<frozen importlib._bootstrap_external>", line 906, in source_to_code
  File "<frozen importlib._bootstrap>", line 219, in _call_with_frames_removed
  File "/opt/airflow/dags/dag.py", line 23
    )as dag
          ^
SyntaxError: invalid syntax
[2026-08-14T16:15:59.118+0000] {processor.py:841} WARNING - No viable dags retrieved from /opt/airflow/dags/dag.py
[2026-08-14T16:15:59.145+0000] {processor.py:179} INFO - Processing /opt/airflow/dags/dag.py took 0.042 seconds
[2026-08-14T16:16:29.451+0000] {processor.py:157} INFO - Started process (PID=16027) to work on /opt/airflow/dags/dag.py
[2026-08-14T16:16:29.453+0000] {processor.py:829} INFO - Processing file /opt/airflow/dags/dag.py for tasks to queue
[2026-08-14T16:16:29.454+0000] {logging_mixin.py:151} INFO - [2026-08-14T16:16:29.454+0000] {dagbag.py:536} INFO - Filling up the DagBag from /opt/airflow/dags/dag.py
[2026-08-14T16:16:29.458+0000] {logging_mixin.py:151} INFO - [2026-08-14T16:16:29.457+0000] {dagbag.py:346} ERROR - Failed to import: /opt/airflow/dags/dag.py
Traceback (most recent call last):
  File "/home/airflow/.local/lib/python3.8/site-packages/airflow/models/dagbag.py", line 342, in parse
    loader.exec_module(new_module)
  File "<frozen importlib._bootstrap_external>", line 839, in exec_module
  File "<frozen importlib._bootstrap_external>", line 976, in get_code
  File "<frozen importlib._bootstrap_external>", line 906, in source_to_code
  File "<frozen importlib._bootstrap>", line 219, in _call_with_frames_removed
  File "/opt/airflow/dags/dag.py", line 23
    )as dag
          ^
SyntaxError: invalid syntax
[2026-08-14T16:16:29.458+0000] {processor.py:841} WARNING - No viable dags retrieved from /opt/airflow/dags/dag.py
[2026-08-14T16:16:29.473+0000] {processor.py:179} INFO - Processing /opt/airflow/dags/dag.py took 0.025 seconds
[2026-08-14T16:16:59.744+0000] {processor.py:157} INFO - Started process (PID=16035) to work on /opt/airflow/dags/dag.py
[2026-08-14T16:16:59.746+0000] {processor.py:829} INFO - Processing file /opt/airflow/dags/dag.py for tasks to queue
[2026-08-14T16:16:59.750+0000] {logging_mixin.py:151} INFO - [2026-08-14T16:16:59.750+0000] {dagbag.py:536} INFO - Filling up the DagBag from /opt/airflow/dags/dag.py
[2026-08-14T16:16:59.753+0000] {logging_mixin.py:151} INFO - [2026-08-14T16:16:59.753+0000] {dagbag.py:346} ERROR - Failed to import: /opt/airflow/dags/dag.py
Traceback (most recent call last):
  File "/home/airflow/.local/lib/python3.8/site-packages/airflow/models/dagbag.py", line 342, in parse
    loader.exec_module(new_module)
  File "<frozen importlib._bootstrap_external>", line 839, in exec_module
  File "<frozen importlib._bootstrap_external>", line 976, in get_code
  File "<frozen importlib._bootstrap_external>", line 906, in source_to_code
  File "<frozen importlib._bootstrap>", line 219, in _call_with_frames_removed
  File "/opt/airflow/dags/dag.py", line 23
    )as dag
          ^
SyntaxError: invalid syntax
[2026-08-14T16:16:59.757+0000] {processor.py:841} WARNING - No viable dags retrieved from /opt/airflow/dags/dag.py
[2026-08-14T16:16:59.769+0000] {processor.py:179} INFO - Processing /opt/airflow/dags/dag.py took 0.029 seconds
[2026-08-14T16:17:30.179+0000] {processor.py:157} INFO - Started process (PID=16043) to work on /opt/airflow/dags/dag.py
[2026-08-14T16:17:30.180+0000] {processor.py:829} INFO - Processing file /opt/airflow/dags/dag.py for tasks to queue
[2026-08-14T16:17:30.186+0000] {logging_mixin.py:151} INFO - [2026-08-14T16:17:30.185+0000] {dagbag.py:536} INFO - Filling up the DagBag from /opt/airflow/dags/dag.py
[2026-08-14T16:17:30.189+0000] {logging_mixin.py:151} INFO - [2026-08-14T16:17:30.188+0000] {dagbag.py:346} ERROR - Failed to import: /opt/airflow/dags/dag.py
Traceback (most recent call last):
  File "/home/airflow/.local/lib/python3.8/site-packages/airflow/models/dagbag.py", line 342, in parse
    loader.exec_module(new_module)
  File "<frozen importlib._bootstrap_external>", line 839, in exec_module
  File "<frozen importlib._bootstrap_external>", line 976, in get_code
  File "<frozen importlib._bootstrap_external>", line 906, in source_to_code
  File "<frozen importlib._bootstrap>", line 219, in _call_with_frames_removed
  File "/opt/airflow/dags/dag.py", line 23
    )as dag
          ^
SyntaxError: invalid syntax
[2026-08-14T16:17:30.191+0000] {processor.py:841} WARNING - No viable dags retrieved from /opt/airflow/dags/dag.py
[2026-08-14T16:17:30.205+0000] {processor.py:179} INFO - Processing /opt/airflow/dags/dag.py took 0.028 seconds
[2026-08-14T16:18:00.418+0000] {processor.py:157} INFO - Started process (PID=16051) to work on /opt/airflow/dags/dag.py
[2026-08-14T16:18:00.418+0000] {processor.py:829} INFO - Processing file /opt/airflow/dags/dag.py for tasks to queue
[2026-08-14T16:18:00.419+0000] {logging_mixin.py:151} INFO - [2026-08-14T16:18:00.419+0000] {dagbag.py:536} INFO - Filling up the DagBag from /opt/airflow/dags/dag.py
[2026-08-14T16:18:00.427+0000] {logging_mixin.py:151} INFO - [2026-08-14T16:18:00.426+0000] {dagbag.py:346} ERROR - Failed to import: /opt/airflow/dags/dag.py
Traceback (most recent call last):
  File "/home/airflow/.local/lib/python3.8/site-packages/airflow/models/dagbag.py", line 342, in parse
    loader.exec_module(new_module)
  File "<frozen importlib._bootstrap_external>", line 839, in exec_module
  File "<frozen importlib._bootstrap_external>", line 976, in get_code
  File "<frozen importlib._bootstrap_external>", line 906, in source_to_code
  File "<frozen importlib._bootstrap>", line 219, in _call_with_frames_removed
  File "/opt/airflow/dags/dag.py", line 23
    )as dag
          ^
SyntaxError: invalid syntax
[2026-08-14T16:18:00.427+0000] {processor.py:841} WARNING - No viable dags retrieved from /opt/airflow/dags/dag.py
[2026-08-14T16:18:00.438+0000] {processor.py:179} INFO - Processing /opt/airflow/dags/dag.py took 0.024 seconds
[2026-08-14T16:18:30.688+0000] {processor.py:157} INFO - Started process (PID=16059) to work on /opt/airflow/dags/dag.py
[2026-08-14T16:18:30.690+0000] {processor.py:829} INFO - Processing file /opt/airflow/dags/dag.py for tasks to queue
[2026-08-14T16:18:30.692+0000] {logging_mixin.py:151} INFO - [2026-08-14T16:18:30.691+0000] {dagbag.py:536} INFO - Filling up the DagBag from /opt/airflow/dags/dag.py
[2026-08-14T16:18:30.698+0000] {logging_mixin.py:151} INFO - [2026-08-14T16:18:30.697+0000] {dagbag.py:346} ERROR - Failed to import: /opt/airflow/dags/dag.py
Traceback (most recent call last):
  File "/home/airflow/.local/lib/python3.8/site-packages/airflow/models/dagbag.py", line 342, in parse
    loader.exec_module(new_module)
  File "<frozen importlib._bootstrap_external>", line 839, in exec_module
  File "<frozen importlib._bootstrap_external>", line 976, in get_code
  File "<frozen importlib._bootstrap_external>", line 906, in source_to_code
  File "<frozen importlib._bootstrap>", line 219, in _call_with_frames_removed
  File "/opt/airflow/dags/dag.py", line 23
    )as dag
          ^
SyntaxError: invalid syntax
[2026-08-14T16:18:30.698+0000] {processor.py:841} WARNING - No viable dags retrieved from /opt/airflow/dags/dag.py
[2026-08-14T16:18:30.714+0000] {processor.py:179} INFO - Processing /opt/airflow/dags/dag.py took 0.028 seconds
[2026-08-14T16:19:01.011+0000] {processor.py:157} INFO - Started process (PID=16067) to work on /opt/airflow/dags/dag.py
[2026-08-14T16:19:01.012+0000] {processor.py:829} INFO - Processing file /opt/airflow/dags/dag.py for tasks to queue
[2026-08-14T16:19:01.014+0000] {logging_mixin.py:151} INFO - [2026-08-14T16:19:01.014+0000] {dagbag.py:536} INFO - Filling up the DagBag from /opt/airflow/dags/dag.py
[2026-08-14T16:19:01.021+0000] {logging_mixin.py:151} INFO - [2026-08-14T16:19:01.020+0000] {dagbag.py:346} ERROR - Failed to import: /opt/airflow/dags/dag.py
Traceback (most recent call last):
  File "/home/airflow/.local/lib/python3.8/site-packages/airflow/models/dagbag.py", line 342, in parse
    loader.exec_module(new_module)
  File "<frozen importlib._bootstrap_external>", line 839, in exec_module
  File "<frozen importlib._bootstrap_external>", line 976, in get_code
  File "<frozen importlib._bootstrap_external>", line 906, in source_to_code
  File "<frozen importlib._bootstrap>", line 219, in _call_with_frames_removed
  File "/opt/airflow/dags/dag.py", line 23
    )as dag
          ^
SyntaxError: invalid syntax
[2026-08-14T16:19:01.024+0000] {processor.py:841} WARNING - No viable dags retrieved from /opt/airflow/dags/dag.py
[2026-08-14T16:19:01.039+0000] {processor.py:179} INFO - Processing /opt/airflow/dags/dag.py took 0.030 seconds
[2026-08-14T16:19:31.309+0000] {processor.py:157} INFO - Started process (PID=16074) to work on /opt/airflow/dags/dag.py
[2026-08-14T16:19:31.310+0000] {processor.py:829} INFO - Processing file /opt/airflow/dags/dag.py for tasks to queue
[2026-08-14T16:19:31.311+0000] {logging_mixin.py:151} INFO - [2026-08-14T16:19:31.311+0000] {dagbag.py:536} INFO - Filling up the DagBag from /opt/airflow/dags/dag.py
[2026-08-14T16:19:31.316+0000] {logging_mixin.py:151} INFO - [2026-08-14T16:19:31.316+0000] {dagbag.py:346} ERROR - Failed to import: /opt/airflow/dags/dag.py
Traceback (most recent call last):
  File "/home/airflow/.local/lib/python3.8/site-packages/airflow/models/dagbag.py", line 342, in parse
    loader.exec_module(new_module)
  File "<frozen importlib._bootstrap_external>", line 839, in exec_module
  File "<frozen importlib._bootstrap_external>", line 976, in get_code
  File "<frozen importlib._bootstrap_external>", line 906, in source_to_code
  File "<frozen importlib._bootstrap>", line 219, in _call_with_frames_removed
  File "/opt/airflow/dags/dag.py", line 23
    )as dag
          ^
SyntaxError: invalid syntax
[2026-08-14T16:19:31.317+0000] {processor.py:841} WARNING - No viable dags retrieved from /opt/airflow/dags/dag.py
[2026-08-14T16:19:31.328+0000] {processor.py:179} INFO - Processing /opt/airflow/dags/dag.py took 0.021 seconds
[2026-08-14T16:20:01.590+0000] {processor.py:157} INFO - Started process (PID=16082) to work on /opt/airflow/dags/dag.py
[2026-08-14T16:20:01.592+0000] {processor.py:829} INFO - Processing file /opt/airflow/dags/dag.py for tasks to queue
[2026-08-14T16:20:01.595+0000] {logging_mixin.py:151} INFO - [2026-08-14T16:20:01.595+0000] {dagbag.py:536} INFO - Filling up the DagBag from /opt/airflow/dags/dag.py
[2026-08-14T16:20:01.600+0000] {logging_mixin.py:151} INFO - [2026-08-14T16:20:01.600+0000] {dagbag.py:346} ERROR - Failed to import: /opt/airflow/dags/dag.py
Traceback (most recent call last):
  File "/home/airflow/.local/lib/python3.8/site-packages/airflow/models/dagbag.py", line 342, in parse
    loader.exec_module(new_module)
  File "<frozen importlib._bootstrap_external>", line 839, in exec_module
  File "<frozen importlib._bootstrap_external>", line 976, in get_code
  File "<frozen importlib._bootstrap_external>", line 906, in source_to_code
  File "<frozen importlib._bootstrap>", line 219, in _call_with_frames_removed
  File "/opt/airflow/dags/dag.py", line 23
    )as dag
          ^
SyntaxError: invalid syntax
[2026-08-14T16:20:01.604+0000] {processor.py:841} WARNING - No viable dags retrieved from /opt/airflow/dags/dag.py
[2026-08-14T16:20:01.619+0000] {processor.py:179} INFO - Processing /opt/airflow/dags/dag.py took 0.031 seconds
[2026-08-14T16:20:31.886+0000] {processor.py:157} INFO - Started process (PID=16091) to work on /opt/airflow/dags/dag.py
[2026-08-14T16:20:31.887+0000] {processor.py:829} INFO - Processing file /opt/airflow/dags/dag.py for tasks to queue
[2026-08-14T16:20:31.889+0000] {logging_mixin.py:151} INFO - [2026-08-14T16:20:31.889+0000] {dagbag.py:536} INFO - Filling up the DagBag from /opt/airflow/dags/dag.py
[2026-08-14T16:20:31.894+0000] {logging_mixin.py:151} INFO - [2026-08-14T16:20:31.894+0000] {dagbag.py:346} ERROR - Failed to import: /opt/airflow/dags/dag.py
Traceback (most recent call last):
  File "/home/airflow/.local/lib/python3.8/site-packages/airflow/models/dagbag.py", line 342, in parse
    loader.exec_module(new_module)
  File "<frozen importlib._bootstrap_external>", line 839, in exec_module
  File "<frozen importlib._bootstrap_external>", line 976, in get_code
  File "<frozen importlib._bootstrap_external>", line 906, in source_to_code
  File "<frozen importlib._bootstrap>", line 219, in _call_with_frames_removed
  File "/opt/airflow/dags/dag.py", line 23
    )as dag
          ^
SyntaxError: invalid syntax
[2026-08-14T16:20:31.894+0000] {processor.py:841} WARNING - No viable dags retrieved from /opt/airflow/dags/dag.py
[2026-08-14T16:20:31.908+0000] {processor.py:179} INFO - Processing /opt/airflow/dags/dag.py took 0.024 seconds
[2026-08-14T16:21:02.188+0000] {processor.py:157} INFO - Started process (PID=16099) to work on /opt/airflow/dags/dag.py
[2026-08-14T16:21:02.189+0000] {processor.py:829} INFO - Processing file /opt/airflow/dags/dag.py for tasks to queue
[2026-08-14T16:21:02.192+0000] {logging_mixin.py:151} INFO - [2026-08-14T16:21:02.192+0000] {dagbag.py:536} INFO - Filling up the DagBag from /opt/airflow/dags/dag.py
[2026-08-14T16:21:02.197+0000] {logging_mixin.py:151} INFO - [2026-08-14T16:21:02.196+0000] {dagbag.py:346} ERROR - Failed to import: /opt/airflow/dags/dag.py
Traceback (most recent call last):
  File "/home/airflow/.local/lib/python3.8/site-packages/airflow/models/dagbag.py", line 342, in parse
    loader.exec_module(new_module)
  File "<frozen importlib._bootstrap_external>", line 839, in exec_module
  File "<frozen importlib._bootstrap_external>", line 976, in get_code
  File "<frozen importlib._bootstrap_external>", line 906, in source_to_code
  File "<frozen importlib._bootstrap>", line 219, in _call_with_frames_removed
  File "/opt/airflow/dags/dag.py", line 23
    )as dag
          ^
SyntaxError: invalid syntax
[2026-08-14T16:21:02.197+0000] {processor.py:841} WARNING - No viable dags retrieved from /opt/airflow/dags/dag.py
[2026-08-14T16:21:02.211+0000] {processor.py:179} INFO - Processing /opt/airflow/dags/dag.py took 0.026 seconds
[2026-08-14T16:21:32.478+0000] {processor.py:157} INFO - Started process (PID=16107) to work on /opt/airflow/dags/dag.py
[2026-08-14T16:21:32.479+0000] {processor.py:829} INFO - Processing file /opt/airflow/dags/dag.py for tasks to queue
[2026-08-14T16:21:32.481+0000] {logging_mixin.py:151} INFO - [2026-08-14T16:21:32.481+0000] {dagbag.py:536} INFO - Filling up the DagBag from /opt/airflow/dags/dag.py
[2026-08-14T16:21:32.486+0000] {logging_mixin.py:151} INFO - [2026-08-14T16:21:32.485+0000] {dagbag.py:346} ERROR - Failed to import: /opt/airflow/dags/dag.py
Traceback (most recent call last):
  File "/home/airflow/.local/lib/python3.8/site-packages/airflow/models/dagbag.py", line 342, in parse
    loader.exec_module(new_module)
  File "<frozen importlib._bootstrap_external>", line 839, in exec_module
  File "<frozen importlib._bootstrap_external>", line 976, in get_code
  File "<frozen importlib._bootstrap_external>", line 906, in source_to_code
  File "<frozen importlib._bootstrap>", line 219, in _call_with_frames_removed
  File "/opt/airflow/dags/dag.py", line 23
    )as dag
          ^
SyntaxError: invalid syntax
[2026-08-14T16:21:32.486+0000] {processor.py:841} WARNING - No viable dags retrieved from /opt/airflow/dags/dag.py
[2026-08-14T16:21:32.500+0000] {processor.py:179} INFO - Processing /opt/airflow/dags/dag.py took 0.024 seconds
[2026-08-14T16:22:02.768+0000] {processor.py:157} INFO - Started process (PID=16115) to work on /opt/airflow/dags/dag.py
[2026-08-14T16:22:02.769+0000] {processor.py:829} INFO - Processing file /opt/airflow/dags/dag.py for tasks to queue
[2026-08-14T16:22:02.771+0000] {logging_mixin.py:151} INFO - [2026-08-14T16:22:02.770+0000] {dagbag.py:536} INFO - Filling up the DagBag from /opt/airflow/dags/dag.py
[2026-08-14T16:22:02.777+0000] {logging_mixin.py:151} INFO - [2026-08-14T16:22:02.777+0000] {dagbag.py:346} ERROR - Failed to import: /opt/airflow/dags/dag.py
Traceback (most recent call last):
  File "/home/airflow/.local/lib/python3.8/site-packages/airflow/models/dagbag.py", line 342, in parse
    loader.exec_module(new_module)
  File "<frozen importlib._bootstrap_external>", line 839, in exec_module
  File "<frozen importlib._bootstrap_external>", line 976, in get_code
  File "<frozen importlib._bootstrap_external>", line 906, in source_to_code
  File "<frozen importlib._bootstrap>", line 219, in _call_with_frames_removed
  File "/opt/airflow/dags/dag.py", line 23
    )as dag
          ^
SyntaxError: invalid syntax
[2026-08-14T16:22:02.778+0000] {processor.py:841} WARNING - No viable dags retrieved from /opt/airflow/dags/dag.py
[2026-08-14T16:22:02.792+0000] {processor.py:179} INFO - Processing /opt/airflow/dags/dag.py took 0.026 seconds
[2026-08-14T16:22:33.071+0000] {processor.py:157} INFO - Started process (PID=16123) to work on /opt/airflow/dags/dag.py
[2026-08-14T16:22:33.073+0000] {processor.py:829} INFO - Processing file /opt/airflow/dags/dag.py for tasks to queue
[2026-08-14T16:22:33.074+0000] {logging_mixin.py:151} INFO - [2026-08-14T16:22:33.074+0000] {dagbag.py:536} INFO - Filling up the DagBag from /opt/airflow/dags/dag.py
[2026-08-14T16:22:33.079+0000] {logging_mixin.py:151} INFO - [2026-08-14T16:22:33.078+0000] {dagbag.py:346} ERROR - Failed to import: /opt/airflow/dags/dag.py
Traceback (most recent call last):
  File "/home/airflow/.local/lib/python3.8/site-packages/airflow/models/dagbag.py", line 342, in parse
    loader.exec_module(new_module)
  File "<frozen importlib._bootstrap_external>", line 839, in exec_module
  File "<frozen importlib._bootstrap_external>", line 976, in get_code
  File "<frozen importlib._bootstrap_external>", line 906, in source_to_code
  File "<frozen importlib._bootstrap>", line 219, in _call_with_frames_removed
  File "/opt/airflow/dags/dag.py", line 23
    )as dag
          ^
SyntaxError: invalid syntax
[2026-08-14T16:22:33.079+0000] {processor.py:841} WARNING - No viable dags retrieved from /opt/airflow/dags/dag.py
[2026-08-14T16:22:33.093+0000] {processor.py:179} INFO - Processing /opt/airflow/dags/dag.py took 0.024 seconds
[2026-08-14T16:23:03.395+0000] {processor.py:157} INFO - Started process (PID=16131) to work on /opt/airflow/dags/dag.py
[2026-08-14T16:23:03.396+0000] {processor.py:829} INFO - Processing file /opt/airflow/dags/dag.py for tasks to queue
[2026-08-14T16:23:03.397+0000] {logging_mixin.py:151} INFO - [2026-08-14T16:23:03.397+0000] {dagbag.py:536} INFO - Filling up the DagBag from /opt/airflow/dags/dag.py
[2026-08-14T16:23:03.403+0000] {logging_mixin.py:151} INFO - [2026-08-14T16:23:03.402+0000] {dagbag.py:346} ERROR - Failed to import: /opt/airflow/dags/dag.py
Traceback (most recent call last):
  File "/home/airflow/.local/lib/python3.8/site-packages/airflow/models/dagbag.py", line 342, in parse
    loader.exec_module(new_module)
  File "<frozen importlib._bootstrap_external>", line 839, in exec_module
  File "<frozen importlib._bootstrap_external>", line 976, in get_code
  File "<frozen importlib._bootstrap_external>", line 906, in source_to_code
  File "<frozen importlib._bootstrap>", line 219, in _call_with_frames_removed
  File "/opt/airflow/dags/dag.py", line 23
    )as dag
          ^
SyntaxError: invalid syntax
[2026-08-14T16:23:03.403+0000] {processor.py:841} WARNING - No viable dags retrieved from /opt/airflow/dags/dag.py
[2026-08-14T16:23:03.413+0000] {processor.py:179} INFO - Processing /opt/airflow/dags/dag.py took 0.020 seconds
[2026-08-14T16:23:33.687+0000] {processor.py:157} INFO - Started process (PID=16139) to work on /opt/airflow/dags/dag.py
[2026-08-14T16:23:33.688+0000] {processor.py:829} INFO - Processing file /opt/airflow/dags/dag.py for tasks to queue
[2026-08-14T16:23:33.690+0000] {logging_mixin.py:151} INFO - [2026-08-14T16:23:33.690+0000] {dagbag.py:536} INFO - Filling up the DagBag from /opt/airflow/dags/dag.py
[2026-08-14T16:23:33.697+0000] {logging_mixin.py:151} INFO - [2026-08-14T16:23:33.696+0000] {dagbag.py:346} ERROR - Failed to import: /opt/airflow/dags/dag.py
Traceback (most recent call last):
  File "/home/airflow/.local/lib/python3.8/site-packages/airflow/models/dagbag.py", line 342, in parse
    loader.exec_module(new_module)
  File "<frozen importlib._bootstrap_external>", line 839, in exec_module
  File "<frozen importlib._bootstrap_external>", line 976, in get_code
  File "<frozen importlib._bootstrap_external>", line 906, in source_to_code
  File "<frozen importlib._bootstrap>", line 219, in _call_with_frames_removed
  File "/opt/airflow/dags/dag.py", line 23
    )as dag
          ^
SyntaxError: invalid syntax
[2026-08-14T16:23:33.697+0000] {processor.py:841} WARNING - No viable dags retrieved from /opt/airflow/dags/dag.py
[2026-08-14T16:23:33.712+0000] {processor.py:179} INFO - Processing /opt/airflow/dags/dag.py took 0.028 seconds
[2026-08-14T16:24:03.965+0000] {processor.py:157} INFO - Started process (PID=16147) to work on /opt/airflow/dags/dag.py
[2026-08-14T16:24:03.966+0000] {processor.py:829} INFO - Processing file /opt/airflow/dags/dag.py for tasks to queue
[2026-08-14T16:24:03.969+0000] {logging_mixin.py:151} INFO - [2026-08-14T16:24:03.969+0000] {dagbag.py:536} INFO - Filling up the DagBag from /opt/airflow/dags/dag.py
[2026-08-14T16:24:03.973+0000] {logging_mixin.py:151} INFO - [2026-08-14T16:24:03.973+0000] {dagbag.py:346} ERROR - Failed to import: /opt/airflow/dags/dag.py
Traceback (most recent call last):
  File "/home/airflow/.local/lib/python3.8/site-packages/airflow/models/dagbag.py", line 342, in parse
    loader.exec_module(new_module)
  File "<frozen importlib._bootstrap_external>", line 839, in exec_module
  File "<frozen importlib._bootstrap_external>", line 976, in get_code
  File "<frozen importlib._bootstrap_external>", line 906, in source_to_code
  File "<frozen importlib._bootstrap>", line 219, in _call_with_frames_removed
  File "/opt/airflow/dags/dag.py", line 23
    )as dag
          ^
SyntaxError: invalid syntax
[2026-08-14T16:24:03.974+0000] {processor.py:841} WARNING - No viable dags retrieved from /opt/airflow/dags/dag.py
[2026-08-14T16:24:03.988+0000] {processor.py:179} INFO - Processing /opt/airflow/dags/dag.py took 0.025 seconds
[2026-08-14T16:24:34.272+0000] {processor.py:157} INFO - Started process (PID=16155) to work on /opt/airflow/dags/dag.py
[2026-08-14T16:24:34.273+0000] {processor.py:829} INFO - Processing file /opt/airflow/dags/dag.py for tasks to queue
[2026-08-14T16:24:34.277+0000] {logging_mixin.py:151} INFO - [2026-08-14T16:24:34.277+0000] {dagbag.py:536} INFO - Filling up the DagBag from /opt/airflow/dags/dag.py
[2026-08-14T16:24:34.285+0000] {logging_mixin.py:151} INFO - [2026-08-14T16:24:34.285+0000] {dagbag.py:346} ERROR - Failed to import: /opt/airflow/dags/dag.py
Traceback (most recent call last):
  File "/home/airflow/.local/lib/python3.8/site-packages/airflow/models/dagbag.py", line 342, in parse
    loader.exec_module(new_module)
  File "<frozen importlib._bootstrap_external>", line 839, in exec_module
  File "<frozen importlib._bootstrap_external>", line 976, in get_code
  File "<frozen importlib._bootstrap_external>", line 906, in source_to_code
  File "<frozen importlib._bootstrap>", line 219, in _call_with_frames_removed
  File "/opt/airflow/dags/dag.py", line 23
    )as dag
          ^
SyntaxError: invalid syntax
[2026-08-14T16:24:34.286+0000] {processor.py:841} WARNING - No viable dags retrieved from /opt/airflow/dags/dag.py
[2026-08-14T16:24:34.298+0000] {processor.py:179} INFO - Processing /opt/airflow/dags/dag.py took 0.028 seconds
[2026-08-14T16:25:04.612+0000] {processor.py:157} INFO - Started process (PID=16163) to work on /opt/airflow/dags/dag.py
[2026-08-14T16:25:04.613+0000] {processor.py:829} INFO - Processing file /opt/airflow/dags/dag.py for tasks to queue
[2026-08-14T16:25:04.616+0000] {logging_mixin.py:151} INFO - [2026-08-14T16:25:04.615+0000] {dagbag.py:536} INFO - Filling up the DagBag from /opt/airflow/dags/dag.py
[2026-08-14T16:25:04.621+0000] {logging_mixin.py:151} INFO - [2026-08-14T16:25:04.621+0000] {dagbag.py:346} ERROR - Failed to import: /opt/airflow/dags/dag.py
Traceback (most recent call last):
  File "/home/airflow/.local/lib/python3.8/site-packages/airflow/models/dagbag.py", line 342, in parse
    loader.exec_module(new_module)
  File "<frozen importlib._bootstrap_external>", line 839, in exec_module
  File "<frozen importlib._bootstrap_external>", line 976, in get_code
  File "<frozen importlib._bootstrap_external>", line 906, in source_to_code
  File "<frozen importlib._bootstrap>", line 219, in _call_with_frames_removed
  File "/opt/airflow/dags/dag.py", line 23
    )as dag
          ^
SyntaxError: invalid syntax
[2026-08-14T16:25:04.621+0000] {processor.py:841} WARNING - No viable dags retrieved from /opt/airflow/dags/dag.py
[2026-08-14T16:25:04.635+0000] {processor.py:179} INFO - Processing /opt/airflow/dags/dag.py took 0.024 seconds
[2026-08-14T16:25:34.925+0000] {processor.py:157} INFO - Started process (PID=16171) to work on /opt/airflow/dags/dag.py
[2026-08-14T16:25:34.925+0000] {processor.py:829} INFO - Processing file /opt/airflow/dags/dag.py for tasks to queue
[2026-08-14T16:25:34.928+0000] {logging_mixin.py:151} INFO - [2026-08-14T16:25:34.927+0000] {dagbag.py:536} INFO - Filling up the DagBag from /opt/airflow/dags/dag.py
[2026-08-14T16:25:34.933+0000] {logging_mixin.py:151} INFO - [2026-08-14T16:25:34.932+0000] {dagbag.py:346} ERROR - Failed to import: /opt/airflow/dags/dag.py
Traceback (most recent call last):
  File "/home/airflow/.local/lib/python3.8/site-packages/airflow/models/dagbag.py", line 342, in parse
    loader.exec_module(new_module)
  File "<frozen importlib._bootstrap_external>", line 839, in exec_module
  File "<frozen importlib._bootstrap_external>", line 976, in get_code
  File "<frozen importlib._bootstrap_external>", line 906, in source_to_code
  File "<frozen importlib._bootstrap>", line 219, in _call_with_frames_removed
  File "/opt/airflow/dags/dag.py", line 23
    )as dag
          ^
SyntaxError: invalid syntax
[2026-08-14T16:25:34.933+0000] {processor.py:841} WARNING - No viable dags retrieved from /opt/airflow/dags/dag.py
[2026-08-14T16:25:34.946+0000] {processor.py:179} INFO - Processing /opt/airflow/dags/dag.py took 0.024 seconds
[2026-08-14T16:26:05.275+0000] {processor.py:157} INFO - Started process (PID=16179) to work on /opt/airflow/dags/dag.py
[2026-08-14T16:26:05.277+0000] {processor.py:829} INFO - Processing file /opt/airflow/dags/dag.py for tasks to queue
[2026-08-14T16:26:05.279+0000] {logging_mixin.py:151} INFO - [2026-08-14T16:26:05.278+0000] {dagbag.py:536} INFO - Filling up the DagBag from /opt/airflow/dags/dag.py
[2026-08-14T16:26:05.284+0000] {logging_mixin.py:151} INFO - [2026-08-14T16:26:05.283+0000] {dagbag.py:346} ERROR - Failed to import: /opt/airflow/dags/dag.py
Traceback (most recent call last):
  File "/home/airflow/.local/lib/python3.8/site-packages/airflow/models/dagbag.py", line 342, in parse
    loader.exec_module(new_module)
  File "<frozen importlib._bootstrap_external>", line 839, in exec_module
  File "<frozen importlib._bootstrap_external>", line 976, in get_code
  File "<frozen importlib._bootstrap_external>", line 906, in source_to_code
  File "<frozen importlib._bootstrap>", line 219, in _call_with_frames_removed
  File "/opt/airflow/dags/dag.py", line 23
    )as dag
          ^
SyntaxError: invalid syntax
[2026-08-14T16:26:05.284+0000] {processor.py:841} WARNING - No viable dags retrieved from /opt/airflow/dags/dag.py
[2026-08-14T16:26:05.297+0000] {processor.py:179} INFO - Processing /opt/airflow/dags/dag.py took 0.024 seconds
[2026-08-14T16:26:35.608+0000] {processor.py:157} INFO - Started process (PID=16187) to work on /opt/airflow/dags/dag.py
[2026-08-14T16:26:35.609+0000] {processor.py:829} INFO - Processing file /opt/airflow/dags/dag.py for tasks to queue
[2026-08-14T16:26:35.611+0000] {logging_mixin.py:151} INFO - [2026-08-14T16:26:35.611+0000] {dagbag.py:536} INFO - Filling up the DagBag from /opt/airflow/dags/dag.py
[2026-08-14T16:26:35.615+0000] {logging_mixin.py:151} INFO - [2026-08-14T16:26:35.615+0000] {dagbag.py:346} ERROR - Failed to import: /opt/airflow/dags/dag.py
Traceback (most recent call last):
  File "/home/airflow/.local/lib/python3.8/site-packages/airflow/models/dagbag.py", line 342, in parse
    loader.exec_module(new_module)
  File "<frozen importlib._bootstrap_external>", line 839, in exec_module
  File "<frozen importlib._bootstrap_external>", line 976, in get_code
  File "<frozen importlib._bootstrap_external>", line 906, in source_to_code
  File "<frozen importlib._bootstrap>", line 219, in _call_with_frames_removed
  File "/opt/airflow/dags/dag.py", line 23
    )as dag
          ^
SyntaxError: invalid syntax
[2026-08-14T16:26:35.615+0000] {processor.py:841} WARNING - No viable dags retrieved from /opt/airflow/dags/dag.py
[2026-08-14T16:26:35.627+0000] {processor.py:179} INFO - Processing /opt/airflow/dags/dag.py took 0.021 seconds
[2026-08-14T16:27:05.894+0000] {processor.py:157} INFO - Started process (PID=16195) to work on /opt/airflow/dags/dag.py
[2026-08-14T16:27:05.895+0000] {processor.py:829} INFO - Processing file /opt/airflow/dags/dag.py for tasks to queue
[2026-08-14T16:27:05.897+0000] {logging_mixin.py:151} INFO - [2026-08-14T16:27:05.897+0000] {dagbag.py:536} INFO - Filling up the DagBag from /opt/airflow/dags/dag.py
[2026-08-14T16:27:05.902+0000] {logging_mixin.py:151} INFO - [2026-08-14T16:27:05.901+0000] {dagbag.py:346} ERROR - Failed to import: /opt/airflow/dags/dag.py
Traceback (most recent call last):
  File "/home/airflow/.local/lib/python3.8/site-packages/airflow/models/dagbag.py", line 342, in parse
    loader.exec_module(new_module)
  File "<frozen importlib._bootstrap_external>", line 839, in exec_module
  File "<frozen importlib._bootstrap_external>", line 976, in get_code
  File "<frozen importlib._bootstrap_external>", line 906, in source_to_code
  File "<frozen importlib._bootstrap>", line 219, in _call_with_frames_removed
  File "/opt/airflow/dags/dag.py", line 23
    )as dag
          ^
SyntaxError: invalid syntax
[2026-08-14T16:27:05.902+0000] {processor.py:841} WARNING - No viable dags retrieved from /opt/airflow/dags/dag.py
[2026-08-14T16:27:05.915+0000] {processor.py:179} INFO - Processing /opt/airflow/dags/dag.py took 0.023 seconds
[2026-08-14T16:27:36.256+0000] {processor.py:157} INFO - Started process (PID=16203) to work on /opt/airflow/dags/dag.py
[2026-08-14T16:27:36.257+0000] {processor.py:829} INFO - Processing file /opt/airflow/dags/dag.py for tasks to queue
[2026-08-14T16:27:36.259+0000] {logging_mixin.py:151} INFO - [2026-08-14T16:27:36.258+0000] {dagbag.py:536} INFO - Filling up the DagBag from /opt/airflow/dags/dag.py
[2026-08-14T16:27:36.265+0000] {logging_mixin.py:151} INFO - [2026-08-14T16:27:36.264+0000] {dagbag.py:346} ERROR - Failed to import: /opt/airflow/dags/dag.py
Traceback (most recent call last):
  File "/home/airflow/.local/lib/python3.8/site-packages/airflow/models/dagbag.py", line 342, in parse
    loader.exec_module(new_module)
  File "<frozen importlib._bootstrap_external>", line 839, in exec_module
  File "<frozen importlib._bootstrap_external>", line 976, in get_code
  File "<frozen importlib._bootstrap_external>", line 906, in source_to_code
  File "<frozen importlib._bootstrap>", line 219, in _call_with_frames_removed
  File "/opt/airflow/dags/dag.py", line 23
    )as dag
          ^
SyntaxError: invalid syntax
[2026-08-14T16:27:36.265+0000] {processor.py:841} WARNING - No viable dags retrieved from /opt/airflow/dags/dag.py
[2026-08-14T16:27:36.279+0000] {processor.py:179} INFO - Processing /opt/airflow/dags/dag.py took 0.025 seconds
[2026-08-14T16:28:06.594+0000] {processor.py:157} INFO - Started process (PID=16211) to work on /opt/airflow/dags/dag.py
[2026-08-14T16:28:06.595+0000] {processor.py:829} INFO - Processing file /opt/airflow/dags/dag.py for tasks to queue
[2026-08-14T16:28:06.598+0000] {logging_mixin.py:151} INFO - [2026-08-14T16:28:06.598+0000] {dagbag.py:536} INFO - Filling up the DagBag from /opt/airflow/dags/dag.py
[2026-08-14T16:28:06.604+0000] {logging_mixin.py:151} INFO - [2026-08-14T16:28:06.604+0000] {dagbag.py:346} ERROR - Failed to import: /opt/airflow/dags/dag.py
Traceback (most recent call last):
  File "/home/airflow/.local/lib/python3.8/site-packages/airflow/models/dagbag.py", line 342, in parse
    loader.exec_module(new_module)
  File "<frozen importlib._bootstrap_external>", line 839, in exec_module
  File "<frozen importlib._bootstrap_external>", line 976, in get_code
  File "<frozen importlib._bootstrap_external>", line 906, in source_to_code
  File "<frozen importlib._bootstrap>", line 219, in _call_with_frames_removed
  File "/opt/airflow/dags/dag.py", line 23
    )as dag
          ^
SyntaxError: invalid syntax
[2026-08-14T16:28:06.604+0000] {processor.py:841} WARNING - No viable dags retrieved from /opt/airflow/dags/dag.py
[2026-08-14T16:28:06.617+0000] {processor.py:179} INFO - Processing /opt/airflow/dags/dag.py took 0.025 seconds
[2026-08-14T16:28:36.897+0000] {processor.py:157} INFO - Started process (PID=16219) to work on /opt/airflow/dags/dag.py
[2026-08-14T16:28:36.898+0000] {processor.py:829} INFO - Processing file /opt/airflow/dags/dag.py for tasks to queue
[2026-08-14T16:28:36.899+0000] {logging_mixin.py:151} INFO - [2026-08-14T16:28:36.899+0000] {dagbag.py:536} INFO - Filling up the DagBag from /opt/airflow/dags/dag.py
[2026-08-14T16:28:36.904+0000] {logging_mixin.py:151} INFO - [2026-08-14T16:28:36.904+0000] {dagbag.py:346} ERROR - Failed to import: /opt/airflow/dags/dag.py
Traceback (most recent call last):
  File "/home/airflow/.local/lib/python3.8/site-packages/airflow/models/dagbag.py", line 342, in parse
    loader.exec_module(new_module)
  File "<frozen importlib._bootstrap_external>", line 839, in exec_module
  File "<frozen importlib._bootstrap_external>", line 976, in get_code
  File "<frozen importlib._bootstrap_external>", line 906, in source_to_code
  File "<frozen importlib._bootstrap>", line 219, in _call_with_frames_removed
  File "/opt/airflow/dags/dag.py", line 23
    )as dag
          ^
SyntaxError: invalid syntax
[2026-08-14T16:28:36.908+0000] {processor.py:841} WARNING - No viable dags retrieved from /opt/airflow/dags/dag.py
[2026-08-14T16:28:36.917+0000] {processor.py:179} INFO - Processing /opt/airflow/dags/dag.py took 0.023 seconds
[2026-08-14T16:29:07.202+0000] {processor.py:157} INFO - Started process (PID=16227) to work on /opt/airflow/dags/dag.py
[2026-08-14T16:29:07.203+0000] {processor.py:829} INFO - Processing file /opt/airflow/dags/dag.py for tasks to queue
[2026-08-14T16:29:07.205+0000] {logging_mixin.py:151} INFO - [2026-08-14T16:29:07.205+0000] {dagbag.py:536} INFO - Filling up the DagBag from /opt/airflow/dags/dag.py
[2026-08-14T16:29:07.210+0000] {logging_mixin.py:151} INFO - [2026-08-14T16:29:07.209+0000] {dagbag.py:346} ERROR - Failed to import: /opt/airflow/dags/dag.py
Traceback (most recent call last):
  File "/home/airflow/.local/lib/python3.8/site-packages/airflow/models/dagbag.py", line 342, in parse
    loader.exec_module(new_module)
  File "<frozen importlib._bootstrap_external>", line 839, in exec_module
  File "<frozen importlib._bootstrap_external>", line 976, in get_code
  File "<frozen importlib._bootstrap_external>", line 906, in source_to_code
  File "<frozen importlib._bootstrap>", line 219, in _call_with_frames_removed
  File "/opt/airflow/dags/dag.py", line 23
    )as dag
          ^
SyntaxError: invalid syntax
[2026-08-14T16:29:07.210+0000] {processor.py:841} WARNING - No viable dags retrieved from /opt/airflow/dags/dag.py
[2026-08-14T16:29:07.221+0000] {processor.py:179} INFO - Processing /opt/airflow/dags/dag.py took 0.021 seconds
[2026-08-14T16:29:37.527+0000] {processor.py:157} INFO - Started process (PID=16235) to work on /opt/airflow/dags/dag.py
[2026-08-14T16:29:37.528+0000] {processor.py:829} INFO - Processing file /opt/airflow/dags/dag.py for tasks to queue
[2026-08-14T16:29:37.530+0000] {logging_mixin.py:151} INFO - [2026-08-14T16:29:37.529+0000] {dagbag.py:536} INFO - Filling up the DagBag from /opt/airflow/dags/dag.py
[2026-08-14T16:29:37.536+0000] {logging_mixin.py:151} INFO - [2026-08-14T16:29:37.535+0000] {dagbag.py:346} ERROR - Failed to import: /opt/airflow/dags/dag.py
Traceback (most recent call last):
  File "/home/airflow/.local/lib/python3.8/site-packages/airflow/models/dagbag.py", line 342, in parse
    loader.exec_module(new_module)
  File "<frozen importlib._bootstrap_external>", line 839, in exec_module
  File "<frozen importlib._bootstrap_external>", line 976, in get_code
  File "<frozen importlib._bootstrap_external>", line 906, in source_to_code
  File "<frozen importlib._bootstrap>", line 219, in _call_with_frames_removed
  File "/opt/airflow/dags/dag.py", line 23
    )as dag
          ^
SyntaxError: invalid syntax
[2026-08-14T16:29:37.536+0000] {processor.py:841} WARNING - No viable dags retrieved from /opt/airflow/dags/dag.py
[2026-08-14T16:29:37.550+0000] {processor.py:179} INFO - Processing /opt/airflow/dags/dag.py took 0.025 seconds
[2026-08-14T16:30:07.901+0000] {processor.py:157} INFO - Started process (PID=16243) to work on /opt/airflow/dags/dag.py
[2026-08-14T16:30:07.902+0000] {processor.py:829} INFO - Processing file /opt/airflow/dags/dag.py for tasks to queue
[2026-08-14T16:30:07.907+0000] {logging_mixin.py:151} INFO - [2026-08-14T16:30:07.906+0000] {dagbag.py:536} INFO - Filling up the DagBag from /opt/airflow/dags/dag.py
[2026-08-14T16:30:07.909+0000] {logging_mixin.py:151} INFO - [2026-08-14T16:30:07.908+0000] {dagbag.py:346} ERROR - Failed to import: /opt/airflow/dags/dag.py
Traceback (most recent call last):
  File "/home/airflow/.local/lib/python3.8/site-packages/airflow/models/dagbag.py", line 342, in parse
    loader.exec_module(new_module)
  File "<frozen importlib._bootstrap_external>", line 839, in exec_module
  File "<frozen importlib._bootstrap_external>", line 976, in get_code
  File "<frozen importlib._bootstrap_external>", line 906, in source_to_code
  File "<frozen importlib._bootstrap>", line 219, in _call_with_frames_removed
  File "/opt/airflow/dags/dag.py", line 23
    )as dag
          ^
SyntaxError: invalid syntax
[2026-08-14T16:30:07.910+0000] {processor.py:841} WARNING - No viable dags retrieved from /opt/airflow/dags/dag.py
[2026-08-14T16:30:07.928+0000] {processor.py:179} INFO - Processing /opt/airflow/dags/dag.py took 0.029 seconds
[2026-08-14T16:30:38.313+0000] {processor.py:157} INFO - Started process (PID=16251) to work on /opt/airflow/dags/dag.py
[2026-08-14T16:30:38.313+0000] {processor.py:829} INFO - Processing file /opt/airflow/dags/dag.py for tasks to queue
[2026-08-14T16:30:38.315+0000] {logging_mixin.py:151} INFO - [2026-08-14T16:30:38.314+0000] {dagbag.py:536} INFO - Filling up the DagBag from /opt/airflow/dags/dag.py
[2026-08-14T16:30:38.321+0000] {logging_mixin.py:151} INFO - [2026-08-14T16:30:38.320+0000] {dagbag.py:346} ERROR - Failed to import: /opt/airflow/dags/dag.py
Traceback (most recent call last):
  File "/home/airflow/.local/lib/python3.8/site-packages/airflow/models/dagbag.py", line 342, in parse
    loader.exec_module(new_module)
  File "<frozen importlib._bootstrap_external>", line 839, in exec_module
  File "<frozen importlib._bootstrap_external>", line 976, in get_code
  File "<frozen importlib._bootstrap_external>", line 906, in source_to_code
  File "<frozen importlib._bootstrap>", line 219, in _call_with_frames_removed
  File "/opt/airflow/dags/dag.py", line 23
    )as dag
          ^
SyntaxError: invalid syntax
[2026-08-14T16:30:38.321+0000] {processor.py:841} WARNING - No viable dags retrieved from /opt/airflow/dags/dag.py
[2026-08-14T16:30:38.334+0000] {processor.py:179} INFO - Processing /opt/airflow/dags/dag.py took 0.024 seconds
[2026-08-14T16:31:08.676+0000] {processor.py:157} INFO - Started process (PID=16259) to work on /opt/airflow/dags/dag.py
[2026-08-14T16:31:08.676+0000] {processor.py:829} INFO - Processing file /opt/airflow/dags/dag.py for tasks to queue
[2026-08-14T16:31:08.679+0000] {logging_mixin.py:151} INFO - [2026-08-14T16:31:08.679+0000] {dagbag.py:536} INFO - Filling up the DagBag from /opt/airflow/dags/dag.py
[2026-08-14T16:31:08.683+0000] {logging_mixin.py:151} INFO - [2026-08-14T16:31:08.683+0000] {dagbag.py:346} ERROR - Failed to import: /opt/airflow/dags/dag.py
Traceback (most recent call last):
  File "/home/airflow/.local/lib/python3.8/site-packages/airflow/models/dagbag.py", line 342, in parse
    loader.exec_module(new_module)
  File "<frozen importlib._bootstrap_external>", line 839, in exec_module
  File "<frozen importlib._bootstrap_external>", line 976, in get_code
  File "<frozen importlib._bootstrap_external>", line 906, in source_to_code
  File "<frozen importlib._bootstrap>", line 219, in _call_with_frames_removed
  File "/opt/airflow/dags/dag.py", line 23
    )as dag
          ^
SyntaxError: invalid syntax
[2026-08-14T16:31:08.684+0000] {processor.py:841} WARNING - No viable dags retrieved from /opt/airflow/dags/dag.py
[2026-08-14T16:31:08.701+0000] {processor.py:179} INFO - Processing /opt/airflow/dags/dag.py took 0.028 seconds
[2026-08-14T16:31:39.034+0000] {processor.py:157} INFO - Started process (PID=16267) to work on /opt/airflow/dags/dag.py
[2026-08-14T16:31:39.035+0000] {processor.py:829} INFO - Processing file /opt/airflow/dags/dag.py for tasks to queue
[2026-08-14T16:31:39.036+0000] {logging_mixin.py:151} INFO - [2026-08-14T16:31:39.036+0000] {dagbag.py:536} INFO - Filling up the DagBag from /opt/airflow/dags/dag.py
[2026-08-14T16:31:39.045+0000] {logging_mixin.py:151} INFO - [2026-08-14T16:31:39.045+0000] {dagbag.py:346} ERROR - Failed to import: /opt/airflow/dags/dag.py
Traceback (most recent call last):
  File "/home/airflow/.local/lib/python3.8/site-packages/airflow/models/dagbag.py", line 342, in parse
    loader.exec_module(new_module)
  File "<frozen importlib._bootstrap_external>", line 839, in exec_module
  File "<frozen importlib._bootstrap_external>", line 976, in get_code
  File "<frozen importlib._bootstrap_external>", line 906, in source_to_code
  File "<frozen importlib._bootstrap>", line 219, in _call_with_frames_removed
  File "/opt/airflow/dags/dag.py", line 23
    )as dag
          ^
SyntaxError: invalid syntax
[2026-08-14T16:31:39.045+0000] {processor.py:841} WARNING - No viable dags retrieved from /opt/airflow/dags/dag.py
[2026-08-14T16:31:39.058+0000] {processor.py:179} INFO - Processing /opt/airflow/dags/dag.py took 0.025 seconds
[2026-08-14T16:32:09.449+0000] {processor.py:157} INFO - Started process (PID=16275) to work on /opt/airflow/dags/dag.py
[2026-08-14T16:32:09.450+0000] {processor.py:829} INFO - Processing file /opt/airflow/dags/dag.py for tasks to queue
[2026-08-14T16:32:09.451+0000] {logging_mixin.py:151} INFO - [2026-08-14T16:32:09.451+0000] {dagbag.py:536} INFO - Filling up the DagBag from /opt/airflow/dags/dag.py
[2026-08-14T16:32:09.457+0000] {logging_mixin.py:151} INFO - [2026-08-14T16:32:09.456+0000] {dagbag.py:346} ERROR - Failed to import: /opt/airflow/dags/dag.py
Traceback (most recent call last):
  File "/home/airflow/.local/lib/python3.8/site-packages/airflow/models/dagbag.py", line 342, in parse
    loader.exec_module(new_module)
  File "<frozen importlib._bootstrap_external>", line 839, in exec_module
  File "<frozen importlib._bootstrap_external>", line 976, in get_code
  File "<frozen importlib._bootstrap_external>", line 906, in source_to_code
  File "<frozen importlib._bootstrap>", line 219, in _call_with_frames_removed
  File "/opt/airflow/dags/dag.py", line 23
    )as dag
          ^
SyntaxError: invalid syntax
[2026-08-14T16:32:09.457+0000] {processor.py:841} WARNING - No viable dags retrieved from /opt/airflow/dags/dag.py
[2026-08-14T16:32:09.470+0000] {processor.py:179} INFO - Processing /opt/airflow/dags/dag.py took 0.023 seconds
[2026-08-14T16:32:39.784+0000] {processor.py:157} INFO - Started process (PID=16283) to work on /opt/airflow/dags/dag.py
[2026-08-14T16:32:39.784+0000] {processor.py:829} INFO - Processing file /opt/airflow/dags/dag.py for tasks to queue
[2026-08-14T16:32:39.787+0000] {logging_mixin.py:151} INFO - [2026-08-14T16:32:39.787+0000] {dagbag.py:536} INFO - Filling up the DagBag from /opt/airflow/dags/dag.py
[2026-08-14T16:32:39.792+0000] {logging_mixin.py:151} INFO - [2026-08-14T16:32:39.791+0000] {dagbag.py:346} ERROR - Failed to import: /opt/airflow/dags/dag.py
Traceback (most recent call last):
  File "/home/airflow/.local/lib/python3.8/site-packages/airflow/models/dagbag.py", line 342, in parse
    loader.exec_module(new_module)
  File "<frozen importlib._bootstrap_external>", line 839, in exec_module
  File "<frozen importlib._bootstrap_external>", line 976, in get_code
  File "<frozen importlib._bootstrap_external>", line 906, in source_to_code
  File "<frozen importlib._bootstrap>", line 219, in _call_with_frames_removed
  File "/opt/airflow/dags/dag.py", line 23
    )as dag
          ^
SyntaxError: invalid syntax
[2026-08-14T16:32:39.792+0000] {processor.py:841} WARNING - No viable dags retrieved from /opt/airflow/dags/dag.py
[2026-08-14T16:32:39.808+0000] {processor.py:179} INFO - Processing /opt/airflow/dags/dag.py took 0.026 seconds
[2026-08-14T16:33:10.179+0000] {processor.py:157} INFO - Started process (PID=16291) to work on /opt/airflow/dags/dag.py
[2026-08-14T16:33:10.180+0000] {processor.py:829} INFO - Processing file /opt/airflow/dags/dag.py for tasks to queue
[2026-08-14T16:33:10.182+0000] {logging_mixin.py:151} INFO - [2026-08-14T16:33:10.182+0000] {dagbag.py:536} INFO - Filling up the DagBag from /opt/airflow/dags/dag.py
[2026-08-14T16:33:10.187+0000] {logging_mixin.py:151} INFO - [2026-08-14T16:33:10.187+0000] {dagbag.py:346} ERROR - Failed to import: /opt/airflow/dags/dag.py
Traceback (most recent call last):
  File "/home/airflow/.local/lib/python3.8/site-packages/airflow/models/dagbag.py", line 342, in parse
    loader.exec_module(new_module)
  File "<frozen importlib._bootstrap_external>", line 839, in exec_module
  File "<frozen importlib._bootstrap_external>", line 976, in get_code
  File "<frozen importlib._bootstrap_external>", line 906, in source_to_code
  File "<frozen importlib._bootstrap>", line 219, in _call_with_frames_removed
  File "/opt/airflow/dags/dag.py", line 23
    )as dag
          ^
SyntaxError: invalid syntax
[2026-08-14T16:33:10.187+0000] {processor.py:841} WARNING - No viable dags retrieved from /opt/airflow/dags/dag.py
[2026-08-14T16:33:10.200+0000] {processor.py:179} INFO - Processing /opt/airflow/dags/dag.py took 0.024 seconds
[2026-08-14T16:33:40.551+0000] {processor.py:157} INFO - Started process (PID=16299) to work on /opt/airflow/dags/dag.py
[2026-08-14T16:33:40.551+0000] {processor.py:829} INFO - Processing file /opt/airflow/dags/dag.py for tasks to queue
[2026-08-14T16:33:40.554+0000] {logging_mixin.py:151} INFO - [2026-08-14T16:33:40.553+0000] {dagbag.py:536} INFO - Filling up the DagBag from /opt/airflow/dags/dag.py
[2026-08-14T16:33:40.559+0000] {logging_mixin.py:151} INFO - [2026-08-14T16:33:40.558+0000] {dagbag.py:346} ERROR - Failed to import: /opt/airflow/dags/dag.py
Traceback (most recent call last):
  File "/home/airflow/.local/lib/python3.8/site-packages/airflow/models/dagbag.py", line 342, in parse
    loader.exec_module(new_module)
  File "<frozen importlib._bootstrap_external>", line 839, in exec_module
  File "<frozen importlib._bootstrap_external>", line 976, in get_code
  File "<frozen importlib._bootstrap_external>", line 906, in source_to_code
  File "<frozen importlib._bootstrap>", line 219, in _call_with_frames_removed
  File "/opt/airflow/dags/dag.py", line 23
    )as dag
          ^
SyntaxError: invalid syntax
[2026-08-14T16:33:40.559+0000] {processor.py:841} WARNING - No viable dags retrieved from /opt/airflow/dags/dag.py
[2026-08-14T16:33:40.570+0000] {processor.py:179} INFO - Processing /opt/airflow/dags/dag.py took 0.021 seconds
[2026-08-14T16:34:10.875+0000] {processor.py:157} INFO - Started process (PID=16307) to work on /opt/airflow/dags/dag.py
[2026-08-14T16:34:10.876+0000] {processor.py:829} INFO - Processing file /opt/airflow/dags/dag.py for tasks to queue
[2026-08-14T16:34:10.878+0000] {logging_mixin.py:151} INFO - [2026-08-14T16:34:10.878+0000] {dagbag.py:536} INFO - Filling up the DagBag from /opt/airflow/dags/dag.py
[2026-08-14T16:34:10.884+0000] {logging_mixin.py:151} INFO - [2026-08-14T16:34:10.884+0000] {dagbag.py:346} ERROR - Failed to import: /opt/airflow/dags/dag.py
Traceback (most recent call last):
  File "/home/airflow/.local/lib/python3.8/site-packages/airflow/models/dagbag.py", line 342, in parse
    loader.exec_module(new_module)
  File "<frozen importlib._bootstrap_external>", line 839, in exec_module
  File "<frozen importlib._bootstrap_external>", line 976, in get_code
  File "<frozen importlib._bootstrap_external>", line 906, in source_to_code
  File "<frozen importlib._bootstrap>", line 219, in _call_with_frames_removed
  File "/opt/airflow/dags/dag.py", line 23
    )as dag
          ^
SyntaxError: invalid syntax
[2026-08-14T16:34:10.885+0000] {processor.py:841} WARNING - No viable dags retrieved from /opt/airflow/dags/dag.py
[2026-08-14T16:34:10.904+0000] {processor.py:179} INFO - Processing /opt/airflow/dags/dag.py took 0.031 seconds
[2026-08-14T16:34:41.196+0000] {processor.py:157} INFO - Started process (PID=16315) to work on /opt/airflow/dags/dag.py
[2026-08-14T16:34:41.196+0000] {processor.py:829} INFO - Processing file /opt/airflow/dags/dag.py for tasks to queue
[2026-08-14T16:34:41.198+0000] {logging_mixin.py:151} INFO - [2026-08-14T16:34:41.198+0000] {dagbag.py:536} INFO - Filling up the DagBag from /opt/airflow/dags/dag.py
[2026-08-14T16:34:41.204+0000] {logging_mixin.py:151} INFO - [2026-08-14T16:34:41.204+0000] {dagbag.py:346} ERROR - Failed to import: /opt/airflow/dags/dag.py
Traceback (most recent call last):
  File "/home/airflow/.local/lib/python3.8/site-packages/airflow/models/dagbag.py", line 342, in parse
    loader.exec_module(new_module)
  File "<frozen importlib._bootstrap_external>", line 839, in exec_module
  File "<frozen importlib._bootstrap_external>", line 976, in get_code
  File "<frozen importlib._bootstrap_external>", line 906, in source_to_code
  File "<frozen importlib._bootstrap>", line 219, in _call_with_frames_removed
  File "/opt/airflow/dags/dag.py", line 23
    )as dag
          ^
SyntaxError: invalid syntax
[2026-08-14T16:34:41.204+0000] {processor.py:841} WARNING - No viable dags retrieved from /opt/airflow/dags/dag.py
[2026-08-14T16:34:41.219+0000] {processor.py:179} INFO - Processing /opt/airflow/dags/dag.py took 0.025 seconds
[2026-08-14T16:35:11.556+0000] {processor.py:157} INFO - Started process (PID=16323) to work on /opt/airflow/dags/dag.py
[2026-08-14T16:35:11.557+0000] {processor.py:829} INFO - Processing file /opt/airflow/dags/dag.py for tasks to queue
[2026-08-14T16:35:11.558+0000] {logging_mixin.py:151} INFO - [2026-08-14T16:35:11.558+0000] {dagbag.py:536} INFO - Filling up the DagBag from /opt/airflow/dags/dag.py
[2026-08-14T16:35:11.562+0000] {logging_mixin.py:151} INFO - [2026-08-14T16:35:11.562+0000] {dagbag.py:346} ERROR - Failed to import: /opt/airflow/dags/dag.py
Traceback (most recent call last):
  File "/home/airflow/.local/lib/python3.8/site-packages/airflow/models/dagbag.py", line 342, in parse
    loader.exec_module(new_module)
  File "<frozen importlib._bootstrap_external>", line 839, in exec_module
  File "<frozen importlib._bootstrap_external>", line 976, in get_code
  File "<frozen importlib._bootstrap_external>", line 906, in source_to_code
  File "<frozen importlib._bootstrap>", line 219, in _call_with_frames_removed
  File "/opt/airflow/dags/dag.py", line 23
    )as dag
          ^
SyntaxError: invalid syntax
[2026-08-14T16:35:11.562+0000] {processor.py:841} WARNING - No viable dags retrieved from /opt/airflow/dags/dag.py
[2026-08-14T16:35:11.571+0000] {processor.py:179} INFO - Processing /opt/airflow/dags/dag.py took 0.016 seconds
[2026-08-14T16:35:41.903+0000] {processor.py:157} INFO - Started process (PID=16331) to work on /opt/airflow/dags/dag.py
[2026-08-14T16:35:41.904+0000] {processor.py:829} INFO - Processing file /opt/airflow/dags/dag.py for tasks to queue
[2026-08-14T16:35:41.905+0000] {logging_mixin.py:151} INFO - [2026-08-14T16:35:41.905+0000] {dagbag.py:536} INFO - Filling up the DagBag from /opt/airflow/dags/dag.py
[2026-08-14T16:35:41.910+0000] {logging_mixin.py:151} INFO - [2026-08-14T16:35:41.910+0000] {dagbag.py:346} ERROR - Failed to import: /opt/airflow/dags/dag.py
Traceback (most recent call last):
  File "/home/airflow/.local/lib/python3.8/site-packages/airflow/models/dagbag.py", line 342, in parse
    loader.exec_module(new_module)
  File "<frozen importlib._bootstrap_external>", line 839, in exec_module
  File "<frozen importlib._bootstrap_external>", line 976, in get_code
  File "<frozen importlib._bootstrap_external>", line 906, in source_to_code
  File "<frozen importlib._bootstrap>", line 219, in _call_with_frames_removed
  File "/opt/airflow/dags/dag.py", line 23
    )as dag
          ^
SyntaxError: invalid syntax
[2026-08-14T16:35:41.910+0000] {processor.py:841} WARNING - No viable dags retrieved from /opt/airflow/dags/dag.py
[2026-08-14T16:35:41.924+0000] {processor.py:179} INFO - Processing /opt/airflow/dags/dag.py took 0.022 seconds
[2026-08-14T16:36:12.294+0000] {processor.py:157} INFO - Started process (PID=16339) to work on /opt/airflow/dags/dag.py
[2026-08-14T16:36:12.297+0000] {processor.py:829} INFO - Processing file /opt/airflow/dags/dag.py for tasks to queue
[2026-08-14T16:36:12.299+0000] {logging_mixin.py:151} INFO - [2026-08-14T16:36:12.299+0000] {dagbag.py:536} INFO - Filling up the DagBag from /opt/airflow/dags/dag.py
[2026-08-14T16:36:12.302+0000] {logging_mixin.py:151} INFO - [2026-08-14T16:36:12.302+0000] {dagbag.py:346} ERROR - Failed to import: /opt/airflow/dags/dag.py
Traceback (most recent call last):
  File "/home/airflow/.local/lib/python3.8/site-packages/airflow/models/dagbag.py", line 342, in parse
    loader.exec_module(new_module)
  File "<frozen importlib._bootstrap_external>", line 839, in exec_module
  File "<frozen importlib._bootstrap_external>", line 976, in get_code
  File "<frozen importlib._bootstrap_external>", line 906, in source_to_code
  File "<frozen importlib._bootstrap>", line 219, in _call_with_frames_removed
  File "/opt/airflow/dags/dag.py", line 23
    )as dag
          ^
SyntaxError: invalid syntax
[2026-08-14T16:36:12.307+0000] {processor.py:841} WARNING - No viable dags retrieved from /opt/airflow/dags/dag.py
[2026-08-14T16:36:12.316+0000] {processor.py:179} INFO - Processing /opt/airflow/dags/dag.py took 0.025 seconds
[2026-08-14T16:36:42.666+0000] {processor.py:157} INFO - Started process (PID=16347) to work on /opt/airflow/dags/dag.py
[2026-08-14T16:36:42.667+0000] {processor.py:829} INFO - Processing file /opt/airflow/dags/dag.py for tasks to queue
[2026-08-14T16:36:42.668+0000] {logging_mixin.py:151} INFO - [2026-08-14T16:36:42.668+0000] {dagbag.py:536} INFO - Filling up the DagBag from /opt/airflow/dags/dag.py
[2026-08-14T16:36:42.674+0000] {logging_mixin.py:151} INFO - [2026-08-14T16:36:42.674+0000] {dagbag.py:346} ERROR - Failed to import: /opt/airflow/dags/dag.py
Traceback (most recent call last):
  File "/home/airflow/.local/lib/python3.8/site-packages/airflow/models/dagbag.py", line 342, in parse
    loader.exec_module(new_module)
  File "<frozen importlib._bootstrap_external>", line 839, in exec_module
  File "<frozen importlib._bootstrap_external>", line 976, in get_code
  File "<frozen importlib._bootstrap_external>", line 906, in source_to_code
  File "<frozen importlib._bootstrap>", line 219, in _call_with_frames_removed
  File "/opt/airflow/dags/dag.py", line 23
    )as dag
          ^
SyntaxError: invalid syntax
[2026-08-14T16:36:42.674+0000] {processor.py:841} WARNING - No viable dags retrieved from /opt/airflow/dags/dag.py
[2026-08-14T16:36:42.685+0000] {processor.py:179} INFO - Processing /opt/airflow/dags/dag.py took 0.021 seconds
[2026-08-14T16:37:12.962+0000] {processor.py:157} INFO - Started process (PID=16355) to work on /opt/airflow/dags/dag.py
[2026-08-14T16:37:12.963+0000] {processor.py:829} INFO - Processing file /opt/airflow/dags/dag.py for tasks to queue
[2026-08-14T16:37:12.965+0000] {logging_mixin.py:151} INFO - [2026-08-14T16:37:12.965+0000] {dagbag.py:536} INFO - Filling up the DagBag from /opt/airflow/dags/dag.py
[2026-08-14T16:37:12.974+0000] {logging_mixin.py:151} INFO - [2026-08-14T16:37:12.973+0000] {dagbag.py:346} ERROR - Failed to import: /opt/airflow/dags/dag.py
Traceback (most recent call last):
  File "/home/airflow/.local/lib/python3.8/site-packages/airflow/models/dagbag.py", line 342, in parse
    loader.exec_module(new_module)
  File "<frozen importlib._bootstrap_external>", line 839, in exec_module
  File "<frozen importlib._bootstrap_external>", line 976, in get_code
  File "<frozen importlib._bootstrap_external>", line 906, in source_to_code
  File "<frozen importlib._bootstrap>", line 219, in _call_with_frames_removed
  File "/opt/airflow/dags/dag.py", line 23
    )as dag
          ^
SyntaxError: invalid syntax
[2026-08-14T16:37:12.974+0000] {processor.py:841} WARNING - No viable dags retrieved from /opt/airflow/dags/dag.py
[2026-08-14T16:37:12.988+0000] {processor.py:179} INFO - Processing /opt/airflow/dags/dag.py took 0.028 seconds
[2026-08-14T16:37:43.333+0000] {processor.py:157} INFO - Started process (PID=16363) to work on /opt/airflow/dags/dag.py
[2026-08-14T16:37:43.334+0000] {processor.py:829} INFO - Processing file /opt/airflow/dags/dag.py for tasks to queue
[2026-08-14T16:37:43.337+0000] {logging_mixin.py:151} INFO - [2026-08-14T16:37:43.337+0000] {dagbag.py:536} INFO - Filling up the DagBag from /opt/airflow/dags/dag.py
[2026-08-14T16:37:43.343+0000] {logging_mixin.py:151} INFO - [2026-08-14T16:37:43.343+0000] {dagbag.py:346} ERROR - Failed to import: /opt/airflow/dags/dag.py
Traceback (most recent call last):
  File "/home/airflow/.local/lib/python3.8/site-packages/airflow/models/dagbag.py", line 342, in parse
    loader.exec_module(new_module)
  File "<frozen importlib._bootstrap_external>", line 839, in exec_module
  File "<frozen importlib._bootstrap_external>", line 976, in get_code
  File "<frozen importlib._bootstrap_external>", line 906, in source_to_code
  File "<frozen importlib._bootstrap>", line 219, in _call_with_frames_removed
  File "/opt/airflow/dags/dag.py", line 23
    )as dag
          ^
SyntaxError: invalid syntax
[2026-08-14T16:37:43.344+0000] {processor.py:841} WARNING - No viable dags retrieved from /opt/airflow/dags/dag.py
[2026-08-14T16:37:43.360+0000] {processor.py:179} INFO - Processing /opt/airflow/dags/dag.py took 0.029 seconds
[2026-08-14T16:38:13.742+0000] {processor.py:157} INFO - Started process (PID=16371) to work on /opt/airflow/dags/dag.py
[2026-08-14T16:38:13.744+0000] {processor.py:829} INFO - Processing file /opt/airflow/dags/dag.py for tasks to queue
[2026-08-14T16:38:13.746+0000] {logging_mixin.py:151} INFO - [2026-08-14T16:38:13.746+0000] {dagbag.py:536} INFO - Filling up the DagBag from /opt/airflow/dags/dag.py
[2026-08-14T16:38:13.751+0000] {logging_mixin.py:151} INFO - [2026-08-14T16:38:13.750+0000] {dagbag.py:346} ERROR - Failed to import: /opt/airflow/dags/dag.py
Traceback (most recent call last):
  File "/home/airflow/.local/lib/python3.8/site-packages/airflow/models/dagbag.py", line 342, in parse
    loader.exec_module(new_module)
  File "<frozen importlib._bootstrap_external>", line 839, in exec_module
  File "<frozen importlib._bootstrap_external>", line 976, in get_code
  File "<frozen importlib._bootstrap_external>", line 906, in source_to_code
  File "<frozen importlib._bootstrap>", line 219, in _call_with_frames_removed
  File "/opt/airflow/dags/dag.py", line 23
    )as dag
          ^
SyntaxError: invalid syntax
[2026-08-14T16:38:13.751+0000] {processor.py:841} WARNING - No viable dags retrieved from /opt/airflow/dags/dag.py
[2026-08-14T16:38:13.762+0000] {processor.py:179} INFO - Processing /opt/airflow/dags/dag.py took 0.022 seconds
[2026-08-14T16:38:44.112+0000] {processor.py:157} INFO - Started process (PID=16379) to work on /opt/airflow/dags/dag.py
[2026-08-14T16:38:44.113+0000] {processor.py:829} INFO - Processing file /opt/airflow/dags/dag.py for tasks to queue
[2026-08-14T16:38:44.115+0000] {logging_mixin.py:151} INFO - [2026-08-14T16:38:44.114+0000] {dagbag.py:536} INFO - Filling up the DagBag from /opt/airflow/dags/dag.py
[2026-08-14T16:38:44.119+0000] {logging_mixin.py:151} INFO - [2026-08-14T16:38:44.119+0000] {dagbag.py:346} ERROR - Failed to import: /opt/airflow/dags/dag.py
Traceback (most recent call last):
  File "/home/airflow/.local/lib/python3.8/site-packages/airflow/models/dagbag.py", line 342, in parse
    loader.exec_module(new_module)
  File "<frozen importlib._bootstrap_external>", line 839, in exec_module
  File "<frozen importlib._bootstrap_external>", line 976, in get_code
  File "<frozen importlib._bootstrap_external>", line 906, in source_to_code
  File "<frozen importlib._bootstrap>", line 219, in _call_with_frames_removed
  File "/opt/airflow/dags/dag.py", line 23
    )as dag
          ^
SyntaxError: invalid syntax
[2026-08-14T16:38:44.120+0000] {processor.py:841} WARNING - No viable dags retrieved from /opt/airflow/dags/dag.py
[2026-08-14T16:38:44.133+0000] {processor.py:179} INFO - Processing /opt/airflow/dags/dag.py took 0.023 seconds
[2026-08-14T16:39:14.511+0000] {processor.py:157} INFO - Started process (PID=16387) to work on /opt/airflow/dags/dag.py
[2026-08-14T16:39:14.512+0000] {processor.py:829} INFO - Processing file /opt/airflow/dags/dag.py for tasks to queue
[2026-08-14T16:39:14.517+0000] {logging_mixin.py:151} INFO - [2026-08-14T16:39:14.517+0000] {dagbag.py:536} INFO - Filling up the DagBag from /opt/airflow/dags/dag.py
[2026-08-14T16:39:14.519+0000] {logging_mixin.py:151} INFO - [2026-08-14T16:39:14.518+0000] {dagbag.py:346} ERROR - Failed to import: /opt/airflow/dags/dag.py
Traceback (most recent call last):
  File "/home/airflow/.local/lib/python3.8/site-packages/airflow/models/dagbag.py", line 342, in parse
    loader.exec_module(new_module)
  File "<frozen importlib._bootstrap_external>", line 839, in exec_module
  File "<frozen importlib._bootstrap_external>", line 976, in get_code
  File "<frozen importlib._bootstrap_external>", line 906, in source_to_code
  File "<frozen importlib._bootstrap>", line 219, in _call_with_frames_removed
  File "/opt/airflow/dags/dag.py", line 23
    )as dag
          ^
SyntaxError: invalid syntax
[2026-08-14T16:39:14.519+0000] {processor.py:841} WARNING - No viable dags retrieved from /opt/airflow/dags/dag.py
[2026-08-14T16:39:14.529+0000] {processor.py:179} INFO - Processing /opt/airflow/dags/dag.py took 0.020 seconds
[2026-08-14T16:39:44.865+0000] {processor.py:157} INFO - Started process (PID=16395) to work on /opt/airflow/dags/dag.py
[2026-08-14T16:39:44.866+0000] {processor.py:829} INFO - Processing file /opt/airflow/dags/dag.py for tasks to queue
[2026-08-14T16:39:44.868+0000] {logging_mixin.py:151} INFO - [2026-08-14T16:39:44.868+0000] {dagbag.py:536} INFO - Filling up the DagBag from /opt/airflow/dags/dag.py
[2026-08-14T16:39:44.873+0000] {logging_mixin.py:151} INFO - [2026-08-14T16:39:44.873+0000] {dagbag.py:346} ERROR - Failed to import: /opt/airflow/dags/dag.py
Traceback (most recent call last):
  File "/home/airflow/.local/lib/python3.8/site-packages/airflow/models/dagbag.py", line 342, in parse
    loader.exec_module(new_module)
  File "<frozen importlib._bootstrap_external>", line 839, in exec_module
  File "<frozen importlib._bootstrap_external>", line 976, in get_code
  File "<frozen importlib._bootstrap_external>", line 906, in source_to_code
  File "<frozen importlib._bootstrap>", line 219, in _call_with_frames_removed
  File "/opt/airflow/dags/dag.py", line 23
    )as dag
          ^
SyntaxError: invalid syntax
[2026-08-14T16:39:44.876+0000] {processor.py:841} WARNING - No viable dags retrieved from /opt/airflow/dags/dag.py
[2026-08-14T16:39:44.891+0000] {processor.py:179} INFO - Processing /opt/airflow/dags/dag.py took 0.027 seconds
[2026-08-14T16:40:15.255+0000] {processor.py:157} INFO - Started process (PID=16403) to work on /opt/airflow/dags/dag.py
[2026-08-14T16:40:15.255+0000] {processor.py:829} INFO - Processing file /opt/airflow/dags/dag.py for tasks to queue
[2026-08-14T16:40:15.258+0000] {logging_mixin.py:151} INFO - [2026-08-14T16:40:15.258+0000] {dagbag.py:536} INFO - Filling up the DagBag from /opt/airflow/dags/dag.py
[2026-08-14T16:40:15.263+0000] {logging_mixin.py:151} INFO - [2026-08-14T16:40:15.263+0000] {dagbag.py:346} ERROR - Failed to import: /opt/airflow/dags/dag.py
Traceback (most recent call last):
  File "/home/airflow/.local/lib/python3.8/site-packages/airflow/models/dagbag.py", line 342, in parse
    loader.exec_module(new_module)
  File "<frozen importlib._bootstrap_external>", line 839, in exec_module
  File "<frozen importlib._bootstrap_external>", line 976, in get_code
  File "<frozen importlib._bootstrap_external>", line 906, in source_to_code
  File "<frozen importlib._bootstrap>", line 219, in _call_with_frames_removed
  File "/opt/airflow/dags/dag.py", line 23
    )as dag
          ^
SyntaxError: invalid syntax
[2026-08-14T16:40:15.264+0000] {processor.py:841} WARNING - No viable dags retrieved from /opt/airflow/dags/dag.py
[2026-08-14T16:40:15.274+0000] {processor.py:179} INFO - Processing /opt/airflow/dags/dag.py took 0.021 seconds
[2026-08-14T16:40:45.619+0000] {processor.py:157} INFO - Started process (PID=16411) to work on /opt/airflow/dags/dag.py
[2026-08-14T16:40:45.620+0000] {processor.py:829} INFO - Processing file /opt/airflow/dags/dag.py for tasks to queue
[2026-08-14T16:40:45.621+0000] {logging_mixin.py:151} INFO - [2026-08-14T16:40:45.621+0000] {dagbag.py:536} INFO - Filling up the DagBag from /opt/airflow/dags/dag.py
[2026-08-14T16:40:45.626+0000] {logging_mixin.py:151} INFO - [2026-08-14T16:40:45.625+0000] {dagbag.py:346} ERROR - Failed to import: /opt/airflow/dags/dag.py
Traceback (most recent call last):
  File "/home/airflow/.local/lib/python3.8/site-packages/airflow/models/dagbag.py", line 342, in parse
    loader.exec_module(new_module)
  File "<frozen importlib._bootstrap_external>", line 839, in exec_module
  File "<frozen importlib._bootstrap_external>", line 976, in get_code
  File "<frozen importlib._bootstrap_external>", line 906, in source_to_code
  File "<frozen importlib._bootstrap>", line 219, in _call_with_frames_removed
  File "/opt/airflow/dags/dag.py", line 23
    )as dag
          ^
SyntaxError: invalid syntax
[2026-08-14T16:40:45.626+0000] {processor.py:841} WARNING - No viable dags retrieved from /opt/airflow/dags/dag.py
[2026-08-14T16:40:45.639+0000] {processor.py:179} INFO - Processing /opt/airflow/dags/dag.py took 0.021 seconds
[2026-08-14T16:41:15.959+0000] {processor.py:157} INFO - Started process (PID=16419) to work on /opt/airflow/dags/dag.py
[2026-08-14T16:41:15.960+0000] {processor.py:829} INFO - Processing file /opt/airflow/dags/dag.py for tasks to queue
[2026-08-14T16:41:15.963+0000] {logging_mixin.py:151} INFO - [2026-08-14T16:41:15.963+0000] {dagbag.py:536} INFO - Filling up the DagBag from /opt/airflow/dags/dag.py
[2026-08-14T16:41:15.969+0000] {logging_mixin.py:151} INFO - [2026-08-14T16:41:15.968+0000] {dagbag.py:346} ERROR - Failed to import: /opt/airflow/dags/dag.py
Traceback (most recent call last):
  File "/home/airflow/.local/lib/python3.8/site-packages/airflow/models/dagbag.py", line 342, in parse
    loader.exec_module(new_module)
  File "<frozen importlib._bootstrap_external>", line 839, in exec_module
  File "<frozen importlib._bootstrap_external>", line 976, in get_code
  File "<frozen importlib._bootstrap_external>", line 906, in source_to_code
  File "<frozen importlib._bootstrap>", line 219, in _call_with_frames_removed
  File "/opt/airflow/dags/dag.py", line 23
    )as dag
          ^
SyntaxError: invalid syntax
[2026-08-14T16:41:15.969+0000] {processor.py:841} WARNING - No viable dags retrieved from /opt/airflow/dags/dag.py
[2026-08-14T16:41:15.978+0000] {processor.py:179} INFO - Processing /opt/airflow/dags/dag.py took 0.020 seconds
[2026-08-14T16:41:46.364+0000] {processor.py:157} INFO - Started process (PID=16427) to work on /opt/airflow/dags/dag.py
[2026-08-14T16:41:46.364+0000] {processor.py:829} INFO - Processing file /opt/airflow/dags/dag.py for tasks to queue
[2026-08-14T16:41:46.366+0000] {logging_mixin.py:151} INFO - [2026-08-14T16:41:46.365+0000] {dagbag.py:536} INFO - Filling up the DagBag from /opt/airflow/dags/dag.py
[2026-08-14T16:41:46.370+0000] {logging_mixin.py:151} INFO - [2026-08-14T16:41:46.369+0000] {dagbag.py:346} ERROR - Failed to import: /opt/airflow/dags/dag.py
Traceback (most recent call last):
  File "/home/airflow/.local/lib/python3.8/site-packages/airflow/models/dagbag.py", line 342, in parse
    loader.exec_module(new_module)
  File "<frozen importlib._bootstrap_external>", line 839, in exec_module
  File "<frozen importlib._bootstrap_external>", line 976, in get_code
  File "<frozen importlib._bootstrap_external>", line 906, in source_to_code
  File "<frozen importlib._bootstrap>", line 219, in _call_with_frames_removed
  File "/opt/airflow/dags/dag.py", line 23
    )as dag
          ^
SyntaxError: invalid syntax
[2026-08-14T16:41:46.370+0000] {processor.py:841} WARNING - No viable dags retrieved from /opt/airflow/dags/dag.py
[2026-08-14T16:41:46.383+0000] {processor.py:179} INFO - Processing /opt/airflow/dags/dag.py took 0.021 seconds
[2026-08-14T16:42:16.747+0000] {processor.py:157} INFO - Started process (PID=16435) to work on /opt/airflow/dags/dag.py
[2026-08-14T16:42:16.749+0000] {processor.py:829} INFO - Processing file /opt/airflow/dags/dag.py for tasks to queue
[2026-08-14T16:42:16.750+0000] {logging_mixin.py:151} INFO - [2026-08-14T16:42:16.750+0000] {dagbag.py:536} INFO - Filling up the DagBag from /opt/airflow/dags/dag.py
[2026-08-14T16:42:16.756+0000] {logging_mixin.py:151} INFO - [2026-08-14T16:42:16.756+0000] {dagbag.py:346} ERROR - Failed to import: /opt/airflow/dags/dag.py
Traceback (most recent call last):
  File "/home/airflow/.local/lib/python3.8/site-packages/airflow/models/dagbag.py", line 342, in parse
    loader.exec_module(new_module)
  File "<frozen importlib._bootstrap_external>", line 839, in exec_module
  File "<frozen importlib._bootstrap_external>", line 976, in get_code
  File "<frozen importlib._bootstrap_external>", line 906, in source_to_code
  File "<frozen importlib._bootstrap>", line 219, in _call_with_frames_removed
  File "/opt/airflow/dags/dag.py", line 23
    )as dag
          ^
SyntaxError: invalid syntax
[2026-08-14T16:42:16.757+0000] {processor.py:841} WARNING - No viable dags retrieved from /opt/airflow/dags/dag.py
[2026-08-14T16:42:16.773+0000] {processor.py:179} INFO - Processing /opt/airflow/dags/dag.py took 0.029 seconds
[2026-08-14T16:42:47.151+0000] {processor.py:157} INFO - Started process (PID=16443) to work on /opt/airflow/dags/dag.py
[2026-08-14T16:42:47.151+0000] {processor.py:829} INFO - Processing file /opt/airflow/dags/dag.py for tasks to queue
[2026-08-14T16:42:47.153+0000] {logging_mixin.py:151} INFO - [2026-08-14T16:42:47.153+0000] {dagbag.py:536} INFO - Filling up the DagBag from /opt/airflow/dags/dag.py
[2026-08-14T16:42:47.159+0000] {logging_mixin.py:151} INFO - [2026-08-14T16:42:47.158+0000] {dagbag.py:346} ERROR - Failed to import: /opt/airflow/dags/dag.py
Traceback (most recent call last):
  File "/home/airflow/.local/lib/python3.8/site-packages/airflow/models/dagbag.py", line 342, in parse
    loader.exec_module(new_module)
  File "<frozen importlib._bootstrap_external>", line 839, in exec_module
  File "<frozen importlib._bootstrap_external>", line 976, in get_code
  File "<frozen importlib._bootstrap_external>", line 906, in source_to_code
  File "<frozen importlib._bootstrap>", line 219, in _call_with_frames_removed
  File "/opt/airflow/dags/dag.py", line 23
    )as dag
          ^
SyntaxError: invalid syntax
[2026-08-14T16:42:47.159+0000] {processor.py:841} WARNING - No viable dags retrieved from /opt/airflow/dags/dag.py
[2026-08-14T16:42:47.171+0000] {processor.py:179} INFO - Processing /opt/airflow/dags/dag.py took 0.022 seconds
[2026-08-14T16:43:17.511+0000] {processor.py:157} INFO - Started process (PID=16451) to work on /opt/airflow/dags/dag.py
[2026-08-14T16:43:17.512+0000] {processor.py:829} INFO - Processing file /opt/airflow/dags/dag.py for tasks to queue
[2026-08-14T16:43:17.515+0000] {logging_mixin.py:151} INFO - [2026-08-14T16:43:17.515+0000] {dagbag.py:536} INFO - Filling up the DagBag from /opt/airflow/dags/dag.py
[2026-08-14T16:43:17.522+0000] {logging_mixin.py:151} INFO - [2026-08-14T16:43:17.522+0000] {dagbag.py:346} ERROR - Failed to import: /opt/airflow/dags/dag.py
Traceback (most recent call last):
  File "/home/airflow/.local/lib/python3.8/site-packages/airflow/models/dagbag.py", line 342, in parse
    loader.exec_module(new_module)
  File "<frozen importlib._bootstrap_external>", line 839, in exec_module
  File "<frozen importlib._bootstrap_external>", line 976, in get_code
  File "<frozen importlib._bootstrap_external>", line 906, in source_to_code
  File "<frozen importlib._bootstrap>", line 219, in _call_with_frames_removed
  File "/opt/airflow/dags/dag.py", line 23
    )as dag
          ^
SyntaxError: invalid syntax
[2026-08-14T16:43:17.522+0000] {processor.py:841} WARNING - No viable dags retrieved from /opt/airflow/dags/dag.py
[2026-08-14T16:43:17.536+0000] {processor.py:179} INFO - Processing /opt/airflow/dags/dag.py took 0.027 seconds
[2026-08-14T16:43:47.929+0000] {processor.py:157} INFO - Started process (PID=16459) to work on /opt/airflow/dags/dag.py
[2026-08-14T16:43:47.930+0000] {processor.py:829} INFO - Processing file /opt/airflow/dags/dag.py for tasks to queue
[2026-08-14T16:43:47.932+0000] {logging_mixin.py:151} INFO - [2026-08-14T16:43:47.932+0000] {dagbag.py:536} INFO - Filling up the DagBag from /opt/airflow/dags/dag.py
[2026-08-14T16:43:47.941+0000] {logging_mixin.py:151} INFO - [2026-08-14T16:43:47.940+0000] {dagbag.py:346} ERROR - Failed to import: /opt/airflow/dags/dag.py
Traceback (most recent call last):
  File "/home/airflow/.local/lib/python3.8/site-packages/airflow/models/dagbag.py", line 342, in parse
    loader.exec_module(new_module)
  File "<frozen importlib._bootstrap_external>", line 839, in exec_module
  File "<frozen importlib._bootstrap_external>", line 976, in get_code
  File "<frozen importlib._bootstrap_external>", line 906, in source_to_code
  File "<frozen importlib._bootstrap>", line 219, in _call_with_frames_removed
  File "/opt/airflow/dags/dag.py", line 23
    )as dag
          ^
SyntaxError: invalid syntax
[2026-08-14T16:43:47.941+0000] {processor.py:841} WARNING - No viable dags retrieved from /opt/airflow/dags/dag.py
[2026-08-14T16:43:47.959+0000] {processor.py:179} INFO - Processing /opt/airflow/dags/dag.py took 0.033 seconds
[2026-08-14T16:44:18.317+0000] {processor.py:157} INFO - Started process (PID=16467) to work on /opt/airflow/dags/dag.py
[2026-08-14T16:44:18.318+0000] {processor.py:829} INFO - Processing file /opt/airflow/dags/dag.py for tasks to queue
[2026-08-14T16:44:18.320+0000] {logging_mixin.py:151} INFO - [2026-08-14T16:44:18.320+0000] {dagbag.py:536} INFO - Filling up the DagBag from /opt/airflow/dags/dag.py
[2026-08-14T16:44:18.326+0000] {logging_mixin.py:151} INFO - [2026-08-14T16:44:18.326+0000] {dagbag.py:346} ERROR - Failed to import: /opt/airflow/dags/dag.py
Traceback (most recent call last):
  File "/home/airflow/.local/lib/python3.8/site-packages/airflow/models/dagbag.py", line 342, in parse
    loader.exec_module(new_module)
  File "<frozen importlib._bootstrap_external>", line 839, in exec_module
  File "<frozen importlib._bootstrap_external>", line 976, in get_code
  File "<frozen importlib._bootstrap_external>", line 906, in source_to_code
  File "<frozen importlib._bootstrap>", line 219, in _call_with_frames_removed
  File "/opt/airflow/dags/dag.py", line 23
    )as dag
          ^
SyntaxError: invalid syntax
[2026-08-14T16:44:18.327+0000] {processor.py:841} WARNING - No viable dags retrieved from /opt/airflow/dags/dag.py
[2026-08-14T16:44:18.339+0000] {processor.py:179} INFO - Processing /opt/airflow/dags/dag.py took 0.024 seconds
[2026-08-14T16:44:48.662+0000] {processor.py:157} INFO - Started process (PID=16475) to work on /opt/airflow/dags/dag.py
[2026-08-14T16:44:48.663+0000] {processor.py:829} INFO - Processing file /opt/airflow/dags/dag.py for tasks to queue
[2026-08-14T16:44:48.664+0000] {logging_mixin.py:151} INFO - [2026-08-14T16:44:48.664+0000] {dagbag.py:536} INFO - Filling up the DagBag from /opt/airflow/dags/dag.py
[2026-08-14T16:44:48.670+0000] {logging_mixin.py:151} INFO - [2026-08-14T16:44:48.669+0000] {dagbag.py:346} ERROR - Failed to import: /opt/airflow/dags/dag.py
Traceback (most recent call last):
  File "/home/airflow/.local/lib/python3.8/site-packages/airflow/models/dagbag.py", line 342, in parse
    loader.exec_module(new_module)
  File "<frozen importlib._bootstrap_external>", line 839, in exec_module
  File "<frozen importlib._bootstrap_external>", line 976, in get_code
  File "<frozen importlib._bootstrap_external>", line 906, in source_to_code
  File "<frozen importlib._bootstrap>", line 219, in _call_with_frames_removed
  File "/opt/airflow/dags/dag.py", line 23
    )as dag
          ^
SyntaxError: invalid syntax
[2026-08-14T16:44:48.674+0000] {processor.py:841} WARNING - No viable dags retrieved from /opt/airflow/dags/dag.py
[2026-08-14T16:44:48.686+0000] {processor.py:179} INFO - Processing /opt/airflow/dags/dag.py took 0.026 seconds
[2026-08-14T16:45:18.948+0000] {processor.py:157} INFO - Started process (PID=16483) to work on /opt/airflow/dags/dag.py
[2026-08-14T16:45:18.949+0000] {processor.py:829} INFO - Processing file /opt/airflow/dags/dag.py for tasks to queue
[2026-08-14T16:45:18.951+0000] {logging_mixin.py:151} INFO - [2026-08-14T16:45:18.951+0000] {dagbag.py:536} INFO - Filling up the DagBag from /opt/airflow/dags/dag.py
[2026-08-14T16:45:18.955+0000] {logging_mixin.py:151} INFO - [2026-08-14T16:45:18.955+0000] {dagbag.py:346} ERROR - Failed to import: /opt/airflow/dags/dag.py
Traceback (most recent call last):
  File "/home/airflow/.local/lib/python3.8/site-packages/airflow/models/dagbag.py", line 342, in parse
    loader.exec_module(new_module)
  File "<frozen importlib._bootstrap_external>", line 839, in exec_module
  File "<frozen importlib._bootstrap_external>", line 976, in get_code
  File "<frozen importlib._bootstrap_external>", line 906, in source_to_code
  File "<frozen importlib._bootstrap>", line 219, in _call_with_frames_removed
  File "/opt/airflow/dags/dag.py", line 23
    )as dag
          ^
SyntaxError: invalid syntax
[2026-08-14T16:45:18.956+0000] {processor.py:841} WARNING - No viable dags retrieved from /opt/airflow/dags/dag.py
[2026-08-14T16:45:18.971+0000] {processor.py:179} INFO - Processing /opt/airflow/dags/dag.py took 0.025 seconds
[2026-08-14T16:45:49.361+0000] {processor.py:157} INFO - Started process (PID=16491) to work on /opt/airflow/dags/dag.py
[2026-08-14T16:45:49.363+0000] {processor.py:829} INFO - Processing file /opt/airflow/dags/dag.py for tasks to queue
[2026-08-14T16:45:49.367+0000] {logging_mixin.py:151} INFO - [2026-08-14T16:45:49.367+0000] {dagbag.py:536} INFO - Filling up the DagBag from /opt/airflow/dags/dag.py
[2026-08-14T16:45:49.369+0000] {logging_mixin.py:151} INFO - [2026-08-14T16:45:49.369+0000] {dagbag.py:346} ERROR - Failed to import: /opt/airflow/dags/dag.py
Traceback (most recent call last):
  File "/home/airflow/.local/lib/python3.8/site-packages/airflow/models/dagbag.py", line 342, in parse
    loader.exec_module(new_module)
  File "<frozen importlib._bootstrap_external>", line 839, in exec_module
  File "<frozen importlib._bootstrap_external>", line 976, in get_code
  File "<frozen importlib._bootstrap_external>", line 906, in source_to_code
  File "<frozen importlib._bootstrap>", line 219, in _call_with_frames_removed
  File "/opt/airflow/dags/dag.py", line 23
    )as dag
          ^
SyntaxError: invalid syntax
[2026-08-14T16:45:49.369+0000] {processor.py:841} WARNING - No viable dags retrieved from /opt/airflow/dags/dag.py
[2026-08-14T16:45:49.382+0000] {processor.py:179} INFO - Processing /opt/airflow/dags/dag.py took 0.023 seconds
[2026-08-14T16:46:19.744+0000] {processor.py:157} INFO - Started process (PID=16499) to work on /opt/airflow/dags/dag.py
[2026-08-14T16:46:19.746+0000] {processor.py:829} INFO - Processing file /opt/airflow/dags/dag.py for tasks to queue
[2026-08-14T16:46:19.748+0000] {logging_mixin.py:151} INFO - [2026-08-14T16:46:19.748+0000] {dagbag.py:536} INFO - Filling up the DagBag from /opt/airflow/dags/dag.py
[2026-08-14T16:46:19.753+0000] {logging_mixin.py:151} INFO - [2026-08-14T16:46:19.753+0000] {dagbag.py:346} ERROR - Failed to import: /opt/airflow/dags/dag.py
Traceback (most recent call last):
  File "/home/airflow/.local/lib/python3.8/site-packages/airflow/models/dagbag.py", line 342, in parse
    loader.exec_module(new_module)
  File "<frozen importlib._bootstrap_external>", line 839, in exec_module
  File "<frozen importlib._bootstrap_external>", line 976, in get_code
  File "<frozen importlib._bootstrap_external>", line 906, in source_to_code
  File "<frozen importlib._bootstrap>", line 219, in _call_with_frames_removed
  File "/opt/airflow/dags/dag.py", line 23
    )as dag
          ^
SyntaxError: invalid syntax
[2026-08-14T16:46:19.753+0000] {processor.py:841} WARNING - No viable dags retrieved from /opt/airflow/dags/dag.py
[2026-08-14T16:46:19.770+0000] {processor.py:179} INFO - Processing /opt/airflow/dags/dag.py took 0.028 seconds
[2026-08-14T16:46:50.116+0000] {processor.py:157} INFO - Started process (PID=16507) to work on /opt/airflow/dags/dag.py
[2026-08-14T16:46:50.117+0000] {processor.py:829} INFO - Processing file /opt/airflow/dags/dag.py for tasks to queue
[2026-08-14T16:46:50.119+0000] {logging_mixin.py:151} INFO - [2026-08-14T16:46:50.119+0000] {dagbag.py:536} INFO - Filling up the DagBag from /opt/airflow/dags/dag.py
[2026-08-14T16:46:50.124+0000] {logging_mixin.py:151} INFO - [2026-08-14T16:46:50.124+0000] {dagbag.py:346} ERROR - Failed to import: /opt/airflow/dags/dag.py
Traceback (most recent call last):
  File "/home/airflow/.local/lib/python3.8/site-packages/airflow/models/dagbag.py", line 342, in parse
    loader.exec_module(new_module)
  File "<frozen importlib._bootstrap_external>", line 839, in exec_module
  File "<frozen importlib._bootstrap_external>", line 976, in get_code
  File "<frozen importlib._bootstrap_external>", line 906, in source_to_code
  File "<frozen importlib._bootstrap>", line 219, in _call_with_frames_removed
  File "/opt/airflow/dags/dag.py", line 23
    )as dag
          ^
SyntaxError: invalid syntax
[2026-08-14T16:46:50.125+0000] {processor.py:841} WARNING - No viable dags retrieved from /opt/airflow/dags/dag.py
[2026-08-14T16:46:50.139+0000] {processor.py:179} INFO - Processing /opt/airflow/dags/dag.py took 0.025 seconds
[2026-08-14T16:47:20.476+0000] {processor.py:157} INFO - Started process (PID=16515) to work on /opt/airflow/dags/dag.py
[2026-08-14T16:47:20.477+0000] {processor.py:829} INFO - Processing file /opt/airflow/dags/dag.py for tasks to queue
[2026-08-14T16:47:20.482+0000] {logging_mixin.py:151} INFO - [2026-08-14T16:47:20.482+0000] {dagbag.py:536} INFO - Filling up the DagBag from /opt/airflow/dags/dag.py
[2026-08-14T16:47:20.484+0000] {logging_mixin.py:151} INFO - [2026-08-14T16:47:20.484+0000] {dagbag.py:346} ERROR - Failed to import: /opt/airflow/dags/dag.py
Traceback (most recent call last):
  File "/home/airflow/.local/lib/python3.8/site-packages/airflow/models/dagbag.py", line 342, in parse
    loader.exec_module(new_module)
  File "<frozen importlib._bootstrap_external>", line 839, in exec_module
  File "<frozen importlib._bootstrap_external>", line 976, in get_code
  File "<frozen importlib._bootstrap_external>", line 906, in source_to_code
  File "<frozen importlib._bootstrap>", line 219, in _call_with_frames_removed
  File "/opt/airflow/dags/dag.py", line 23
    )as dag
          ^
SyntaxError: invalid syntax
[2026-08-14T16:47:20.484+0000] {processor.py:841} WARNING - No viable dags retrieved from /opt/airflow/dags/dag.py
[2026-08-14T16:47:20.499+0000] {processor.py:179} INFO - Processing /opt/airflow/dags/dag.py took 0.025 seconds
[2026-08-14T16:47:50.861+0000] {processor.py:157} INFO - Started process (PID=16523) to work on /opt/airflow/dags/dag.py
[2026-08-14T16:47:50.862+0000] {processor.py:829} INFO - Processing file /opt/airflow/dags/dag.py for tasks to queue
[2026-08-14T16:47:50.864+0000] {logging_mixin.py:151} INFO - [2026-08-14T16:47:50.863+0000] {dagbag.py:536} INFO - Filling up the DagBag from /opt/airflow/dags/dag.py
[2026-08-14T16:47:50.870+0000] {logging_mixin.py:151} INFO - [2026-08-14T16:47:50.869+0000] {dagbag.py:346} ERROR - Failed to import: /opt/airflow/dags/dag.py
Traceback (most recent call last):
  File "/home/airflow/.local/lib/python3.8/site-packages/airflow/models/dagbag.py", line 342, in parse
    loader.exec_module(new_module)
  File "<frozen importlib._bootstrap_external>", line 839, in exec_module
  File "<frozen importlib._bootstrap_external>", line 976, in get_code
  File "<frozen importlib._bootstrap_external>", line 906, in source_to_code
  File "<frozen importlib._bootstrap>", line 219, in _call_with_frames_removed
  File "/opt/airflow/dags/dag.py", line 23
    )as dag
          ^
SyntaxError: invalid syntax
[2026-08-14T16:47:50.870+0000] {processor.py:841} WARNING - No viable dags retrieved from /opt/airflow/dags/dag.py
[2026-08-14T16:47:50.885+0000] {processor.py:179} INFO - Processing /opt/airflow/dags/dag.py took 0.026 seconds
[2026-08-14T16:48:21.188+0000] {processor.py:157} INFO - Started process (PID=16531) to work on /opt/airflow/dags/dag.py
[2026-08-14T16:48:21.189+0000] {processor.py:829} INFO - Processing file /opt/airflow/dags/dag.py for tasks to queue
[2026-08-14T16:48:21.190+0000] {logging_mixin.py:151} INFO - [2026-08-14T16:48:21.190+0000] {dagbag.py:536} INFO - Filling up the DagBag from /opt/airflow/dags/dag.py
[2026-08-14T16:48:21.196+0000] {logging_mixin.py:151} INFO - [2026-08-14T16:48:21.196+0000] {dagbag.py:346} ERROR - Failed to import: /opt/airflow/dags/dag.py
Traceback (most recent call last):
  File "/home/airflow/.local/lib/python3.8/site-packages/airflow/models/dagbag.py", line 342, in parse
    loader.exec_module(new_module)
  File "<frozen importlib._bootstrap_external>", line 839, in exec_module
  File "<frozen importlib._bootstrap_external>", line 976, in get_code
  File "<frozen importlib._bootstrap_external>", line 906, in source_to_code
  File "<frozen importlib._bootstrap>", line 219, in _call_with_frames_removed
  File "/opt/airflow/dags/dag.py", line 23
    )as dag
          ^
SyntaxError: invalid syntax
[2026-08-14T16:48:21.196+0000] {processor.py:841} WARNING - No viable dags retrieved from /opt/airflow/dags/dag.py
[2026-08-14T16:48:21.208+0000] {processor.py:179} INFO - Processing /opt/airflow/dags/dag.py took 0.022 seconds
[2026-08-14T16:48:51.572+0000] {processor.py:157} INFO - Started process (PID=16539) to work on /opt/airflow/dags/dag.py
[2026-08-14T16:48:51.573+0000] {processor.py:829} INFO - Processing file /opt/airflow/dags/dag.py for tasks to queue
[2026-08-14T16:48:51.575+0000] {logging_mixin.py:151} INFO - [2026-08-14T16:48:51.575+0000] {dagbag.py:536} INFO - Filling up the DagBag from /opt/airflow/dags/dag.py
[2026-08-14T16:48:51.579+0000] {logging_mixin.py:151} INFO - [2026-08-14T16:48:51.579+0000] {dagbag.py:346} ERROR - Failed to import: /opt/airflow/dags/dag.py
Traceback (most recent call last):
  File "/home/airflow/.local/lib/python3.8/site-packages/airflow/models/dagbag.py", line 342, in parse
    loader.exec_module(new_module)
  File "<frozen importlib._bootstrap_external>", line 839, in exec_module
  File "<frozen importlib._bootstrap_external>", line 976, in get_code
  File "<frozen importlib._bootstrap_external>", line 906, in source_to_code
  File "<frozen importlib._bootstrap>", line 219, in _call_with_frames_removed
  File "/opt/airflow/dags/dag.py", line 23
    )as dag
          ^
SyntaxError: invalid syntax
[2026-08-14T16:48:51.579+0000] {processor.py:841} WARNING - No viable dags retrieved from /opt/airflow/dags/dag.py
[2026-08-14T16:48:51.591+0000] {processor.py:179} INFO - Processing /opt/airflow/dags/dag.py took 0.021 seconds
[2026-08-14T16:49:21.891+0000] {processor.py:157} INFO - Started process (PID=16547) to work on /opt/airflow/dags/dag.py
[2026-08-14T16:49:21.893+0000] {processor.py:829} INFO - Processing file /opt/airflow/dags/dag.py for tasks to queue
[2026-08-14T16:49:21.895+0000] {logging_mixin.py:151} INFO - [2026-08-14T16:49:21.895+0000] {dagbag.py:536} INFO - Filling up the DagBag from /opt/airflow/dags/dag.py
[2026-08-14T16:49:21.901+0000] {logging_mixin.py:151} INFO - [2026-08-14T16:49:21.900+0000] {dagbag.py:346} ERROR - Failed to import: /opt/airflow/dags/dag.py
Traceback (most recent call last):
  File "/home/airflow/.local/lib/python3.8/site-packages/airflow/models/dagbag.py", line 342, in parse
    loader.exec_module(new_module)
  File "<frozen importlib._bootstrap_external>", line 839, in exec_module
  File "<frozen importlib._bootstrap_external>", line 976, in get_code
  File "<frozen importlib._bootstrap_external>", line 906, in source_to_code
  File "<frozen importlib._bootstrap>", line 219, in _call_with_frames_removed
  File "/opt/airflow/dags/dag.py", line 23
    )as dag
          ^
SyntaxError: invalid syntax
[2026-08-14T16:49:21.901+0000] {processor.py:841} WARNING - No viable dags retrieved from /opt/airflow/dags/dag.py
[2026-08-14T16:49:21.912+0000] {processor.py:179} INFO - Processing /opt/airflow/dags/dag.py took 0.023 seconds
[2026-08-14T16:49:52.192+0000] {processor.py:157} INFO - Started process (PID=16555) to work on /opt/airflow/dags/dag.py
[2026-08-14T16:49:52.194+0000] {processor.py:829} INFO - Processing file /opt/airflow/dags/dag.py for tasks to queue
[2026-08-14T16:49:52.195+0000] {logging_mixin.py:151} INFO - [2026-08-14T16:49:52.195+0000] {dagbag.py:536} INFO - Filling up the DagBag from /opt/airflow/dags/dag.py
[2026-08-14T16:49:52.201+0000] {logging_mixin.py:151} INFO - [2026-08-14T16:49:52.201+0000] {dagbag.py:346} ERROR - Failed to import: /opt/airflow/dags/dag.py
Traceback (most recent call last):
  File "/home/airflow/.local/lib/python3.8/site-packages/airflow/models/dagbag.py", line 342, in parse
    loader.exec_module(new_module)
  File "<frozen importlib._bootstrap_external>", line 839, in exec_module
  File "<frozen importlib._bootstrap_external>", line 976, in get_code
  File "<frozen importlib._bootstrap_external>", line 906, in source_to_code
  File "<frozen importlib._bootstrap>", line 219, in _call_with_frames_removed
  File "/opt/airflow/dags/dag.py", line 23
    )as dag
          ^
SyntaxError: invalid syntax
[2026-08-14T16:49:52.202+0000] {processor.py:841} WARNING - No viable dags retrieved from /opt/airflow/dags/dag.py
[2026-08-14T16:49:52.215+0000] {processor.py:179} INFO - Processing /opt/airflow/dags/dag.py took 0.024 seconds
[2026-08-14T16:50:22.567+0000] {processor.py:157} INFO - Started process (PID=16563) to work on /opt/airflow/dags/dag.py
[2026-08-14T16:50:22.568+0000] {processor.py:829} INFO - Processing file /opt/airflow/dags/dag.py for tasks to queue
[2026-08-14T16:50:22.570+0000] {logging_mixin.py:151} INFO - [2026-08-14T16:50:22.570+0000] {dagbag.py:536} INFO - Filling up the DagBag from /opt/airflow/dags/dag.py
[2026-08-14T16:50:22.576+0000] {logging_mixin.py:151} INFO - [2026-08-14T16:50:22.575+0000] {dagbag.py:346} ERROR - Failed to import: /opt/airflow/dags/dag.py
Traceback (most recent call last):
  File "/home/airflow/.local/lib/python3.8/site-packages/airflow/models/dagbag.py", line 342, in parse
    loader.exec_module(new_module)
  File "<frozen importlib._bootstrap_external>", line 839, in exec_module
  File "<frozen importlib._bootstrap_external>", line 976, in get_code
  File "<frozen importlib._bootstrap_external>", line 906, in source_to_code
  File "<frozen importlib._bootstrap>", line 219, in _call_with_frames_removed
  File "/opt/airflow/dags/dag.py", line 23
    )as dag
          ^
SyntaxError: invalid syntax
[2026-08-14T16:50:22.576+0000] {processor.py:841} WARNING - No viable dags retrieved from /opt/airflow/dags/dag.py
[2026-08-14T16:50:22.593+0000] {processor.py:179} INFO - Processing /opt/airflow/dags/dag.py took 0.029 seconds
[2026-08-14T16:50:52.924+0000] {processor.py:157} INFO - Started process (PID=16571) to work on /opt/airflow/dags/dag.py
[2026-08-14T16:50:52.925+0000] {processor.py:829} INFO - Processing file /opt/airflow/dags/dag.py for tasks to queue
[2026-08-14T16:50:52.927+0000] {logging_mixin.py:151} INFO - [2026-08-14T16:50:52.927+0000] {dagbag.py:536} INFO - Filling up the DagBag from /opt/airflow/dags/dag.py
[2026-08-14T16:50:52.931+0000] {logging_mixin.py:151} INFO - [2026-08-14T16:50:52.930+0000] {dagbag.py:346} ERROR - Failed to import: /opt/airflow/dags/dag.py
Traceback (most recent call last):
  File "/home/airflow/.local/lib/python3.8/site-packages/airflow/models/dagbag.py", line 342, in parse
    loader.exec_module(new_module)
  File "<frozen importlib._bootstrap_external>", line 839, in exec_module
  File "<frozen importlib._bootstrap_external>", line 976, in get_code
  File "<frozen importlib._bootstrap_external>", line 906, in source_to_code
  File "<frozen importlib._bootstrap>", line 219, in _call_with_frames_removed
  File "/opt/airflow/dags/dag.py", line 23
    )as dag
          ^
SyntaxError: invalid syntax
[2026-08-14T16:50:52.931+0000] {processor.py:841} WARNING - No viable dags retrieved from /opt/airflow/dags/dag.py
[2026-08-14T16:50:52.944+0000] {processor.py:179} INFO - Processing /opt/airflow/dags/dag.py took 0.022 seconds
[2026-08-14T16:51:23.302+0000] {processor.py:157} INFO - Started process (PID=16579) to work on /opt/airflow/dags/dag.py
[2026-08-14T16:51:23.303+0000] {processor.py:829} INFO - Processing file /opt/airflow/dags/dag.py for tasks to queue
[2026-08-14T16:51:23.305+0000] {logging_mixin.py:151} INFO - [2026-08-14T16:51:23.305+0000] {dagbag.py:536} INFO - Filling up the DagBag from /opt/airflow/dags/dag.py
[2026-08-14T16:51:23.311+0000] {logging_mixin.py:151} INFO - [2026-08-14T16:51:23.311+0000] {dagbag.py:346} ERROR - Failed to import: /opt/airflow/dags/dag.py
Traceback (most recent call last):
  File "/home/airflow/.local/lib/python3.8/site-packages/airflow/models/dagbag.py", line 342, in parse
    loader.exec_module(new_module)
  File "<frozen importlib._bootstrap_external>", line 839, in exec_module
  File "<frozen importlib._bootstrap_external>", line 976, in get_code
  File "<frozen importlib._bootstrap_external>", line 906, in source_to_code
  File "<frozen importlib._bootstrap>", line 219, in _call_with_frames_removed
  File "/opt/airflow/dags/dag.py", line 23
    )as dag
          ^
SyntaxError: invalid syntax
[2026-08-14T16:51:23.311+0000] {processor.py:841} WARNING - No viable dags retrieved from /opt/airflow/dags/dag.py
[2026-08-14T16:51:23.329+0000] {processor.py:179} INFO - Processing /opt/airflow/dags/dag.py took 0.028 seconds
[2026-08-14T16:51:53.657+0000] {processor.py:157} INFO - Started process (PID=16587) to work on /opt/airflow/dags/dag.py
[2026-08-14T16:51:53.658+0000] {processor.py:829} INFO - Processing file /opt/airflow/dags/dag.py for tasks to queue
[2026-08-14T16:51:53.660+0000] {logging_mixin.py:151} INFO - [2026-08-14T16:51:53.660+0000] {dagbag.py:536} INFO - Filling up the DagBag from /opt/airflow/dags/dag.py
[2026-08-14T16:51:53.663+0000] {logging_mixin.py:151} INFO - [2026-08-14T16:51:53.663+0000] {dagbag.py:346} ERROR - Failed to import: /opt/airflow/dags/dag.py
Traceback (most recent call last):
  File "/home/airflow/.local/lib/python3.8/site-packages/airflow/models/dagbag.py", line 342, in parse
    loader.exec_module(new_module)
  File "<frozen importlib._bootstrap_external>", line 839, in exec_module
  File "<frozen importlib._bootstrap_external>", line 976, in get_code
  File "<frozen importlib._bootstrap_external>", line 906, in source_to_code
  File "<frozen importlib._bootstrap>", line 219, in _call_with_frames_removed
  File "/opt/airflow/dags/dag.py", line 23
    )as dag
          ^
SyntaxError: invalid syntax
[2026-08-14T16:51:53.665+0000] {processor.py:841} WARNING - No viable dags retrieved from /opt/airflow/dags/dag.py
[2026-08-14T16:51:53.678+0000] {processor.py:179} INFO - Processing /opt/airflow/dags/dag.py took 0.022 seconds
[2026-08-14T16:52:24.030+0000] {processor.py:157} INFO - Started process (PID=16595) to work on /opt/airflow/dags/dag.py
[2026-08-14T16:52:24.031+0000] {processor.py:829} INFO - Processing file /opt/airflow/dags/dag.py for tasks to queue
[2026-08-14T16:52:24.035+0000] {logging_mixin.py:151} INFO - [2026-08-14T16:52:24.034+0000] {dagbag.py:536} INFO - Filling up the DagBag from /opt/airflow/dags/dag.py
[2026-08-14T16:52:24.043+0000] {logging_mixin.py:151} INFO - [2026-08-14T16:52:24.043+0000] {dagbag.py:346} ERROR - Failed to import: /opt/airflow/dags/dag.py
Traceback (most recent call last):
  File "/home/airflow/.local/lib/python3.8/site-packages/airflow/models/dagbag.py", line 342, in parse
    loader.exec_module(new_module)
  File "<frozen importlib._bootstrap_external>", line 839, in exec_module
  File "<frozen importlib._bootstrap_external>", line 976, in get_code
  File "<frozen importlib._bootstrap_external>", line 906, in source_to_code
  File "<frozen importlib._bootstrap>", line 219, in _call_with_frames_removed
  File "/opt/airflow/dags/dag.py", line 23
    )as dag
          ^
SyntaxError: invalid syntax
[2026-08-14T16:52:24.044+0000] {processor.py:841} WARNING - No viable dags retrieved from /opt/airflow/dags/dag.py
[2026-08-14T16:52:24.066+0000] {processor.py:179} INFO - Processing /opt/airflow/dags/dag.py took 0.038 seconds
[2026-08-14T16:52:54.405+0000] {processor.py:157} INFO - Started process (PID=16603) to work on /opt/airflow/dags/dag.py
[2026-08-14T16:52:54.406+0000] {processor.py:829} INFO - Processing file /opt/airflow/dags/dag.py for tasks to queue
[2026-08-14T16:52:54.408+0000] {logging_mixin.py:151} INFO - [2026-08-14T16:52:54.408+0000] {dagbag.py:536} INFO - Filling up the DagBag from /opt/airflow/dags/dag.py
[2026-08-14T16:52:54.413+0000] {logging_mixin.py:151} INFO - [2026-08-14T16:52:54.413+0000] {dagbag.py:346} ERROR - Failed to import: /opt/airflow/dags/dag.py
Traceback (most recent call last):
  File "/home/airflow/.local/lib/python3.8/site-packages/airflow/models/dagbag.py", line 342, in parse
    loader.exec_module(new_module)
  File "<frozen importlib._bootstrap_external>", line 839, in exec_module
  File "<frozen importlib._bootstrap_external>", line 976, in get_code
  File "<frozen importlib._bootstrap_external>", line 906, in source_to_code
  File "<frozen importlib._bootstrap>", line 219, in _call_with_frames_removed
  File "/opt/airflow/dags/dag.py", line 23
    )as dag
          ^
SyntaxError: invalid syntax
[2026-08-14T16:52:54.414+0000] {processor.py:841} WARNING - No viable dags retrieved from /opt/airflow/dags/dag.py
[2026-08-14T16:52:54.433+0000] {processor.py:179} INFO - Processing /opt/airflow/dags/dag.py took 0.030 seconds
[2026-08-14T16:53:24.757+0000] {processor.py:157} INFO - Started process (PID=16611) to work on /opt/airflow/dags/dag.py
[2026-08-14T16:53:24.758+0000] {processor.py:829} INFO - Processing file /opt/airflow/dags/dag.py for tasks to queue
[2026-08-14T16:53:24.761+0000] {logging_mixin.py:151} INFO - [2026-08-14T16:53:24.761+0000] {dagbag.py:536} INFO - Filling up the DagBag from /opt/airflow/dags/dag.py
[2026-08-14T16:53:24.766+0000] {logging_mixin.py:151} INFO - [2026-08-14T16:53:24.765+0000] {dagbag.py:346} ERROR - Failed to import: /opt/airflow/dags/dag.py
Traceback (most recent call last):
  File "/home/airflow/.local/lib/python3.8/site-packages/airflow/models/dagbag.py", line 342, in parse
    loader.exec_module(new_module)
  File "<frozen importlib._bootstrap_external>", line 839, in exec_module
  File "<frozen importlib._bootstrap_external>", line 976, in get_code
  File "<frozen importlib._bootstrap_external>", line 906, in source_to_code
  File "<frozen importlib._bootstrap>", line 219, in _call_with_frames_removed
  File "/opt/airflow/dags/dag.py", line 23
    )as dag
          ^
SyntaxError: invalid syntax
[2026-08-14T16:53:24.766+0000] {processor.py:841} WARNING - No viable dags retrieved from /opt/airflow/dags/dag.py
[2026-08-14T16:53:24.780+0000] {processor.py:179} INFO - Processing /opt/airflow/dags/dag.py took 0.025 seconds
[2026-08-14T16:53:55.098+0000] {processor.py:157} INFO - Started process (PID=16619) to work on /opt/airflow/dags/dag.py
[2026-08-14T16:53:55.098+0000] {processor.py:829} INFO - Processing file /opt/airflow/dags/dag.py for tasks to queue
[2026-08-14T16:53:55.102+0000] {logging_mixin.py:151} INFO - [2026-08-14T16:53:55.102+0000] {dagbag.py:536} INFO - Filling up the DagBag from /opt/airflow/dags/dag.py
[2026-08-14T16:53:55.105+0000] {logging_mixin.py:151} INFO - [2026-08-14T16:53:55.104+0000] {dagbag.py:346} ERROR - Failed to import: /opt/airflow/dags/dag.py
Traceback (most recent call last):
  File "/home/airflow/.local/lib/python3.8/site-packages/airflow/models/dagbag.py", line 342, in parse
    loader.exec_module(new_module)
  File "<frozen importlib._bootstrap_external>", line 839, in exec_module
  File "<frozen importlib._bootstrap_external>", line 976, in get_code
  File "<frozen importlib._bootstrap_external>", line 906, in source_to_code
  File "<frozen importlib._bootstrap>", line 219, in _call_with_frames_removed
  File "/opt/airflow/dags/dag.py", line 23
    )as dag
          ^
SyntaxError: invalid syntax
[2026-08-14T16:53:55.108+0000] {processor.py:841} WARNING - No viable dags retrieved from /opt/airflow/dags/dag.py
[2026-08-14T16:53:55.118+0000] {processor.py:179} INFO - Processing /opt/airflow/dags/dag.py took 0.021 seconds
[2026-08-14T16:54:25.485+0000] {processor.py:157} INFO - Started process (PID=16627) to work on /opt/airflow/dags/dag.py
[2026-08-14T16:54:25.486+0000] {processor.py:829} INFO - Processing file /opt/airflow/dags/dag.py for tasks to queue
[2026-08-14T16:54:25.487+0000] {logging_mixin.py:151} INFO - [2026-08-14T16:54:25.487+0000] {dagbag.py:536} INFO - Filling up the DagBag from /opt/airflow/dags/dag.py
[2026-08-14T16:54:25.494+0000] {logging_mixin.py:151} INFO - [2026-08-14T16:54:25.493+0000] {dagbag.py:346} ERROR - Failed to import: /opt/airflow/dags/dag.py
Traceback (most recent call last):
  File "/home/airflow/.local/lib/python3.8/site-packages/airflow/models/dagbag.py", line 342, in parse
    loader.exec_module(new_module)
  File "<frozen importlib._bootstrap_external>", line 839, in exec_module
  File "<frozen importlib._bootstrap_external>", line 976, in get_code
  File "<frozen importlib._bootstrap_external>", line 906, in source_to_code
  File "<frozen importlib._bootstrap>", line 219, in _call_with_frames_removed
  File "/opt/airflow/dags/dag.py", line 23
    )as dag
          ^
SyntaxError: invalid syntax
[2026-08-14T16:54:25.494+0000] {processor.py:841} WARNING - No viable dags retrieved from /opt/airflow/dags/dag.py
[2026-08-14T16:54:25.516+0000] {processor.py:179} INFO - Processing /opt/airflow/dags/dag.py took 0.035 seconds
[2026-08-14T16:54:55.894+0000] {processor.py:157} INFO - Started process (PID=16635) to work on /opt/airflow/dags/dag.py
[2026-08-14T16:54:55.894+0000] {processor.py:829} INFO - Processing file /opt/airflow/dags/dag.py for tasks to queue
[2026-08-14T16:54:55.896+0000] {logging_mixin.py:151} INFO - [2026-08-14T16:54:55.896+0000] {dagbag.py:536} INFO - Filling up the DagBag from /opt/airflow/dags/dag.py
[2026-08-14T16:54:55.902+0000] {logging_mixin.py:151} INFO - [2026-08-14T16:54:55.902+0000] {dagbag.py:346} ERROR - Failed to import: /opt/airflow/dags/dag.py
Traceback (most recent call last):
  File "/home/airflow/.local/lib/python3.8/site-packages/airflow/models/dagbag.py", line 342, in parse
    loader.exec_module(new_module)
  File "<frozen importlib._bootstrap_external>", line 839, in exec_module
  File "<frozen importlib._bootstrap_external>", line 976, in get_code
  File "<frozen importlib._bootstrap_external>", line 906, in source_to_code
  File "<frozen importlib._bootstrap>", line 219, in _call_with_frames_removed
  File "/opt/airflow/dags/dag.py", line 23
    )as dag
          ^
SyntaxError: invalid syntax
[2026-08-14T16:54:55.902+0000] {processor.py:841} WARNING - No viable dags retrieved from /opt/airflow/dags/dag.py
[2026-08-14T16:54:55.914+0000] {processor.py:179} INFO - Processing /opt/airflow/dags/dag.py took 0.022 seconds
[2026-08-14T17:15:22.106+0000] {processor.py:157} INFO - Started process (PID=16637) to work on /opt/airflow/dags/dag.py
[2026-08-14T17:15:22.107+0000] {processor.py:829} INFO - Processing file /opt/airflow/dags/dag.py for tasks to queue
[2026-08-14T17:15:22.111+0000] {logging_mixin.py:151} INFO - [2026-08-14T17:15:22.111+0000] {dagbag.py:536} INFO - Filling up the DagBag from /opt/airflow/dags/dag.py
[2026-08-14T17:15:22.117+0000] {logging_mixin.py:151} INFO - [2026-08-14T17:15:22.116+0000] {dagbag.py:346} ERROR - Failed to import: /opt/airflow/dags/dag.py
Traceback (most recent call last):
  File "/home/airflow/.local/lib/python3.8/site-packages/airflow/models/dagbag.py", line 342, in parse
    loader.exec_module(new_module)
  File "<frozen importlib._bootstrap_external>", line 839, in exec_module
  File "<frozen importlib._bootstrap_external>", line 976, in get_code
  File "<frozen importlib._bootstrap_external>", line 906, in source_to_code
  File "<frozen importlib._bootstrap>", line 219, in _call_with_frames_removed
  File "/opt/airflow/dags/dag.py", line 23
    )as dag
          ^
SyntaxError: invalid syntax
[2026-08-14T17:15:22.118+0000] {processor.py:841} WARNING - No viable dags retrieved from /opt/airflow/dags/dag.py
[2026-08-14T17:15:22.130+0000] {processor.py:179} INFO - Processing /opt/airflow/dags/dag.py took 0.026 seconds
[2026-08-14T17:15:52.495+0000] {processor.py:157} INFO - Started process (PID=16645) to work on /opt/airflow/dags/dag.py
[2026-08-14T17:15:52.496+0000] {processor.py:829} INFO - Processing file /opt/airflow/dags/dag.py for tasks to queue
[2026-08-14T17:15:52.497+0000] {logging_mixin.py:151} INFO - [2026-08-14T17:15:52.497+0000] {dagbag.py:536} INFO - Filling up the DagBag from /opt/airflow/dags/dag.py
[2026-08-14T17:15:52.504+0000] {logging_mixin.py:151} INFO - [2026-08-14T17:15:52.503+0000] {dagbag.py:346} ERROR - Failed to import: /opt/airflow/dags/dag.py
Traceback (most recent call last):
  File "/home/airflow/.local/lib/python3.8/site-packages/airflow/models/dagbag.py", line 342, in parse
    loader.exec_module(new_module)
  File "<frozen importlib._bootstrap_external>", line 839, in exec_module
  File "<frozen importlib._bootstrap_external>", line 976, in get_code
  File "<frozen importlib._bootstrap_external>", line 906, in source_to_code
  File "<frozen importlib._bootstrap>", line 219, in _call_with_frames_removed
  File "/opt/airflow/dags/dag.py", line 23
    )as dag
          ^
SyntaxError: invalid syntax
[2026-08-14T17:15:52.504+0000] {processor.py:841} WARNING - No viable dags retrieved from /opt/airflow/dags/dag.py
[2026-08-14T17:15:52.523+0000] {processor.py:179} INFO - Processing /opt/airflow/dags/dag.py took 0.030 seconds
[2026-08-14T18:13:47.818+0000] {processor.py:157} INFO - Started process (PID=16653) to work on /opt/airflow/dags/dag.py
[2026-08-14T18:13:47.820+0000] {processor.py:829} INFO - Processing file /opt/airflow/dags/dag.py for tasks to queue
[2026-08-14T18:13:47.821+0000] {logging_mixin.py:151} INFO - [2026-08-14T18:13:47.821+0000] {dagbag.py:536} INFO - Filling up the DagBag from /opt/airflow/dags/dag.py
[2026-08-14T18:13:47.828+0000] {logging_mixin.py:151} INFO - [2026-08-14T18:13:47.827+0000] {dagbag.py:346} ERROR - Failed to import: /opt/airflow/dags/dag.py
Traceback (most recent call last):
  File "/home/airflow/.local/lib/python3.8/site-packages/airflow/models/dagbag.py", line 342, in parse
    loader.exec_module(new_module)
  File "<frozen importlib._bootstrap_external>", line 839, in exec_module
  File "<frozen importlib._bootstrap_external>", line 976, in get_code
  File "<frozen importlib._bootstrap_external>", line 906, in source_to_code
  File "<frozen importlib._bootstrap>", line 219, in _call_with_frames_removed
  File "/opt/airflow/dags/dag.py", line 23
    )as dag
          ^
SyntaxError: invalid syntax
[2026-08-14T18:13:47.828+0000] {processor.py:841} WARNING - No viable dags retrieved from /opt/airflow/dags/dag.py
[2026-08-14T18:13:47.845+0000] {processor.py:179} INFO - Processing /opt/airflow/dags/dag.py took 0.029 seconds
[2026-08-14T18:14:18.242+0000] {processor.py:157} INFO - Started process (PID=16661) to work on /opt/airflow/dags/dag.py
[2026-08-14T18:14:18.243+0000] {processor.py:829} INFO - Processing file /opt/airflow/dags/dag.py for tasks to queue
[2026-08-14T18:14:18.244+0000] {logging_mixin.py:151} INFO - [2026-08-14T18:14:18.244+0000] {dagbag.py:536} INFO - Filling up the DagBag from /opt/airflow/dags/dag.py
[2026-08-14T18:14:18.252+0000] {logging_mixin.py:151} INFO - [2026-08-14T18:14:18.251+0000] {dagbag.py:346} ERROR - Failed to import: /opt/airflow/dags/dag.py
Traceback (most recent call last):
  File "/home/airflow/.local/lib/python3.8/site-packages/airflow/models/dagbag.py", line 342, in parse
    loader.exec_module(new_module)
  File "<frozen importlib._bootstrap_external>", line 839, in exec_module
  File "<frozen importlib._bootstrap_external>", line 976, in get_code
  File "<frozen importlib._bootstrap_external>", line 906, in source_to_code
  File "<frozen importlib._bootstrap>", line 219, in _call_with_frames_removed
  File "/opt/airflow/dags/dag.py", line 23
    )as dag
          ^
SyntaxError: invalid syntax
[2026-08-14T18:14:18.252+0000] {processor.py:841} WARNING - No viable dags retrieved from /opt/airflow/dags/dag.py
[2026-08-14T18:14:18.268+0000] {processor.py:179} INFO - Processing /opt/airflow/dags/dag.py took 0.028 seconds
[2026-08-14T18:44:41.984+0000] {processor.py:157} INFO - Started process (PID=16669) to work on /opt/airflow/dags/dag.py
[2026-08-14T18:44:41.985+0000] {processor.py:829} INFO - Processing file /opt/airflow/dags/dag.py for tasks to queue
[2026-08-14T18:44:41.987+0000] {logging_mixin.py:151} INFO - [2026-08-14T18:44:41.987+0000] {dagbag.py:536} INFO - Filling up the DagBag from /opt/airflow/dags/dag.py
[2026-08-14T18:44:41.992+0000] {logging_mixin.py:151} INFO - [2026-08-14T18:44:41.991+0000] {dagbag.py:346} ERROR - Failed to import: /opt/airflow/dags/dag.py
Traceback (most recent call last):
  File "/home/airflow/.local/lib/python3.8/site-packages/airflow/models/dagbag.py", line 342, in parse
    loader.exec_module(new_module)
  File "<frozen importlib._bootstrap_external>", line 839, in exec_module
  File "<frozen importlib._bootstrap_external>", line 976, in get_code
  File "<frozen importlib._bootstrap_external>", line 906, in source_to_code
  File "<frozen importlib._bootstrap>", line 219, in _call_with_frames_removed
  File "/opt/airflow/dags/dag.py", line 23
    )as dag
          ^
SyntaxError: invalid syntax
[2026-08-14T18:44:41.992+0000] {processor.py:841} WARNING - No viable dags retrieved from /opt/airflow/dags/dag.py
[2026-08-14T18:44:42.005+0000] {processor.py:179} INFO - Processing /opt/airflow/dags/dag.py took 0.022 seconds
[2026-08-14T18:45:12.369+0000] {processor.py:157} INFO - Started process (PID=16677) to work on /opt/airflow/dags/dag.py
[2026-08-14T18:45:12.371+0000] {processor.py:829} INFO - Processing file /opt/airflow/dags/dag.py for tasks to queue
[2026-08-14T18:45:12.373+0000] {logging_mixin.py:151} INFO - [2026-08-14T18:45:12.373+0000] {dagbag.py:536} INFO - Filling up the DagBag from /opt/airflow/dags/dag.py
[2026-08-14T18:45:12.379+0000] {logging_mixin.py:151} INFO - [2026-08-14T18:45:12.379+0000] {dagbag.py:346} ERROR - Failed to import: /opt/airflow/dags/dag.py
Traceback (most recent call last):
  File "/home/airflow/.local/lib/python3.8/site-packages/airflow/models/dagbag.py", line 342, in parse
    loader.exec_module(new_module)
  File "<frozen importlib._bootstrap_external>", line 839, in exec_module
  File "<frozen importlib._bootstrap_external>", line 976, in get_code
  File "<frozen importlib._bootstrap_external>", line 906, in source_to_code
  File "<frozen importlib._bootstrap>", line 219, in _call_with_frames_removed
  File "/opt/airflow/dags/dag.py", line 23
    )as dag
          ^
SyntaxError: invalid syntax
[2026-08-14T18:45:12.379+0000] {processor.py:841} WARNING - No viable dags retrieved from /opt/airflow/dags/dag.py
[2026-08-14T18:45:12.394+0000] {processor.py:179} INFO - Processing /opt/airflow/dags/dag.py took 0.027 seconds
[2026-08-14T19:45:38.845+0000] {processor.py:157} INFO - Started process (PID=16685) to work on /opt/airflow/dags/dag.py
[2026-08-14T19:45:38.846+0000] {processor.py:829} INFO - Processing file /opt/airflow/dags/dag.py for tasks to queue
[2026-08-14T19:45:38.848+0000] {logging_mixin.py:151} INFO - [2026-08-14T19:45:38.848+0000] {dagbag.py:536} INFO - Filling up the DagBag from /opt/airflow/dags/dag.py
[2026-08-14T19:45:38.853+0000] {logging_mixin.py:151} INFO - [2026-08-14T19:45:38.852+0000] {dagbag.py:346} ERROR - Failed to import: /opt/airflow/dags/dag.py
Traceback (most recent call last):
  File "/home/airflow/.local/lib/python3.8/site-packages/airflow/models/dagbag.py", line 342, in parse
    loader.exec_module(new_module)
  File "<frozen importlib._bootstrap_external>", line 839, in exec_module
  File "<frozen importlib._bootstrap_external>", line 976, in get_code
  File "<frozen importlib._bootstrap_external>", line 906, in source_to_code
  File "<frozen importlib._bootstrap>", line 219, in _call_with_frames_removed
  File "/opt/airflow/dags/dag.py", line 23
    )as dag
          ^
SyntaxError: invalid syntax
[2026-08-14T19:45:38.853+0000] {processor.py:841} WARNING - No viable dags retrieved from /opt/airflow/dags/dag.py
[2026-08-14T19:45:38.865+0000] {processor.py:179} INFO - Processing /opt/airflow/dags/dag.py took 0.021 seconds
[2026-08-14T19:47:46.358+0000] {processor.py:157} INFO - Started process (PID=16693) to work on /opt/airflow/dags/dag.py
[2026-08-14T19:47:46.359+0000] {processor.py:829} INFO - Processing file /opt/airflow/dags/dag.py for tasks to queue
[2026-08-14T19:47:46.362+0000] {logging_mixin.py:151} INFO - [2026-08-14T19:47:46.362+0000] {dagbag.py:536} INFO - Filling up the DagBag from /opt/airflow/dags/dag.py
[2026-08-14T19:47:46.366+0000] {logging_mixin.py:151} INFO - [2026-08-14T19:47:46.365+0000] {dagbag.py:346} ERROR - Failed to import: /opt/airflow/dags/dag.py
Traceback (most recent call last):
  File "/home/airflow/.local/lib/python3.8/site-packages/airflow/models/dagbag.py", line 342, in parse
    loader.exec_module(new_module)
  File "<frozen importlib._bootstrap_external>", line 839, in exec_module
  File "<frozen importlib._bootstrap_external>", line 976, in get_code
  File "<frozen importlib._bootstrap_external>", line 906, in source_to_code
  File "<frozen importlib._bootstrap>", line 219, in _call_with_frames_removed
  File "/opt/airflow/dags/dag.py", line 23
    )as dag
          ^
SyntaxError: invalid syntax
[2026-08-14T19:47:46.370+0000] {processor.py:841} WARNING - No viable dags retrieved from /opt/airflow/dags/dag.py
[2026-08-14T19:47:46.388+0000] {processor.py:179} INFO - Processing /opt/airflow/dags/dag.py took 0.033 seconds
[2026-08-14T19:48:16.689+0000] {processor.py:157} INFO - Started process (PID=16701) to work on /opt/airflow/dags/dag.py
[2026-08-14T19:48:16.690+0000] {processor.py:829} INFO - Processing file /opt/airflow/dags/dag.py for tasks to queue
[2026-08-14T19:48:16.692+0000] {logging_mixin.py:151} INFO - [2026-08-14T19:48:16.692+0000] {dagbag.py:536} INFO - Filling up the DagBag from /opt/airflow/dags/dag.py
[2026-08-14T19:48:16.698+0000] {logging_mixin.py:151} INFO - [2026-08-14T19:48:16.698+0000] {dagbag.py:346} ERROR - Failed to import: /opt/airflow/dags/dag.py
Traceback (most recent call last):
  File "/home/airflow/.local/lib/python3.8/site-packages/airflow/models/dagbag.py", line 342, in parse
    loader.exec_module(new_module)
  File "<frozen importlib._bootstrap_external>", line 839, in exec_module
  File "<frozen importlib._bootstrap_external>", line 976, in get_code
  File "<frozen importlib._bootstrap_external>", line 906, in source_to_code
  File "<frozen importlib._bootstrap>", line 219, in _call_with_frames_removed
  File "/opt/airflow/dags/dag.py", line 23
    )as dag
          ^
SyntaxError: invalid syntax
[2026-08-14T19:48:16.699+0000] {processor.py:841} WARNING - No viable dags retrieved from /opt/airflow/dags/dag.py
[2026-08-14T19:48:16.713+0000] {processor.py:179} INFO - Processing /opt/airflow/dags/dag.py took 0.026 seconds
[2026-08-14T19:48:46.997+0000] {processor.py:157} INFO - Started process (PID=16710) to work on /opt/airflow/dags/dag.py
[2026-08-14T19:48:46.999+0000] {processor.py:829} INFO - Processing file /opt/airflow/dags/dag.py for tasks to queue
[2026-08-14T19:48:47.001+0000] {logging_mixin.py:151} INFO - [2026-08-14T19:48:47.000+0000] {dagbag.py:536} INFO - Filling up the DagBag from /opt/airflow/dags/dag.py
[2026-08-14T19:48:47.008+0000] {logging_mixin.py:151} INFO - [2026-08-14T19:48:47.007+0000] {dagbag.py:346} ERROR - Failed to import: /opt/airflow/dags/dag.py
Traceback (most recent call last):
  File "/home/airflow/.local/lib/python3.8/site-packages/airflow/models/dagbag.py", line 342, in parse
    loader.exec_module(new_module)
  File "<frozen importlib._bootstrap_external>", line 839, in exec_module
  File "<frozen importlib._bootstrap_external>", line 976, in get_code
  File "<frozen importlib._bootstrap_external>", line 906, in source_to_code
  File "<frozen importlib._bootstrap>", line 219, in _call_with_frames_removed
  File "/opt/airflow/dags/dag.py", line 23
    )as dag
          ^
SyntaxError: invalid syntax
[2026-08-14T19:48:47.008+0000] {processor.py:841} WARNING - No viable dags retrieved from /opt/airflow/dags/dag.py
[2026-08-14T19:48:47.031+0000] {processor.py:179} INFO - Processing /opt/airflow/dags/dag.py took 0.038 seconds
[2026-08-14T19:49:17.324+0000] {processor.py:157} INFO - Started process (PID=16718) to work on /opt/airflow/dags/dag.py
[2026-08-14T19:49:17.325+0000] {processor.py:829} INFO - Processing file /opt/airflow/dags/dag.py for tasks to queue
[2026-08-14T19:49:17.327+0000] {logging_mixin.py:151} INFO - [2026-08-14T19:49:17.326+0000] {dagbag.py:536} INFO - Filling up the DagBag from /opt/airflow/dags/dag.py
[2026-08-14T19:49:17.332+0000] {logging_mixin.py:151} INFO - [2026-08-14T19:49:17.332+0000] {dagbag.py:346} ERROR - Failed to import: /opt/airflow/dags/dag.py
Traceback (most recent call last):
  File "/home/airflow/.local/lib/python3.8/site-packages/airflow/models/dagbag.py", line 342, in parse
    loader.exec_module(new_module)
  File "<frozen importlib._bootstrap_external>", line 839, in exec_module
  File "<frozen importlib._bootstrap_external>", line 976, in get_code
  File "<frozen importlib._bootstrap_external>", line 906, in source_to_code
  File "<frozen importlib._bootstrap>", line 219, in _call_with_frames_removed
  File "/opt/airflow/dags/dag.py", line 23
    )as dag
          ^
SyntaxError: invalid syntax
[2026-08-14T19:49:17.334+0000] {processor.py:841} WARNING - No viable dags retrieved from /opt/airflow/dags/dag.py
[2026-08-14T19:49:17.349+0000] {processor.py:179} INFO - Processing /opt/airflow/dags/dag.py took 0.028 seconds
[2026-08-14T19:49:47.670+0000] {processor.py:157} INFO - Started process (PID=16726) to work on /opt/airflow/dags/dag.py
[2026-08-14T19:49:47.670+0000] {processor.py:829} INFO - Processing file /opt/airflow/dags/dag.py for tasks to queue
[2026-08-14T19:49:47.672+0000] {logging_mixin.py:151} INFO - [2026-08-14T19:49:47.672+0000] {dagbag.py:536} INFO - Filling up the DagBag from /opt/airflow/dags/dag.py
[2026-08-14T19:49:47.677+0000] {logging_mixin.py:151} INFO - [2026-08-14T19:49:47.677+0000] {dagbag.py:346} ERROR - Failed to import: /opt/airflow/dags/dag.py
Traceback (most recent call last):
  File "/home/airflow/.local/lib/python3.8/site-packages/airflow/models/dagbag.py", line 342, in parse
    loader.exec_module(new_module)
  File "<frozen importlib._bootstrap_external>", line 839, in exec_module
  File "<frozen importlib._bootstrap_external>", line 976, in get_code
  File "<frozen importlib._bootstrap_external>", line 906, in source_to_code
  File "<frozen importlib._bootstrap>", line 219, in _call_with_frames_removed
  File "/opt/airflow/dags/dag.py", line 23
    )as dag
          ^
SyntaxError: invalid syntax
[2026-08-14T19:49:47.678+0000] {processor.py:841} WARNING - No viable dags retrieved from /opt/airflow/dags/dag.py
[2026-08-14T19:49:47.691+0000] {processor.py:179} INFO - Processing /opt/airflow/dags/dag.py took 0.024 seconds
[2026-08-14T19:50:17.996+0000] {processor.py:157} INFO - Started process (PID=16734) to work on /opt/airflow/dags/dag.py
[2026-08-14T19:50:17.998+0000] {processor.py:829} INFO - Processing file /opt/airflow/dags/dag.py for tasks to queue
[2026-08-14T19:50:18.001+0000] {logging_mixin.py:151} INFO - [2026-08-14T19:50:18.001+0000] {dagbag.py:536} INFO - Filling up the DagBag from /opt/airflow/dags/dag.py
[2026-08-14T19:50:18.007+0000] {logging_mixin.py:151} INFO - [2026-08-14T19:50:18.006+0000] {dagbag.py:346} ERROR - Failed to import: /opt/airflow/dags/dag.py
Traceback (most recent call last):
  File "/home/airflow/.local/lib/python3.8/site-packages/airflow/models/dagbag.py", line 342, in parse
    loader.exec_module(new_module)
  File "<frozen importlib._bootstrap_external>", line 839, in exec_module
  File "<frozen importlib._bootstrap_external>", line 976, in get_code
  File "<frozen importlib._bootstrap_external>", line 906, in source_to_code
  File "<frozen importlib._bootstrap>", line 219, in _call_with_frames_removed
  File "/opt/airflow/dags/dag.py", line 23
    )as dag
          ^
SyntaxError: invalid syntax
[2026-08-14T19:50:18.007+0000] {processor.py:841} WARNING - No viable dags retrieved from /opt/airflow/dags/dag.py
[2026-08-14T19:50:18.027+0000] {processor.py:179} INFO - Processing /opt/airflow/dags/dag.py took 0.035 seconds
[2026-08-14T19:50:48.317+0000] {processor.py:157} INFO - Started process (PID=16742) to work on /opt/airflow/dags/dag.py
[2026-08-14T19:50:48.318+0000] {processor.py:829} INFO - Processing file /opt/airflow/dags/dag.py for tasks to queue
[2026-08-14T19:50:48.320+0000] {logging_mixin.py:151} INFO - [2026-08-14T19:50:48.320+0000] {dagbag.py:536} INFO - Filling up the DagBag from /opt/airflow/dags/dag.py
[2026-08-14T19:50:48.325+0000] {logging_mixin.py:151} INFO - [2026-08-14T19:50:48.325+0000] {dagbag.py:346} ERROR - Failed to import: /opt/airflow/dags/dag.py
Traceback (most recent call last):
  File "/home/airflow/.local/lib/python3.8/site-packages/airflow/models/dagbag.py", line 342, in parse
    loader.exec_module(new_module)
  File "<frozen importlib._bootstrap_external>", line 839, in exec_module
  File "<frozen importlib._bootstrap_external>", line 976, in get_code
  File "<frozen importlib._bootstrap_external>", line 906, in source_to_code
  File "<frozen importlib._bootstrap>", line 219, in _call_with_frames_removed
  File "/opt/airflow/dags/dag.py", line 23
    )as dag
          ^
SyntaxError: invalid syntax
[2026-08-14T19:50:48.326+0000] {processor.py:841} WARNING - No viable dags retrieved from /opt/airflow/dags/dag.py
[2026-08-14T19:50:48.343+0000] {processor.py:179} INFO - Processing /opt/airflow/dags/dag.py took 0.029 seconds
[2026-08-14T19:51:18.658+0000] {processor.py:157} INFO - Started process (PID=16750) to work on /opt/airflow/dags/dag.py
[2026-08-14T19:51:18.659+0000] {processor.py:829} INFO - Processing file /opt/airflow/dags/dag.py for tasks to queue
[2026-08-14T19:51:18.661+0000] {logging_mixin.py:151} INFO - [2026-08-14T19:51:18.661+0000] {dagbag.py:536} INFO - Filling up the DagBag from /opt/airflow/dags/dag.py
[2026-08-14T19:51:18.670+0000] {logging_mixin.py:151} INFO - [2026-08-14T19:51:18.669+0000] {dagbag.py:346} ERROR - Failed to import: /opt/airflow/dags/dag.py
Traceback (most recent call last):
  File "/home/airflow/.local/lib/python3.8/site-packages/airflow/models/dagbag.py", line 342, in parse
    loader.exec_module(new_module)
  File "<frozen importlib._bootstrap_external>", line 839, in exec_module
  File "<frozen importlib._bootstrap_external>", line 976, in get_code
  File "<frozen importlib._bootstrap_external>", line 906, in source_to_code
  File "<frozen importlib._bootstrap>", line 219, in _call_with_frames_removed
  File "/opt/airflow/dags/dag.py", line 23
    )as dag
          ^
SyntaxError: invalid syntax
[2026-08-14T19:51:18.670+0000] {processor.py:841} WARNING - No viable dags retrieved from /opt/airflow/dags/dag.py
[2026-08-14T19:51:18.687+0000] {processor.py:179} INFO - Processing /opt/airflow/dags/dag.py took 0.031 seconds
[2026-08-14T19:51:48.961+0000] {processor.py:157} INFO - Started process (PID=16758) to work on /opt/airflow/dags/dag.py
[2026-08-14T19:51:48.962+0000] {processor.py:829} INFO - Processing file /opt/airflow/dags/dag.py for tasks to queue
[2026-08-14T19:51:48.963+0000] {logging_mixin.py:151} INFO - [2026-08-14T19:51:48.963+0000] {dagbag.py:536} INFO - Filling up the DagBag from /opt/airflow/dags/dag.py
[2026-08-14T19:51:48.968+0000] {logging_mixin.py:151} INFO - [2026-08-14T19:51:48.967+0000] {dagbag.py:346} ERROR - Failed to import: /opt/airflow/dags/dag.py
Traceback (most recent call last):
  File "/home/airflow/.local/lib/python3.8/site-packages/airflow/models/dagbag.py", line 342, in parse
    loader.exec_module(new_module)
  File "<frozen importlib._bootstrap_external>", line 839, in exec_module
  File "<frozen importlib._bootstrap_external>", line 976, in get_code
  File "<frozen importlib._bootstrap_external>", line 906, in source_to_code
  File "<frozen importlib._bootstrap>", line 219, in _call_with_frames_removed
  File "/opt/airflow/dags/dag.py", line 23
    )as dag
          ^
SyntaxError: invalid syntax
[2026-08-14T19:51:48.968+0000] {processor.py:841} WARNING - No viable dags retrieved from /opt/airflow/dags/dag.py
[2026-08-14T19:51:48.983+0000] {processor.py:179} INFO - Processing /opt/airflow/dags/dag.py took 0.024 seconds
[2026-08-14T19:52:19.228+0000] {processor.py:157} INFO - Started process (PID=16767) to work on /opt/airflow/dags/dag.py
[2026-08-14T19:52:19.230+0000] {processor.py:829} INFO - Processing file /opt/airflow/dags/dag.py for tasks to queue
[2026-08-14T19:52:19.233+0000] {logging_mixin.py:151} INFO - [2026-08-14T19:52:19.233+0000] {dagbag.py:536} INFO - Filling up the DagBag from /opt/airflow/dags/dag.py
[2026-08-14T19:52:19.239+0000] {logging_mixin.py:151} INFO - [2026-08-14T19:52:19.239+0000] {dagbag.py:346} ERROR - Failed to import: /opt/airflow/dags/dag.py
Traceback (most recent call last):
  File "/home/airflow/.local/lib/python3.8/site-packages/airflow/models/dagbag.py", line 342, in parse
    loader.exec_module(new_module)
  File "<frozen importlib._bootstrap_external>", line 839, in exec_module
  File "<frozen importlib._bootstrap_external>", line 976, in get_code
  File "<frozen importlib._bootstrap_external>", line 906, in source_to_code
  File "<frozen importlib._bootstrap>", line 219, in _call_with_frames_removed
  File "/opt/airflow/dags/dag.py", line 23
    )as dag
          ^
SyntaxError: invalid syntax
[2026-08-14T19:52:19.240+0000] {processor.py:841} WARNING - No viable dags retrieved from /opt/airflow/dags/dag.py
[2026-08-14T19:52:19.259+0000] {processor.py:179} INFO - Processing /opt/airflow/dags/dag.py took 0.034 seconds
[2026-08-14T19:52:49.578+0000] {processor.py:157} INFO - Started process (PID=16775) to work on /opt/airflow/dags/dag.py
[2026-08-14T19:52:49.580+0000] {processor.py:829} INFO - Processing file /opt/airflow/dags/dag.py for tasks to queue
[2026-08-14T19:52:49.582+0000] {logging_mixin.py:151} INFO - [2026-08-14T19:52:49.582+0000] {dagbag.py:536} INFO - Filling up the DagBag from /opt/airflow/dags/dag.py
[2026-08-14T19:52:49.588+0000] {logging_mixin.py:151} INFO - [2026-08-14T19:52:49.587+0000] {dagbag.py:346} ERROR - Failed to import: /opt/airflow/dags/dag.py
Traceback (most recent call last):
  File "/home/airflow/.local/lib/python3.8/site-packages/airflow/models/dagbag.py", line 342, in parse
    loader.exec_module(new_module)
  File "<frozen importlib._bootstrap_external>", line 839, in exec_module
  File "<frozen importlib._bootstrap_external>", line 976, in get_code
  File "<frozen importlib._bootstrap_external>", line 906, in source_to_code
  File "<frozen importlib._bootstrap>", line 219, in _call_with_frames_removed
  File "/opt/airflow/dags/dag.py", line 23
    )as dag
          ^
SyntaxError: invalid syntax
[2026-08-14T19:52:49.591+0000] {processor.py:841} WARNING - No viable dags retrieved from /opt/airflow/dags/dag.py
[2026-08-14T19:52:49.605+0000] {processor.py:179} INFO - Processing /opt/airflow/dags/dag.py took 0.029 seconds
[2026-08-14T19:53:19.903+0000] {processor.py:157} INFO - Started process (PID=16783) to work on /opt/airflow/dags/dag.py
[2026-08-14T19:53:19.904+0000] {processor.py:829} INFO - Processing file /opt/airflow/dags/dag.py for tasks to queue
[2026-08-14T19:53:19.910+0000] {logging_mixin.py:151} INFO - [2026-08-14T19:53:19.910+0000] {dagbag.py:536} INFO - Filling up the DagBag from /opt/airflow/dags/dag.py
[2026-08-14T19:53:19.912+0000] {logging_mixin.py:151} INFO - [2026-08-14T19:53:19.911+0000] {dagbag.py:346} ERROR - Failed to import: /opt/airflow/dags/dag.py
Traceback (most recent call last):
  File "/home/airflow/.local/lib/python3.8/site-packages/airflow/models/dagbag.py", line 342, in parse
    loader.exec_module(new_module)
  File "<frozen importlib._bootstrap_external>", line 839, in exec_module
  File "<frozen importlib._bootstrap_external>", line 976, in get_code
  File "<frozen importlib._bootstrap_external>", line 906, in source_to_code
  File "<frozen importlib._bootstrap>", line 219, in _call_with_frames_removed
  File "/opt/airflow/dags/dag.py", line 23
    )as dag
          ^
SyntaxError: invalid syntax
[2026-08-14T19:53:19.912+0000] {processor.py:841} WARNING - No viable dags retrieved from /opt/airflow/dags/dag.py
[2026-08-14T19:53:19.930+0000] {processor.py:179} INFO - Processing /opt/airflow/dags/dag.py took 0.028 seconds
[2026-08-14T19:53:50.229+0000] {processor.py:157} INFO - Started process (PID=16791) to work on /opt/airflow/dags/dag.py
[2026-08-14T19:53:50.230+0000] {processor.py:829} INFO - Processing file /opt/airflow/dags/dag.py for tasks to queue
[2026-08-14T19:53:50.232+0000] {logging_mixin.py:151} INFO - [2026-08-14T19:53:50.232+0000] {dagbag.py:536} INFO - Filling up the DagBag from /opt/airflow/dags/dag.py
[2026-08-14T19:53:50.238+0000] {logging_mixin.py:151} INFO - [2026-08-14T19:53:50.238+0000] {dagbag.py:346} ERROR - Failed to import: /opt/airflow/dags/dag.py
Traceback (most recent call last):
  File "/home/airflow/.local/lib/python3.8/site-packages/airflow/models/dagbag.py", line 342, in parse
    loader.exec_module(new_module)
  File "<frozen importlib._bootstrap_external>", line 839, in exec_module
  File "<frozen importlib._bootstrap_external>", line 976, in get_code
  File "<frozen importlib._bootstrap_external>", line 906, in source_to_code
  File "<frozen importlib._bootstrap>", line 219, in _call_with_frames_removed
  File "/opt/airflow/dags/dag.py", line 23
    )as dag
          ^
SyntaxError: invalid syntax
[2026-08-14T19:53:50.239+0000] {processor.py:841} WARNING - No viable dags retrieved from /opt/airflow/dags/dag.py
[2026-08-14T19:53:50.253+0000] {processor.py:179} INFO - Processing /opt/airflow/dags/dag.py took 0.027 seconds
[2026-08-14T19:54:20.588+0000] {processor.py:157} INFO - Started process (PID=16799) to work on /opt/airflow/dags/dag.py
[2026-08-14T19:54:20.588+0000] {processor.py:829} INFO - Processing file /opt/airflow/dags/dag.py for tasks to queue
[2026-08-14T19:54:20.590+0000] {logging_mixin.py:151} INFO - [2026-08-14T19:54:20.590+0000] {dagbag.py:536} INFO - Filling up the DagBag from /opt/airflow/dags/dag.py
[2026-08-14T19:54:20.595+0000] {logging_mixin.py:151} INFO - [2026-08-14T19:54:20.594+0000] {dagbag.py:346} ERROR - Failed to import: /opt/airflow/dags/dag.py
Traceback (most recent call last):
  File "/home/airflow/.local/lib/python3.8/site-packages/airflow/models/dagbag.py", line 342, in parse
    loader.exec_module(new_module)
  File "<frozen importlib._bootstrap_external>", line 839, in exec_module
  File "<frozen importlib._bootstrap_external>", line 976, in get_code
  File "<frozen importlib._bootstrap_external>", line 906, in source_to_code
  File "<frozen importlib._bootstrap>", line 219, in _call_with_frames_removed
  File "/opt/airflow/dags/dag.py", line 23
    )as dag
          ^
SyntaxError: invalid syntax
[2026-08-14T19:54:20.595+0000] {processor.py:841} WARNING - No viable dags retrieved from /opt/airflow/dags/dag.py
[2026-08-14T19:54:20.608+0000] {processor.py:179} INFO - Processing /opt/airflow/dags/dag.py took 0.025 seconds
[2026-08-14T19:54:50.892+0000] {processor.py:157} INFO - Started process (PID=16814) to work on /opt/airflow/dags/dag.py
[2026-08-14T19:54:50.893+0000] {processor.py:829} INFO - Processing file /opt/airflow/dags/dag.py for tasks to queue
[2026-08-14T19:54:50.894+0000] {logging_mixin.py:151} INFO - [2026-08-14T19:54:50.894+0000] {dagbag.py:536} INFO - Filling up the DagBag from /opt/airflow/dags/dag.py
[2026-08-14T19:54:50.900+0000] {logging_mixin.py:151} INFO - [2026-08-14T19:54:50.899+0000] {dagbag.py:346} ERROR - Failed to import: /opt/airflow/dags/dag.py
Traceback (most recent call last):
  File "/home/airflow/.local/lib/python3.8/site-packages/airflow/models/dagbag.py", line 342, in parse
    loader.exec_module(new_module)
  File "<frozen importlib._bootstrap_external>", line 839, in exec_module
  File "<frozen importlib._bootstrap_external>", line 976, in get_code
  File "<frozen importlib._bootstrap_external>", line 906, in source_to_code
  File "<frozen importlib._bootstrap>", line 219, in _call_with_frames_removed
  File "/opt/airflow/dags/dag.py", line 23
    )as dag
          ^
SyntaxError: invalid syntax
[2026-08-14T19:54:50.900+0000] {processor.py:841} WARNING - No viable dags retrieved from /opt/airflow/dags/dag.py
[2026-08-14T19:54:50.918+0000] {processor.py:179} INFO - Processing /opt/airflow/dags/dag.py took 0.028 seconds
[2026-08-14T19:55:21.245+0000] {processor.py:157} INFO - Started process (PID=16822) to work on /opt/airflow/dags/dag.py
[2026-08-14T19:55:21.247+0000] {processor.py:829} INFO - Processing file /opt/airflow/dags/dag.py for tasks to queue
[2026-08-14T19:55:21.249+0000] {logging_mixin.py:151} INFO - [2026-08-14T19:55:21.248+0000] {dagbag.py:536} INFO - Filling up the DagBag from /opt/airflow/dags/dag.py
[2026-08-14T19:55:21.256+0000] {logging_mixin.py:151} INFO - [2026-08-14T19:55:21.256+0000] {dagbag.py:346} ERROR - Failed to import: /opt/airflow/dags/dag.py
Traceback (most recent call last):
  File "/home/airflow/.local/lib/python3.8/site-packages/airflow/models/dagbag.py", line 342, in parse
    loader.exec_module(new_module)
  File "<frozen importlib._bootstrap_external>", line 839, in exec_module
  File "<frozen importlib._bootstrap_external>", line 976, in get_code
  File "<frozen importlib._bootstrap_external>", line 906, in source_to_code
  File "<frozen importlib._bootstrap>", line 219, in _call_with_frames_removed
  File "/opt/airflow/dags/dag.py", line 23
    )as dag
          ^
SyntaxError: invalid syntax
[2026-08-14T19:55:21.256+0000] {processor.py:841} WARNING - No viable dags retrieved from /opt/airflow/dags/dag.py
[2026-08-14T19:55:21.267+0000] {processor.py:179} INFO - Processing /opt/airflow/dags/dag.py took 0.024 seconds
[2026-08-14T19:55:51.553+0000] {processor.py:157} INFO - Started process (PID=16831) to work on /opt/airflow/dags/dag.py
[2026-08-14T19:55:51.554+0000] {processor.py:829} INFO - Processing file /opt/airflow/dags/dag.py for tasks to queue
[2026-08-14T19:55:51.556+0000] {logging_mixin.py:151} INFO - [2026-08-14T19:55:51.556+0000] {dagbag.py:536} INFO - Filling up the DagBag from /opt/airflow/dags/dag.py
[2026-08-14T19:55:51.562+0000] {logging_mixin.py:151} INFO - [2026-08-14T19:55:51.561+0000] {dagbag.py:346} ERROR - Failed to import: /opt/airflow/dags/dag.py
Traceback (most recent call last):
  File "/home/airflow/.local/lib/python3.8/site-packages/airflow/models/dagbag.py", line 342, in parse
    loader.exec_module(new_module)
  File "<frozen importlib._bootstrap_external>", line 839, in exec_module
  File "<frozen importlib._bootstrap_external>", line 976, in get_code
  File "<frozen importlib._bootstrap_external>", line 906, in source_to_code
  File "<frozen importlib._bootstrap>", line 219, in _call_with_frames_removed
  File "/opt/airflow/dags/dag.py", line 23
    )as dag
          ^
SyntaxError: invalid syntax
[2026-08-14T19:55:51.564+0000] {processor.py:841} WARNING - No viable dags retrieved from /opt/airflow/dags/dag.py
[2026-08-14T19:55:51.583+0000] {processor.py:179} INFO - Processing /opt/airflow/dags/dag.py took 0.033 seconds
[2026-08-14T19:56:21.859+0000] {processor.py:157} INFO - Started process (PID=16839) to work on /opt/airflow/dags/dag.py
[2026-08-14T19:56:21.861+0000] {processor.py:829} INFO - Processing file /opt/airflow/dags/dag.py for tasks to queue
[2026-08-14T19:56:21.863+0000] {logging_mixin.py:151} INFO - [2026-08-14T19:56:21.863+0000] {dagbag.py:536} INFO - Filling up the DagBag from /opt/airflow/dags/dag.py
[2026-08-14T19:56:21.869+0000] {logging_mixin.py:151} INFO - [2026-08-14T19:56:21.868+0000] {dagbag.py:346} ERROR - Failed to import: /opt/airflow/dags/dag.py
Traceback (most recent call last):
  File "/home/airflow/.local/lib/python3.8/site-packages/airflow/models/dagbag.py", line 342, in parse
    loader.exec_module(new_module)
  File "<frozen importlib._bootstrap_external>", line 839, in exec_module
  File "<frozen importlib._bootstrap_external>", line 976, in get_code
  File "<frozen importlib._bootstrap_external>", line 906, in source_to_code
  File "<frozen importlib._bootstrap>", line 219, in _call_with_frames_removed
  File "/opt/airflow/dags/dag.py", line 23
    )as dag
          ^
SyntaxError: invalid syntax
[2026-08-14T19:56:21.870+0000] {processor.py:841} WARNING - No viable dags retrieved from /opt/airflow/dags/dag.py
[2026-08-14T19:56:21.887+0000] {processor.py:179} INFO - Processing /opt/airflow/dags/dag.py took 0.031 seconds
[2026-08-14T19:56:52.207+0000] {processor.py:157} INFO - Started process (PID=16847) to work on /opt/airflow/dags/dag.py
[2026-08-14T19:56:52.208+0000] {processor.py:829} INFO - Processing file /opt/airflow/dags/dag.py for tasks to queue
[2026-08-14T19:56:52.209+0000] {logging_mixin.py:151} INFO - [2026-08-14T19:56:52.209+0000] {dagbag.py:536} INFO - Filling up the DagBag from /opt/airflow/dags/dag.py
[2026-08-14T19:56:52.216+0000] {logging_mixin.py:151} INFO - [2026-08-14T19:56:52.215+0000] {dagbag.py:346} ERROR - Failed to import: /opt/airflow/dags/dag.py
Traceback (most recent call last):
  File "/home/airflow/.local/lib/python3.8/site-packages/airflow/models/dagbag.py", line 342, in parse
    loader.exec_module(new_module)
  File "<frozen importlib._bootstrap_external>", line 839, in exec_module
  File "<frozen importlib._bootstrap_external>", line 976, in get_code
  File "<frozen importlib._bootstrap_external>", line 906, in source_to_code
  File "<frozen importlib._bootstrap>", line 219, in _call_with_frames_removed
  File "/opt/airflow/dags/dag.py", line 23
    )as dag
          ^
SyntaxError: invalid syntax
[2026-08-14T19:56:52.216+0000] {processor.py:841} WARNING - No viable dags retrieved from /opt/airflow/dags/dag.py
[2026-08-14T19:56:52.231+0000] {processor.py:179} INFO - Processing /opt/airflow/dags/dag.py took 0.026 seconds
[2026-08-14T19:57:22.477+0000] {processor.py:157} INFO - Started process (PID=16855) to work on /opt/airflow/dags/dag.py
[2026-08-14T19:57:22.478+0000] {processor.py:829} INFO - Processing file /opt/airflow/dags/dag.py for tasks to queue
[2026-08-14T19:57:22.485+0000] {logging_mixin.py:151} INFO - [2026-08-14T19:57:22.480+0000] {dagbag.py:536} INFO - Filling up the DagBag from /opt/airflow/dags/dag.py
[2026-08-14T19:57:22.487+0000] {logging_mixin.py:151} INFO - [2026-08-14T19:57:22.487+0000] {dagbag.py:346} ERROR - Failed to import: /opt/airflow/dags/dag.py
Traceback (most recent call last):
  File "/home/airflow/.local/lib/python3.8/site-packages/airflow/models/dagbag.py", line 342, in parse
    loader.exec_module(new_module)
  File "<frozen importlib._bootstrap_external>", line 839, in exec_module
  File "<frozen importlib._bootstrap_external>", line 976, in get_code
  File "<frozen importlib._bootstrap_external>", line 906, in source_to_code
  File "<frozen importlib._bootstrap>", line 219, in _call_with_frames_removed
  File "/opt/airflow/dags/dag.py", line 23
    )as dag
          ^
SyntaxError: invalid syntax
[2026-08-14T19:57:22.488+0000] {processor.py:841} WARNING - No viable dags retrieved from /opt/airflow/dags/dag.py
[2026-08-14T19:57:22.499+0000] {processor.py:179} INFO - Processing /opt/airflow/dags/dag.py took 0.025 seconds
[2026-08-14T19:57:52.802+0000] {processor.py:157} INFO - Started process (PID=16863) to work on /opt/airflow/dags/dag.py
[2026-08-14T19:57:52.802+0000] {processor.py:829} INFO - Processing file /opt/airflow/dags/dag.py for tasks to queue
[2026-08-14T19:57:52.803+0000] {logging_mixin.py:151} INFO - [2026-08-14T19:57:52.803+0000] {dagbag.py:536} INFO - Filling up the DagBag from /opt/airflow/dags/dag.py
[2026-08-14T19:57:52.808+0000] {logging_mixin.py:151} INFO - [2026-08-14T19:57:52.808+0000] {dagbag.py:346} ERROR - Failed to import: /opt/airflow/dags/dag.py
Traceback (most recent call last):
  File "/home/airflow/.local/lib/python3.8/site-packages/airflow/models/dagbag.py", line 342, in parse
    loader.exec_module(new_module)
  File "<frozen importlib._bootstrap_external>", line 839, in exec_module
  File "<frozen importlib._bootstrap_external>", line 976, in get_code
  File "<frozen importlib._bootstrap_external>", line 906, in source_to_code
  File "<frozen importlib._bootstrap>", line 219, in _call_with_frames_removed
  File "/opt/airflow/dags/dag.py", line 23
    )as dag
          ^
SyntaxError: invalid syntax
[2026-08-14T19:57:52.809+0000] {processor.py:841} WARNING - No viable dags retrieved from /opt/airflow/dags/dag.py
[2026-08-14T19:57:52.822+0000] {processor.py:179} INFO - Processing /opt/airflow/dags/dag.py took 0.023 seconds
[2026-08-14T19:58:23.095+0000] {processor.py:157} INFO - Started process (PID=16871) to work on /opt/airflow/dags/dag.py
[2026-08-14T19:58:23.098+0000] {processor.py:829} INFO - Processing file /opt/airflow/dags/dag.py for tasks to queue
[2026-08-14T19:58:23.100+0000] {logging_mixin.py:151} INFO - [2026-08-14T19:58:23.100+0000] {dagbag.py:536} INFO - Filling up the DagBag from /opt/airflow/dags/dag.py
[2026-08-14T19:58:23.106+0000] {logging_mixin.py:151} INFO - [2026-08-14T19:58:23.105+0000] {dagbag.py:346} ERROR - Failed to import: /opt/airflow/dags/dag.py
Traceback (most recent call last):
  File "/home/airflow/.local/lib/python3.8/site-packages/airflow/models/dagbag.py", line 342, in parse
    loader.exec_module(new_module)
  File "<frozen importlib._bootstrap_external>", line 839, in exec_module
  File "<frozen importlib._bootstrap_external>", line 976, in get_code
  File "<frozen importlib._bootstrap_external>", line 906, in source_to_code
  File "<frozen importlib._bootstrap>", line 219, in _call_with_frames_removed
  File "/opt/airflow/dags/dag.py", line 23
    )as dag
          ^
SyntaxError: invalid syntax
[2026-08-14T19:58:23.106+0000] {processor.py:841} WARNING - No viable dags retrieved from /opt/airflow/dags/dag.py
[2026-08-14T19:58:23.123+0000] {processor.py:179} INFO - Processing /opt/airflow/dags/dag.py took 0.030 seconds
[2026-08-14T19:58:53.415+0000] {processor.py:157} INFO - Started process (PID=16879) to work on /opt/airflow/dags/dag.py
[2026-08-14T19:58:53.415+0000] {processor.py:829} INFO - Processing file /opt/airflow/dags/dag.py for tasks to queue
[2026-08-14T19:58:53.421+0000] {logging_mixin.py:151} INFO - [2026-08-14T19:58:53.421+0000] {dagbag.py:536} INFO - Filling up the DagBag from /opt/airflow/dags/dag.py
[2026-08-14T19:58:53.429+0000] {logging_mixin.py:151} INFO - [2026-08-14T19:58:53.428+0000] {dagbag.py:346} ERROR - Failed to import: /opt/airflow/dags/dag.py
Traceback (most recent call last):
  File "/home/airflow/.local/lib/python3.8/site-packages/airflow/models/dagbag.py", line 342, in parse
    loader.exec_module(new_module)
  File "<frozen importlib._bootstrap_external>", line 839, in exec_module
  File "<frozen importlib._bootstrap_external>", line 976, in get_code
  File "<frozen importlib._bootstrap_external>", line 906, in source_to_code
  File "<frozen importlib._bootstrap>", line 219, in _call_with_frames_removed
  File "/opt/airflow/dags/dag.py", line 23
    )as dag
          ^
SyntaxError: invalid syntax
[2026-08-14T19:58:53.429+0000] {processor.py:841} WARNING - No viable dags retrieved from /opt/airflow/dags/dag.py
[2026-08-14T19:58:53.443+0000] {processor.py:179} INFO - Processing /opt/airflow/dags/dag.py took 0.030 seconds
