[2026-08-13T00:37:23.563+0000] {processor.py:157} INFO - Started process (PID=9842) to work on /opt/airflow/dags/airflow.py
[2026-08-13T00:37:23.564+0000] {processor.py:829} INFO - Processing file /opt/airflow/dags/airflow.py for tasks to queue
[2026-08-13T00:37:23.566+0000] {logging_mixin.py:151} INFO - [2026-08-13T00:37:23.566+0000] {dagbag.py:536} INFO - Filling up the DagBag from /opt/airflow/dags/airflow.py
[2026-08-13T00:37:23.640+0000] {logging_mixin.py:151} INFO - [2026-08-13T00:37:23.640+0000] {dagbag.py:346} ERROR - Failed to import: /opt/airflow/dags/airflow.py
Traceback (most recent call last):
  File "/home/airflow/.local/lib/python3.8/site-packages/airflow/models/dagbag.py", line 342, in parse
    loader.exec_module(new_module)
  File "<frozen importlib._bootstrap_external>", line 843, in exec_module
  File "<frozen importlib._bootstrap>", line 219, in _call_with_frames_removed
  File "/opt/airflow/dags/airflow.py", line 23, in <module>
    from data_preprocessing_scripts.preprocessing import preprocess_data
ModuleNotFoundError: No module named 'data_preprocessing_scripts'
[2026-08-13T00:37:23.640+0000] {processor.py:841} WARNING - No viable dags retrieved from /opt/airflow/dags/airflow.py
[2026-08-13T00:37:23.649+0000] {processor.py:179} INFO - Processing /opt/airflow/dags/airflow.py took 0.089 seconds
[2026-08-13T00:46:07.687+0000] {processor.py:157} INFO - Started process (PID=9850) to work on /opt/airflow/dags/airflow.py
[2026-08-13T00:46:07.688+0000] {processor.py:829} INFO - Processing file /opt/airflow/dags/airflow.py for tasks to queue
[2026-08-13T00:46:07.692+0000] {logging_mixin.py:151} INFO - [2026-08-13T00:46:07.692+0000] {dagbag.py:536} INFO - Filling up the DagBag from /opt/airflow/dags/airflow.py
[2026-08-13T00:46:07.757+0000] {logging_mixin.py:151} INFO - [2026-08-13T00:46:07.756+0000] {dagbag.py:346} ERROR - Failed to import: /opt/airflow/dags/airflow.py
Traceback (most recent call last):
  File "/home/airflow/.local/lib/python3.8/site-packages/airflow/models/dagbag.py", line 342, in parse
    loader.exec_module(new_module)
  File "<frozen importlib._bootstrap_external>", line 843, in exec_module
  File "<frozen importlib._bootstrap>", line 219, in _call_with_frames_removed
  File "/opt/airflow/dags/airflow.py", line 23, in <module>
    from data_preprocessing_scripts.preprocessing import preprocess_data
ModuleNotFoundError: No module named 'data_preprocessing_scripts'
[2026-08-13T00:46:07.757+0000] {processor.py:841} WARNING - No viable dags retrieved from /opt/airflow/dags/airflow.py
[2026-08-13T00:46:07.767+0000] {processor.py:179} INFO - Processing /opt/airflow/dags/airflow.py took 0.085 seconds
[2026-08-13T01:17:52.648+0000] {processor.py:157} INFO - Started process (PID=9858) to work on /opt/airflow/dags/airflow.py
[2026-08-13T01:17:52.650+0000] {processor.py:829} INFO - Processing file /opt/airflow/dags/airflow.py for tasks to queue
[2026-08-13T01:17:52.654+0000] {logging_mixin.py:151} INFO - [2026-08-13T01:17:52.654+0000] {dagbag.py:536} INFO - Filling up the DagBag from /opt/airflow/dags/airflow.py
[2026-08-13T01:17:52.722+0000] {logging_mixin.py:151} INFO - [2026-08-13T01:17:52.721+0000] {dagbag.py:346} ERROR - Failed to import: /opt/airflow/dags/airflow.py
Traceback (most recent call last):
  File "/home/airflow/.local/lib/python3.8/site-packages/airflow/models/dagbag.py", line 342, in parse
    loader.exec_module(new_module)
  File "<frozen importlib._bootstrap_external>", line 843, in exec_module
  File "<frozen importlib._bootstrap>", line 219, in _call_with_frames_removed
  File "/opt/airflow/dags/airflow.py", line 23, in <module>
    from data_preprocessing_scripts.preprocessing import preprocess_data
ModuleNotFoundError: No module named 'data_preprocessing_scripts'
[2026-08-13T01:17:52.722+0000] {processor.py:841} WARNING - No viable dags retrieved from /opt/airflow/dags/airflow.py
[2026-08-13T01:17:52.730+0000] {processor.py:179} INFO - Processing /opt/airflow/dags/airflow.py took 0.085 seconds
[2026-08-13T01:44:07.403+0000] {processor.py:157} INFO - Started process (PID=9866) to work on /opt/airflow/dags/airflow.py
[2026-08-13T01:44:07.404+0000] {processor.py:829} INFO - Processing file /opt/airflow/dags/airflow.py for tasks to queue
[2026-08-13T01:44:07.407+0000] {logging_mixin.py:151} INFO - [2026-08-13T01:44:07.406+0000] {dagbag.py:536} INFO - Filling up the DagBag from /opt/airflow/dags/airflow.py
[2026-08-13T01:44:07.490+0000] {logging_mixin.py:151} INFO - [2026-08-13T01:44:07.489+0000] {dagbag.py:346} ERROR - Failed to import: /opt/airflow/dags/airflow.py
Traceback (most recent call last):
  File "/home/airflow/.local/lib/python3.8/site-packages/airflow/models/dagbag.py", line 342, in parse
    loader.exec_module(new_module)
  File "<frozen importlib._bootstrap_external>", line 843, in exec_module
  File "<frozen importlib._bootstrap>", line 219, in _call_with_frames_removed
  File "/opt/airflow/dags/airflow.py", line 23, in <module>
    from data_preprocessing_scripts.preprocessing import preprocess_data
ModuleNotFoundError: No module named 'data_preprocessing_scripts'
[2026-08-13T01:44:07.490+0000] {processor.py:841} WARNING - No viable dags retrieved from /opt/airflow/dags/airflow.py
[2026-08-13T01:44:07.499+0000] {processor.py:179} INFO - Processing /opt/airflow/dags/airflow.py took 0.099 seconds
[2026-08-13T01:46:47.807+0000] {processor.py:157} INFO - Started process (PID=9874) to work on /opt/airflow/dags/airflow.py
[2026-08-13T01:46:47.809+0000] {processor.py:829} INFO - Processing file /opt/airflow/dags/airflow.py for tasks to queue
[2026-08-13T01:46:47.821+0000] {logging_mixin.py:151} INFO - [2026-08-13T01:46:47.821+0000] {dagbag.py:536} INFO - Filling up the DagBag from /opt/airflow/dags/airflow.py
[2026-08-13T01:46:47.950+0000] {logging_mixin.py:151} INFO - [2026-08-13T01:46:47.949+0000] {dagbag.py:346} ERROR - Failed to import: /opt/airflow/dags/airflow.py
Traceback (most recent call last):
  File "/home/airflow/.local/lib/python3.8/site-packages/airflow/models/dagbag.py", line 342, in parse
    loader.exec_module(new_module)
  File "<frozen importlib._bootstrap_external>", line 843, in exec_module
  File "<frozen importlib._bootstrap>", line 219, in _call_with_frames_removed
  File "/opt/airflow/dags/airflow.py", line 23, in <module>
    from data_preprocessing_scripts.preprocessing import preprocess_data
ModuleNotFoundError: No module named 'data_preprocessing_scripts'
[2026-08-13T01:46:47.950+0000] {processor.py:841} WARNING - No viable dags retrieved from /opt/airflow/dags/airflow.py
[2026-08-13T01:46:47.966+0000] {processor.py:179} INFO - Processing /opt/airflow/dags/airflow.py took 0.167 seconds
[2026-08-13T01:47:18.223+0000] {processor.py:157} INFO - Started process (PID=9882) to work on /opt/airflow/dags/airflow.py
[2026-08-13T01:47:18.224+0000] {processor.py:829} INFO - Processing file /opt/airflow/dags/airflow.py for tasks to queue
[2026-08-13T01:47:18.227+0000] {logging_mixin.py:151} INFO - [2026-08-13T01:47:18.227+0000] {dagbag.py:536} INFO - Filling up the DagBag from /opt/airflow/dags/airflow.py
[2026-08-13T01:47:18.295+0000] {logging_mixin.py:151} INFO - [2026-08-13T01:47:18.295+0000] {dagbag.py:346} ERROR - Failed to import: /opt/airflow/dags/airflow.py
Traceback (most recent call last):
  File "/home/airflow/.local/lib/python3.8/site-packages/airflow/models/dagbag.py", line 342, in parse
    loader.exec_module(new_module)
  File "<frozen importlib._bootstrap_external>", line 843, in exec_module
  File "<frozen importlib._bootstrap>", line 219, in _call_with_frames_removed
  File "/opt/airflow/dags/airflow.py", line 23, in <module>
    from data_preprocessing_scripts.preprocessing import preprocess_data
ModuleNotFoundError: No module named 'data_preprocessing_scripts'
[2026-08-13T01:47:18.295+0000] {processor.py:841} WARNING - No viable dags retrieved from /opt/airflow/dags/airflow.py
[2026-08-13T01:47:18.304+0000] {processor.py:179} INFO - Processing /opt/airflow/dags/airflow.py took 0.086 seconds
[2026-08-13T02:47:44.530+0000] {processor.py:157} INFO - Started process (PID=9890) to work on /opt/airflow/dags/airflow.py
[2026-08-13T02:47:44.534+0000] {processor.py:829} INFO - Processing file /opt/airflow/dags/airflow.py for tasks to queue
[2026-08-13T02:47:44.543+0000] {logging_mixin.py:151} INFO - [2026-08-13T02:47:44.541+0000] {dagbag.py:536} INFO - Filling up the DagBag from /opt/airflow/dags/airflow.py
[2026-08-13T02:47:44.640+0000] {logging_mixin.py:151} INFO - [2026-08-13T02:47:44.639+0000] {dagbag.py:346} ERROR - Failed to import: /opt/airflow/dags/airflow.py
Traceback (most recent call last):
  File "/home/airflow/.local/lib/python3.8/site-packages/airflow/models/dagbag.py", line 342, in parse
    loader.exec_module(new_module)
  File "<frozen importlib._bootstrap_external>", line 843, in exec_module
  File "<frozen importlib._bootstrap>", line 219, in _call_with_frames_removed
  File "/opt/airflow/dags/airflow.py", line 23, in <module>
    from data_preprocessing_scripts.preprocessing import preprocess_data
ModuleNotFoundError: No module named 'data_preprocessing_scripts'
[2026-08-13T02:47:44.640+0000] {processor.py:841} WARNING - No viable dags retrieved from /opt/airflow/dags/airflow.py
[2026-08-13T02:47:44.652+0000] {processor.py:179} INFO - Processing /opt/airflow/dags/airflow.py took 0.127 seconds
[2026-08-13T02:48:14.817+0000] {processor.py:157} INFO - Started process (PID=9898) to work on /opt/airflow/dags/airflow.py
[2026-08-13T02:48:14.819+0000] {processor.py:829} INFO - Processing file /opt/airflow/dags/airflow.py for tasks to queue
[2026-08-13T02:48:14.823+0000] {logging_mixin.py:151} INFO - [2026-08-13T02:48:14.822+0000] {dagbag.py:536} INFO - Filling up the DagBag from /opt/airflow/dags/airflow.py
[2026-08-13T02:48:14.890+0000] {logging_mixin.py:151} INFO - [2026-08-13T02:48:14.890+0000] {dagbag.py:346} ERROR - Failed to import: /opt/airflow/dags/airflow.py
Traceback (most recent call last):
  File "/home/airflow/.local/lib/python3.8/site-packages/airflow/models/dagbag.py", line 342, in parse
    loader.exec_module(new_module)
  File "<frozen importlib._bootstrap_external>", line 843, in exec_module
  File "<frozen importlib._bootstrap>", line 219, in _call_with_frames_removed
  File "/opt/airflow/dags/airflow.py", line 23, in <module>
    from data_preprocessing_scripts.preprocessing import preprocess_data
ModuleNotFoundError: No module named 'data_preprocessing_scripts'
[2026-08-13T02:48:14.891+0000] {processor.py:841} WARNING - No viable dags retrieved from /opt/airflow/dags/airflow.py
[2026-08-13T02:48:14.898+0000] {processor.py:179} INFO - Processing /opt/airflow/dags/airflow.py took 0.083 seconds
[2026-08-13T03:41:44.616+0000] {processor.py:157} INFO - Started process (PID=9906) to work on /opt/airflow/dags/airflow.py
[2026-08-13T03:41:44.617+0000] {processor.py:829} INFO - Processing file /opt/airflow/dags/airflow.py for tasks to queue
[2026-08-13T03:41:44.620+0000] {logging_mixin.py:151} INFO - [2026-08-13T03:41:44.620+0000] {dagbag.py:536} INFO - Filling up the DagBag from /opt/airflow/dags/airflow.py
[2026-08-13T03:41:44.691+0000] {logging_mixin.py:151} INFO - [2026-08-13T03:41:44.691+0000] {dagbag.py:346} ERROR - Failed to import: /opt/airflow/dags/airflow.py
Traceback (most recent call last):
  File "/home/airflow/.local/lib/python3.8/site-packages/airflow/models/dagbag.py", line 342, in parse
    loader.exec_module(new_module)
  File "<frozen importlib._bootstrap_external>", line 843, in exec_module
  File "<frozen importlib._bootstrap>", line 219, in _call_with_frames_removed
  File "/opt/airflow/dags/airflow.py", line 23, in <module>
    from data_preprocessing_scripts.preprocessing import preprocess_data
ModuleNotFoundError: No module named 'data_preprocessing_scripts'
[2026-08-13T03:41:44.692+0000] {processor.py:841} WARNING - No viable dags retrieved from /opt/airflow/dags/airflow.py
[2026-08-13T03:41:44.701+0000] {processor.py:179} INFO - Processing /opt/airflow/dags/airflow.py took 0.089 seconds
[2026-08-13T03:49:10.848+0000] {processor.py:157} INFO - Started process (PID=9914) to work on /opt/airflow/dags/airflow.py
[2026-08-13T03:49:10.848+0000] {processor.py:829} INFO - Processing file /opt/airflow/dags/airflow.py for tasks to queue
[2026-08-13T03:49:10.852+0000] {logging_mixin.py:151} INFO - [2026-08-13T03:49:10.852+0000] {dagbag.py:536} INFO - Filling up the DagBag from /opt/airflow/dags/airflow.py
[2026-08-13T03:49:10.918+0000] {logging_mixin.py:151} INFO - [2026-08-13T03:49:10.917+0000] {dagbag.py:346} ERROR - Failed to import: /opt/airflow/dags/airflow.py
Traceback (most recent call last):
  File "/home/airflow/.local/lib/python3.8/site-packages/airflow/models/dagbag.py", line 342, in parse
    loader.exec_module(new_module)
  File "<frozen importlib._bootstrap_external>", line 843, in exec_module
  File "<frozen importlib._bootstrap>", line 219, in _call_with_frames_removed
  File "/opt/airflow/dags/airflow.py", line 23, in <module>
    from data_preprocessing_scripts.preprocessing import preprocess_data
ModuleNotFoundError: No module named 'data_preprocessing_scripts'
[2026-08-13T03:49:10.918+0000] {processor.py:841} WARNING - No viable dags retrieved from /opt/airflow/dags/airflow.py
[2026-08-13T03:49:10.927+0000] {processor.py:179} INFO - Processing /opt/airflow/dags/airflow.py took 0.083 seconds
[2026-08-13T04:06:05.457+0000] {processor.py:157} INFO - Started process (PID=9922) to work on /opt/airflow/dags/airflow.py
[2026-08-13T04:06:05.459+0000] {processor.py:829} INFO - Processing file /opt/airflow/dags/airflow.py for tasks to queue
[2026-08-13T04:06:05.468+0000] {logging_mixin.py:151} INFO - [2026-08-13T04:06:05.468+0000] {dagbag.py:536} INFO - Filling up the DagBag from /opt/airflow/dags/airflow.py
[2026-08-13T04:06:05.604+0000] {logging_mixin.py:151} INFO - [2026-08-13T04:06:05.603+0000] {dagbag.py:346} ERROR - Failed to import: /opt/airflow/dags/airflow.py
Traceback (most recent call last):
  File "/home/airflow/.local/lib/python3.8/site-packages/airflow/models/dagbag.py", line 342, in parse
    loader.exec_module(new_module)
  File "<frozen importlib._bootstrap_external>", line 843, in exec_module
  File "<frozen importlib._bootstrap>", line 219, in _call_with_frames_removed
  File "/opt/airflow/dags/airflow.py", line 23, in <module>
    from data_preprocessing_scripts.preprocessing import preprocess_data
ModuleNotFoundError: No module named 'data_preprocessing_scripts'
[2026-08-13T04:06:05.605+0000] {processor.py:841} WARNING - No viable dags retrieved from /opt/airflow/dags/airflow.py
[2026-08-13T04:06:05.623+0000] {processor.py:179} INFO - Processing /opt/airflow/dags/airflow.py took 0.171 seconds
[2026-08-13T04:06:35.855+0000] {processor.py:157} INFO - Started process (PID=9930) to work on /opt/airflow/dags/airflow.py
[2026-08-13T04:06:35.856+0000] {processor.py:829} INFO - Processing file /opt/airflow/dags/airflow.py for tasks to queue
[2026-08-13T04:06:35.857+0000] {logging_mixin.py:151} INFO - [2026-08-13T04:06:35.857+0000] {dagbag.py:536} INFO - Filling up the DagBag from /opt/airflow/dags/airflow.py
[2026-08-13T04:06:35.937+0000] {logging_mixin.py:151} INFO - [2026-08-13T04:06:35.936+0000] {dagbag.py:346} ERROR - Failed to import: /opt/airflow/dags/airflow.py
Traceback (most recent call last):
  File "/home/airflow/.local/lib/python3.8/site-packages/airflow/models/dagbag.py", line 342, in parse
    loader.exec_module(new_module)
  File "<frozen importlib._bootstrap_external>", line 843, in exec_module
  File "<frozen importlib._bootstrap>", line 219, in _call_with_frames_removed
  File "/opt/airflow/dags/airflow.py", line 23, in <module>
    from data_preprocessing_scripts.preprocessing import preprocess_data
ModuleNotFoundError: No module named 'data_preprocessing_scripts'
[2026-08-13T04:06:35.937+0000] {processor.py:841} WARNING - No viable dags retrieved from /opt/airflow/dags/airflow.py
[2026-08-13T04:06:35.946+0000] {processor.py:179} INFO - Processing /opt/airflow/dags/airflow.py took 0.095 seconds
[2026-08-13T04:38:42.264+0000] {processor.py:157} INFO - Started process (PID=9938) to work on /opt/airflow/dags/airflow.py
[2026-08-13T04:38:42.265+0000] {processor.py:829} INFO - Processing file /opt/airflow/dags/airflow.py for tasks to queue
[2026-08-13T04:38:42.271+0000] {logging_mixin.py:151} INFO - [2026-08-13T04:38:42.270+0000] {dagbag.py:536} INFO - Filling up the DagBag from /opt/airflow/dags/airflow.py
[2026-08-13T04:38:42.385+0000] {logging_mixin.py:151} INFO - [2026-08-13T04:38:42.384+0000] {dagbag.py:346} ERROR - Failed to import: /opt/airflow/dags/airflow.py
Traceback (most recent call last):
  File "/home/airflow/.local/lib/python3.8/site-packages/airflow/models/dagbag.py", line 342, in parse
    loader.exec_module(new_module)
  File "<frozen importlib._bootstrap_external>", line 843, in exec_module
  File "<frozen importlib._bootstrap>", line 219, in _call_with_frames_removed
  File "/opt/airflow/dags/airflow.py", line 23, in <module>
    from data_preprocessing_scripts.preprocessing import preprocess_data
ModuleNotFoundError: No module named 'data_preprocessing_scripts'
[2026-08-13T04:38:42.385+0000] {processor.py:841} WARNING - No viable dags retrieved from /opt/airflow/dags/airflow.py
[2026-08-13T04:38:42.402+0000] {processor.py:179} INFO - Processing /opt/airflow/dags/airflow.py took 0.143 seconds
[2026-08-13T04:39:12.585+0000] {processor.py:157} INFO - Started process (PID=9946) to work on /opt/airflow/dags/airflow.py
[2026-08-13T04:39:12.586+0000] {processor.py:829} INFO - Processing file /opt/airflow/dags/airflow.py for tasks to queue
[2026-08-13T04:39:12.587+0000] {logging_mixin.py:151} INFO - [2026-08-13T04:39:12.587+0000] {dagbag.py:536} INFO - Filling up the DagBag from /opt/airflow/dags/airflow.py
[2026-08-13T04:39:12.654+0000] {logging_mixin.py:151} INFO - [2026-08-13T04:39:12.654+0000] {dagbag.py:346} ERROR - Failed to import: /opt/airflow/dags/airflow.py
Traceback (most recent call last):
  File "/home/airflow/.local/lib/python3.8/site-packages/airflow/models/dagbag.py", line 342, in parse
    loader.exec_module(new_module)
  File "<frozen importlib._bootstrap_external>", line 843, in exec_module
  File "<frozen importlib._bootstrap>", line 219, in _call_with_frames_removed
  File "/opt/airflow/dags/airflow.py", line 23, in <module>
    from data_preprocessing_scripts.preprocessing import preprocess_data
ModuleNotFoundError: No module named 'data_preprocessing_scripts'
[2026-08-13T04:39:12.655+0000] {processor.py:841} WARNING - No viable dags retrieved from /opt/airflow/dags/airflow.py
[2026-08-13T04:39:12.662+0000] {processor.py:179} INFO - Processing /opt/airflow/dags/airflow.py took 0.082 seconds
[2026-08-13T04:50:09.865+0000] {processor.py:157} INFO - Started process (PID=9954) to work on /opt/airflow/dags/airflow.py
[2026-08-13T04:50:09.866+0000] {processor.py:829} INFO - Processing file /opt/airflow/dags/airflow.py for tasks to queue
[2026-08-13T04:50:09.868+0000] {logging_mixin.py:151} INFO - [2026-08-13T04:50:09.868+0000] {dagbag.py:536} INFO - Filling up the DagBag from /opt/airflow/dags/airflow.py
[2026-08-13T04:50:09.947+0000] {logging_mixin.py:151} INFO - [2026-08-13T04:50:09.946+0000] {dagbag.py:346} ERROR - Failed to import: /opt/airflow/dags/airflow.py
Traceback (most recent call last):
  File "/home/airflow/.local/lib/python3.8/site-packages/airflow/models/dagbag.py", line 342, in parse
    loader.exec_module(new_module)
  File "<frozen importlib._bootstrap_external>", line 843, in exec_module
  File "<frozen importlib._bootstrap>", line 219, in _call_with_frames_removed
  File "/opt/airflow/dags/airflow.py", line 23, in <module>
    from data_preprocessing_scripts.preprocessing import preprocess_data
ModuleNotFoundError: No module named 'data_preprocessing_scripts'
[2026-08-13T04:50:09.947+0000] {processor.py:841} WARNING - No viable dags retrieved from /opt/airflow/dags/airflow.py
[2026-08-13T04:50:09.958+0000] {processor.py:179} INFO - Processing /opt/airflow/dags/airflow.py took 0.096 seconds
[2026-08-13T04:50:52.203+0000] {processor.py:157} INFO - Started process (PID=9962) to work on /opt/airflow/dags/airflow.py
[2026-08-13T04:50:52.205+0000] {processor.py:829} INFO - Processing file /opt/airflow/dags/airflow.py for tasks to queue
[2026-08-13T04:50:52.206+0000] {logging_mixin.py:151} INFO - [2026-08-13T04:50:52.206+0000] {dagbag.py:536} INFO - Filling up the DagBag from /opt/airflow/dags/airflow.py
[2026-08-13T04:50:52.272+0000] {logging_mixin.py:151} INFO - [2026-08-13T04:50:52.272+0000] {dagbag.py:346} ERROR - Failed to import: /opt/airflow/dags/airflow.py
Traceback (most recent call last):
  File "/home/airflow/.local/lib/python3.8/site-packages/airflow/models/dagbag.py", line 342, in parse
    loader.exec_module(new_module)
  File "<frozen importlib._bootstrap_external>", line 843, in exec_module
  File "<frozen importlib._bootstrap>", line 219, in _call_with_frames_removed
  File "/opt/airflow/dags/airflow.py", line 23, in <module>
    from data_preprocessing_scripts.preprocessing import preprocess_data
ModuleNotFoundError: No module named 'data_preprocessing_scripts'
[2026-08-13T04:50:52.273+0000] {processor.py:841} WARNING - No viable dags retrieved from /opt/airflow/dags/airflow.py
[2026-08-13T04:50:52.280+0000] {processor.py:179} INFO - Processing /opt/airflow/dags/airflow.py took 0.080 seconds
[2026-08-13T04:51:22.577+0000] {processor.py:157} INFO - Started process (PID=9970) to work on /opt/airflow/dags/airflow.py
[2026-08-13T04:51:22.578+0000] {processor.py:829} INFO - Processing file /opt/airflow/dags/airflow.py for tasks to queue
[2026-08-13T04:51:22.585+0000] {logging_mixin.py:151} INFO - [2026-08-13T04:51:22.584+0000] {dagbag.py:536} INFO - Filling up the DagBag from /opt/airflow/dags/airflow.py
[2026-08-13T04:51:22.656+0000] {logging_mixin.py:151} INFO - [2026-08-13T04:51:22.655+0000] {dagbag.py:346} ERROR - Failed to import: /opt/airflow/dags/airflow.py
Traceback (most recent call last):
  File "/home/airflow/.local/lib/python3.8/site-packages/airflow/models/dagbag.py", line 342, in parse
    loader.exec_module(new_module)
  File "<frozen importlib._bootstrap_external>", line 843, in exec_module
  File "<frozen importlib._bootstrap>", line 219, in _call_with_frames_removed
  File "/opt/airflow/dags/airflow.py", line 23, in <module>
    from data_preprocessing_scripts.preprocessing import preprocess_data
ModuleNotFoundError: No module named 'data_preprocessing_scripts'
[2026-08-13T04:51:22.656+0000] {processor.py:841} WARNING - No viable dags retrieved from /opt/airflow/dags/airflow.py
[2026-08-13T04:51:22.665+0000] {processor.py:179} INFO - Processing /opt/airflow/dags/airflow.py took 0.093 seconds
[2026-08-13T05:50:48.913+0000] {processor.py:157} INFO - Started process (PID=9978) to work on /opt/airflow/dags/airflow.py
[2026-08-13T05:50:48.914+0000] {processor.py:829} INFO - Processing file /opt/airflow/dags/airflow.py for tasks to queue
[2026-08-13T05:50:48.917+0000] {logging_mixin.py:151} INFO - [2026-08-13T05:50:48.917+0000] {dagbag.py:536} INFO - Filling up the DagBag from /opt/airflow/dags/airflow.py
[2026-08-13T05:50:49.030+0000] {logging_mixin.py:151} INFO - [2026-08-13T05:50:49.029+0000] {dagbag.py:346} ERROR - Failed to import: /opt/airflow/dags/airflow.py
Traceback (most recent call last):
  File "/home/airflow/.local/lib/python3.8/site-packages/airflow/models/dagbag.py", line 342, in parse
    loader.exec_module(new_module)
  File "<frozen importlib._bootstrap_external>", line 843, in exec_module
  File "<frozen importlib._bootstrap>", line 219, in _call_with_frames_removed
  File "/opt/airflow/dags/airflow.py", line 23, in <module>
    from data_preprocessing_scripts.preprocessing import preprocess_data
ModuleNotFoundError: No module named 'data_preprocessing_scripts'
[2026-08-13T05:50:49.031+0000] {processor.py:841} WARNING - No viable dags retrieved from /opt/airflow/dags/airflow.py
[2026-08-13T05:50:49.046+0000] {processor.py:179} INFO - Processing /opt/airflow/dags/airflow.py took 0.136 seconds
[2026-08-13T05:51:19.288+0000] {processor.py:157} INFO - Started process (PID=9985) to work on /opt/airflow/dags/airflow.py
[2026-08-13T05:51:19.289+0000] {processor.py:829} INFO - Processing file /opt/airflow/dags/airflow.py for tasks to queue
[2026-08-13T05:51:19.292+0000] {logging_mixin.py:151} INFO - [2026-08-13T05:51:19.292+0000] {dagbag.py:536} INFO - Filling up the DagBag from /opt/airflow/dags/airflow.py
[2026-08-13T05:51:19.359+0000] {logging_mixin.py:151} INFO - [2026-08-13T05:51:19.358+0000] {dagbag.py:346} ERROR - Failed to import: /opt/airflow/dags/airflow.py
Traceback (most recent call last):
  File "/home/airflow/.local/lib/python3.8/site-packages/airflow/models/dagbag.py", line 342, in parse
    loader.exec_module(new_module)
  File "<frozen importlib._bootstrap_external>", line 843, in exec_module
  File "<frozen importlib._bootstrap>", line 219, in _call_with_frames_removed
  File "/opt/airflow/dags/airflow.py", line 23, in <module>
    from data_preprocessing_scripts.preprocessing import preprocess_data
ModuleNotFoundError: No module named 'data_preprocessing_scripts'
[2026-08-13T05:51:19.359+0000] {processor.py:841} WARNING - No viable dags retrieved from /opt/airflow/dags/airflow.py
[2026-08-13T05:51:19.366+0000] {processor.py:179} INFO - Processing /opt/airflow/dags/airflow.py took 0.083 seconds
[2026-08-13T06:58:24.564+0000] {processor.py:157} INFO - Started process (PID=9993) to work on /opt/airflow/dags/airflow.py
[2026-08-13T06:58:24.568+0000] {processor.py:829} INFO - Processing file /opt/airflow/dags/airflow.py for tasks to queue
[2026-08-13T06:58:24.570+0000] {logging_mixin.py:151} INFO - [2026-08-13T06:58:24.570+0000] {dagbag.py:536} INFO - Filling up the DagBag from /opt/airflow/dags/airflow.py
[2026-08-13T06:58:24.660+0000] {logging_mixin.py:151} INFO - [2026-08-13T06:58:24.659+0000] {dagbag.py:346} ERROR - Failed to import: /opt/airflow/dags/airflow.py
Traceback (most recent call last):
  File "/home/airflow/.local/lib/python3.8/site-packages/airflow/models/dagbag.py", line 342, in parse
    loader.exec_module(new_module)
  File "<frozen importlib._bootstrap_external>", line 843, in exec_module
  File "<frozen importlib._bootstrap>", line 219, in _call_with_frames_removed
  File "/opt/airflow/dags/airflow.py", line 23, in <module>
    from data_preprocessing_scripts.preprocessing import preprocess_data
ModuleNotFoundError: No module named 'data_preprocessing_scripts'
[2026-08-13T06:58:24.660+0000] {processor.py:841} WARNING - No viable dags retrieved from /opt/airflow/dags/airflow.py
[2026-08-13T06:58:24.672+0000] {processor.py:179} INFO - Processing /opt/airflow/dags/airflow.py took 0.113 seconds
[2026-08-13T07:43:18.979+0000] {processor.py:157} INFO - Started process (PID=10001) to work on /opt/airflow/dags/airflow.py
[2026-08-13T07:43:18.981+0000] {processor.py:829} INFO - Processing file /opt/airflow/dags/airflow.py for tasks to queue
[2026-08-13T07:43:18.996+0000] {logging_mixin.py:151} INFO - [2026-08-13T07:43:18.995+0000] {dagbag.py:536} INFO - Filling up the DagBag from /opt/airflow/dags/airflow.py
[2026-08-13T07:43:19.235+0000] {logging_mixin.py:151} INFO - [2026-08-13T07:43:19.233+0000] {dagbag.py:346} ERROR - Failed to import: /opt/airflow/dags/airflow.py
Traceback (most recent call last):
  File "/home/airflow/.local/lib/python3.8/site-packages/airflow/models/dagbag.py", line 342, in parse
    loader.exec_module(new_module)
  File "<frozen importlib._bootstrap_external>", line 843, in exec_module
  File "<frozen importlib._bootstrap>", line 219, in _call_with_frames_removed
  File "/opt/airflow/dags/airflow.py", line 23, in <module>
    from data_preprocessing_scripts.preprocessing import preprocess_data
ModuleNotFoundError: No module named 'data_preprocessing_scripts'
[2026-08-13T07:43:19.237+0000] {processor.py:841} WARNING - No viable dags retrieved from /opt/airflow/dags/airflow.py
[2026-08-13T07:43:19.292+0000] {processor.py:179} INFO - Processing /opt/airflow/dags/airflow.py took 0.322 seconds
[2026-08-13T07:59:06.394+0000] {processor.py:157} INFO - Started process (PID=10009) to work on /opt/airflow/dags/airflow.py
[2026-08-13T07:59:06.395+0000] {processor.py:829} INFO - Processing file /opt/airflow/dags/airflow.py for tasks to queue
[2026-08-13T07:59:06.397+0000] {logging_mixin.py:151} INFO - [2026-08-13T07:59:06.397+0000] {dagbag.py:536} INFO - Filling up the DagBag from /opt/airflow/dags/airflow.py
[2026-08-13T07:59:06.489+0000] {logging_mixin.py:151} INFO - [2026-08-13T07:59:06.489+0000] {dagbag.py:346} ERROR - Failed to import: /opt/airflow/dags/airflow.py
Traceback (most recent call last):
  File "/home/airflow/.local/lib/python3.8/site-packages/airflow/models/dagbag.py", line 342, in parse
    loader.exec_module(new_module)
  File "<frozen importlib._bootstrap_external>", line 843, in exec_module
  File "<frozen importlib._bootstrap>", line 219, in _call_with_frames_removed
  File "/opt/airflow/dags/airflow.py", line 23, in <module>
    from data_preprocessing_scripts.preprocessing import preprocess_data
ModuleNotFoundError: No module named 'data_preprocessing_scripts'
[2026-08-13T07:59:06.490+0000] {processor.py:841} WARNING - No viable dags retrieved from /opt/airflow/dags/airflow.py
[2026-08-13T07:59:06.501+0000] {processor.py:179} INFO - Processing /opt/airflow/dags/airflow.py took 0.109 seconds
[2026-08-13T08:57:31.583+0000] {processor.py:157} INFO - Started process (PID=10017) to work on /opt/airflow/dags/airflow.py
[2026-08-13T08:57:31.586+0000] {processor.py:829} INFO - Processing file /opt/airflow/dags/airflow.py for tasks to queue
[2026-08-13T08:57:31.595+0000] {logging_mixin.py:151} INFO - [2026-08-13T08:57:31.594+0000] {dagbag.py:536} INFO - Filling up the DagBag from /opt/airflow/dags/airflow.py
[2026-08-13T08:57:32.113+0000] {logging_mixin.py:151} INFO - [2026-08-13T08:57:32.093+0000] {dagbag.py:346} ERROR - Failed to import: /opt/airflow/dags/airflow.py
Traceback (most recent call last):
  File "/home/airflow/.local/lib/python3.8/site-packages/airflow/models/dagbag.py", line 342, in parse
    loader.exec_module(new_module)
  File "<frozen importlib._bootstrap_external>", line 843, in exec_module
  File "<frozen importlib._bootstrap>", line 219, in _call_with_frames_removed
  File "/opt/airflow/dags/airflow.py", line 23, in <module>
    from data_preprocessing_scripts.preprocessing import preprocess_data
ModuleNotFoundError: No module named 'data_preprocessing_scripts'
[2026-08-13T08:57:32.119+0000] {processor.py:841} WARNING - No viable dags retrieved from /opt/airflow/dags/airflow.py
[2026-08-13T08:57:32.216+0000] {processor.py:179} INFO - Processing /opt/airflow/dags/airflow.py took 0.647 seconds
[2026-08-13T08:58:02.314+0000] {processor.py:157} INFO - Started process (PID=10026) to work on /opt/airflow/dags/airflow.py
[2026-08-13T08:58:02.315+0000] {processor.py:829} INFO - Processing file /opt/airflow/dags/airflow.py for tasks to queue
[2026-08-13T08:58:02.315+0000] {logging_mixin.py:151} INFO - [2026-08-13T08:58:02.315+0000] {dagbag.py:536} INFO - Filling up the DagBag from /opt/airflow/dags/airflow.py
[2026-08-13T08:58:02.366+0000] {logging_mixin.py:151} INFO - [2026-08-13T08:58:02.365+0000] {dagbag.py:346} ERROR - Failed to import: /opt/airflow/dags/airflow.py
Traceback (most recent call last):
  File "/home/airflow/.local/lib/python3.8/site-packages/airflow/models/dagbag.py", line 342, in parse
    loader.exec_module(new_module)
  File "<frozen importlib._bootstrap_external>", line 843, in exec_module
  File "<frozen importlib._bootstrap>", line 219, in _call_with_frames_removed
  File "/opt/airflow/dags/airflow.py", line 23, in <module>
    from data_preprocessing_scripts.preprocessing import preprocess_data
ModuleNotFoundError: No module named 'data_preprocessing_scripts'
[2026-08-13T08:58:02.366+0000] {processor.py:841} WARNING - No viable dags retrieved from /opt/airflow/dags/airflow.py
[2026-08-13T08:58:02.375+0000] {processor.py:179} INFO - Processing /opt/airflow/dags/airflow.py took 0.062 seconds
[2026-08-13T10:21:02.296+0000] {processor.py:157} INFO - Started process (PID=10033) to work on /opt/airflow/dags/airflow.py
[2026-08-13T10:21:02.298+0000] {processor.py:829} INFO - Processing file /opt/airflow/dags/airflow.py for tasks to queue
[2026-08-13T10:21:02.304+0000] {logging_mixin.py:151} INFO - [2026-08-13T10:21:02.303+0000] {dagbag.py:536} INFO - Filling up the DagBag from /opt/airflow/dags/airflow.py
[2026-08-13T10:21:02.401+0000] {logging_mixin.py:151} INFO - [2026-08-13T10:21:02.400+0000] {dagbag.py:346} ERROR - Failed to import: /opt/airflow/dags/airflow.py
Traceback (most recent call last):
  File "/home/airflow/.local/lib/python3.8/site-packages/airflow/models/dagbag.py", line 342, in parse
    loader.exec_module(new_module)
  File "<frozen importlib._bootstrap_external>", line 843, in exec_module
  File "<frozen importlib._bootstrap>", line 219, in _call_with_frames_removed
  File "/opt/airflow/dags/airflow.py", line 23, in <module>
    from data_preprocessing_scripts.preprocessing import preprocess_data
ModuleNotFoundError: No module named 'data_preprocessing_scripts'
[2026-08-13T10:21:02.402+0000] {processor.py:841} WARNING - No viable dags retrieved from /opt/airflow/dags/airflow.py
[2026-08-13T10:21:02.418+0000] {processor.py:179} INFO - Processing /opt/airflow/dags/airflow.py took 0.128 seconds
[2026-08-13T11:42:01.214+0000] {processor.py:157} INFO - Started process (PID=10041) to work on /opt/airflow/dags/airflow.py
[2026-08-13T11:42:01.214+0000] {processor.py:829} INFO - Processing file /opt/airflow/dags/airflow.py for tasks to queue
[2026-08-13T11:42:01.218+0000] {logging_mixin.py:151} INFO - [2026-08-13T11:42:01.218+0000] {dagbag.py:536} INFO - Filling up the DagBag from /opt/airflow/dags/airflow.py
[2026-08-13T11:42:01.293+0000] {logging_mixin.py:151} INFO - [2026-08-13T11:42:01.292+0000] {dagbag.py:346} ERROR - Failed to import: /opt/airflow/dags/airflow.py
Traceback (most recent call last):
  File "/home/airflow/.local/lib/python3.8/site-packages/airflow/models/dagbag.py", line 342, in parse
    loader.exec_module(new_module)
  File "<frozen importlib._bootstrap_external>", line 843, in exec_module
  File "<frozen importlib._bootstrap>", line 219, in _call_with_frames_removed
  File "/opt/airflow/dags/airflow.py", line 23, in <module>
    from data_preprocessing_scripts.preprocessing import preprocess_data
ModuleNotFoundError: No module named 'data_preprocessing_scripts'
[2026-08-13T11:42:01.293+0000] {processor.py:841} WARNING - No viable dags retrieved from /opt/airflow/dags/airflow.py
[2026-08-13T11:42:01.301+0000] {processor.py:179} INFO - Processing /opt/airflow/dags/airflow.py took 0.091 seconds
[2026-08-13T13:03:44.559+0000] {processor.py:157} INFO - Started process (PID=10049) to work on /opt/airflow/dags/airflow.py
[2026-08-13T13:03:44.560+0000] {processor.py:829} INFO - Processing file /opt/airflow/dags/airflow.py for tasks to queue
[2026-08-13T13:03:44.566+0000] {logging_mixin.py:151} INFO - [2026-08-13T13:03:44.566+0000] {dagbag.py:536} INFO - Filling up the DagBag from /opt/airflow/dags/airflow.py
[2026-08-13T13:03:44.672+0000] {logging_mixin.py:151} INFO - [2026-08-13T13:03:44.672+0000] {dagbag.py:346} ERROR - Failed to import: /opt/airflow/dags/airflow.py
Traceback (most recent call last):
  File "/home/airflow/.local/lib/python3.8/site-packages/airflow/models/dagbag.py", line 342, in parse
    loader.exec_module(new_module)
  File "<frozen importlib._bootstrap_external>", line 843, in exec_module
  File "<frozen importlib._bootstrap>", line 219, in _call_with_frames_removed
  File "/opt/airflow/dags/airflow.py", line 23, in <module>
    from data_preprocessing_scripts.preprocessing import preprocess_data
ModuleNotFoundError: No module named 'data_preprocessing_scripts'
[2026-08-13T13:03:44.672+0000] {processor.py:841} WARNING - No viable dags retrieved from /opt/airflow/dags/airflow.py
[2026-08-13T13:03:44.683+0000] {processor.py:179} INFO - Processing /opt/airflow/dags/airflow.py took 0.127 seconds
[2026-08-13T13:04:14.958+0000] {processor.py:157} INFO - Started process (PID=10057) to work on /opt/airflow/dags/airflow.py
[2026-08-13T13:04:14.960+0000] {processor.py:829} INFO - Processing file /opt/airflow/dags/airflow.py for tasks to queue
[2026-08-13T13:04:14.963+0000] {logging_mixin.py:151} INFO - [2026-08-13T13:04:14.962+0000] {dagbag.py:536} INFO - Filling up the DagBag from /opt/airflow/dags/airflow.py
[2026-08-13T13:04:15.028+0000] {logging_mixin.py:151} INFO - [2026-08-13T13:04:15.027+0000] {dagbag.py:346} ERROR - Failed to import: /opt/airflow/dags/airflow.py
Traceback (most recent call last):
  File "/home/airflow/.local/lib/python3.8/site-packages/airflow/models/dagbag.py", line 342, in parse
    loader.exec_module(new_module)
  File "<frozen importlib._bootstrap_external>", line 843, in exec_module
  File "<frozen importlib._bootstrap>", line 219, in _call_with_frames_removed
  File "/opt/airflow/dags/airflow.py", line 23, in <module>
    from data_preprocessing_scripts.preprocessing import preprocess_data
ModuleNotFoundError: No module named 'data_preprocessing_scripts'
[2026-08-13T13:04:15.028+0000] {processor.py:841} WARNING - No viable dags retrieved from /opt/airflow/dags/airflow.py
[2026-08-13T13:04:15.036+0000] {processor.py:179} INFO - Processing /opt/airflow/dags/airflow.py took 0.081 seconds
[2026-08-13T13:32:21.925+0000] {processor.py:157} INFO - Started process (PID=10065) to work on /opt/airflow/dags/airflow.py
[2026-08-13T13:32:21.928+0000] {processor.py:829} INFO - Processing file /opt/airflow/dags/airflow.py for tasks to queue
[2026-08-13T13:32:21.932+0000] {logging_mixin.py:151} INFO - [2026-08-13T13:32:21.932+0000] {dagbag.py:536} INFO - Filling up the DagBag from /opt/airflow/dags/airflow.py
[2026-08-13T13:32:22.040+0000] {logging_mixin.py:151} INFO - [2026-08-13T13:32:22.039+0000] {dagbag.py:346} ERROR - Failed to import: /opt/airflow/dags/airflow.py
Traceback (most recent call last):
  File "/home/airflow/.local/lib/python3.8/site-packages/airflow/models/dagbag.py", line 342, in parse
    loader.exec_module(new_module)
  File "<frozen importlib._bootstrap_external>", line 843, in exec_module
  File "<frozen importlib._bootstrap>", line 219, in _call_with_frames_removed
  File "/opt/airflow/dags/airflow.py", line 23, in <module>
    from data_preprocessing_scripts.preprocessing import preprocess_data
ModuleNotFoundError: No module named 'data_preprocessing_scripts'
[2026-08-13T13:32:22.041+0000] {processor.py:841} WARNING - No viable dags retrieved from /opt/airflow/dags/airflow.py
[2026-08-13T13:32:22.055+0000] {processor.py:179} INFO - Processing /opt/airflow/dags/airflow.py took 0.133 seconds
[2026-08-13T13:32:52.522+0000] {processor.py:157} INFO - Started process (PID=10073) to work on /opt/airflow/dags/airflow.py
[2026-08-13T13:32:52.523+0000] {processor.py:829} INFO - Processing file /opt/airflow/dags/airflow.py for tasks to queue
[2026-08-13T13:32:52.526+0000] {logging_mixin.py:151} INFO - [2026-08-13T13:32:52.526+0000] {dagbag.py:536} INFO - Filling up the DagBag from /opt/airflow/dags/airflow.py
[2026-08-13T13:32:52.585+0000] {logging_mixin.py:151} INFO - [2026-08-13T13:32:52.584+0000] {dagbag.py:346} ERROR - Failed to import: /opt/airflow/dags/airflow.py
Traceback (most recent call last):
  File "/home/airflow/.local/lib/python3.8/site-packages/airflow/models/dagbag.py", line 342, in parse
    loader.exec_module(new_module)
  File "<frozen importlib._bootstrap_external>", line 843, in exec_module
  File "<frozen importlib._bootstrap>", line 219, in _call_with_frames_removed
  File "/opt/airflow/dags/airflow.py", line 23, in <module>
    from data_preprocessing_scripts.preprocessing import preprocess_data
ModuleNotFoundError: No module named 'data_preprocessing_scripts'
[2026-08-13T13:32:52.585+0000] {processor.py:841} WARNING - No viable dags retrieved from /opt/airflow/dags/airflow.py
[2026-08-13T13:32:52.593+0000] {processor.py:179} INFO - Processing /opt/airflow/dags/airflow.py took 0.073 seconds
[2026-08-13T14:56:40.563+0000] {processor.py:157} INFO - Started process (PID=10081) to work on /opt/airflow/dags/airflow.py
[2026-08-13T14:56:40.566+0000] {processor.py:829} INFO - Processing file /opt/airflow/dags/airflow.py for tasks to queue
[2026-08-13T14:56:40.568+0000] {logging_mixin.py:151} INFO - [2026-08-13T14:56:40.568+0000] {dagbag.py:536} INFO - Filling up the DagBag from /opt/airflow/dags/airflow.py
[2026-08-13T14:56:40.656+0000] {logging_mixin.py:151} INFO - [2026-08-13T14:56:40.655+0000] {dagbag.py:346} ERROR - Failed to import: /opt/airflow/dags/airflow.py
Traceback (most recent call last):
  File "/home/airflow/.local/lib/python3.8/site-packages/airflow/models/dagbag.py", line 342, in parse
    loader.exec_module(new_module)
  File "<frozen importlib._bootstrap_external>", line 843, in exec_module
  File "<frozen importlib._bootstrap>", line 219, in _call_with_frames_removed
  File "/opt/airflow/dags/airflow.py", line 23, in <module>
    from data_preprocessing_scripts.preprocessing import preprocess_data
ModuleNotFoundError: No module named 'data_preprocessing_scripts'
[2026-08-13T14:56:40.657+0000] {processor.py:841} WARNING - No viable dags retrieved from /opt/airflow/dags/airflow.py
[2026-08-13T14:56:40.669+0000] {processor.py:179} INFO - Processing /opt/airflow/dags/airflow.py took 0.112 seconds
[2026-08-13T15:33:27.383+0000] {processor.py:157} INFO - Started process (PID=10089) to work on /opt/airflow/dags/airflow.py
[2026-08-13T15:33:27.384+0000] {processor.py:829} INFO - Processing file /opt/airflow/dags/airflow.py for tasks to queue
[2026-08-13T15:33:27.386+0000] {logging_mixin.py:151} INFO - [2026-08-13T15:33:27.386+0000] {dagbag.py:536} INFO - Filling up the DagBag from /opt/airflow/dags/airflow.py
[2026-08-13T15:33:27.462+0000] {logging_mixin.py:151} INFO - [2026-08-13T15:33:27.461+0000] {dagbag.py:346} ERROR - Failed to import: /opt/airflow/dags/airflow.py
Traceback (most recent call last):
  File "/home/airflow/.local/lib/python3.8/site-packages/airflow/models/dagbag.py", line 342, in parse
    loader.exec_module(new_module)
  File "<frozen importlib._bootstrap_external>", line 843, in exec_module
  File "<frozen importlib._bootstrap>", line 219, in _call_with_frames_removed
  File "/opt/airflow/dags/airflow.py", line 23, in <module>
    from data_preprocessing_scripts.preprocessing import preprocess_data
ModuleNotFoundError: No module named 'data_preprocessing_scripts'
[2026-08-13T15:33:27.462+0000] {processor.py:841} WARNING - No viable dags retrieved from /opt/airflow/dags/airflow.py
[2026-08-13T15:33:27.473+0000] {processor.py:179} INFO - Processing /opt/airflow/dags/airflow.py took 0.094 seconds
[2026-08-13T15:33:57.727+0000] {processor.py:157} INFO - Started process (PID=10097) to work on /opt/airflow/dags/airflow.py
[2026-08-13T15:33:57.728+0000] {processor.py:829} INFO - Processing file /opt/airflow/dags/airflow.py for tasks to queue
[2026-08-13T15:33:57.732+0000] {logging_mixin.py:151} INFO - [2026-08-13T15:33:57.732+0000] {dagbag.py:536} INFO - Filling up the DagBag from /opt/airflow/dags/airflow.py
[2026-08-13T15:33:57.811+0000] {logging_mixin.py:151} INFO - [2026-08-13T15:33:57.810+0000] {dagbag.py:346} ERROR - Failed to import: /opt/airflow/dags/airflow.py
Traceback (most recent call last):
  File "/home/airflow/.local/lib/python3.8/site-packages/airflow/models/dagbag.py", line 342, in parse
    loader.exec_module(new_module)
  File "<frozen importlib._bootstrap_external>", line 843, in exec_module
  File "<frozen importlib._bootstrap>", line 219, in _call_with_frames_removed
  File "/opt/airflow/dags/airflow.py", line 23, in <module>
    from data_preprocessing_scripts.preprocessing import preprocess_data
ModuleNotFoundError: No module named 'data_preprocessing_scripts'
[2026-08-13T15:33:57.811+0000] {processor.py:841} WARNING - No viable dags retrieved from /opt/airflow/dags/airflow.py
[2026-08-13T15:33:57.822+0000] {processor.py:179} INFO - Processing /opt/airflow/dags/airflow.py took 0.101 seconds
[2026-08-13T15:56:23.685+0000] {processor.py:157} INFO - Started process (PID=10105) to work on /opt/airflow/dags/airflow.py
[2026-08-13T15:56:23.686+0000] {processor.py:829} INFO - Processing file /opt/airflow/dags/airflow.py for tasks to queue
[2026-08-13T15:56:23.690+0000] {logging_mixin.py:151} INFO - [2026-08-13T15:56:23.688+0000] {dagbag.py:536} INFO - Filling up the DagBag from /opt/airflow/dags/airflow.py
[2026-08-13T15:56:23.767+0000] {logging_mixin.py:151} INFO - [2026-08-13T15:56:23.766+0000] {dagbag.py:346} ERROR - Failed to import: /opt/airflow/dags/airflow.py
Traceback (most recent call last):
  File "/home/airflow/.local/lib/python3.8/site-packages/airflow/models/dagbag.py", line 342, in parse
    loader.exec_module(new_module)
  File "<frozen importlib._bootstrap_external>", line 843, in exec_module
  File "<frozen importlib._bootstrap>", line 219, in _call_with_frames_removed
  File "/opt/airflow/dags/airflow.py", line 23, in <module>
    from data_preprocessing_scripts.preprocessing import preprocess_data
ModuleNotFoundError: No module named 'data_preprocessing_scripts'
[2026-08-13T15:56:23.767+0000] {processor.py:841} WARNING - No viable dags retrieved from /opt/airflow/dags/airflow.py
[2026-08-13T15:56:23.776+0000] {processor.py:179} INFO - Processing /opt/airflow/dags/airflow.py took 0.095 seconds
[2026-08-13T16:12:44.018+0000] {processor.py:157} INFO - Started process (PID=10113) to work on /opt/airflow/dags/airflow.py
[2026-08-13T16:12:44.019+0000] {processor.py:829} INFO - Processing file /opt/airflow/dags/airflow.py for tasks to queue
[2026-08-13T16:12:44.022+0000] {logging_mixin.py:151} INFO - [2026-08-13T16:12:44.022+0000] {dagbag.py:536} INFO - Filling up the DagBag from /opt/airflow/dags/airflow.py
[2026-08-13T16:12:44.121+0000] {logging_mixin.py:151} INFO - [2026-08-13T16:12:44.120+0000] {dagbag.py:346} ERROR - Failed to import: /opt/airflow/dags/airflow.py
Traceback (most recent call last):
  File "/home/airflow/.local/lib/python3.8/site-packages/airflow/models/dagbag.py", line 342, in parse
    loader.exec_module(new_module)
  File "<frozen importlib._bootstrap_external>", line 843, in exec_module
  File "<frozen importlib._bootstrap>", line 219, in _call_with_frames_removed
  File "/opt/airflow/dags/airflow.py", line 23, in <module>
    from data_preprocessing_scripts.preprocessing import preprocess_data
ModuleNotFoundError: No module named 'data_preprocessing_scripts'
[2026-08-13T16:12:44.121+0000] {processor.py:841} WARNING - No viable dags retrieved from /opt/airflow/dags/airflow.py
[2026-08-13T16:12:44.132+0000] {processor.py:179} INFO - Processing /opt/airflow/dags/airflow.py took 0.118 seconds
[2026-08-13T16:34:36.648+0000] {processor.py:157} INFO - Started process (PID=10121) to work on /opt/airflow/dags/airflow.py
[2026-08-13T16:34:36.652+0000] {processor.py:829} INFO - Processing file /opt/airflow/dags/airflow.py for tasks to queue
[2026-08-13T16:34:36.654+0000] {logging_mixin.py:151} INFO - [2026-08-13T16:34:36.654+0000] {dagbag.py:536} INFO - Filling up the DagBag from /opt/airflow/dags/airflow.py
[2026-08-13T16:34:36.720+0000] {logging_mixin.py:151} INFO - [2026-08-13T16:34:36.720+0000] {dagbag.py:346} ERROR - Failed to import: /opt/airflow/dags/airflow.py
Traceback (most recent call last):
  File "/home/airflow/.local/lib/python3.8/site-packages/airflow/models/dagbag.py", line 342, in parse
    loader.exec_module(new_module)
  File "<frozen importlib._bootstrap_external>", line 843, in exec_module
  File "<frozen importlib._bootstrap>", line 219, in _call_with_frames_removed
  File "/opt/airflow/dags/airflow.py", line 23, in <module>
    from data_preprocessing_scripts.preprocessing import preprocess_data
ModuleNotFoundError: No module named 'data_preprocessing_scripts'
[2026-08-13T16:34:36.721+0000] {processor.py:841} WARNING - No viable dags retrieved from /opt/airflow/dags/airflow.py
[2026-08-13T16:34:36.730+0000] {processor.py:179} INFO - Processing /opt/airflow/dags/airflow.py took 0.086 seconds
[2026-08-13T17:09:01.724+0000] {processor.py:157} INFO - Started process (PID=10130) to work on /opt/airflow/dags/airflow.py
[2026-08-13T17:09:01.725+0000] {processor.py:829} INFO - Processing file /opt/airflow/dags/airflow.py for tasks to queue
[2026-08-13T17:09:01.730+0000] {logging_mixin.py:151} INFO - [2026-08-13T17:09:01.730+0000] {dagbag.py:536} INFO - Filling up the DagBag from /opt/airflow/dags/airflow.py
[2026-08-13T17:09:01.839+0000] {logging_mixin.py:151} INFO - [2026-08-13T17:09:01.838+0000] {dagbag.py:346} ERROR - Failed to import: /opt/airflow/dags/airflow.py
Traceback (most recent call last):
  File "/home/airflow/.local/lib/python3.8/site-packages/airflow/models/dagbag.py", line 342, in parse
    loader.exec_module(new_module)
  File "<frozen importlib._bootstrap_external>", line 843, in exec_module
  File "<frozen importlib._bootstrap>", line 219, in _call_with_frames_removed
  File "/opt/airflow/dags/airflow.py", line 23, in <module>
    from data_preprocessing_scripts.preprocessing import preprocess_data
ModuleNotFoundError: No module named 'data_preprocessing_scripts'
[2026-08-13T17:09:01.839+0000] {processor.py:841} WARNING - No viable dags retrieved from /opt/airflow/dags/airflow.py
[2026-08-13T17:09:01.850+0000] {processor.py:179} INFO - Processing /opt/airflow/dags/airflow.py took 0.131 seconds
[2026-08-13T17:35:35.351+0000] {processor.py:157} INFO - Started process (PID=10138) to work on /opt/airflow/dags/airflow.py
[2026-08-13T17:35:35.351+0000] {processor.py:829} INFO - Processing file /opt/airflow/dags/airflow.py for tasks to queue
[2026-08-13T17:35:35.353+0000] {logging_mixin.py:151} INFO - [2026-08-13T17:35:35.353+0000] {dagbag.py:536} INFO - Filling up the DagBag from /opt/airflow/dags/airflow.py
[2026-08-13T17:35:35.421+0000] {logging_mixin.py:151} INFO - [2026-08-13T17:35:35.420+0000] {dagbag.py:346} ERROR - Failed to import: /opt/airflow/dags/airflow.py
Traceback (most recent call last):
  File "/home/airflow/.local/lib/python3.8/site-packages/airflow/models/dagbag.py", line 342, in parse
    loader.exec_module(new_module)
  File "<frozen importlib._bootstrap_external>", line 843, in exec_module
  File "<frozen importlib._bootstrap>", line 219, in _call_with_frames_removed
  File "/opt/airflow/dags/airflow.py", line 23, in <module>
    from data_preprocessing_scripts.preprocessing import preprocess_data
ModuleNotFoundError: No module named 'data_preprocessing_scripts'
[2026-08-13T17:35:35.421+0000] {processor.py:841} WARNING - No viable dags retrieved from /opt/airflow/dags/airflow.py
[2026-08-13T17:35:35.430+0000] {processor.py:179} INFO - Processing /opt/airflow/dags/airflow.py took 0.082 seconds
[2026-08-13T17:52:45.741+0000] {processor.py:157} INFO - Started process (PID=10146) to work on /opt/airflow/dags/airflow.py
[2026-08-13T17:52:45.741+0000] {processor.py:829} INFO - Processing file /opt/airflow/dags/airflow.py for tasks to queue
[2026-08-13T17:52:45.744+0000] {logging_mixin.py:151} INFO - [2026-08-13T17:52:45.744+0000] {dagbag.py:536} INFO - Filling up the DagBag from /opt/airflow/dags/airflow.py
[2026-08-13T17:52:45.823+0000] {logging_mixin.py:151} INFO - [2026-08-13T17:52:45.822+0000] {dagbag.py:346} ERROR - Failed to import: /opt/airflow/dags/airflow.py
Traceback (most recent call last):
  File "/home/airflow/.local/lib/python3.8/site-packages/airflow/models/dagbag.py", line 342, in parse
    loader.exec_module(new_module)
  File "<frozen importlib._bootstrap_external>", line 843, in exec_module
  File "<frozen importlib._bootstrap>", line 219, in _call_with_frames_removed
  File "/opt/airflow/dags/airflow.py", line 23, in <module>
    from data_preprocessing_scripts.preprocessing import preprocess_data
ModuleNotFoundError: No module named 'data_preprocessing_scripts'
[2026-08-13T17:52:45.824+0000] {processor.py:841} WARNING - No viable dags retrieved from /opt/airflow/dags/airflow.py
[2026-08-13T17:52:45.834+0000] {processor.py:179} INFO - Processing /opt/airflow/dags/airflow.py took 0.097 seconds
[2026-08-13T18:36:32.157+0000] {processor.py:157} INFO - Started process (PID=10154) to work on /opt/airflow/dags/airflow.py
[2026-08-13T18:36:32.158+0000] {processor.py:829} INFO - Processing file /opt/airflow/dags/airflow.py for tasks to queue
[2026-08-13T18:36:32.162+0000] {logging_mixin.py:151} INFO - [2026-08-13T18:36:32.162+0000] {dagbag.py:536} INFO - Filling up the DagBag from /opt/airflow/dags/airflow.py
[2026-08-13T18:36:32.247+0000] {logging_mixin.py:151} INFO - [2026-08-13T18:36:32.246+0000] {dagbag.py:346} ERROR - Failed to import: /opt/airflow/dags/airflow.py
Traceback (most recent call last):
  File "/home/airflow/.local/lib/python3.8/site-packages/airflow/models/dagbag.py", line 342, in parse
    loader.exec_module(new_module)
  File "<frozen importlib._bootstrap_external>", line 843, in exec_module
  File "<frozen importlib._bootstrap>", line 219, in _call_with_frames_removed
  File "/opt/airflow/dags/airflow.py", line 23, in <module>
    from data_preprocessing_scripts.preprocessing import preprocess_data
ModuleNotFoundError: No module named 'data_preprocessing_scripts'
[2026-08-13T18:36:32.247+0000] {processor.py:841} WARNING - No viable dags retrieved from /opt/airflow/dags/airflow.py
[2026-08-13T18:36:32.258+0000] {processor.py:179} INFO - Processing /opt/airflow/dags/airflow.py took 0.105 seconds
[2026-08-13T18:52:59.483+0000] {processor.py:157} INFO - Started process (PID=10162) to work on /opt/airflow/dags/airflow.py
[2026-08-13T18:52:59.484+0000] {processor.py:829} INFO - Processing file /opt/airflow/dags/airflow.py for tasks to queue
[2026-08-13T18:52:59.489+0000] {logging_mixin.py:151} INFO - [2026-08-13T18:52:59.489+0000] {dagbag.py:536} INFO - Filling up the DagBag from /opt/airflow/dags/airflow.py
[2026-08-13T18:52:59.558+0000] {logging_mixin.py:151} INFO - [2026-08-13T18:52:59.558+0000] {dagbag.py:346} ERROR - Failed to import: /opt/airflow/dags/airflow.py
Traceback (most recent call last):
  File "/home/airflow/.local/lib/python3.8/site-packages/airflow/models/dagbag.py", line 342, in parse
    loader.exec_module(new_module)
  File "<frozen importlib._bootstrap_external>", line 843, in exec_module
  File "<frozen importlib._bootstrap>", line 219, in _call_with_frames_removed
  File "/opt/airflow/dags/airflow.py", line 23, in <module>
    from data_preprocessing_scripts.preprocessing import preprocess_data
ModuleNotFoundError: No module named 'data_preprocessing_scripts'
[2026-08-13T18:52:59.558+0000] {processor.py:841} WARNING - No viable dags retrieved from /opt/airflow/dags/airflow.py
[2026-08-13T18:52:59.566+0000] {processor.py:179} INFO - Processing /opt/airflow/dags/airflow.py took 0.088 seconds
[2026-08-13T19:37:28.799+0000] {processor.py:157} INFO - Started process (PID=10170) to work on /opt/airflow/dags/airflow.py
[2026-08-13T19:37:28.800+0000] {processor.py:829} INFO - Processing file /opt/airflow/dags/airflow.py for tasks to queue
[2026-08-13T19:37:28.802+0000] {logging_mixin.py:151} INFO - [2026-08-13T19:37:28.802+0000] {dagbag.py:536} INFO - Filling up the DagBag from /opt/airflow/dags/airflow.py
[2026-08-13T19:37:28.870+0000] {logging_mixin.py:151} INFO - [2026-08-13T19:37:28.869+0000] {dagbag.py:346} ERROR - Failed to import: /opt/airflow/dags/airflow.py
Traceback (most recent call last):
  File "/home/airflow/.local/lib/python3.8/site-packages/airflow/models/dagbag.py", line 342, in parse
    loader.exec_module(new_module)
  File "<frozen importlib._bootstrap_external>", line 843, in exec_module
  File "<frozen importlib._bootstrap>", line 219, in _call_with_frames_removed
  File "/opt/airflow/dags/airflow.py", line 23, in <module>
    from data_preprocessing_scripts.preprocessing import preprocess_data
ModuleNotFoundError: No module named 'data_preprocessing_scripts'
[2026-08-13T19:37:28.870+0000] {processor.py:841} WARNING - No viable dags retrieved from /opt/airflow/dags/airflow.py
[2026-08-13T19:37:28.879+0000] {processor.py:179} INFO - Processing /opt/airflow/dags/airflow.py took 0.082 seconds
[2026-08-13T19:37:59.163+0000] {processor.py:157} INFO - Started process (PID=10178) to work on /opt/airflow/dags/airflow.py
[2026-08-13T19:37:59.165+0000] {processor.py:829} INFO - Processing file /opt/airflow/dags/airflow.py for tasks to queue
[2026-08-13T19:37:59.169+0000] {logging_mixin.py:151} INFO - [2026-08-13T19:37:59.168+0000] {dagbag.py:536} INFO - Filling up the DagBag from /opt/airflow/dags/airflow.py
[2026-08-13T19:37:59.246+0000] {logging_mixin.py:151} INFO - [2026-08-13T19:37:59.245+0000] {dagbag.py:346} ERROR - Failed to import: /opt/airflow/dags/airflow.py
Traceback (most recent call last):
  File "/home/airflow/.local/lib/python3.8/site-packages/airflow/models/dagbag.py", line 342, in parse
    loader.exec_module(new_module)
  File "<frozen importlib._bootstrap_external>", line 843, in exec_module
  File "<frozen importlib._bootstrap>", line 219, in _call_with_frames_removed
  File "/opt/airflow/dags/airflow.py", line 23, in <module>
    from data_preprocessing_scripts.preprocessing import preprocess_data
ModuleNotFoundError: No module named 'data_preprocessing_scripts'
[2026-08-13T19:37:59.246+0000] {processor.py:841} WARNING - No viable dags retrieved from /opt/airflow/dags/airflow.py
[2026-08-13T19:37:59.254+0000] {processor.py:179} INFO - Processing /opt/airflow/dags/airflow.py took 0.097 seconds
[2026-08-13T20:09:38.362+0000] {processor.py:157} INFO - Started process (PID=10186) to work on /opt/airflow/dags/airflow.py
[2026-08-13T20:09:38.363+0000] {processor.py:829} INFO - Processing file /opt/airflow/dags/airflow.py for tasks to queue
[2026-08-13T20:09:38.366+0000] {logging_mixin.py:151} INFO - [2026-08-13T20:09:38.365+0000] {dagbag.py:536} INFO - Filling up the DagBag from /opt/airflow/dags/airflow.py
[2026-08-13T20:09:38.439+0000] {logging_mixin.py:151} INFO - [2026-08-13T20:09:38.438+0000] {dagbag.py:346} ERROR - Failed to import: /opt/airflow/dags/airflow.py
Traceback (most recent call last):
  File "/home/airflow/.local/lib/python3.8/site-packages/airflow/models/dagbag.py", line 342, in parse
    loader.exec_module(new_module)
  File "<frozen importlib._bootstrap_external>", line 843, in exec_module
  File "<frozen importlib._bootstrap>", line 219, in _call_with_frames_removed
  File "/opt/airflow/dags/airflow.py", line 23, in <module>
    from data_preprocessing_scripts.preprocessing import preprocess_data
ModuleNotFoundError: No module named 'data_preprocessing_scripts'
[2026-08-13T20:09:38.439+0000] {processor.py:841} WARNING - No viable dags retrieved from /opt/airflow/dags/airflow.py
[2026-08-13T20:09:38.447+0000] {processor.py:179} INFO - Processing /opt/airflow/dags/airflow.py took 0.088 seconds
[2026-08-13T20:10:08.746+0000] {processor.py:157} INFO - Started process (PID=10194) to work on /opt/airflow/dags/airflow.py
[2026-08-13T20:10:08.748+0000] {processor.py:829} INFO - Processing file /opt/airflow/dags/airflow.py for tasks to queue
[2026-08-13T20:10:08.754+0000] {logging_mixin.py:151} INFO - [2026-08-13T20:10:08.754+0000] {dagbag.py:536} INFO - Filling up the DagBag from /opt/airflow/dags/airflow.py
[2026-08-13T20:10:08.842+0000] {logging_mixin.py:151} INFO - [2026-08-13T20:10:08.842+0000] {dagbag.py:346} ERROR - Failed to import: /opt/airflow/dags/airflow.py
Traceback (most recent call last):
  File "/home/airflow/.local/lib/python3.8/site-packages/airflow/models/dagbag.py", line 342, in parse
    loader.exec_module(new_module)
  File "<frozen importlib._bootstrap_external>", line 843, in exec_module
  File "<frozen importlib._bootstrap>", line 219, in _call_with_frames_removed
  File "/opt/airflow/dags/airflow.py", line 23, in <module>
    from data_preprocessing_scripts.preprocessing import preprocess_data
ModuleNotFoundError: No module named 'data_preprocessing_scripts'
[2026-08-13T20:10:08.843+0000] {processor.py:841} WARNING - No viable dags retrieved from /opt/airflow/dags/airflow.py
[2026-08-13T20:10:08.854+0000] {processor.py:179} INFO - Processing /opt/airflow/dags/airflow.py took 0.118 seconds
[2026-08-13T20:10:39.107+0000] {processor.py:157} INFO - Started process (PID=10202) to work on /opt/airflow/dags/airflow.py
[2026-08-13T20:10:39.108+0000] {processor.py:829} INFO - Processing file /opt/airflow/dags/airflow.py for tasks to queue
[2026-08-13T20:10:39.111+0000] {logging_mixin.py:151} INFO - [2026-08-13T20:10:39.111+0000] {dagbag.py:536} INFO - Filling up the DagBag from /opt/airflow/dags/airflow.py
[2026-08-13T20:10:39.180+0000] {logging_mixin.py:151} INFO - [2026-08-13T20:10:39.179+0000] {dagbag.py:346} ERROR - Failed to import: /opt/airflow/dags/airflow.py
Traceback (most recent call last):
  File "/home/airflow/.local/lib/python3.8/site-packages/airflow/models/dagbag.py", line 342, in parse
    loader.exec_module(new_module)
  File "<frozen importlib._bootstrap_external>", line 843, in exec_module
  File "<frozen importlib._bootstrap>", line 219, in _call_with_frames_removed
  File "/opt/airflow/dags/airflow.py", line 23, in <module>
    from data_preprocessing_scripts.preprocessing import preprocess_data
ModuleNotFoundError: No module named 'data_preprocessing_scripts'
[2026-08-13T20:10:39.180+0000] {processor.py:841} WARNING - No viable dags retrieved from /opt/airflow/dags/airflow.py
[2026-08-13T20:10:39.188+0000] {processor.py:179} INFO - Processing /opt/airflow/dags/airflow.py took 0.084 seconds
[2026-08-13T20:11:09.446+0000] {processor.py:157} INFO - Started process (PID=10210) to work on /opt/airflow/dags/airflow.py
[2026-08-13T20:11:09.448+0000] {processor.py:829} INFO - Processing file /opt/airflow/dags/airflow.py for tasks to queue
[2026-08-13T20:11:09.453+0000] {logging_mixin.py:151} INFO - [2026-08-13T20:11:09.453+0000] {dagbag.py:536} INFO - Filling up the DagBag from /opt/airflow/dags/airflow.py
[2026-08-13T20:11:09.545+0000] {logging_mixin.py:151} INFO - [2026-08-13T20:11:09.545+0000] {dagbag.py:346} ERROR - Failed to import: /opt/airflow/dags/airflow.py
Traceback (most recent call last):
  File "/home/airflow/.local/lib/python3.8/site-packages/airflow/models/dagbag.py", line 342, in parse
    loader.exec_module(new_module)
  File "<frozen importlib._bootstrap_external>", line 843, in exec_module
  File "<frozen importlib._bootstrap>", line 219, in _call_with_frames_removed
  File "/opt/airflow/dags/airflow.py", line 23, in <module>
    from data_preprocessing_scripts.preprocessing import preprocess_data
ModuleNotFoundError: No module named 'data_preprocessing_scripts'
[2026-08-13T20:11:09.545+0000] {processor.py:841} WARNING - No viable dags retrieved from /opt/airflow/dags/airflow.py
[2026-08-13T20:11:09.554+0000] {processor.py:179} INFO - Processing /opt/airflow/dags/airflow.py took 0.115 seconds
[2026-08-13T20:11:39.763+0000] {processor.py:157} INFO - Started process (PID=10218) to work on /opt/airflow/dags/airflow.py
[2026-08-13T20:11:39.764+0000] {processor.py:829} INFO - Processing file /opt/airflow/dags/airflow.py for tasks to queue
[2026-08-13T20:11:39.767+0000] {logging_mixin.py:151} INFO - [2026-08-13T20:11:39.767+0000] {dagbag.py:536} INFO - Filling up the DagBag from /opt/airflow/dags/airflow.py
[2026-08-13T20:11:39.839+0000] {logging_mixin.py:151} INFO - [2026-08-13T20:11:39.838+0000] {dagbag.py:346} ERROR - Failed to import: /opt/airflow/dags/airflow.py
Traceback (most recent call last):
  File "/home/airflow/.local/lib/python3.8/site-packages/airflow/models/dagbag.py", line 342, in parse
    loader.exec_module(new_module)
  File "<frozen importlib._bootstrap_external>", line 843, in exec_module
  File "<frozen importlib._bootstrap>", line 219, in _call_with_frames_removed
  File "/opt/airflow/dags/airflow.py", line 23, in <module>
    from data_preprocessing_scripts.preprocessing import preprocess_data
ModuleNotFoundError: No module named 'data_preprocessing_scripts'
[2026-08-13T20:11:39.839+0000] {processor.py:841} WARNING - No viable dags retrieved from /opt/airflow/dags/airflow.py
[2026-08-13T20:11:39.847+0000] {processor.py:179} INFO - Processing /opt/airflow/dags/airflow.py took 0.087 seconds
[2026-08-13T20:12:10.053+0000] {processor.py:157} INFO - Started process (PID=10226) to work on /opt/airflow/dags/airflow.py
[2026-08-13T20:12:10.054+0000] {processor.py:829} INFO - Processing file /opt/airflow/dags/airflow.py for tasks to queue
[2026-08-13T20:12:10.056+0000] {logging_mixin.py:151} INFO - [2026-08-13T20:12:10.056+0000] {dagbag.py:536} INFO - Filling up the DagBag from /opt/airflow/dags/airflow.py
[2026-08-13T20:12:10.127+0000] {logging_mixin.py:151} INFO - [2026-08-13T20:12:10.126+0000] {dagbag.py:346} ERROR - Failed to import: /opt/airflow/dags/airflow.py
Traceback (most recent call last):
  File "/home/airflow/.local/lib/python3.8/site-packages/airflow/models/dagbag.py", line 342, in parse
    loader.exec_module(new_module)
  File "<frozen importlib._bootstrap_external>", line 843, in exec_module
  File "<frozen importlib._bootstrap>", line 219, in _call_with_frames_removed
  File "/opt/airflow/dags/airflow.py", line 23, in <module>
    from data_preprocessing_scripts.preprocessing import preprocess_data
ModuleNotFoundError: No module named 'data_preprocessing_scripts'
[2026-08-13T20:12:10.127+0000] {processor.py:841} WARNING - No viable dags retrieved from /opt/airflow/dags/airflow.py
[2026-08-13T20:12:10.135+0000] {processor.py:179} INFO - Processing /opt/airflow/dags/airflow.py took 0.085 seconds
[2026-08-13T20:12:40.347+0000] {processor.py:157} INFO - Started process (PID=10234) to work on /opt/airflow/dags/airflow.py
[2026-08-13T20:12:40.348+0000] {processor.py:829} INFO - Processing file /opt/airflow/dags/airflow.py for tasks to queue
[2026-08-13T20:12:40.351+0000] {logging_mixin.py:151} INFO - [2026-08-13T20:12:40.351+0000] {dagbag.py:536} INFO - Filling up the DagBag from /opt/airflow/dags/airflow.py
[2026-08-13T20:12:40.425+0000] {logging_mixin.py:151} INFO - [2026-08-13T20:12:40.424+0000] {dagbag.py:346} ERROR - Failed to import: /opt/airflow/dags/airflow.py
Traceback (most recent call last):
  File "/home/airflow/.local/lib/python3.8/site-packages/airflow/models/dagbag.py", line 342, in parse
    loader.exec_module(new_module)
  File "<frozen importlib._bootstrap_external>", line 843, in exec_module
  File "<frozen importlib._bootstrap>", line 219, in _call_with_frames_removed
  File "/opt/airflow/dags/airflow.py", line 23, in <module>
    from data_preprocessing_scripts.preprocessing import preprocess_data
ModuleNotFoundError: No module named 'data_preprocessing_scripts'
[2026-08-13T20:12:40.425+0000] {processor.py:841} WARNING - No viable dags retrieved from /opt/airflow/dags/airflow.py
[2026-08-13T20:12:40.434+0000] {processor.py:179} INFO - Processing /opt/airflow/dags/airflow.py took 0.091 seconds
[2026-08-13T20:13:10.624+0000] {processor.py:157} INFO - Started process (PID=10242) to work on /opt/airflow/dags/airflow.py
[2026-08-13T20:13:10.625+0000] {processor.py:829} INFO - Processing file /opt/airflow/dags/airflow.py for tasks to queue
[2026-08-13T20:13:10.629+0000] {logging_mixin.py:151} INFO - [2026-08-13T20:13:10.628+0000] {dagbag.py:536} INFO - Filling up the DagBag from /opt/airflow/dags/airflow.py
[2026-08-13T20:13:10.710+0000] {logging_mixin.py:151} INFO - [2026-08-13T20:13:10.709+0000] {dagbag.py:346} ERROR - Failed to import: /opt/airflow/dags/airflow.py
Traceback (most recent call last):
  File "/home/airflow/.local/lib/python3.8/site-packages/airflow/models/dagbag.py", line 342, in parse
    loader.exec_module(new_module)
  File "<frozen importlib._bootstrap_external>", line 843, in exec_module
  File "<frozen importlib._bootstrap>", line 219, in _call_with_frames_removed
  File "/opt/airflow/dags/airflow.py", line 23, in <module>
    from data_preprocessing_scripts.preprocessing import preprocess_data
ModuleNotFoundError: No module named 'data_preprocessing_scripts'
[2026-08-13T20:13:10.710+0000] {processor.py:841} WARNING - No viable dags retrieved from /opt/airflow/dags/airflow.py
[2026-08-13T20:13:10.720+0000] {processor.py:179} INFO - Processing /opt/airflow/dags/airflow.py took 0.101 seconds
[2026-08-13T20:13:40.906+0000] {processor.py:157} INFO - Started process (PID=10250) to work on /opt/airflow/dags/airflow.py
[2026-08-13T20:13:40.907+0000] {processor.py:829} INFO - Processing file /opt/airflow/dags/airflow.py for tasks to queue
[2026-08-13T20:13:40.909+0000] {logging_mixin.py:151} INFO - [2026-08-13T20:13:40.909+0000] {dagbag.py:536} INFO - Filling up the DagBag from /opt/airflow/dags/airflow.py
[2026-08-13T20:13:40.978+0000] {logging_mixin.py:151} INFO - [2026-08-13T20:13:40.977+0000] {dagbag.py:346} ERROR - Failed to import: /opt/airflow/dags/airflow.py
Traceback (most recent call last):
  File "/home/airflow/.local/lib/python3.8/site-packages/airflow/models/dagbag.py", line 342, in parse
    loader.exec_module(new_module)
  File "<frozen importlib._bootstrap_external>", line 843, in exec_module
  File "<frozen importlib._bootstrap>", line 219, in _call_with_frames_removed
  File "/opt/airflow/dags/airflow.py", line 23, in <module>
    from data_preprocessing_scripts.preprocessing import preprocess_data
ModuleNotFoundError: No module named 'data_preprocessing_scripts'
[2026-08-13T20:13:40.978+0000] {processor.py:841} WARNING - No viable dags retrieved from /opt/airflow/dags/airflow.py
[2026-08-13T20:13:40.987+0000] {processor.py:179} INFO - Processing /opt/airflow/dags/airflow.py took 0.083 seconds
[2026-08-13T20:14:11.231+0000] {processor.py:157} INFO - Started process (PID=10258) to work on /opt/airflow/dags/airflow.py
[2026-08-13T20:14:11.232+0000] {processor.py:829} INFO - Processing file /opt/airflow/dags/airflow.py for tasks to queue
[2026-08-13T20:14:11.236+0000] {logging_mixin.py:151} INFO - [2026-08-13T20:14:11.235+0000] {dagbag.py:536} INFO - Filling up the DagBag from /opt/airflow/dags/airflow.py
[2026-08-13T20:14:11.306+0000] {logging_mixin.py:151} INFO - [2026-08-13T20:14:11.305+0000] {dagbag.py:346} ERROR - Failed to import: /opt/airflow/dags/airflow.py
Traceback (most recent call last):
  File "/home/airflow/.local/lib/python3.8/site-packages/airflow/models/dagbag.py", line 342, in parse
    loader.exec_module(new_module)
  File "<frozen importlib._bootstrap_external>", line 843, in exec_module
  File "<frozen importlib._bootstrap>", line 219, in _call_with_frames_removed
  File "/opt/airflow/dags/airflow.py", line 23, in <module>
    from data_preprocessing_scripts.preprocessing import preprocess_data
ModuleNotFoundError: No module named 'data_preprocessing_scripts'
[2026-08-13T20:14:11.306+0000] {processor.py:841} WARNING - No viable dags retrieved from /opt/airflow/dags/airflow.py
[2026-08-13T20:14:11.314+0000] {processor.py:179} INFO - Processing /opt/airflow/dags/airflow.py took 0.085 seconds
[2026-08-13T20:14:41.590+0000] {processor.py:157} INFO - Started process (PID=10266) to work on /opt/airflow/dags/airflow.py
[2026-08-13T20:14:41.591+0000] {processor.py:829} INFO - Processing file /opt/airflow/dags/airflow.py for tasks to queue
[2026-08-13T20:14:41.594+0000] {logging_mixin.py:151} INFO - [2026-08-13T20:14:41.594+0000] {dagbag.py:536} INFO - Filling up the DagBag from /opt/airflow/dags/airflow.py
[2026-08-13T20:14:41.718+0000] {logging_mixin.py:151} INFO - [2026-08-13T20:14:41.716+0000] {dagbag.py:346} ERROR - Failed to import: /opt/airflow/dags/airflow.py
Traceback (most recent call last):
  File "/home/airflow/.local/lib/python3.8/site-packages/airflow/models/dagbag.py", line 342, in parse
    loader.exec_module(new_module)
  File "<frozen importlib._bootstrap_external>", line 843, in exec_module
  File "<frozen importlib._bootstrap>", line 219, in _call_with_frames_removed
  File "/opt/airflow/dags/airflow.py", line 23, in <module>
    from data_preprocessing_scripts.preprocessing import preprocess_data
ModuleNotFoundError: No module named 'data_preprocessing_scripts'
[2026-08-13T20:14:41.718+0000] {processor.py:841} WARNING - No viable dags retrieved from /opt/airflow/dags/airflow.py
[2026-08-13T20:14:41.734+0000] {processor.py:179} INFO - Processing /opt/airflow/dags/airflow.py took 0.156 seconds
[2026-08-13T20:15:11.896+0000] {processor.py:157} INFO - Started process (PID=10274) to work on /opt/airflow/dags/airflow.py
[2026-08-13T20:15:11.898+0000] {processor.py:829} INFO - Processing file /opt/airflow/dags/airflow.py for tasks to queue
[2026-08-13T20:15:11.905+0000] {logging_mixin.py:151} INFO - [2026-08-13T20:15:11.904+0000] {dagbag.py:536} INFO - Filling up the DagBag from /opt/airflow/dags/airflow.py
[2026-08-13T20:15:11.988+0000] {logging_mixin.py:151} INFO - [2026-08-13T20:15:11.987+0000] {dagbag.py:346} ERROR - Failed to import: /opt/airflow/dags/airflow.py
Traceback (most recent call last):
  File "/home/airflow/.local/lib/python3.8/site-packages/airflow/models/dagbag.py", line 342, in parse
    loader.exec_module(new_module)
  File "<frozen importlib._bootstrap_external>", line 843, in exec_module
  File "<frozen importlib._bootstrap>", line 219, in _call_with_frames_removed
  File "/opt/airflow/dags/airflow.py", line 23, in <module>
    from data_preprocessing_scripts.preprocessing import preprocess_data
ModuleNotFoundError: No module named 'data_preprocessing_scripts'
[2026-08-13T20:15:11.988+0000] {processor.py:841} WARNING - No viable dags retrieved from /opt/airflow/dags/airflow.py
[2026-08-13T20:15:11.996+0000] {processor.py:179} INFO - Processing /opt/airflow/dags/airflow.py took 0.106 seconds
[2026-08-13T20:15:42.229+0000] {processor.py:157} INFO - Started process (PID=10282) to work on /opt/airflow/dags/airflow.py
[2026-08-13T20:15:42.231+0000] {processor.py:829} INFO - Processing file /opt/airflow/dags/airflow.py for tasks to queue
[2026-08-13T20:15:42.234+0000] {logging_mixin.py:151} INFO - [2026-08-13T20:15:42.233+0000] {dagbag.py:536} INFO - Filling up the DagBag from /opt/airflow/dags/airflow.py
[2026-08-13T20:15:42.304+0000] {logging_mixin.py:151} INFO - [2026-08-13T20:15:42.303+0000] {dagbag.py:346} ERROR - Failed to import: /opt/airflow/dags/airflow.py
Traceback (most recent call last):
  File "/home/airflow/.local/lib/python3.8/site-packages/airflow/models/dagbag.py", line 342, in parse
    loader.exec_module(new_module)
  File "<frozen importlib._bootstrap_external>", line 843, in exec_module
  File "<frozen importlib._bootstrap>", line 219, in _call_with_frames_removed
  File "/opt/airflow/dags/airflow.py", line 23, in <module>
    from data_preprocessing_scripts.preprocessing import preprocess_data
ModuleNotFoundError: No module named 'data_preprocessing_scripts'
[2026-08-13T20:15:42.305+0000] {processor.py:841} WARNING - No viable dags retrieved from /opt/airflow/dags/airflow.py
[2026-08-13T20:15:42.314+0000] {processor.py:179} INFO - Processing /opt/airflow/dags/airflow.py took 0.088 seconds
[2026-08-13T20:16:12.535+0000] {processor.py:157} INFO - Started process (PID=10290) to work on /opt/airflow/dags/airflow.py
[2026-08-13T20:16:12.536+0000] {processor.py:829} INFO - Processing file /opt/airflow/dags/airflow.py for tasks to queue
[2026-08-13T20:16:12.540+0000] {logging_mixin.py:151} INFO - [2026-08-13T20:16:12.539+0000] {dagbag.py:536} INFO - Filling up the DagBag from /opt/airflow/dags/airflow.py
[2026-08-13T20:16:12.607+0000] {logging_mixin.py:151} INFO - [2026-08-13T20:16:12.606+0000] {dagbag.py:346} ERROR - Failed to import: /opt/airflow/dags/airflow.py
Traceback (most recent call last):
  File "/home/airflow/.local/lib/python3.8/site-packages/airflow/models/dagbag.py", line 342, in parse
    loader.exec_module(new_module)
  File "<frozen importlib._bootstrap_external>", line 843, in exec_module
  File "<frozen importlib._bootstrap>", line 219, in _call_with_frames_removed
  File "/opt/airflow/dags/airflow.py", line 23, in <module>
    from data_preprocessing_scripts.preprocessing import preprocess_data
ModuleNotFoundError: No module named 'data_preprocessing_scripts'
[2026-08-13T20:16:12.607+0000] {processor.py:841} WARNING - No viable dags retrieved from /opt/airflow/dags/airflow.py
[2026-08-13T20:16:12.615+0000] {processor.py:179} INFO - Processing /opt/airflow/dags/airflow.py took 0.083 seconds
[2026-08-13T20:16:42.812+0000] {processor.py:157} INFO - Started process (PID=10298) to work on /opt/airflow/dags/airflow.py
[2026-08-13T20:16:42.813+0000] {processor.py:829} INFO - Processing file /opt/airflow/dags/airflow.py for tasks to queue
[2026-08-13T20:16:42.818+0000] {logging_mixin.py:151} INFO - [2026-08-13T20:16:42.818+0000] {dagbag.py:536} INFO - Filling up the DagBag from /opt/airflow/dags/airflow.py
[2026-08-13T20:16:42.887+0000] {logging_mixin.py:151} INFO - [2026-08-13T20:16:42.886+0000] {dagbag.py:346} ERROR - Failed to import: /opt/airflow/dags/airflow.py
Traceback (most recent call last):
  File "/home/airflow/.local/lib/python3.8/site-packages/airflow/models/dagbag.py", line 342, in parse
    loader.exec_module(new_module)
  File "<frozen importlib._bootstrap_external>", line 843, in exec_module
  File "<frozen importlib._bootstrap>", line 219, in _call_with_frames_removed
  File "/opt/airflow/dags/airflow.py", line 23, in <module>
    from data_preprocessing_scripts.preprocessing import preprocess_data
ModuleNotFoundError: No module named 'data_preprocessing_scripts'
[2026-08-13T20:16:42.887+0000] {processor.py:841} WARNING - No viable dags retrieved from /opt/airflow/dags/airflow.py
[2026-08-13T20:16:42.895+0000] {processor.py:179} INFO - Processing /opt/airflow/dags/airflow.py took 0.086 seconds
[2026-08-13T20:17:13.145+0000] {processor.py:157} INFO - Started process (PID=10307) to work on /opt/airflow/dags/airflow.py
[2026-08-13T20:17:13.146+0000] {processor.py:829} INFO - Processing file /opt/airflow/dags/airflow.py for tasks to queue
[2026-08-13T20:17:13.148+0000] {logging_mixin.py:151} INFO - [2026-08-13T20:17:13.148+0000] {dagbag.py:536} INFO - Filling up the DagBag from /opt/airflow/dags/airflow.py
[2026-08-13T20:17:13.219+0000] {logging_mixin.py:151} INFO - [2026-08-13T20:17:13.218+0000] {dagbag.py:346} ERROR - Failed to import: /opt/airflow/dags/airflow.py
Traceback (most recent call last):
  File "/home/airflow/.local/lib/python3.8/site-packages/airflow/models/dagbag.py", line 342, in parse
    loader.exec_module(new_module)
  File "<frozen importlib._bootstrap_external>", line 843, in exec_module
  File "<frozen importlib._bootstrap>", line 219, in _call_with_frames_removed
  File "/opt/airflow/dags/airflow.py", line 23, in <module>
    from data_preprocessing_scripts.preprocessing import preprocess_data
ModuleNotFoundError: No module named 'data_preprocessing_scripts'
[2026-08-13T20:17:13.219+0000] {processor.py:841} WARNING - No viable dags retrieved from /opt/airflow/dags/airflow.py
[2026-08-13T20:17:13.228+0000] {processor.py:179} INFO - Processing /opt/airflow/dags/airflow.py took 0.086 seconds
[2026-08-13T20:17:43.437+0000] {processor.py:157} INFO - Started process (PID=10316) to work on /opt/airflow/dags/airflow.py
[2026-08-13T20:17:43.438+0000] {processor.py:829} INFO - Processing file /opt/airflow/dags/airflow.py for tasks to queue
[2026-08-13T20:17:43.441+0000] {logging_mixin.py:151} INFO - [2026-08-13T20:17:43.440+0000] {dagbag.py:536} INFO - Filling up the DagBag from /opt/airflow/dags/airflow.py
[2026-08-13T20:17:43.505+0000] {logging_mixin.py:151} INFO - [2026-08-13T20:17:43.504+0000] {dagbag.py:346} ERROR - Failed to import: /opt/airflow/dags/airflow.py
Traceback (most recent call last):
  File "/home/airflow/.local/lib/python3.8/site-packages/airflow/models/dagbag.py", line 342, in parse
    loader.exec_module(new_module)
  File "<frozen importlib._bootstrap_external>", line 843, in exec_module
  File "<frozen importlib._bootstrap>", line 219, in _call_with_frames_removed
  File "/opt/airflow/dags/airflow.py", line 23, in <module>
    from data_preprocessing_scripts.preprocessing import preprocess_data
ModuleNotFoundError: No module named 'data_preprocessing_scripts'
[2026-08-13T20:17:43.505+0000] {processor.py:841} WARNING - No viable dags retrieved from /opt/airflow/dags/airflow.py
[2026-08-13T20:17:43.513+0000] {processor.py:179} INFO - Processing /opt/airflow/dags/airflow.py took 0.078 seconds
[2026-08-13T20:18:13.741+0000] {processor.py:157} INFO - Started process (PID=10324) to work on /opt/airflow/dags/airflow.py
[2026-08-13T20:18:13.742+0000] {processor.py:829} INFO - Processing file /opt/airflow/dags/airflow.py for tasks to queue
[2026-08-13T20:18:13.746+0000] {logging_mixin.py:151} INFO - [2026-08-13T20:18:13.746+0000] {dagbag.py:536} INFO - Filling up the DagBag from /opt/airflow/dags/airflow.py
[2026-08-13T20:18:13.814+0000] {logging_mixin.py:151} INFO - [2026-08-13T20:18:13.814+0000] {dagbag.py:346} ERROR - Failed to import: /opt/airflow/dags/airflow.py
Traceback (most recent call last):
  File "/home/airflow/.local/lib/python3.8/site-packages/airflow/models/dagbag.py", line 342, in parse
    loader.exec_module(new_module)
  File "<frozen importlib._bootstrap_external>", line 843, in exec_module
  File "<frozen importlib._bootstrap>", line 219, in _call_with_frames_removed
  File "/opt/airflow/dags/airflow.py", line 23, in <module>
    from data_preprocessing_scripts.preprocessing import preprocess_data
ModuleNotFoundError: No module named 'data_preprocessing_scripts'
[2026-08-13T20:18:13.815+0000] {processor.py:841} WARNING - No viable dags retrieved from /opt/airflow/dags/airflow.py
[2026-08-13T20:18:13.823+0000] {processor.py:179} INFO - Processing /opt/airflow/dags/airflow.py took 0.086 seconds
[2026-08-13T20:18:44.029+0000] {processor.py:157} INFO - Started process (PID=10332) to work on /opt/airflow/dags/airflow.py
[2026-08-13T20:18:44.029+0000] {processor.py:829} INFO - Processing file /opt/airflow/dags/airflow.py for tasks to queue
[2026-08-13T20:18:44.034+0000] {logging_mixin.py:151} INFO - [2026-08-13T20:18:44.034+0000] {dagbag.py:536} INFO - Filling up the DagBag from /opt/airflow/dags/airflow.py
[2026-08-13T20:18:44.102+0000] {logging_mixin.py:151} INFO - [2026-08-13T20:18:44.101+0000] {dagbag.py:346} ERROR - Failed to import: /opt/airflow/dags/airflow.py
Traceback (most recent call last):
  File "/home/airflow/.local/lib/python3.8/site-packages/airflow/models/dagbag.py", line 342, in parse
    loader.exec_module(new_module)
  File "<frozen importlib._bootstrap_external>", line 843, in exec_module
  File "<frozen importlib._bootstrap>", line 219, in _call_with_frames_removed
  File "/opt/airflow/dags/airflow.py", line 23, in <module>
    from data_preprocessing_scripts.preprocessing import preprocess_data
ModuleNotFoundError: No module named 'data_preprocessing_scripts'
[2026-08-13T20:18:44.102+0000] {processor.py:841} WARNING - No viable dags retrieved from /opt/airflow/dags/airflow.py
[2026-08-13T20:18:44.111+0000] {processor.py:179} INFO - Processing /opt/airflow/dags/airflow.py took 0.085 seconds
[2026-08-13T20:19:14.270+0000] {processor.py:157} INFO - Started process (PID=10340) to work on /opt/airflow/dags/airflow.py
[2026-08-13T20:19:14.271+0000] {processor.py:829} INFO - Processing file /opt/airflow/dags/airflow.py for tasks to queue
[2026-08-13T20:19:14.276+0000] {logging_mixin.py:151} INFO - [2026-08-13T20:19:14.275+0000] {dagbag.py:536} INFO - Filling up the DagBag from /opt/airflow/dags/airflow.py
[2026-08-13T20:19:14.340+0000] {logging_mixin.py:151} INFO - [2026-08-13T20:19:14.339+0000] {dagbag.py:346} ERROR - Failed to import: /opt/airflow/dags/airflow.py
Traceback (most recent call last):
  File "/home/airflow/.local/lib/python3.8/site-packages/airflow/models/dagbag.py", line 342, in parse
    loader.exec_module(new_module)
  File "<frozen importlib._bootstrap_external>", line 843, in exec_module
  File "<frozen importlib._bootstrap>", line 219, in _call_with_frames_removed
  File "/opt/airflow/dags/airflow.py", line 23, in <module>
    from data_preprocessing_scripts.preprocessing import preprocess_data
ModuleNotFoundError: No module named 'data_preprocessing_scripts'
[2026-08-13T20:19:14.340+0000] {processor.py:841} WARNING - No viable dags retrieved from /opt/airflow/dags/airflow.py
[2026-08-13T20:19:14.347+0000] {processor.py:179} INFO - Processing /opt/airflow/dags/airflow.py took 0.081 seconds
[2026-08-13T20:19:44.529+0000] {processor.py:157} INFO - Started process (PID=10348) to work on /opt/airflow/dags/airflow.py
[2026-08-13T20:19:44.530+0000] {processor.py:829} INFO - Processing file /opt/airflow/dags/airflow.py for tasks to queue
[2026-08-13T20:19:44.532+0000] {logging_mixin.py:151} INFO - [2026-08-13T20:19:44.532+0000] {dagbag.py:536} INFO - Filling up the DagBag from /opt/airflow/dags/airflow.py
[2026-08-13T20:19:44.594+0000] {logging_mixin.py:151} INFO - [2026-08-13T20:19:44.593+0000] {dagbag.py:346} ERROR - Failed to import: /opt/airflow/dags/airflow.py
Traceback (most recent call last):
  File "/home/airflow/.local/lib/python3.8/site-packages/airflow/models/dagbag.py", line 342, in parse
    loader.exec_module(new_module)
  File "<frozen importlib._bootstrap_external>", line 843, in exec_module
  File "<frozen importlib._bootstrap>", line 219, in _call_with_frames_removed
  File "/opt/airflow/dags/airflow.py", line 23, in <module>
    from data_preprocessing_scripts.preprocessing import preprocess_data
ModuleNotFoundError: No module named 'data_preprocessing_scripts'
[2026-08-13T20:19:44.594+0000] {processor.py:841} WARNING - No viable dags retrieved from /opt/airflow/dags/airflow.py
[2026-08-13T20:19:44.602+0000] {processor.py:179} INFO - Processing /opt/airflow/dags/airflow.py took 0.076 seconds
[2026-08-13T20:20:14.800+0000] {processor.py:157} INFO - Started process (PID=10356) to work on /opt/airflow/dags/airflow.py
[2026-08-13T20:20:14.802+0000] {processor.py:829} INFO - Processing file /opt/airflow/dags/airflow.py for tasks to queue
[2026-08-13T20:20:14.806+0000] {logging_mixin.py:151} INFO - [2026-08-13T20:20:14.806+0000] {dagbag.py:536} INFO - Filling up the DagBag from /opt/airflow/dags/airflow.py
[2026-08-13T20:20:14.883+0000] {logging_mixin.py:151} INFO - [2026-08-13T20:20:14.882+0000] {dagbag.py:346} ERROR - Failed to import: /opt/airflow/dags/airflow.py
Traceback (most recent call last):
  File "/home/airflow/.local/lib/python3.8/site-packages/airflow/models/dagbag.py", line 342, in parse
    loader.exec_module(new_module)
  File "<frozen importlib._bootstrap_external>", line 843, in exec_module
  File "<frozen importlib._bootstrap>", line 219, in _call_with_frames_removed
  File "/opt/airflow/dags/airflow.py", line 23, in <module>
    from data_preprocessing_scripts.preprocessing import preprocess_data
ModuleNotFoundError: No module named 'data_preprocessing_scripts'
[2026-08-13T20:20:14.883+0000] {processor.py:841} WARNING - No viable dags retrieved from /opt/airflow/dags/airflow.py
[2026-08-13T20:20:14.892+0000] {processor.py:179} INFO - Processing /opt/airflow/dags/airflow.py took 0.095 seconds
[2026-08-13T20:20:45.091+0000] {processor.py:157} INFO - Started process (PID=10364) to work on /opt/airflow/dags/airflow.py
[2026-08-13T20:20:45.093+0000] {processor.py:829} INFO - Processing file /opt/airflow/dags/airflow.py for tasks to queue
[2026-08-13T20:20:45.096+0000] {logging_mixin.py:151} INFO - [2026-08-13T20:20:45.096+0000] {dagbag.py:536} INFO - Filling up the DagBag from /opt/airflow/dags/airflow.py
[2026-08-13T20:20:45.163+0000] {logging_mixin.py:151} INFO - [2026-08-13T20:20:45.163+0000] {dagbag.py:346} ERROR - Failed to import: /opt/airflow/dags/airflow.py
Traceback (most recent call last):
  File "/home/airflow/.local/lib/python3.8/site-packages/airflow/models/dagbag.py", line 342, in parse
    loader.exec_module(new_module)
  File "<frozen importlib._bootstrap_external>", line 843, in exec_module
  File "<frozen importlib._bootstrap>", line 219, in _call_with_frames_removed
  File "/opt/airflow/dags/airflow.py", line 23, in <module>
    from data_preprocessing_scripts.preprocessing import preprocess_data
ModuleNotFoundError: No module named 'data_preprocessing_scripts'
[2026-08-13T20:20:45.164+0000] {processor.py:841} WARNING - No viable dags retrieved from /opt/airflow/dags/airflow.py
[2026-08-13T20:20:45.172+0000] {processor.py:179} INFO - Processing /opt/airflow/dags/airflow.py took 0.083 seconds
[2026-08-13T20:21:15.416+0000] {processor.py:157} INFO - Started process (PID=10372) to work on /opt/airflow/dags/airflow.py
[2026-08-13T20:21:15.418+0000] {processor.py:829} INFO - Processing file /opt/airflow/dags/airflow.py for tasks to queue
[2026-08-13T20:21:15.423+0000] {logging_mixin.py:151} INFO - [2026-08-13T20:21:15.423+0000] {dagbag.py:536} INFO - Filling up the DagBag from /opt/airflow/dags/airflow.py
[2026-08-13T20:21:15.498+0000] {logging_mixin.py:151} INFO - [2026-08-13T20:21:15.497+0000] {dagbag.py:346} ERROR - Failed to import: /opt/airflow/dags/airflow.py
Traceback (most recent call last):
  File "/home/airflow/.local/lib/python3.8/site-packages/airflow/models/dagbag.py", line 342, in parse
    loader.exec_module(new_module)
  File "<frozen importlib._bootstrap_external>", line 843, in exec_module
  File "<frozen importlib._bootstrap>", line 219, in _call_with_frames_removed
  File "/opt/airflow/dags/airflow.py", line 23, in <module>
    from data_preprocessing_scripts.preprocessing import preprocess_data
ModuleNotFoundError: No module named 'data_preprocessing_scripts'
[2026-08-13T20:21:15.498+0000] {processor.py:841} WARNING - No viable dags retrieved from /opt/airflow/dags/airflow.py
[2026-08-13T20:21:15.508+0000] {processor.py:179} INFO - Processing /opt/airflow/dags/airflow.py took 0.097 seconds
[2026-08-13T20:21:45.727+0000] {processor.py:157} INFO - Started process (PID=10380) to work on /opt/airflow/dags/airflow.py
[2026-08-13T20:21:45.728+0000] {processor.py:829} INFO - Processing file /opt/airflow/dags/airflow.py for tasks to queue
[2026-08-13T20:21:45.734+0000] {logging_mixin.py:151} INFO - [2026-08-13T20:21:45.733+0000] {dagbag.py:536} INFO - Filling up the DagBag from /opt/airflow/dags/airflow.py
[2026-08-13T20:21:45.811+0000] {logging_mixin.py:151} INFO - [2026-08-13T20:21:45.810+0000] {dagbag.py:346} ERROR - Failed to import: /opt/airflow/dags/airflow.py
Traceback (most recent call last):
  File "/home/airflow/.local/lib/python3.8/site-packages/airflow/models/dagbag.py", line 342, in parse
    loader.exec_module(new_module)
  File "<frozen importlib._bootstrap_external>", line 843, in exec_module
  File "<frozen importlib._bootstrap>", line 219, in _call_with_frames_removed
  File "/opt/airflow/dags/airflow.py", line 23, in <module>
    from data_preprocessing_scripts.preprocessing import preprocess_data
ModuleNotFoundError: No module named 'data_preprocessing_scripts'
[2026-08-13T20:21:45.811+0000] {processor.py:841} WARNING - No viable dags retrieved from /opt/airflow/dags/airflow.py
[2026-08-13T20:21:45.824+0000] {processor.py:179} INFO - Processing /opt/airflow/dags/airflow.py took 0.101 seconds
[2026-08-13T20:22:16.010+0000] {processor.py:157} INFO - Started process (PID=10388) to work on /opt/airflow/dags/airflow.py
[2026-08-13T20:22:16.011+0000] {processor.py:829} INFO - Processing file /opt/airflow/dags/airflow.py for tasks to queue
[2026-08-13T20:22:16.015+0000] {logging_mixin.py:151} INFO - [2026-08-13T20:22:16.015+0000] {dagbag.py:536} INFO - Filling up the DagBag from /opt/airflow/dags/airflow.py
[2026-08-13T20:22:16.084+0000] {logging_mixin.py:151} INFO - [2026-08-13T20:22:16.083+0000] {dagbag.py:346} ERROR - Failed to import: /opt/airflow/dags/airflow.py
Traceback (most recent call last):
  File "/home/airflow/.local/lib/python3.8/site-packages/airflow/models/dagbag.py", line 342, in parse
    loader.exec_module(new_module)
  File "<frozen importlib._bootstrap_external>", line 843, in exec_module
  File "<frozen importlib._bootstrap>", line 219, in _call_with_frames_removed
  File "/opt/airflow/dags/airflow.py", line 23, in <module>
    from data_preprocessing_scripts.preprocessing import preprocess_data
ModuleNotFoundError: No module named 'data_preprocessing_scripts'
[2026-08-13T20:22:16.084+0000] {processor.py:841} WARNING - No viable dags retrieved from /opt/airflow/dags/airflow.py
[2026-08-13T20:22:16.093+0000] {processor.py:179} INFO - Processing /opt/airflow/dags/airflow.py took 0.086 seconds
[2026-08-13T20:22:46.297+0000] {processor.py:157} INFO - Started process (PID=10396) to work on /opt/airflow/dags/airflow.py
[2026-08-13T20:22:46.298+0000] {processor.py:829} INFO - Processing file /opt/airflow/dags/airflow.py for tasks to queue
[2026-08-13T20:22:46.301+0000] {logging_mixin.py:151} INFO - [2026-08-13T20:22:46.300+0000] {dagbag.py:536} INFO - Filling up the DagBag from /opt/airflow/dags/airflow.py
[2026-08-13T20:22:46.362+0000] {logging_mixin.py:151} INFO - [2026-08-13T20:22:46.361+0000] {dagbag.py:346} ERROR - Failed to import: /opt/airflow/dags/airflow.py
Traceback (most recent call last):
  File "/home/airflow/.local/lib/python3.8/site-packages/airflow/models/dagbag.py", line 342, in parse
    loader.exec_module(new_module)
  File "<frozen importlib._bootstrap_external>", line 843, in exec_module
  File "<frozen importlib._bootstrap>", line 219, in _call_with_frames_removed
  File "/opt/airflow/dags/airflow.py", line 23, in <module>
    from data_preprocessing_scripts.preprocessing import preprocess_data
ModuleNotFoundError: No module named 'data_preprocessing_scripts'
[2026-08-13T20:22:46.362+0000] {processor.py:841} WARNING - No viable dags retrieved from /opt/airflow/dags/airflow.py
[2026-08-13T20:22:46.370+0000] {processor.py:179} INFO - Processing /opt/airflow/dags/airflow.py took 0.076 seconds
[2026-08-13T20:23:16.609+0000] {processor.py:157} INFO - Started process (PID=10404) to work on /opt/airflow/dags/airflow.py
[2026-08-13T20:23:16.611+0000] {processor.py:829} INFO - Processing file /opt/airflow/dags/airflow.py for tasks to queue
[2026-08-13T20:23:16.616+0000] {logging_mixin.py:151} INFO - [2026-08-13T20:23:16.616+0000] {dagbag.py:536} INFO - Filling up the DagBag from /opt/airflow/dags/airflow.py
[2026-08-13T20:23:16.684+0000] {logging_mixin.py:151} INFO - [2026-08-13T20:23:16.683+0000] {dagbag.py:346} ERROR - Failed to import: /opt/airflow/dags/airflow.py
Traceback (most recent call last):
  File "/home/airflow/.local/lib/python3.8/site-packages/airflow/models/dagbag.py", line 342, in parse
    loader.exec_module(new_module)
  File "<frozen importlib._bootstrap_external>", line 843, in exec_module
  File "<frozen importlib._bootstrap>", line 219, in _call_with_frames_removed
  File "/opt/airflow/dags/airflow.py", line 23, in <module>
    from data_preprocessing_scripts.preprocessing import preprocess_data
ModuleNotFoundError: No module named 'data_preprocessing_scripts'
[2026-08-13T20:23:16.684+0000] {processor.py:841} WARNING - No viable dags retrieved from /opt/airflow/dags/airflow.py
[2026-08-13T20:23:16.692+0000] {processor.py:179} INFO - Processing /opt/airflow/dags/airflow.py took 0.088 seconds
[2026-08-13T20:23:46.929+0000] {processor.py:157} INFO - Started process (PID=10412) to work on /opt/airflow/dags/airflow.py
[2026-08-13T20:23:46.930+0000] {processor.py:829} INFO - Processing file /opt/airflow/dags/airflow.py for tasks to queue
[2026-08-13T20:23:46.932+0000] {logging_mixin.py:151} INFO - [2026-08-13T20:23:46.932+0000] {dagbag.py:536} INFO - Filling up the DagBag from /opt/airflow/dags/airflow.py
[2026-08-13T20:23:46.992+0000] {logging_mixin.py:151} INFO - [2026-08-13T20:23:46.992+0000] {dagbag.py:346} ERROR - Failed to import: /opt/airflow/dags/airflow.py
Traceback (most recent call last):
  File "/home/airflow/.local/lib/python3.8/site-packages/airflow/models/dagbag.py", line 342, in parse
    loader.exec_module(new_module)
  File "<frozen importlib._bootstrap_external>", line 843, in exec_module
  File "<frozen importlib._bootstrap>", line 219, in _call_with_frames_removed
  File "/opt/airflow/dags/airflow.py", line 23, in <module>
    from data_preprocessing_scripts.preprocessing import preprocess_data
ModuleNotFoundError: No module named 'data_preprocessing_scripts'
[2026-08-13T20:23:46.992+0000] {processor.py:841} WARNING - No viable dags retrieved from /opt/airflow/dags/airflow.py
[2026-08-13T20:23:47.001+0000] {processor.py:179} INFO - Processing /opt/airflow/dags/airflow.py took 0.074 seconds
[2026-08-13T20:24:17.292+0000] {processor.py:157} INFO - Started process (PID=10420) to work on /opt/airflow/dags/airflow.py
[2026-08-13T20:24:17.293+0000] {processor.py:829} INFO - Processing file /opt/airflow/dags/airflow.py for tasks to queue
[2026-08-13T20:24:17.301+0000] {logging_mixin.py:151} INFO - [2026-08-13T20:24:17.300+0000] {dagbag.py:536} INFO - Filling up the DagBag from /opt/airflow/dags/airflow.py
[2026-08-13T20:24:17.397+0000] {logging_mixin.py:151} INFO - [2026-08-13T20:24:17.396+0000] {dagbag.py:346} ERROR - Failed to import: /opt/airflow/dags/airflow.py
Traceback (most recent call last):
  File "/home/airflow/.local/lib/python3.8/site-packages/airflow/models/dagbag.py", line 342, in parse
    loader.exec_module(new_module)
  File "<frozen importlib._bootstrap_external>", line 843, in exec_module
  File "<frozen importlib._bootstrap>", line 219, in _call_with_frames_removed
  File "/opt/airflow/dags/airflow.py", line 23, in <module>
    from data_preprocessing_scripts.preprocessing import preprocess_data
ModuleNotFoundError: No module named 'data_preprocessing_scripts'
[2026-08-13T20:24:17.397+0000] {processor.py:841} WARNING - No viable dags retrieved from /opt/airflow/dags/airflow.py
[2026-08-13T20:24:17.406+0000] {processor.py:179} INFO - Processing /opt/airflow/dags/airflow.py took 0.119 seconds
[2026-08-13T20:24:47.652+0000] {processor.py:157} INFO - Started process (PID=10428) to work on /opt/airflow/dags/airflow.py
[2026-08-13T20:24:47.653+0000] {processor.py:829} INFO - Processing file /opt/airflow/dags/airflow.py for tasks to queue
[2026-08-13T20:24:47.655+0000] {logging_mixin.py:151} INFO - [2026-08-13T20:24:47.655+0000] {dagbag.py:536} INFO - Filling up the DagBag from /opt/airflow/dags/airflow.py
[2026-08-13T20:24:47.718+0000] {logging_mixin.py:151} INFO - [2026-08-13T20:24:47.717+0000] {dagbag.py:346} ERROR - Failed to import: /opt/airflow/dags/airflow.py
Traceback (most recent call last):
  File "/home/airflow/.local/lib/python3.8/site-packages/airflow/models/dagbag.py", line 342, in parse
    loader.exec_module(new_module)
  File "<frozen importlib._bootstrap_external>", line 843, in exec_module
  File "<frozen importlib._bootstrap>", line 219, in _call_with_frames_removed
  File "/opt/airflow/dags/airflow.py", line 23, in <module>
    from data_preprocessing_scripts.preprocessing import preprocess_data
ModuleNotFoundError: No module named 'data_preprocessing_scripts'
[2026-08-13T20:24:47.718+0000] {processor.py:841} WARNING - No viable dags retrieved from /opt/airflow/dags/airflow.py
[2026-08-13T20:24:47.726+0000] {processor.py:179} INFO - Processing /opt/airflow/dags/airflow.py took 0.077 seconds
[2026-08-13T20:25:17.938+0000] {processor.py:157} INFO - Started process (PID=10436) to work on /opt/airflow/dags/airflow.py
[2026-08-13T20:25:17.940+0000] {processor.py:829} INFO - Processing file /opt/airflow/dags/airflow.py for tasks to queue
[2026-08-13T20:25:17.946+0000] {logging_mixin.py:151} INFO - [2026-08-13T20:25:17.945+0000] {dagbag.py:536} INFO - Filling up the DagBag from /opt/airflow/dags/airflow.py
[2026-08-13T20:25:18.036+0000] {logging_mixin.py:151} INFO - [2026-08-13T20:25:18.035+0000] {dagbag.py:346} ERROR - Failed to import: /opt/airflow/dags/airflow.py
Traceback (most recent call last):
  File "/home/airflow/.local/lib/python3.8/site-packages/airflow/models/dagbag.py", line 342, in parse
    loader.exec_module(new_module)
  File "<frozen importlib._bootstrap_external>", line 843, in exec_module
  File "<frozen importlib._bootstrap>", line 219, in _call_with_frames_removed
  File "/opt/airflow/dags/airflow.py", line 23, in <module>
    from data_preprocessing_scripts.preprocessing import preprocess_data
ModuleNotFoundError: No module named 'data_preprocessing_scripts'
[2026-08-13T20:25:18.036+0000] {processor.py:841} WARNING - No viable dags retrieved from /opt/airflow/dags/airflow.py
[2026-08-13T20:25:18.046+0000] {processor.py:179} INFO - Processing /opt/airflow/dags/airflow.py took 0.115 seconds
[2026-08-13T20:25:48.232+0000] {processor.py:157} INFO - Started process (PID=10444) to work on /opt/airflow/dags/airflow.py
[2026-08-13T20:25:48.233+0000] {processor.py:829} INFO - Processing file /opt/airflow/dags/airflow.py for tasks to queue
[2026-08-13T20:25:48.236+0000] {logging_mixin.py:151} INFO - [2026-08-13T20:25:48.236+0000] {dagbag.py:536} INFO - Filling up the DagBag from /opt/airflow/dags/airflow.py
[2026-08-13T20:25:48.303+0000] {logging_mixin.py:151} INFO - [2026-08-13T20:25:48.302+0000] {dagbag.py:346} ERROR - Failed to import: /opt/airflow/dags/airflow.py
Traceback (most recent call last):
  File "/home/airflow/.local/lib/python3.8/site-packages/airflow/models/dagbag.py", line 342, in parse
    loader.exec_module(new_module)
  File "<frozen importlib._bootstrap_external>", line 843, in exec_module
  File "<frozen importlib._bootstrap>", line 219, in _call_with_frames_removed
  File "/opt/airflow/dags/airflow.py", line 23, in <module>
    from data_preprocessing_scripts.preprocessing import preprocess_data
ModuleNotFoundError: No module named 'data_preprocessing_scripts'
[2026-08-13T20:25:48.303+0000] {processor.py:841} WARNING - No viable dags retrieved from /opt/airflow/dags/airflow.py
[2026-08-13T20:25:48.310+0000] {processor.py:179} INFO - Processing /opt/airflow/dags/airflow.py took 0.081 seconds
[2026-08-13T20:26:18.532+0000] {processor.py:157} INFO - Started process (PID=10453) to work on /opt/airflow/dags/airflow.py
[2026-08-13T20:26:18.533+0000] {processor.py:829} INFO - Processing file /opt/airflow/dags/airflow.py for tasks to queue
[2026-08-13T20:26:18.537+0000] {logging_mixin.py:151} INFO - [2026-08-13T20:26:18.537+0000] {dagbag.py:536} INFO - Filling up the DagBag from /opt/airflow/dags/airflow.py
[2026-08-13T20:26:18.612+0000] {logging_mixin.py:151} INFO - [2026-08-13T20:26:18.611+0000] {dagbag.py:346} ERROR - Failed to import: /opt/airflow/dags/airflow.py
Traceback (most recent call last):
  File "/home/airflow/.local/lib/python3.8/site-packages/airflow/models/dagbag.py", line 342, in parse
    loader.exec_module(new_module)
  File "<frozen importlib._bootstrap_external>", line 843, in exec_module
  File "<frozen importlib._bootstrap>", line 219, in _call_with_frames_removed
  File "/opt/airflow/dags/airflow.py", line 23, in <module>
    from data_preprocessing_scripts.preprocessing import preprocess_data
ModuleNotFoundError: No module named 'data_preprocessing_scripts'
[2026-08-13T20:26:18.612+0000] {processor.py:841} WARNING - No viable dags retrieved from /opt/airflow/dags/airflow.py
[2026-08-13T20:26:18.620+0000] {processor.py:179} INFO - Processing /opt/airflow/dags/airflow.py took 0.091 seconds
[2026-08-13T20:26:48.786+0000] {processor.py:157} INFO - Started process (PID=10461) to work on /opt/airflow/dags/airflow.py
[2026-08-13T20:26:48.787+0000] {processor.py:829} INFO - Processing file /opt/airflow/dags/airflow.py for tasks to queue
[2026-08-13T20:26:48.788+0000] {logging_mixin.py:151} INFO - [2026-08-13T20:26:48.788+0000] {dagbag.py:536} INFO - Filling up the DagBag from /opt/airflow/dags/airflow.py
[2026-08-13T20:26:48.853+0000] {logging_mixin.py:151} INFO - [2026-08-13T20:26:48.852+0000] {dagbag.py:346} ERROR - Failed to import: /opt/airflow/dags/airflow.py
Traceback (most recent call last):
  File "/home/airflow/.local/lib/python3.8/site-packages/airflow/models/dagbag.py", line 342, in parse
    loader.exec_module(new_module)
  File "<frozen importlib._bootstrap_external>", line 843, in exec_module
  File "<frozen importlib._bootstrap>", line 219, in _call_with_frames_removed
  File "/opt/airflow/dags/airflow.py", line 23, in <module>
    from data_preprocessing_scripts.preprocessing import preprocess_data
ModuleNotFoundError: No module named 'data_preprocessing_scripts'
[2026-08-13T20:26:48.853+0000] {processor.py:841} WARNING - No viable dags retrieved from /opt/airflow/dags/airflow.py
[2026-08-13T20:26:48.863+0000] {processor.py:179} INFO - Processing /opt/airflow/dags/airflow.py took 0.080 seconds
[2026-08-13T20:27:19.031+0000] {processor.py:157} INFO - Started process (PID=10470) to work on /opt/airflow/dags/airflow.py
[2026-08-13T20:27:19.032+0000] {processor.py:829} INFO - Processing file /opt/airflow/dags/airflow.py for tasks to queue
[2026-08-13T20:27:19.038+0000] {logging_mixin.py:151} INFO - [2026-08-13T20:27:19.037+0000] {dagbag.py:536} INFO - Filling up the DagBag from /opt/airflow/dags/airflow.py
[2026-08-13T20:27:19.115+0000] {logging_mixin.py:151} INFO - [2026-08-13T20:27:19.115+0000] {dagbag.py:346} ERROR - Failed to import: /opt/airflow/dags/airflow.py
Traceback (most recent call last):
  File "/home/airflow/.local/lib/python3.8/site-packages/airflow/models/dagbag.py", line 342, in parse
    loader.exec_module(new_module)
  File "<frozen importlib._bootstrap_external>", line 843, in exec_module
  File "<frozen importlib._bootstrap>", line 219, in _call_with_frames_removed
  File "/opt/airflow/dags/airflow.py", line 23, in <module>
    from data_preprocessing_scripts.preprocessing import preprocess_data
ModuleNotFoundError: No module named 'data_preprocessing_scripts'
[2026-08-13T20:27:19.115+0000] {processor.py:841} WARNING - No viable dags retrieved from /opt/airflow/dags/airflow.py
[2026-08-13T20:27:19.124+0000] {processor.py:179} INFO - Processing /opt/airflow/dags/airflow.py took 0.098 seconds
[2026-08-13T20:27:49.379+0000] {processor.py:157} INFO - Started process (PID=10478) to work on /opt/airflow/dags/airflow.py
[2026-08-13T20:27:49.383+0000] {processor.py:829} INFO - Processing file /opt/airflow/dags/airflow.py for tasks to queue
[2026-08-13T20:27:49.385+0000] {logging_mixin.py:151} INFO - [2026-08-13T20:27:49.384+0000] {dagbag.py:536} INFO - Filling up the DagBag from /opt/airflow/dags/airflow.py
[2026-08-13T20:27:49.455+0000] {logging_mixin.py:151} INFO - [2026-08-13T20:27:49.455+0000] {dagbag.py:346} ERROR - Failed to import: /opt/airflow/dags/airflow.py
Traceback (most recent call last):
  File "/home/airflow/.local/lib/python3.8/site-packages/airflow/models/dagbag.py", line 342, in parse
    loader.exec_module(new_module)
  File "<frozen importlib._bootstrap_external>", line 843, in exec_module
  File "<frozen importlib._bootstrap>", line 219, in _call_with_frames_removed
  File "/opt/airflow/dags/airflow.py", line 23, in <module>
    from data_preprocessing_scripts.preprocessing import preprocess_data
ModuleNotFoundError: No module named 'data_preprocessing_scripts'
[2026-08-13T20:27:49.455+0000] {processor.py:841} WARNING - No viable dags retrieved from /opt/airflow/dags/airflow.py
[2026-08-13T20:27:49.464+0000] {processor.py:179} INFO - Processing /opt/airflow/dags/airflow.py took 0.090 seconds
[2026-08-13T20:28:19.713+0000] {processor.py:157} INFO - Started process (PID=10486) to work on /opt/airflow/dags/airflow.py
[2026-08-13T20:28:19.714+0000] {processor.py:829} INFO - Processing file /opt/airflow/dags/airflow.py for tasks to queue
[2026-08-13T20:28:19.718+0000] {logging_mixin.py:151} INFO - [2026-08-13T20:28:19.718+0000] {dagbag.py:536} INFO - Filling up the DagBag from /opt/airflow/dags/airflow.py
[2026-08-13T20:28:19.794+0000] {logging_mixin.py:151} INFO - [2026-08-13T20:28:19.794+0000] {dagbag.py:346} ERROR - Failed to import: /opt/airflow/dags/airflow.py
Traceback (most recent call last):
  File "/home/airflow/.local/lib/python3.8/site-packages/airflow/models/dagbag.py", line 342, in parse
    loader.exec_module(new_module)
  File "<frozen importlib._bootstrap_external>", line 843, in exec_module
  File "<frozen importlib._bootstrap>", line 219, in _call_with_frames_removed
  File "/opt/airflow/dags/airflow.py", line 23, in <module>
    from data_preprocessing_scripts.preprocessing import preprocess_data
ModuleNotFoundError: No module named 'data_preprocessing_scripts'
[2026-08-13T20:28:19.795+0000] {processor.py:841} WARNING - No viable dags retrieved from /opt/airflow/dags/airflow.py
[2026-08-13T20:28:19.803+0000] {processor.py:179} INFO - Processing /opt/airflow/dags/airflow.py took 0.095 seconds
[2026-08-13T20:28:50.033+0000] {processor.py:157} INFO - Started process (PID=10494) to work on /opt/airflow/dags/airflow.py
[2026-08-13T20:28:50.035+0000] {processor.py:829} INFO - Processing file /opt/airflow/dags/airflow.py for tasks to queue
[2026-08-13T20:28:50.040+0000] {logging_mixin.py:151} INFO - [2026-08-13T20:28:50.040+0000] {dagbag.py:536} INFO - Filling up the DagBag from /opt/airflow/dags/airflow.py
[2026-08-13T20:28:50.113+0000] {logging_mixin.py:151} INFO - [2026-08-13T20:28:50.112+0000] {dagbag.py:346} ERROR - Failed to import: /opt/airflow/dags/airflow.py
Traceback (most recent call last):
  File "/home/airflow/.local/lib/python3.8/site-packages/airflow/models/dagbag.py", line 342, in parse
    loader.exec_module(new_module)
  File "<frozen importlib._bootstrap_external>", line 843, in exec_module
  File "<frozen importlib._bootstrap>", line 219, in _call_with_frames_removed
  File "/opt/airflow/dags/airflow.py", line 23, in <module>
    from data_preprocessing_scripts.preprocessing import preprocess_data
ModuleNotFoundError: No module named 'data_preprocessing_scripts'
[2026-08-13T20:28:50.113+0000] {processor.py:841} WARNING - No viable dags retrieved from /opt/airflow/dags/airflow.py
[2026-08-13T20:28:50.121+0000] {processor.py:179} INFO - Processing /opt/airflow/dags/airflow.py took 0.092 seconds
[2026-08-13T20:29:20.332+0000] {processor.py:157} INFO - Started process (PID=10502) to work on /opt/airflow/dags/airflow.py
[2026-08-13T20:29:20.333+0000] {processor.py:829} INFO - Processing file /opt/airflow/dags/airflow.py for tasks to queue
[2026-08-13T20:29:20.336+0000] {logging_mixin.py:151} INFO - [2026-08-13T20:29:20.335+0000] {dagbag.py:536} INFO - Filling up the DagBag from /opt/airflow/dags/airflow.py
[2026-08-13T20:29:20.408+0000] {logging_mixin.py:151} INFO - [2026-08-13T20:29:20.407+0000] {dagbag.py:346} ERROR - Failed to import: /opt/airflow/dags/airflow.py
Traceback (most recent call last):
  File "/home/airflow/.local/lib/python3.8/site-packages/airflow/models/dagbag.py", line 342, in parse
    loader.exec_module(new_module)
  File "<frozen importlib._bootstrap_external>", line 843, in exec_module
  File "<frozen importlib._bootstrap>", line 219, in _call_with_frames_removed
  File "/opt/airflow/dags/airflow.py", line 23, in <module>
    from data_preprocessing_scripts.preprocessing import preprocess_data
ModuleNotFoundError: No module named 'data_preprocessing_scripts'
[2026-08-13T20:29:20.408+0000] {processor.py:841} WARNING - No viable dags retrieved from /opt/airflow/dags/airflow.py
[2026-08-13T20:29:20.418+0000] {processor.py:179} INFO - Processing /opt/airflow/dags/airflow.py took 0.089 seconds
[2026-08-13T20:29:50.660+0000] {processor.py:157} INFO - Started process (PID=10510) to work on /opt/airflow/dags/airflow.py
[2026-08-13T20:29:50.661+0000] {processor.py:829} INFO - Processing file /opt/airflow/dags/airflow.py for tasks to queue
[2026-08-13T20:29:50.665+0000] {logging_mixin.py:151} INFO - [2026-08-13T20:29:50.665+0000] {dagbag.py:536} INFO - Filling up the DagBag from /opt/airflow/dags/airflow.py
[2026-08-13T20:29:50.750+0000] {logging_mixin.py:151} INFO - [2026-08-13T20:29:50.749+0000] {dagbag.py:346} ERROR - Failed to import: /opt/airflow/dags/airflow.py
Traceback (most recent call last):
  File "/home/airflow/.local/lib/python3.8/site-packages/airflow/models/dagbag.py", line 342, in parse
    loader.exec_module(new_module)
  File "<frozen importlib._bootstrap_external>", line 843, in exec_module
  File "<frozen importlib._bootstrap>", line 219, in _call_with_frames_removed
  File "/opt/airflow/dags/airflow.py", line 23, in <module>
    from data_preprocessing_scripts.preprocessing import preprocess_data
ModuleNotFoundError: No module named 'data_preprocessing_scripts'
[2026-08-13T20:29:50.750+0000] {processor.py:841} WARNING - No viable dags retrieved from /opt/airflow/dags/airflow.py
[2026-08-13T20:29:50.760+0000] {processor.py:179} INFO - Processing /opt/airflow/dags/airflow.py took 0.105 seconds
[2026-08-13T20:30:20.951+0000] {processor.py:157} INFO - Started process (PID=10518) to work on /opt/airflow/dags/airflow.py
[2026-08-13T20:30:20.952+0000] {processor.py:829} INFO - Processing file /opt/airflow/dags/airflow.py for tasks to queue
[2026-08-13T20:30:20.955+0000] {logging_mixin.py:151} INFO - [2026-08-13T20:30:20.954+0000] {dagbag.py:536} INFO - Filling up the DagBag from /opt/airflow/dags/airflow.py
[2026-08-13T20:30:21.022+0000] {logging_mixin.py:151} INFO - [2026-08-13T20:30:21.022+0000] {dagbag.py:346} ERROR - Failed to import: /opt/airflow/dags/airflow.py
Traceback (most recent call last):
  File "/home/airflow/.local/lib/python3.8/site-packages/airflow/models/dagbag.py", line 342, in parse
    loader.exec_module(new_module)
  File "<frozen importlib._bootstrap_external>", line 843, in exec_module
  File "<frozen importlib._bootstrap>", line 219, in _call_with_frames_removed
  File "/opt/airflow/dags/airflow.py", line 23, in <module>
    from data_preprocessing_scripts.preprocessing import preprocess_data
ModuleNotFoundError: No module named 'data_preprocessing_scripts'
[2026-08-13T20:30:21.022+0000] {processor.py:841} WARNING - No viable dags retrieved from /opt/airflow/dags/airflow.py
[2026-08-13T20:30:21.031+0000] {processor.py:179} INFO - Processing /opt/airflow/dags/airflow.py took 0.083 seconds
[2026-08-13T20:30:51.203+0000] {processor.py:157} INFO - Started process (PID=10526) to work on /opt/airflow/dags/airflow.py
[2026-08-13T20:30:51.205+0000] {processor.py:829} INFO - Processing file /opt/airflow/dags/airflow.py for tasks to queue
[2026-08-13T20:30:51.207+0000] {logging_mixin.py:151} INFO - [2026-08-13T20:30:51.207+0000] {dagbag.py:536} INFO - Filling up the DagBag from /opt/airflow/dags/airflow.py
[2026-08-13T20:30:51.270+0000] {logging_mixin.py:151} INFO - [2026-08-13T20:30:51.270+0000] {dagbag.py:346} ERROR - Failed to import: /opt/airflow/dags/airflow.py
Traceback (most recent call last):
  File "/home/airflow/.local/lib/python3.8/site-packages/airflow/models/dagbag.py", line 342, in parse
    loader.exec_module(new_module)
  File "<frozen importlib._bootstrap_external>", line 843, in exec_module
  File "<frozen importlib._bootstrap>", line 219, in _call_with_frames_removed
  File "/opt/airflow/dags/airflow.py", line 23, in <module>
    from data_preprocessing_scripts.preprocessing import preprocess_data
ModuleNotFoundError: No module named 'data_preprocessing_scripts'
[2026-08-13T20:30:51.271+0000] {processor.py:841} WARNING - No viable dags retrieved from /opt/airflow/dags/airflow.py
[2026-08-13T20:30:51.278+0000] {processor.py:179} INFO - Processing /opt/airflow/dags/airflow.py took 0.078 seconds
[2026-08-13T20:31:21.469+0000] {processor.py:157} INFO - Started process (PID=10534) to work on /opt/airflow/dags/airflow.py
[2026-08-13T20:31:21.470+0000] {processor.py:829} INFO - Processing file /opt/airflow/dags/airflow.py for tasks to queue
[2026-08-13T20:31:21.475+0000] {logging_mixin.py:151} INFO - [2026-08-13T20:31:21.475+0000] {dagbag.py:536} INFO - Filling up the DagBag from /opt/airflow/dags/airflow.py
[2026-08-13T20:31:21.548+0000] {logging_mixin.py:151} INFO - [2026-08-13T20:31:21.548+0000] {dagbag.py:346} ERROR - Failed to import: /opt/airflow/dags/airflow.py
Traceback (most recent call last):
  File "/home/airflow/.local/lib/python3.8/site-packages/airflow/models/dagbag.py", line 342, in parse
    loader.exec_module(new_module)
  File "<frozen importlib._bootstrap_external>", line 843, in exec_module
  File "<frozen importlib._bootstrap>", line 219, in _call_with_frames_removed
  File "/opt/airflow/dags/airflow.py", line 23, in <module>
    from data_preprocessing_scripts.preprocessing import preprocess_data
ModuleNotFoundError: No module named 'data_preprocessing_scripts'
[2026-08-13T20:31:21.548+0000] {processor.py:841} WARNING - No viable dags retrieved from /opt/airflow/dags/airflow.py
[2026-08-13T20:31:21.556+0000] {processor.py:179} INFO - Processing /opt/airflow/dags/airflow.py took 0.091 seconds
[2026-08-13T20:31:51.763+0000] {processor.py:157} INFO - Started process (PID=10542) to work on /opt/airflow/dags/airflow.py
[2026-08-13T20:31:51.766+0000] {processor.py:829} INFO - Processing file /opt/airflow/dags/airflow.py for tasks to queue
[2026-08-13T20:31:51.768+0000] {logging_mixin.py:151} INFO - [2026-08-13T20:31:51.767+0000] {dagbag.py:536} INFO - Filling up the DagBag from /opt/airflow/dags/airflow.py
[2026-08-13T20:31:51.825+0000] {logging_mixin.py:151} INFO - [2026-08-13T20:31:51.824+0000] {dagbag.py:346} ERROR - Failed to import: /opt/airflow/dags/airflow.py
Traceback (most recent call last):
  File "/home/airflow/.local/lib/python3.8/site-packages/airflow/models/dagbag.py", line 342, in parse
    loader.exec_module(new_module)
  File "<frozen importlib._bootstrap_external>", line 843, in exec_module
  File "<frozen importlib._bootstrap>", line 219, in _call_with_frames_removed
  File "/opt/airflow/dags/airflow.py", line 23, in <module>
    from data_preprocessing_scripts.preprocessing import preprocess_data
ModuleNotFoundError: No module named 'data_preprocessing_scripts'
[2026-08-13T20:31:51.825+0000] {processor.py:841} WARNING - No viable dags retrieved from /opt/airflow/dags/airflow.py
[2026-08-13T20:31:51.833+0000] {processor.py:179} INFO - Processing /opt/airflow/dags/airflow.py took 0.073 seconds
[2026-08-13T20:32:22.064+0000] {processor.py:157} INFO - Started process (PID=10550) to work on /opt/airflow/dags/airflow.py
[2026-08-13T20:32:22.065+0000] {processor.py:829} INFO - Processing file /opt/airflow/dags/airflow.py for tasks to queue
[2026-08-13T20:32:22.069+0000] {logging_mixin.py:151} INFO - [2026-08-13T20:32:22.069+0000] {dagbag.py:536} INFO - Filling up the DagBag from /opt/airflow/dags/airflow.py
[2026-08-13T20:32:22.134+0000] {logging_mixin.py:151} INFO - [2026-08-13T20:32:22.133+0000] {dagbag.py:346} ERROR - Failed to import: /opt/airflow/dags/airflow.py
Traceback (most recent call last):
  File "/home/airflow/.local/lib/python3.8/site-packages/airflow/models/dagbag.py", line 342, in parse
    loader.exec_module(new_module)
  File "<frozen importlib._bootstrap_external>", line 843, in exec_module
  File "<frozen importlib._bootstrap>", line 219, in _call_with_frames_removed
  File "/opt/airflow/dags/airflow.py", line 23, in <module>
    from data_preprocessing_scripts.preprocessing import preprocess_data
ModuleNotFoundError: No module named 'data_preprocessing_scripts'
[2026-08-13T20:32:22.134+0000] {processor.py:841} WARNING - No viable dags retrieved from /opt/airflow/dags/airflow.py
[2026-08-13T20:32:22.142+0000] {processor.py:179} INFO - Processing /opt/airflow/dags/airflow.py took 0.085 seconds
[2026-08-13T20:32:52.390+0000] {processor.py:157} INFO - Started process (PID=10558) to work on /opt/airflow/dags/airflow.py
[2026-08-13T20:32:52.392+0000] {processor.py:829} INFO - Processing file /opt/airflow/dags/airflow.py for tasks to queue
[2026-08-13T20:32:52.394+0000] {logging_mixin.py:151} INFO - [2026-08-13T20:32:52.394+0000] {dagbag.py:536} INFO - Filling up the DagBag from /opt/airflow/dags/airflow.py
[2026-08-13T20:32:52.458+0000] {logging_mixin.py:151} INFO - [2026-08-13T20:32:52.458+0000] {dagbag.py:346} ERROR - Failed to import: /opt/airflow/dags/airflow.py
Traceback (most recent call last):
  File "/home/airflow/.local/lib/python3.8/site-packages/airflow/models/dagbag.py", line 342, in parse
    loader.exec_module(new_module)
  File "<frozen importlib._bootstrap_external>", line 843, in exec_module
  File "<frozen importlib._bootstrap>", line 219, in _call_with_frames_removed
  File "/opt/airflow/dags/airflow.py", line 23, in <module>
    from data_preprocessing_scripts.preprocessing import preprocess_data
ModuleNotFoundError: No module named 'data_preprocessing_scripts'
[2026-08-13T20:32:52.458+0000] {processor.py:841} WARNING - No viable dags retrieved from /opt/airflow/dags/airflow.py
[2026-08-13T20:32:52.466+0000] {processor.py:179} INFO - Processing /opt/airflow/dags/airflow.py took 0.079 seconds
[2026-08-13T20:33:22.716+0000] {processor.py:157} INFO - Started process (PID=10566) to work on /opt/airflow/dags/airflow.py
[2026-08-13T20:33:22.717+0000] {processor.py:829} INFO - Processing file /opt/airflow/dags/airflow.py for tasks to queue
[2026-08-13T20:33:22.721+0000] {logging_mixin.py:151} INFO - [2026-08-13T20:33:22.720+0000] {dagbag.py:536} INFO - Filling up the DagBag from /opt/airflow/dags/airflow.py
[2026-08-13T20:33:22.797+0000] {logging_mixin.py:151} INFO - [2026-08-13T20:33:22.796+0000] {dagbag.py:346} ERROR - Failed to import: /opt/airflow/dags/airflow.py
Traceback (most recent call last):
  File "/home/airflow/.local/lib/python3.8/site-packages/airflow/models/dagbag.py", line 342, in parse
    loader.exec_module(new_module)
  File "<frozen importlib._bootstrap_external>", line 843, in exec_module
  File "<frozen importlib._bootstrap>", line 219, in _call_with_frames_removed
  File "/opt/airflow/dags/airflow.py", line 23, in <module>
    from data_preprocessing_scripts.preprocessing import preprocess_data
ModuleNotFoundError: No module named 'data_preprocessing_scripts'
[2026-08-13T20:33:22.797+0000] {processor.py:841} WARNING - No viable dags retrieved from /opt/airflow/dags/airflow.py
[2026-08-13T20:33:22.804+0000] {processor.py:179} INFO - Processing /opt/airflow/dags/airflow.py took 0.094 seconds
[2026-08-13T20:33:53.048+0000] {processor.py:157} INFO - Started process (PID=10574) to work on /opt/airflow/dags/airflow.py
[2026-08-13T20:33:53.049+0000] {processor.py:829} INFO - Processing file /opt/airflow/dags/airflow.py for tasks to queue
[2026-08-13T20:33:53.053+0000] {logging_mixin.py:151} INFO - [2026-08-13T20:33:53.053+0000] {dagbag.py:536} INFO - Filling up the DagBag from /opt/airflow/dags/airflow.py
[2026-08-13T20:33:53.114+0000] {logging_mixin.py:151} INFO - [2026-08-13T20:33:53.113+0000] {dagbag.py:346} ERROR - Failed to import: /opt/airflow/dags/airflow.py
Traceback (most recent call last):
  File "/home/airflow/.local/lib/python3.8/site-packages/airflow/models/dagbag.py", line 342, in parse
    loader.exec_module(new_module)
  File "<frozen importlib._bootstrap_external>", line 843, in exec_module
  File "<frozen importlib._bootstrap>", line 219, in _call_with_frames_removed
  File "/opt/airflow/dags/airflow.py", line 23, in <module>
    from data_preprocessing_scripts.preprocessing import preprocess_data
ModuleNotFoundError: No module named 'data_preprocessing_scripts'
[2026-08-13T20:33:53.114+0000] {processor.py:841} WARNING - No viable dags retrieved from /opt/airflow/dags/airflow.py
[2026-08-13T20:33:53.122+0000] {processor.py:179} INFO - Processing /opt/airflow/dags/airflow.py took 0.076 seconds
[2026-08-13T20:34:23.395+0000] {processor.py:157} INFO - Started process (PID=10582) to work on /opt/airflow/dags/airflow.py
[2026-08-13T20:34:23.396+0000] {processor.py:829} INFO - Processing file /opt/airflow/dags/airflow.py for tasks to queue
[2026-08-13T20:34:23.401+0000] {logging_mixin.py:151} INFO - [2026-08-13T20:34:23.401+0000] {dagbag.py:536} INFO - Filling up the DagBag from /opt/airflow/dags/airflow.py
[2026-08-13T20:34:23.475+0000] {logging_mixin.py:151} INFO - [2026-08-13T20:34:23.474+0000] {dagbag.py:346} ERROR - Failed to import: /opt/airflow/dags/airflow.py
Traceback (most recent call last):
  File "/home/airflow/.local/lib/python3.8/site-packages/airflow/models/dagbag.py", line 342, in parse
    loader.exec_module(new_module)
  File "<frozen importlib._bootstrap_external>", line 843, in exec_module
  File "<frozen importlib._bootstrap>", line 219, in _call_with_frames_removed
  File "/opt/airflow/dags/airflow.py", line 23, in <module>
    from data_preprocessing_scripts.preprocessing import preprocess_data
ModuleNotFoundError: No module named 'data_preprocessing_scripts'
[2026-08-13T20:34:23.475+0000] {processor.py:841} WARNING - No viable dags retrieved from /opt/airflow/dags/airflow.py
[2026-08-13T20:34:23.484+0000] {processor.py:179} INFO - Processing /opt/airflow/dags/airflow.py took 0.096 seconds
[2026-08-13T20:34:53.756+0000] {processor.py:157} INFO - Started process (PID=10590) to work on /opt/airflow/dags/airflow.py
[2026-08-13T20:34:53.757+0000] {processor.py:829} INFO - Processing file /opt/airflow/dags/airflow.py for tasks to queue
[2026-08-13T20:34:53.760+0000] {logging_mixin.py:151} INFO - [2026-08-13T20:34:53.759+0000] {dagbag.py:536} INFO - Filling up the DagBag from /opt/airflow/dags/airflow.py
[2026-08-13T20:34:53.821+0000] {logging_mixin.py:151} INFO - [2026-08-13T20:34:53.820+0000] {dagbag.py:346} ERROR - Failed to import: /opt/airflow/dags/airflow.py
Traceback (most recent call last):
  File "/home/airflow/.local/lib/python3.8/site-packages/airflow/models/dagbag.py", line 342, in parse
    loader.exec_module(new_module)
  File "<frozen importlib._bootstrap_external>", line 843, in exec_module
  File "<frozen importlib._bootstrap>", line 219, in _call_with_frames_removed
  File "/opt/airflow/dags/airflow.py", line 23, in <module>
    from data_preprocessing_scripts.preprocessing import preprocess_data
ModuleNotFoundError: No module named 'data_preprocessing_scripts'
[2026-08-13T20:34:53.821+0000] {processor.py:841} WARNING - No viable dags retrieved from /opt/airflow/dags/airflow.py
[2026-08-13T20:34:53.829+0000] {processor.py:179} INFO - Processing /opt/airflow/dags/airflow.py took 0.076 seconds
[2026-08-13T20:35:24.035+0000] {processor.py:157} INFO - Started process (PID=10598) to work on /opt/airflow/dags/airflow.py
[2026-08-13T20:35:24.037+0000] {processor.py:829} INFO - Processing file /opt/airflow/dags/airflow.py for tasks to queue
[2026-08-13T20:35:24.042+0000] {logging_mixin.py:151} INFO - [2026-08-13T20:35:24.040+0000] {dagbag.py:536} INFO - Filling up the DagBag from /opt/airflow/dags/airflow.py
[2026-08-13T20:35:24.104+0000] {logging_mixin.py:151} INFO - [2026-08-13T20:35:24.104+0000] {dagbag.py:346} ERROR - Failed to import: /opt/airflow/dags/airflow.py
Traceback (most recent call last):
  File "/home/airflow/.local/lib/python3.8/site-packages/airflow/models/dagbag.py", line 342, in parse
    loader.exec_module(new_module)
  File "<frozen importlib._bootstrap_external>", line 843, in exec_module
  File "<frozen importlib._bootstrap>", line 219, in _call_with_frames_removed
  File "/opt/airflow/dags/airflow.py", line 23, in <module>
    from data_preprocessing_scripts.preprocessing import preprocess_data
ModuleNotFoundError: No module named 'data_preprocessing_scripts'
[2026-08-13T20:35:24.105+0000] {processor.py:841} WARNING - No viable dags retrieved from /opt/airflow/dags/airflow.py
[2026-08-13T20:35:24.112+0000] {processor.py:179} INFO - Processing /opt/airflow/dags/airflow.py took 0.081 seconds
[2026-08-13T20:35:54.352+0000] {processor.py:157} INFO - Started process (PID=10606) to work on /opt/airflow/dags/airflow.py
[2026-08-13T20:35:54.354+0000] {processor.py:829} INFO - Processing file /opt/airflow/dags/airflow.py for tasks to queue
[2026-08-13T20:35:54.356+0000] {logging_mixin.py:151} INFO - [2026-08-13T20:35:54.356+0000] {dagbag.py:536} INFO - Filling up the DagBag from /opt/airflow/dags/airflow.py
[2026-08-13T20:35:54.416+0000] {logging_mixin.py:151} INFO - [2026-08-13T20:35:54.416+0000] {dagbag.py:346} ERROR - Failed to import: /opt/airflow/dags/airflow.py
Traceback (most recent call last):
  File "/home/airflow/.local/lib/python3.8/site-packages/airflow/models/dagbag.py", line 342, in parse
    loader.exec_module(new_module)
  File "<frozen importlib._bootstrap_external>", line 843, in exec_module
  File "<frozen importlib._bootstrap>", line 219, in _call_with_frames_removed
  File "/opt/airflow/dags/airflow.py", line 23, in <module>
    from data_preprocessing_scripts.preprocessing import preprocess_data
ModuleNotFoundError: No module named 'data_preprocessing_scripts'
[2026-08-13T20:35:54.416+0000] {processor.py:841} WARNING - No viable dags retrieved from /opt/airflow/dags/airflow.py
[2026-08-13T20:35:54.424+0000] {processor.py:179} INFO - Processing /opt/airflow/dags/airflow.py took 0.075 seconds
[2026-08-13T20:36:24.633+0000] {processor.py:157} INFO - Started process (PID=10614) to work on /opt/airflow/dags/airflow.py
[2026-08-13T20:36:24.634+0000] {processor.py:829} INFO - Processing file /opt/airflow/dags/airflow.py for tasks to queue
[2026-08-13T20:36:24.639+0000] {logging_mixin.py:151} INFO - [2026-08-13T20:36:24.638+0000] {dagbag.py:536} INFO - Filling up the DagBag from /opt/airflow/dags/airflow.py
[2026-08-13T20:36:24.701+0000] {logging_mixin.py:151} INFO - [2026-08-13T20:36:24.701+0000] {dagbag.py:346} ERROR - Failed to import: /opt/airflow/dags/airflow.py
Traceback (most recent call last):
  File "/home/airflow/.local/lib/python3.8/site-packages/airflow/models/dagbag.py", line 342, in parse
    loader.exec_module(new_module)
  File "<frozen importlib._bootstrap_external>", line 843, in exec_module
  File "<frozen importlib._bootstrap>", line 219, in _call_with_frames_removed
  File "/opt/airflow/dags/airflow.py", line 23, in <module>
    from data_preprocessing_scripts.preprocessing import preprocess_data
ModuleNotFoundError: No module named 'data_preprocessing_scripts'
[2026-08-13T20:36:24.702+0000] {processor.py:841} WARNING - No viable dags retrieved from /opt/airflow/dags/airflow.py
[2026-08-13T20:36:24.709+0000] {processor.py:179} INFO - Processing /opt/airflow/dags/airflow.py took 0.079 seconds
[2026-08-13T20:36:54.983+0000] {processor.py:157} INFO - Started process (PID=10622) to work on /opt/airflow/dags/airflow.py
[2026-08-13T20:36:54.984+0000] {processor.py:829} INFO - Processing file /opt/airflow/dags/airflow.py for tasks to queue
[2026-08-13T20:36:54.988+0000] {logging_mixin.py:151} INFO - [2026-08-13T20:36:54.988+0000] {dagbag.py:536} INFO - Filling up the DagBag from /opt/airflow/dags/airflow.py
[2026-08-13T20:36:55.049+0000] {logging_mixin.py:151} INFO - [2026-08-13T20:36:55.048+0000] {dagbag.py:346} ERROR - Failed to import: /opt/airflow/dags/airflow.py
Traceback (most recent call last):
  File "/home/airflow/.local/lib/python3.8/site-packages/airflow/models/dagbag.py", line 342, in parse
    loader.exec_module(new_module)
  File "<frozen importlib._bootstrap_external>", line 843, in exec_module
  File "<frozen importlib._bootstrap>", line 219, in _call_with_frames_removed
  File "/opt/airflow/dags/airflow.py", line 23, in <module>
    from data_preprocessing_scripts.preprocessing import preprocess_data
ModuleNotFoundError: No module named 'data_preprocessing_scripts'
[2026-08-13T20:36:55.049+0000] {processor.py:841} WARNING - No viable dags retrieved from /opt/airflow/dags/airflow.py
[2026-08-13T20:36:55.057+0000] {processor.py:179} INFO - Processing /opt/airflow/dags/airflow.py took 0.077 seconds
[2026-08-13T20:37:25.353+0000] {processor.py:157} INFO - Started process (PID=10630) to work on /opt/airflow/dags/airflow.py
[2026-08-13T20:37:25.355+0000] {processor.py:829} INFO - Processing file /opt/airflow/dags/airflow.py for tasks to queue
[2026-08-13T20:37:25.359+0000] {logging_mixin.py:151} INFO - [2026-08-13T20:37:25.359+0000] {dagbag.py:536} INFO - Filling up the DagBag from /opt/airflow/dags/airflow.py
[2026-08-13T20:37:25.439+0000] {logging_mixin.py:151} INFO - [2026-08-13T20:37:25.438+0000] {dagbag.py:346} ERROR - Failed to import: /opt/airflow/dags/airflow.py
Traceback (most recent call last):
  File "/home/airflow/.local/lib/python3.8/site-packages/airflow/models/dagbag.py", line 342, in parse
    loader.exec_module(new_module)
  File "<frozen importlib._bootstrap_external>", line 843, in exec_module
  File "<frozen importlib._bootstrap>", line 219, in _call_with_frames_removed
  File "/opt/airflow/dags/airflow.py", line 23, in <module>
    from data_preprocessing_scripts.preprocessing import preprocess_data
ModuleNotFoundError: No module named 'data_preprocessing_scripts'
[2026-08-13T20:37:25.439+0000] {processor.py:841} WARNING - No viable dags retrieved from /opt/airflow/dags/airflow.py
[2026-08-13T20:37:25.447+0000] {processor.py:179} INFO - Processing /opt/airflow/dags/airflow.py took 0.100 seconds
[2026-08-13T20:37:55.728+0000] {processor.py:157} INFO - Started process (PID=10638) to work on /opt/airflow/dags/airflow.py
[2026-08-13T20:37:55.729+0000] {processor.py:829} INFO - Processing file /opt/airflow/dags/airflow.py for tasks to queue
[2026-08-13T20:37:55.731+0000] {logging_mixin.py:151} INFO - [2026-08-13T20:37:55.730+0000] {dagbag.py:536} INFO - Filling up the DagBag from /opt/airflow/dags/airflow.py
[2026-08-13T20:37:55.794+0000] {logging_mixin.py:151} INFO - [2026-08-13T20:37:55.794+0000] {dagbag.py:346} ERROR - Failed to import: /opt/airflow/dags/airflow.py
Traceback (most recent call last):
  File "/home/airflow/.local/lib/python3.8/site-packages/airflow/models/dagbag.py", line 342, in parse
    loader.exec_module(new_module)
  File "<frozen importlib._bootstrap_external>", line 843, in exec_module
  File "<frozen importlib._bootstrap>", line 219, in _call_with_frames_removed
  File "/opt/airflow/dags/airflow.py", line 23, in <module>
    from data_preprocessing_scripts.preprocessing import preprocess_data
ModuleNotFoundError: No module named 'data_preprocessing_scripts'
[2026-08-13T20:37:55.795+0000] {processor.py:841} WARNING - No viable dags retrieved from /opt/airflow/dags/airflow.py
[2026-08-13T20:37:55.802+0000] {processor.py:179} INFO - Processing /opt/airflow/dags/airflow.py took 0.078 seconds
[2026-08-13T20:38:26.085+0000] {processor.py:157} INFO - Started process (PID=10646) to work on /opt/airflow/dags/airflow.py
[2026-08-13T20:38:26.086+0000] {processor.py:829} INFO - Processing file /opt/airflow/dags/airflow.py for tasks to queue
[2026-08-13T20:38:26.087+0000] {logging_mixin.py:151} INFO - [2026-08-13T20:38:26.087+0000] {dagbag.py:536} INFO - Filling up the DagBag from /opt/airflow/dags/airflow.py
[2026-08-13T20:38:26.145+0000] {logging_mixin.py:151} INFO - [2026-08-13T20:38:26.145+0000] {dagbag.py:346} ERROR - Failed to import: /opt/airflow/dags/airflow.py
Traceback (most recent call last):
  File "/home/airflow/.local/lib/python3.8/site-packages/airflow/models/dagbag.py", line 342, in parse
    loader.exec_module(new_module)
  File "<frozen importlib._bootstrap_external>", line 843, in exec_module
  File "<frozen importlib._bootstrap>", line 219, in _call_with_frames_removed
  File "/opt/airflow/dags/airflow.py", line 23, in <module>
    from data_preprocessing_scripts.preprocessing import preprocess_data
ModuleNotFoundError: No module named 'data_preprocessing_scripts'
[2026-08-13T20:38:26.146+0000] {processor.py:841} WARNING - No viable dags retrieved from /opt/airflow/dags/airflow.py
[2026-08-13T20:38:26.153+0000] {processor.py:179} INFO - Processing /opt/airflow/dags/airflow.py took 0.070 seconds
[2026-08-13T20:38:56.391+0000] {processor.py:157} INFO - Started process (PID=10654) to work on /opt/airflow/dags/airflow.py
[2026-08-13T20:38:56.392+0000] {processor.py:829} INFO - Processing file /opt/airflow/dags/airflow.py for tasks to queue
[2026-08-13T20:38:56.395+0000] {logging_mixin.py:151} INFO - [2026-08-13T20:38:56.394+0000] {dagbag.py:536} INFO - Filling up the DagBag from /opt/airflow/dags/airflow.py
[2026-08-13T20:38:56.460+0000] {logging_mixin.py:151} INFO - [2026-08-13T20:38:56.459+0000] {dagbag.py:346} ERROR - Failed to import: /opt/airflow/dags/airflow.py
Traceback (most recent call last):
  File "/home/airflow/.local/lib/python3.8/site-packages/airflow/models/dagbag.py", line 342, in parse
    loader.exec_module(new_module)
  File "<frozen importlib._bootstrap_external>", line 843, in exec_module
  File "<frozen importlib._bootstrap>", line 219, in _call_with_frames_removed
  File "/opt/airflow/dags/airflow.py", line 23, in <module>
    from data_preprocessing_scripts.preprocessing import preprocess_data
ModuleNotFoundError: No module named 'data_preprocessing_scripts'
[2026-08-13T20:38:56.460+0000] {processor.py:841} WARNING - No viable dags retrieved from /opt/airflow/dags/airflow.py
[2026-08-13T20:38:56.467+0000] {processor.py:179} INFO - Processing /opt/airflow/dags/airflow.py took 0.079 seconds
[2026-08-13T20:39:26.764+0000] {processor.py:157} INFO - Started process (PID=10662) to work on /opt/airflow/dags/airflow.py
[2026-08-13T20:39:26.764+0000] {processor.py:829} INFO - Processing file /opt/airflow/dags/airflow.py for tasks to queue
[2026-08-13T20:39:26.768+0000] {logging_mixin.py:151} INFO - [2026-08-13T20:39:26.767+0000] {dagbag.py:536} INFO - Filling up the DagBag from /opt/airflow/dags/airflow.py
[2026-08-13T20:39:26.830+0000] {logging_mixin.py:151} INFO - [2026-08-13T20:39:26.829+0000] {dagbag.py:346} ERROR - Failed to import: /opt/airflow/dags/airflow.py
Traceback (most recent call last):
  File "/home/airflow/.local/lib/python3.8/site-packages/airflow/models/dagbag.py", line 342, in parse
    loader.exec_module(new_module)
  File "<frozen importlib._bootstrap_external>", line 843, in exec_module
  File "<frozen importlib._bootstrap>", line 219, in _call_with_frames_removed
  File "/opt/airflow/dags/airflow.py", line 23, in <module>
    from data_preprocessing_scripts.preprocessing import preprocess_data
ModuleNotFoundError: No module named 'data_preprocessing_scripts'
[2026-08-13T20:39:26.830+0000] {processor.py:841} WARNING - No viable dags retrieved from /opt/airflow/dags/airflow.py
[2026-08-13T20:39:26.837+0000] {processor.py:179} INFO - Processing /opt/airflow/dags/airflow.py took 0.075 seconds
[2026-08-13T20:39:57.166+0000] {processor.py:157} INFO - Started process (PID=10670) to work on /opt/airflow/dags/airflow.py
[2026-08-13T20:39:57.167+0000] {processor.py:829} INFO - Processing file /opt/airflow/dags/airflow.py for tasks to queue
[2026-08-13T20:39:57.170+0000] {logging_mixin.py:151} INFO - [2026-08-13T20:39:57.169+0000] {dagbag.py:536} INFO - Filling up the DagBag from /opt/airflow/dags/airflow.py
[2026-08-13T20:39:57.234+0000] {logging_mixin.py:151} INFO - [2026-08-13T20:39:57.233+0000] {dagbag.py:346} ERROR - Failed to import: /opt/airflow/dags/airflow.py
Traceback (most recent call last):
  File "/home/airflow/.local/lib/python3.8/site-packages/airflow/models/dagbag.py", line 342, in parse
    loader.exec_module(new_module)
  File "<frozen importlib._bootstrap_external>", line 843, in exec_module
  File "<frozen importlib._bootstrap>", line 219, in _call_with_frames_removed
  File "/opt/airflow/dags/airflow.py", line 23, in <module>
    from data_preprocessing_scripts.preprocessing import preprocess_data
ModuleNotFoundError: No module named 'data_preprocessing_scripts'
[2026-08-13T20:39:57.234+0000] {processor.py:841} WARNING - No viable dags retrieved from /opt/airflow/dags/airflow.py
[2026-08-13T20:39:57.242+0000] {processor.py:179} INFO - Processing /opt/airflow/dags/airflow.py took 0.078 seconds
[2026-08-13T20:40:27.546+0000] {processor.py:157} INFO - Started process (PID=10678) to work on /opt/airflow/dags/airflow.py
[2026-08-13T20:40:27.547+0000] {processor.py:829} INFO - Processing file /opt/airflow/dags/airflow.py for tasks to queue
[2026-08-13T20:40:27.551+0000] {logging_mixin.py:151} INFO - [2026-08-13T20:40:27.551+0000] {dagbag.py:536} INFO - Filling up the DagBag from /opt/airflow/dags/airflow.py
[2026-08-13T20:40:27.616+0000] {logging_mixin.py:151} INFO - [2026-08-13T20:40:27.616+0000] {dagbag.py:346} ERROR - Failed to import: /opt/airflow/dags/airflow.py
Traceback (most recent call last):
  File "/home/airflow/.local/lib/python3.8/site-packages/airflow/models/dagbag.py", line 342, in parse
    loader.exec_module(new_module)
  File "<frozen importlib._bootstrap_external>", line 843, in exec_module
  File "<frozen importlib._bootstrap>", line 219, in _call_with_frames_removed
  File "/opt/airflow/dags/airflow.py", line 23, in <module>
    from data_preprocessing_scripts.preprocessing import preprocess_data
ModuleNotFoundError: No module named 'data_preprocessing_scripts'
[2026-08-13T20:40:27.616+0000] {processor.py:841} WARNING - No viable dags retrieved from /opt/airflow/dags/airflow.py
[2026-08-13T20:40:27.626+0000] {processor.py:179} INFO - Processing /opt/airflow/dags/airflow.py took 0.084 seconds
[2026-08-13T20:40:57.825+0000] {processor.py:157} INFO - Started process (PID=10686) to work on /opt/airflow/dags/airflow.py
[2026-08-13T20:40:57.826+0000] {processor.py:829} INFO - Processing file /opt/airflow/dags/airflow.py for tasks to queue
[2026-08-13T20:40:57.828+0000] {logging_mixin.py:151} INFO - [2026-08-13T20:40:57.828+0000] {dagbag.py:536} INFO - Filling up the DagBag from /opt/airflow/dags/airflow.py
[2026-08-13T20:40:57.887+0000] {logging_mixin.py:151} INFO - [2026-08-13T20:40:57.887+0000] {dagbag.py:346} ERROR - Failed to import: /opt/airflow/dags/airflow.py
Traceback (most recent call last):
  File "/home/airflow/.local/lib/python3.8/site-packages/airflow/models/dagbag.py", line 342, in parse
    loader.exec_module(new_module)
  File "<frozen importlib._bootstrap_external>", line 843, in exec_module
  File "<frozen importlib._bootstrap>", line 219, in _call_with_frames_removed
  File "/opt/airflow/dags/airflow.py", line 23, in <module>
    from data_preprocessing_scripts.preprocessing import preprocess_data
ModuleNotFoundError: No module named 'data_preprocessing_scripts'
[2026-08-13T20:40:57.888+0000] {processor.py:841} WARNING - No viable dags retrieved from /opt/airflow/dags/airflow.py
[2026-08-13T20:40:57.895+0000] {processor.py:179} INFO - Processing /opt/airflow/dags/airflow.py took 0.072 seconds
[2026-08-13T20:41:28.158+0000] {processor.py:157} INFO - Started process (PID=10694) to work on /opt/airflow/dags/airflow.py
[2026-08-13T20:41:28.159+0000] {processor.py:829} INFO - Processing file /opt/airflow/dags/airflow.py for tasks to queue
[2026-08-13T20:41:28.161+0000] {logging_mixin.py:151} INFO - [2026-08-13T20:41:28.161+0000] {dagbag.py:536} INFO - Filling up the DagBag from /opt/airflow/dags/airflow.py
[2026-08-13T20:41:28.223+0000] {logging_mixin.py:151} INFO - [2026-08-13T20:41:28.223+0000] {dagbag.py:346} ERROR - Failed to import: /opt/airflow/dags/airflow.py
Traceback (most recent call last):
  File "/home/airflow/.local/lib/python3.8/site-packages/airflow/models/dagbag.py", line 342, in parse
    loader.exec_module(new_module)
  File "<frozen importlib._bootstrap_external>", line 843, in exec_module
  File "<frozen importlib._bootstrap>", line 219, in _call_with_frames_removed
  File "/opt/airflow/dags/airflow.py", line 23, in <module>
    from data_preprocessing_scripts.preprocessing import preprocess_data
ModuleNotFoundError: No module named 'data_preprocessing_scripts'
[2026-08-13T20:41:28.224+0000] {processor.py:841} WARNING - No viable dags retrieved from /opt/airflow/dags/airflow.py
[2026-08-13T20:41:28.231+0000] {processor.py:179} INFO - Processing /opt/airflow/dags/airflow.py took 0.075 seconds
[2026-08-13T20:41:58.567+0000] {processor.py:157} INFO - Started process (PID=10702) to work on /opt/airflow/dags/airflow.py
[2026-08-13T20:41:58.568+0000] {processor.py:829} INFO - Processing file /opt/airflow/dags/airflow.py for tasks to queue
[2026-08-13T20:41:58.571+0000] {logging_mixin.py:151} INFO - [2026-08-13T20:41:58.571+0000] {dagbag.py:536} INFO - Filling up the DagBag from /opt/airflow/dags/airflow.py
[2026-08-13T20:41:58.631+0000] {logging_mixin.py:151} INFO - [2026-08-13T20:41:58.630+0000] {dagbag.py:346} ERROR - Failed to import: /opt/airflow/dags/airflow.py
Traceback (most recent call last):
  File "/home/airflow/.local/lib/python3.8/site-packages/airflow/models/dagbag.py", line 342, in parse
    loader.exec_module(new_module)
  File "<frozen importlib._bootstrap_external>", line 843, in exec_module
  File "<frozen importlib._bootstrap>", line 219, in _call_with_frames_removed
  File "/opt/airflow/dags/airflow.py", line 23, in <module>
    from data_preprocessing_scripts.preprocessing import preprocess_data
ModuleNotFoundError: No module named 'data_preprocessing_scripts'
[2026-08-13T20:41:58.631+0000] {processor.py:841} WARNING - No viable dags retrieved from /opt/airflow/dags/airflow.py
[2026-08-13T20:41:58.638+0000] {processor.py:179} INFO - Processing /opt/airflow/dags/airflow.py took 0.074 seconds
[2026-08-13T20:42:28.916+0000] {processor.py:157} INFO - Started process (PID=10710) to work on /opt/airflow/dags/airflow.py
[2026-08-13T20:42:28.917+0000] {processor.py:829} INFO - Processing file /opt/airflow/dags/airflow.py for tasks to queue
[2026-08-13T20:42:28.922+0000] {logging_mixin.py:151} INFO - [2026-08-13T20:42:28.921+0000] {dagbag.py:536} INFO - Filling up the DagBag from /opt/airflow/dags/airflow.py
[2026-08-13T20:42:28.994+0000] {logging_mixin.py:151} INFO - [2026-08-13T20:42:28.994+0000] {dagbag.py:346} ERROR - Failed to import: /opt/airflow/dags/airflow.py
Traceback (most recent call last):
  File "/home/airflow/.local/lib/python3.8/site-packages/airflow/models/dagbag.py", line 342, in parse
    loader.exec_module(new_module)
  File "<frozen importlib._bootstrap_external>", line 843, in exec_module
  File "<frozen importlib._bootstrap>", line 219, in _call_with_frames_removed
  File "/opt/airflow/dags/airflow.py", line 23, in <module>
    from data_preprocessing_scripts.preprocessing import preprocess_data
ModuleNotFoundError: No module named 'data_preprocessing_scripts'
[2026-08-13T20:42:28.994+0000] {processor.py:841} WARNING - No viable dags retrieved from /opt/airflow/dags/airflow.py
[2026-08-13T20:42:29.002+0000] {processor.py:179} INFO - Processing /opt/airflow/dags/airflow.py took 0.091 seconds
[2026-08-13T20:42:59.286+0000] {processor.py:157} INFO - Started process (PID=10718) to work on /opt/airflow/dags/airflow.py
[2026-08-13T20:42:59.287+0000] {processor.py:829} INFO - Processing file /opt/airflow/dags/airflow.py for tasks to queue
[2026-08-13T20:42:59.289+0000] {logging_mixin.py:151} INFO - [2026-08-13T20:42:59.289+0000] {dagbag.py:536} INFO - Filling up the DagBag from /opt/airflow/dags/airflow.py
[2026-08-13T20:42:59.351+0000] {logging_mixin.py:151} INFO - [2026-08-13T20:42:59.351+0000] {dagbag.py:346} ERROR - Failed to import: /opt/airflow/dags/airflow.py
Traceback (most recent call last):
  File "/home/airflow/.local/lib/python3.8/site-packages/airflow/models/dagbag.py", line 342, in parse
    loader.exec_module(new_module)
  File "<frozen importlib._bootstrap_external>", line 843, in exec_module
  File "<frozen importlib._bootstrap>", line 219, in _call_with_frames_removed
  File "/opt/airflow/dags/airflow.py", line 23, in <module>
    from data_preprocessing_scripts.preprocessing import preprocess_data
ModuleNotFoundError: No module named 'data_preprocessing_scripts'
[2026-08-13T20:42:59.351+0000] {processor.py:841} WARNING - No viable dags retrieved from /opt/airflow/dags/airflow.py
[2026-08-13T20:42:59.358+0000] {processor.py:179} INFO - Processing /opt/airflow/dags/airflow.py took 0.076 seconds
[2026-08-13T20:43:29.658+0000] {processor.py:157} INFO - Started process (PID=10726) to work on /opt/airflow/dags/airflow.py
[2026-08-13T20:43:29.659+0000] {processor.py:829} INFO - Processing file /opt/airflow/dags/airflow.py for tasks to queue
[2026-08-13T20:43:29.661+0000] {logging_mixin.py:151} INFO - [2026-08-13T20:43:29.661+0000] {dagbag.py:536} INFO - Filling up the DagBag from /opt/airflow/dags/airflow.py
[2026-08-13T20:43:29.722+0000] {logging_mixin.py:151} INFO - [2026-08-13T20:43:29.721+0000] {dagbag.py:346} ERROR - Failed to import: /opt/airflow/dags/airflow.py
Traceback (most recent call last):
  File "/home/airflow/.local/lib/python3.8/site-packages/airflow/models/dagbag.py", line 342, in parse
    loader.exec_module(new_module)
  File "<frozen importlib._bootstrap_external>", line 843, in exec_module
  File "<frozen importlib._bootstrap>", line 219, in _call_with_frames_removed
  File "/opt/airflow/dags/airflow.py", line 23, in <module>
    from data_preprocessing_scripts.preprocessing import preprocess_data
ModuleNotFoundError: No module named 'data_preprocessing_scripts'
[2026-08-13T20:43:29.722+0000] {processor.py:841} WARNING - No viable dags retrieved from /opt/airflow/dags/airflow.py
[2026-08-13T20:43:29.729+0000] {processor.py:179} INFO - Processing /opt/airflow/dags/airflow.py took 0.075 seconds
[2026-08-13T20:43:59.990+0000] {processor.py:157} INFO - Started process (PID=10734) to work on /opt/airflow/dags/airflow.py
[2026-08-13T20:43:59.991+0000] {processor.py:829} INFO - Processing file /opt/airflow/dags/airflow.py for tasks to queue
[2026-08-13T20:43:59.994+0000] {logging_mixin.py:151} INFO - [2026-08-13T20:43:59.994+0000] {dagbag.py:536} INFO - Filling up the DagBag from /opt/airflow/dags/airflow.py
[2026-08-13T20:44:00.055+0000] {logging_mixin.py:151} INFO - [2026-08-13T20:44:00.055+0000] {dagbag.py:346} ERROR - Failed to import: /opt/airflow/dags/airflow.py
Traceback (most recent call last):
  File "/home/airflow/.local/lib/python3.8/site-packages/airflow/models/dagbag.py", line 342, in parse
    loader.exec_module(new_module)
  File "<frozen importlib._bootstrap_external>", line 843, in exec_module
  File "<frozen importlib._bootstrap>", line 219, in _call_with_frames_removed
  File "/opt/airflow/dags/airflow.py", line 23, in <module>
    from data_preprocessing_scripts.preprocessing import preprocess_data
ModuleNotFoundError: No module named 'data_preprocessing_scripts'
[2026-08-13T20:44:00.055+0000] {processor.py:841} WARNING - No viable dags retrieved from /opt/airflow/dags/airflow.py
[2026-08-13T20:44:00.063+0000] {processor.py:179} INFO - Processing /opt/airflow/dags/airflow.py took 0.076 seconds
[2026-08-13T20:44:30.316+0000] {processor.py:157} INFO - Started process (PID=10742) to work on /opt/airflow/dags/airflow.py
[2026-08-13T20:44:30.317+0000] {processor.py:829} INFO - Processing file /opt/airflow/dags/airflow.py for tasks to queue
[2026-08-13T20:44:30.322+0000] {logging_mixin.py:151} INFO - [2026-08-13T20:44:30.322+0000] {dagbag.py:536} INFO - Filling up the DagBag from /opt/airflow/dags/airflow.py
[2026-08-13T20:44:30.386+0000] {logging_mixin.py:151} INFO - [2026-08-13T20:44:30.386+0000] {dagbag.py:346} ERROR - Failed to import: /opt/airflow/dags/airflow.py
Traceback (most recent call last):
  File "/home/airflow/.local/lib/python3.8/site-packages/airflow/models/dagbag.py", line 342, in parse
    loader.exec_module(new_module)
  File "<frozen importlib._bootstrap_external>", line 843, in exec_module
  File "<frozen importlib._bootstrap>", line 219, in _call_with_frames_removed
  File "/opt/airflow/dags/airflow.py", line 23, in <module>
    from data_preprocessing_scripts.preprocessing import preprocess_data
ModuleNotFoundError: No module named 'data_preprocessing_scripts'
[2026-08-13T20:44:30.386+0000] {processor.py:841} WARNING - No viable dags retrieved from /opt/airflow/dags/airflow.py
[2026-08-13T20:44:30.394+0000] {processor.py:179} INFO - Processing /opt/airflow/dags/airflow.py took 0.082 seconds
[2026-08-13T20:45:00.716+0000] {processor.py:157} INFO - Started process (PID=10750) to work on /opt/airflow/dags/airflow.py
[2026-08-13T20:45:00.717+0000] {processor.py:829} INFO - Processing file /opt/airflow/dags/airflow.py for tasks to queue
[2026-08-13T20:45:00.719+0000] {logging_mixin.py:151} INFO - [2026-08-13T20:45:00.718+0000] {dagbag.py:536} INFO - Filling up the DagBag from /opt/airflow/dags/airflow.py
[2026-08-13T20:45:00.776+0000] {logging_mixin.py:151} INFO - [2026-08-13T20:45:00.776+0000] {dagbag.py:346} ERROR - Failed to import: /opt/airflow/dags/airflow.py
Traceback (most recent call last):
  File "/home/airflow/.local/lib/python3.8/site-packages/airflow/models/dagbag.py", line 342, in parse
    loader.exec_module(new_module)
  File "<frozen importlib._bootstrap_external>", line 843, in exec_module
  File "<frozen importlib._bootstrap>", line 219, in _call_with_frames_removed
  File "/opt/airflow/dags/airflow.py", line 23, in <module>
    from data_preprocessing_scripts.preprocessing import preprocess_data
ModuleNotFoundError: No module named 'data_preprocessing_scripts'
[2026-08-13T20:45:00.776+0000] {processor.py:841} WARNING - No viable dags retrieved from /opt/airflow/dags/airflow.py
[2026-08-13T20:45:00.784+0000] {processor.py:179} INFO - Processing /opt/airflow/dags/airflow.py took 0.071 seconds
[2026-08-13T20:45:31.069+0000] {processor.py:157} INFO - Started process (PID=10758) to work on /opt/airflow/dags/airflow.py
[2026-08-13T20:45:31.070+0000] {processor.py:829} INFO - Processing file /opt/airflow/dags/airflow.py for tasks to queue
[2026-08-13T20:45:31.074+0000] {logging_mixin.py:151} INFO - [2026-08-13T20:45:31.074+0000] {dagbag.py:536} INFO - Filling up the DagBag from /opt/airflow/dags/airflow.py
[2026-08-13T20:45:31.132+0000] {logging_mixin.py:151} INFO - [2026-08-13T20:45:31.132+0000] {dagbag.py:346} ERROR - Failed to import: /opt/airflow/dags/airflow.py
Traceback (most recent call last):
  File "/home/airflow/.local/lib/python3.8/site-packages/airflow/models/dagbag.py", line 342, in parse
    loader.exec_module(new_module)
  File "<frozen importlib._bootstrap_external>", line 843, in exec_module
  File "<frozen importlib._bootstrap>", line 219, in _call_with_frames_removed
  File "/opt/airflow/dags/airflow.py", line 23, in <module>
    from data_preprocessing_scripts.preprocessing import preprocess_data
ModuleNotFoundError: No module named 'data_preprocessing_scripts'
[2026-08-13T20:45:31.133+0000] {processor.py:841} WARNING - No viable dags retrieved from /opt/airflow/dags/airflow.py
[2026-08-13T20:45:31.141+0000] {processor.py:179} INFO - Processing /opt/airflow/dags/airflow.py took 0.075 seconds
[2026-08-13T20:46:01.435+0000] {processor.py:157} INFO - Started process (PID=10766) to work on /opt/airflow/dags/airflow.py
[2026-08-13T20:46:01.436+0000] {processor.py:829} INFO - Processing file /opt/airflow/dags/airflow.py for tasks to queue
[2026-08-13T20:46:01.438+0000] {logging_mixin.py:151} INFO - [2026-08-13T20:46:01.438+0000] {dagbag.py:536} INFO - Filling up the DagBag from /opt/airflow/dags/airflow.py
[2026-08-13T20:46:01.492+0000] {logging_mixin.py:151} INFO - [2026-08-13T20:46:01.491+0000] {dagbag.py:346} ERROR - Failed to import: /opt/airflow/dags/airflow.py
Traceback (most recent call last):
  File "/home/airflow/.local/lib/python3.8/site-packages/airflow/models/dagbag.py", line 342, in parse
    loader.exec_module(new_module)
  File "<frozen importlib._bootstrap_external>", line 843, in exec_module
  File "<frozen importlib._bootstrap>", line 219, in _call_with_frames_removed
  File "/opt/airflow/dags/airflow.py", line 23, in <module>
    from data_preprocessing_scripts.preprocessing import preprocess_data
ModuleNotFoundError: No module named 'data_preprocessing_scripts'
[2026-08-13T20:46:01.492+0000] {processor.py:841} WARNING - No viable dags retrieved from /opt/airflow/dags/airflow.py
[2026-08-13T20:46:01.500+0000] {processor.py:179} INFO - Processing /opt/airflow/dags/airflow.py took 0.067 seconds
[2026-08-13T20:46:31.782+0000] {processor.py:157} INFO - Started process (PID=10774) to work on /opt/airflow/dags/airflow.py
[2026-08-13T20:46:31.783+0000] {processor.py:829} INFO - Processing file /opt/airflow/dags/airflow.py for tasks to queue
[2026-08-13T20:46:31.786+0000] {logging_mixin.py:151} INFO - [2026-08-13T20:46:31.785+0000] {dagbag.py:536} INFO - Filling up the DagBag from /opt/airflow/dags/airflow.py
[2026-08-13T20:46:31.852+0000] {logging_mixin.py:151} INFO - [2026-08-13T20:46:31.851+0000] {dagbag.py:346} ERROR - Failed to import: /opt/airflow/dags/airflow.py
Traceback (most recent call last):
  File "/home/airflow/.local/lib/python3.8/site-packages/airflow/models/dagbag.py", line 342, in parse
    loader.exec_module(new_module)
  File "<frozen importlib._bootstrap_external>", line 843, in exec_module
  File "<frozen importlib._bootstrap>", line 219, in _call_with_frames_removed
  File "/opt/airflow/dags/airflow.py", line 23, in <module>
    from data_preprocessing_scripts.preprocessing import preprocess_data
ModuleNotFoundError: No module named 'data_preprocessing_scripts'
[2026-08-13T20:46:31.852+0000] {processor.py:841} WARNING - No viable dags retrieved from /opt/airflow/dags/airflow.py
[2026-08-13T20:46:31.860+0000] {processor.py:179} INFO - Processing /opt/airflow/dags/airflow.py took 0.081 seconds
[2026-08-13T20:47:02.183+0000] {processor.py:157} INFO - Started process (PID=10782) to work on /opt/airflow/dags/airflow.py
[2026-08-13T20:47:02.185+0000] {processor.py:829} INFO - Processing file /opt/airflow/dags/airflow.py for tasks to queue
[2026-08-13T20:47:02.189+0000] {logging_mixin.py:151} INFO - [2026-08-13T20:47:02.186+0000] {dagbag.py:536} INFO - Filling up the DagBag from /opt/airflow/dags/airflow.py
[2026-08-13T20:47:02.250+0000] {logging_mixin.py:151} INFO - [2026-08-13T20:47:02.250+0000] {dagbag.py:346} ERROR - Failed to import: /opt/airflow/dags/airflow.py
Traceback (most recent call last):
  File "/home/airflow/.local/lib/python3.8/site-packages/airflow/models/dagbag.py", line 342, in parse
    loader.exec_module(new_module)
  File "<frozen importlib._bootstrap_external>", line 843, in exec_module
  File "<frozen importlib._bootstrap>", line 219, in _call_with_frames_removed
  File "/opt/airflow/dags/airflow.py", line 23, in <module>
    from data_preprocessing_scripts.preprocessing import preprocess_data
ModuleNotFoundError: No module named 'data_preprocessing_scripts'
[2026-08-13T20:47:02.250+0000] {processor.py:841} WARNING - No viable dags retrieved from /opt/airflow/dags/airflow.py
[2026-08-13T20:47:02.259+0000] {processor.py:179} INFO - Processing /opt/airflow/dags/airflow.py took 0.079 seconds
[2026-08-13T20:47:32.538+0000] {processor.py:157} INFO - Started process (PID=10790) to work on /opt/airflow/dags/airflow.py
[2026-08-13T20:47:32.539+0000] {processor.py:829} INFO - Processing file /opt/airflow/dags/airflow.py for tasks to queue
[2026-08-13T20:47:32.543+0000] {logging_mixin.py:151} INFO - [2026-08-13T20:47:32.543+0000] {dagbag.py:536} INFO - Filling up the DagBag from /opt/airflow/dags/airflow.py
[2026-08-13T20:47:32.619+0000] {logging_mixin.py:151} INFO - [2026-08-13T20:47:32.619+0000] {dagbag.py:346} ERROR - Failed to import: /opt/airflow/dags/airflow.py
Traceback (most recent call last):
  File "/home/airflow/.local/lib/python3.8/site-packages/airflow/models/dagbag.py", line 342, in parse
    loader.exec_module(new_module)
  File "<frozen importlib._bootstrap_external>", line 843, in exec_module
  File "<frozen importlib._bootstrap>", line 219, in _call_with_frames_removed
  File "/opt/airflow/dags/airflow.py", line 23, in <module>
    from data_preprocessing_scripts.preprocessing import preprocess_data
ModuleNotFoundError: No module named 'data_preprocessing_scripts'
[2026-08-13T20:47:32.619+0000] {processor.py:841} WARNING - No viable dags retrieved from /opt/airflow/dags/airflow.py
[2026-08-13T20:47:32.627+0000] {processor.py:179} INFO - Processing /opt/airflow/dags/airflow.py took 0.094 seconds
[2026-08-13T20:48:02.911+0000] {processor.py:157} INFO - Started process (PID=10798) to work on /opt/airflow/dags/airflow.py
[2026-08-13T20:48:02.912+0000] {processor.py:829} INFO - Processing file /opt/airflow/dags/airflow.py for tasks to queue
[2026-08-13T20:48:02.914+0000] {logging_mixin.py:151} INFO - [2026-08-13T20:48:02.913+0000] {dagbag.py:536} INFO - Filling up the DagBag from /opt/airflow/dags/airflow.py
[2026-08-13T20:48:02.975+0000] {logging_mixin.py:151} INFO - [2026-08-13T20:48:02.974+0000] {dagbag.py:346} ERROR - Failed to import: /opt/airflow/dags/airflow.py
Traceback (most recent call last):
  File "/home/airflow/.local/lib/python3.8/site-packages/airflow/models/dagbag.py", line 342, in parse
    loader.exec_module(new_module)
  File "<frozen importlib._bootstrap_external>", line 843, in exec_module
  File "<frozen importlib._bootstrap>", line 219, in _call_with_frames_removed
  File "/opt/airflow/dags/airflow.py", line 23, in <module>
    from data_preprocessing_scripts.preprocessing import preprocess_data
ModuleNotFoundError: No module named 'data_preprocessing_scripts'
[2026-08-13T20:48:02.975+0000] {processor.py:841} WARNING - No viable dags retrieved from /opt/airflow/dags/airflow.py
[2026-08-13T20:48:02.982+0000] {processor.py:179} INFO - Processing /opt/airflow/dags/airflow.py took 0.074 seconds
[2026-08-13T20:48:33.243+0000] {processor.py:157} INFO - Started process (PID=10806) to work on /opt/airflow/dags/airflow.py
[2026-08-13T20:48:33.244+0000] {processor.py:829} INFO - Processing file /opt/airflow/dags/airflow.py for tasks to queue
[2026-08-13T20:48:33.248+0000] {logging_mixin.py:151} INFO - [2026-08-13T20:48:33.247+0000] {dagbag.py:536} INFO - Filling up the DagBag from /opt/airflow/dags/airflow.py
[2026-08-13T20:48:33.316+0000] {logging_mixin.py:151} INFO - [2026-08-13T20:48:33.315+0000] {dagbag.py:346} ERROR - Failed to import: /opt/airflow/dags/airflow.py
Traceback (most recent call last):
  File "/home/airflow/.local/lib/python3.8/site-packages/airflow/models/dagbag.py", line 342, in parse
    loader.exec_module(new_module)
  File "<frozen importlib._bootstrap_external>", line 843, in exec_module
  File "<frozen importlib._bootstrap>", line 219, in _call_with_frames_removed
  File "/opt/airflow/dags/airflow.py", line 23, in <module>
    from data_preprocessing_scripts.preprocessing import preprocess_data
ModuleNotFoundError: No module named 'data_preprocessing_scripts'
[2026-08-13T20:48:33.316+0000] {processor.py:841} WARNING - No viable dags retrieved from /opt/airflow/dags/airflow.py
[2026-08-13T20:48:33.323+0000] {processor.py:179} INFO - Processing /opt/airflow/dags/airflow.py took 0.086 seconds
[2026-08-13T20:49:03.588+0000] {processor.py:157} INFO - Started process (PID=10814) to work on /opt/airflow/dags/airflow.py
[2026-08-13T20:49:03.588+0000] {processor.py:829} INFO - Processing file /opt/airflow/dags/airflow.py for tasks to queue
[2026-08-13T20:49:03.593+0000] {logging_mixin.py:151} INFO - [2026-08-13T20:49:03.593+0000] {dagbag.py:536} INFO - Filling up the DagBag from /opt/airflow/dags/airflow.py
[2026-08-13T20:49:03.652+0000] {logging_mixin.py:151} INFO - [2026-08-13T20:49:03.651+0000] {dagbag.py:346} ERROR - Failed to import: /opt/airflow/dags/airflow.py
Traceback (most recent call last):
  File "/home/airflow/.local/lib/python3.8/site-packages/airflow/models/dagbag.py", line 342, in parse
    loader.exec_module(new_module)
  File "<frozen importlib._bootstrap_external>", line 843, in exec_module
  File "<frozen importlib._bootstrap>", line 219, in _call_with_frames_removed
  File "/opt/airflow/dags/airflow.py", line 23, in <module>
    from data_preprocessing_scripts.preprocessing import preprocess_data
ModuleNotFoundError: No module named 'data_preprocessing_scripts'
[2026-08-13T20:49:03.652+0000] {processor.py:841} WARNING - No viable dags retrieved from /opt/airflow/dags/airflow.py
[2026-08-13T20:49:03.661+0000] {processor.py:179} INFO - Processing /opt/airflow/dags/airflow.py took 0.076 seconds
[2026-08-13T20:49:33.938+0000] {processor.py:157} INFO - Started process (PID=10822) to work on /opt/airflow/dags/airflow.py
[2026-08-13T20:49:33.939+0000] {processor.py:829} INFO - Processing file /opt/airflow/dags/airflow.py for tasks to queue
[2026-08-13T20:49:33.943+0000] {logging_mixin.py:151} INFO - [2026-08-13T20:49:33.943+0000] {dagbag.py:536} INFO - Filling up the DagBag from /opt/airflow/dags/airflow.py
[2026-08-13T20:49:34.010+0000] {logging_mixin.py:151} INFO - [2026-08-13T20:49:34.010+0000] {dagbag.py:346} ERROR - Failed to import: /opt/airflow/dags/airflow.py
Traceback (most recent call last):
  File "/home/airflow/.local/lib/python3.8/site-packages/airflow/models/dagbag.py", line 342, in parse
    loader.exec_module(new_module)
  File "<frozen importlib._bootstrap_external>", line 843, in exec_module
  File "<frozen importlib._bootstrap>", line 219, in _call_with_frames_removed
  File "/opt/airflow/dags/airflow.py", line 23, in <module>
    from data_preprocessing_scripts.preprocessing import preprocess_data
ModuleNotFoundError: No module named 'data_preprocessing_scripts'
[2026-08-13T20:49:34.011+0000] {processor.py:841} WARNING - No viable dags retrieved from /opt/airflow/dags/airflow.py
[2026-08-13T20:49:34.018+0000] {processor.py:179} INFO - Processing /opt/airflow/dags/airflow.py took 0.084 seconds
[2026-08-13T20:50:04.237+0000] {processor.py:157} INFO - Started process (PID=10831) to work on /opt/airflow/dags/airflow.py
[2026-08-13T20:50:04.239+0000] {processor.py:829} INFO - Processing file /opt/airflow/dags/airflow.py for tasks to queue
[2026-08-13T20:50:04.241+0000] {logging_mixin.py:151} INFO - [2026-08-13T20:50:04.241+0000] {dagbag.py:536} INFO - Filling up the DagBag from /opt/airflow/dags/airflow.py
[2026-08-13T20:50:04.304+0000] {logging_mixin.py:151} INFO - [2026-08-13T20:50:04.303+0000] {dagbag.py:346} ERROR - Failed to import: /opt/airflow/dags/airflow.py
Traceback (most recent call last):
  File "/home/airflow/.local/lib/python3.8/site-packages/airflow/models/dagbag.py", line 342, in parse
    loader.exec_module(new_module)
  File "<frozen importlib._bootstrap_external>", line 843, in exec_module
  File "<frozen importlib._bootstrap>", line 219, in _call_with_frames_removed
  File "/opt/airflow/dags/airflow.py", line 23, in <module>
    from data_preprocessing_scripts.preprocessing import preprocess_data
ModuleNotFoundError: No module named 'data_preprocessing_scripts'
[2026-08-13T20:50:04.304+0000] {processor.py:841} WARNING - No viable dags retrieved from /opt/airflow/dags/airflow.py
[2026-08-13T20:50:04.312+0000] {processor.py:179} INFO - Processing /opt/airflow/dags/airflow.py took 0.077 seconds
[2026-08-13T20:50:34.598+0000] {processor.py:157} INFO - Started process (PID=10839) to work on /opt/airflow/dags/airflow.py
[2026-08-13T20:50:34.599+0000] {processor.py:829} INFO - Processing file /opt/airflow/dags/airflow.py for tasks to queue
[2026-08-13T20:50:34.604+0000] {logging_mixin.py:151} INFO - [2026-08-13T20:50:34.604+0000] {dagbag.py:536} INFO - Filling up the DagBag from /opt/airflow/dags/airflow.py
[2026-08-13T20:50:34.682+0000] {logging_mixin.py:151} INFO - [2026-08-13T20:50:34.681+0000] {dagbag.py:346} ERROR - Failed to import: /opt/airflow/dags/airflow.py
Traceback (most recent call last):
  File "/home/airflow/.local/lib/python3.8/site-packages/airflow/models/dagbag.py", line 342, in parse
    loader.exec_module(new_module)
  File "<frozen importlib._bootstrap_external>", line 843, in exec_module
  File "<frozen importlib._bootstrap>", line 219, in _call_with_frames_removed
  File "/opt/airflow/dags/airflow.py", line 23, in <module>
    from data_preprocessing_scripts.preprocessing import preprocess_data
ModuleNotFoundError: No module named 'data_preprocessing_scripts'
[2026-08-13T20:50:34.682+0000] {processor.py:841} WARNING - No viable dags retrieved from /opt/airflow/dags/airflow.py
[2026-08-13T20:50:34.690+0000] {processor.py:179} INFO - Processing /opt/airflow/dags/airflow.py took 0.098 seconds
[2026-08-13T20:51:04.996+0000] {processor.py:157} INFO - Started process (PID=10847) to work on /opt/airflow/dags/airflow.py
[2026-08-13T20:51:04.998+0000] {processor.py:829} INFO - Processing file /opt/airflow/dags/airflow.py for tasks to queue
[2026-08-13T20:51:05.000+0000] {logging_mixin.py:151} INFO - [2026-08-13T20:51:05.000+0000] {dagbag.py:536} INFO - Filling up the DagBag from /opt/airflow/dags/airflow.py
[2026-08-13T20:51:05.063+0000] {logging_mixin.py:151} INFO - [2026-08-13T20:51:05.062+0000] {dagbag.py:346} ERROR - Failed to import: /opt/airflow/dags/airflow.py
Traceback (most recent call last):
  File "/home/airflow/.local/lib/python3.8/site-packages/airflow/models/dagbag.py", line 342, in parse
    loader.exec_module(new_module)
  File "<frozen importlib._bootstrap_external>", line 843, in exec_module
  File "<frozen importlib._bootstrap>", line 219, in _call_with_frames_removed
  File "/opt/airflow/dags/airflow.py", line 23, in <module>
    from data_preprocessing_scripts.preprocessing import preprocess_data
ModuleNotFoundError: No module named 'data_preprocessing_scripts'
[2026-08-13T20:51:05.063+0000] {processor.py:841} WARNING - No viable dags retrieved from /opt/airflow/dags/airflow.py
[2026-08-13T20:51:05.077+0000] {processor.py:179} INFO - Processing /opt/airflow/dags/airflow.py took 0.083 seconds
[2026-08-13T20:51:35.357+0000] {processor.py:157} INFO - Started process (PID=10855) to work on /opt/airflow/dags/airflow.py
[2026-08-13T20:51:35.358+0000] {processor.py:829} INFO - Processing file /opt/airflow/dags/airflow.py for tasks to queue
[2026-08-13T20:51:35.361+0000] {logging_mixin.py:151} INFO - [2026-08-13T20:51:35.361+0000] {dagbag.py:536} INFO - Filling up the DagBag from /opt/airflow/dags/airflow.py
[2026-08-13T20:51:35.426+0000] {logging_mixin.py:151} INFO - [2026-08-13T20:51:35.426+0000] {dagbag.py:346} ERROR - Failed to import: /opt/airflow/dags/airflow.py
Traceback (most recent call last):
  File "/home/airflow/.local/lib/python3.8/site-packages/airflow/models/dagbag.py", line 342, in parse
    loader.exec_module(new_module)
  File "<frozen importlib._bootstrap_external>", line 843, in exec_module
  File "<frozen importlib._bootstrap>", line 219, in _call_with_frames_removed
  File "/opt/airflow/dags/airflow.py", line 23, in <module>
    from data_preprocessing_scripts.preprocessing import preprocess_data
ModuleNotFoundError: No module named 'data_preprocessing_scripts'
[2026-08-13T20:51:35.426+0000] {processor.py:841} WARNING - No viable dags retrieved from /opt/airflow/dags/airflow.py
[2026-08-13T20:51:35.435+0000] {processor.py:179} INFO - Processing /opt/airflow/dags/airflow.py took 0.081 seconds
[2026-08-13T20:52:05.727+0000] {processor.py:157} INFO - Started process (PID=10864) to work on /opt/airflow/dags/airflow.py
[2026-08-13T20:52:05.729+0000] {processor.py:829} INFO - Processing file /opt/airflow/dags/airflow.py for tasks to queue
[2026-08-13T20:52:05.734+0000] {logging_mixin.py:151} INFO - [2026-08-13T20:52:05.732+0000] {dagbag.py:536} INFO - Filling up the DagBag from /opt/airflow/dags/airflow.py
[2026-08-13T20:52:05.810+0000] {logging_mixin.py:151} INFO - [2026-08-13T20:52:05.809+0000] {dagbag.py:346} ERROR - Failed to import: /opt/airflow/dags/airflow.py
Traceback (most recent call last):
  File "/home/airflow/.local/lib/python3.8/site-packages/airflow/models/dagbag.py", line 342, in parse
    loader.exec_module(new_module)
  File "<frozen importlib._bootstrap_external>", line 843, in exec_module
  File "<frozen importlib._bootstrap>", line 219, in _call_with_frames_removed
  File "/opt/airflow/dags/airflow.py", line 23, in <module>
    from data_preprocessing_scripts.preprocessing import preprocess_data
ModuleNotFoundError: No module named 'data_preprocessing_scripts'
[2026-08-13T20:52:05.810+0000] {processor.py:841} WARNING - No viable dags retrieved from /opt/airflow/dags/airflow.py
[2026-08-13T20:52:05.821+0000] {processor.py:179} INFO - Processing /opt/airflow/dags/airflow.py took 0.097 seconds
[2026-08-13T20:52:36.096+0000] {processor.py:157} INFO - Started process (PID=10872) to work on /opt/airflow/dags/airflow.py
[2026-08-13T20:52:36.097+0000] {processor.py:829} INFO - Processing file /opt/airflow/dags/airflow.py for tasks to queue
[2026-08-13T20:52:36.100+0000] {logging_mixin.py:151} INFO - [2026-08-13T20:52:36.099+0000] {dagbag.py:536} INFO - Filling up the DagBag from /opt/airflow/dags/airflow.py
[2026-08-13T20:52:36.157+0000] {logging_mixin.py:151} INFO - [2026-08-13T20:52:36.156+0000] {dagbag.py:346} ERROR - Failed to import: /opt/airflow/dags/airflow.py
Traceback (most recent call last):
  File "/home/airflow/.local/lib/python3.8/site-packages/airflow/models/dagbag.py", line 342, in parse
    loader.exec_module(new_module)
  File "<frozen importlib._bootstrap_external>", line 843, in exec_module
  File "<frozen importlib._bootstrap>", line 219, in _call_with_frames_removed
  File "/opt/airflow/dags/airflow.py", line 23, in <module>
    from data_preprocessing_scripts.preprocessing import preprocess_data
ModuleNotFoundError: No module named 'data_preprocessing_scripts'
[2026-08-13T20:52:36.157+0000] {processor.py:841} WARNING - No viable dags retrieved from /opt/airflow/dags/airflow.py
[2026-08-13T20:52:36.165+0000] {processor.py:179} INFO - Processing /opt/airflow/dags/airflow.py took 0.071 seconds
[2026-08-13T20:53:06.475+0000] {processor.py:157} INFO - Started process (PID=10880) to work on /opt/airflow/dags/airflow.py
[2026-08-13T20:53:06.476+0000] {processor.py:829} INFO - Processing file /opt/airflow/dags/airflow.py for tasks to queue
[2026-08-13T20:53:06.481+0000] {logging_mixin.py:151} INFO - [2026-08-13T20:53:06.481+0000] {dagbag.py:536} INFO - Filling up the DagBag from /opt/airflow/dags/airflow.py
[2026-08-13T20:53:06.552+0000] {logging_mixin.py:151} INFO - [2026-08-13T20:53:06.552+0000] {dagbag.py:346} ERROR - Failed to import: /opt/airflow/dags/airflow.py
Traceback (most recent call last):
  File "/home/airflow/.local/lib/python3.8/site-packages/airflow/models/dagbag.py", line 342, in parse
    loader.exec_module(new_module)
  File "<frozen importlib._bootstrap_external>", line 843, in exec_module
  File "<frozen importlib._bootstrap>", line 219, in _call_with_frames_removed
  File "/opt/airflow/dags/airflow.py", line 23, in <module>
    from data_preprocessing_scripts.preprocessing import preprocess_data
ModuleNotFoundError: No module named 'data_preprocessing_scripts'
[2026-08-13T20:53:06.552+0000] {processor.py:841} WARNING - No viable dags retrieved from /opt/airflow/dags/airflow.py
[2026-08-13T20:53:06.560+0000] {processor.py:179} INFO - Processing /opt/airflow/dags/airflow.py took 0.089 seconds
[2026-08-13T20:53:36.856+0000] {processor.py:157} INFO - Started process (PID=10888) to work on /opt/airflow/dags/airflow.py
[2026-08-13T20:53:36.857+0000] {processor.py:829} INFO - Processing file /opt/airflow/dags/airflow.py for tasks to queue
[2026-08-13T20:53:36.861+0000] {logging_mixin.py:151} INFO - [2026-08-13T20:53:36.861+0000] {dagbag.py:536} INFO - Filling up the DagBag from /opt/airflow/dags/airflow.py
[2026-08-13T20:53:36.925+0000] {logging_mixin.py:151} INFO - [2026-08-13T20:53:36.924+0000] {dagbag.py:346} ERROR - Failed to import: /opt/airflow/dags/airflow.py
Traceback (most recent call last):
  File "/home/airflow/.local/lib/python3.8/site-packages/airflow/models/dagbag.py", line 342, in parse
    loader.exec_module(new_module)
  File "<frozen importlib._bootstrap_external>", line 843, in exec_module
  File "<frozen importlib._bootstrap>", line 219, in _call_with_frames_removed
  File "/opt/airflow/dags/airflow.py", line 23, in <module>
    from data_preprocessing_scripts.preprocessing import preprocess_data
ModuleNotFoundError: No module named 'data_preprocessing_scripts'
[2026-08-13T20:53:36.925+0000] {processor.py:841} WARNING - No viable dags retrieved from /opt/airflow/dags/airflow.py
[2026-08-13T20:53:36.932+0000] {processor.py:179} INFO - Processing /opt/airflow/dags/airflow.py took 0.081 seconds
[2026-08-13T20:54:07.152+0000] {processor.py:157} INFO - Started process (PID=10896) to work on /opt/airflow/dags/airflow.py
[2026-08-13T20:54:07.153+0000] {processor.py:829} INFO - Processing file /opt/airflow/dags/airflow.py for tasks to queue
[2026-08-13T20:54:07.155+0000] {logging_mixin.py:151} INFO - [2026-08-13T20:54:07.155+0000] {dagbag.py:536} INFO - Filling up the DagBag from /opt/airflow/dags/airflow.py
[2026-08-13T20:54:07.215+0000] {logging_mixin.py:151} INFO - [2026-08-13T20:54:07.215+0000] {dagbag.py:346} ERROR - Failed to import: /opt/airflow/dags/airflow.py
Traceback (most recent call last):
  File "/home/airflow/.local/lib/python3.8/site-packages/airflow/models/dagbag.py", line 342, in parse
    loader.exec_module(new_module)
  File "<frozen importlib._bootstrap_external>", line 843, in exec_module
  File "<frozen importlib._bootstrap>", line 219, in _call_with_frames_removed
  File "/opt/airflow/dags/airflow.py", line 23, in <module>
    from data_preprocessing_scripts.preprocessing import preprocess_data
ModuleNotFoundError: No module named 'data_preprocessing_scripts'
[2026-08-13T20:54:07.216+0000] {processor.py:841} WARNING - No viable dags retrieved from /opt/airflow/dags/airflow.py
[2026-08-13T20:54:07.223+0000] {processor.py:179} INFO - Processing /opt/airflow/dags/airflow.py took 0.074 seconds
[2026-08-13T20:54:37.469+0000] {processor.py:157} INFO - Started process (PID=10904) to work on /opt/airflow/dags/airflow.py
[2026-08-13T20:54:37.470+0000] {processor.py:829} INFO - Processing file /opt/airflow/dags/airflow.py for tasks to queue
[2026-08-13T20:54:37.473+0000] {logging_mixin.py:151} INFO - [2026-08-13T20:54:37.473+0000] {dagbag.py:536} INFO - Filling up the DagBag from /opt/airflow/dags/airflow.py
[2026-08-13T20:54:37.525+0000] {logging_mixin.py:151} INFO - [2026-08-13T20:54:37.524+0000] {dagbag.py:346} ERROR - Failed to import: /opt/airflow/dags/airflow.py
Traceback (most recent call last):
  File "/home/airflow/.local/lib/python3.8/site-packages/airflow/models/dagbag.py", line 342, in parse
    loader.exec_module(new_module)
  File "<frozen importlib._bootstrap_external>", line 843, in exec_module
  File "<frozen importlib._bootstrap>", line 219, in _call_with_frames_removed
  File "/opt/airflow/dags/airflow.py", line 23, in <module>
    from data_preprocessing_scripts.preprocessing import preprocess_data
ModuleNotFoundError: No module named 'data_preprocessing_scripts'
[2026-08-13T20:54:37.525+0000] {processor.py:841} WARNING - No viable dags retrieved from /opt/airflow/dags/airflow.py
[2026-08-13T20:54:37.533+0000] {processor.py:179} INFO - Processing /opt/airflow/dags/airflow.py took 0.066 seconds
[2026-08-13T20:55:07.819+0000] {processor.py:157} INFO - Started process (PID=10912) to work on /opt/airflow/dags/airflow.py
[2026-08-13T20:55:07.820+0000] {processor.py:829} INFO - Processing file /opt/airflow/dags/airflow.py for tasks to queue
[2026-08-13T20:55:07.822+0000] {logging_mixin.py:151} INFO - [2026-08-13T20:55:07.822+0000] {dagbag.py:536} INFO - Filling up the DagBag from /opt/airflow/dags/airflow.py
[2026-08-13T20:55:07.886+0000] {logging_mixin.py:151} INFO - [2026-08-13T20:55:07.885+0000] {dagbag.py:346} ERROR - Failed to import: /opt/airflow/dags/airflow.py
Traceback (most recent call last):
  File "/home/airflow/.local/lib/python3.8/site-packages/airflow/models/dagbag.py", line 342, in parse
    loader.exec_module(new_module)
  File "<frozen importlib._bootstrap_external>", line 843, in exec_module
  File "<frozen importlib._bootstrap>", line 219, in _call_with_frames_removed
  File "/opt/airflow/dags/airflow.py", line 23, in <module>
    from data_preprocessing_scripts.preprocessing import preprocess_data
ModuleNotFoundError: No module named 'data_preprocessing_scripts'
[2026-08-13T20:55:07.886+0000] {processor.py:841} WARNING - No viable dags retrieved from /opt/airflow/dags/airflow.py
[2026-08-13T20:55:07.899+0000] {processor.py:179} INFO - Processing /opt/airflow/dags/airflow.py took 0.083 seconds
[2026-08-13T20:55:38.213+0000] {processor.py:157} INFO - Started process (PID=10920) to work on /opt/airflow/dags/airflow.py
[2026-08-13T20:55:38.216+0000] {processor.py:829} INFO - Processing file /opt/airflow/dags/airflow.py for tasks to queue
[2026-08-13T20:55:38.220+0000] {logging_mixin.py:151} INFO - [2026-08-13T20:55:38.220+0000] {dagbag.py:536} INFO - Filling up the DagBag from /opt/airflow/dags/airflow.py
[2026-08-13T20:55:38.293+0000] {logging_mixin.py:151} INFO - [2026-08-13T20:55:38.292+0000] {dagbag.py:346} ERROR - Failed to import: /opt/airflow/dags/airflow.py
Traceback (most recent call last):
  File "/home/airflow/.local/lib/python3.8/site-packages/airflow/models/dagbag.py", line 342, in parse
    loader.exec_module(new_module)
  File "<frozen importlib._bootstrap_external>", line 843, in exec_module
  File "<frozen importlib._bootstrap>", line 219, in _call_with_frames_removed
  File "/opt/airflow/dags/airflow.py", line 23, in <module>
    from data_preprocessing_scripts.preprocessing import preprocess_data
ModuleNotFoundError: No module named 'data_preprocessing_scripts'
[2026-08-13T20:55:38.293+0000] {processor.py:841} WARNING - No viable dags retrieved from /opt/airflow/dags/airflow.py
[2026-08-13T20:55:38.301+0000] {processor.py:179} INFO - Processing /opt/airflow/dags/airflow.py took 0.096 seconds
[2026-08-13T20:56:08.579+0000] {processor.py:157} INFO - Started process (PID=10934) to work on /opt/airflow/dags/airflow.py
[2026-08-13T20:56:08.580+0000] {processor.py:829} INFO - Processing file /opt/airflow/dags/airflow.py for tasks to queue
[2026-08-13T20:56:08.583+0000] {logging_mixin.py:151} INFO - [2026-08-13T20:56:08.583+0000] {dagbag.py:536} INFO - Filling up the DagBag from /opt/airflow/dags/airflow.py
[2026-08-13T20:56:08.645+0000] {logging_mixin.py:151} INFO - [2026-08-13T20:56:08.644+0000] {dagbag.py:346} ERROR - Failed to import: /opt/airflow/dags/airflow.py
Traceback (most recent call last):
  File "/home/airflow/.local/lib/python3.8/site-packages/airflow/models/dagbag.py", line 342, in parse
    loader.exec_module(new_module)
  File "<frozen importlib._bootstrap_external>", line 843, in exec_module
  File "<frozen importlib._bootstrap>", line 219, in _call_with_frames_removed
  File "/opt/airflow/dags/airflow.py", line 23, in <module>
    from data_preprocessing_scripts.preprocessing import preprocess_data
ModuleNotFoundError: No module named 'data_preprocessing_scripts'
[2026-08-13T20:56:08.645+0000] {processor.py:841} WARNING - No viable dags retrieved from /opt/airflow/dags/airflow.py
[2026-08-13T20:56:08.652+0000] {processor.py:179} INFO - Processing /opt/airflow/dags/airflow.py took 0.077 seconds
[2026-08-13T20:56:38.908+0000] {processor.py:157} INFO - Started process (PID=10942) to work on /opt/airflow/dags/airflow.py
[2026-08-13T20:56:38.909+0000] {processor.py:829} INFO - Processing file /opt/airflow/dags/airflow.py for tasks to queue
[2026-08-13T20:56:38.913+0000] {logging_mixin.py:151} INFO - [2026-08-13T20:56:38.913+0000] {dagbag.py:536} INFO - Filling up the DagBag from /opt/airflow/dags/airflow.py
[2026-08-13T20:56:38.978+0000] {logging_mixin.py:151} INFO - [2026-08-13T20:56:38.978+0000] {dagbag.py:346} ERROR - Failed to import: /opt/airflow/dags/airflow.py
Traceback (most recent call last):
  File "/home/airflow/.local/lib/python3.8/site-packages/airflow/models/dagbag.py", line 342, in parse
    loader.exec_module(new_module)
  File "<frozen importlib._bootstrap_external>", line 843, in exec_module
  File "<frozen importlib._bootstrap>", line 219, in _call_with_frames_removed
  File "/opt/airflow/dags/airflow.py", line 23, in <module>
    from data_preprocessing_scripts.preprocessing import preprocess_data
ModuleNotFoundError: No module named 'data_preprocessing_scripts'
[2026-08-13T20:56:38.978+0000] {processor.py:841} WARNING - No viable dags retrieved from /opt/airflow/dags/airflow.py
[2026-08-13T20:56:38.986+0000] {processor.py:179} INFO - Processing /opt/airflow/dags/airflow.py took 0.082 seconds
[2026-08-13T20:57:09.286+0000] {processor.py:157} INFO - Started process (PID=10950) to work on /opt/airflow/dags/airflow.py
[2026-08-13T20:57:09.287+0000] {processor.py:829} INFO - Processing file /opt/airflow/dags/airflow.py for tasks to queue
[2026-08-13T20:57:09.289+0000] {logging_mixin.py:151} INFO - [2026-08-13T20:57:09.289+0000] {dagbag.py:536} INFO - Filling up the DagBag from /opt/airflow/dags/airflow.py
[2026-08-13T20:57:09.351+0000] {logging_mixin.py:151} INFO - [2026-08-13T20:57:09.351+0000] {dagbag.py:346} ERROR - Failed to import: /opt/airflow/dags/airflow.py
Traceback (most recent call last):
  File "/home/airflow/.local/lib/python3.8/site-packages/airflow/models/dagbag.py", line 342, in parse
    loader.exec_module(new_module)
  File "<frozen importlib._bootstrap_external>", line 843, in exec_module
  File "<frozen importlib._bootstrap>", line 219, in _call_with_frames_removed
  File "/opt/airflow/dags/airflow.py", line 23, in <module>
    from data_preprocessing_scripts.preprocessing import preprocess_data
ModuleNotFoundError: No module named 'data_preprocessing_scripts'
[2026-08-13T20:57:09.351+0000] {processor.py:841} WARNING - No viable dags retrieved from /opt/airflow/dags/airflow.py
[2026-08-13T20:57:09.359+0000] {processor.py:179} INFO - Processing /opt/airflow/dags/airflow.py took 0.077 seconds
[2026-08-13T20:57:39.642+0000] {processor.py:157} INFO - Started process (PID=10959) to work on /opt/airflow/dags/airflow.py
[2026-08-13T20:57:39.643+0000] {processor.py:829} INFO - Processing file /opt/airflow/dags/airflow.py for tasks to queue
[2026-08-13T20:57:39.646+0000] {logging_mixin.py:151} INFO - [2026-08-13T20:57:39.645+0000] {dagbag.py:536} INFO - Filling up the DagBag from /opt/airflow/dags/airflow.py
[2026-08-13T20:57:39.707+0000] {logging_mixin.py:151} INFO - [2026-08-13T20:57:39.707+0000] {dagbag.py:346} ERROR - Failed to import: /opt/airflow/dags/airflow.py
Traceback (most recent call last):
  File "/home/airflow/.local/lib/python3.8/site-packages/airflow/models/dagbag.py", line 342, in parse
    loader.exec_module(new_module)
  File "<frozen importlib._bootstrap_external>", line 843, in exec_module
  File "<frozen importlib._bootstrap>", line 219, in _call_with_frames_removed
  File "/opt/airflow/dags/airflow.py", line 23, in <module>
    from data_preprocessing_scripts.preprocessing import preprocess_data
ModuleNotFoundError: No module named 'data_preprocessing_scripts'
[2026-08-13T20:57:39.708+0000] {processor.py:841} WARNING - No viable dags retrieved from /opt/airflow/dags/airflow.py
[2026-08-13T20:57:39.716+0000] {processor.py:179} INFO - Processing /opt/airflow/dags/airflow.py took 0.077 seconds
[2026-08-13T20:58:10.050+0000] {processor.py:157} INFO - Started process (PID=10968) to work on /opt/airflow/dags/airflow.py
[2026-08-13T20:58:10.051+0000] {processor.py:829} INFO - Processing file /opt/airflow/dags/airflow.py for tasks to queue
[2026-08-13T20:58:10.054+0000] {logging_mixin.py:151} INFO - [2026-08-13T20:58:10.054+0000] {dagbag.py:536} INFO - Filling up the DagBag from /opt/airflow/dags/airflow.py
[2026-08-13T20:58:10.115+0000] {logging_mixin.py:151} INFO - [2026-08-13T20:58:10.115+0000] {dagbag.py:346} ERROR - Failed to import: /opt/airflow/dags/airflow.py
Traceback (most recent call last):
  File "/home/airflow/.local/lib/python3.8/site-packages/airflow/models/dagbag.py", line 342, in parse
    loader.exec_module(new_module)
  File "<frozen importlib._bootstrap_external>", line 843, in exec_module
  File "<frozen importlib._bootstrap>", line 219, in _call_with_frames_removed
  File "/opt/airflow/dags/airflow.py", line 23, in <module>
    from data_preprocessing_scripts.preprocessing import preprocess_data
ModuleNotFoundError: No module named 'data_preprocessing_scripts'
[2026-08-13T20:58:10.116+0000] {processor.py:841} WARNING - No viable dags retrieved from /opt/airflow/dags/airflow.py
[2026-08-13T20:58:10.123+0000] {processor.py:179} INFO - Processing /opt/airflow/dags/airflow.py took 0.077 seconds
[2026-08-13T20:58:40.394+0000] {processor.py:157} INFO - Started process (PID=10976) to work on /opt/airflow/dags/airflow.py
[2026-08-13T20:58:40.396+0000] {processor.py:829} INFO - Processing file /opt/airflow/dags/airflow.py for tasks to queue
[2026-08-13T20:58:40.400+0000] {logging_mixin.py:151} INFO - [2026-08-13T20:58:40.400+0000] {dagbag.py:536} INFO - Filling up the DagBag from /opt/airflow/dags/airflow.py
[2026-08-13T20:58:40.464+0000] {logging_mixin.py:151} INFO - [2026-08-13T20:58:40.464+0000] {dagbag.py:346} ERROR - Failed to import: /opt/airflow/dags/airflow.py
Traceback (most recent call last):
  File "/home/airflow/.local/lib/python3.8/site-packages/airflow/models/dagbag.py", line 342, in parse
    loader.exec_module(new_module)
  File "<frozen importlib._bootstrap_external>", line 843, in exec_module
  File "<frozen importlib._bootstrap>", line 219, in _call_with_frames_removed
  File "/opt/airflow/dags/airflow.py", line 23, in <module>
    from data_preprocessing_scripts.preprocessing import preprocess_data
ModuleNotFoundError: No module named 'data_preprocessing_scripts'
[2026-08-13T20:58:40.465+0000] {processor.py:841} WARNING - No viable dags retrieved from /opt/airflow/dags/airflow.py
[2026-08-13T20:58:40.473+0000] {processor.py:179} INFO - Processing /opt/airflow/dags/airflow.py took 0.083 seconds
[2026-08-13T20:59:10.746+0000] {processor.py:157} INFO - Started process (PID=10984) to work on /opt/airflow/dags/airflow.py
[2026-08-13T20:59:10.747+0000] {processor.py:829} INFO - Processing file /opt/airflow/dags/airflow.py for tasks to queue
[2026-08-13T20:59:10.749+0000] {logging_mixin.py:151} INFO - [2026-08-13T20:59:10.749+0000] {dagbag.py:536} INFO - Filling up the DagBag from /opt/airflow/dags/airflow.py
[2026-08-13T20:59:10.819+0000] {logging_mixin.py:151} INFO - [2026-08-13T20:59:10.818+0000] {dagbag.py:346} ERROR - Failed to import: /opt/airflow/dags/airflow.py
Traceback (most recent call last):
  File "/home/airflow/.local/lib/python3.8/site-packages/airflow/models/dagbag.py", line 342, in parse
    loader.exec_module(new_module)
  File "<frozen importlib._bootstrap_external>", line 843, in exec_module
  File "<frozen importlib._bootstrap>", line 219, in _call_with_frames_removed
  File "/opt/airflow/dags/airflow.py", line 23, in <module>
    from data_preprocessing_scripts.preprocessing import preprocess_data
ModuleNotFoundError: No module named 'data_preprocessing_scripts'
[2026-08-13T20:59:10.819+0000] {processor.py:841} WARNING - No viable dags retrieved from /opt/airflow/dags/airflow.py
[2026-08-13T20:59:10.830+0000] {processor.py:179} INFO - Processing /opt/airflow/dags/airflow.py took 0.087 seconds
[2026-08-13T20:59:41.094+0000] {processor.py:157} INFO - Started process (PID=10992) to work on /opt/airflow/dags/airflow.py
[2026-08-13T20:59:41.095+0000] {processor.py:829} INFO - Processing file /opt/airflow/dags/airflow.py for tasks to queue
[2026-08-13T20:59:41.099+0000] {logging_mixin.py:151} INFO - [2026-08-13T20:59:41.099+0000] {dagbag.py:536} INFO - Filling up the DagBag from /opt/airflow/dags/airflow.py
[2026-08-13T20:59:41.164+0000] {logging_mixin.py:151} INFO - [2026-08-13T20:59:41.164+0000] {dagbag.py:346} ERROR - Failed to import: /opt/airflow/dags/airflow.py
Traceback (most recent call last):
  File "/home/airflow/.local/lib/python3.8/site-packages/airflow/models/dagbag.py", line 342, in parse
    loader.exec_module(new_module)
  File "<frozen importlib._bootstrap_external>", line 843, in exec_module
  File "<frozen importlib._bootstrap>", line 219, in _call_with_frames_removed
  File "/opt/airflow/dags/airflow.py", line 23, in <module>
    from data_preprocessing_scripts.preprocessing import preprocess_data
ModuleNotFoundError: No module named 'data_preprocessing_scripts'
[2026-08-13T20:59:41.165+0000] {processor.py:841} WARNING - No viable dags retrieved from /opt/airflow/dags/airflow.py
[2026-08-13T20:59:41.172+0000] {processor.py:179} INFO - Processing /opt/airflow/dags/airflow.py took 0.082 seconds
[2026-08-13T21:00:11.487+0000] {processor.py:157} INFO - Started process (PID=11000) to work on /opt/airflow/dags/airflow.py
[2026-08-13T21:00:11.488+0000] {processor.py:829} INFO - Processing file /opt/airflow/dags/airflow.py for tasks to queue
[2026-08-13T21:00:11.490+0000] {logging_mixin.py:151} INFO - [2026-08-13T21:00:11.490+0000] {dagbag.py:536} INFO - Filling up the DagBag from /opt/airflow/dags/airflow.py
[2026-08-13T21:00:11.551+0000] {logging_mixin.py:151} INFO - [2026-08-13T21:00:11.550+0000] {dagbag.py:346} ERROR - Failed to import: /opt/airflow/dags/airflow.py
Traceback (most recent call last):
  File "/home/airflow/.local/lib/python3.8/site-packages/airflow/models/dagbag.py", line 342, in parse
    loader.exec_module(new_module)
  File "<frozen importlib._bootstrap_external>", line 843, in exec_module
  File "<frozen importlib._bootstrap>", line 219, in _call_with_frames_removed
  File "/opt/airflow/dags/airflow.py", line 23, in <module>
    from data_preprocessing_scripts.preprocessing import preprocess_data
ModuleNotFoundError: No module named 'data_preprocessing_scripts'
[2026-08-13T21:00:11.551+0000] {processor.py:841} WARNING - No viable dags retrieved from /opt/airflow/dags/airflow.py
[2026-08-13T21:00:11.559+0000] {processor.py:179} INFO - Processing /opt/airflow/dags/airflow.py took 0.075 seconds
[2026-08-13T21:00:41.856+0000] {processor.py:157} INFO - Started process (PID=11008) to work on /opt/airflow/dags/airflow.py
[2026-08-13T21:00:41.857+0000] {processor.py:829} INFO - Processing file /opt/airflow/dags/airflow.py for tasks to queue
[2026-08-13T21:00:41.860+0000] {logging_mixin.py:151} INFO - [2026-08-13T21:00:41.860+0000] {dagbag.py:536} INFO - Filling up the DagBag from /opt/airflow/dags/airflow.py
[2026-08-13T21:00:41.926+0000] {logging_mixin.py:151} INFO - [2026-08-13T21:00:41.925+0000] {dagbag.py:346} ERROR - Failed to import: /opt/airflow/dags/airflow.py
Traceback (most recent call last):
  File "/home/airflow/.local/lib/python3.8/site-packages/airflow/models/dagbag.py", line 342, in parse
    loader.exec_module(new_module)
  File "<frozen importlib._bootstrap_external>", line 843, in exec_module
  File "<frozen importlib._bootstrap>", line 219, in _call_with_frames_removed
  File "/opt/airflow/dags/airflow.py", line 23, in <module>
    from data_preprocessing_scripts.preprocessing import preprocess_data
ModuleNotFoundError: No module named 'data_preprocessing_scripts'
[2026-08-13T21:00:41.926+0000] {processor.py:841} WARNING - No viable dags retrieved from /opt/airflow/dags/airflow.py
[2026-08-13T21:00:41.933+0000] {processor.py:179} INFO - Processing /opt/airflow/dags/airflow.py took 0.081 seconds
[2026-08-13T21:01:12.260+0000] {processor.py:157} INFO - Started process (PID=11017) to work on /opt/airflow/dags/airflow.py
[2026-08-13T21:01:12.262+0000] {processor.py:829} INFO - Processing file /opt/airflow/dags/airflow.py for tasks to queue
[2026-08-13T21:01:12.265+0000] {logging_mixin.py:151} INFO - [2026-08-13T21:01:12.265+0000] {dagbag.py:536} INFO - Filling up the DagBag from /opt/airflow/dags/airflow.py
[2026-08-13T21:01:12.324+0000] {logging_mixin.py:151} INFO - [2026-08-13T21:01:12.323+0000] {dagbag.py:346} ERROR - Failed to import: /opt/airflow/dags/airflow.py
Traceback (most recent call last):
  File "/home/airflow/.local/lib/python3.8/site-packages/airflow/models/dagbag.py", line 342, in parse
    loader.exec_module(new_module)
  File "<frozen importlib._bootstrap_external>", line 843, in exec_module
  File "<frozen importlib._bootstrap>", line 219, in _call_with_frames_removed
  File "/opt/airflow/dags/airflow.py", line 23, in <module>
    from data_preprocessing_scripts.preprocessing import preprocess_data
ModuleNotFoundError: No module named 'data_preprocessing_scripts'
[2026-08-13T21:01:12.324+0000] {processor.py:841} WARNING - No viable dags retrieved from /opt/airflow/dags/airflow.py
[2026-08-13T21:01:12.332+0000] {processor.py:179} INFO - Processing /opt/airflow/dags/airflow.py took 0.075 seconds
[2026-08-13T21:16:50.928+0000] {processor.py:157} INFO - Started process (PID=11025) to work on /opt/airflow/dags/airflow.py
[2026-08-13T21:16:50.930+0000] {processor.py:829} INFO - Processing file /opt/airflow/dags/airflow.py for tasks to queue
[2026-08-13T21:16:50.936+0000] {logging_mixin.py:151} INFO - [2026-08-13T21:16:50.936+0000] {dagbag.py:536} INFO - Filling up the DagBag from /opt/airflow/dags/airflow.py
[2026-08-13T21:16:51.033+0000] {logging_mixin.py:151} INFO - [2026-08-13T21:16:51.032+0000] {dagbag.py:346} ERROR - Failed to import: /opt/airflow/dags/airflow.py
Traceback (most recent call last):
  File "/home/airflow/.local/lib/python3.8/site-packages/airflow/models/dagbag.py", line 342, in parse
    loader.exec_module(new_module)
  File "<frozen importlib._bootstrap_external>", line 843, in exec_module
  File "<frozen importlib._bootstrap>", line 219, in _call_with_frames_removed
  File "/opt/airflow/dags/airflow.py", line 23, in <module>
    from data_preprocessing_scripts.preprocessing import preprocess_data
ModuleNotFoundError: No module named 'data_preprocessing_scripts'
[2026-08-13T21:16:51.034+0000] {processor.py:841} WARNING - No viable dags retrieved from /opt/airflow/dags/airflow.py
[2026-08-13T21:16:51.045+0000] {processor.py:179} INFO - Processing /opt/airflow/dags/airflow.py took 0.121 seconds
[2026-08-13T21:17:21.305+0000] {processor.py:157} INFO - Started process (PID=11033) to work on /opt/airflow/dags/airflow.py
[2026-08-13T21:17:21.307+0000] {processor.py:829} INFO - Processing file /opt/airflow/dags/airflow.py for tasks to queue
[2026-08-13T21:17:21.309+0000] {logging_mixin.py:151} INFO - [2026-08-13T21:17:21.309+0000] {dagbag.py:536} INFO - Filling up the DagBag from /opt/airflow/dags/airflow.py
[2026-08-13T21:17:21.374+0000] {logging_mixin.py:151} INFO - [2026-08-13T21:17:21.374+0000] {dagbag.py:346} ERROR - Failed to import: /opt/airflow/dags/airflow.py
Traceback (most recent call last):
  File "/home/airflow/.local/lib/python3.8/site-packages/airflow/models/dagbag.py", line 342, in parse
    loader.exec_module(new_module)
  File "<frozen importlib._bootstrap_external>", line 843, in exec_module
  File "<frozen importlib._bootstrap>", line 219, in _call_with_frames_removed
  File "/opt/airflow/dags/airflow.py", line 23, in <module>
    from data_preprocessing_scripts.preprocessing import preprocess_data
ModuleNotFoundError: No module named 'data_preprocessing_scripts'
[2026-08-13T21:17:21.374+0000] {processor.py:841} WARNING - No viable dags retrieved from /opt/airflow/dags/airflow.py
[2026-08-13T21:17:21.382+0000] {processor.py:179} INFO - Processing /opt/airflow/dags/airflow.py took 0.080 seconds
[2026-08-13T22:23:57.248+0000] {processor.py:157} INFO - Started process (PID=11041) to work on /opt/airflow/dags/airflow.py
[2026-08-13T22:23:57.249+0000] {processor.py:829} INFO - Processing file /opt/airflow/dags/airflow.py for tasks to queue
[2026-08-13T22:23:57.253+0000] {logging_mixin.py:151} INFO - [2026-08-13T22:23:57.253+0000] {dagbag.py:536} INFO - Filling up the DagBag from /opt/airflow/dags/airflow.py
[2026-08-13T22:23:57.338+0000] {logging_mixin.py:151} INFO - [2026-08-13T22:23:57.337+0000] {dagbag.py:346} ERROR - Failed to import: /opt/airflow/dags/airflow.py
Traceback (most recent call last):
  File "/home/airflow/.local/lib/python3.8/site-packages/airflow/models/dagbag.py", line 342, in parse
    loader.exec_module(new_module)
  File "<frozen importlib._bootstrap_external>", line 843, in exec_module
  File "<frozen importlib._bootstrap>", line 219, in _call_with_frames_removed
  File "/opt/airflow/dags/airflow.py", line 23, in <module>
    from data_preprocessing_scripts.preprocessing import preprocess_data
ModuleNotFoundError: No module named 'data_preprocessing_scripts'
[2026-08-13T22:23:57.338+0000] {processor.py:841} WARNING - No viable dags retrieved from /opt/airflow/dags/airflow.py
[2026-08-13T22:23:57.349+0000] {processor.py:179} INFO - Processing /opt/airflow/dags/airflow.py took 0.105 seconds
[2026-08-13T22:37:41.874+0000] {processor.py:157} INFO - Started process (PID=11043) to work on /opt/airflow/dags/airflow.py
[2026-08-13T22:37:41.876+0000] {processor.py:829} INFO - Processing file /opt/airflow/dags/airflow.py for tasks to queue
[2026-08-13T22:37:41.879+0000] {logging_mixin.py:151} INFO - [2026-08-13T22:37:41.878+0000] {dagbag.py:536} INFO - Filling up the DagBag from /opt/airflow/dags/airflow.py
[2026-08-13T22:37:41.946+0000] {logging_mixin.py:151} INFO - [2026-08-13T22:37:41.945+0000] {dagbag.py:346} ERROR - Failed to import: /opt/airflow/dags/airflow.py
Traceback (most recent call last):
  File "/home/airflow/.local/lib/python3.8/site-packages/airflow/models/dagbag.py", line 342, in parse
    loader.exec_module(new_module)
  File "<frozen importlib._bootstrap_external>", line 843, in exec_module
  File "<frozen importlib._bootstrap>", line 219, in _call_with_frames_removed
  File "/opt/airflow/dags/airflow.py", line 23, in <module>
    from data_preprocessing_scripts.preprocessing import preprocess_data
ModuleNotFoundError: No module named 'data_preprocessing_scripts'
[2026-08-13T22:37:41.946+0000] {processor.py:841} WARNING - No viable dags retrieved from /opt/airflow/dags/airflow.py
[2026-08-13T22:37:41.953+0000] {processor.py:179} INFO - Processing /opt/airflow/dags/airflow.py took 0.083 seconds
[2026-08-13T23:11:18.626+0000] {processor.py:157} INFO - Started process (PID=11057) to work on /opt/airflow/dags/airflow.py
[2026-08-13T23:11:18.627+0000] {processor.py:829} INFO - Processing file /opt/airflow/dags/airflow.py for tasks to queue
[2026-08-13T23:11:18.630+0000] {logging_mixin.py:151} INFO - [2026-08-13T23:11:18.630+0000] {dagbag.py:536} INFO - Filling up the DagBag from /opt/airflow/dags/airflow.py
[2026-08-13T23:11:18.686+0000] {logging_mixin.py:151} INFO - [2026-08-13T23:11:18.685+0000] {dagbag.py:346} ERROR - Failed to import: /opt/airflow/dags/airflow.py
Traceback (most recent call last):
  File "/home/airflow/.local/lib/python3.8/site-packages/airflow/models/dagbag.py", line 342, in parse
    loader.exec_module(new_module)
  File "<frozen importlib._bootstrap_external>", line 843, in exec_module
  File "<frozen importlib._bootstrap>", line 219, in _call_with_frames_removed
  File "/opt/airflow/dags/airflow.py", line 23, in <module>
    from data_preprocessing_scripts.preprocessing import preprocess_data
ModuleNotFoundError: No module named 'data_preprocessing_scripts'
[2026-08-13T23:11:18.686+0000] {processor.py:841} WARNING - No viable dags retrieved from /opt/airflow/dags/airflow.py
[2026-08-13T23:11:18.693+0000] {processor.py:179} INFO - Processing /opt/airflow/dags/airflow.py took 0.070 seconds
[2026-08-13T23:11:49.068+0000] {processor.py:157} INFO - Started process (PID=11065) to work on /opt/airflow/dags/airflow.py
[2026-08-13T23:11:49.070+0000] {processor.py:829} INFO - Processing file /opt/airflow/dags/airflow.py for tasks to queue
[2026-08-13T23:11:49.073+0000] {logging_mixin.py:151} INFO - [2026-08-13T23:11:49.073+0000] {dagbag.py:536} INFO - Filling up the DagBag from /opt/airflow/dags/airflow.py
[2026-08-13T23:11:49.148+0000] {logging_mixin.py:151} INFO - [2026-08-13T23:11:49.147+0000] {dagbag.py:346} ERROR - Failed to import: /opt/airflow/dags/airflow.py
Traceback (most recent call last):
  File "/home/airflow/.local/lib/python3.8/site-packages/airflow/models/dagbag.py", line 342, in parse
    loader.exec_module(new_module)
  File "<frozen importlib._bootstrap_external>", line 843, in exec_module
  File "<frozen importlib._bootstrap>", line 219, in _call_with_frames_removed
  File "/opt/airflow/dags/airflow.py", line 23, in <module>
    from data_preprocessing_scripts.preprocessing import preprocess_data
ModuleNotFoundError: No module named 'data_preprocessing_scripts'
[2026-08-13T23:11:49.148+0000] {processor.py:841} WARNING - No viable dags retrieved from /opt/airflow/dags/airflow.py
[2026-08-13T23:11:49.155+0000] {processor.py:179} INFO - Processing /opt/airflow/dags/airflow.py took 0.092 seconds
[2026-08-13T23:38:22.247+0000] {processor.py:157} INFO - Started process (PID=11067) to work on /opt/airflow/dags/airflow.py
[2026-08-13T23:38:22.248+0000] {processor.py:829} INFO - Processing file /opt/airflow/dags/airflow.py for tasks to queue
[2026-08-13T23:38:22.252+0000] {logging_mixin.py:151} INFO - [2026-08-13T23:38:22.251+0000] {dagbag.py:536} INFO - Filling up the DagBag from /opt/airflow/dags/airflow.py
[2026-08-13T23:38:22.338+0000] {logging_mixin.py:151} INFO - [2026-08-13T23:38:22.337+0000] {dagbag.py:346} ERROR - Failed to import: /opt/airflow/dags/airflow.py
Traceback (most recent call last):
  File "/home/airflow/.local/lib/python3.8/site-packages/airflow/models/dagbag.py", line 342, in parse
    loader.exec_module(new_module)
  File "<frozen importlib._bootstrap_external>", line 843, in exec_module
  File "<frozen importlib._bootstrap>", line 219, in _call_with_frames_removed
  File "/opt/airflow/dags/airflow.py", line 23, in <module>
    from data_preprocessing_scripts.preprocessing import preprocess_data
ModuleNotFoundError: No module named 'data_preprocessing_scripts'
[2026-08-13T23:38:22.338+0000] {processor.py:841} WARNING - No viable dags retrieved from /opt/airflow/dags/airflow.py
[2026-08-13T23:38:22.354+0000] {processor.py:179} INFO - Processing /opt/airflow/dags/airflow.py took 0.110 seconds
[2026-08-13T23:38:52.562+0000] {processor.py:157} INFO - Started process (PID=11081) to work on /opt/airflow/dags/airflow.py
[2026-08-13T23:38:52.562+0000] {processor.py:829} INFO - Processing file /opt/airflow/dags/airflow.py for tasks to queue
[2026-08-13T23:38:52.563+0000] {logging_mixin.py:151} INFO - [2026-08-13T23:38:52.563+0000] {dagbag.py:536} INFO - Filling up the DagBag from /opt/airflow/dags/airflow.py
[2026-08-13T23:38:52.623+0000] {logging_mixin.py:151} INFO - [2026-08-13T23:38:52.623+0000] {dagbag.py:346} ERROR - Failed to import: /opt/airflow/dags/airflow.py
Traceback (most recent call last):
  File "/home/airflow/.local/lib/python3.8/site-packages/airflow/models/dagbag.py", line 342, in parse
    loader.exec_module(new_module)
  File "<frozen importlib._bootstrap_external>", line 843, in exec_module
  File "<frozen importlib._bootstrap>", line 219, in _call_with_frames_removed
  File "/opt/airflow/dags/airflow.py", line 23, in <module>
    from data_preprocessing_scripts.preprocessing import preprocess_data
ModuleNotFoundError: No module named 'data_preprocessing_scripts'
[2026-08-13T23:38:52.624+0000] {processor.py:841} WARNING - No viable dags retrieved from /opt/airflow/dags/airflow.py
[2026-08-13T23:38:52.631+0000] {processor.py:179} INFO - Processing /opt/airflow/dags/airflow.py took 0.072 seconds
