[2026-08-11T22:26:35.855+0000] {processor.py:157} INFO - Started process (PID=3569) to work on /opt/airflow/dags/dag.py
[2026-08-11T22:26:35.856+0000] {processor.py:829} INFO - Processing file /opt/airflow/dags/dag.py for tasks to queue
[2026-08-11T22:26:35.858+0000] {logging_mixin.py:151} INFO - [2026-08-11T22:26:35.857+0000] {dagbag.py:536} INFO - Filling up the DagBag from /opt/airflow/dags/dag.py
[2026-08-11T22:26:35.860+0000] {processor.py:841} WARNING - No viable dags retrieved from /opt/airflow/dags/dag.py
[2026-08-11T22:26:35.867+0000] {processor.py:179} INFO - Processing /opt/airflow/dags/dag.py took 0.014 seconds
[2026-08-11T22:27:06.153+0000] {processor.py:157} INFO - Started process (PID=3577) to work on /opt/airflow/dags/dag.py
[2026-08-11T22:27:06.155+0000] {processor.py:829} INFO - Processing file /opt/airflow/dags/dag.py for tasks to queue
[2026-08-11T22:27:06.161+0000] {logging_mixin.py:151} INFO - [2026-08-11T22:27:06.160+0000] {dagbag.py:536} INFO - Filling up the DagBag from /opt/airflow/dags/dag.py
[2026-08-11T22:27:06.167+0000] {processor.py:841} WARNING - No viable dags retrieved from /opt/airflow/dags/dag.py
[2026-08-11T22:27:06.181+0000] {processor.py:179} INFO - Processing /opt/airflow/dags/dag.py took 0.032 seconds
[2026-08-11T22:27:36.452+0000] {processor.py:157} INFO - Started process (PID=3585) to work on /opt/airflow/dags/dag.py
[2026-08-11T22:27:36.453+0000] {processor.py:829} INFO - Processing file /opt/airflow/dags/dag.py for tasks to queue
[2026-08-11T22:27:36.454+0000] {logging_mixin.py:151} INFO - [2026-08-11T22:27:36.454+0000] {dagbag.py:536} INFO - Filling up the DagBag from /opt/airflow/dags/dag.py
[2026-08-11T22:27:36.457+0000] {processor.py:841} WARNING - No viable dags retrieved from /opt/airflow/dags/dag.py
[2026-08-11T22:27:36.470+0000] {processor.py:179} INFO - Processing /opt/airflow/dags/dag.py took 0.021 seconds
[2026-08-11T22:28:06.780+0000] {processor.py:157} INFO - Started process (PID=3593) to work on /opt/airflow/dags/dag.py
[2026-08-11T22:28:06.782+0000] {processor.py:829} INFO - Processing file /opt/airflow/dags/dag.py for tasks to queue
[2026-08-11T22:28:06.785+0000] {logging_mixin.py:151} INFO - [2026-08-11T22:28:06.785+0000] {dagbag.py:536} INFO - Filling up the DagBag from /opt/airflow/dags/dag.py
[2026-08-11T22:28:06.789+0000] {processor.py:841} WARNING - No viable dags retrieved from /opt/airflow/dags/dag.py
[2026-08-11T22:28:06.802+0000] {processor.py:179} INFO - Processing /opt/airflow/dags/dag.py took 0.026 seconds
[2026-08-11T22:28:37.131+0000] {processor.py:157} INFO - Started process (PID=3601) to work on /opt/airflow/dags/dag.py
[2026-08-11T22:28:37.132+0000] {processor.py:829} INFO - Processing file /opt/airflow/dags/dag.py for tasks to queue
[2026-08-11T22:28:37.134+0000] {logging_mixin.py:151} INFO - [2026-08-11T22:28:37.134+0000] {dagbag.py:536} INFO - Filling up the DagBag from /opt/airflow/dags/dag.py
[2026-08-11T22:28:37.136+0000] {processor.py:841} WARNING - No viable dags retrieved from /opt/airflow/dags/dag.py
[2026-08-11T22:28:37.145+0000] {processor.py:179} INFO - Processing /opt/airflow/dags/dag.py took 0.016 seconds
[2026-08-11T22:29:07.457+0000] {processor.py:157} INFO - Started process (PID=3609) to work on /opt/airflow/dags/dag.py
[2026-08-11T22:29:07.459+0000] {processor.py:829} INFO - Processing file /opt/airflow/dags/dag.py for tasks to queue
[2026-08-11T22:29:07.466+0000] {logging_mixin.py:151} INFO - [2026-08-11T22:29:07.465+0000] {dagbag.py:536} INFO - Filling up the DagBag from /opt/airflow/dags/dag.py
[2026-08-11T22:29:07.470+0000] {processor.py:841} WARNING - No viable dags retrieved from /opt/airflow/dags/dag.py
[2026-08-11T22:29:07.483+0000] {processor.py:179} INFO - Processing /opt/airflow/dags/dag.py took 0.031 seconds
[2026-08-11T22:29:37.760+0000] {processor.py:157} INFO - Started process (PID=3617) to work on /opt/airflow/dags/dag.py
[2026-08-11T22:29:37.760+0000] {processor.py:829} INFO - Processing file /opt/airflow/dags/dag.py for tasks to queue
[2026-08-11T22:29:37.763+0000] {logging_mixin.py:151} INFO - [2026-08-11T22:29:37.763+0000] {dagbag.py:536} INFO - Filling up the DagBag from /opt/airflow/dags/dag.py
[2026-08-11T22:29:37.766+0000] {processor.py:841} WARNING - No viable dags retrieved from /opt/airflow/dags/dag.py
[2026-08-11T22:29:37.774+0000] {processor.py:179} INFO - Processing /opt/airflow/dags/dag.py took 0.017 seconds
[2026-08-11T22:30:08.074+0000] {processor.py:157} INFO - Started process (PID=3625) to work on /opt/airflow/dags/dag.py
[2026-08-11T22:30:08.076+0000] {processor.py:829} INFO - Processing file /opt/airflow/dags/dag.py for tasks to queue
[2026-08-11T22:30:08.080+0000] {logging_mixin.py:151} INFO - [2026-08-11T22:30:08.079+0000] {dagbag.py:536} INFO - Filling up the DagBag from /opt/airflow/dags/dag.py
[2026-08-11T22:30:08.084+0000] {processor.py:841} WARNING - No viable dags retrieved from /opt/airflow/dags/dag.py
[2026-08-11T22:30:08.097+0000] {processor.py:179} INFO - Processing /opt/airflow/dags/dag.py took 0.028 seconds
[2026-08-11T22:30:38.406+0000] {processor.py:157} INFO - Started process (PID=3633) to work on /opt/airflow/dags/dag.py
[2026-08-11T22:30:38.407+0000] {processor.py:829} INFO - Processing file /opt/airflow/dags/dag.py for tasks to queue
[2026-08-11T22:30:38.408+0000] {logging_mixin.py:151} INFO - [2026-08-11T22:30:38.408+0000] {dagbag.py:536} INFO - Filling up the DagBag from /opt/airflow/dags/dag.py
[2026-08-11T22:30:38.410+0000] {processor.py:841} WARNING - No viable dags retrieved from /opt/airflow/dags/dag.py
[2026-08-11T22:30:38.421+0000] {processor.py:179} INFO - Processing /opt/airflow/dags/dag.py took 0.018 seconds
[2026-08-11T22:31:08.720+0000] {processor.py:157} INFO - Started process (PID=3641) to work on /opt/airflow/dags/dag.py
[2026-08-11T22:31:08.721+0000] {processor.py:829} INFO - Processing file /opt/airflow/dags/dag.py for tasks to queue
[2026-08-11T22:31:08.723+0000] {logging_mixin.py:151} INFO - [2026-08-11T22:31:08.723+0000] {dagbag.py:536} INFO - Filling up the DagBag from /opt/airflow/dags/dag.py
[2026-08-11T22:31:08.726+0000] {processor.py:841} WARNING - No viable dags retrieved from /opt/airflow/dags/dag.py
[2026-08-11T22:31:08.735+0000] {processor.py:179} INFO - Processing /opt/airflow/dags/dag.py took 0.018 seconds
[2026-08-11T22:31:39.021+0000] {processor.py:157} INFO - Started process (PID=3649) to work on /opt/airflow/dags/dag.py
[2026-08-11T22:31:39.021+0000] {processor.py:829} INFO - Processing file /opt/airflow/dags/dag.py for tasks to queue
[2026-08-11T22:31:39.023+0000] {logging_mixin.py:151} INFO - [2026-08-11T22:31:39.022+0000] {dagbag.py:536} INFO - Filling up the DagBag from /opt/airflow/dags/dag.py
[2026-08-11T22:31:39.024+0000] {processor.py:841} WARNING - No viable dags retrieved from /opt/airflow/dags/dag.py
[2026-08-11T22:31:39.032+0000] {processor.py:179} INFO - Processing /opt/airflow/dags/dag.py took 0.014 seconds
[2026-08-11T22:32:09.342+0000] {processor.py:157} INFO - Started process (PID=3657) to work on /opt/airflow/dags/dag.py
[2026-08-11T22:32:09.343+0000] {processor.py:829} INFO - Processing file /opt/airflow/dags/dag.py for tasks to queue
[2026-08-11T22:32:09.347+0000] {logging_mixin.py:151} INFO - [2026-08-11T22:32:09.347+0000] {dagbag.py:536} INFO - Filling up the DagBag from /opt/airflow/dags/dag.py
[2026-08-11T22:32:09.351+0000] {processor.py:841} WARNING - No viable dags retrieved from /opt/airflow/dags/dag.py
[2026-08-11T22:32:09.365+0000] {processor.py:179} INFO - Processing /opt/airflow/dags/dag.py took 0.028 seconds
[2026-08-11T22:32:19.487+0000] {processor.py:157} INFO - Started process (PID=3659) to work on /opt/airflow/dags/dag.py
[2026-08-11T22:32:19.488+0000] {processor.py:829} INFO - Processing file /opt/airflow/dags/dag.py for tasks to queue
[2026-08-11T22:32:19.490+0000] {logging_mixin.py:151} INFO - [2026-08-11T22:32:19.490+0000] {dagbag.py:536} INFO - Filling up the DagBag from /opt/airflow/dags/dag.py
[2026-08-11T22:32:19.493+0000] {logging_mixin.py:151} INFO - [2026-08-11T22:32:19.493+0000] {dagbag.py:346} ERROR - Failed to import: /opt/airflow/dags/dag.py
Traceback (most recent call last):
  File "/home/airflow/.local/lib/python3.8/site-packages/airflow/models/dagbag.py", line 342, in parse
    loader.exec_module(new_module)
  File "<frozen importlib._bootstrap_external>", line 839, in exec_module
  File "<frozen importlib._bootstrap_external>", line 976, in get_code
  File "<frozen importlib._bootstrap_external>", line 906, in source_to_code
  File "<frozen importlib._bootstrap>", line 219, in _call_with_frames_removed
  File "/opt/airflow/dags/dag.py", line 23
    )as dag
          ^
SyntaxError: invalid syntax
[2026-08-11T22:32:19.494+0000] {processor.py:841} WARNING - No viable dags retrieved from /opt/airflow/dags/dag.py
[2026-08-11T22:32:19.508+0000] {processor.py:179} INFO - Processing /opt/airflow/dags/dag.py took 0.024 seconds
[2026-08-11T22:32:39.669+0000] {processor.py:157} INFO - Started process (PID=3666) to work on /opt/airflow/dags/dag.py
[2026-08-11T22:32:39.670+0000] {processor.py:829} INFO - Processing file /opt/airflow/dags/dag.py for tasks to queue
[2026-08-11T22:32:39.672+0000] {logging_mixin.py:151} INFO - [2026-08-11T22:32:39.671+0000] {dagbag.py:536} INFO - Filling up the DagBag from /opt/airflow/dags/dag.py
[2026-08-11T22:32:39.674+0000] {logging_mixin.py:151} INFO - [2026-08-11T22:32:39.674+0000] {dagbag.py:346} ERROR - Failed to import: /opt/airflow/dags/dag.py
Traceback (most recent call last):
  File "/home/airflow/.local/lib/python3.8/site-packages/airflow/models/dagbag.py", line 342, in parse
    loader.exec_module(new_module)
  File "<frozen importlib._bootstrap_external>", line 839, in exec_module
  File "<frozen importlib._bootstrap_external>", line 976, in get_code
  File "<frozen importlib._bootstrap_external>", line 906, in source_to_code
  File "<frozen importlib._bootstrap>", line 219, in _call_with_frames_removed
  File "/opt/airflow/dags/dag.py", line 23
    )as dag
          ^
SyntaxError: invalid syntax
[2026-08-11T22:32:39.674+0000] {processor.py:841} WARNING - No viable dags retrieved from /opt/airflow/dags/dag.py
[2026-08-11T22:32:39.685+0000] {processor.py:179} INFO - Processing /opt/airflow/dags/dag.py took 0.019 seconds
[2026-08-11T22:33:09.959+0000] {processor.py:157} INFO - Started process (PID=3674) to work on /opt/airflow/dags/dag.py
[2026-08-11T22:33:09.960+0000] {processor.py:829} INFO - Processing file /opt/airflow/dags/dag.py for tasks to queue
[2026-08-11T22:33:09.962+0000] {logging_mixin.py:151} INFO - [2026-08-11T22:33:09.961+0000] {dagbag.py:536} INFO - Filling up the DagBag from /opt/airflow/dags/dag.py
[2026-08-11T22:33:09.966+0000] {logging_mixin.py:151} INFO - [2026-08-11T22:33:09.965+0000] {dagbag.py:346} ERROR - Failed to import: /opt/airflow/dags/dag.py
Traceback (most recent call last):
  File "/home/airflow/.local/lib/python3.8/site-packages/airflow/models/dagbag.py", line 342, in parse
    loader.exec_module(new_module)
  File "<frozen importlib._bootstrap_external>", line 839, in exec_module
  File "<frozen importlib._bootstrap_external>", line 976, in get_code
  File "<frozen importlib._bootstrap_external>", line 906, in source_to_code
  File "<frozen importlib._bootstrap>", line 219, in _call_with_frames_removed
  File "/opt/airflow/dags/dag.py", line 23
    )as dag
          ^
SyntaxError: invalid syntax
[2026-08-11T22:33:09.967+0000] {processor.py:841} WARNING - No viable dags retrieved from /opt/airflow/dags/dag.py
[2026-08-11T22:33:09.983+0000] {processor.py:179} INFO - Processing /opt/airflow/dags/dag.py took 0.028 seconds
[2026-08-11T22:33:20.117+0000] {processor.py:157} INFO - Started process (PID=3676) to work on /opt/airflow/dags/dag.py
[2026-08-11T22:33:20.117+0000] {processor.py:829} INFO - Processing file /opt/airflow/dags/dag.py for tasks to queue
[2026-08-11T22:33:20.119+0000] {logging_mixin.py:151} INFO - [2026-08-11T22:33:20.119+0000] {dagbag.py:536} INFO - Filling up the DagBag from /opt/airflow/dags/dag.py
[2026-08-11T22:33:20.123+0000] {logging_mixin.py:151} INFO - [2026-08-11T22:33:20.123+0000] {dagbag.py:346} ERROR - Failed to import: /opt/airflow/dags/dag.py
Traceback (most recent call last):
  File "/home/airflow/.local/lib/python3.8/site-packages/airflow/models/dagbag.py", line 342, in parse
    loader.exec_module(new_module)
  File "<frozen importlib._bootstrap_external>", line 839, in exec_module
  File "<frozen importlib._bootstrap_external>", line 976, in get_code
  File "<frozen importlib._bootstrap_external>", line 906, in source_to_code
  File "<frozen importlib._bootstrap>", line 219, in _call_with_frames_removed
  File "/opt/airflow/dags/dag.py", line 23
    )as dag
          ^
SyntaxError: invalid syntax
[2026-08-11T22:33:20.124+0000] {processor.py:841} WARNING - No viable dags retrieved from /opt/airflow/dags/dag.py
[2026-08-11T22:33:20.138+0000] {processor.py:179} INFO - Processing /opt/airflow/dags/dag.py took 0.025 seconds
[2026-08-11T22:33:40.337+0000] {processor.py:157} INFO - Started process (PID=3683) to work on /opt/airflow/dags/dag.py
[2026-08-11T22:33:40.337+0000] {processor.py:829} INFO - Processing file /opt/airflow/dags/dag.py for tasks to queue
[2026-08-11T22:33:40.338+0000] {logging_mixin.py:151} INFO - [2026-08-11T22:33:40.338+0000] {dagbag.py:536} INFO - Filling up the DagBag from /opt/airflow/dags/dag.py
[2026-08-11T22:33:40.341+0000] {logging_mixin.py:151} INFO - [2026-08-11T22:33:40.340+0000] {dagbag.py:346} ERROR - Failed to import: /opt/airflow/dags/dag.py
Traceback (most recent call last):
  File "/home/airflow/.local/lib/python3.8/site-packages/airflow/models/dagbag.py", line 342, in parse
    loader.exec_module(new_module)
  File "<frozen importlib._bootstrap_external>", line 839, in exec_module
  File "<frozen importlib._bootstrap_external>", line 976, in get_code
  File "<frozen importlib._bootstrap_external>", line 906, in source_to_code
  File "<frozen importlib._bootstrap>", line 219, in _call_with_frames_removed
  File "/opt/airflow/dags/dag.py", line 23
    )as dag
          ^
SyntaxError: invalid syntax
[2026-08-11T22:33:40.341+0000] {processor.py:841} WARNING - No viable dags retrieved from /opt/airflow/dags/dag.py
[2026-08-11T22:33:40.351+0000] {processor.py:179} INFO - Processing /opt/airflow/dags/dag.py took 0.017 seconds
[2026-08-11T22:33:58.510+0000] {processor.py:157} INFO - Started process (PID=3685) to work on /opt/airflow/dags/dag.py
[2026-08-11T22:33:58.510+0000] {processor.py:829} INFO - Processing file /opt/airflow/dags/dag.py for tasks to queue
[2026-08-11T22:33:58.511+0000] {logging_mixin.py:151} INFO - [2026-08-11T22:33:58.511+0000] {dagbag.py:536} INFO - Filling up the DagBag from /opt/airflow/dags/dag.py
[2026-08-11T22:33:58.513+0000] {logging_mixin.py:151} INFO - [2026-08-11T22:33:58.513+0000] {dagbag.py:346} ERROR - Failed to import: /opt/airflow/dags/dag.py
Traceback (most recent call last):
  File "/home/airflow/.local/lib/python3.8/site-packages/airflow/models/dagbag.py", line 342, in parse
    loader.exec_module(new_module)
  File "<frozen importlib._bootstrap_external>", line 839, in exec_module
  File "<frozen importlib._bootstrap_external>", line 976, in get_code
  File "<frozen importlib._bootstrap_external>", line 906, in source_to_code
  File "<frozen importlib._bootstrap>", line 219, in _call_with_frames_removed
  File "/opt/airflow/dags/dag.py", line 23
    )as dag
          ^
SyntaxError: invalid syntax
[2026-08-11T22:33:58.513+0000] {processor.py:841} WARNING - No viable dags retrieved from /opt/airflow/dags/dag.py
[2026-08-11T22:33:58.522+0000] {processor.py:179} INFO - Processing /opt/airflow/dags/dag.py took 0.014 seconds
[2026-08-11T22:34:28.841+0000] {processor.py:157} INFO - Started process (PID=3693) to work on /opt/airflow/dags/dag.py
[2026-08-11T22:34:28.842+0000] {processor.py:829} INFO - Processing file /opt/airflow/dags/dag.py for tasks to queue
[2026-08-11T22:34:28.843+0000] {logging_mixin.py:151} INFO - [2026-08-11T22:34:28.843+0000] {dagbag.py:536} INFO - Filling up the DagBag from /opt/airflow/dags/dag.py
[2026-08-11T22:34:28.845+0000] {logging_mixin.py:151} INFO - [2026-08-11T22:34:28.844+0000] {dagbag.py:346} ERROR - Failed to import: /opt/airflow/dags/dag.py
Traceback (most recent call last):
  File "/home/airflow/.local/lib/python3.8/site-packages/airflow/models/dagbag.py", line 342, in parse
    loader.exec_module(new_module)
  File "<frozen importlib._bootstrap_external>", line 839, in exec_module
  File "<frozen importlib._bootstrap_external>", line 976, in get_code
  File "<frozen importlib._bootstrap_external>", line 906, in source_to_code
  File "<frozen importlib._bootstrap>", line 219, in _call_with_frames_removed
  File "/opt/airflow/dags/dag.py", line 23
    )as dag
          ^
SyntaxError: invalid syntax
[2026-08-11T22:34:28.845+0000] {processor.py:841} WARNING - No viable dags retrieved from /opt/airflow/dags/dag.py
[2026-08-11T22:34:28.853+0000] {processor.py:179} INFO - Processing /opt/airflow/dags/dag.py took 0.013 seconds
[2026-08-11T22:34:59.178+0000] {processor.py:157} INFO - Started process (PID=3702) to work on /opt/airflow/dags/dag.py
[2026-08-11T22:34:59.178+0000] {processor.py:829} INFO - Processing file /opt/airflow/dags/dag.py for tasks to queue
[2026-08-11T22:34:59.181+0000] {logging_mixin.py:151} INFO - [2026-08-11T22:34:59.180+0000] {dagbag.py:536} INFO - Filling up the DagBag from /opt/airflow/dags/dag.py
[2026-08-11T22:34:59.184+0000] {logging_mixin.py:151} INFO - [2026-08-11T22:34:59.184+0000] {dagbag.py:346} ERROR - Failed to import: /opt/airflow/dags/dag.py
Traceback (most recent call last):
  File "/home/airflow/.local/lib/python3.8/site-packages/airflow/models/dagbag.py", line 342, in parse
    loader.exec_module(new_module)
  File "<frozen importlib._bootstrap_external>", line 839, in exec_module
  File "<frozen importlib._bootstrap_external>", line 976, in get_code
  File "<frozen importlib._bootstrap_external>", line 906, in source_to_code
  File "<frozen importlib._bootstrap>", line 219, in _call_with_frames_removed
  File "/opt/airflow/dags/dag.py", line 23
    )as dag
          ^
SyntaxError: invalid syntax
[2026-08-11T22:34:59.185+0000] {processor.py:841} WARNING - No viable dags retrieved from /opt/airflow/dags/dag.py
[2026-08-11T22:34:59.197+0000] {processor.py:179} INFO - Processing /opt/airflow/dags/dag.py took 0.023 seconds
[2026-08-11T22:35:29.509+0000] {processor.py:157} INFO - Started process (PID=3710) to work on /opt/airflow/dags/dag.py
[2026-08-11T22:35:29.510+0000] {processor.py:829} INFO - Processing file /opt/airflow/dags/dag.py for tasks to queue
[2026-08-11T22:35:29.513+0000] {logging_mixin.py:151} INFO - [2026-08-11T22:35:29.513+0000] {dagbag.py:536} INFO - Filling up the DagBag from /opt/airflow/dags/dag.py
[2026-08-11T22:35:29.518+0000] {logging_mixin.py:151} INFO - [2026-08-11T22:35:29.517+0000] {dagbag.py:346} ERROR - Failed to import: /opt/airflow/dags/dag.py
Traceback (most recent call last):
  File "/home/airflow/.local/lib/python3.8/site-packages/airflow/models/dagbag.py", line 342, in parse
    loader.exec_module(new_module)
  File "<frozen importlib._bootstrap_external>", line 839, in exec_module
  File "<frozen importlib._bootstrap_external>", line 976, in get_code
  File "<frozen importlib._bootstrap_external>", line 906, in source_to_code
  File "<frozen importlib._bootstrap>", line 219, in _call_with_frames_removed
  File "/opt/airflow/dags/dag.py", line 23
    )as dag
          ^
SyntaxError: invalid syntax
[2026-08-11T22:35:29.518+0000] {processor.py:841} WARNING - No viable dags retrieved from /opt/airflow/dags/dag.py
[2026-08-11T22:35:29.542+0000] {processor.py:179} INFO - Processing /opt/airflow/dags/dag.py took 0.038 seconds
[2026-08-11T22:35:59.820+0000] {processor.py:157} INFO - Started process (PID=3718) to work on /opt/airflow/dags/dag.py
[2026-08-11T22:35:59.821+0000] {processor.py:829} INFO - Processing file /opt/airflow/dags/dag.py for tasks to queue
[2026-08-11T22:35:59.823+0000] {logging_mixin.py:151} INFO - [2026-08-11T22:35:59.822+0000] {dagbag.py:536} INFO - Filling up the DagBag from /opt/airflow/dags/dag.py
[2026-08-11T22:35:59.826+0000] {logging_mixin.py:151} INFO - [2026-08-11T22:35:59.825+0000] {dagbag.py:346} ERROR - Failed to import: /opt/airflow/dags/dag.py
Traceback (most recent call last):
  File "/home/airflow/.local/lib/python3.8/site-packages/airflow/models/dagbag.py", line 342, in parse
    loader.exec_module(new_module)
  File "<frozen importlib._bootstrap_external>", line 839, in exec_module
  File "<frozen importlib._bootstrap_external>", line 976, in get_code
  File "<frozen importlib._bootstrap_external>", line 906, in source_to_code
  File "<frozen importlib._bootstrap>", line 219, in _call_with_frames_removed
  File "/opt/airflow/dags/dag.py", line 23
    )as dag
          ^
SyntaxError: invalid syntax
[2026-08-11T22:35:59.826+0000] {processor.py:841} WARNING - No viable dags retrieved from /opt/airflow/dags/dag.py
[2026-08-11T22:35:59.838+0000] {processor.py:179} INFO - Processing /opt/airflow/dags/dag.py took 0.021 seconds
[2026-08-11T22:36:30.110+0000] {processor.py:157} INFO - Started process (PID=3726) to work on /opt/airflow/dags/dag.py
[2026-08-11T22:36:30.111+0000] {processor.py:829} INFO - Processing file /opt/airflow/dags/dag.py for tasks to queue
[2026-08-11T22:36:30.113+0000] {logging_mixin.py:151} INFO - [2026-08-11T22:36:30.113+0000] {dagbag.py:536} INFO - Filling up the DagBag from /opt/airflow/dags/dag.py
[2026-08-11T22:36:30.117+0000] {logging_mixin.py:151} INFO - [2026-08-11T22:36:30.116+0000] {dagbag.py:346} ERROR - Failed to import: /opt/airflow/dags/dag.py
Traceback (most recent call last):
  File "/home/airflow/.local/lib/python3.8/site-packages/airflow/models/dagbag.py", line 342, in parse
    loader.exec_module(new_module)
  File "<frozen importlib._bootstrap_external>", line 839, in exec_module
  File "<frozen importlib._bootstrap_external>", line 976, in get_code
  File "<frozen importlib._bootstrap_external>", line 906, in source_to_code
  File "<frozen importlib._bootstrap>", line 219, in _call_with_frames_removed
  File "/opt/airflow/dags/dag.py", line 23
    )as dag
          ^
SyntaxError: invalid syntax
[2026-08-11T22:36:30.117+0000] {processor.py:841} WARNING - No viable dags retrieved from /opt/airflow/dags/dag.py
[2026-08-11T22:36:30.129+0000] {processor.py:179} INFO - Processing /opt/airflow/dags/dag.py took 0.022 seconds
[2026-08-11T22:37:00.427+0000] {processor.py:157} INFO - Started process (PID=3734) to work on /opt/airflow/dags/dag.py
[2026-08-11T22:37:00.428+0000] {processor.py:829} INFO - Processing file /opt/airflow/dags/dag.py for tasks to queue
[2026-08-11T22:37:00.430+0000] {logging_mixin.py:151} INFO - [2026-08-11T22:37:00.430+0000] {dagbag.py:536} INFO - Filling up the DagBag from /opt/airflow/dags/dag.py
[2026-08-11T22:37:00.434+0000] {logging_mixin.py:151} INFO - [2026-08-11T22:37:00.433+0000] {dagbag.py:346} ERROR - Failed to import: /opt/airflow/dags/dag.py
Traceback (most recent call last):
  File "/home/airflow/.local/lib/python3.8/site-packages/airflow/models/dagbag.py", line 342, in parse
    loader.exec_module(new_module)
  File "<frozen importlib._bootstrap_external>", line 839, in exec_module
  File "<frozen importlib._bootstrap_external>", line 976, in get_code
  File "<frozen importlib._bootstrap_external>", line 906, in source_to_code
  File "<frozen importlib._bootstrap>", line 219, in _call_with_frames_removed
  File "/opt/airflow/dags/dag.py", line 23
    )as dag
          ^
SyntaxError: invalid syntax
[2026-08-11T22:37:00.434+0000] {processor.py:841} WARNING - No viable dags retrieved from /opt/airflow/dags/dag.py
[2026-08-11T22:37:00.449+0000] {processor.py:179} INFO - Processing /opt/airflow/dags/dag.py took 0.026 seconds
[2026-08-11T22:37:30.728+0000] {processor.py:157} INFO - Started process (PID=3742) to work on /opt/airflow/dags/dag.py
[2026-08-11T22:37:30.728+0000] {processor.py:829} INFO - Processing file /opt/airflow/dags/dag.py for tasks to queue
[2026-08-11T22:37:30.731+0000] {logging_mixin.py:151} INFO - [2026-08-11T22:37:30.731+0000] {dagbag.py:536} INFO - Filling up the DagBag from /opt/airflow/dags/dag.py
[2026-08-11T22:37:30.736+0000] {logging_mixin.py:151} INFO - [2026-08-11T22:37:30.735+0000] {dagbag.py:346} ERROR - Failed to import: /opt/airflow/dags/dag.py
Traceback (most recent call last):
  File "/home/airflow/.local/lib/python3.8/site-packages/airflow/models/dagbag.py", line 342, in parse
    loader.exec_module(new_module)
  File "<frozen importlib._bootstrap_external>", line 839, in exec_module
  File "<frozen importlib._bootstrap_external>", line 976, in get_code
  File "<frozen importlib._bootstrap_external>", line 906, in source_to_code
  File "<frozen importlib._bootstrap>", line 219, in _call_with_frames_removed
  File "/opt/airflow/dags/dag.py", line 23
    )as dag
          ^
SyntaxError: invalid syntax
[2026-08-11T22:37:30.736+0000] {processor.py:841} WARNING - No viable dags retrieved from /opt/airflow/dags/dag.py
[2026-08-11T22:37:30.754+0000] {processor.py:179} INFO - Processing /opt/airflow/dags/dag.py took 0.031 seconds
[2026-08-11T22:38:00.999+0000] {processor.py:157} INFO - Started process (PID=3750) to work on /opt/airflow/dags/dag.py
[2026-08-11T22:38:01.000+0000] {processor.py:829} INFO - Processing file /opt/airflow/dags/dag.py for tasks to queue
[2026-08-11T22:38:01.003+0000] {logging_mixin.py:151} INFO - [2026-08-11T22:38:01.003+0000] {dagbag.py:536} INFO - Filling up the DagBag from /opt/airflow/dags/dag.py
[2026-08-11T22:38:01.007+0000] {logging_mixin.py:151} INFO - [2026-08-11T22:38:01.006+0000] {dagbag.py:346} ERROR - Failed to import: /opt/airflow/dags/dag.py
Traceback (most recent call last):
  File "/home/airflow/.local/lib/python3.8/site-packages/airflow/models/dagbag.py", line 342, in parse
    loader.exec_module(new_module)
  File "<frozen importlib._bootstrap_external>", line 839, in exec_module
  File "<frozen importlib._bootstrap_external>", line 976, in get_code
  File "<frozen importlib._bootstrap_external>", line 906, in source_to_code
  File "<frozen importlib._bootstrap>", line 219, in _call_with_frames_removed
  File "/opt/airflow/dags/dag.py", line 23
    )as dag
          ^
SyntaxError: invalid syntax
[2026-08-11T22:38:01.008+0000] {processor.py:841} WARNING - No viable dags retrieved from /opt/airflow/dags/dag.py
[2026-08-11T22:38:01.023+0000] {processor.py:179} INFO - Processing /opt/airflow/dags/dag.py took 0.028 seconds
[2026-08-11T22:38:31.325+0000] {processor.py:157} INFO - Started process (PID=3758) to work on /opt/airflow/dags/dag.py
[2026-08-11T22:38:31.326+0000] {processor.py:829} INFO - Processing file /opt/airflow/dags/dag.py for tasks to queue
[2026-08-11T22:38:31.328+0000] {logging_mixin.py:151} INFO - [2026-08-11T22:38:31.327+0000] {dagbag.py:536} INFO - Filling up the DagBag from /opt/airflow/dags/dag.py
[2026-08-11T22:38:31.332+0000] {logging_mixin.py:151} INFO - [2026-08-11T22:38:31.331+0000] {dagbag.py:346} ERROR - Failed to import: /opt/airflow/dags/dag.py
Traceback (most recent call last):
  File "/home/airflow/.local/lib/python3.8/site-packages/airflow/models/dagbag.py", line 342, in parse
    loader.exec_module(new_module)
  File "<frozen importlib._bootstrap_external>", line 839, in exec_module
  File "<frozen importlib._bootstrap_external>", line 976, in get_code
  File "<frozen importlib._bootstrap_external>", line 906, in source_to_code
  File "<frozen importlib._bootstrap>", line 219, in _call_with_frames_removed
  File "/opt/airflow/dags/dag.py", line 23
    )as dag
          ^
SyntaxError: invalid syntax
[2026-08-11T22:38:31.332+0000] {processor.py:841} WARNING - No viable dags retrieved from /opt/airflow/dags/dag.py
[2026-08-11T22:38:31.347+0000] {processor.py:179} INFO - Processing /opt/airflow/dags/dag.py took 0.027 seconds
[2026-08-11T22:39:01.654+0000] {processor.py:157} INFO - Started process (PID=3766) to work on /opt/airflow/dags/dag.py
[2026-08-11T22:39:01.654+0000] {processor.py:829} INFO - Processing file /opt/airflow/dags/dag.py for tasks to queue
[2026-08-11T22:39:01.656+0000] {logging_mixin.py:151} INFO - [2026-08-11T22:39:01.656+0000] {dagbag.py:536} INFO - Filling up the DagBag from /opt/airflow/dags/dag.py
[2026-08-11T22:39:01.660+0000] {logging_mixin.py:151} INFO - [2026-08-11T22:39:01.659+0000] {dagbag.py:346} ERROR - Failed to import: /opt/airflow/dags/dag.py
Traceback (most recent call last):
  File "/home/airflow/.local/lib/python3.8/site-packages/airflow/models/dagbag.py", line 342, in parse
    loader.exec_module(new_module)
  File "<frozen importlib._bootstrap_external>", line 839, in exec_module
  File "<frozen importlib._bootstrap_external>", line 976, in get_code
  File "<frozen importlib._bootstrap_external>", line 906, in source_to_code
  File "<frozen importlib._bootstrap>", line 219, in _call_with_frames_removed
  File "/opt/airflow/dags/dag.py", line 23
    )as dag
          ^
SyntaxError: invalid syntax
[2026-08-11T22:39:01.660+0000] {processor.py:841} WARNING - No viable dags retrieved from /opt/airflow/dags/dag.py
[2026-08-11T22:39:01.675+0000] {processor.py:179} INFO - Processing /opt/airflow/dags/dag.py took 0.025 seconds
[2026-08-11T22:39:31.995+0000] {processor.py:157} INFO - Started process (PID=3774) to work on /opt/airflow/dags/dag.py
[2026-08-11T22:39:31.995+0000] {processor.py:829} INFO - Processing file /opt/airflow/dags/dag.py for tasks to queue
[2026-08-11T22:39:31.999+0000] {logging_mixin.py:151} INFO - [2026-08-11T22:39:31.998+0000] {dagbag.py:536} INFO - Filling up the DagBag from /opt/airflow/dags/dag.py
[2026-08-11T22:39:32.004+0000] {logging_mixin.py:151} INFO - [2026-08-11T22:39:32.002+0000] {dagbag.py:346} ERROR - Failed to import: /opt/airflow/dags/dag.py
Traceback (most recent call last):
  File "/home/airflow/.local/lib/python3.8/site-packages/airflow/models/dagbag.py", line 342, in parse
    loader.exec_module(new_module)
  File "<frozen importlib._bootstrap_external>", line 839, in exec_module
  File "<frozen importlib._bootstrap_external>", line 976, in get_code
  File "<frozen importlib._bootstrap_external>", line 906, in source_to_code
  File "<frozen importlib._bootstrap>", line 219, in _call_with_frames_removed
  File "/opt/airflow/dags/dag.py", line 23
    )as dag
          ^
SyntaxError: invalid syntax
[2026-08-11T22:39:32.004+0000] {processor.py:841} WARNING - No viable dags retrieved from /opt/airflow/dags/dag.py
[2026-08-11T22:39:32.022+0000] {processor.py:179} INFO - Processing /opt/airflow/dags/dag.py took 0.032 seconds
[2026-08-11T22:40:02.329+0000] {processor.py:157} INFO - Started process (PID=3782) to work on /opt/airflow/dags/dag.py
[2026-08-11T22:40:02.331+0000] {processor.py:829} INFO - Processing file /opt/airflow/dags/dag.py for tasks to queue
[2026-08-11T22:40:02.333+0000] {logging_mixin.py:151} INFO - [2026-08-11T22:40:02.333+0000] {dagbag.py:536} INFO - Filling up the DagBag from /opt/airflow/dags/dag.py
[2026-08-11T22:40:02.338+0000] {logging_mixin.py:151} INFO - [2026-08-11T22:40:02.337+0000] {dagbag.py:346} ERROR - Failed to import: /opt/airflow/dags/dag.py
Traceback (most recent call last):
  File "/home/airflow/.local/lib/python3.8/site-packages/airflow/models/dagbag.py", line 342, in parse
    loader.exec_module(new_module)
  File "<frozen importlib._bootstrap_external>", line 839, in exec_module
  File "<frozen importlib._bootstrap_external>", line 976, in get_code
  File "<frozen importlib._bootstrap_external>", line 906, in source_to_code
  File "<frozen importlib._bootstrap>", line 219, in _call_with_frames_removed
  File "/opt/airflow/dags/dag.py", line 23
    )as dag
          ^
SyntaxError: invalid syntax
[2026-08-11T22:40:02.339+0000] {processor.py:841} WARNING - No viable dags retrieved from /opt/airflow/dags/dag.py
[2026-08-11T22:40:02.360+0000] {processor.py:179} INFO - Processing /opt/airflow/dags/dag.py took 0.035 seconds
[2026-08-11T22:40:32.662+0000] {processor.py:157} INFO - Started process (PID=3790) to work on /opt/airflow/dags/dag.py
[2026-08-11T22:40:32.663+0000] {processor.py:829} INFO - Processing file /opt/airflow/dags/dag.py for tasks to queue
[2026-08-11T22:40:32.666+0000] {logging_mixin.py:151} INFO - [2026-08-11T22:40:32.666+0000] {dagbag.py:536} INFO - Filling up the DagBag from /opt/airflow/dags/dag.py
[2026-08-11T22:40:32.672+0000] {logging_mixin.py:151} INFO - [2026-08-11T22:40:32.671+0000] {dagbag.py:346} ERROR - Failed to import: /opt/airflow/dags/dag.py
Traceback (most recent call last):
  File "/home/airflow/.local/lib/python3.8/site-packages/airflow/models/dagbag.py", line 342, in parse
    loader.exec_module(new_module)
  File "<frozen importlib._bootstrap_external>", line 839, in exec_module
  File "<frozen importlib._bootstrap_external>", line 976, in get_code
  File "<frozen importlib._bootstrap_external>", line 906, in source_to_code
  File "<frozen importlib._bootstrap>", line 219, in _call_with_frames_removed
  File "/opt/airflow/dags/dag.py", line 23
    )as dag
          ^
SyntaxError: invalid syntax
[2026-08-11T22:40:32.673+0000] {processor.py:841} WARNING - No viable dags retrieved from /opt/airflow/dags/dag.py
[2026-08-11T22:40:32.690+0000] {processor.py:179} INFO - Processing /opt/airflow/dags/dag.py took 0.035 seconds
[2026-08-11T22:41:03.015+0000] {processor.py:157} INFO - Started process (PID=3798) to work on /opt/airflow/dags/dag.py
[2026-08-11T22:41:03.016+0000] {processor.py:829} INFO - Processing file /opt/airflow/dags/dag.py for tasks to queue
[2026-08-11T22:41:03.018+0000] {logging_mixin.py:151} INFO - [2026-08-11T22:41:03.018+0000] {dagbag.py:536} INFO - Filling up the DagBag from /opt/airflow/dags/dag.py
[2026-08-11T22:41:03.022+0000] {logging_mixin.py:151} INFO - [2026-08-11T22:41:03.021+0000] {dagbag.py:346} ERROR - Failed to import: /opt/airflow/dags/dag.py
Traceback (most recent call last):
  File "/home/airflow/.local/lib/python3.8/site-packages/airflow/models/dagbag.py", line 342, in parse
    loader.exec_module(new_module)
  File "<frozen importlib._bootstrap_external>", line 839, in exec_module
  File "<frozen importlib._bootstrap_external>", line 976, in get_code
  File "<frozen importlib._bootstrap_external>", line 906, in source_to_code
  File "<frozen importlib._bootstrap>", line 219, in _call_with_frames_removed
  File "/opt/airflow/dags/dag.py", line 23
    )as dag
          ^
SyntaxError: invalid syntax
[2026-08-11T22:41:03.023+0000] {processor.py:841} WARNING - No viable dags retrieved from /opt/airflow/dags/dag.py
[2026-08-11T22:41:03.038+0000] {processor.py:179} INFO - Processing /opt/airflow/dags/dag.py took 0.027 seconds
[2026-08-11T22:41:33.326+0000] {processor.py:157} INFO - Started process (PID=3806) to work on /opt/airflow/dags/dag.py
[2026-08-11T22:41:33.327+0000] {processor.py:829} INFO - Processing file /opt/airflow/dags/dag.py for tasks to queue
[2026-08-11T22:41:33.329+0000] {logging_mixin.py:151} INFO - [2026-08-11T22:41:33.329+0000] {dagbag.py:536} INFO - Filling up the DagBag from /opt/airflow/dags/dag.py
[2026-08-11T22:41:33.333+0000] {logging_mixin.py:151} INFO - [2026-08-11T22:41:33.332+0000] {dagbag.py:346} ERROR - Failed to import: /opt/airflow/dags/dag.py
Traceback (most recent call last):
  File "/home/airflow/.local/lib/python3.8/site-packages/airflow/models/dagbag.py", line 342, in parse
    loader.exec_module(new_module)
  File "<frozen importlib._bootstrap_external>", line 839, in exec_module
  File "<frozen importlib._bootstrap_external>", line 976, in get_code
  File "<frozen importlib._bootstrap_external>", line 906, in source_to_code
  File "<frozen importlib._bootstrap>", line 219, in _call_with_frames_removed
  File "/opt/airflow/dags/dag.py", line 23
    )as dag
          ^
SyntaxError: invalid syntax
[2026-08-11T22:41:33.333+0000] {processor.py:841} WARNING - No viable dags retrieved from /opt/airflow/dags/dag.py
[2026-08-11T22:41:33.348+0000] {processor.py:179} INFO - Processing /opt/airflow/dags/dag.py took 0.025 seconds
[2026-08-11T22:42:03.641+0000] {processor.py:157} INFO - Started process (PID=3814) to work on /opt/airflow/dags/dag.py
[2026-08-11T22:42:03.642+0000] {processor.py:829} INFO - Processing file /opt/airflow/dags/dag.py for tasks to queue
[2026-08-11T22:42:03.644+0000] {logging_mixin.py:151} INFO - [2026-08-11T22:42:03.644+0000] {dagbag.py:536} INFO - Filling up the DagBag from /opt/airflow/dags/dag.py
[2026-08-11T22:42:03.648+0000] {logging_mixin.py:151} INFO - [2026-08-11T22:42:03.647+0000] {dagbag.py:346} ERROR - Failed to import: /opt/airflow/dags/dag.py
Traceback (most recent call last):
  File "/home/airflow/.local/lib/python3.8/site-packages/airflow/models/dagbag.py", line 342, in parse
    loader.exec_module(new_module)
  File "<frozen importlib._bootstrap_external>", line 839, in exec_module
  File "<frozen importlib._bootstrap_external>", line 976, in get_code
  File "<frozen importlib._bootstrap_external>", line 906, in source_to_code
  File "<frozen importlib._bootstrap>", line 219, in _call_with_frames_removed
  File "/opt/airflow/dags/dag.py", line 23
    )as dag
          ^
SyntaxError: invalid syntax
[2026-08-11T22:42:03.649+0000] {processor.py:841} WARNING - No viable dags retrieved from /opt/airflow/dags/dag.py
[2026-08-11T22:42:03.664+0000] {processor.py:179} INFO - Processing /opt/airflow/dags/dag.py took 0.026 seconds
[2026-08-11T22:42:33.908+0000] {processor.py:157} INFO - Started process (PID=3822) to work on /opt/airflow/dags/dag.py
[2026-08-11T22:42:33.909+0000] {processor.py:829} INFO - Processing file /opt/airflow/dags/dag.py for tasks to queue
[2026-08-11T22:42:33.911+0000] {logging_mixin.py:151} INFO - [2026-08-11T22:42:33.911+0000] {dagbag.py:536} INFO - Filling up the DagBag from /opt/airflow/dags/dag.py
[2026-08-11T22:42:33.915+0000] {logging_mixin.py:151} INFO - [2026-08-11T22:42:33.914+0000] {dagbag.py:346} ERROR - Failed to import: /opt/airflow/dags/dag.py
Traceback (most recent call last):
  File "/home/airflow/.local/lib/python3.8/site-packages/airflow/models/dagbag.py", line 342, in parse
    loader.exec_module(new_module)
  File "<frozen importlib._bootstrap_external>", line 839, in exec_module
  File "<frozen importlib._bootstrap_external>", line 976, in get_code
  File "<frozen importlib._bootstrap_external>", line 906, in source_to_code
  File "<frozen importlib._bootstrap>", line 219, in _call_with_frames_removed
  File "/opt/airflow/dags/dag.py", line 23
    )as dag
          ^
SyntaxError: invalid syntax
[2026-08-11T22:42:33.915+0000] {processor.py:841} WARNING - No viable dags retrieved from /opt/airflow/dags/dag.py
[2026-08-11T22:42:33.927+0000] {processor.py:179} INFO - Processing /opt/airflow/dags/dag.py took 0.023 seconds
[2026-08-11T22:43:04.205+0000] {processor.py:157} INFO - Started process (PID=3830) to work on /opt/airflow/dags/dag.py
[2026-08-11T22:43:04.206+0000] {processor.py:829} INFO - Processing file /opt/airflow/dags/dag.py for tasks to queue
[2026-08-11T22:43:04.207+0000] {logging_mixin.py:151} INFO - [2026-08-11T22:43:04.207+0000] {dagbag.py:536} INFO - Filling up the DagBag from /opt/airflow/dags/dag.py
[2026-08-11T22:43:04.211+0000] {logging_mixin.py:151} INFO - [2026-08-11T22:43:04.210+0000] {dagbag.py:346} ERROR - Failed to import: /opt/airflow/dags/dag.py
Traceback (most recent call last):
  File "/home/airflow/.local/lib/python3.8/site-packages/airflow/models/dagbag.py", line 342, in parse
    loader.exec_module(new_module)
  File "<frozen importlib._bootstrap_external>", line 839, in exec_module
  File "<frozen importlib._bootstrap_external>", line 976, in get_code
  File "<frozen importlib._bootstrap_external>", line 906, in source_to_code
  File "<frozen importlib._bootstrap>", line 219, in _call_with_frames_removed
  File "/opt/airflow/dags/dag.py", line 23
    )as dag
          ^
SyntaxError: invalid syntax
[2026-08-11T22:43:04.211+0000] {processor.py:841} WARNING - No viable dags retrieved from /opt/airflow/dags/dag.py
[2026-08-11T22:43:04.225+0000] {processor.py:179} INFO - Processing /opt/airflow/dags/dag.py took 0.022 seconds
[2026-08-11T22:43:34.538+0000] {processor.py:157} INFO - Started process (PID=3838) to work on /opt/airflow/dags/dag.py
[2026-08-11T22:43:34.539+0000] {processor.py:829} INFO - Processing file /opt/airflow/dags/dag.py for tasks to queue
[2026-08-11T22:43:34.542+0000] {logging_mixin.py:151} INFO - [2026-08-11T22:43:34.542+0000] {dagbag.py:536} INFO - Filling up the DagBag from /opt/airflow/dags/dag.py
[2026-08-11T22:43:34.547+0000] {logging_mixin.py:151} INFO - [2026-08-11T22:43:34.545+0000] {dagbag.py:346} ERROR - Failed to import: /opt/airflow/dags/dag.py
Traceback (most recent call last):
  File "/home/airflow/.local/lib/python3.8/site-packages/airflow/models/dagbag.py", line 342, in parse
    loader.exec_module(new_module)
  File "<frozen importlib._bootstrap_external>", line 839, in exec_module
  File "<frozen importlib._bootstrap_external>", line 976, in get_code
  File "<frozen importlib._bootstrap_external>", line 906, in source_to_code
  File "<frozen importlib._bootstrap>", line 219, in _call_with_frames_removed
  File "/opt/airflow/dags/dag.py", line 23
    )as dag
          ^
SyntaxError: invalid syntax
[2026-08-11T22:43:34.547+0000] {processor.py:841} WARNING - No viable dags retrieved from /opt/airflow/dags/dag.py
[2026-08-11T22:43:34.564+0000] {processor.py:179} INFO - Processing /opt/airflow/dags/dag.py took 0.032 seconds
[2026-08-11T22:44:04.868+0000] {processor.py:157} INFO - Started process (PID=3846) to work on /opt/airflow/dags/dag.py
[2026-08-11T22:44:04.869+0000] {processor.py:829} INFO - Processing file /opt/airflow/dags/dag.py for tasks to queue
[2026-08-11T22:44:04.872+0000] {logging_mixin.py:151} INFO - [2026-08-11T22:44:04.872+0000] {dagbag.py:536} INFO - Filling up the DagBag from /opt/airflow/dags/dag.py
[2026-08-11T22:44:04.876+0000] {logging_mixin.py:151} INFO - [2026-08-11T22:44:04.875+0000] {dagbag.py:346} ERROR - Failed to import: /opt/airflow/dags/dag.py
Traceback (most recent call last):
  File "/home/airflow/.local/lib/python3.8/site-packages/airflow/models/dagbag.py", line 342, in parse
    loader.exec_module(new_module)
  File "<frozen importlib._bootstrap_external>", line 839, in exec_module
  File "<frozen importlib._bootstrap_external>", line 976, in get_code
  File "<frozen importlib._bootstrap_external>", line 906, in source_to_code
  File "<frozen importlib._bootstrap>", line 219, in _call_with_frames_removed
  File "/opt/airflow/dags/dag.py", line 23
    )as dag
          ^
SyntaxError: invalid syntax
[2026-08-11T22:44:04.876+0000] {processor.py:841} WARNING - No viable dags retrieved from /opt/airflow/dags/dag.py
[2026-08-11T22:44:04.890+0000] {processor.py:179} INFO - Processing /opt/airflow/dags/dag.py took 0.027 seconds
[2026-08-11T22:44:35.200+0000] {processor.py:157} INFO - Started process (PID=3860) to work on /opt/airflow/dags/dag.py
[2026-08-11T22:44:35.201+0000] {processor.py:829} INFO - Processing file /opt/airflow/dags/dag.py for tasks to queue
[2026-08-11T22:44:35.202+0000] {logging_mixin.py:151} INFO - [2026-08-11T22:44:35.202+0000] {dagbag.py:536} INFO - Filling up the DagBag from /opt/airflow/dags/dag.py
[2026-08-11T22:44:35.205+0000] {logging_mixin.py:151} INFO - [2026-08-11T22:44:35.205+0000] {dagbag.py:346} ERROR - Failed to import: /opt/airflow/dags/dag.py
Traceback (most recent call last):
  File "/home/airflow/.local/lib/python3.8/site-packages/airflow/models/dagbag.py", line 342, in parse
    loader.exec_module(new_module)
  File "<frozen importlib._bootstrap_external>", line 839, in exec_module
  File "<frozen importlib._bootstrap_external>", line 976, in get_code
  File "<frozen importlib._bootstrap_external>", line 906, in source_to_code
  File "<frozen importlib._bootstrap>", line 219, in _call_with_frames_removed
  File "/opt/airflow/dags/dag.py", line 23
    )as dag
          ^
SyntaxError: invalid syntax
[2026-08-11T22:44:35.205+0000] {processor.py:841} WARNING - No viable dags retrieved from /opt/airflow/dags/dag.py
[2026-08-11T22:44:35.216+0000] {processor.py:179} INFO - Processing /opt/airflow/dags/dag.py took 0.020 seconds
[2026-08-11T22:45:05.491+0000] {processor.py:157} INFO - Started process (PID=3868) to work on /opt/airflow/dags/dag.py
[2026-08-11T22:45:05.492+0000] {processor.py:829} INFO - Processing file /opt/airflow/dags/dag.py for tasks to queue
[2026-08-11T22:45:05.494+0000] {logging_mixin.py:151} INFO - [2026-08-11T22:45:05.494+0000] {dagbag.py:536} INFO - Filling up the DagBag from /opt/airflow/dags/dag.py
[2026-08-11T22:45:05.498+0000] {logging_mixin.py:151} INFO - [2026-08-11T22:45:05.497+0000] {dagbag.py:346} ERROR - Failed to import: /opt/airflow/dags/dag.py
Traceback (most recent call last):
  File "/home/airflow/.local/lib/python3.8/site-packages/airflow/models/dagbag.py", line 342, in parse
    loader.exec_module(new_module)
  File "<frozen importlib._bootstrap_external>", line 839, in exec_module
  File "<frozen importlib._bootstrap_external>", line 976, in get_code
  File "<frozen importlib._bootstrap_external>", line 906, in source_to_code
  File "<frozen importlib._bootstrap>", line 219, in _call_with_frames_removed
  File "/opt/airflow/dags/dag.py", line 23
    )as dag
          ^
SyntaxError: invalid syntax
[2026-08-11T22:45:05.498+0000] {processor.py:841} WARNING - No viable dags retrieved from /opt/airflow/dags/dag.py
[2026-08-11T22:45:05.514+0000] {processor.py:179} INFO - Processing /opt/airflow/dags/dag.py took 0.026 seconds
[2026-08-11T22:45:35.837+0000] {processor.py:157} INFO - Started process (PID=3876) to work on /opt/airflow/dags/dag.py
[2026-08-11T22:45:35.838+0000] {processor.py:829} INFO - Processing file /opt/airflow/dags/dag.py for tasks to queue
[2026-08-11T22:45:35.841+0000] {logging_mixin.py:151} INFO - [2026-08-11T22:45:35.841+0000] {dagbag.py:536} INFO - Filling up the DagBag from /opt/airflow/dags/dag.py
[2026-08-11T22:45:35.845+0000] {logging_mixin.py:151} INFO - [2026-08-11T22:45:35.844+0000] {dagbag.py:346} ERROR - Failed to import: /opt/airflow/dags/dag.py
Traceback (most recent call last):
  File "/home/airflow/.local/lib/python3.8/site-packages/airflow/models/dagbag.py", line 342, in parse
    loader.exec_module(new_module)
  File "<frozen importlib._bootstrap_external>", line 839, in exec_module
  File "<frozen importlib._bootstrap_external>", line 976, in get_code
  File "<frozen importlib._bootstrap_external>", line 906, in source_to_code
  File "<frozen importlib._bootstrap>", line 219, in _call_with_frames_removed
  File "/opt/airflow/dags/dag.py", line 23
    )as dag
          ^
SyntaxError: invalid syntax
[2026-08-11T22:45:35.845+0000] {processor.py:841} WARNING - No viable dags retrieved from /opt/airflow/dags/dag.py
[2026-08-11T22:45:35.862+0000] {processor.py:179} INFO - Processing /opt/airflow/dags/dag.py took 0.028 seconds
[2026-08-11T22:46:06.171+0000] {processor.py:157} INFO - Started process (PID=3884) to work on /opt/airflow/dags/dag.py
[2026-08-11T22:46:06.173+0000] {processor.py:829} INFO - Processing file /opt/airflow/dags/dag.py for tasks to queue
[2026-08-11T22:46:06.175+0000] {logging_mixin.py:151} INFO - [2026-08-11T22:46:06.175+0000] {dagbag.py:536} INFO - Filling up the DagBag from /opt/airflow/dags/dag.py
[2026-08-11T22:46:06.179+0000] {logging_mixin.py:151} INFO - [2026-08-11T22:46:06.178+0000] {dagbag.py:346} ERROR - Failed to import: /opt/airflow/dags/dag.py
Traceback (most recent call last):
  File "/home/airflow/.local/lib/python3.8/site-packages/airflow/models/dagbag.py", line 342, in parse
    loader.exec_module(new_module)
  File "<frozen importlib._bootstrap_external>", line 839, in exec_module
  File "<frozen importlib._bootstrap_external>", line 976, in get_code
  File "<frozen importlib._bootstrap_external>", line 906, in source_to_code
  File "<frozen importlib._bootstrap>", line 219, in _call_with_frames_removed
  File "/opt/airflow/dags/dag.py", line 23
    )as dag
          ^
SyntaxError: invalid syntax
[2026-08-11T22:46:06.180+0000] {processor.py:841} WARNING - No viable dags retrieved from /opt/airflow/dags/dag.py
[2026-08-11T22:46:06.197+0000] {processor.py:179} INFO - Processing /opt/airflow/dags/dag.py took 0.029 seconds
[2026-08-11T22:46:36.582+0000] {processor.py:157} INFO - Started process (PID=3892) to work on /opt/airflow/dags/dag.py
[2026-08-11T22:46:36.582+0000] {processor.py:829} INFO - Processing file /opt/airflow/dags/dag.py for tasks to queue
[2026-08-11T22:46:36.584+0000] {logging_mixin.py:151} INFO - [2026-08-11T22:46:36.584+0000] {dagbag.py:536} INFO - Filling up the DagBag from /opt/airflow/dags/dag.py
[2026-08-11T22:46:36.586+0000] {logging_mixin.py:151} INFO - [2026-08-11T22:46:36.586+0000] {dagbag.py:346} ERROR - Failed to import: /opt/airflow/dags/dag.py
Traceback (most recent call last):
  File "/home/airflow/.local/lib/python3.8/site-packages/airflow/models/dagbag.py", line 342, in parse
    loader.exec_module(new_module)
  File "<frozen importlib._bootstrap_external>", line 839, in exec_module
  File "<frozen importlib._bootstrap_external>", line 976, in get_code
  File "<frozen importlib._bootstrap_external>", line 906, in source_to_code
  File "<frozen importlib._bootstrap>", line 219, in _call_with_frames_removed
  File "/opt/airflow/dags/dag.py", line 23
    )as dag
          ^
SyntaxError: invalid syntax
[2026-08-11T22:46:36.587+0000] {processor.py:841} WARNING - No viable dags retrieved from /opt/airflow/dags/dag.py
[2026-08-11T22:46:36.597+0000] {processor.py:179} INFO - Processing /opt/airflow/dags/dag.py took 0.018 seconds
[2026-08-11T22:47:06.790+0000] {processor.py:157} INFO - Started process (PID=3900) to work on /opt/airflow/dags/dag.py
[2026-08-11T22:47:06.791+0000] {processor.py:829} INFO - Processing file /opt/airflow/dags/dag.py for tasks to queue
[2026-08-11T22:47:06.792+0000] {logging_mixin.py:151} INFO - [2026-08-11T22:47:06.792+0000] {dagbag.py:536} INFO - Filling up the DagBag from /opt/airflow/dags/dag.py
[2026-08-11T22:47:06.794+0000] {logging_mixin.py:151} INFO - [2026-08-11T22:47:06.794+0000] {dagbag.py:346} ERROR - Failed to import: /opt/airflow/dags/dag.py
Traceback (most recent call last):
  File "/home/airflow/.local/lib/python3.8/site-packages/airflow/models/dagbag.py", line 342, in parse
    loader.exec_module(new_module)
  File "<frozen importlib._bootstrap_external>", line 839, in exec_module
  File "<frozen importlib._bootstrap_external>", line 976, in get_code
  File "<frozen importlib._bootstrap_external>", line 906, in source_to_code
  File "<frozen importlib._bootstrap>", line 219, in _call_with_frames_removed
  File "/opt/airflow/dags/dag.py", line 23
    )as dag
          ^
SyntaxError: invalid syntax
[2026-08-11T22:47:06.794+0000] {processor.py:841} WARNING - No viable dags retrieved from /opt/airflow/dags/dag.py
[2026-08-11T22:47:06.805+0000] {processor.py:179} INFO - Processing /opt/airflow/dags/dag.py took 0.017 seconds
[2026-08-11T22:47:36.962+0000] {processor.py:157} INFO - Started process (PID=3908) to work on /opt/airflow/dags/dag.py
[2026-08-11T22:47:36.963+0000] {processor.py:829} INFO - Processing file /opt/airflow/dags/dag.py for tasks to queue
[2026-08-11T22:47:36.964+0000] {logging_mixin.py:151} INFO - [2026-08-11T22:47:36.964+0000] {dagbag.py:536} INFO - Filling up the DagBag from /opt/airflow/dags/dag.py
[2026-08-11T22:47:36.967+0000] {logging_mixin.py:151} INFO - [2026-08-11T22:47:36.966+0000] {dagbag.py:346} ERROR - Failed to import: /opt/airflow/dags/dag.py
Traceback (most recent call last):
  File "/home/airflow/.local/lib/python3.8/site-packages/airflow/models/dagbag.py", line 342, in parse
    loader.exec_module(new_module)
  File "<frozen importlib._bootstrap_external>", line 839, in exec_module
  File "<frozen importlib._bootstrap_external>", line 976, in get_code
  File "<frozen importlib._bootstrap_external>", line 906, in source_to_code
  File "<frozen importlib._bootstrap>", line 219, in _call_with_frames_removed
  File "/opt/airflow/dags/dag.py", line 23
    )as dag
          ^
SyntaxError: invalid syntax
[2026-08-11T22:47:36.967+0000] {processor.py:841} WARNING - No viable dags retrieved from /opt/airflow/dags/dag.py
[2026-08-11T22:47:36.975+0000] {processor.py:179} INFO - Processing /opt/airflow/dags/dag.py took 0.016 seconds
[2026-08-11T22:48:07.099+0000] {processor.py:157} INFO - Started process (PID=3916) to work on /opt/airflow/dags/dag.py
[2026-08-11T22:48:07.100+0000] {processor.py:829} INFO - Processing file /opt/airflow/dags/dag.py for tasks to queue
[2026-08-11T22:48:07.101+0000] {logging_mixin.py:151} INFO - [2026-08-11T22:48:07.101+0000] {dagbag.py:536} INFO - Filling up the DagBag from /opt/airflow/dags/dag.py
[2026-08-11T22:48:07.104+0000] {logging_mixin.py:151} INFO - [2026-08-11T22:48:07.103+0000] {dagbag.py:346} ERROR - Failed to import: /opt/airflow/dags/dag.py
Traceback (most recent call last):
  File "/home/airflow/.local/lib/python3.8/site-packages/airflow/models/dagbag.py", line 342, in parse
    loader.exec_module(new_module)
  File "<frozen importlib._bootstrap_external>", line 839, in exec_module
  File "<frozen importlib._bootstrap_external>", line 976, in get_code
  File "<frozen importlib._bootstrap_external>", line 906, in source_to_code
  File "<frozen importlib._bootstrap>", line 219, in _call_with_frames_removed
  File "/opt/airflow/dags/dag.py", line 23
    )as dag
          ^
SyntaxError: invalid syntax
[2026-08-11T22:48:07.104+0000] {processor.py:841} WARNING - No viable dags retrieved from /opt/airflow/dags/dag.py
[2026-08-11T22:48:07.114+0000] {processor.py:179} INFO - Processing /opt/airflow/dags/dag.py took 0.017 seconds
[2026-08-11T22:48:37.261+0000] {processor.py:157} INFO - Started process (PID=3924) to work on /opt/airflow/dags/dag.py
[2026-08-11T22:48:37.262+0000] {processor.py:829} INFO - Processing file /opt/airflow/dags/dag.py for tasks to queue
[2026-08-11T22:48:37.264+0000] {logging_mixin.py:151} INFO - [2026-08-11T22:48:37.263+0000] {dagbag.py:536} INFO - Filling up the DagBag from /opt/airflow/dags/dag.py
[2026-08-11T22:48:37.267+0000] {logging_mixin.py:151} INFO - [2026-08-11T22:48:37.266+0000] {dagbag.py:346} ERROR - Failed to import: /opt/airflow/dags/dag.py
Traceback (most recent call last):
  File "/home/airflow/.local/lib/python3.8/site-packages/airflow/models/dagbag.py", line 342, in parse
    loader.exec_module(new_module)
  File "<frozen importlib._bootstrap_external>", line 839, in exec_module
  File "<frozen importlib._bootstrap_external>", line 976, in get_code
  File "<frozen importlib._bootstrap_external>", line 906, in source_to_code
  File "<frozen importlib._bootstrap>", line 219, in _call_with_frames_removed
  File "/opt/airflow/dags/dag.py", line 23
    )as dag
          ^
SyntaxError: invalid syntax
[2026-08-11T22:48:37.267+0000] {processor.py:841} WARNING - No viable dags retrieved from /opt/airflow/dags/dag.py
[2026-08-11T22:48:37.278+0000] {processor.py:179} INFO - Processing /opt/airflow/dags/dag.py took 0.021 seconds
[2026-08-11T22:49:07.568+0000] {processor.py:157} INFO - Started process (PID=3932) to work on /opt/airflow/dags/dag.py
[2026-08-11T22:49:07.569+0000] {processor.py:829} INFO - Processing file /opt/airflow/dags/dag.py for tasks to queue
[2026-08-11T22:49:07.572+0000] {logging_mixin.py:151} INFO - [2026-08-11T22:49:07.571+0000] {dagbag.py:536} INFO - Filling up the DagBag from /opt/airflow/dags/dag.py
[2026-08-11T22:49:07.575+0000] {logging_mixin.py:151} INFO - [2026-08-11T22:49:07.575+0000] {dagbag.py:346} ERROR - Failed to import: /opt/airflow/dags/dag.py
Traceback (most recent call last):
  File "/home/airflow/.local/lib/python3.8/site-packages/airflow/models/dagbag.py", line 342, in parse
    loader.exec_module(new_module)
  File "<frozen importlib._bootstrap_external>", line 839, in exec_module
  File "<frozen importlib._bootstrap_external>", line 976, in get_code
  File "<frozen importlib._bootstrap_external>", line 906, in source_to_code
  File "<frozen importlib._bootstrap>", line 219, in _call_with_frames_removed
  File "/opt/airflow/dags/dag.py", line 23
    )as dag
          ^
SyntaxError: invalid syntax
[2026-08-11T22:49:07.576+0000] {processor.py:841} WARNING - No viable dags retrieved from /opt/airflow/dags/dag.py
[2026-08-11T22:49:07.590+0000] {processor.py:179} INFO - Processing /opt/airflow/dags/dag.py took 0.025 seconds
[2026-08-11T22:49:37.892+0000] {processor.py:157} INFO - Started process (PID=3940) to work on /opt/airflow/dags/dag.py
[2026-08-11T22:49:37.893+0000] {processor.py:829} INFO - Processing file /opt/airflow/dags/dag.py for tasks to queue
[2026-08-11T22:49:37.895+0000] {logging_mixin.py:151} INFO - [2026-08-11T22:49:37.894+0000] {dagbag.py:536} INFO - Filling up the DagBag from /opt/airflow/dags/dag.py
[2026-08-11T22:49:37.897+0000] {logging_mixin.py:151} INFO - [2026-08-11T22:49:37.897+0000] {dagbag.py:346} ERROR - Failed to import: /opt/airflow/dags/dag.py
Traceback (most recent call last):
  File "/home/airflow/.local/lib/python3.8/site-packages/airflow/models/dagbag.py", line 342, in parse
    loader.exec_module(new_module)
  File "<frozen importlib._bootstrap_external>", line 839, in exec_module
  File "<frozen importlib._bootstrap_external>", line 976, in get_code
  File "<frozen importlib._bootstrap_external>", line 906, in source_to_code
  File "<frozen importlib._bootstrap>", line 219, in _call_with_frames_removed
  File "/opt/airflow/dags/dag.py", line 23
    )as dag
          ^
SyntaxError: invalid syntax
[2026-08-11T22:49:37.898+0000] {processor.py:841} WARNING - No viable dags retrieved from /opt/airflow/dags/dag.py
[2026-08-11T22:49:37.909+0000] {processor.py:179} INFO - Processing /opt/airflow/dags/dag.py took 0.023 seconds
[2026-08-11T22:50:08.155+0000] {processor.py:157} INFO - Started process (PID=3948) to work on /opt/airflow/dags/dag.py
[2026-08-11T22:50:08.156+0000] {processor.py:829} INFO - Processing file /opt/airflow/dags/dag.py for tasks to queue
[2026-08-11T22:50:08.159+0000] {logging_mixin.py:151} INFO - [2026-08-11T22:50:08.158+0000] {dagbag.py:536} INFO - Filling up the DagBag from /opt/airflow/dags/dag.py
[2026-08-11T22:50:08.164+0000] {logging_mixin.py:151} INFO - [2026-08-11T22:50:08.163+0000] {dagbag.py:346} ERROR - Failed to import: /opt/airflow/dags/dag.py
Traceback (most recent call last):
  File "/home/airflow/.local/lib/python3.8/site-packages/airflow/models/dagbag.py", line 342, in parse
    loader.exec_module(new_module)
  File "<frozen importlib._bootstrap_external>", line 839, in exec_module
  File "<frozen importlib._bootstrap_external>", line 976, in get_code
  File "<frozen importlib._bootstrap_external>", line 906, in source_to_code
  File "<frozen importlib._bootstrap>", line 219, in _call_with_frames_removed
  File "/opt/airflow/dags/dag.py", line 23
    )as dag
          ^
SyntaxError: invalid syntax
[2026-08-11T22:50:08.164+0000] {processor.py:841} WARNING - No viable dags retrieved from /opt/airflow/dags/dag.py
[2026-08-11T22:50:08.179+0000] {processor.py:179} INFO - Processing /opt/airflow/dags/dag.py took 0.029 seconds
[2026-08-11T22:50:38.437+0000] {processor.py:157} INFO - Started process (PID=3956) to work on /opt/airflow/dags/dag.py
[2026-08-11T22:50:38.438+0000] {processor.py:829} INFO - Processing file /opt/airflow/dags/dag.py for tasks to queue
[2026-08-11T22:50:38.441+0000] {logging_mixin.py:151} INFO - [2026-08-11T22:50:38.441+0000] {dagbag.py:536} INFO - Filling up the DagBag from /opt/airflow/dags/dag.py
[2026-08-11T22:50:38.446+0000] {logging_mixin.py:151} INFO - [2026-08-11T22:50:38.445+0000] {dagbag.py:346} ERROR - Failed to import: /opt/airflow/dags/dag.py
Traceback (most recent call last):
  File "/home/airflow/.local/lib/python3.8/site-packages/airflow/models/dagbag.py", line 342, in parse
    loader.exec_module(new_module)
  File "<frozen importlib._bootstrap_external>", line 839, in exec_module
  File "<frozen importlib._bootstrap_external>", line 976, in get_code
  File "<frozen importlib._bootstrap_external>", line 906, in source_to_code
  File "<frozen importlib._bootstrap>", line 219, in _call_with_frames_removed
  File "/opt/airflow/dags/dag.py", line 23
    )as dag
          ^
SyntaxError: invalid syntax
[2026-08-11T22:50:38.447+0000] {processor.py:841} WARNING - No viable dags retrieved from /opt/airflow/dags/dag.py
[2026-08-11T22:50:38.464+0000] {processor.py:179} INFO - Processing /opt/airflow/dags/dag.py took 0.032 seconds
[2026-08-11T22:51:08.798+0000] {processor.py:157} INFO - Started process (PID=3964) to work on /opt/airflow/dags/dag.py
[2026-08-11T22:51:08.798+0000] {processor.py:829} INFO - Processing file /opt/airflow/dags/dag.py for tasks to queue
[2026-08-11T22:51:08.801+0000] {logging_mixin.py:151} INFO - [2026-08-11T22:51:08.801+0000] {dagbag.py:536} INFO - Filling up the DagBag from /opt/airflow/dags/dag.py
[2026-08-11T22:51:08.805+0000] {logging_mixin.py:151} INFO - [2026-08-11T22:51:08.804+0000] {dagbag.py:346} ERROR - Failed to import: /opt/airflow/dags/dag.py
Traceback (most recent call last):
  File "/home/airflow/.local/lib/python3.8/site-packages/airflow/models/dagbag.py", line 342, in parse
    loader.exec_module(new_module)
  File "<frozen importlib._bootstrap_external>", line 839, in exec_module
  File "<frozen importlib._bootstrap_external>", line 976, in get_code
  File "<frozen importlib._bootstrap_external>", line 906, in source_to_code
  File "<frozen importlib._bootstrap>", line 219, in _call_with_frames_removed
  File "/opt/airflow/dags/dag.py", line 23
    )as dag
          ^
SyntaxError: invalid syntax
[2026-08-11T22:51:08.805+0000] {processor.py:841} WARNING - No viable dags retrieved from /opt/airflow/dags/dag.py
[2026-08-11T22:51:08.819+0000] {processor.py:179} INFO - Processing /opt/airflow/dags/dag.py took 0.025 seconds
[2026-08-11T22:51:39.160+0000] {processor.py:157} INFO - Started process (PID=3972) to work on /opt/airflow/dags/dag.py
[2026-08-11T22:51:39.161+0000] {processor.py:829} INFO - Processing file /opt/airflow/dags/dag.py for tasks to queue
[2026-08-11T22:51:39.164+0000] {logging_mixin.py:151} INFO - [2026-08-11T22:51:39.164+0000] {dagbag.py:536} INFO - Filling up the DagBag from /opt/airflow/dags/dag.py
[2026-08-11T22:51:39.169+0000] {logging_mixin.py:151} INFO - [2026-08-11T22:51:39.168+0000] {dagbag.py:346} ERROR - Failed to import: /opt/airflow/dags/dag.py
Traceback (most recent call last):
  File "/home/airflow/.local/lib/python3.8/site-packages/airflow/models/dagbag.py", line 342, in parse
    loader.exec_module(new_module)
  File "<frozen importlib._bootstrap_external>", line 839, in exec_module
  File "<frozen importlib._bootstrap_external>", line 976, in get_code
  File "<frozen importlib._bootstrap_external>", line 906, in source_to_code
  File "<frozen importlib._bootstrap>", line 219, in _call_with_frames_removed
  File "/opt/airflow/dags/dag.py", line 23
    )as dag
          ^
SyntaxError: invalid syntax
[2026-08-11T22:51:39.169+0000] {processor.py:841} WARNING - No viable dags retrieved from /opt/airflow/dags/dag.py
[2026-08-11T22:51:39.185+0000] {processor.py:179} INFO - Processing /opt/airflow/dags/dag.py took 0.031 seconds
[2026-08-11T22:52:09.496+0000] {processor.py:157} INFO - Started process (PID=3980) to work on /opt/airflow/dags/dag.py
[2026-08-11T22:52:09.496+0000] {processor.py:829} INFO - Processing file /opt/airflow/dags/dag.py for tasks to queue
[2026-08-11T22:52:09.499+0000] {logging_mixin.py:151} INFO - [2026-08-11T22:52:09.498+0000] {dagbag.py:536} INFO - Filling up the DagBag from /opt/airflow/dags/dag.py
[2026-08-11T22:52:09.503+0000] {logging_mixin.py:151} INFO - [2026-08-11T22:52:09.502+0000] {dagbag.py:346} ERROR - Failed to import: /opt/airflow/dags/dag.py
Traceback (most recent call last):
  File "/home/airflow/.local/lib/python3.8/site-packages/airflow/models/dagbag.py", line 342, in parse
    loader.exec_module(new_module)
  File "<frozen importlib._bootstrap_external>", line 839, in exec_module
  File "<frozen importlib._bootstrap_external>", line 976, in get_code
  File "<frozen importlib._bootstrap_external>", line 906, in source_to_code
  File "<frozen importlib._bootstrap>", line 219, in _call_with_frames_removed
  File "/opt/airflow/dags/dag.py", line 23
    )as dag
          ^
SyntaxError: invalid syntax
[2026-08-11T22:52:09.503+0000] {processor.py:841} WARNING - No viable dags retrieved from /opt/airflow/dags/dag.py
[2026-08-11T22:52:09.515+0000] {processor.py:179} INFO - Processing /opt/airflow/dags/dag.py took 0.023 seconds
[2026-08-11T22:52:39.911+0000] {processor.py:157} INFO - Started process (PID=3989) to work on /opt/airflow/dags/dag.py
[2026-08-11T22:52:39.912+0000] {processor.py:829} INFO - Processing file /opt/airflow/dags/dag.py for tasks to queue
[2026-08-11T22:52:39.914+0000] {logging_mixin.py:151} INFO - [2026-08-11T22:52:39.914+0000] {dagbag.py:536} INFO - Filling up the DagBag from /opt/airflow/dags/dag.py
[2026-08-11T22:52:39.917+0000] {logging_mixin.py:151} INFO - [2026-08-11T22:52:39.917+0000] {dagbag.py:346} ERROR - Failed to import: /opt/airflow/dags/dag.py
Traceback (most recent call last):
  File "/home/airflow/.local/lib/python3.8/site-packages/airflow/models/dagbag.py", line 342, in parse
    loader.exec_module(new_module)
  File "<frozen importlib._bootstrap_external>", line 839, in exec_module
  File "<frozen importlib._bootstrap_external>", line 976, in get_code
  File "<frozen importlib._bootstrap_external>", line 906, in source_to_code
  File "<frozen importlib._bootstrap>", line 219, in _call_with_frames_removed
  File "/opt/airflow/dags/dag.py", line 23
    )as dag
          ^
SyntaxError: invalid syntax
[2026-08-11T22:52:39.918+0000] {processor.py:841} WARNING - No viable dags retrieved from /opt/airflow/dags/dag.py
[2026-08-11T22:52:39.930+0000] {processor.py:179} INFO - Processing /opt/airflow/dags/dag.py took 0.023 seconds
[2026-08-11T22:53:10.320+0000] {processor.py:157} INFO - Started process (PID=3997) to work on /opt/airflow/dags/dag.py
[2026-08-11T22:53:10.322+0000] {processor.py:829} INFO - Processing file /opt/airflow/dags/dag.py for tasks to queue
[2026-08-11T22:53:10.325+0000] {logging_mixin.py:151} INFO - [2026-08-11T22:53:10.324+0000] {dagbag.py:536} INFO - Filling up the DagBag from /opt/airflow/dags/dag.py
[2026-08-11T22:53:10.330+0000] {logging_mixin.py:151} INFO - [2026-08-11T22:53:10.328+0000] {dagbag.py:346} ERROR - Failed to import: /opt/airflow/dags/dag.py
Traceback (most recent call last):
  File "/home/airflow/.local/lib/python3.8/site-packages/airflow/models/dagbag.py", line 342, in parse
    loader.exec_module(new_module)
  File "<frozen importlib._bootstrap_external>", line 839, in exec_module
  File "<frozen importlib._bootstrap_external>", line 976, in get_code
  File "<frozen importlib._bootstrap_external>", line 906, in source_to_code
  File "<frozen importlib._bootstrap>", line 219, in _call_with_frames_removed
  File "/opt/airflow/dags/dag.py", line 23
    )as dag
          ^
SyntaxError: invalid syntax
[2026-08-11T22:53:10.330+0000] {processor.py:841} WARNING - No viable dags retrieved from /opt/airflow/dags/dag.py
[2026-08-11T22:53:10.348+0000] {processor.py:179} INFO - Processing /opt/airflow/dags/dag.py took 0.032 seconds
[2026-08-11T22:53:40.702+0000] {processor.py:157} INFO - Started process (PID=4005) to work on /opt/airflow/dags/dag.py
[2026-08-11T22:53:40.703+0000] {processor.py:829} INFO - Processing file /opt/airflow/dags/dag.py for tasks to queue
[2026-08-11T22:53:40.705+0000] {logging_mixin.py:151} INFO - [2026-08-11T22:53:40.705+0000] {dagbag.py:536} INFO - Filling up the DagBag from /opt/airflow/dags/dag.py
[2026-08-11T22:53:40.709+0000] {logging_mixin.py:151} INFO - [2026-08-11T22:53:40.708+0000] {dagbag.py:346} ERROR - Failed to import: /opt/airflow/dags/dag.py
Traceback (most recent call last):
  File "/home/airflow/.local/lib/python3.8/site-packages/airflow/models/dagbag.py", line 342, in parse
    loader.exec_module(new_module)
  File "<frozen importlib._bootstrap_external>", line 839, in exec_module
  File "<frozen importlib._bootstrap_external>", line 976, in get_code
  File "<frozen importlib._bootstrap_external>", line 906, in source_to_code
  File "<frozen importlib._bootstrap>", line 219, in _call_with_frames_removed
  File "/opt/airflow/dags/dag.py", line 23
    )as dag
          ^
SyntaxError: invalid syntax
[2026-08-11T22:53:40.710+0000] {processor.py:841} WARNING - No viable dags retrieved from /opt/airflow/dags/dag.py
[2026-08-11T22:53:40.724+0000] {processor.py:179} INFO - Processing /opt/airflow/dags/dag.py took 0.028 seconds
[2026-08-11T22:54:11.999+0000] {processor.py:157} INFO - Started process (PID=4014) to work on /opt/airflow/dags/dag.py
[2026-08-11T22:54:11.000+0000] {processor.py:829} INFO - Processing file /opt/airflow/dags/dag.py for tasks to queue
[2026-08-11T22:54:11.004+0000] {logging_mixin.py:151} INFO - [2026-08-11T22:54:11.004+0000] {dagbag.py:536} INFO - Filling up the DagBag from /opt/airflow/dags/dag.py
[2026-08-11T22:54:11.008+0000] {logging_mixin.py:151} INFO - [2026-08-11T22:54:11.007+0000] {dagbag.py:346} ERROR - Failed to import: /opt/airflow/dags/dag.py
Traceback (most recent call last):
  File "/home/airflow/.local/lib/python3.8/site-packages/airflow/models/dagbag.py", line 342, in parse
    loader.exec_module(new_module)
  File "<frozen importlib._bootstrap_external>", line 839, in exec_module
  File "<frozen importlib._bootstrap_external>", line 976, in get_code
  File "<frozen importlib._bootstrap_external>", line 906, in source_to_code
  File "<frozen importlib._bootstrap>", line 219, in _call_with_frames_removed
  File "/opt/airflow/dags/dag.py", line 23
    )as dag
          ^
SyntaxError: invalid syntax
[2026-08-11T22:54:11.009+0000] {processor.py:841} WARNING - No viable dags retrieved from /opt/airflow/dags/dag.py
[2026-08-11T22:54:11.025+0000] {processor.py:179} INFO - Processing /opt/airflow/dags/dag.py took 0.030 seconds
[2026-08-11T22:54:41.338+0000] {processor.py:157} INFO - Started process (PID=4022) to work on /opt/airflow/dags/dag.py
[2026-08-11T22:54:41.339+0000] {processor.py:829} INFO - Processing file /opt/airflow/dags/dag.py for tasks to queue
[2026-08-11T22:54:41.341+0000] {logging_mixin.py:151} INFO - [2026-08-11T22:54:41.341+0000] {dagbag.py:536} INFO - Filling up the DagBag from /opt/airflow/dags/dag.py
[2026-08-11T22:54:41.344+0000] {logging_mixin.py:151} INFO - [2026-08-11T22:54:41.343+0000] {dagbag.py:346} ERROR - Failed to import: /opt/airflow/dags/dag.py
Traceback (most recent call last):
  File "/home/airflow/.local/lib/python3.8/site-packages/airflow/models/dagbag.py", line 342, in parse
    loader.exec_module(new_module)
  File "<frozen importlib._bootstrap_external>", line 839, in exec_module
  File "<frozen importlib._bootstrap_external>", line 976, in get_code
  File "<frozen importlib._bootstrap_external>", line 906, in source_to_code
  File "<frozen importlib._bootstrap>", line 219, in _call_with_frames_removed
  File "/opt/airflow/dags/dag.py", line 23
    )as dag
          ^
SyntaxError: invalid syntax
[2026-08-11T22:54:41.344+0000] {processor.py:841} WARNING - No viable dags retrieved from /opt/airflow/dags/dag.py
[2026-08-11T22:54:41.357+0000] {processor.py:179} INFO - Processing /opt/airflow/dags/dag.py took 0.026 seconds
[2026-08-11T22:55:11.724+0000] {processor.py:157} INFO - Started process (PID=4030) to work on /opt/airflow/dags/dag.py
[2026-08-11T22:55:11.725+0000] {processor.py:829} INFO - Processing file /opt/airflow/dags/dag.py for tasks to queue
[2026-08-11T22:55:11.728+0000] {logging_mixin.py:151} INFO - [2026-08-11T22:55:11.727+0000] {dagbag.py:536} INFO - Filling up the DagBag from /opt/airflow/dags/dag.py
[2026-08-11T22:55:11.731+0000] {logging_mixin.py:151} INFO - [2026-08-11T22:55:11.731+0000] {dagbag.py:346} ERROR - Failed to import: /opt/airflow/dags/dag.py
Traceback (most recent call last):
  File "/home/airflow/.local/lib/python3.8/site-packages/airflow/models/dagbag.py", line 342, in parse
    loader.exec_module(new_module)
  File "<frozen importlib._bootstrap_external>", line 839, in exec_module
  File "<frozen importlib._bootstrap_external>", line 976, in get_code
  File "<frozen importlib._bootstrap_external>", line 906, in source_to_code
  File "<frozen importlib._bootstrap>", line 219, in _call_with_frames_removed
  File "/opt/airflow/dags/dag.py", line 23
    )as dag
          ^
SyntaxError: invalid syntax
[2026-08-11T22:55:11.732+0000] {processor.py:841} WARNING - No viable dags retrieved from /opt/airflow/dags/dag.py
[2026-08-11T22:55:11.744+0000] {processor.py:179} INFO - Processing /opt/airflow/dags/dag.py took 0.024 seconds
[2026-08-11T22:55:42.125+0000] {processor.py:157} INFO - Started process (PID=4038) to work on /opt/airflow/dags/dag.py
[2026-08-11T22:55:42.126+0000] {processor.py:829} INFO - Processing file /opt/airflow/dags/dag.py for tasks to queue
[2026-08-11T22:55:42.128+0000] {logging_mixin.py:151} INFO - [2026-08-11T22:55:42.128+0000] {dagbag.py:536} INFO - Filling up the DagBag from /opt/airflow/dags/dag.py
[2026-08-11T22:55:42.132+0000] {logging_mixin.py:151} INFO - [2026-08-11T22:55:42.131+0000] {dagbag.py:346} ERROR - Failed to import: /opt/airflow/dags/dag.py
Traceback (most recent call last):
  File "/home/airflow/.local/lib/python3.8/site-packages/airflow/models/dagbag.py", line 342, in parse
    loader.exec_module(new_module)
  File "<frozen importlib._bootstrap_external>", line 839, in exec_module
  File "<frozen importlib._bootstrap_external>", line 976, in get_code
  File "<frozen importlib._bootstrap_external>", line 906, in source_to_code
  File "<frozen importlib._bootstrap>", line 219, in _call_with_frames_removed
  File "/opt/airflow/dags/dag.py", line 23
    )as dag
          ^
SyntaxError: invalid syntax
[2026-08-11T22:55:42.132+0000] {processor.py:841} WARNING - No viable dags retrieved from /opt/airflow/dags/dag.py
[2026-08-11T22:55:42.146+0000] {processor.py:179} INFO - Processing /opt/airflow/dags/dag.py took 0.024 seconds
[2026-08-11T22:56:12.474+0000] {processor.py:157} INFO - Started process (PID=4046) to work on /opt/airflow/dags/dag.py
[2026-08-11T22:56:12.475+0000] {processor.py:829} INFO - Processing file /opt/airflow/dags/dag.py for tasks to queue
[2026-08-11T22:56:12.477+0000] {logging_mixin.py:151} INFO - [2026-08-11T22:56:12.477+0000] {dagbag.py:536} INFO - Filling up the DagBag from /opt/airflow/dags/dag.py
[2026-08-11T22:56:12.481+0000] {logging_mixin.py:151} INFO - [2026-08-11T22:56:12.480+0000] {dagbag.py:346} ERROR - Failed to import: /opt/airflow/dags/dag.py
Traceback (most recent call last):
  File "/home/airflow/.local/lib/python3.8/site-packages/airflow/models/dagbag.py", line 342, in parse
    loader.exec_module(new_module)
  File "<frozen importlib._bootstrap_external>", line 839, in exec_module
  File "<frozen importlib._bootstrap_external>", line 976, in get_code
  File "<frozen importlib._bootstrap_external>", line 906, in source_to_code
  File "<frozen importlib._bootstrap>", line 219, in _call_with_frames_removed
  File "/opt/airflow/dags/dag.py", line 23
    )as dag
          ^
SyntaxError: invalid syntax
[2026-08-11T22:56:12.482+0000] {processor.py:841} WARNING - No viable dags retrieved from /opt/airflow/dags/dag.py
[2026-08-11T22:56:12.497+0000] {processor.py:179} INFO - Processing /opt/airflow/dags/dag.py took 0.026 seconds
[2026-08-11T22:56:42.820+0000] {processor.py:157} INFO - Started process (PID=4054) to work on /opt/airflow/dags/dag.py
[2026-08-11T22:56:42.821+0000] {processor.py:829} INFO - Processing file /opt/airflow/dags/dag.py for tasks to queue
[2026-08-11T22:56:42.823+0000] {logging_mixin.py:151} INFO - [2026-08-11T22:56:42.823+0000] {dagbag.py:536} INFO - Filling up the DagBag from /opt/airflow/dags/dag.py
[2026-08-11T22:56:42.827+0000] {logging_mixin.py:151} INFO - [2026-08-11T22:56:42.826+0000] {dagbag.py:346} ERROR - Failed to import: /opt/airflow/dags/dag.py
Traceback (most recent call last):
  File "/home/airflow/.local/lib/python3.8/site-packages/airflow/models/dagbag.py", line 342, in parse
    loader.exec_module(new_module)
  File "<frozen importlib._bootstrap_external>", line 839, in exec_module
  File "<frozen importlib._bootstrap_external>", line 976, in get_code
  File "<frozen importlib._bootstrap_external>", line 906, in source_to_code
  File "<frozen importlib._bootstrap>", line 219, in _call_with_frames_removed
  File "/opt/airflow/dags/dag.py", line 23
    )as dag
          ^
SyntaxError: invalid syntax
[2026-08-11T22:56:42.827+0000] {processor.py:841} WARNING - No viable dags retrieved from /opt/airflow/dags/dag.py
[2026-08-11T22:56:42.844+0000] {processor.py:179} INFO - Processing /opt/airflow/dags/dag.py took 0.028 seconds
[2026-08-11T22:57:13.233+0000] {processor.py:157} INFO - Started process (PID=4062) to work on /opt/airflow/dags/dag.py
[2026-08-11T22:57:13.234+0000] {processor.py:829} INFO - Processing file /opt/airflow/dags/dag.py for tasks to queue
[2026-08-11T22:57:13.236+0000] {logging_mixin.py:151} INFO - [2026-08-11T22:57:13.236+0000] {dagbag.py:536} INFO - Filling up the DagBag from /opt/airflow/dags/dag.py
[2026-08-11T22:57:13.241+0000] {logging_mixin.py:151} INFO - [2026-08-11T22:57:13.240+0000] {dagbag.py:346} ERROR - Failed to import: /opt/airflow/dags/dag.py
Traceback (most recent call last):
  File "/home/airflow/.local/lib/python3.8/site-packages/airflow/models/dagbag.py", line 342, in parse
    loader.exec_module(new_module)
  File "<frozen importlib._bootstrap_external>", line 839, in exec_module
  File "<frozen importlib._bootstrap_external>", line 976, in get_code
  File "<frozen importlib._bootstrap_external>", line 906, in source_to_code
  File "<frozen importlib._bootstrap>", line 219, in _call_with_frames_removed
  File "/opt/airflow/dags/dag.py", line 23
    )as dag
          ^
SyntaxError: invalid syntax
[2026-08-11T22:57:13.242+0000] {processor.py:841} WARNING - No viable dags retrieved from /opt/airflow/dags/dag.py
[2026-08-11T22:57:13.258+0000] {processor.py:179} INFO - Processing /opt/airflow/dags/dag.py took 0.029 seconds
[2026-08-11T22:57:43.572+0000] {processor.py:157} INFO - Started process (PID=4070) to work on /opt/airflow/dags/dag.py
[2026-08-11T22:57:43.572+0000] {processor.py:829} INFO - Processing file /opt/airflow/dags/dag.py for tasks to queue
[2026-08-11T22:57:43.574+0000] {logging_mixin.py:151} INFO - [2026-08-11T22:57:43.574+0000] {dagbag.py:536} INFO - Filling up the DagBag from /opt/airflow/dags/dag.py
[2026-08-11T22:57:43.576+0000] {logging_mixin.py:151} INFO - [2026-08-11T22:57:43.576+0000] {dagbag.py:346} ERROR - Failed to import: /opt/airflow/dags/dag.py
Traceback (most recent call last):
  File "/home/airflow/.local/lib/python3.8/site-packages/airflow/models/dagbag.py", line 342, in parse
    loader.exec_module(new_module)
  File "<frozen importlib._bootstrap_external>", line 839, in exec_module
  File "<frozen importlib._bootstrap_external>", line 976, in get_code
  File "<frozen importlib._bootstrap_external>", line 906, in source_to_code
  File "<frozen importlib._bootstrap>", line 219, in _call_with_frames_removed
  File "/opt/airflow/dags/dag.py", line 23
    )as dag
          ^
SyntaxError: invalid syntax
[2026-08-11T22:57:43.577+0000] {processor.py:841} WARNING - No viable dags retrieved from /opt/airflow/dags/dag.py
[2026-08-11T22:57:43.586+0000] {processor.py:179} INFO - Processing /opt/airflow/dags/dag.py took 0.017 seconds
[2026-08-11T22:58:13.936+0000] {processor.py:157} INFO - Started process (PID=4078) to work on /opt/airflow/dags/dag.py
[2026-08-11T22:58:13.937+0000] {processor.py:829} INFO - Processing file /opt/airflow/dags/dag.py for tasks to queue
[2026-08-11T22:58:13.939+0000] {logging_mixin.py:151} INFO - [2026-08-11T22:58:13.939+0000] {dagbag.py:536} INFO - Filling up the DagBag from /opt/airflow/dags/dag.py
[2026-08-11T22:58:13.943+0000] {logging_mixin.py:151} INFO - [2026-08-11T22:58:13.942+0000] {dagbag.py:346} ERROR - Failed to import: /opt/airflow/dags/dag.py
Traceback (most recent call last):
  File "/home/airflow/.local/lib/python3.8/site-packages/airflow/models/dagbag.py", line 342, in parse
    loader.exec_module(new_module)
  File "<frozen importlib._bootstrap_external>", line 839, in exec_module
  File "<frozen importlib._bootstrap_external>", line 976, in get_code
  File "<frozen importlib._bootstrap_external>", line 906, in source_to_code
  File "<frozen importlib._bootstrap>", line 219, in _call_with_frames_removed
  File "/opt/airflow/dags/dag.py", line 23
    )as dag
          ^
SyntaxError: invalid syntax
[2026-08-11T22:58:13.943+0000] {processor.py:841} WARNING - No viable dags retrieved from /opt/airflow/dags/dag.py
[2026-08-11T22:58:13.958+0000] {processor.py:179} INFO - Processing /opt/airflow/dags/dag.py took 0.025 seconds
[2026-08-11T22:58:44.294+0000] {processor.py:157} INFO - Started process (PID=4086) to work on /opt/airflow/dags/dag.py
[2026-08-11T22:58:44.295+0000] {processor.py:829} INFO - Processing file /opt/airflow/dags/dag.py for tasks to queue
[2026-08-11T22:58:44.297+0000] {logging_mixin.py:151} INFO - [2026-08-11T22:58:44.297+0000] {dagbag.py:536} INFO - Filling up the DagBag from /opt/airflow/dags/dag.py
[2026-08-11T22:58:44.302+0000] {logging_mixin.py:151} INFO - [2026-08-11T22:58:44.301+0000] {dagbag.py:346} ERROR - Failed to import: /opt/airflow/dags/dag.py
Traceback (most recent call last):
  File "/home/airflow/.local/lib/python3.8/site-packages/airflow/models/dagbag.py", line 342, in parse
    loader.exec_module(new_module)
  File "<frozen importlib._bootstrap_external>", line 839, in exec_module
  File "<frozen importlib._bootstrap_external>", line 976, in get_code
  File "<frozen importlib._bootstrap_external>", line 906, in source_to_code
  File "<frozen importlib._bootstrap>", line 219, in _call_with_frames_removed
  File "/opt/airflow/dags/dag.py", line 23
    )as dag
          ^
SyntaxError: invalid syntax
[2026-08-11T22:58:44.302+0000] {processor.py:841} WARNING - No viable dags retrieved from /opt/airflow/dags/dag.py
[2026-08-11T22:58:44.316+0000] {processor.py:179} INFO - Processing /opt/airflow/dags/dag.py took 0.027 seconds
[2026-08-11T22:59:14.619+0000] {processor.py:157} INFO - Started process (PID=4094) to work on /opt/airflow/dags/dag.py
[2026-08-11T22:59:14.620+0000] {processor.py:829} INFO - Processing file /opt/airflow/dags/dag.py for tasks to queue
[2026-08-11T22:59:14.623+0000] {logging_mixin.py:151} INFO - [2026-08-11T22:59:14.622+0000] {dagbag.py:536} INFO - Filling up the DagBag from /opt/airflow/dags/dag.py
[2026-08-11T22:59:14.627+0000] {logging_mixin.py:151} INFO - [2026-08-11T22:59:14.626+0000] {dagbag.py:346} ERROR - Failed to import: /opt/airflow/dags/dag.py
Traceback (most recent call last):
  File "/home/airflow/.local/lib/python3.8/site-packages/airflow/models/dagbag.py", line 342, in parse
    loader.exec_module(new_module)
  File "<frozen importlib._bootstrap_external>", line 839, in exec_module
  File "<frozen importlib._bootstrap_external>", line 976, in get_code
  File "<frozen importlib._bootstrap_external>", line 906, in source_to_code
  File "<frozen importlib._bootstrap>", line 219, in _call_with_frames_removed
  File "/opt/airflow/dags/dag.py", line 23
    )as dag
          ^
SyntaxError: invalid syntax
[2026-08-11T22:59:14.627+0000] {processor.py:841} WARNING - No viable dags retrieved from /opt/airflow/dags/dag.py
[2026-08-11T22:59:14.644+0000] {processor.py:179} INFO - Processing /opt/airflow/dags/dag.py took 0.029 seconds
[2026-08-11T22:59:44.954+0000] {processor.py:157} INFO - Started process (PID=4102) to work on /opt/airflow/dags/dag.py
[2026-08-11T22:59:44.956+0000] {processor.py:829} INFO - Processing file /opt/airflow/dags/dag.py for tasks to queue
[2026-08-11T22:59:44.957+0000] {logging_mixin.py:151} INFO - [2026-08-11T22:59:44.957+0000] {dagbag.py:536} INFO - Filling up the DagBag from /opt/airflow/dags/dag.py
[2026-08-11T22:59:44.961+0000] {logging_mixin.py:151} INFO - [2026-08-11T22:59:44.960+0000] {dagbag.py:346} ERROR - Failed to import: /opt/airflow/dags/dag.py
Traceback (most recent call last):
  File "/home/airflow/.local/lib/python3.8/site-packages/airflow/models/dagbag.py", line 342, in parse
    loader.exec_module(new_module)
  File "<frozen importlib._bootstrap_external>", line 839, in exec_module
  File "<frozen importlib._bootstrap_external>", line 976, in get_code
  File "<frozen importlib._bootstrap_external>", line 906, in source_to_code
  File "<frozen importlib._bootstrap>", line 219, in _call_with_frames_removed
  File "/opt/airflow/dags/dag.py", line 23
    )as dag
          ^
SyntaxError: invalid syntax
[2026-08-11T22:59:44.961+0000] {processor.py:841} WARNING - No viable dags retrieved from /opt/airflow/dags/dag.py
[2026-08-11T22:59:44.974+0000] {processor.py:179} INFO - Processing /opt/airflow/dags/dag.py took 0.023 seconds
[2026-08-11T23:00:15.329+0000] {processor.py:157} INFO - Started process (PID=4110) to work on /opt/airflow/dags/dag.py
[2026-08-11T23:00:15.330+0000] {processor.py:829} INFO - Processing file /opt/airflow/dags/dag.py for tasks to queue
[2026-08-11T23:00:15.333+0000] {logging_mixin.py:151} INFO - [2026-08-11T23:00:15.333+0000] {dagbag.py:536} INFO - Filling up the DagBag from /opt/airflow/dags/dag.py
[2026-08-11T23:00:15.337+0000] {logging_mixin.py:151} INFO - [2026-08-11T23:00:15.336+0000] {dagbag.py:346} ERROR - Failed to import: /opt/airflow/dags/dag.py
Traceback (most recent call last):
  File "/home/airflow/.local/lib/python3.8/site-packages/airflow/models/dagbag.py", line 342, in parse
    loader.exec_module(new_module)
  File "<frozen importlib._bootstrap_external>", line 839, in exec_module
  File "<frozen importlib._bootstrap_external>", line 976, in get_code
  File "<frozen importlib._bootstrap_external>", line 906, in source_to_code
  File "<frozen importlib._bootstrap>", line 219, in _call_with_frames_removed
  File "/opt/airflow/dags/dag.py", line 23
    )as dag
          ^
SyntaxError: invalid syntax
[2026-08-11T23:00:15.337+0000] {processor.py:841} WARNING - No viable dags retrieved from /opt/airflow/dags/dag.py
[2026-08-11T23:00:15.352+0000] {processor.py:179} INFO - Processing /opt/airflow/dags/dag.py took 0.028 seconds
[2026-08-11T23:00:45.706+0000] {processor.py:157} INFO - Started process (PID=4118) to work on /opt/airflow/dags/dag.py
[2026-08-11T23:00:45.707+0000] {processor.py:829} INFO - Processing file /opt/airflow/dags/dag.py for tasks to queue
[2026-08-11T23:00:45.710+0000] {logging_mixin.py:151} INFO - [2026-08-11T23:00:45.709+0000] {dagbag.py:536} INFO - Filling up the DagBag from /opt/airflow/dags/dag.py
[2026-08-11T23:00:45.714+0000] {logging_mixin.py:151} INFO - [2026-08-11T23:00:45.714+0000] {dagbag.py:346} ERROR - Failed to import: /opt/airflow/dags/dag.py
Traceback (most recent call last):
  File "/home/airflow/.local/lib/python3.8/site-packages/airflow/models/dagbag.py", line 342, in parse
    loader.exec_module(new_module)
  File "<frozen importlib._bootstrap_external>", line 839, in exec_module
  File "<frozen importlib._bootstrap_external>", line 976, in get_code
  File "<frozen importlib._bootstrap_external>", line 906, in source_to_code
  File "<frozen importlib._bootstrap>", line 219, in _call_with_frames_removed
  File "/opt/airflow/dags/dag.py", line 23
    )as dag
          ^
SyntaxError: invalid syntax
[2026-08-11T23:00:45.715+0000] {processor.py:841} WARNING - No viable dags retrieved from /opt/airflow/dags/dag.py
[2026-08-11T23:00:45.730+0000] {processor.py:179} INFO - Processing /opt/airflow/dags/dag.py took 0.029 seconds
[2026-08-11T23:01:16.084+0000] {processor.py:157} INFO - Started process (PID=4126) to work on /opt/airflow/dags/dag.py
[2026-08-11T23:01:16.085+0000] {processor.py:829} INFO - Processing file /opt/airflow/dags/dag.py for tasks to queue
[2026-08-11T23:01:16.088+0000] {logging_mixin.py:151} INFO - [2026-08-11T23:01:16.088+0000] {dagbag.py:536} INFO - Filling up the DagBag from /opt/airflow/dags/dag.py
[2026-08-11T23:01:16.092+0000] {logging_mixin.py:151} INFO - [2026-08-11T23:01:16.091+0000] {dagbag.py:346} ERROR - Failed to import: /opt/airflow/dags/dag.py
Traceback (most recent call last):
  File "/home/airflow/.local/lib/python3.8/site-packages/airflow/models/dagbag.py", line 342, in parse
    loader.exec_module(new_module)
  File "<frozen importlib._bootstrap_external>", line 839, in exec_module
  File "<frozen importlib._bootstrap_external>", line 976, in get_code
  File "<frozen importlib._bootstrap_external>", line 906, in source_to_code
  File "<frozen importlib._bootstrap>", line 219, in _call_with_frames_removed
  File "/opt/airflow/dags/dag.py", line 23
    )as dag
          ^
SyntaxError: invalid syntax
[2026-08-11T23:01:16.092+0000] {processor.py:841} WARNING - No viable dags retrieved from /opt/airflow/dags/dag.py
[2026-08-11T23:01:16.108+0000] {processor.py:179} INFO - Processing /opt/airflow/dags/dag.py took 0.029 seconds
[2026-08-11T23:01:46.417+0000] {processor.py:157} INFO - Started process (PID=4134) to work on /opt/airflow/dags/dag.py
[2026-08-11T23:01:46.417+0000] {processor.py:829} INFO - Processing file /opt/airflow/dags/dag.py for tasks to queue
[2026-08-11T23:01:46.418+0000] {logging_mixin.py:151} INFO - [2026-08-11T23:01:46.418+0000] {dagbag.py:536} INFO - Filling up the DagBag from /opt/airflow/dags/dag.py
[2026-08-11T23:01:46.420+0000] {logging_mixin.py:151} INFO - [2026-08-11T23:01:46.419+0000] {dagbag.py:346} ERROR - Failed to import: /opt/airflow/dags/dag.py
Traceback (most recent call last):
  File "/home/airflow/.local/lib/python3.8/site-packages/airflow/models/dagbag.py", line 342, in parse
    loader.exec_module(new_module)
  File "<frozen importlib._bootstrap_external>", line 839, in exec_module
  File "<frozen importlib._bootstrap_external>", line 976, in get_code
  File "<frozen importlib._bootstrap_external>", line 906, in source_to_code
  File "<frozen importlib._bootstrap>", line 219, in _call_with_frames_removed
  File "/opt/airflow/dags/dag.py", line 23
    )as dag
          ^
SyntaxError: invalid syntax
[2026-08-11T23:01:46.420+0000] {processor.py:841} WARNING - No viable dags retrieved from /opt/airflow/dags/dag.py
[2026-08-11T23:01:46.428+0000] {processor.py:179} INFO - Processing /opt/airflow/dags/dag.py took 0.013 seconds
[2026-08-11T23:02:16.741+0000] {processor.py:157} INFO - Started process (PID=4142) to work on /opt/airflow/dags/dag.py
[2026-08-11T23:02:16.742+0000] {processor.py:829} INFO - Processing file /opt/airflow/dags/dag.py for tasks to queue
[2026-08-11T23:02:16.743+0000] {logging_mixin.py:151} INFO - [2026-08-11T23:02:16.743+0000] {dagbag.py:536} INFO - Filling up the DagBag from /opt/airflow/dags/dag.py
[2026-08-11T23:02:16.746+0000] {logging_mixin.py:151} INFO - [2026-08-11T23:02:16.745+0000] {dagbag.py:346} ERROR - Failed to import: /opt/airflow/dags/dag.py
Traceback (most recent call last):
  File "/home/airflow/.local/lib/python3.8/site-packages/airflow/models/dagbag.py", line 342, in parse
    loader.exec_module(new_module)
  File "<frozen importlib._bootstrap_external>", line 839, in exec_module
  File "<frozen importlib._bootstrap_external>", line 976, in get_code
  File "<frozen importlib._bootstrap_external>", line 906, in source_to_code
  File "<frozen importlib._bootstrap>", line 219, in _call_with_frames_removed
  File "/opt/airflow/dags/dag.py", line 23
    )as dag
          ^
SyntaxError: invalid syntax
[2026-08-11T23:02:16.746+0000] {processor.py:841} WARNING - No viable dags retrieved from /opt/airflow/dags/dag.py
[2026-08-11T23:02:16.757+0000] {processor.py:179} INFO - Processing /opt/airflow/dags/dag.py took 0.018 seconds
[2026-08-11T23:02:47.146+0000] {processor.py:157} INFO - Started process (PID=4150) to work on /opt/airflow/dags/dag.py
[2026-08-11T23:02:47.146+0000] {processor.py:829} INFO - Processing file /opt/airflow/dags/dag.py for tasks to queue
[2026-08-11T23:02:47.148+0000] {logging_mixin.py:151} INFO - [2026-08-11T23:02:47.148+0000] {dagbag.py:536} INFO - Filling up the DagBag from /opt/airflow/dags/dag.py
[2026-08-11T23:02:47.152+0000] {logging_mixin.py:151} INFO - [2026-08-11T23:02:47.151+0000] {dagbag.py:346} ERROR - Failed to import: /opt/airflow/dags/dag.py
Traceback (most recent call last):
  File "/home/airflow/.local/lib/python3.8/site-packages/airflow/models/dagbag.py", line 342, in parse
    loader.exec_module(new_module)
  File "<frozen importlib._bootstrap_external>", line 839, in exec_module
  File "<frozen importlib._bootstrap_external>", line 976, in get_code
  File "<frozen importlib._bootstrap_external>", line 906, in source_to_code
  File "<frozen importlib._bootstrap>", line 219, in _call_with_frames_removed
  File "/opt/airflow/dags/dag.py", line 23
    )as dag
          ^
SyntaxError: invalid syntax
[2026-08-11T23:02:47.152+0000] {processor.py:841} WARNING - No viable dags retrieved from /opt/airflow/dags/dag.py
[2026-08-11T23:02:47.166+0000] {processor.py:179} INFO - Processing /opt/airflow/dags/dag.py took 0.024 seconds
[2026-08-11T23:03:17.516+0000] {processor.py:157} INFO - Started process (PID=4158) to work on /opt/airflow/dags/dag.py
[2026-08-11T23:03:17.516+0000] {processor.py:829} INFO - Processing file /opt/airflow/dags/dag.py for tasks to queue
[2026-08-11T23:03:17.520+0000] {logging_mixin.py:151} INFO - [2026-08-11T23:03:17.519+0000] {dagbag.py:536} INFO - Filling up the DagBag from /opt/airflow/dags/dag.py
[2026-08-11T23:03:17.525+0000] {logging_mixin.py:151} INFO - [2026-08-11T23:03:17.523+0000] {dagbag.py:346} ERROR - Failed to import: /opt/airflow/dags/dag.py
Traceback (most recent call last):
  File "/home/airflow/.local/lib/python3.8/site-packages/airflow/models/dagbag.py", line 342, in parse
    loader.exec_module(new_module)
  File "<frozen importlib._bootstrap_external>", line 839, in exec_module
  File "<frozen importlib._bootstrap_external>", line 976, in get_code
  File "<frozen importlib._bootstrap_external>", line 906, in source_to_code
  File "<frozen importlib._bootstrap>", line 219, in _call_with_frames_removed
  File "/opt/airflow/dags/dag.py", line 23
    )as dag
          ^
SyntaxError: invalid syntax
[2026-08-11T23:03:17.525+0000] {processor.py:841} WARNING - No viable dags retrieved from /opt/airflow/dags/dag.py
[2026-08-11T23:03:17.543+0000] {processor.py:179} INFO - Processing /opt/airflow/dags/dag.py took 0.032 seconds
[2026-08-11T23:03:47.880+0000] {processor.py:157} INFO - Started process (PID=4166) to work on /opt/airflow/dags/dag.py
[2026-08-11T23:03:47.880+0000] {processor.py:829} INFO - Processing file /opt/airflow/dags/dag.py for tasks to queue
[2026-08-11T23:03:47.882+0000] {logging_mixin.py:151} INFO - [2026-08-11T23:03:47.882+0000] {dagbag.py:536} INFO - Filling up the DagBag from /opt/airflow/dags/dag.py
[2026-08-11T23:03:47.887+0000] {logging_mixin.py:151} INFO - [2026-08-11T23:03:47.886+0000] {dagbag.py:346} ERROR - Failed to import: /opt/airflow/dags/dag.py
Traceback (most recent call last):
  File "/home/airflow/.local/lib/python3.8/site-packages/airflow/models/dagbag.py", line 342, in parse
    loader.exec_module(new_module)
  File "<frozen importlib._bootstrap_external>", line 839, in exec_module
  File "<frozen importlib._bootstrap_external>", line 976, in get_code
  File "<frozen importlib._bootstrap_external>", line 906, in source_to_code
  File "<frozen importlib._bootstrap>", line 219, in _call_with_frames_removed
  File "/opt/airflow/dags/dag.py", line 23
    )as dag
          ^
SyntaxError: invalid syntax
[2026-08-11T23:03:47.887+0000] {processor.py:841} WARNING - No viable dags retrieved from /opt/airflow/dags/dag.py
[2026-08-11T23:03:47.898+0000] {processor.py:179} INFO - Processing /opt/airflow/dags/dag.py took 0.022 seconds
[2026-08-11T23:04:18.165+0000] {processor.py:157} INFO - Started process (PID=4174) to work on /opt/airflow/dags/dag.py
[2026-08-11T23:04:18.166+0000] {processor.py:829} INFO - Processing file /opt/airflow/dags/dag.py for tasks to queue
[2026-08-11T23:04:18.167+0000] {logging_mixin.py:151} INFO - [2026-08-11T23:04:18.167+0000] {dagbag.py:536} INFO - Filling up the DagBag from /opt/airflow/dags/dag.py
[2026-08-11T23:04:18.170+0000] {logging_mixin.py:151} INFO - [2026-08-11T23:04:18.169+0000] {dagbag.py:346} ERROR - Failed to import: /opt/airflow/dags/dag.py
Traceback (most recent call last):
  File "/home/airflow/.local/lib/python3.8/site-packages/airflow/models/dagbag.py", line 342, in parse
    loader.exec_module(new_module)
  File "<frozen importlib._bootstrap_external>", line 839, in exec_module
  File "<frozen importlib._bootstrap_external>", line 976, in get_code
  File "<frozen importlib._bootstrap_external>", line 906, in source_to_code
  File "<frozen importlib._bootstrap>", line 219, in _call_with_frames_removed
  File "/opt/airflow/dags/dag.py", line 23
    )as dag
          ^
SyntaxError: invalid syntax
[2026-08-11T23:04:18.170+0000] {processor.py:841} WARNING - No viable dags retrieved from /opt/airflow/dags/dag.py
[2026-08-11T23:04:18.182+0000] {processor.py:179} INFO - Processing /opt/airflow/dags/dag.py took 0.019 seconds
[2026-08-11T23:04:48.462+0000] {processor.py:157} INFO - Started process (PID=4182) to work on /opt/airflow/dags/dag.py
[2026-08-11T23:04:48.463+0000] {processor.py:829} INFO - Processing file /opt/airflow/dags/dag.py for tasks to queue
[2026-08-11T23:04:48.464+0000] {logging_mixin.py:151} INFO - [2026-08-11T23:04:48.464+0000] {dagbag.py:536} INFO - Filling up the DagBag from /opt/airflow/dags/dag.py
[2026-08-11T23:04:48.466+0000] {logging_mixin.py:151} INFO - [2026-08-11T23:04:48.466+0000] {dagbag.py:346} ERROR - Failed to import: /opt/airflow/dags/dag.py
Traceback (most recent call last):
  File "/home/airflow/.local/lib/python3.8/site-packages/airflow/models/dagbag.py", line 342, in parse
    loader.exec_module(new_module)
  File "<frozen importlib._bootstrap_external>", line 839, in exec_module
  File "<frozen importlib._bootstrap_external>", line 976, in get_code
  File "<frozen importlib._bootstrap_external>", line 906, in source_to_code
  File "<frozen importlib._bootstrap>", line 219, in _call_with_frames_removed
  File "/opt/airflow/dags/dag.py", line 23
    )as dag
          ^
SyntaxError: invalid syntax
[2026-08-11T23:04:48.466+0000] {processor.py:841} WARNING - No viable dags retrieved from /opt/airflow/dags/dag.py
[2026-08-11T23:04:48.475+0000] {processor.py:179} INFO - Processing /opt/airflow/dags/dag.py took 0.015 seconds
[2026-08-11T23:05:18.801+0000] {processor.py:157} INFO - Started process (PID=4190) to work on /opt/airflow/dags/dag.py
[2026-08-11T23:05:18.802+0000] {processor.py:829} INFO - Processing file /opt/airflow/dags/dag.py for tasks to queue
[2026-08-11T23:05:18.804+0000] {logging_mixin.py:151} INFO - [2026-08-11T23:05:18.804+0000] {dagbag.py:536} INFO - Filling up the DagBag from /opt/airflow/dags/dag.py
[2026-08-11T23:05:18.808+0000] {logging_mixin.py:151} INFO - [2026-08-11T23:05:18.807+0000] {dagbag.py:346} ERROR - Failed to import: /opt/airflow/dags/dag.py
Traceback (most recent call last):
  File "/home/airflow/.local/lib/python3.8/site-packages/airflow/models/dagbag.py", line 342, in parse
    loader.exec_module(new_module)
  File "<frozen importlib._bootstrap_external>", line 839, in exec_module
  File "<frozen importlib._bootstrap_external>", line 976, in get_code
  File "<frozen importlib._bootstrap_external>", line 906, in source_to_code
  File "<frozen importlib._bootstrap>", line 219, in _call_with_frames_removed
  File "/opt/airflow/dags/dag.py", line 23
    )as dag
          ^
SyntaxError: invalid syntax
[2026-08-11T23:05:18.808+0000] {processor.py:841} WARNING - No viable dags retrieved from /opt/airflow/dags/dag.py
[2026-08-11T23:05:18.822+0000] {processor.py:179} INFO - Processing /opt/airflow/dags/dag.py took 0.024 seconds
[2026-08-11T23:05:49.140+0000] {processor.py:157} INFO - Started process (PID=4199) to work on /opt/airflow/dags/dag.py
[2026-08-11T23:05:49.141+0000] {processor.py:829} INFO - Processing file /opt/airflow/dags/dag.py for tasks to queue
[2026-08-11T23:05:49.143+0000] {logging_mixin.py:151} INFO - [2026-08-11T23:05:49.142+0000] {dagbag.py:536} INFO - Filling up the DagBag from /opt/airflow/dags/dag.py
[2026-08-11T23:05:49.146+0000] {logging_mixin.py:151} INFO - [2026-08-11T23:05:49.146+0000] {dagbag.py:346} ERROR - Failed to import: /opt/airflow/dags/dag.py
Traceback (most recent call last):
  File "/home/airflow/.local/lib/python3.8/site-packages/airflow/models/dagbag.py", line 342, in parse
    loader.exec_module(new_module)
  File "<frozen importlib._bootstrap_external>", line 839, in exec_module
  File "<frozen importlib._bootstrap_external>", line 976, in get_code
  File "<frozen importlib._bootstrap_external>", line 906, in source_to_code
  File "<frozen importlib._bootstrap>", line 219, in _call_with_frames_removed
  File "/opt/airflow/dags/dag.py", line 23
    )as dag
          ^
SyntaxError: invalid syntax
[2026-08-11T23:05:49.147+0000] {processor.py:841} WARNING - No viable dags retrieved from /opt/airflow/dags/dag.py
[2026-08-11T23:05:49.162+0000] {processor.py:179} INFO - Processing /opt/airflow/dags/dag.py took 0.026 seconds
[2026-08-11T23:06:19.491+0000] {processor.py:157} INFO - Started process (PID=4207) to work on /opt/airflow/dags/dag.py
[2026-08-11T23:06:19.492+0000] {processor.py:829} INFO - Processing file /opt/airflow/dags/dag.py for tasks to queue
[2026-08-11T23:06:19.494+0000] {logging_mixin.py:151} INFO - [2026-08-11T23:06:19.494+0000] {dagbag.py:536} INFO - Filling up the DagBag from /opt/airflow/dags/dag.py
[2026-08-11T23:06:19.497+0000] {logging_mixin.py:151} INFO - [2026-08-11T23:06:19.497+0000] {dagbag.py:346} ERROR - Failed to import: /opt/airflow/dags/dag.py
Traceback (most recent call last):
  File "/home/airflow/.local/lib/python3.8/site-packages/airflow/models/dagbag.py", line 342, in parse
    loader.exec_module(new_module)
  File "<frozen importlib._bootstrap_external>", line 839, in exec_module
  File "<frozen importlib._bootstrap_external>", line 976, in get_code
  File "<frozen importlib._bootstrap_external>", line 906, in source_to_code
  File "<frozen importlib._bootstrap>", line 219, in _call_with_frames_removed
  File "/opt/airflow/dags/dag.py", line 23
    )as dag
          ^
SyntaxError: invalid syntax
[2026-08-11T23:06:19.498+0000] {processor.py:841} WARNING - No viable dags retrieved from /opt/airflow/dags/dag.py
[2026-08-11T23:06:19.512+0000] {processor.py:179} INFO - Processing /opt/airflow/dags/dag.py took 0.024 seconds
[2026-08-11T23:06:49.914+0000] {processor.py:157} INFO - Started process (PID=4215) to work on /opt/airflow/dags/dag.py
[2026-08-11T23:06:49.915+0000] {processor.py:829} INFO - Processing file /opt/airflow/dags/dag.py for tasks to queue
[2026-08-11T23:06:49.917+0000] {logging_mixin.py:151} INFO - [2026-08-11T23:06:49.917+0000] {dagbag.py:536} INFO - Filling up the DagBag from /opt/airflow/dags/dag.py
[2026-08-11T23:06:49.921+0000] {logging_mixin.py:151} INFO - [2026-08-11T23:06:49.920+0000] {dagbag.py:346} ERROR - Failed to import: /opt/airflow/dags/dag.py
Traceback (most recent call last):
  File "/home/airflow/.local/lib/python3.8/site-packages/airflow/models/dagbag.py", line 342, in parse
    loader.exec_module(new_module)
  File "<frozen importlib._bootstrap_external>", line 839, in exec_module
  File "<frozen importlib._bootstrap_external>", line 976, in get_code
  File "<frozen importlib._bootstrap_external>", line 906, in source_to_code
  File "<frozen importlib._bootstrap>", line 219, in _call_with_frames_removed
  File "/opt/airflow/dags/dag.py", line 23
    )as dag
          ^
SyntaxError: invalid syntax
[2026-08-11T23:06:49.921+0000] {processor.py:841} WARNING - No viable dags retrieved from /opt/airflow/dags/dag.py
[2026-08-11T23:06:49.937+0000] {processor.py:179} INFO - Processing /opt/airflow/dags/dag.py took 0.027 seconds
[2026-08-11T23:07:20.300+0000] {processor.py:157} INFO - Started process (PID=4223) to work on /opt/airflow/dags/dag.py
[2026-08-11T23:07:20.301+0000] {processor.py:829} INFO - Processing file /opt/airflow/dags/dag.py for tasks to queue
[2026-08-11T23:07:20.303+0000] {logging_mixin.py:151} INFO - [2026-08-11T23:07:20.302+0000] {dagbag.py:536} INFO - Filling up the DagBag from /opt/airflow/dags/dag.py
[2026-08-11T23:07:20.306+0000] {logging_mixin.py:151} INFO - [2026-08-11T23:07:20.305+0000] {dagbag.py:346} ERROR - Failed to import: /opt/airflow/dags/dag.py
Traceback (most recent call last):
  File "/home/airflow/.local/lib/python3.8/site-packages/airflow/models/dagbag.py", line 342, in parse
    loader.exec_module(new_module)
  File "<frozen importlib._bootstrap_external>", line 839, in exec_module
  File "<frozen importlib._bootstrap_external>", line 976, in get_code
  File "<frozen importlib._bootstrap_external>", line 906, in source_to_code
  File "<frozen importlib._bootstrap>", line 219, in _call_with_frames_removed
  File "/opt/airflow/dags/dag.py", line 23
    )as dag
          ^
SyntaxError: invalid syntax
[2026-08-11T23:07:20.306+0000] {processor.py:841} WARNING - No viable dags retrieved from /opt/airflow/dags/dag.py
[2026-08-11T23:07:20.318+0000] {processor.py:179} INFO - Processing /opt/airflow/dags/dag.py took 0.022 seconds
[2026-08-11T23:07:50.667+0000] {processor.py:157} INFO - Started process (PID=4231) to work on /opt/airflow/dags/dag.py
[2026-08-11T23:07:50.668+0000] {processor.py:829} INFO - Processing file /opt/airflow/dags/dag.py for tasks to queue
[2026-08-11T23:07:50.670+0000] {logging_mixin.py:151} INFO - [2026-08-11T23:07:50.670+0000] {dagbag.py:536} INFO - Filling up the DagBag from /opt/airflow/dags/dag.py
[2026-08-11T23:07:50.675+0000] {logging_mixin.py:151} INFO - [2026-08-11T23:07:50.674+0000] {dagbag.py:346} ERROR - Failed to import: /opt/airflow/dags/dag.py
Traceback (most recent call last):
  File "/home/airflow/.local/lib/python3.8/site-packages/airflow/models/dagbag.py", line 342, in parse
    loader.exec_module(new_module)
  File "<frozen importlib._bootstrap_external>", line 839, in exec_module
  File "<frozen importlib._bootstrap_external>", line 976, in get_code
  File "<frozen importlib._bootstrap_external>", line 906, in source_to_code
  File "<frozen importlib._bootstrap>", line 219, in _call_with_frames_removed
  File "/opt/airflow/dags/dag.py", line 23
    )as dag
          ^
SyntaxError: invalid syntax
[2026-08-11T23:07:50.676+0000] {processor.py:841} WARNING - No viable dags retrieved from /opt/airflow/dags/dag.py
[2026-08-11T23:07:50.690+0000] {processor.py:179} INFO - Processing /opt/airflow/dags/dag.py took 0.027 seconds
[2026-08-11T23:08:21.042+0000] {processor.py:157} INFO - Started process (PID=4239) to work on /opt/airflow/dags/dag.py
[2026-08-11T23:08:21.043+0000] {processor.py:829} INFO - Processing file /opt/airflow/dags/dag.py for tasks to queue
[2026-08-11T23:08:21.045+0000] {logging_mixin.py:151} INFO - [2026-08-11T23:08:21.045+0000] {dagbag.py:536} INFO - Filling up the DagBag from /opt/airflow/dags/dag.py
[2026-08-11T23:08:21.049+0000] {logging_mixin.py:151} INFO - [2026-08-11T23:08:21.048+0000] {dagbag.py:346} ERROR - Failed to import: /opt/airflow/dags/dag.py
Traceback (most recent call last):
  File "/home/airflow/.local/lib/python3.8/site-packages/airflow/models/dagbag.py", line 342, in parse
    loader.exec_module(new_module)
  File "<frozen importlib._bootstrap_external>", line 839, in exec_module
  File "<frozen importlib._bootstrap_external>", line 976, in get_code
  File "<frozen importlib._bootstrap_external>", line 906, in source_to_code
  File "<frozen importlib._bootstrap>", line 219, in _call_with_frames_removed
  File "/opt/airflow/dags/dag.py", line 23
    )as dag
          ^
SyntaxError: invalid syntax
[2026-08-11T23:08:21.049+0000] {processor.py:841} WARNING - No viable dags retrieved from /opt/airflow/dags/dag.py
[2026-08-11T23:08:21.066+0000] {processor.py:179} INFO - Processing /opt/airflow/dags/dag.py took 0.029 seconds
[2026-08-11T23:08:51.376+0000] {processor.py:157} INFO - Started process (PID=4247) to work on /opt/airflow/dags/dag.py
[2026-08-11T23:08:51.376+0000] {processor.py:829} INFO - Processing file /opt/airflow/dags/dag.py for tasks to queue
[2026-08-11T23:08:51.378+0000] {logging_mixin.py:151} INFO - [2026-08-11T23:08:51.378+0000] {dagbag.py:536} INFO - Filling up the DagBag from /opt/airflow/dags/dag.py
[2026-08-11T23:08:51.382+0000] {logging_mixin.py:151} INFO - [2026-08-11T23:08:51.381+0000] {dagbag.py:346} ERROR - Failed to import: /opt/airflow/dags/dag.py
Traceback (most recent call last):
  File "/home/airflow/.local/lib/python3.8/site-packages/airflow/models/dagbag.py", line 342, in parse
    loader.exec_module(new_module)
  File "<frozen importlib._bootstrap_external>", line 839, in exec_module
  File "<frozen importlib._bootstrap_external>", line 976, in get_code
  File "<frozen importlib._bootstrap_external>", line 906, in source_to_code
  File "<frozen importlib._bootstrap>", line 219, in _call_with_frames_removed
  File "/opt/airflow/dags/dag.py", line 23
    )as dag
          ^
SyntaxError: invalid syntax
[2026-08-11T23:08:51.382+0000] {processor.py:841} WARNING - No viable dags retrieved from /opt/airflow/dags/dag.py
[2026-08-11T23:08:51.397+0000] {processor.py:179} INFO - Processing /opt/airflow/dags/dag.py took 0.026 seconds
[2026-08-11T23:09:21.781+0000] {processor.py:157} INFO - Started process (PID=4255) to work on /opt/airflow/dags/dag.py
[2026-08-11T23:09:21.781+0000] {processor.py:829} INFO - Processing file /opt/airflow/dags/dag.py for tasks to queue
[2026-08-11T23:09:21.783+0000] {logging_mixin.py:151} INFO - [2026-08-11T23:09:21.783+0000] {dagbag.py:536} INFO - Filling up the DagBag from /opt/airflow/dags/dag.py
[2026-08-11T23:09:21.786+0000] {logging_mixin.py:151} INFO - [2026-08-11T23:09:21.785+0000] {dagbag.py:346} ERROR - Failed to import: /opt/airflow/dags/dag.py
Traceback (most recent call last):
  File "/home/airflow/.local/lib/python3.8/site-packages/airflow/models/dagbag.py", line 342, in parse
    loader.exec_module(new_module)
  File "<frozen importlib._bootstrap_external>", line 839, in exec_module
  File "<frozen importlib._bootstrap_external>", line 976, in get_code
  File "<frozen importlib._bootstrap_external>", line 906, in source_to_code
  File "<frozen importlib._bootstrap>", line 219, in _call_with_frames_removed
  File "/opt/airflow/dags/dag.py", line 23
    )as dag
          ^
SyntaxError: invalid syntax
[2026-08-11T23:09:21.786+0000] {processor.py:841} WARNING - No viable dags retrieved from /opt/airflow/dags/dag.py
[2026-08-11T23:09:21.799+0000] {processor.py:179} INFO - Processing /opt/airflow/dags/dag.py took 0.022 seconds
[2026-08-11T23:09:52.131+0000] {processor.py:157} INFO - Started process (PID=4264) to work on /opt/airflow/dags/dag.py
[2026-08-11T23:09:52.133+0000] {processor.py:829} INFO - Processing file /opt/airflow/dags/dag.py for tasks to queue
[2026-08-11T23:09:52.135+0000] {logging_mixin.py:151} INFO - [2026-08-11T23:09:52.134+0000] {dagbag.py:536} INFO - Filling up the DagBag from /opt/airflow/dags/dag.py
[2026-08-11T23:09:52.138+0000] {logging_mixin.py:151} INFO - [2026-08-11T23:09:52.137+0000] {dagbag.py:346} ERROR - Failed to import: /opt/airflow/dags/dag.py
Traceback (most recent call last):
  File "/home/airflow/.local/lib/python3.8/site-packages/airflow/models/dagbag.py", line 342, in parse
    loader.exec_module(new_module)
  File "<frozen importlib._bootstrap_external>", line 839, in exec_module
  File "<frozen importlib._bootstrap_external>", line 976, in get_code
  File "<frozen importlib._bootstrap_external>", line 906, in source_to_code
  File "<frozen importlib._bootstrap>", line 219, in _call_with_frames_removed
  File "/opt/airflow/dags/dag.py", line 23
    )as dag
          ^
SyntaxError: invalid syntax
[2026-08-11T23:09:52.138+0000] {processor.py:841} WARNING - No viable dags retrieved from /opt/airflow/dags/dag.py
[2026-08-11T23:09:52.153+0000] {processor.py:179} INFO - Processing /opt/airflow/dags/dag.py took 0.025 seconds
[2026-08-11T23:10:22.500+0000] {processor.py:157} INFO - Started process (PID=4272) to work on /opt/airflow/dags/dag.py
[2026-08-11T23:10:22.500+0000] {processor.py:829} INFO - Processing file /opt/airflow/dags/dag.py for tasks to queue
[2026-08-11T23:10:22.502+0000] {logging_mixin.py:151} INFO - [2026-08-11T23:10:22.502+0000] {dagbag.py:536} INFO - Filling up the DagBag from /opt/airflow/dags/dag.py
[2026-08-11T23:10:22.506+0000] {logging_mixin.py:151} INFO - [2026-08-11T23:10:22.505+0000] {dagbag.py:346} ERROR - Failed to import: /opt/airflow/dags/dag.py
Traceback (most recent call last):
  File "/home/airflow/.local/lib/python3.8/site-packages/airflow/models/dagbag.py", line 342, in parse
    loader.exec_module(new_module)
  File "<frozen importlib._bootstrap_external>", line 839, in exec_module
  File "<frozen importlib._bootstrap_external>", line 976, in get_code
  File "<frozen importlib._bootstrap_external>", line 906, in source_to_code
  File "<frozen importlib._bootstrap>", line 219, in _call_with_frames_removed
  File "/opt/airflow/dags/dag.py", line 23
    )as dag
          ^
SyntaxError: invalid syntax
[2026-08-11T23:10:22.506+0000] {processor.py:841} WARNING - No viable dags retrieved from /opt/airflow/dags/dag.py
[2026-08-11T23:10:22.521+0000] {processor.py:179} INFO - Processing /opt/airflow/dags/dag.py took 0.025 seconds
[2026-08-11T23:10:52.903+0000] {processor.py:157} INFO - Started process (PID=4280) to work on /opt/airflow/dags/dag.py
[2026-08-11T23:10:52.903+0000] {processor.py:829} INFO - Processing file /opt/airflow/dags/dag.py for tasks to queue
[2026-08-11T23:10:52.905+0000] {logging_mixin.py:151} INFO - [2026-08-11T23:10:52.905+0000] {dagbag.py:536} INFO - Filling up the DagBag from /opt/airflow/dags/dag.py
[2026-08-11T23:10:52.909+0000] {logging_mixin.py:151} INFO - [2026-08-11T23:10:52.908+0000] {dagbag.py:346} ERROR - Failed to import: /opt/airflow/dags/dag.py
Traceback (most recent call last):
  File "/home/airflow/.local/lib/python3.8/site-packages/airflow/models/dagbag.py", line 342, in parse
    loader.exec_module(new_module)
  File "<frozen importlib._bootstrap_external>", line 839, in exec_module
  File "<frozen importlib._bootstrap_external>", line 976, in get_code
  File "<frozen importlib._bootstrap_external>", line 906, in source_to_code
  File "<frozen importlib._bootstrap>", line 219, in _call_with_frames_removed
  File "/opt/airflow/dags/dag.py", line 23
    )as dag
          ^
SyntaxError: invalid syntax
[2026-08-11T23:10:52.909+0000] {processor.py:841} WARNING - No viable dags retrieved from /opt/airflow/dags/dag.py
[2026-08-11T23:10:52.922+0000] {processor.py:179} INFO - Processing /opt/airflow/dags/dag.py took 0.024 seconds
[2026-08-11T23:11:23.274+0000] {processor.py:157} INFO - Started process (PID=4288) to work on /opt/airflow/dags/dag.py
[2026-08-11T23:11:23.275+0000] {processor.py:829} INFO - Processing file /opt/airflow/dags/dag.py for tasks to queue
[2026-08-11T23:11:23.277+0000] {logging_mixin.py:151} INFO - [2026-08-11T23:11:23.277+0000] {dagbag.py:536} INFO - Filling up the DagBag from /opt/airflow/dags/dag.py
[2026-08-11T23:11:23.281+0000] {logging_mixin.py:151} INFO - [2026-08-11T23:11:23.280+0000] {dagbag.py:346} ERROR - Failed to import: /opt/airflow/dags/dag.py
Traceback (most recent call last):
  File "/home/airflow/.local/lib/python3.8/site-packages/airflow/models/dagbag.py", line 342, in parse
    loader.exec_module(new_module)
  File "<frozen importlib._bootstrap_external>", line 839, in exec_module
  File "<frozen importlib._bootstrap_external>", line 976, in get_code
  File "<frozen importlib._bootstrap_external>", line 906, in source_to_code
  File "<frozen importlib._bootstrap>", line 219, in _call_with_frames_removed
  File "/opt/airflow/dags/dag.py", line 23
    )as dag
          ^
SyntaxError: invalid syntax
[2026-08-11T23:11:23.281+0000] {processor.py:841} WARNING - No viable dags retrieved from /opt/airflow/dags/dag.py
[2026-08-11T23:11:23.298+0000] {processor.py:179} INFO - Processing /opt/airflow/dags/dag.py took 0.027 seconds
[2026-08-11T23:11:53.633+0000] {processor.py:157} INFO - Started process (PID=4296) to work on /opt/airflow/dags/dag.py
[2026-08-11T23:11:53.635+0000] {processor.py:829} INFO - Processing file /opt/airflow/dags/dag.py for tasks to queue
[2026-08-11T23:11:53.639+0000] {logging_mixin.py:151} INFO - [2026-08-11T23:11:53.638+0000] {dagbag.py:536} INFO - Filling up the DagBag from /opt/airflow/dags/dag.py
[2026-08-11T23:11:53.644+0000] {logging_mixin.py:151} INFO - [2026-08-11T23:11:53.643+0000] {dagbag.py:346} ERROR - Failed to import: /opt/airflow/dags/dag.py
Traceback (most recent call last):
  File "/home/airflow/.local/lib/python3.8/site-packages/airflow/models/dagbag.py", line 342, in parse
    loader.exec_module(new_module)
  File "<frozen importlib._bootstrap_external>", line 839, in exec_module
  File "<frozen importlib._bootstrap_external>", line 976, in get_code
  File "<frozen importlib._bootstrap_external>", line 906, in source_to_code
  File "<frozen importlib._bootstrap>", line 219, in _call_with_frames_removed
  File "/opt/airflow/dags/dag.py", line 23
    )as dag
          ^
SyntaxError: invalid syntax
[2026-08-11T23:11:53.644+0000] {processor.py:841} WARNING - No viable dags retrieved from /opt/airflow/dags/dag.py
[2026-08-11T23:11:53.660+0000] {processor.py:179} INFO - Processing /opt/airflow/dags/dag.py took 0.033 seconds
[2026-08-11T23:12:24.039+0000] {processor.py:157} INFO - Started process (PID=4304) to work on /opt/airflow/dags/dag.py
[2026-08-11T23:12:24.040+0000] {processor.py:829} INFO - Processing file /opt/airflow/dags/dag.py for tasks to queue
[2026-08-11T23:12:24.042+0000] {logging_mixin.py:151} INFO - [2026-08-11T23:12:24.042+0000] {dagbag.py:536} INFO - Filling up the DagBag from /opt/airflow/dags/dag.py
[2026-08-11T23:12:24.046+0000] {logging_mixin.py:151} INFO - [2026-08-11T23:12:24.045+0000] {dagbag.py:346} ERROR - Failed to import: /opt/airflow/dags/dag.py
Traceback (most recent call last):
  File "/home/airflow/.local/lib/python3.8/site-packages/airflow/models/dagbag.py", line 342, in parse
    loader.exec_module(new_module)
  File "<frozen importlib._bootstrap_external>", line 839, in exec_module
  File "<frozen importlib._bootstrap_external>", line 976, in get_code
  File "<frozen importlib._bootstrap_external>", line 906, in source_to_code
  File "<frozen importlib._bootstrap>", line 219, in _call_with_frames_removed
  File "/opt/airflow/dags/dag.py", line 23
    )as dag
          ^
SyntaxError: invalid syntax
[2026-08-11T23:12:24.046+0000] {processor.py:841} WARNING - No viable dags retrieved from /opt/airflow/dags/dag.py
[2026-08-11T23:12:24.061+0000] {processor.py:179} INFO - Processing /opt/airflow/dags/dag.py took 0.026 seconds
[2026-08-11T23:12:54.373+0000] {processor.py:157} INFO - Started process (PID=4312) to work on /opt/airflow/dags/dag.py
[2026-08-11T23:12:54.374+0000] {processor.py:829} INFO - Processing file /opt/airflow/dags/dag.py for tasks to queue
[2026-08-11T23:12:54.376+0000] {logging_mixin.py:151} INFO - [2026-08-11T23:12:54.376+0000] {dagbag.py:536} INFO - Filling up the DagBag from /opt/airflow/dags/dag.py
[2026-08-11T23:12:54.379+0000] {logging_mixin.py:151} INFO - [2026-08-11T23:12:54.378+0000] {dagbag.py:346} ERROR - Failed to import: /opt/airflow/dags/dag.py
Traceback (most recent call last):
  File "/home/airflow/.local/lib/python3.8/site-packages/airflow/models/dagbag.py", line 342, in parse
    loader.exec_module(new_module)
  File "<frozen importlib._bootstrap_external>", line 839, in exec_module
  File "<frozen importlib._bootstrap_external>", line 976, in get_code
  File "<frozen importlib._bootstrap_external>", line 906, in source_to_code
  File "<frozen importlib._bootstrap>", line 219, in _call_with_frames_removed
  File "/opt/airflow/dags/dag.py", line 23
    )as dag
          ^
SyntaxError: invalid syntax
[2026-08-11T23:12:54.379+0000] {processor.py:841} WARNING - No viable dags retrieved from /opt/airflow/dags/dag.py
[2026-08-11T23:12:54.393+0000] {processor.py:179} INFO - Processing /opt/airflow/dags/dag.py took 0.025 seconds
[2026-08-11T23:13:24.738+0000] {processor.py:157} INFO - Started process (PID=4320) to work on /opt/airflow/dags/dag.py
[2026-08-11T23:13:24.739+0000] {processor.py:829} INFO - Processing file /opt/airflow/dags/dag.py for tasks to queue
[2026-08-11T23:13:24.741+0000] {logging_mixin.py:151} INFO - [2026-08-11T23:13:24.740+0000] {dagbag.py:536} INFO - Filling up the DagBag from /opt/airflow/dags/dag.py
[2026-08-11T23:13:24.744+0000] {logging_mixin.py:151} INFO - [2026-08-11T23:13:24.743+0000] {dagbag.py:346} ERROR - Failed to import: /opt/airflow/dags/dag.py
Traceback (most recent call last):
  File "/home/airflow/.local/lib/python3.8/site-packages/airflow/models/dagbag.py", line 342, in parse
    loader.exec_module(new_module)
  File "<frozen importlib._bootstrap_external>", line 839, in exec_module
  File "<frozen importlib._bootstrap_external>", line 976, in get_code
  File "<frozen importlib._bootstrap_external>", line 906, in source_to_code
  File "<frozen importlib._bootstrap>", line 219, in _call_with_frames_removed
  File "/opt/airflow/dags/dag.py", line 23
    )as dag
          ^
SyntaxError: invalid syntax
[2026-08-11T23:13:24.744+0000] {processor.py:841} WARNING - No viable dags retrieved from /opt/airflow/dags/dag.py
[2026-08-11T23:13:24.759+0000] {processor.py:179} INFO - Processing /opt/airflow/dags/dag.py took 0.026 seconds
[2026-08-11T23:13:55.085+0000] {processor.py:157} INFO - Started process (PID=4328) to work on /opt/airflow/dags/dag.py
[2026-08-11T23:13:55.086+0000] {processor.py:829} INFO - Processing file /opt/airflow/dags/dag.py for tasks to queue
[2026-08-11T23:13:55.087+0000] {logging_mixin.py:151} INFO - [2026-08-11T23:13:55.087+0000] {dagbag.py:536} INFO - Filling up the DagBag from /opt/airflow/dags/dag.py
[2026-08-11T23:13:55.090+0000] {logging_mixin.py:151} INFO - [2026-08-11T23:13:55.089+0000] {dagbag.py:346} ERROR - Failed to import: /opt/airflow/dags/dag.py
Traceback (most recent call last):
  File "/home/airflow/.local/lib/python3.8/site-packages/airflow/models/dagbag.py", line 342, in parse
    loader.exec_module(new_module)
  File "<frozen importlib._bootstrap_external>", line 839, in exec_module
  File "<frozen importlib._bootstrap_external>", line 976, in get_code
  File "<frozen importlib._bootstrap_external>", line 906, in source_to_code
  File "<frozen importlib._bootstrap>", line 219, in _call_with_frames_removed
  File "/opt/airflow/dags/dag.py", line 23
    )as dag
          ^
SyntaxError: invalid syntax
[2026-08-11T23:13:55.090+0000] {processor.py:841} WARNING - No viable dags retrieved from /opt/airflow/dags/dag.py
[2026-08-11T23:13:55.099+0000] {processor.py:179} INFO - Processing /opt/airflow/dags/dag.py took 0.016 seconds
[2026-08-11T23:14:25.418+0000] {processor.py:157} INFO - Started process (PID=4336) to work on /opt/airflow/dags/dag.py
[2026-08-11T23:14:25.419+0000] {processor.py:829} INFO - Processing file /opt/airflow/dags/dag.py for tasks to queue
[2026-08-11T23:14:25.422+0000] {logging_mixin.py:151} INFO - [2026-08-11T23:14:25.421+0000] {dagbag.py:536} INFO - Filling up the DagBag from /opt/airflow/dags/dag.py
[2026-08-11T23:14:25.427+0000] {logging_mixin.py:151} INFO - [2026-08-11T23:14:25.425+0000] {dagbag.py:346} ERROR - Failed to import: /opt/airflow/dags/dag.py
Traceback (most recent call last):
  File "/home/airflow/.local/lib/python3.8/site-packages/airflow/models/dagbag.py", line 342, in parse
    loader.exec_module(new_module)
  File "<frozen importlib._bootstrap_external>", line 839, in exec_module
  File "<frozen importlib._bootstrap_external>", line 976, in get_code
  File "<frozen importlib._bootstrap_external>", line 906, in source_to_code
  File "<frozen importlib._bootstrap>", line 219, in _call_with_frames_removed
  File "/opt/airflow/dags/dag.py", line 23
    )as dag
          ^
SyntaxError: invalid syntax
[2026-08-11T23:14:25.427+0000] {processor.py:841} WARNING - No viable dags retrieved from /opt/airflow/dags/dag.py
[2026-08-11T23:14:25.443+0000] {processor.py:179} INFO - Processing /opt/airflow/dags/dag.py took 0.029 seconds
[2026-08-11T23:14:55.806+0000] {processor.py:157} INFO - Started process (PID=4344) to work on /opt/airflow/dags/dag.py
[2026-08-11T23:14:55.811+0000] {processor.py:829} INFO - Processing file /opt/airflow/dags/dag.py for tasks to queue
[2026-08-11T23:14:55.815+0000] {logging_mixin.py:151} INFO - [2026-08-11T23:14:55.815+0000] {dagbag.py:536} INFO - Filling up the DagBag from /opt/airflow/dags/dag.py
[2026-08-11T23:14:55.821+0000] {logging_mixin.py:151} INFO - [2026-08-11T23:14:55.820+0000] {dagbag.py:346} ERROR - Failed to import: /opt/airflow/dags/dag.py
Traceback (most recent call last):
  File "/home/airflow/.local/lib/python3.8/site-packages/airflow/models/dagbag.py", line 342, in parse
    loader.exec_module(new_module)
  File "<frozen importlib._bootstrap_external>", line 839, in exec_module
  File "<frozen importlib._bootstrap_external>", line 976, in get_code
  File "<frozen importlib._bootstrap_external>", line 906, in source_to_code
  File "<frozen importlib._bootstrap>", line 219, in _call_with_frames_removed
  File "/opt/airflow/dags/dag.py", line 23
    )as dag
          ^
SyntaxError: invalid syntax
[2026-08-11T23:14:55.822+0000] {processor.py:841} WARNING - No viable dags retrieved from /opt/airflow/dags/dag.py
[2026-08-11T23:14:55.838+0000] {processor.py:179} INFO - Processing /opt/airflow/dags/dag.py took 0.040 seconds
[2026-08-11T23:15:26.133+0000] {processor.py:157} INFO - Started process (PID=4352) to work on /opt/airflow/dags/dag.py
[2026-08-11T23:15:26.133+0000] {processor.py:829} INFO - Processing file /opt/airflow/dags/dag.py for tasks to queue
[2026-08-11T23:15:26.136+0000] {logging_mixin.py:151} INFO - [2026-08-11T23:15:26.135+0000] {dagbag.py:536} INFO - Filling up the DagBag from /opt/airflow/dags/dag.py
[2026-08-11T23:15:26.140+0000] {logging_mixin.py:151} INFO - [2026-08-11T23:15:26.139+0000] {dagbag.py:346} ERROR - Failed to import: /opt/airflow/dags/dag.py
Traceback (most recent call last):
  File "/home/airflow/.local/lib/python3.8/site-packages/airflow/models/dagbag.py", line 342, in parse
    loader.exec_module(new_module)
  File "<frozen importlib._bootstrap_external>", line 839, in exec_module
  File "<frozen importlib._bootstrap_external>", line 976, in get_code
  File "<frozen importlib._bootstrap_external>", line 906, in source_to_code
  File "<frozen importlib._bootstrap>", line 219, in _call_with_frames_removed
  File "/opt/airflow/dags/dag.py", line 23
    )as dag
          ^
SyntaxError: invalid syntax
[2026-08-11T23:15:26.140+0000] {processor.py:841} WARNING - No viable dags retrieved from /opt/airflow/dags/dag.py
[2026-08-11T23:15:26.157+0000] {processor.py:179} INFO - Processing /opt/airflow/dags/dag.py took 0.028 seconds
[2026-08-11T23:15:56.451+0000] {processor.py:157} INFO - Started process (PID=4361) to work on /opt/airflow/dags/dag.py
[2026-08-11T23:15:56.451+0000] {processor.py:829} INFO - Processing file /opt/airflow/dags/dag.py for tasks to queue
[2026-08-11T23:15:56.452+0000] {logging_mixin.py:151} INFO - [2026-08-11T23:15:56.452+0000] {dagbag.py:536} INFO - Filling up the DagBag from /opt/airflow/dags/dag.py
[2026-08-11T23:15:56.455+0000] {logging_mixin.py:151} INFO - [2026-08-11T23:15:56.454+0000] {dagbag.py:346} ERROR - Failed to import: /opt/airflow/dags/dag.py
Traceback (most recent call last):
  File "/home/airflow/.local/lib/python3.8/site-packages/airflow/models/dagbag.py", line 342, in parse
    loader.exec_module(new_module)
  File "<frozen importlib._bootstrap_external>", line 839, in exec_module
  File "<frozen importlib._bootstrap_external>", line 976, in get_code
  File "<frozen importlib._bootstrap_external>", line 906, in source_to_code
  File "<frozen importlib._bootstrap>", line 219, in _call_with_frames_removed
  File "/opt/airflow/dags/dag.py", line 23
    )as dag
          ^
SyntaxError: invalid syntax
[2026-08-11T23:15:56.455+0000] {processor.py:841} WARNING - No viable dags retrieved from /opt/airflow/dags/dag.py
[2026-08-11T23:15:56.466+0000] {processor.py:179} INFO - Processing /opt/airflow/dags/dag.py took 0.018 seconds
[2026-08-11T23:16:26.778+0000] {processor.py:157} INFO - Started process (PID=4369) to work on /opt/airflow/dags/dag.py
[2026-08-11T23:16:26.779+0000] {processor.py:829} INFO - Processing file /opt/airflow/dags/dag.py for tasks to queue
[2026-08-11T23:16:26.781+0000] {logging_mixin.py:151} INFO - [2026-08-11T23:16:26.781+0000] {dagbag.py:536} INFO - Filling up the DagBag from /opt/airflow/dags/dag.py
[2026-08-11T23:16:26.785+0000] {logging_mixin.py:151} INFO - [2026-08-11T23:16:26.784+0000] {dagbag.py:346} ERROR - Failed to import: /opt/airflow/dags/dag.py
Traceback (most recent call last):
  File "/home/airflow/.local/lib/python3.8/site-packages/airflow/models/dagbag.py", line 342, in parse
    loader.exec_module(new_module)
  File "<frozen importlib._bootstrap_external>", line 839, in exec_module
  File "<frozen importlib._bootstrap_external>", line 976, in get_code
  File "<frozen importlib._bootstrap_external>", line 906, in source_to_code
  File "<frozen importlib._bootstrap>", line 219, in _call_with_frames_removed
  File "/opt/airflow/dags/dag.py", line 23
    )as dag
          ^
SyntaxError: invalid syntax
[2026-08-11T23:16:26.785+0000] {processor.py:841} WARNING - No viable dags retrieved from /opt/airflow/dags/dag.py
[2026-08-11T23:16:26.800+0000] {processor.py:179} INFO - Processing /opt/airflow/dags/dag.py took 0.025 seconds
[2026-08-11T23:16:57.108+0000] {processor.py:157} INFO - Started process (PID=4377) to work on /opt/airflow/dags/dag.py
[2026-08-11T23:16:57.109+0000] {processor.py:829} INFO - Processing file /opt/airflow/dags/dag.py for tasks to queue
[2026-08-11T23:16:57.112+0000] {logging_mixin.py:151} INFO - [2026-08-11T23:16:57.111+0000] {dagbag.py:536} INFO - Filling up the DagBag from /opt/airflow/dags/dag.py
[2026-08-11T23:16:57.116+0000] {logging_mixin.py:151} INFO - [2026-08-11T23:16:57.115+0000] {dagbag.py:346} ERROR - Failed to import: /opt/airflow/dags/dag.py
Traceback (most recent call last):
  File "/home/airflow/.local/lib/python3.8/site-packages/airflow/models/dagbag.py", line 342, in parse
    loader.exec_module(new_module)
  File "<frozen importlib._bootstrap_external>", line 839, in exec_module
  File "<frozen importlib._bootstrap_external>", line 976, in get_code
  File "<frozen importlib._bootstrap_external>", line 906, in source_to_code
  File "<frozen importlib._bootstrap>", line 219, in _call_with_frames_removed
  File "/opt/airflow/dags/dag.py", line 23
    )as dag
          ^
SyntaxError: invalid syntax
[2026-08-11T23:16:57.117+0000] {processor.py:841} WARNING - No viable dags retrieved from /opt/airflow/dags/dag.py
[2026-08-11T23:16:57.135+0000] {processor.py:179} INFO - Processing /opt/airflow/dags/dag.py took 0.033 seconds
[2026-08-11T23:17:27.419+0000] {processor.py:157} INFO - Started process (PID=4385) to work on /opt/airflow/dags/dag.py
[2026-08-11T23:17:27.419+0000] {processor.py:829} INFO - Processing file /opt/airflow/dags/dag.py for tasks to queue
[2026-08-11T23:17:27.421+0000] {logging_mixin.py:151} INFO - [2026-08-11T23:17:27.421+0000] {dagbag.py:536} INFO - Filling up the DagBag from /opt/airflow/dags/dag.py
[2026-08-11T23:17:27.424+0000] {logging_mixin.py:151} INFO - [2026-08-11T23:17:27.424+0000] {dagbag.py:346} ERROR - Failed to import: /opt/airflow/dags/dag.py
Traceback (most recent call last):
  File "/home/airflow/.local/lib/python3.8/site-packages/airflow/models/dagbag.py", line 342, in parse
    loader.exec_module(new_module)
  File "<frozen importlib._bootstrap_external>", line 839, in exec_module
  File "<frozen importlib._bootstrap_external>", line 976, in get_code
  File "<frozen importlib._bootstrap_external>", line 906, in source_to_code
  File "<frozen importlib._bootstrap>", line 219, in _call_with_frames_removed
  File "/opt/airflow/dags/dag.py", line 23
    )as dag
          ^
SyntaxError: invalid syntax
[2026-08-11T23:17:27.424+0000] {processor.py:841} WARNING - No viable dags retrieved from /opt/airflow/dags/dag.py
[2026-08-11T23:17:27.435+0000] {processor.py:179} INFO - Processing /opt/airflow/dags/dag.py took 0.019 seconds
[2026-08-11T23:17:57.745+0000] {processor.py:157} INFO - Started process (PID=4393) to work on /opt/airflow/dags/dag.py
[2026-08-11T23:17:57.746+0000] {processor.py:829} INFO - Processing file /opt/airflow/dags/dag.py for tasks to queue
[2026-08-11T23:17:57.748+0000] {logging_mixin.py:151} INFO - [2026-08-11T23:17:57.748+0000] {dagbag.py:536} INFO - Filling up the DagBag from /opt/airflow/dags/dag.py
[2026-08-11T23:17:57.752+0000] {logging_mixin.py:151} INFO - [2026-08-11T23:17:57.751+0000] {dagbag.py:346} ERROR - Failed to import: /opt/airflow/dags/dag.py
Traceback (most recent call last):
  File "/home/airflow/.local/lib/python3.8/site-packages/airflow/models/dagbag.py", line 342, in parse
    loader.exec_module(new_module)
  File "<frozen importlib._bootstrap_external>", line 839, in exec_module
  File "<frozen importlib._bootstrap_external>", line 976, in get_code
  File "<frozen importlib._bootstrap_external>", line 906, in source_to_code
  File "<frozen importlib._bootstrap>", line 219, in _call_with_frames_removed
  File "/opt/airflow/dags/dag.py", line 23
    )as dag
          ^
SyntaxError: invalid syntax
[2026-08-11T23:17:57.752+0000] {processor.py:841} WARNING - No viable dags retrieved from /opt/airflow/dags/dag.py
[2026-08-11T23:17:57.764+0000] {processor.py:179} INFO - Processing /opt/airflow/dags/dag.py took 0.025 seconds
[2026-08-11T23:18:28.049+0000] {processor.py:157} INFO - Started process (PID=4401) to work on /opt/airflow/dags/dag.py
[2026-08-11T23:18:28.050+0000] {processor.py:829} INFO - Processing file /opt/airflow/dags/dag.py for tasks to queue
[2026-08-11T23:18:28.052+0000] {logging_mixin.py:151} INFO - [2026-08-11T23:18:28.052+0000] {dagbag.py:536} INFO - Filling up the DagBag from /opt/airflow/dags/dag.py
[2026-08-11T23:18:28.055+0000] {logging_mixin.py:151} INFO - [2026-08-11T23:18:28.055+0000] {dagbag.py:346} ERROR - Failed to import: /opt/airflow/dags/dag.py
Traceback (most recent call last):
  File "/home/airflow/.local/lib/python3.8/site-packages/airflow/models/dagbag.py", line 342, in parse
    loader.exec_module(new_module)
  File "<frozen importlib._bootstrap_external>", line 839, in exec_module
  File "<frozen importlib._bootstrap_external>", line 976, in get_code
  File "<frozen importlib._bootstrap_external>", line 906, in source_to_code
  File "<frozen importlib._bootstrap>", line 219, in _call_with_frames_removed
  File "/opt/airflow/dags/dag.py", line 23
    )as dag
          ^
SyntaxError: invalid syntax
[2026-08-11T23:18:28.056+0000] {processor.py:841} WARNING - No viable dags retrieved from /opt/airflow/dags/dag.py
[2026-08-11T23:18:28.068+0000] {processor.py:179} INFO - Processing /opt/airflow/dags/dag.py took 0.024 seconds
[2026-08-11T23:18:58.399+0000] {processor.py:157} INFO - Started process (PID=4409) to work on /opt/airflow/dags/dag.py
[2026-08-11T23:18:58.401+0000] {processor.py:829} INFO - Processing file /opt/airflow/dags/dag.py for tasks to queue
[2026-08-11T23:18:58.403+0000] {logging_mixin.py:151} INFO - [2026-08-11T23:18:58.403+0000] {dagbag.py:536} INFO - Filling up the DagBag from /opt/airflow/dags/dag.py
[2026-08-11T23:18:58.407+0000] {logging_mixin.py:151} INFO - [2026-08-11T23:18:58.406+0000] {dagbag.py:346} ERROR - Failed to import: /opt/airflow/dags/dag.py
Traceback (most recent call last):
  File "/home/airflow/.local/lib/python3.8/site-packages/airflow/models/dagbag.py", line 342, in parse
    loader.exec_module(new_module)
  File "<frozen importlib._bootstrap_external>", line 839, in exec_module
  File "<frozen importlib._bootstrap_external>", line 976, in get_code
  File "<frozen importlib._bootstrap_external>", line 906, in source_to_code
  File "<frozen importlib._bootstrap>", line 219, in _call_with_frames_removed
  File "/opt/airflow/dags/dag.py", line 23
    )as dag
          ^
SyntaxError: invalid syntax
[2026-08-11T23:18:58.407+0000] {processor.py:841} WARNING - No viable dags retrieved from /opt/airflow/dags/dag.py
[2026-08-11T23:18:58.418+0000] {processor.py:179} INFO - Processing /opt/airflow/dags/dag.py took 0.025 seconds
[2026-08-11T23:19:28.692+0000] {processor.py:157} INFO - Started process (PID=4417) to work on /opt/airflow/dags/dag.py
[2026-08-11T23:19:28.692+0000] {processor.py:829} INFO - Processing file /opt/airflow/dags/dag.py for tasks to queue
[2026-08-11T23:19:28.694+0000] {logging_mixin.py:151} INFO - [2026-08-11T23:19:28.694+0000] {dagbag.py:536} INFO - Filling up the DagBag from /opt/airflow/dags/dag.py
[2026-08-11T23:19:28.698+0000] {logging_mixin.py:151} INFO - [2026-08-11T23:19:28.697+0000] {dagbag.py:346} ERROR - Failed to import: /opt/airflow/dags/dag.py
Traceback (most recent call last):
  File "/home/airflow/.local/lib/python3.8/site-packages/airflow/models/dagbag.py", line 342, in parse
    loader.exec_module(new_module)
  File "<frozen importlib._bootstrap_external>", line 839, in exec_module
  File "<frozen importlib._bootstrap_external>", line 976, in get_code
  File "<frozen importlib._bootstrap_external>", line 906, in source_to_code
  File "<frozen importlib._bootstrap>", line 219, in _call_with_frames_removed
  File "/opt/airflow/dags/dag.py", line 23
    )as dag
          ^
SyntaxError: invalid syntax
[2026-08-11T23:19:28.698+0000] {processor.py:841} WARNING - No viable dags retrieved from /opt/airflow/dags/dag.py
[2026-08-11T23:19:28.714+0000] {processor.py:179} INFO - Processing /opt/airflow/dags/dag.py took 0.025 seconds
[2026-08-11T23:19:58.999+0000] {processor.py:157} INFO - Started process (PID=4425) to work on /opt/airflow/dags/dag.py
[2026-08-11T23:19:59.000+0000] {processor.py:829} INFO - Processing file /opt/airflow/dags/dag.py for tasks to queue
[2026-08-11T23:19:59.001+0000] {logging_mixin.py:151} INFO - [2026-08-11T23:19:59.001+0000] {dagbag.py:536} INFO - Filling up the DagBag from /opt/airflow/dags/dag.py
[2026-08-11T23:19:59.005+0000] {logging_mixin.py:151} INFO - [2026-08-11T23:19:59.004+0000] {dagbag.py:346} ERROR - Failed to import: /opt/airflow/dags/dag.py
Traceback (most recent call last):
  File "/home/airflow/.local/lib/python3.8/site-packages/airflow/models/dagbag.py", line 342, in parse
    loader.exec_module(new_module)
  File "<frozen importlib._bootstrap_external>", line 839, in exec_module
  File "<frozen importlib._bootstrap_external>", line 976, in get_code
  File "<frozen importlib._bootstrap_external>", line 906, in source_to_code
  File "<frozen importlib._bootstrap>", line 219, in _call_with_frames_removed
  File "/opt/airflow/dags/dag.py", line 23
    )as dag
          ^
SyntaxError: invalid syntax
[2026-08-11T23:19:59.005+0000] {processor.py:841} WARNING - No viable dags retrieved from /opt/airflow/dags/dag.py
[2026-08-11T23:19:59.021+0000] {processor.py:179} INFO - Processing /opt/airflow/dags/dag.py took 0.026 seconds
[2026-08-11T23:20:29.320+0000] {processor.py:157} INFO - Started process (PID=4433) to work on /opt/airflow/dags/dag.py
[2026-08-11T23:20:29.320+0000] {processor.py:829} INFO - Processing file /opt/airflow/dags/dag.py for tasks to queue
[2026-08-11T23:20:29.323+0000] {logging_mixin.py:151} INFO - [2026-08-11T23:20:29.322+0000] {dagbag.py:536} INFO - Filling up the DagBag from /opt/airflow/dags/dag.py
[2026-08-11T23:20:29.326+0000] {logging_mixin.py:151} INFO - [2026-08-11T23:20:29.326+0000] {dagbag.py:346} ERROR - Failed to import: /opt/airflow/dags/dag.py
Traceback (most recent call last):
  File "/home/airflow/.local/lib/python3.8/site-packages/airflow/models/dagbag.py", line 342, in parse
    loader.exec_module(new_module)
  File "<frozen importlib._bootstrap_external>", line 839, in exec_module
  File "<frozen importlib._bootstrap_external>", line 976, in get_code
  File "<frozen importlib._bootstrap_external>", line 906, in source_to_code
  File "<frozen importlib._bootstrap>", line 219, in _call_with_frames_removed
  File "/opt/airflow/dags/dag.py", line 23
    )as dag
          ^
SyntaxError: invalid syntax
[2026-08-11T23:20:29.327+0000] {processor.py:841} WARNING - No viable dags retrieved from /opt/airflow/dags/dag.py
[2026-08-11T23:20:29.342+0000] {processor.py:179} INFO - Processing /opt/airflow/dags/dag.py took 0.026 seconds
[2026-08-11T23:20:59.655+0000] {processor.py:157} INFO - Started process (PID=4441) to work on /opt/airflow/dags/dag.py
[2026-08-11T23:20:59.656+0000] {processor.py:829} INFO - Processing file /opt/airflow/dags/dag.py for tasks to queue
[2026-08-11T23:20:59.658+0000] {logging_mixin.py:151} INFO - [2026-08-11T23:20:59.658+0000] {dagbag.py:536} INFO - Filling up the DagBag from /opt/airflow/dags/dag.py
[2026-08-11T23:20:59.663+0000] {logging_mixin.py:151} INFO - [2026-08-11T23:20:59.661+0000] {dagbag.py:346} ERROR - Failed to import: /opt/airflow/dags/dag.py
Traceback (most recent call last):
  File "/home/airflow/.local/lib/python3.8/site-packages/airflow/models/dagbag.py", line 342, in parse
    loader.exec_module(new_module)
  File "<frozen importlib._bootstrap_external>", line 839, in exec_module
  File "<frozen importlib._bootstrap_external>", line 976, in get_code
  File "<frozen importlib._bootstrap_external>", line 906, in source_to_code
  File "<frozen importlib._bootstrap>", line 219, in _call_with_frames_removed
  File "/opt/airflow/dags/dag.py", line 23
    )as dag
          ^
SyntaxError: invalid syntax
[2026-08-11T23:20:59.663+0000] {processor.py:841} WARNING - No viable dags retrieved from /opt/airflow/dags/dag.py
[2026-08-11T23:20:59.680+0000] {processor.py:179} INFO - Processing /opt/airflow/dags/dag.py took 0.029 seconds
[2026-08-11T23:21:30.026+0000] {processor.py:157} INFO - Started process (PID=4449) to work on /opt/airflow/dags/dag.py
[2026-08-11T23:21:30.027+0000] {processor.py:829} INFO - Processing file /opt/airflow/dags/dag.py for tasks to queue
[2026-08-11T23:21:30.028+0000] {logging_mixin.py:151} INFO - [2026-08-11T23:21:30.028+0000] {dagbag.py:536} INFO - Filling up the DagBag from /opt/airflow/dags/dag.py
[2026-08-11T23:21:30.032+0000] {logging_mixin.py:151} INFO - [2026-08-11T23:21:30.031+0000] {dagbag.py:346} ERROR - Failed to import: /opt/airflow/dags/dag.py
Traceback (most recent call last):
  File "/home/airflow/.local/lib/python3.8/site-packages/airflow/models/dagbag.py", line 342, in parse
    loader.exec_module(new_module)
  File "<frozen importlib._bootstrap_external>", line 839, in exec_module
  File "<frozen importlib._bootstrap_external>", line 976, in get_code
  File "<frozen importlib._bootstrap_external>", line 906, in source_to_code
  File "<frozen importlib._bootstrap>", line 219, in _call_with_frames_removed
  File "/opt/airflow/dags/dag.py", line 23
    )as dag
          ^
SyntaxError: invalid syntax
[2026-08-11T23:21:30.032+0000] {processor.py:841} WARNING - No viable dags retrieved from /opt/airflow/dags/dag.py
[2026-08-11T23:21:30.045+0000] {processor.py:179} INFO - Processing /opt/airflow/dags/dag.py took 0.022 seconds
[2026-08-11T23:22:00.360+0000] {processor.py:157} INFO - Started process (PID=4457) to work on /opt/airflow/dags/dag.py
[2026-08-11T23:22:00.362+0000] {processor.py:829} INFO - Processing file /opt/airflow/dags/dag.py for tasks to queue
[2026-08-11T23:22:00.365+0000] {logging_mixin.py:151} INFO - [2026-08-11T23:22:00.364+0000] {dagbag.py:536} INFO - Filling up the DagBag from /opt/airflow/dags/dag.py
[2026-08-11T23:22:00.369+0000] {logging_mixin.py:151} INFO - [2026-08-11T23:22:00.368+0000] {dagbag.py:346} ERROR - Failed to import: /opt/airflow/dags/dag.py
Traceback (most recent call last):
  File "/home/airflow/.local/lib/python3.8/site-packages/airflow/models/dagbag.py", line 342, in parse
    loader.exec_module(new_module)
  File "<frozen importlib._bootstrap_external>", line 839, in exec_module
  File "<frozen importlib._bootstrap_external>", line 976, in get_code
  File "<frozen importlib._bootstrap_external>", line 906, in source_to_code
  File "<frozen importlib._bootstrap>", line 219, in _call_with_frames_removed
  File "/opt/airflow/dags/dag.py", line 23
    )as dag
          ^
SyntaxError: invalid syntax
[2026-08-11T23:22:00.369+0000] {processor.py:841} WARNING - No viable dags retrieved from /opt/airflow/dags/dag.py
[2026-08-11T23:22:00.386+0000] {processor.py:179} INFO - Processing /opt/airflow/dags/dag.py took 0.030 seconds
[2026-08-11T23:22:30.687+0000] {processor.py:157} INFO - Started process (PID=4465) to work on /opt/airflow/dags/dag.py
[2026-08-11T23:22:30.688+0000] {processor.py:829} INFO - Processing file /opt/airflow/dags/dag.py for tasks to queue
[2026-08-11T23:22:30.690+0000] {logging_mixin.py:151} INFO - [2026-08-11T23:22:30.689+0000] {dagbag.py:536} INFO - Filling up the DagBag from /opt/airflow/dags/dag.py
[2026-08-11T23:22:30.694+0000] {logging_mixin.py:151} INFO - [2026-08-11T23:22:30.693+0000] {dagbag.py:346} ERROR - Failed to import: /opt/airflow/dags/dag.py
Traceback (most recent call last):
  File "/home/airflow/.local/lib/python3.8/site-packages/airflow/models/dagbag.py", line 342, in parse
    loader.exec_module(new_module)
  File "<frozen importlib._bootstrap_external>", line 839, in exec_module
  File "<frozen importlib._bootstrap_external>", line 976, in get_code
  File "<frozen importlib._bootstrap_external>", line 906, in source_to_code
  File "<frozen importlib._bootstrap>", line 219, in _call_with_frames_removed
  File "/opt/airflow/dags/dag.py", line 23
    )as dag
          ^
SyntaxError: invalid syntax
[2026-08-11T23:22:30.694+0000] {processor.py:841} WARNING - No viable dags retrieved from /opt/airflow/dags/dag.py
[2026-08-11T23:22:30.707+0000] {processor.py:179} INFO - Processing /opt/airflow/dags/dag.py took 0.023 seconds
[2026-08-11T23:23:01.089+0000] {processor.py:157} INFO - Started process (PID=4473) to work on /opt/airflow/dags/dag.py
[2026-08-11T23:23:01.090+0000] {processor.py:829} INFO - Processing file /opt/airflow/dags/dag.py for tasks to queue
[2026-08-11T23:23:01.093+0000] {logging_mixin.py:151} INFO - [2026-08-11T23:23:01.092+0000] {dagbag.py:536} INFO - Filling up the DagBag from /opt/airflow/dags/dag.py
[2026-08-11T23:23:01.096+0000] {logging_mixin.py:151} INFO - [2026-08-11T23:23:01.095+0000] {dagbag.py:346} ERROR - Failed to import: /opt/airflow/dags/dag.py
Traceback (most recent call last):
  File "/home/airflow/.local/lib/python3.8/site-packages/airflow/models/dagbag.py", line 342, in parse
    loader.exec_module(new_module)
  File "<frozen importlib._bootstrap_external>", line 839, in exec_module
  File "<frozen importlib._bootstrap_external>", line 976, in get_code
  File "<frozen importlib._bootstrap_external>", line 906, in source_to_code
  File "<frozen importlib._bootstrap>", line 219, in _call_with_frames_removed
  File "/opt/airflow/dags/dag.py", line 23
    )as dag
          ^
SyntaxError: invalid syntax
[2026-08-11T23:23:01.096+0000] {processor.py:841} WARNING - No viable dags retrieved from /opt/airflow/dags/dag.py
[2026-08-11T23:23:01.111+0000] {processor.py:179} INFO - Processing /opt/airflow/dags/dag.py took 0.028 seconds
[2026-08-11T23:23:31.414+0000] {processor.py:157} INFO - Started process (PID=4481) to work on /opt/airflow/dags/dag.py
[2026-08-11T23:23:31.415+0000] {processor.py:829} INFO - Processing file /opt/airflow/dags/dag.py for tasks to queue
[2026-08-11T23:23:31.416+0000] {logging_mixin.py:151} INFO - [2026-08-11T23:23:31.416+0000] {dagbag.py:536} INFO - Filling up the DagBag from /opt/airflow/dags/dag.py
[2026-08-11T23:23:31.418+0000] {logging_mixin.py:151} INFO - [2026-08-11T23:23:31.418+0000] {dagbag.py:346} ERROR - Failed to import: /opt/airflow/dags/dag.py
Traceback (most recent call last):
  File "/home/airflow/.local/lib/python3.8/site-packages/airflow/models/dagbag.py", line 342, in parse
    loader.exec_module(new_module)
  File "<frozen importlib._bootstrap_external>", line 839, in exec_module
  File "<frozen importlib._bootstrap_external>", line 976, in get_code
  File "<frozen importlib._bootstrap_external>", line 906, in source_to_code
  File "<frozen importlib._bootstrap>", line 219, in _call_with_frames_removed
  File "/opt/airflow/dags/dag.py", line 23
    )as dag
          ^
SyntaxError: invalid syntax
[2026-08-11T23:23:31.419+0000] {processor.py:841} WARNING - No viable dags retrieved from /opt/airflow/dags/dag.py
[2026-08-11T23:23:31.429+0000] {processor.py:179} INFO - Processing /opt/airflow/dags/dag.py took 0.018 seconds
[2026-08-11T23:24:01.684+0000] {processor.py:157} INFO - Started process (PID=4489) to work on /opt/airflow/dags/dag.py
[2026-08-11T23:24:01.685+0000] {processor.py:829} INFO - Processing file /opt/airflow/dags/dag.py for tasks to queue
[2026-08-11T23:24:01.689+0000] {logging_mixin.py:151} INFO - [2026-08-11T23:24:01.688+0000] {dagbag.py:536} INFO - Filling up the DagBag from /opt/airflow/dags/dag.py
[2026-08-11T23:24:01.693+0000] {logging_mixin.py:151} INFO - [2026-08-11T23:24:01.692+0000] {dagbag.py:346} ERROR - Failed to import: /opt/airflow/dags/dag.py
Traceback (most recent call last):
  File "/home/airflow/.local/lib/python3.8/site-packages/airflow/models/dagbag.py", line 342, in parse
    loader.exec_module(new_module)
  File "<frozen importlib._bootstrap_external>", line 839, in exec_module
  File "<frozen importlib._bootstrap_external>", line 976, in get_code
  File "<frozen importlib._bootstrap_external>", line 906, in source_to_code
  File "<frozen importlib._bootstrap>", line 219, in _call_with_frames_removed
  File "/opt/airflow/dags/dag.py", line 23
    )as dag
          ^
SyntaxError: invalid syntax
[2026-08-11T23:24:01.694+0000] {processor.py:841} WARNING - No viable dags retrieved from /opt/airflow/dags/dag.py
[2026-08-11T23:24:01.710+0000] {processor.py:179} INFO - Processing /opt/airflow/dags/dag.py took 0.031 seconds
[2026-08-11T23:24:32.060+0000] {processor.py:157} INFO - Started process (PID=4497) to work on /opt/airflow/dags/dag.py
[2026-08-11T23:24:32.061+0000] {processor.py:829} INFO - Processing file /opt/airflow/dags/dag.py for tasks to queue
[2026-08-11T23:24:32.064+0000] {logging_mixin.py:151} INFO - [2026-08-11T23:24:32.063+0000] {dagbag.py:536} INFO - Filling up the DagBag from /opt/airflow/dags/dag.py
[2026-08-11T23:24:32.068+0000] {logging_mixin.py:151} INFO - [2026-08-11T23:24:32.067+0000] {dagbag.py:346} ERROR - Failed to import: /opt/airflow/dags/dag.py
Traceback (most recent call last):
  File "/home/airflow/.local/lib/python3.8/site-packages/airflow/models/dagbag.py", line 342, in parse
    loader.exec_module(new_module)
  File "<frozen importlib._bootstrap_external>", line 839, in exec_module
  File "<frozen importlib._bootstrap_external>", line 976, in get_code
  File "<frozen importlib._bootstrap_external>", line 906, in source_to_code
  File "<frozen importlib._bootstrap>", line 219, in _call_with_frames_removed
  File "/opt/airflow/dags/dag.py", line 23
    )as dag
          ^
SyntaxError: invalid syntax
[2026-08-11T23:24:32.068+0000] {processor.py:841} WARNING - No viable dags retrieved from /opt/airflow/dags/dag.py
[2026-08-11T23:24:32.082+0000] {processor.py:179} INFO - Processing /opt/airflow/dags/dag.py took 0.029 seconds
[2026-08-11T23:25:02.422+0000] {processor.py:157} INFO - Started process (PID=4505) to work on /opt/airflow/dags/dag.py
[2026-08-11T23:25:02.422+0000] {processor.py:829} INFO - Processing file /opt/airflow/dags/dag.py for tasks to queue
[2026-08-11T23:25:02.425+0000] {logging_mixin.py:151} INFO - [2026-08-11T23:25:02.424+0000] {dagbag.py:536} INFO - Filling up the DagBag from /opt/airflow/dags/dag.py
[2026-08-11T23:25:02.428+0000] {logging_mixin.py:151} INFO - [2026-08-11T23:25:02.428+0000] {dagbag.py:346} ERROR - Failed to import: /opt/airflow/dags/dag.py
Traceback (most recent call last):
  File "/home/airflow/.local/lib/python3.8/site-packages/airflow/models/dagbag.py", line 342, in parse
    loader.exec_module(new_module)
  File "<frozen importlib._bootstrap_external>", line 839, in exec_module
  File "<frozen importlib._bootstrap_external>", line 976, in get_code
  File "<frozen importlib._bootstrap_external>", line 906, in source_to_code
  File "<frozen importlib._bootstrap>", line 219, in _call_with_frames_removed
  File "/opt/airflow/dags/dag.py", line 23
    )as dag
          ^
SyntaxError: invalid syntax
[2026-08-11T23:25:02.429+0000] {processor.py:841} WARNING - No viable dags retrieved from /opt/airflow/dags/dag.py
[2026-08-11T23:25:02.444+0000] {processor.py:179} INFO - Processing /opt/airflow/dags/dag.py took 0.027 seconds
[2026-08-11T23:25:32.803+0000] {processor.py:157} INFO - Started process (PID=4513) to work on /opt/airflow/dags/dag.py
[2026-08-11T23:25:32.803+0000] {processor.py:829} INFO - Processing file /opt/airflow/dags/dag.py for tasks to queue
[2026-08-11T23:25:32.805+0000] {logging_mixin.py:151} INFO - [2026-08-11T23:25:32.805+0000] {dagbag.py:536} INFO - Filling up the DagBag from /opt/airflow/dags/dag.py
[2026-08-11T23:25:32.809+0000] {logging_mixin.py:151} INFO - [2026-08-11T23:25:32.808+0000] {dagbag.py:346} ERROR - Failed to import: /opt/airflow/dags/dag.py
Traceback (most recent call last):
  File "/home/airflow/.local/lib/python3.8/site-packages/airflow/models/dagbag.py", line 342, in parse
    loader.exec_module(new_module)
  File "<frozen importlib._bootstrap_external>", line 839, in exec_module
  File "<frozen importlib._bootstrap_external>", line 976, in get_code
  File "<frozen importlib._bootstrap_external>", line 906, in source_to_code
  File "<frozen importlib._bootstrap>", line 219, in _call_with_frames_removed
  File "/opt/airflow/dags/dag.py", line 23
    )as dag
          ^
SyntaxError: invalid syntax
[2026-08-11T23:25:32.809+0000] {processor.py:841} WARNING - No viable dags retrieved from /opt/airflow/dags/dag.py
[2026-08-11T23:25:32.823+0000] {processor.py:179} INFO - Processing /opt/airflow/dags/dag.py took 0.024 seconds
[2026-08-11T23:26:03.189+0000] {processor.py:157} INFO - Started process (PID=4521) to work on /opt/airflow/dags/dag.py
[2026-08-11T23:26:03.189+0000] {processor.py:829} INFO - Processing file /opt/airflow/dags/dag.py for tasks to queue
[2026-08-11T23:26:03.193+0000] {logging_mixin.py:151} INFO - [2026-08-11T23:26:03.192+0000] {dagbag.py:536} INFO - Filling up the DagBag from /opt/airflow/dags/dag.py
[2026-08-11T23:26:03.197+0000] {logging_mixin.py:151} INFO - [2026-08-11T23:26:03.196+0000] {dagbag.py:346} ERROR - Failed to import: /opt/airflow/dags/dag.py
Traceback (most recent call last):
  File "/home/airflow/.local/lib/python3.8/site-packages/airflow/models/dagbag.py", line 342, in parse
    loader.exec_module(new_module)
  File "<frozen importlib._bootstrap_external>", line 839, in exec_module
  File "<frozen importlib._bootstrap_external>", line 976, in get_code
  File "<frozen importlib._bootstrap_external>", line 906, in source_to_code
  File "<frozen importlib._bootstrap>", line 219, in _call_with_frames_removed
  File "/opt/airflow/dags/dag.py", line 23
    )as dag
          ^
SyntaxError: invalid syntax
[2026-08-11T23:26:03.198+0000] {processor.py:841} WARNING - No viable dags retrieved from /opt/airflow/dags/dag.py
[2026-08-11T23:26:03.215+0000] {processor.py:179} INFO - Processing /opt/airflow/dags/dag.py took 0.033 seconds
[2026-08-11T23:26:33.526+0000] {processor.py:157} INFO - Started process (PID=4529) to work on /opt/airflow/dags/dag.py
[2026-08-11T23:26:33.527+0000] {processor.py:829} INFO - Processing file /opt/airflow/dags/dag.py for tasks to queue
[2026-08-11T23:26:33.529+0000] {logging_mixin.py:151} INFO - [2026-08-11T23:26:33.529+0000] {dagbag.py:536} INFO - Filling up the DagBag from /opt/airflow/dags/dag.py
[2026-08-11T23:26:33.533+0000] {logging_mixin.py:151} INFO - [2026-08-11T23:26:33.532+0000] {dagbag.py:346} ERROR - Failed to import: /opt/airflow/dags/dag.py
Traceback (most recent call last):
  File "/home/airflow/.local/lib/python3.8/site-packages/airflow/models/dagbag.py", line 342, in parse
    loader.exec_module(new_module)
  File "<frozen importlib._bootstrap_external>", line 839, in exec_module
  File "<frozen importlib._bootstrap_external>", line 976, in get_code
  File "<frozen importlib._bootstrap_external>", line 906, in source_to_code
  File "<frozen importlib._bootstrap>", line 219, in _call_with_frames_removed
  File "/opt/airflow/dags/dag.py", line 23
    )as dag
          ^
SyntaxError: invalid syntax
[2026-08-11T23:26:33.533+0000] {processor.py:841} WARNING - No viable dags retrieved from /opt/airflow/dags/dag.py
[2026-08-11T23:26:33.548+0000] {processor.py:179} INFO - Processing /opt/airflow/dags/dag.py took 0.024 seconds
[2026-08-11T23:27:03.884+0000] {processor.py:157} INFO - Started process (PID=4537) to work on /opt/airflow/dags/dag.py
[2026-08-11T23:27:03.885+0000] {processor.py:829} INFO - Processing file /opt/airflow/dags/dag.py for tasks to queue
[2026-08-11T23:27:03.889+0000] {logging_mixin.py:151} INFO - [2026-08-11T23:27:03.889+0000] {dagbag.py:536} INFO - Filling up the DagBag from /opt/airflow/dags/dag.py
[2026-08-11T23:27:03.894+0000] {logging_mixin.py:151} INFO - [2026-08-11T23:27:03.893+0000] {dagbag.py:346} ERROR - Failed to import: /opt/airflow/dags/dag.py
Traceback (most recent call last):
  File "/home/airflow/.local/lib/python3.8/site-packages/airflow/models/dagbag.py", line 342, in parse
    loader.exec_module(new_module)
  File "<frozen importlib._bootstrap_external>", line 839, in exec_module
  File "<frozen importlib._bootstrap_external>", line 976, in get_code
  File "<frozen importlib._bootstrap_external>", line 906, in source_to_code
  File "<frozen importlib._bootstrap>", line 219, in _call_with_frames_removed
  File "/opt/airflow/dags/dag.py", line 23
    )as dag
          ^
SyntaxError: invalid syntax
[2026-08-11T23:27:03.895+0000] {processor.py:841} WARNING - No viable dags retrieved from /opt/airflow/dags/dag.py
[2026-08-11T23:27:03.910+0000] {processor.py:179} INFO - Processing /opt/airflow/dags/dag.py took 0.031 seconds
[2026-08-11T23:27:34.267+0000] {processor.py:157} INFO - Started process (PID=4545) to work on /opt/airflow/dags/dag.py
[2026-08-11T23:27:34.268+0000] {processor.py:829} INFO - Processing file /opt/airflow/dags/dag.py for tasks to queue
[2026-08-11T23:27:34.269+0000] {logging_mixin.py:151} INFO - [2026-08-11T23:27:34.269+0000] {dagbag.py:536} INFO - Filling up the DagBag from /opt/airflow/dags/dag.py
[2026-08-11T23:27:34.273+0000] {logging_mixin.py:151} INFO - [2026-08-11T23:27:34.272+0000] {dagbag.py:346} ERROR - Failed to import: /opt/airflow/dags/dag.py
Traceback (most recent call last):
  File "/home/airflow/.local/lib/python3.8/site-packages/airflow/models/dagbag.py", line 342, in parse
    loader.exec_module(new_module)
  File "<frozen importlib._bootstrap_external>", line 839, in exec_module
  File "<frozen importlib._bootstrap_external>", line 976, in get_code
  File "<frozen importlib._bootstrap_external>", line 906, in source_to_code
  File "<frozen importlib._bootstrap>", line 219, in _call_with_frames_removed
  File "/opt/airflow/dags/dag.py", line 23
    )as dag
          ^
SyntaxError: invalid syntax
[2026-08-11T23:27:34.273+0000] {processor.py:841} WARNING - No viable dags retrieved from /opt/airflow/dags/dag.py
[2026-08-11T23:27:34.286+0000] {processor.py:179} INFO - Processing /opt/airflow/dags/dag.py took 0.023 seconds
[2026-08-11T23:28:04.631+0000] {processor.py:157} INFO - Started process (PID=4553) to work on /opt/airflow/dags/dag.py
[2026-08-11T23:28:04.631+0000] {processor.py:829} INFO - Processing file /opt/airflow/dags/dag.py for tasks to queue
[2026-08-11T23:28:04.633+0000] {logging_mixin.py:151} INFO - [2026-08-11T23:28:04.633+0000] {dagbag.py:536} INFO - Filling up the DagBag from /opt/airflow/dags/dag.py
[2026-08-11T23:28:04.636+0000] {logging_mixin.py:151} INFO - [2026-08-11T23:28:04.636+0000] {dagbag.py:346} ERROR - Failed to import: /opt/airflow/dags/dag.py
Traceback (most recent call last):
  File "/home/airflow/.local/lib/python3.8/site-packages/airflow/models/dagbag.py", line 342, in parse
    loader.exec_module(new_module)
  File "<frozen importlib._bootstrap_external>", line 839, in exec_module
  File "<frozen importlib._bootstrap_external>", line 976, in get_code
  File "<frozen importlib._bootstrap_external>", line 906, in source_to_code
  File "<frozen importlib._bootstrap>", line 219, in _call_with_frames_removed
  File "/opt/airflow/dags/dag.py", line 23
    )as dag
          ^
SyntaxError: invalid syntax
[2026-08-11T23:28:04.636+0000] {processor.py:841} WARNING - No viable dags retrieved from /opt/airflow/dags/dag.py
[2026-08-11T23:28:04.649+0000] {processor.py:179} INFO - Processing /opt/airflow/dags/dag.py took 0.022 seconds
[2026-08-11T23:28:34.978+0000] {processor.py:157} INFO - Started process (PID=4561) to work on /opt/airflow/dags/dag.py
[2026-08-11T23:28:34.979+0000] {processor.py:829} INFO - Processing file /opt/airflow/dags/dag.py for tasks to queue
[2026-08-11T23:28:34.980+0000] {logging_mixin.py:151} INFO - [2026-08-11T23:28:34.980+0000] {dagbag.py:536} INFO - Filling up the DagBag from /opt/airflow/dags/dag.py
[2026-08-11T23:28:34.985+0000] {logging_mixin.py:151} INFO - [2026-08-11T23:28:34.984+0000] {dagbag.py:346} ERROR - Failed to import: /opt/airflow/dags/dag.py
Traceback (most recent call last):
  File "/home/airflow/.local/lib/python3.8/site-packages/airflow/models/dagbag.py", line 342, in parse
    loader.exec_module(new_module)
  File "<frozen importlib._bootstrap_external>", line 839, in exec_module
  File "<frozen importlib._bootstrap_external>", line 976, in get_code
  File "<frozen importlib._bootstrap_external>", line 906, in source_to_code
  File "<frozen importlib._bootstrap>", line 219, in _call_with_frames_removed
  File "/opt/airflow/dags/dag.py", line 23
    )as dag
          ^
SyntaxError: invalid syntax
[2026-08-11T23:28:34.985+0000] {processor.py:841} WARNING - No viable dags retrieved from /opt/airflow/dags/dag.py
[2026-08-11T23:28:34.996+0000] {processor.py:179} INFO - Processing /opt/airflow/dags/dag.py took 0.022 seconds
[2026-08-11T23:29:05.361+0000] {processor.py:157} INFO - Started process (PID=4569) to work on /opt/airflow/dags/dag.py
[2026-08-11T23:29:05.362+0000] {processor.py:829} INFO - Processing file /opt/airflow/dags/dag.py for tasks to queue
[2026-08-11T23:29:05.365+0000] {logging_mixin.py:151} INFO - [2026-08-11T23:29:05.364+0000] {dagbag.py:536} INFO - Filling up the DagBag from /opt/airflow/dags/dag.py
[2026-08-11T23:29:05.369+0000] {logging_mixin.py:151} INFO - [2026-08-11T23:29:05.368+0000] {dagbag.py:346} ERROR - Failed to import: /opt/airflow/dags/dag.py
Traceback (most recent call last):
  File "/home/airflow/.local/lib/python3.8/site-packages/airflow/models/dagbag.py", line 342, in parse
    loader.exec_module(new_module)
  File "<frozen importlib._bootstrap_external>", line 839, in exec_module
  File "<frozen importlib._bootstrap_external>", line 976, in get_code
  File "<frozen importlib._bootstrap_external>", line 906, in source_to_code
  File "<frozen importlib._bootstrap>", line 219, in _call_with_frames_removed
  File "/opt/airflow/dags/dag.py", line 23
    )as dag
          ^
SyntaxError: invalid syntax
[2026-08-11T23:29:05.369+0000] {processor.py:841} WARNING - No viable dags retrieved from /opt/airflow/dags/dag.py
[2026-08-11T23:29:05.384+0000] {processor.py:179} INFO - Processing /opt/airflow/dags/dag.py took 0.028 seconds
[2026-08-11T23:29:35.749+0000] {processor.py:157} INFO - Started process (PID=4577) to work on /opt/airflow/dags/dag.py
[2026-08-11T23:29:35.749+0000] {processor.py:829} INFO - Processing file /opt/airflow/dags/dag.py for tasks to queue
[2026-08-11T23:29:35.752+0000] {logging_mixin.py:151} INFO - [2026-08-11T23:29:35.751+0000] {dagbag.py:536} INFO - Filling up the DagBag from /opt/airflow/dags/dag.py
[2026-08-11T23:29:35.755+0000] {logging_mixin.py:151} INFO - [2026-08-11T23:29:35.754+0000] {dagbag.py:346} ERROR - Failed to import: /opt/airflow/dags/dag.py
Traceback (most recent call last):
  File "/home/airflow/.local/lib/python3.8/site-packages/airflow/models/dagbag.py", line 342, in parse
    loader.exec_module(new_module)
  File "<frozen importlib._bootstrap_external>", line 839, in exec_module
  File "<frozen importlib._bootstrap_external>", line 976, in get_code
  File "<frozen importlib._bootstrap_external>", line 906, in source_to_code
  File "<frozen importlib._bootstrap>", line 219, in _call_with_frames_removed
  File "/opt/airflow/dags/dag.py", line 23
    )as dag
          ^
SyntaxError: invalid syntax
[2026-08-11T23:29:35.756+0000] {processor.py:841} WARNING - No viable dags retrieved from /opt/airflow/dags/dag.py
[2026-08-11T23:29:35.771+0000] {processor.py:179} INFO - Processing /opt/airflow/dags/dag.py took 0.027 seconds
[2026-08-11T23:30:06.103+0000] {processor.py:157} INFO - Started process (PID=4585) to work on /opt/airflow/dags/dag.py
[2026-08-11T23:30:06.104+0000] {processor.py:829} INFO - Processing file /opt/airflow/dags/dag.py for tasks to queue
[2026-08-11T23:30:06.106+0000] {logging_mixin.py:151} INFO - [2026-08-11T23:30:06.106+0000] {dagbag.py:536} INFO - Filling up the DagBag from /opt/airflow/dags/dag.py
[2026-08-11T23:30:06.110+0000] {logging_mixin.py:151} INFO - [2026-08-11T23:30:06.109+0000] {dagbag.py:346} ERROR - Failed to import: /opt/airflow/dags/dag.py
Traceback (most recent call last):
  File "/home/airflow/.local/lib/python3.8/site-packages/airflow/models/dagbag.py", line 342, in parse
    loader.exec_module(new_module)
  File "<frozen importlib._bootstrap_external>", line 839, in exec_module
  File "<frozen importlib._bootstrap_external>", line 976, in get_code
  File "<frozen importlib._bootstrap_external>", line 906, in source_to_code
  File "<frozen importlib._bootstrap>", line 219, in _call_with_frames_removed
  File "/opt/airflow/dags/dag.py", line 23
    )as dag
          ^
SyntaxError: invalid syntax
[2026-08-11T23:30:06.110+0000] {processor.py:841} WARNING - No viable dags retrieved from /opt/airflow/dags/dag.py
[2026-08-11T23:30:06.125+0000] {processor.py:179} INFO - Processing /opt/airflow/dags/dag.py took 0.026 seconds
[2026-08-11T23:30:36.477+0000] {processor.py:157} INFO - Started process (PID=4593) to work on /opt/airflow/dags/dag.py
[2026-08-11T23:30:36.478+0000] {processor.py:829} INFO - Processing file /opt/airflow/dags/dag.py for tasks to queue
[2026-08-11T23:30:36.480+0000] {logging_mixin.py:151} INFO - [2026-08-11T23:30:36.480+0000] {dagbag.py:536} INFO - Filling up the DagBag from /opt/airflow/dags/dag.py
[2026-08-11T23:30:36.483+0000] {logging_mixin.py:151} INFO - [2026-08-11T23:30:36.483+0000] {dagbag.py:346} ERROR - Failed to import: /opt/airflow/dags/dag.py
Traceback (most recent call last):
  File "/home/airflow/.local/lib/python3.8/site-packages/airflow/models/dagbag.py", line 342, in parse
    loader.exec_module(new_module)
  File "<frozen importlib._bootstrap_external>", line 839, in exec_module
  File "<frozen importlib._bootstrap_external>", line 976, in get_code
  File "<frozen importlib._bootstrap_external>", line 906, in source_to_code
  File "<frozen importlib._bootstrap>", line 219, in _call_with_frames_removed
  File "/opt/airflow/dags/dag.py", line 23
    )as dag
          ^
SyntaxError: invalid syntax
[2026-08-11T23:30:36.484+0000] {processor.py:841} WARNING - No viable dags retrieved from /opt/airflow/dags/dag.py
[2026-08-11T23:30:36.494+0000] {processor.py:179} INFO - Processing /opt/airflow/dags/dag.py took 0.021 seconds
[2026-08-11T23:31:06.865+0000] {processor.py:157} INFO - Started process (PID=4601) to work on /opt/airflow/dags/dag.py
[2026-08-11T23:31:06.866+0000] {processor.py:829} INFO - Processing file /opt/airflow/dags/dag.py for tasks to queue
[2026-08-11T23:31:06.868+0000] {logging_mixin.py:151} INFO - [2026-08-11T23:31:06.868+0000] {dagbag.py:536} INFO - Filling up the DagBag from /opt/airflow/dags/dag.py
[2026-08-11T23:31:06.872+0000] {logging_mixin.py:151} INFO - [2026-08-11T23:31:06.871+0000] {dagbag.py:346} ERROR - Failed to import: /opt/airflow/dags/dag.py
Traceback (most recent call last):
  File "/home/airflow/.local/lib/python3.8/site-packages/airflow/models/dagbag.py", line 342, in parse
    loader.exec_module(new_module)
  File "<frozen importlib._bootstrap_external>", line 839, in exec_module
  File "<frozen importlib._bootstrap_external>", line 976, in get_code
  File "<frozen importlib._bootstrap_external>", line 906, in source_to_code
  File "<frozen importlib._bootstrap>", line 219, in _call_with_frames_removed
  File "/opt/airflow/dags/dag.py", line 23
    )as dag
          ^
SyntaxError: invalid syntax
[2026-08-11T23:31:06.872+0000] {processor.py:841} WARNING - No viable dags retrieved from /opt/airflow/dags/dag.py
[2026-08-11T23:31:06.885+0000] {processor.py:179} INFO - Processing /opt/airflow/dags/dag.py took 0.027 seconds
[2026-08-11T23:31:37.198+0000] {processor.py:157} INFO - Started process (PID=4609) to work on /opt/airflow/dags/dag.py
[2026-08-11T23:31:37.199+0000] {processor.py:829} INFO - Processing file /opt/airflow/dags/dag.py for tasks to queue
[2026-08-11T23:31:37.201+0000] {logging_mixin.py:151} INFO - [2026-08-11T23:31:37.201+0000] {dagbag.py:536} INFO - Filling up the DagBag from /opt/airflow/dags/dag.py
[2026-08-11T23:31:37.205+0000] {logging_mixin.py:151} INFO - [2026-08-11T23:31:37.204+0000] {dagbag.py:346} ERROR - Failed to import: /opt/airflow/dags/dag.py
Traceback (most recent call last):
  File "/home/airflow/.local/lib/python3.8/site-packages/airflow/models/dagbag.py", line 342, in parse
    loader.exec_module(new_module)
  File "<frozen importlib._bootstrap_external>", line 839, in exec_module
  File "<frozen importlib._bootstrap_external>", line 976, in get_code
  File "<frozen importlib._bootstrap_external>", line 906, in source_to_code
  File "<frozen importlib._bootstrap>", line 219, in _call_with_frames_removed
  File "/opt/airflow/dags/dag.py", line 23
    )as dag
          ^
SyntaxError: invalid syntax
[2026-08-11T23:31:37.205+0000] {processor.py:841} WARNING - No viable dags retrieved from /opt/airflow/dags/dag.py
[2026-08-11T23:31:37.220+0000] {processor.py:179} INFO - Processing /opt/airflow/dags/dag.py took 0.024 seconds
[2026-08-11T23:32:07.579+0000] {processor.py:157} INFO - Started process (PID=4617) to work on /opt/airflow/dags/dag.py
[2026-08-11T23:32:07.580+0000] {processor.py:829} INFO - Processing file /opt/airflow/dags/dag.py for tasks to queue
[2026-08-11T23:32:07.582+0000] {logging_mixin.py:151} INFO - [2026-08-11T23:32:07.582+0000] {dagbag.py:536} INFO - Filling up the DagBag from /opt/airflow/dags/dag.py
[2026-08-11T23:32:07.586+0000] {logging_mixin.py:151} INFO - [2026-08-11T23:32:07.585+0000] {dagbag.py:346} ERROR - Failed to import: /opt/airflow/dags/dag.py
Traceback (most recent call last):
  File "/home/airflow/.local/lib/python3.8/site-packages/airflow/models/dagbag.py", line 342, in parse
    loader.exec_module(new_module)
  File "<frozen importlib._bootstrap_external>", line 839, in exec_module
  File "<frozen importlib._bootstrap_external>", line 976, in get_code
  File "<frozen importlib._bootstrap_external>", line 906, in source_to_code
  File "<frozen importlib._bootstrap>", line 219, in _call_with_frames_removed
  File "/opt/airflow/dags/dag.py", line 23
    )as dag
          ^
SyntaxError: invalid syntax
[2026-08-11T23:32:07.586+0000] {processor.py:841} WARNING - No viable dags retrieved from /opt/airflow/dags/dag.py
[2026-08-11T23:32:07.600+0000] {processor.py:179} INFO - Processing /opt/airflow/dags/dag.py took 0.025 seconds
[2026-08-11T23:32:37.886+0000] {processor.py:157} INFO - Started process (PID=4625) to work on /opt/airflow/dags/dag.py
[2026-08-11T23:32:37.886+0000] {processor.py:829} INFO - Processing file /opt/airflow/dags/dag.py for tasks to queue
[2026-08-11T23:32:37.888+0000] {logging_mixin.py:151} INFO - [2026-08-11T23:32:37.888+0000] {dagbag.py:536} INFO - Filling up the DagBag from /opt/airflow/dags/dag.py
[2026-08-11T23:32:37.890+0000] {logging_mixin.py:151} INFO - [2026-08-11T23:32:37.890+0000] {dagbag.py:346} ERROR - Failed to import: /opt/airflow/dags/dag.py
Traceback (most recent call last):
  File "/home/airflow/.local/lib/python3.8/site-packages/airflow/models/dagbag.py", line 342, in parse
    loader.exec_module(new_module)
  File "<frozen importlib._bootstrap_external>", line 839, in exec_module
  File "<frozen importlib._bootstrap_external>", line 976, in get_code
  File "<frozen importlib._bootstrap_external>", line 906, in source_to_code
  File "<frozen importlib._bootstrap>", line 219, in _call_with_frames_removed
  File "/opt/airflow/dags/dag.py", line 23
    )as dag
          ^
SyntaxError: invalid syntax
[2026-08-11T23:32:37.890+0000] {processor.py:841} WARNING - No viable dags retrieved from /opt/airflow/dags/dag.py
[2026-08-11T23:32:37.899+0000] {processor.py:179} INFO - Processing /opt/airflow/dags/dag.py took 0.015 seconds
[2026-08-11T23:33:08.204+0000] {processor.py:157} INFO - Started process (PID=4633) to work on /opt/airflow/dags/dag.py
[2026-08-11T23:33:08.205+0000] {processor.py:829} INFO - Processing file /opt/airflow/dags/dag.py for tasks to queue
[2026-08-11T23:33:08.207+0000] {logging_mixin.py:151} INFO - [2026-08-11T23:33:08.207+0000] {dagbag.py:536} INFO - Filling up the DagBag from /opt/airflow/dags/dag.py
[2026-08-11T23:33:08.210+0000] {logging_mixin.py:151} INFO - [2026-08-11T23:33:08.209+0000] {dagbag.py:346} ERROR - Failed to import: /opt/airflow/dags/dag.py
Traceback (most recent call last):
  File "/home/airflow/.local/lib/python3.8/site-packages/airflow/models/dagbag.py", line 342, in parse
    loader.exec_module(new_module)
  File "<frozen importlib._bootstrap_external>", line 839, in exec_module
  File "<frozen importlib._bootstrap_external>", line 976, in get_code
  File "<frozen importlib._bootstrap_external>", line 906, in source_to_code
  File "<frozen importlib._bootstrap>", line 219, in _call_with_frames_removed
  File "/opt/airflow/dags/dag.py", line 23
    )as dag
          ^
SyntaxError: invalid syntax
[2026-08-11T23:33:08.211+0000] {processor.py:841} WARNING - No viable dags retrieved from /opt/airflow/dags/dag.py
[2026-08-11T23:33:08.223+0000] {processor.py:179} INFO - Processing /opt/airflow/dags/dag.py took 0.022 seconds
[2026-08-11T23:33:38.486+0000] {processor.py:157} INFO - Started process (PID=4641) to work on /opt/airflow/dags/dag.py
[2026-08-11T23:33:38.487+0000] {processor.py:829} INFO - Processing file /opt/airflow/dags/dag.py for tasks to queue
[2026-08-11T23:33:38.490+0000] {logging_mixin.py:151} INFO - [2026-08-11T23:33:38.489+0000] {dagbag.py:536} INFO - Filling up the DagBag from /opt/airflow/dags/dag.py
[2026-08-11T23:33:38.494+0000] {logging_mixin.py:151} INFO - [2026-08-11T23:33:38.493+0000] {dagbag.py:346} ERROR - Failed to import: /opt/airflow/dags/dag.py
Traceback (most recent call last):
  File "/home/airflow/.local/lib/python3.8/site-packages/airflow/models/dagbag.py", line 342, in parse
    loader.exec_module(new_module)
  File "<frozen importlib._bootstrap_external>", line 839, in exec_module
  File "<frozen importlib._bootstrap_external>", line 976, in get_code
  File "<frozen importlib._bootstrap_external>", line 906, in source_to_code
  File "<frozen importlib._bootstrap>", line 219, in _call_with_frames_removed
  File "/opt/airflow/dags/dag.py", line 23
    )as dag
          ^
SyntaxError: invalid syntax
[2026-08-11T23:33:38.497+0000] {processor.py:841} WARNING - No viable dags retrieved from /opt/airflow/dags/dag.py
[2026-08-11T23:33:38.512+0000] {processor.py:179} INFO - Processing /opt/airflow/dags/dag.py took 0.030 seconds
[2026-08-11T23:34:08.807+0000] {processor.py:157} INFO - Started process (PID=4649) to work on /opt/airflow/dags/dag.py
[2026-08-11T23:34:08.808+0000] {processor.py:829} INFO - Processing file /opt/airflow/dags/dag.py for tasks to queue
[2026-08-11T23:34:08.812+0000] {logging_mixin.py:151} INFO - [2026-08-11T23:34:08.811+0000] {dagbag.py:536} INFO - Filling up the DagBag from /opt/airflow/dags/dag.py
[2026-08-11T23:34:08.817+0000] {logging_mixin.py:151} INFO - [2026-08-11T23:34:08.815+0000] {dagbag.py:346} ERROR - Failed to import: /opt/airflow/dags/dag.py
Traceback (most recent call last):
  File "/home/airflow/.local/lib/python3.8/site-packages/airflow/models/dagbag.py", line 342, in parse
    loader.exec_module(new_module)
  File "<frozen importlib._bootstrap_external>", line 839, in exec_module
  File "<frozen importlib._bootstrap_external>", line 976, in get_code
  File "<frozen importlib._bootstrap_external>", line 906, in source_to_code
  File "<frozen importlib._bootstrap>", line 219, in _call_with_frames_removed
  File "/opt/airflow/dags/dag.py", line 23
    )as dag
          ^
SyntaxError: invalid syntax
[2026-08-11T23:34:08.817+0000] {processor.py:841} WARNING - No viable dags retrieved from /opt/airflow/dags/dag.py
[2026-08-11T23:34:08.834+0000] {processor.py:179} INFO - Processing /opt/airflow/dags/dag.py took 0.031 seconds
[2026-08-11T23:34:39.127+0000] {processor.py:157} INFO - Started process (PID=4657) to work on /opt/airflow/dags/dag.py
[2026-08-11T23:34:39.128+0000] {processor.py:829} INFO - Processing file /opt/airflow/dags/dag.py for tasks to queue
[2026-08-11T23:34:39.130+0000] {logging_mixin.py:151} INFO - [2026-08-11T23:34:39.130+0000] {dagbag.py:536} INFO - Filling up the DagBag from /opt/airflow/dags/dag.py
[2026-08-11T23:34:39.133+0000] {logging_mixin.py:151} INFO - [2026-08-11T23:34:39.133+0000] {dagbag.py:346} ERROR - Failed to import: /opt/airflow/dags/dag.py
Traceback (most recent call last):
  File "/home/airflow/.local/lib/python3.8/site-packages/airflow/models/dagbag.py", line 342, in parse
    loader.exec_module(new_module)
  File "<frozen importlib._bootstrap_external>", line 839, in exec_module
  File "<frozen importlib._bootstrap_external>", line 976, in get_code
  File "<frozen importlib._bootstrap_external>", line 906, in source_to_code
  File "<frozen importlib._bootstrap>", line 219, in _call_with_frames_removed
  File "/opt/airflow/dags/dag.py", line 23
    )as dag
          ^
SyntaxError: invalid syntax
[2026-08-11T23:34:39.134+0000] {processor.py:841} WARNING - No viable dags retrieved from /opt/airflow/dags/dag.py
[2026-08-11T23:34:39.145+0000] {processor.py:179} INFO - Processing /opt/airflow/dags/dag.py took 0.022 seconds
[2026-08-11T23:35:09.443+0000] {processor.py:157} INFO - Started process (PID=4665) to work on /opt/airflow/dags/dag.py
[2026-08-11T23:35:09.444+0000] {processor.py:829} INFO - Processing file /opt/airflow/dags/dag.py for tasks to queue
[2026-08-11T23:35:09.446+0000] {logging_mixin.py:151} INFO - [2026-08-11T23:35:09.446+0000] {dagbag.py:536} INFO - Filling up the DagBag from /opt/airflow/dags/dag.py
[2026-08-11T23:35:09.449+0000] {logging_mixin.py:151} INFO - [2026-08-11T23:35:09.449+0000] {dagbag.py:346} ERROR - Failed to import: /opt/airflow/dags/dag.py
Traceback (most recent call last):
  File "/home/airflow/.local/lib/python3.8/site-packages/airflow/models/dagbag.py", line 342, in parse
    loader.exec_module(new_module)
  File "<frozen importlib._bootstrap_external>", line 839, in exec_module
  File "<frozen importlib._bootstrap_external>", line 976, in get_code
  File "<frozen importlib._bootstrap_external>", line 906, in source_to_code
  File "<frozen importlib._bootstrap>", line 219, in _call_with_frames_removed
  File "/opt/airflow/dags/dag.py", line 23
    )as dag
          ^
SyntaxError: invalid syntax
[2026-08-11T23:35:09.450+0000] {processor.py:841} WARNING - No viable dags retrieved from /opt/airflow/dags/dag.py
[2026-08-11T23:35:09.462+0000] {processor.py:179} INFO - Processing /opt/airflow/dags/dag.py took 0.025 seconds
[2026-08-11T23:35:39.724+0000] {processor.py:157} INFO - Started process (PID=4673) to work on /opt/airflow/dags/dag.py
[2026-08-11T23:35:39.724+0000] {processor.py:829} INFO - Processing file /opt/airflow/dags/dag.py for tasks to queue
[2026-08-11T23:35:39.726+0000] {logging_mixin.py:151} INFO - [2026-08-11T23:35:39.726+0000] {dagbag.py:536} INFO - Filling up the DagBag from /opt/airflow/dags/dag.py
[2026-08-11T23:35:39.729+0000] {logging_mixin.py:151} INFO - [2026-08-11T23:35:39.729+0000] {dagbag.py:346} ERROR - Failed to import: /opt/airflow/dags/dag.py
Traceback (most recent call last):
  File "/home/airflow/.local/lib/python3.8/site-packages/airflow/models/dagbag.py", line 342, in parse
    loader.exec_module(new_module)
  File "<frozen importlib._bootstrap_external>", line 839, in exec_module
  File "<frozen importlib._bootstrap_external>", line 976, in get_code
  File "<frozen importlib._bootstrap_external>", line 906, in source_to_code
  File "<frozen importlib._bootstrap>", line 219, in _call_with_frames_removed
  File "/opt/airflow/dags/dag.py", line 23
    )as dag
          ^
SyntaxError: invalid syntax
[2026-08-11T23:35:39.730+0000] {processor.py:841} WARNING - No viable dags retrieved from /opt/airflow/dags/dag.py
[2026-08-11T23:35:39.743+0000] {processor.py:179} INFO - Processing /opt/airflow/dags/dag.py took 0.022 seconds
[2026-08-11T23:36:10.017+0000] {processor.py:157} INFO - Started process (PID=4681) to work on /opt/airflow/dags/dag.py
[2026-08-11T23:36:10.019+0000] {processor.py:829} INFO - Processing file /opt/airflow/dags/dag.py for tasks to queue
[2026-08-11T23:36:10.022+0000] {logging_mixin.py:151} INFO - [2026-08-11T23:36:10.021+0000] {dagbag.py:536} INFO - Filling up the DagBag from /opt/airflow/dags/dag.py
[2026-08-11T23:36:10.025+0000] {logging_mixin.py:151} INFO - [2026-08-11T23:36:10.024+0000] {dagbag.py:346} ERROR - Failed to import: /opt/airflow/dags/dag.py
Traceback (most recent call last):
  File "/home/airflow/.local/lib/python3.8/site-packages/airflow/models/dagbag.py", line 342, in parse
    loader.exec_module(new_module)
  File "<frozen importlib._bootstrap_external>", line 839, in exec_module
  File "<frozen importlib._bootstrap_external>", line 976, in get_code
  File "<frozen importlib._bootstrap_external>", line 906, in source_to_code
  File "<frozen importlib._bootstrap>", line 219, in _call_with_frames_removed
  File "/opt/airflow/dags/dag.py", line 23
    )as dag
          ^
SyntaxError: invalid syntax
[2026-08-11T23:36:10.026+0000] {processor.py:841} WARNING - No viable dags retrieved from /opt/airflow/dags/dag.py
[2026-08-11T23:36:10.039+0000] {processor.py:179} INFO - Processing /opt/airflow/dags/dag.py took 0.025 seconds
[2026-08-11T23:36:40.332+0000] {processor.py:157} INFO - Started process (PID=4689) to work on /opt/airflow/dags/dag.py
[2026-08-11T23:36:40.333+0000] {processor.py:829} INFO - Processing file /opt/airflow/dags/dag.py for tasks to queue
[2026-08-11T23:36:40.339+0000] {logging_mixin.py:151} INFO - [2026-08-11T23:36:40.338+0000] {dagbag.py:536} INFO - Filling up the DagBag from /opt/airflow/dags/dag.py
[2026-08-11T23:36:40.345+0000] {logging_mixin.py:151} INFO - [2026-08-11T23:36:40.343+0000] {dagbag.py:346} ERROR - Failed to import: /opt/airflow/dags/dag.py
Traceback (most recent call last):
  File "/home/airflow/.local/lib/python3.8/site-packages/airflow/models/dagbag.py", line 342, in parse
    loader.exec_module(new_module)
  File "<frozen importlib._bootstrap_external>", line 839, in exec_module
  File "<frozen importlib._bootstrap_external>", line 976, in get_code
  File "<frozen importlib._bootstrap_external>", line 906, in source_to_code
  File "<frozen importlib._bootstrap>", line 219, in _call_with_frames_removed
  File "/opt/airflow/dags/dag.py", line 23
    )as dag
          ^
SyntaxError: invalid syntax
[2026-08-11T23:36:40.345+0000] {processor.py:841} WARNING - No viable dags retrieved from /opt/airflow/dags/dag.py
[2026-08-11T23:36:40.363+0000] {processor.py:179} INFO - Processing /opt/airflow/dags/dag.py took 0.036 seconds
[2026-08-11T23:37:10.641+0000] {processor.py:157} INFO - Started process (PID=4697) to work on /opt/airflow/dags/dag.py
[2026-08-11T23:37:10.641+0000] {processor.py:829} INFO - Processing file /opt/airflow/dags/dag.py for tasks to queue
[2026-08-11T23:37:10.643+0000] {logging_mixin.py:151} INFO - [2026-08-11T23:37:10.642+0000] {dagbag.py:536} INFO - Filling up the DagBag from /opt/airflow/dags/dag.py
[2026-08-11T23:37:10.645+0000] {logging_mixin.py:151} INFO - [2026-08-11T23:37:10.645+0000] {dagbag.py:346} ERROR - Failed to import: /opt/airflow/dags/dag.py
Traceback (most recent call last):
  File "/home/airflow/.local/lib/python3.8/site-packages/airflow/models/dagbag.py", line 342, in parse
    loader.exec_module(new_module)
  File "<frozen importlib._bootstrap_external>", line 839, in exec_module
  File "<frozen importlib._bootstrap_external>", line 976, in get_code
  File "<frozen importlib._bootstrap_external>", line 906, in source_to_code
  File "<frozen importlib._bootstrap>", line 219, in _call_with_frames_removed
  File "/opt/airflow/dags/dag.py", line 23
    )as dag
          ^
SyntaxError: invalid syntax
[2026-08-11T23:37:10.646+0000] {processor.py:841} WARNING - No viable dags retrieved from /opt/airflow/dags/dag.py
[2026-08-11T23:37:10.659+0000] {processor.py:179} INFO - Processing /opt/airflow/dags/dag.py took 0.022 seconds
[2026-08-11T23:37:40.928+0000] {processor.py:157} INFO - Started process (PID=4705) to work on /opt/airflow/dags/dag.py
[2026-08-11T23:37:40.928+0000] {processor.py:829} INFO - Processing file /opt/airflow/dags/dag.py for tasks to queue
[2026-08-11T23:37:40.930+0000] {logging_mixin.py:151} INFO - [2026-08-11T23:37:40.929+0000] {dagbag.py:536} INFO - Filling up the DagBag from /opt/airflow/dags/dag.py
[2026-08-11T23:37:40.932+0000] {logging_mixin.py:151} INFO - [2026-08-11T23:37:40.932+0000] {dagbag.py:346} ERROR - Failed to import: /opt/airflow/dags/dag.py
Traceback (most recent call last):
  File "/home/airflow/.local/lib/python3.8/site-packages/airflow/models/dagbag.py", line 342, in parse
    loader.exec_module(new_module)
  File "<frozen importlib._bootstrap_external>", line 839, in exec_module
  File "<frozen importlib._bootstrap_external>", line 976, in get_code
  File "<frozen importlib._bootstrap_external>", line 906, in source_to_code
  File "<frozen importlib._bootstrap>", line 219, in _call_with_frames_removed
  File "/opt/airflow/dags/dag.py", line 23
    )as dag
          ^
SyntaxError: invalid syntax
[2026-08-11T23:37:40.932+0000] {processor.py:841} WARNING - No viable dags retrieved from /opt/airflow/dags/dag.py
[2026-08-11T23:37:40.945+0000] {processor.py:179} INFO - Processing /opt/airflow/dags/dag.py took 0.019 seconds
[2026-08-11T23:38:11.310+0000] {processor.py:157} INFO - Started process (PID=4713) to work on /opt/airflow/dags/dag.py
[2026-08-11T23:38:11.314+0000] {processor.py:829} INFO - Processing file /opt/airflow/dags/dag.py for tasks to queue
[2026-08-11T23:38:11.319+0000] {logging_mixin.py:151} INFO - [2026-08-11T23:38:11.319+0000] {dagbag.py:536} INFO - Filling up the DagBag from /opt/airflow/dags/dag.py
[2026-08-11T23:38:11.325+0000] {logging_mixin.py:151} INFO - [2026-08-11T23:38:11.323+0000] {dagbag.py:346} ERROR - Failed to import: /opt/airflow/dags/dag.py
Traceback (most recent call last):
  File "/home/airflow/.local/lib/python3.8/site-packages/airflow/models/dagbag.py", line 342, in parse
    loader.exec_module(new_module)
  File "<frozen importlib._bootstrap_external>", line 839, in exec_module
  File "<frozen importlib._bootstrap_external>", line 976, in get_code
  File "<frozen importlib._bootstrap_external>", line 906, in source_to_code
  File "<frozen importlib._bootstrap>", line 219, in _call_with_frames_removed
  File "/opt/airflow/dags/dag.py", line 23
    )as dag
          ^
SyntaxError: invalid syntax
[2026-08-11T23:38:11.325+0000] {processor.py:841} WARNING - No viable dags retrieved from /opt/airflow/dags/dag.py
[2026-08-11T23:38:11.342+0000] {processor.py:179} INFO - Processing /opt/airflow/dags/dag.py took 0.038 seconds
[2026-08-11T23:38:41.622+0000] {processor.py:157} INFO - Started process (PID=4721) to work on /opt/airflow/dags/dag.py
[2026-08-11T23:38:41.623+0000] {processor.py:829} INFO - Processing file /opt/airflow/dags/dag.py for tasks to queue
[2026-08-11T23:38:41.625+0000] {logging_mixin.py:151} INFO - [2026-08-11T23:38:41.625+0000] {dagbag.py:536} INFO - Filling up the DagBag from /opt/airflow/dags/dag.py
[2026-08-11T23:38:41.630+0000] {logging_mixin.py:151} INFO - [2026-08-11T23:38:41.629+0000] {dagbag.py:346} ERROR - Failed to import: /opt/airflow/dags/dag.py
Traceback (most recent call last):
  File "/home/airflow/.local/lib/python3.8/site-packages/airflow/models/dagbag.py", line 342, in parse
    loader.exec_module(new_module)
  File "<frozen importlib._bootstrap_external>", line 839, in exec_module
  File "<frozen importlib._bootstrap_external>", line 976, in get_code
  File "<frozen importlib._bootstrap_external>", line 906, in source_to_code
  File "<frozen importlib._bootstrap>", line 219, in _call_with_frames_removed
  File "/opt/airflow/dags/dag.py", line 23
    )as dag
          ^
SyntaxError: invalid syntax
[2026-08-11T23:38:41.631+0000] {processor.py:841} WARNING - No viable dags retrieved from /opt/airflow/dags/dag.py
[2026-08-11T23:38:41.646+0000] {processor.py:179} INFO - Processing /opt/airflow/dags/dag.py took 0.027 seconds
[2026-08-11T23:39:11.815+0000] {processor.py:157} INFO - Started process (PID=4735) to work on /opt/airflow/dags/dag.py
[2026-08-11T23:39:11.815+0000] {processor.py:829} INFO - Processing file /opt/airflow/dags/dag.py for tasks to queue
[2026-08-11T23:39:11.818+0000] {logging_mixin.py:151} INFO - [2026-08-11T23:39:11.818+0000] {dagbag.py:536} INFO - Filling up the DagBag from /opt/airflow/dags/dag.py
[2026-08-11T23:39:11.821+0000] {logging_mixin.py:151} INFO - [2026-08-11T23:39:11.820+0000] {dagbag.py:346} ERROR - Failed to import: /opt/airflow/dags/dag.py
Traceback (most recent call last):
  File "/home/airflow/.local/lib/python3.8/site-packages/airflow/models/dagbag.py", line 342, in parse
    loader.exec_module(new_module)
  File "<frozen importlib._bootstrap_external>", line 839, in exec_module
  File "<frozen importlib._bootstrap_external>", line 976, in get_code
  File "<frozen importlib._bootstrap_external>", line 906, in source_to_code
  File "<frozen importlib._bootstrap>", line 219, in _call_with_frames_removed
  File "/opt/airflow/dags/dag.py", line 23
    )as dag
          ^
SyntaxError: invalid syntax
[2026-08-11T23:39:11.821+0000] {processor.py:841} WARNING - No viable dags retrieved from /opt/airflow/dags/dag.py
[2026-08-11T23:39:11.831+0000] {processor.py:179} INFO - Processing /opt/airflow/dags/dag.py took 0.019 seconds
[2026-08-11T23:39:42.074+0000] {processor.py:157} INFO - Started process (PID=4743) to work on /opt/airflow/dags/dag.py
[2026-08-11T23:39:42.074+0000] {processor.py:829} INFO - Processing file /opt/airflow/dags/dag.py for tasks to queue
[2026-08-11T23:39:42.077+0000] {logging_mixin.py:151} INFO - [2026-08-11T23:39:42.077+0000] {dagbag.py:536} INFO - Filling up the DagBag from /opt/airflow/dags/dag.py
[2026-08-11T23:39:42.081+0000] {logging_mixin.py:151} INFO - [2026-08-11T23:39:42.080+0000] {dagbag.py:346} ERROR - Failed to import: /opt/airflow/dags/dag.py
Traceback (most recent call last):
  File "/home/airflow/.local/lib/python3.8/site-packages/airflow/models/dagbag.py", line 342, in parse
    loader.exec_module(new_module)
  File "<frozen importlib._bootstrap_external>", line 839, in exec_module
  File "<frozen importlib._bootstrap_external>", line 976, in get_code
  File "<frozen importlib._bootstrap_external>", line 906, in source_to_code
  File "<frozen importlib._bootstrap>", line 219, in _call_with_frames_removed
  File "/opt/airflow/dags/dag.py", line 23
    )as dag
          ^
SyntaxError: invalid syntax
[2026-08-11T23:39:42.081+0000] {processor.py:841} WARNING - No viable dags retrieved from /opt/airflow/dags/dag.py
[2026-08-11T23:39:42.095+0000] {processor.py:179} INFO - Processing /opt/airflow/dags/dag.py took 0.025 seconds
[2026-08-11T23:40:12.404+0000] {processor.py:157} INFO - Started process (PID=4751) to work on /opt/airflow/dags/dag.py
[2026-08-11T23:40:12.406+0000] {processor.py:829} INFO - Processing file /opt/airflow/dags/dag.py for tasks to queue
[2026-08-11T23:40:12.409+0000] {logging_mixin.py:151} INFO - [2026-08-11T23:40:12.408+0000] {dagbag.py:536} INFO - Filling up the DagBag from /opt/airflow/dags/dag.py
[2026-08-11T23:40:12.420+0000] {logging_mixin.py:151} INFO - [2026-08-11T23:40:12.419+0000] {dagbag.py:346} ERROR - Failed to import: /opt/airflow/dags/dag.py
Traceback (most recent call last):
  File "/home/airflow/.local/lib/python3.8/site-packages/airflow/models/dagbag.py", line 342, in parse
    loader.exec_module(new_module)
  File "<frozen importlib._bootstrap_external>", line 839, in exec_module
  File "<frozen importlib._bootstrap_external>", line 976, in get_code
  File "<frozen importlib._bootstrap_external>", line 906, in source_to_code
  File "<frozen importlib._bootstrap>", line 219, in _call_with_frames_removed
  File "/opt/airflow/dags/dag.py", line 23
    )as dag
          ^
SyntaxError: invalid syntax
[2026-08-11T23:40:12.420+0000] {processor.py:841} WARNING - No viable dags retrieved from /opt/airflow/dags/dag.py
[2026-08-11T23:40:12.436+0000] {processor.py:179} INFO - Processing /opt/airflow/dags/dag.py took 0.038 seconds
[2026-08-11T23:40:42.720+0000] {processor.py:157} INFO - Started process (PID=4759) to work on /opt/airflow/dags/dag.py
[2026-08-11T23:40:42.721+0000] {processor.py:829} INFO - Processing file /opt/airflow/dags/dag.py for tasks to queue
[2026-08-11T23:40:42.723+0000] {logging_mixin.py:151} INFO - [2026-08-11T23:40:42.723+0000] {dagbag.py:536} INFO - Filling up the DagBag from /opt/airflow/dags/dag.py
[2026-08-11T23:40:42.727+0000] {logging_mixin.py:151} INFO - [2026-08-11T23:40:42.726+0000] {dagbag.py:346} ERROR - Failed to import: /opt/airflow/dags/dag.py
Traceback (most recent call last):
  File "/home/airflow/.local/lib/python3.8/site-packages/airflow/models/dagbag.py", line 342, in parse
    loader.exec_module(new_module)
  File "<frozen importlib._bootstrap_external>", line 839, in exec_module
  File "<frozen importlib._bootstrap_external>", line 976, in get_code
  File "<frozen importlib._bootstrap_external>", line 906, in source_to_code
  File "<frozen importlib._bootstrap>", line 219, in _call_with_frames_removed
  File "/opt/airflow/dags/dag.py", line 23
    )as dag
          ^
SyntaxError: invalid syntax
[2026-08-11T23:40:42.727+0000] {processor.py:841} WARNING - No viable dags retrieved from /opt/airflow/dags/dag.py
[2026-08-11T23:40:42.742+0000] {processor.py:179} INFO - Processing /opt/airflow/dags/dag.py took 0.026 seconds
[2026-08-11T23:41:13.032+0000] {processor.py:157} INFO - Started process (PID=4767) to work on /opt/airflow/dags/dag.py
[2026-08-11T23:41:13.032+0000] {processor.py:829} INFO - Processing file /opt/airflow/dags/dag.py for tasks to queue
[2026-08-11T23:41:13.035+0000] {logging_mixin.py:151} INFO - [2026-08-11T23:41:13.035+0000] {dagbag.py:536} INFO - Filling up the DagBag from /opt/airflow/dags/dag.py
[2026-08-11T23:41:13.039+0000] {logging_mixin.py:151} INFO - [2026-08-11T23:41:13.038+0000] {dagbag.py:346} ERROR - Failed to import: /opt/airflow/dags/dag.py
Traceback (most recent call last):
  File "/home/airflow/.local/lib/python3.8/site-packages/airflow/models/dagbag.py", line 342, in parse
    loader.exec_module(new_module)
  File "<frozen importlib._bootstrap_external>", line 839, in exec_module
  File "<frozen importlib._bootstrap_external>", line 976, in get_code
  File "<frozen importlib._bootstrap_external>", line 906, in source_to_code
  File "<frozen importlib._bootstrap>", line 219, in _call_with_frames_removed
  File "/opt/airflow/dags/dag.py", line 23
    )as dag
          ^
SyntaxError: invalid syntax
[2026-08-11T23:41:13.039+0000] {processor.py:841} WARNING - No viable dags retrieved from /opt/airflow/dags/dag.py
[2026-08-11T23:41:13.051+0000] {processor.py:179} INFO - Processing /opt/airflow/dags/dag.py took 0.022 seconds
[2026-08-11T23:41:43.340+0000] {processor.py:157} INFO - Started process (PID=4775) to work on /opt/airflow/dags/dag.py
[2026-08-11T23:41:43.341+0000] {processor.py:829} INFO - Processing file /opt/airflow/dags/dag.py for tasks to queue
[2026-08-11T23:41:43.342+0000] {logging_mixin.py:151} INFO - [2026-08-11T23:41:43.342+0000] {dagbag.py:536} INFO - Filling up the DagBag from /opt/airflow/dags/dag.py
[2026-08-11T23:41:43.344+0000] {logging_mixin.py:151} INFO - [2026-08-11T23:41:43.343+0000] {dagbag.py:346} ERROR - Failed to import: /opt/airflow/dags/dag.py
Traceback (most recent call last):
  File "/home/airflow/.local/lib/python3.8/site-packages/airflow/models/dagbag.py", line 342, in parse
    loader.exec_module(new_module)
  File "<frozen importlib._bootstrap_external>", line 839, in exec_module
  File "<frozen importlib._bootstrap_external>", line 976, in get_code
  File "<frozen importlib._bootstrap_external>", line 906, in source_to_code
  File "<frozen importlib._bootstrap>", line 219, in _call_with_frames_removed
  File "/opt/airflow/dags/dag.py", line 23
    )as dag
          ^
SyntaxError: invalid syntax
[2026-08-11T23:41:43.344+0000] {processor.py:841} WARNING - No viable dags retrieved from /opt/airflow/dags/dag.py
[2026-08-11T23:41:43.352+0000] {processor.py:179} INFO - Processing /opt/airflow/dags/dag.py took 0.013 seconds
[2026-08-11T23:42:13.656+0000] {processor.py:157} INFO - Started process (PID=4783) to work on /opt/airflow/dags/dag.py
[2026-08-11T23:42:13.657+0000] {processor.py:829} INFO - Processing file /opt/airflow/dags/dag.py for tasks to queue
[2026-08-11T23:42:13.659+0000] {logging_mixin.py:151} INFO - [2026-08-11T23:42:13.659+0000] {dagbag.py:536} INFO - Filling up the DagBag from /opt/airflow/dags/dag.py
[2026-08-11T23:42:13.663+0000] {logging_mixin.py:151} INFO - [2026-08-11T23:42:13.662+0000] {dagbag.py:346} ERROR - Failed to import: /opt/airflow/dags/dag.py
Traceback (most recent call last):
  File "/home/airflow/.local/lib/python3.8/site-packages/airflow/models/dagbag.py", line 342, in parse
    loader.exec_module(new_module)
  File "<frozen importlib._bootstrap_external>", line 839, in exec_module
  File "<frozen importlib._bootstrap_external>", line 976, in get_code
  File "<frozen importlib._bootstrap_external>", line 906, in source_to_code
  File "<frozen importlib._bootstrap>", line 219, in _call_with_frames_removed
  File "/opt/airflow/dags/dag.py", line 23
    )as dag
          ^
SyntaxError: invalid syntax
[2026-08-11T23:42:13.663+0000] {processor.py:841} WARNING - No viable dags retrieved from /opt/airflow/dags/dag.py
[2026-08-11T23:42:13.677+0000] {processor.py:179} INFO - Processing /opt/airflow/dags/dag.py took 0.026 seconds
[2026-08-11T23:42:43.940+0000] {processor.py:157} INFO - Started process (PID=4791) to work on /opt/airflow/dags/dag.py
[2026-08-11T23:42:43.941+0000] {processor.py:829} INFO - Processing file /opt/airflow/dags/dag.py for tasks to queue
[2026-08-11T23:42:43.945+0000] {logging_mixin.py:151} INFO - [2026-08-11T23:42:43.944+0000] {dagbag.py:536} INFO - Filling up the DagBag from /opt/airflow/dags/dag.py
[2026-08-11T23:42:43.950+0000] {logging_mixin.py:151} INFO - [2026-08-11T23:42:43.949+0000] {dagbag.py:346} ERROR - Failed to import: /opt/airflow/dags/dag.py
Traceback (most recent call last):
  File "/home/airflow/.local/lib/python3.8/site-packages/airflow/models/dagbag.py", line 342, in parse
    loader.exec_module(new_module)
  File "<frozen importlib._bootstrap_external>", line 839, in exec_module
  File "<frozen importlib._bootstrap_external>", line 976, in get_code
  File "<frozen importlib._bootstrap_external>", line 906, in source_to_code
  File "<frozen importlib._bootstrap>", line 219, in _call_with_frames_removed
  File "/opt/airflow/dags/dag.py", line 23
    )as dag
          ^
SyntaxError: invalid syntax
[2026-08-11T23:42:43.950+0000] {processor.py:841} WARNING - No viable dags retrieved from /opt/airflow/dags/dag.py
[2026-08-11T23:42:43.965+0000] {processor.py:179} INFO - Processing /opt/airflow/dags/dag.py took 0.029 seconds
[2026-08-11T23:43:14.317+0000] {processor.py:157} INFO - Started process (PID=4799) to work on /opt/airflow/dags/dag.py
[2026-08-11T23:43:14.318+0000] {processor.py:829} INFO - Processing file /opt/airflow/dags/dag.py for tasks to queue
[2026-08-11T23:43:14.321+0000] {logging_mixin.py:151} INFO - [2026-08-11T23:43:14.321+0000] {dagbag.py:536} INFO - Filling up the DagBag from /opt/airflow/dags/dag.py
[2026-08-11T23:43:14.327+0000] {logging_mixin.py:151} INFO - [2026-08-11T23:43:14.326+0000] {dagbag.py:346} ERROR - Failed to import: /opt/airflow/dags/dag.py
Traceback (most recent call last):
  File "/home/airflow/.local/lib/python3.8/site-packages/airflow/models/dagbag.py", line 342, in parse
    loader.exec_module(new_module)
  File "<frozen importlib._bootstrap_external>", line 839, in exec_module
  File "<frozen importlib._bootstrap_external>", line 976, in get_code
  File "<frozen importlib._bootstrap_external>", line 906, in source_to_code
  File "<frozen importlib._bootstrap>", line 219, in _call_with_frames_removed
  File "/opt/airflow/dags/dag.py", line 23
    )as dag
          ^
SyntaxError: invalid syntax
[2026-08-11T23:43:14.327+0000] {processor.py:841} WARNING - No viable dags retrieved from /opt/airflow/dags/dag.py
[2026-08-11T23:43:14.344+0000] {processor.py:179} INFO - Processing /opt/airflow/dags/dag.py took 0.033 seconds
[2026-08-11T23:43:44.604+0000] {processor.py:157} INFO - Started process (PID=4807) to work on /opt/airflow/dags/dag.py
[2026-08-11T23:43:44.605+0000] {processor.py:829} INFO - Processing file /opt/airflow/dags/dag.py for tasks to queue
[2026-08-11T23:43:44.607+0000] {logging_mixin.py:151} INFO - [2026-08-11T23:43:44.606+0000] {dagbag.py:536} INFO - Filling up the DagBag from /opt/airflow/dags/dag.py
[2026-08-11T23:43:44.610+0000] {logging_mixin.py:151} INFO - [2026-08-11T23:43:44.610+0000] {dagbag.py:346} ERROR - Failed to import: /opt/airflow/dags/dag.py
Traceback (most recent call last):
  File "/home/airflow/.local/lib/python3.8/site-packages/airflow/models/dagbag.py", line 342, in parse
    loader.exec_module(new_module)
  File "<frozen importlib._bootstrap_external>", line 839, in exec_module
  File "<frozen importlib._bootstrap_external>", line 976, in get_code
  File "<frozen importlib._bootstrap_external>", line 906, in source_to_code
  File "<frozen importlib._bootstrap>", line 219, in _call_with_frames_removed
  File "/opt/airflow/dags/dag.py", line 23
    )as dag
          ^
SyntaxError: invalid syntax
[2026-08-11T23:43:44.611+0000] {processor.py:841} WARNING - No viable dags retrieved from /opt/airflow/dags/dag.py
[2026-08-11T23:43:44.626+0000] {processor.py:179} INFO - Processing /opt/airflow/dags/dag.py took 0.025 seconds
[2026-08-11T23:44:14.885+0000] {processor.py:157} INFO - Started process (PID=4815) to work on /opt/airflow/dags/dag.py
[2026-08-11T23:44:14.886+0000] {processor.py:829} INFO - Processing file /opt/airflow/dags/dag.py for tasks to queue
[2026-08-11T23:44:14.888+0000] {logging_mixin.py:151} INFO - [2026-08-11T23:44:14.888+0000] {dagbag.py:536} INFO - Filling up the DagBag from /opt/airflow/dags/dag.py
[2026-08-11T23:44:14.892+0000] {logging_mixin.py:151} INFO - [2026-08-11T23:44:14.891+0000] {dagbag.py:346} ERROR - Failed to import: /opt/airflow/dags/dag.py
Traceback (most recent call last):
  File "/home/airflow/.local/lib/python3.8/site-packages/airflow/models/dagbag.py", line 342, in parse
    loader.exec_module(new_module)
  File "<frozen importlib._bootstrap_external>", line 839, in exec_module
  File "<frozen importlib._bootstrap_external>", line 976, in get_code
  File "<frozen importlib._bootstrap_external>", line 906, in source_to_code
  File "<frozen importlib._bootstrap>", line 219, in _call_with_frames_removed
  File "/opt/airflow/dags/dag.py", line 23
    )as dag
          ^
SyntaxError: invalid syntax
[2026-08-11T23:44:14.892+0000] {processor.py:841} WARNING - No viable dags retrieved from /opt/airflow/dags/dag.py
[2026-08-11T23:44:14.906+0000] {processor.py:179} INFO - Processing /opt/airflow/dags/dag.py took 0.024 seconds
[2026-08-11T23:44:45.165+0000] {processor.py:157} INFO - Started process (PID=4823) to work on /opt/airflow/dags/dag.py
[2026-08-11T23:44:45.166+0000] {processor.py:829} INFO - Processing file /opt/airflow/dags/dag.py for tasks to queue
[2026-08-11T23:44:45.168+0000] {logging_mixin.py:151} INFO - [2026-08-11T23:44:45.167+0000] {dagbag.py:536} INFO - Filling up the DagBag from /opt/airflow/dags/dag.py
[2026-08-11T23:44:45.171+0000] {logging_mixin.py:151} INFO - [2026-08-11T23:44:45.170+0000] {dagbag.py:346} ERROR - Failed to import: /opt/airflow/dags/dag.py
Traceback (most recent call last):
  File "/home/airflow/.local/lib/python3.8/site-packages/airflow/models/dagbag.py", line 342, in parse
    loader.exec_module(new_module)
  File "<frozen importlib._bootstrap_external>", line 839, in exec_module
  File "<frozen importlib._bootstrap_external>", line 976, in get_code
  File "<frozen importlib._bootstrap_external>", line 906, in source_to_code
  File "<frozen importlib._bootstrap>", line 219, in _call_with_frames_removed
  File "/opt/airflow/dags/dag.py", line 23
    )as dag
          ^
SyntaxError: invalid syntax
[2026-08-11T23:44:45.171+0000] {processor.py:841} WARNING - No viable dags retrieved from /opt/airflow/dags/dag.py
[2026-08-11T23:44:45.183+0000] {processor.py:179} INFO - Processing /opt/airflow/dags/dag.py took 0.021 seconds
[2026-08-11T23:45:15.458+0000] {processor.py:157} INFO - Started process (PID=4831) to work on /opt/airflow/dags/dag.py
[2026-08-11T23:45:15.459+0000] {processor.py:829} INFO - Processing file /opt/airflow/dags/dag.py for tasks to queue
[2026-08-11T23:45:15.461+0000] {logging_mixin.py:151} INFO - [2026-08-11T23:45:15.461+0000] {dagbag.py:536} INFO - Filling up the DagBag from /opt/airflow/dags/dag.py
[2026-08-11T23:45:15.465+0000] {logging_mixin.py:151} INFO - [2026-08-11T23:45:15.464+0000] {dagbag.py:346} ERROR - Failed to import: /opt/airflow/dags/dag.py
Traceback (most recent call last):
  File "/home/airflow/.local/lib/python3.8/site-packages/airflow/models/dagbag.py", line 342, in parse
    loader.exec_module(new_module)
  File "<frozen importlib._bootstrap_external>", line 839, in exec_module
  File "<frozen importlib._bootstrap_external>", line 976, in get_code
  File "<frozen importlib._bootstrap_external>", line 906, in source_to_code
  File "<frozen importlib._bootstrap>", line 219, in _call_with_frames_removed
  File "/opt/airflow/dags/dag.py", line 23
    )as dag
          ^
SyntaxError: invalid syntax
[2026-08-11T23:45:15.466+0000] {processor.py:841} WARNING - No viable dags retrieved from /opt/airflow/dags/dag.py
[2026-08-11T23:45:15.478+0000] {processor.py:179} INFO - Processing /opt/airflow/dags/dag.py took 0.024 seconds
[2026-08-11T23:45:45.716+0000] {processor.py:157} INFO - Started process (PID=4839) to work on /opt/airflow/dags/dag.py
[2026-08-11T23:45:45.717+0000] {processor.py:829} INFO - Processing file /opt/airflow/dags/dag.py for tasks to queue
[2026-08-11T23:45:45.718+0000] {logging_mixin.py:151} INFO - [2026-08-11T23:45:45.718+0000] {dagbag.py:536} INFO - Filling up the DagBag from /opt/airflow/dags/dag.py
[2026-08-11T23:45:45.721+0000] {logging_mixin.py:151} INFO - [2026-08-11T23:45:45.720+0000] {dagbag.py:346} ERROR - Failed to import: /opt/airflow/dags/dag.py
Traceback (most recent call last):
  File "/home/airflow/.local/lib/python3.8/site-packages/airflow/models/dagbag.py", line 342, in parse
    loader.exec_module(new_module)
  File "<frozen importlib._bootstrap_external>", line 839, in exec_module
  File "<frozen importlib._bootstrap_external>", line 976, in get_code
  File "<frozen importlib._bootstrap_external>", line 906, in source_to_code
  File "<frozen importlib._bootstrap>", line 219, in _call_with_frames_removed
  File "/opt/airflow/dags/dag.py", line 23
    )as dag
          ^
SyntaxError: invalid syntax
[2026-08-11T23:45:45.721+0000] {processor.py:841} WARNING - No viable dags retrieved from /opt/airflow/dags/dag.py
[2026-08-11T23:45:45.732+0000] {processor.py:179} INFO - Processing /opt/airflow/dags/dag.py took 0.018 seconds
[2026-08-11T23:46:16.008+0000] {processor.py:157} INFO - Started process (PID=4847) to work on /opt/airflow/dags/dag.py
[2026-08-11T23:46:16.008+0000] {processor.py:829} INFO - Processing file /opt/airflow/dags/dag.py for tasks to queue
[2026-08-11T23:46:16.012+0000] {logging_mixin.py:151} INFO - [2026-08-11T23:46:16.012+0000] {dagbag.py:536} INFO - Filling up the DagBag from /opt/airflow/dags/dag.py
[2026-08-11T23:46:16.016+0000] {logging_mixin.py:151} INFO - [2026-08-11T23:46:16.015+0000] {dagbag.py:346} ERROR - Failed to import: /opt/airflow/dags/dag.py
Traceback (most recent call last):
  File "/home/airflow/.local/lib/python3.8/site-packages/airflow/models/dagbag.py", line 342, in parse
    loader.exec_module(new_module)
  File "<frozen importlib._bootstrap_external>", line 839, in exec_module
  File "<frozen importlib._bootstrap_external>", line 976, in get_code
  File "<frozen importlib._bootstrap_external>", line 906, in source_to_code
  File "<frozen importlib._bootstrap>", line 219, in _call_with_frames_removed
  File "/opt/airflow/dags/dag.py", line 23
    )as dag
          ^
SyntaxError: invalid syntax
[2026-08-11T23:46:16.017+0000] {processor.py:841} WARNING - No viable dags retrieved from /opt/airflow/dags/dag.py
[2026-08-11T23:46:16.031+0000] {processor.py:179} INFO - Processing /opt/airflow/dags/dag.py took 0.028 seconds
[2026-08-11T23:46:46.259+0000] {processor.py:157} INFO - Started process (PID=4855) to work on /opt/airflow/dags/dag.py
[2026-08-11T23:46:46.260+0000] {processor.py:829} INFO - Processing file /opt/airflow/dags/dag.py for tasks to queue
[2026-08-11T23:46:46.262+0000] {logging_mixin.py:151} INFO - [2026-08-11T23:46:46.262+0000] {dagbag.py:536} INFO - Filling up the DagBag from /opt/airflow/dags/dag.py
[2026-08-11T23:46:46.266+0000] {logging_mixin.py:151} INFO - [2026-08-11T23:46:46.265+0000] {dagbag.py:346} ERROR - Failed to import: /opt/airflow/dags/dag.py
Traceback (most recent call last):
  File "/home/airflow/.local/lib/python3.8/site-packages/airflow/models/dagbag.py", line 342, in parse
    loader.exec_module(new_module)
  File "<frozen importlib._bootstrap_external>", line 839, in exec_module
  File "<frozen importlib._bootstrap_external>", line 976, in get_code
  File "<frozen importlib._bootstrap_external>", line 906, in source_to_code
  File "<frozen importlib._bootstrap>", line 219, in _call_with_frames_removed
  File "/opt/airflow/dags/dag.py", line 23
    )as dag
          ^
SyntaxError: invalid syntax
[2026-08-11T23:46:46.266+0000] {processor.py:841} WARNING - No viable dags retrieved from /opt/airflow/dags/dag.py
[2026-08-11T23:46:46.286+0000] {processor.py:179} INFO - Processing /opt/airflow/dags/dag.py took 0.030 seconds
[2026-08-11T23:47:16.645+0000] {processor.py:157} INFO - Started process (PID=4863) to work on /opt/airflow/dags/dag.py
[2026-08-11T23:47:16.646+0000] {processor.py:829} INFO - Processing file /opt/airflow/dags/dag.py for tasks to queue
[2026-08-11T23:47:16.650+0000] {logging_mixin.py:151} INFO - [2026-08-11T23:47:16.650+0000] {dagbag.py:536} INFO - Filling up the DagBag from /opt/airflow/dags/dag.py
[2026-08-11T23:47:16.655+0000] {logging_mixin.py:151} INFO - [2026-08-11T23:47:16.654+0000] {dagbag.py:346} ERROR - Failed to import: /opt/airflow/dags/dag.py
Traceback (most recent call last):
  File "/home/airflow/.local/lib/python3.8/site-packages/airflow/models/dagbag.py", line 342, in parse
    loader.exec_module(new_module)
  File "<frozen importlib._bootstrap_external>", line 839, in exec_module
  File "<frozen importlib._bootstrap_external>", line 976, in get_code
  File "<frozen importlib._bootstrap_external>", line 906, in source_to_code
  File "<frozen importlib._bootstrap>", line 219, in _call_with_frames_removed
  File "/opt/airflow/dags/dag.py", line 23
    )as dag
          ^
SyntaxError: invalid syntax
[2026-08-11T23:47:16.655+0000] {processor.py:841} WARNING - No viable dags retrieved from /opt/airflow/dags/dag.py
[2026-08-11T23:47:16.674+0000] {processor.py:179} INFO - Processing /opt/airflow/dags/dag.py took 0.036 seconds
[2026-08-11T23:47:46.934+0000] {processor.py:157} INFO - Started process (PID=4871) to work on /opt/airflow/dags/dag.py
[2026-08-11T23:47:46.935+0000] {processor.py:829} INFO - Processing file /opt/airflow/dags/dag.py for tasks to queue
[2026-08-11T23:47:46.936+0000] {logging_mixin.py:151} INFO - [2026-08-11T23:47:46.936+0000] {dagbag.py:536} INFO - Filling up the DagBag from /opt/airflow/dags/dag.py
[2026-08-11T23:47:46.940+0000] {logging_mixin.py:151} INFO - [2026-08-11T23:47:46.939+0000] {dagbag.py:346} ERROR - Failed to import: /opt/airflow/dags/dag.py
Traceback (most recent call last):
  File "/home/airflow/.local/lib/python3.8/site-packages/airflow/models/dagbag.py", line 342, in parse
    loader.exec_module(new_module)
  File "<frozen importlib._bootstrap_external>", line 839, in exec_module
  File "<frozen importlib._bootstrap_external>", line 976, in get_code
  File "<frozen importlib._bootstrap_external>", line 906, in source_to_code
  File "<frozen importlib._bootstrap>", line 219, in _call_with_frames_removed
  File "/opt/airflow/dags/dag.py", line 23
    )as dag
          ^
SyntaxError: invalid syntax
[2026-08-11T23:47:46.940+0000] {processor.py:841} WARNING - No viable dags retrieved from /opt/airflow/dags/dag.py
[2026-08-11T23:47:46.953+0000] {processor.py:179} INFO - Processing /opt/airflow/dags/dag.py took 0.023 seconds
[2026-08-11T23:48:17.275+0000] {processor.py:157} INFO - Started process (PID=4879) to work on /opt/airflow/dags/dag.py
[2026-08-11T23:48:17.277+0000] {processor.py:829} INFO - Processing file /opt/airflow/dags/dag.py for tasks to queue
[2026-08-11T23:48:17.280+0000] {logging_mixin.py:151} INFO - [2026-08-11T23:48:17.279+0000] {dagbag.py:536} INFO - Filling up the DagBag from /opt/airflow/dags/dag.py
[2026-08-11T23:48:17.284+0000] {logging_mixin.py:151} INFO - [2026-08-11T23:48:17.283+0000] {dagbag.py:346} ERROR - Failed to import: /opt/airflow/dags/dag.py
Traceback (most recent call last):
  File "/home/airflow/.local/lib/python3.8/site-packages/airflow/models/dagbag.py", line 342, in parse
    loader.exec_module(new_module)
  File "<frozen importlib._bootstrap_external>", line 839, in exec_module
  File "<frozen importlib._bootstrap_external>", line 976, in get_code
  File "<frozen importlib._bootstrap_external>", line 906, in source_to_code
  File "<frozen importlib._bootstrap>", line 219, in _call_with_frames_removed
  File "/opt/airflow/dags/dag.py", line 23
    )as dag
          ^
SyntaxError: invalid syntax
[2026-08-11T23:48:17.284+0000] {processor.py:841} WARNING - No viable dags retrieved from /opt/airflow/dags/dag.py
[2026-08-11T23:48:17.300+0000] {processor.py:179} INFO - Processing /opt/airflow/dags/dag.py took 0.029 seconds
[2026-08-11T23:48:47.589+0000] {processor.py:157} INFO - Started process (PID=4887) to work on /opt/airflow/dags/dag.py
[2026-08-11T23:48:47.589+0000] {processor.py:829} INFO - Processing file /opt/airflow/dags/dag.py for tasks to queue
[2026-08-11T23:48:47.590+0000] {logging_mixin.py:151} INFO - [2026-08-11T23:48:47.590+0000] {dagbag.py:536} INFO - Filling up the DagBag from /opt/airflow/dags/dag.py
[2026-08-11T23:48:47.592+0000] {logging_mixin.py:151} INFO - [2026-08-11T23:48:47.592+0000] {dagbag.py:346} ERROR - Failed to import: /opt/airflow/dags/dag.py
Traceback (most recent call last):
  File "/home/airflow/.local/lib/python3.8/site-packages/airflow/models/dagbag.py", line 342, in parse
    loader.exec_module(new_module)
  File "<frozen importlib._bootstrap_external>", line 839, in exec_module
  File "<frozen importlib._bootstrap_external>", line 976, in get_code
  File "<frozen importlib._bootstrap_external>", line 906, in source_to_code
  File "<frozen importlib._bootstrap>", line 219, in _call_with_frames_removed
  File "/opt/airflow/dags/dag.py", line 23
    )as dag
          ^
SyntaxError: invalid syntax
[2026-08-11T23:48:47.592+0000] {processor.py:841} WARNING - No viable dags retrieved from /opt/airflow/dags/dag.py
[2026-08-11T23:48:47.606+0000] {processor.py:179} INFO - Processing /opt/airflow/dags/dag.py took 0.019 seconds
[2026-08-11T23:49:17.820+0000] {processor.py:157} INFO - Started process (PID=4895) to work on /opt/airflow/dags/dag.py
[2026-08-11T23:49:17.821+0000] {processor.py:829} INFO - Processing file /opt/airflow/dags/dag.py for tasks to queue
[2026-08-11T23:49:17.824+0000] {logging_mixin.py:151} INFO - [2026-08-11T23:49:17.824+0000] {dagbag.py:536} INFO - Filling up the DagBag from /opt/airflow/dags/dag.py
[2026-08-11T23:49:17.829+0000] {logging_mixin.py:151} INFO - [2026-08-11T23:49:17.828+0000] {dagbag.py:346} ERROR - Failed to import: /opt/airflow/dags/dag.py
Traceback (most recent call last):
  File "/home/airflow/.local/lib/python3.8/site-packages/airflow/models/dagbag.py", line 342, in parse
    loader.exec_module(new_module)
  File "<frozen importlib._bootstrap_external>", line 839, in exec_module
  File "<frozen importlib._bootstrap_external>", line 976, in get_code
  File "<frozen importlib._bootstrap_external>", line 906, in source_to_code
  File "<frozen importlib._bootstrap>", line 219, in _call_with_frames_removed
  File "/opt/airflow/dags/dag.py", line 23
    )as dag
          ^
SyntaxError: invalid syntax
[2026-08-11T23:49:17.829+0000] {processor.py:841} WARNING - No viable dags retrieved from /opt/airflow/dags/dag.py
[2026-08-11T23:49:17.843+0000] {processor.py:179} INFO - Processing /opt/airflow/dags/dag.py took 0.028 seconds
[2026-08-11T23:49:48.092+0000] {processor.py:157} INFO - Started process (PID=4903) to work on /opt/airflow/dags/dag.py
[2026-08-11T23:49:48.093+0000] {processor.py:829} INFO - Processing file /opt/airflow/dags/dag.py for tasks to queue
[2026-08-11T23:49:48.095+0000] {logging_mixin.py:151} INFO - [2026-08-11T23:49:48.094+0000] {dagbag.py:536} INFO - Filling up the DagBag from /opt/airflow/dags/dag.py
[2026-08-11T23:49:48.098+0000] {logging_mixin.py:151} INFO - [2026-08-11T23:49:48.098+0000] {dagbag.py:346} ERROR - Failed to import: /opt/airflow/dags/dag.py
Traceback (most recent call last):
  File "/home/airflow/.local/lib/python3.8/site-packages/airflow/models/dagbag.py", line 342, in parse
    loader.exec_module(new_module)
  File "<frozen importlib._bootstrap_external>", line 839, in exec_module
  File "<frozen importlib._bootstrap_external>", line 976, in get_code
  File "<frozen importlib._bootstrap_external>", line 906, in source_to_code
  File "<frozen importlib._bootstrap>", line 219, in _call_with_frames_removed
  File "/opt/airflow/dags/dag.py", line 23
    )as dag
          ^
SyntaxError: invalid syntax
[2026-08-11T23:49:48.099+0000] {processor.py:841} WARNING - No viable dags retrieved from /opt/airflow/dags/dag.py
[2026-08-11T23:49:48.117+0000] {processor.py:179} INFO - Processing /opt/airflow/dags/dag.py took 0.028 seconds
[2026-08-11T23:50:18.310+0000] {processor.py:157} INFO - Started process (PID=4911) to work on /opt/airflow/dags/dag.py
[2026-08-11T23:50:18.310+0000] {processor.py:829} INFO - Processing file /opt/airflow/dags/dag.py for tasks to queue
[2026-08-11T23:50:18.312+0000] {logging_mixin.py:151} INFO - [2026-08-11T23:50:18.312+0000] {dagbag.py:536} INFO - Filling up the DagBag from /opt/airflow/dags/dag.py
[2026-08-11T23:50:18.315+0000] {logging_mixin.py:151} INFO - [2026-08-11T23:50:18.314+0000] {dagbag.py:346} ERROR - Failed to import: /opt/airflow/dags/dag.py
Traceback (most recent call last):
  File "/home/airflow/.local/lib/python3.8/site-packages/airflow/models/dagbag.py", line 342, in parse
    loader.exec_module(new_module)
  File "<frozen importlib._bootstrap_external>", line 839, in exec_module
  File "<frozen importlib._bootstrap_external>", line 976, in get_code
  File "<frozen importlib._bootstrap_external>", line 906, in source_to_code
  File "<frozen importlib._bootstrap>", line 219, in _call_with_frames_removed
  File "/opt/airflow/dags/dag.py", line 23
    )as dag
          ^
SyntaxError: invalid syntax
[2026-08-11T23:50:18.315+0000] {processor.py:841} WARNING - No viable dags retrieved from /opt/airflow/dags/dag.py
[2026-08-11T23:50:18.326+0000] {processor.py:179} INFO - Processing /opt/airflow/dags/dag.py took 0.019 seconds
[2026-08-11T23:50:48.424+0000] {processor.py:157} INFO - Started process (PID=4919) to work on /opt/airflow/dags/dag.py
[2026-08-11T23:50:48.425+0000] {processor.py:829} INFO - Processing file /opt/airflow/dags/dag.py for tasks to queue
[2026-08-11T23:50:48.426+0000] {logging_mixin.py:151} INFO - [2026-08-11T23:50:48.426+0000] {dagbag.py:536} INFO - Filling up the DagBag from /opt/airflow/dags/dag.py
[2026-08-11T23:50:48.429+0000] {logging_mixin.py:151} INFO - [2026-08-11T23:50:48.428+0000] {dagbag.py:346} ERROR - Failed to import: /opt/airflow/dags/dag.py
Traceback (most recent call last):
  File "/home/airflow/.local/lib/python3.8/site-packages/airflow/models/dagbag.py", line 342, in parse
    loader.exec_module(new_module)
  File "<frozen importlib._bootstrap_external>", line 839, in exec_module
  File "<frozen importlib._bootstrap_external>", line 976, in get_code
  File "<frozen importlib._bootstrap_external>", line 906, in source_to_code
  File "<frozen importlib._bootstrap>", line 219, in _call_with_frames_removed
  File "/opt/airflow/dags/dag.py", line 23
    )as dag
          ^
SyntaxError: invalid syntax
[2026-08-11T23:50:48.429+0000] {processor.py:841} WARNING - No viable dags retrieved from /opt/airflow/dags/dag.py
[2026-08-11T23:50:48.480+0000] {processor.py:179} INFO - Processing /opt/airflow/dags/dag.py took 0.058 seconds
[2026-08-11T23:51:18.747+0000] {processor.py:157} INFO - Started process (PID=4927) to work on /opt/airflow/dags/dag.py
[2026-08-11T23:51:18.747+0000] {processor.py:829} INFO - Processing file /opt/airflow/dags/dag.py for tasks to queue
[2026-08-11T23:51:18.749+0000] {logging_mixin.py:151} INFO - [2026-08-11T23:51:18.749+0000] {dagbag.py:536} INFO - Filling up the DagBag from /opt/airflow/dags/dag.py
[2026-08-11T23:51:18.752+0000] {logging_mixin.py:151} INFO - [2026-08-11T23:51:18.751+0000] {dagbag.py:346} ERROR - Failed to import: /opt/airflow/dags/dag.py
Traceback (most recent call last):
  File "/home/airflow/.local/lib/python3.8/site-packages/airflow/models/dagbag.py", line 342, in parse
    loader.exec_module(new_module)
  File "<frozen importlib._bootstrap_external>", line 839, in exec_module
  File "<frozen importlib._bootstrap_external>", line 976, in get_code
  File "<frozen importlib._bootstrap_external>", line 906, in source_to_code
  File "<frozen importlib._bootstrap>", line 219, in _call_with_frames_removed
  File "/opt/airflow/dags/dag.py", line 23
    )as dag
          ^
SyntaxError: invalid syntax
[2026-08-11T23:51:18.752+0000] {processor.py:841} WARNING - No viable dags retrieved from /opt/airflow/dags/dag.py
[2026-08-11T23:51:18.761+0000] {processor.py:179} INFO - Processing /opt/airflow/dags/dag.py took 0.017 seconds
[2026-08-11T23:51:48.937+0000] {processor.py:157} INFO - Started process (PID=4935) to work on /opt/airflow/dags/dag.py
[2026-08-11T23:51:48.937+0000] {processor.py:829} INFO - Processing file /opt/airflow/dags/dag.py for tasks to queue
[2026-08-11T23:51:48.939+0000] {logging_mixin.py:151} INFO - [2026-08-11T23:51:48.939+0000] {dagbag.py:536} INFO - Filling up the DagBag from /opt/airflow/dags/dag.py
[2026-08-11T23:51:48.942+0000] {logging_mixin.py:151} INFO - [2026-08-11T23:51:48.941+0000] {dagbag.py:346} ERROR - Failed to import: /opt/airflow/dags/dag.py
Traceback (most recent call last):
  File "/home/airflow/.local/lib/python3.8/site-packages/airflow/models/dagbag.py", line 342, in parse
    loader.exec_module(new_module)
  File "<frozen importlib._bootstrap_external>", line 839, in exec_module
  File "<frozen importlib._bootstrap_external>", line 976, in get_code
  File "<frozen importlib._bootstrap_external>", line 906, in source_to_code
  File "<frozen importlib._bootstrap>", line 219, in _call_with_frames_removed
  File "/opt/airflow/dags/dag.py", line 23
    )as dag
          ^
SyntaxError: invalid syntax
[2026-08-11T23:51:48.942+0000] {processor.py:841} WARNING - No viable dags retrieved from /opt/airflow/dags/dag.py
[2026-08-11T23:51:48.955+0000] {processor.py:179} INFO - Processing /opt/airflow/dags/dag.py took 0.021 seconds
[2026-08-11T23:52:19.162+0000] {processor.py:157} INFO - Started process (PID=4943) to work on /opt/airflow/dags/dag.py
[2026-08-11T23:52:19.163+0000] {processor.py:829} INFO - Processing file /opt/airflow/dags/dag.py for tasks to queue
[2026-08-11T23:52:19.166+0000] {logging_mixin.py:151} INFO - [2026-08-11T23:52:19.165+0000] {dagbag.py:536} INFO - Filling up the DagBag from /opt/airflow/dags/dag.py
[2026-08-11T23:52:19.171+0000] {logging_mixin.py:151} INFO - [2026-08-11T23:52:19.171+0000] {dagbag.py:346} ERROR - Failed to import: /opt/airflow/dags/dag.py
Traceback (most recent call last):
  File "/home/airflow/.local/lib/python3.8/site-packages/airflow/models/dagbag.py", line 342, in parse
    loader.exec_module(new_module)
  File "<frozen importlib._bootstrap_external>", line 839, in exec_module
  File "<frozen importlib._bootstrap_external>", line 976, in get_code
  File "<frozen importlib._bootstrap_external>", line 906, in source_to_code
  File "<frozen importlib._bootstrap>", line 219, in _call_with_frames_removed
  File "/opt/airflow/dags/dag.py", line 23
    )as dag
          ^
SyntaxError: invalid syntax
[2026-08-11T23:52:19.172+0000] {processor.py:841} WARNING - No viable dags retrieved from /opt/airflow/dags/dag.py
[2026-08-11T23:52:19.243+0000] {processor.py:179} INFO - Processing /opt/airflow/dags/dag.py took 0.084 seconds
[2026-08-11T23:52:49.508+0000] {processor.py:157} INFO - Started process (PID=4951) to work on /opt/airflow/dags/dag.py
[2026-08-11T23:52:49.509+0000] {processor.py:829} INFO - Processing file /opt/airflow/dags/dag.py for tasks to queue
[2026-08-11T23:52:49.510+0000] {logging_mixin.py:151} INFO - [2026-08-11T23:52:49.510+0000] {dagbag.py:536} INFO - Filling up the DagBag from /opt/airflow/dags/dag.py
[2026-08-11T23:52:49.514+0000] {logging_mixin.py:151} INFO - [2026-08-11T23:52:49.514+0000] {dagbag.py:346} ERROR - Failed to import: /opt/airflow/dags/dag.py
Traceback (most recent call last):
  File "/home/airflow/.local/lib/python3.8/site-packages/airflow/models/dagbag.py", line 342, in parse
    loader.exec_module(new_module)
  File "<frozen importlib._bootstrap_external>", line 839, in exec_module
  File "<frozen importlib._bootstrap_external>", line 976, in get_code
  File "<frozen importlib._bootstrap_external>", line 906, in source_to_code
  File "<frozen importlib._bootstrap>", line 219, in _call_with_frames_removed
  File "/opt/airflow/dags/dag.py", line 23
    )as dag
          ^
SyntaxError: invalid syntax
[2026-08-11T23:52:49.515+0000] {processor.py:841} WARNING - No viable dags retrieved from /opt/airflow/dags/dag.py
[2026-08-11T23:52:49.531+0000] {processor.py:179} INFO - Processing /opt/airflow/dags/dag.py took 0.027 seconds
[2026-08-11T23:53:19.821+0000] {processor.py:157} INFO - Started process (PID=4959) to work on /opt/airflow/dags/dag.py
[2026-08-11T23:53:19.822+0000] {processor.py:829} INFO - Processing file /opt/airflow/dags/dag.py for tasks to queue
[2026-08-11T23:53:19.826+0000] {logging_mixin.py:151} INFO - [2026-08-11T23:53:19.826+0000] {dagbag.py:536} INFO - Filling up the DagBag from /opt/airflow/dags/dag.py
[2026-08-11T23:53:19.830+0000] {logging_mixin.py:151} INFO - [2026-08-11T23:53:19.829+0000] {dagbag.py:346} ERROR - Failed to import: /opt/airflow/dags/dag.py
Traceback (most recent call last):
  File "/home/airflow/.local/lib/python3.8/site-packages/airflow/models/dagbag.py", line 342, in parse
    loader.exec_module(new_module)
  File "<frozen importlib._bootstrap_external>", line 839, in exec_module
  File "<frozen importlib._bootstrap_external>", line 976, in get_code
  File "<frozen importlib._bootstrap_external>", line 906, in source_to_code
  File "<frozen importlib._bootstrap>", line 219, in _call_with_frames_removed
  File "/opt/airflow/dags/dag.py", line 23
    )as dag
          ^
SyntaxError: invalid syntax
[2026-08-11T23:53:19.831+0000] {processor.py:841} WARNING - No viable dags retrieved from /opt/airflow/dags/dag.py
[2026-08-11T23:53:19.845+0000] {processor.py:179} INFO - Processing /opt/airflow/dags/dag.py took 0.029 seconds
[2026-08-11T23:53:50.112+0000] {processor.py:157} INFO - Started process (PID=4967) to work on /opt/airflow/dags/dag.py
[2026-08-11T23:53:50.113+0000] {processor.py:829} INFO - Processing file /opt/airflow/dags/dag.py for tasks to queue
[2026-08-11T23:53:50.115+0000] {logging_mixin.py:151} INFO - [2026-08-11T23:53:50.115+0000] {dagbag.py:536} INFO - Filling up the DagBag from /opt/airflow/dags/dag.py
[2026-08-11T23:53:50.119+0000] {logging_mixin.py:151} INFO - [2026-08-11T23:53:50.118+0000] {dagbag.py:346} ERROR - Failed to import: /opt/airflow/dags/dag.py
Traceback (most recent call last):
  File "/home/airflow/.local/lib/python3.8/site-packages/airflow/models/dagbag.py", line 342, in parse
    loader.exec_module(new_module)
  File "<frozen importlib._bootstrap_external>", line 839, in exec_module
  File "<frozen importlib._bootstrap_external>", line 976, in get_code
  File "<frozen importlib._bootstrap_external>", line 906, in source_to_code
  File "<frozen importlib._bootstrap>", line 219, in _call_with_frames_removed
  File "/opt/airflow/dags/dag.py", line 23
    )as dag
          ^
SyntaxError: invalid syntax
[2026-08-11T23:53:50.119+0000] {processor.py:841} WARNING - No viable dags retrieved from /opt/airflow/dags/dag.py
[2026-08-11T23:53:50.135+0000] {processor.py:179} INFO - Processing /opt/airflow/dags/dag.py took 0.025 seconds
[2026-08-11T23:54:20.408+0000] {processor.py:157} INFO - Started process (PID=4975) to work on /opt/airflow/dags/dag.py
[2026-08-11T23:54:20.409+0000] {processor.py:829} INFO - Processing file /opt/airflow/dags/dag.py for tasks to queue
[2026-08-11T23:54:20.411+0000] {logging_mixin.py:151} INFO - [2026-08-11T23:54:20.411+0000] {dagbag.py:536} INFO - Filling up the DagBag from /opt/airflow/dags/dag.py
[2026-08-11T23:54:20.416+0000] {logging_mixin.py:151} INFO - [2026-08-11T23:54:20.415+0000] {dagbag.py:346} ERROR - Failed to import: /opt/airflow/dags/dag.py
Traceback (most recent call last):
  File "/home/airflow/.local/lib/python3.8/site-packages/airflow/models/dagbag.py", line 342, in parse
    loader.exec_module(new_module)
  File "<frozen importlib._bootstrap_external>", line 839, in exec_module
  File "<frozen importlib._bootstrap_external>", line 976, in get_code
  File "<frozen importlib._bootstrap_external>", line 906, in source_to_code
  File "<frozen importlib._bootstrap>", line 219, in _call_with_frames_removed
  File "/opt/airflow/dags/dag.py", line 23
    )as dag
          ^
SyntaxError: invalid syntax
[2026-08-11T23:54:20.416+0000] {processor.py:841} WARNING - No viable dags retrieved from /opt/airflow/dags/dag.py
[2026-08-11T23:54:20.432+0000] {processor.py:179} INFO - Processing /opt/airflow/dags/dag.py took 0.028 seconds
[2026-08-11T23:54:50.694+0000] {processor.py:157} INFO - Started process (PID=4983) to work on /opt/airflow/dags/dag.py
[2026-08-11T23:54:50.695+0000] {processor.py:829} INFO - Processing file /opt/airflow/dags/dag.py for tasks to queue
[2026-08-11T23:54:50.698+0000] {logging_mixin.py:151} INFO - [2026-08-11T23:54:50.698+0000] {dagbag.py:536} INFO - Filling up the DagBag from /opt/airflow/dags/dag.py
[2026-08-11T23:54:50.703+0000] {logging_mixin.py:151} INFO - [2026-08-11T23:54:50.702+0000] {dagbag.py:346} ERROR - Failed to import: /opt/airflow/dags/dag.py
Traceback (most recent call last):
  File "/home/airflow/.local/lib/python3.8/site-packages/airflow/models/dagbag.py", line 342, in parse
    loader.exec_module(new_module)
  File "<frozen importlib._bootstrap_external>", line 839, in exec_module
  File "<frozen importlib._bootstrap_external>", line 976, in get_code
  File "<frozen importlib._bootstrap_external>", line 906, in source_to_code
  File "<frozen importlib._bootstrap>", line 219, in _call_with_frames_removed
  File "/opt/airflow/dags/dag.py", line 23
    )as dag
          ^
SyntaxError: invalid syntax
[2026-08-11T23:54:50.703+0000] {processor.py:841} WARNING - No viable dags retrieved from /opt/airflow/dags/dag.py
[2026-08-11T23:54:50.719+0000] {processor.py:179} INFO - Processing /opt/airflow/dags/dag.py took 0.030 seconds
[2026-08-11T23:55:20.952+0000] {processor.py:157} INFO - Started process (PID=4991) to work on /opt/airflow/dags/dag.py
[2026-08-11T23:55:20.952+0000] {processor.py:829} INFO - Processing file /opt/airflow/dags/dag.py for tasks to queue
[2026-08-11T23:55:20.954+0000] {logging_mixin.py:151} INFO - [2026-08-11T23:55:20.953+0000] {dagbag.py:536} INFO - Filling up the DagBag from /opt/airflow/dags/dag.py
[2026-08-11T23:55:20.956+0000] {logging_mixin.py:151} INFO - [2026-08-11T23:55:20.956+0000] {dagbag.py:346} ERROR - Failed to import: /opt/airflow/dags/dag.py
Traceback (most recent call last):
  File "/home/airflow/.local/lib/python3.8/site-packages/airflow/models/dagbag.py", line 342, in parse
    loader.exec_module(new_module)
  File "<frozen importlib._bootstrap_external>", line 839, in exec_module
  File "<frozen importlib._bootstrap_external>", line 976, in get_code
  File "<frozen importlib._bootstrap_external>", line 906, in source_to_code
  File "<frozen importlib._bootstrap>", line 219, in _call_with_frames_removed
  File "/opt/airflow/dags/dag.py", line 23
    )as dag
          ^
SyntaxError: invalid syntax
[2026-08-11T23:55:20.957+0000] {processor.py:841} WARNING - No viable dags retrieved from /opt/airflow/dags/dag.py
[2026-08-11T23:55:20.968+0000] {processor.py:179} INFO - Processing /opt/airflow/dags/dag.py took 0.019 seconds
[2026-08-11T23:55:51.204+0000] {processor.py:157} INFO - Started process (PID=4999) to work on /opt/airflow/dags/dag.py
[2026-08-11T23:55:51.205+0000] {processor.py:829} INFO - Processing file /opt/airflow/dags/dag.py for tasks to queue
[2026-08-11T23:55:51.207+0000] {logging_mixin.py:151} INFO - [2026-08-11T23:55:51.206+0000] {dagbag.py:536} INFO - Filling up the DagBag from /opt/airflow/dags/dag.py
[2026-08-11T23:55:51.211+0000] {logging_mixin.py:151} INFO - [2026-08-11T23:55:51.210+0000] {dagbag.py:346} ERROR - Failed to import: /opt/airflow/dags/dag.py
Traceback (most recent call last):
  File "/home/airflow/.local/lib/python3.8/site-packages/airflow/models/dagbag.py", line 342, in parse
    loader.exec_module(new_module)
  File "<frozen importlib._bootstrap_external>", line 839, in exec_module
  File "<frozen importlib._bootstrap_external>", line 976, in get_code
  File "<frozen importlib._bootstrap_external>", line 906, in source_to_code
  File "<frozen importlib._bootstrap>", line 219, in _call_with_frames_removed
  File "/opt/airflow/dags/dag.py", line 23
    )as dag
          ^
SyntaxError: invalid syntax
[2026-08-11T23:55:51.211+0000] {processor.py:841} WARNING - No viable dags retrieved from /opt/airflow/dags/dag.py
[2026-08-11T23:55:51.226+0000] {processor.py:179} INFO - Processing /opt/airflow/dags/dag.py took 0.026 seconds
[2026-08-11T23:56:21.461+0000] {processor.py:157} INFO - Started process (PID=5008) to work on /opt/airflow/dags/dag.py
[2026-08-11T23:56:21.462+0000] {processor.py:829} INFO - Processing file /opt/airflow/dags/dag.py for tasks to queue
[2026-08-11T23:56:21.466+0000] {logging_mixin.py:151} INFO - [2026-08-11T23:56:21.466+0000] {dagbag.py:536} INFO - Filling up the DagBag from /opt/airflow/dags/dag.py
[2026-08-11T23:56:21.472+0000] {logging_mixin.py:151} INFO - [2026-08-11T23:56:21.471+0000] {dagbag.py:346} ERROR - Failed to import: /opt/airflow/dags/dag.py
Traceback (most recent call last):
  File "/home/airflow/.local/lib/python3.8/site-packages/airflow/models/dagbag.py", line 342, in parse
    loader.exec_module(new_module)
  File "<frozen importlib._bootstrap_external>", line 839, in exec_module
  File "<frozen importlib._bootstrap_external>", line 976, in get_code
  File "<frozen importlib._bootstrap_external>", line 906, in source_to_code
  File "<frozen importlib._bootstrap>", line 219, in _call_with_frames_removed
  File "/opt/airflow/dags/dag.py", line 23
    )as dag
          ^
SyntaxError: invalid syntax
[2026-08-11T23:56:21.472+0000] {processor.py:841} WARNING - No viable dags retrieved from /opt/airflow/dags/dag.py
[2026-08-11T23:56:21.489+0000] {processor.py:179} INFO - Processing /opt/airflow/dags/dag.py took 0.034 seconds
[2026-08-11T23:56:51.633+0000] {processor.py:157} INFO - Started process (PID=5016) to work on /opt/airflow/dags/dag.py
[2026-08-11T23:56:51.634+0000] {processor.py:829} INFO - Processing file /opt/airflow/dags/dag.py for tasks to queue
[2026-08-11T23:56:51.636+0000] {logging_mixin.py:151} INFO - [2026-08-11T23:56:51.636+0000] {dagbag.py:536} INFO - Filling up the DagBag from /opt/airflow/dags/dag.py
[2026-08-11T23:56:51.640+0000] {logging_mixin.py:151} INFO - [2026-08-11T23:56:51.639+0000] {dagbag.py:346} ERROR - Failed to import: /opt/airflow/dags/dag.py
Traceback (most recent call last):
  File "/home/airflow/.local/lib/python3.8/site-packages/airflow/models/dagbag.py", line 342, in parse
    loader.exec_module(new_module)
  File "<frozen importlib._bootstrap_external>", line 839, in exec_module
  File "<frozen importlib._bootstrap_external>", line 976, in get_code
  File "<frozen importlib._bootstrap_external>", line 906, in source_to_code
  File "<frozen importlib._bootstrap>", line 219, in _call_with_frames_removed
  File "/opt/airflow/dags/dag.py", line 23
    )as dag
          ^
SyntaxError: invalid syntax
[2026-08-11T23:56:51.640+0000] {processor.py:841} WARNING - No viable dags retrieved from /opt/airflow/dags/dag.py
[2026-08-11T23:56:51.657+0000] {processor.py:179} INFO - Processing /opt/airflow/dags/dag.py took 0.027 seconds
[2026-08-11T23:57:21.917+0000] {processor.py:157} INFO - Started process (PID=5024) to work on /opt/airflow/dags/dag.py
[2026-08-11T23:57:21.917+0000] {processor.py:829} INFO - Processing file /opt/airflow/dags/dag.py for tasks to queue
[2026-08-11T23:57:21.919+0000] {logging_mixin.py:151} INFO - [2026-08-11T23:57:21.919+0000] {dagbag.py:536} INFO - Filling up the DagBag from /opt/airflow/dags/dag.py
[2026-08-11T23:57:21.923+0000] {logging_mixin.py:151} INFO - [2026-08-11T23:57:21.922+0000] {dagbag.py:346} ERROR - Failed to import: /opt/airflow/dags/dag.py
Traceback (most recent call last):
  File "/home/airflow/.local/lib/python3.8/site-packages/airflow/models/dagbag.py", line 342, in parse
    loader.exec_module(new_module)
  File "<frozen importlib._bootstrap_external>", line 839, in exec_module
  File "<frozen importlib._bootstrap_external>", line 976, in get_code
  File "<frozen importlib._bootstrap_external>", line 906, in source_to_code
  File "<frozen importlib._bootstrap>", line 219, in _call_with_frames_removed
  File "/opt/airflow/dags/dag.py", line 23
    )as dag
          ^
SyntaxError: invalid syntax
[2026-08-11T23:57:21.923+0000] {processor.py:841} WARNING - No viable dags retrieved from /opt/airflow/dags/dag.py
[2026-08-11T23:57:21.937+0000] {processor.py:179} INFO - Processing /opt/airflow/dags/dag.py took 0.024 seconds
[2026-08-11T23:57:52.201+0000] {processor.py:157} INFO - Started process (PID=5032) to work on /opt/airflow/dags/dag.py
[2026-08-11T23:57:52.202+0000] {processor.py:829} INFO - Processing file /opt/airflow/dags/dag.py for tasks to queue
[2026-08-11T23:57:52.204+0000] {logging_mixin.py:151} INFO - [2026-08-11T23:57:52.203+0000] {dagbag.py:536} INFO - Filling up the DagBag from /opt/airflow/dags/dag.py
[2026-08-11T23:57:52.208+0000] {logging_mixin.py:151} INFO - [2026-08-11T23:57:52.207+0000] {dagbag.py:346} ERROR - Failed to import: /opt/airflow/dags/dag.py
Traceback (most recent call last):
  File "/home/airflow/.local/lib/python3.8/site-packages/airflow/models/dagbag.py", line 342, in parse
    loader.exec_module(new_module)
  File "<frozen importlib._bootstrap_external>", line 839, in exec_module
  File "<frozen importlib._bootstrap_external>", line 976, in get_code
  File "<frozen importlib._bootstrap_external>", line 906, in source_to_code
  File "<frozen importlib._bootstrap>", line 219, in _call_with_frames_removed
  File "/opt/airflow/dags/dag.py", line 23
    )as dag
          ^
SyntaxError: invalid syntax
[2026-08-11T23:57:52.208+0000] {processor.py:841} WARNING - No viable dags retrieved from /opt/airflow/dags/dag.py
[2026-08-11T23:57:52.224+0000] {processor.py:179} INFO - Processing /opt/airflow/dags/dag.py took 0.027 seconds
[2026-08-11T23:58:22.471+0000] {processor.py:157} INFO - Started process (PID=5040) to work on /opt/airflow/dags/dag.py
[2026-08-11T23:58:22.472+0000] {processor.py:829} INFO - Processing file /opt/airflow/dags/dag.py for tasks to queue
[2026-08-11T23:58:22.472+0000] {logging_mixin.py:151} INFO - [2026-08-11T23:58:22.472+0000] {dagbag.py:536} INFO - Filling up the DagBag from /opt/airflow/dags/dag.py
[2026-08-11T23:58:22.474+0000] {logging_mixin.py:151} INFO - [2026-08-11T23:58:22.474+0000] {dagbag.py:346} ERROR - Failed to import: /opt/airflow/dags/dag.py
Traceback (most recent call last):
  File "/home/airflow/.local/lib/python3.8/site-packages/airflow/models/dagbag.py", line 342, in parse
    loader.exec_module(new_module)
  File "<frozen importlib._bootstrap_external>", line 839, in exec_module
  File "<frozen importlib._bootstrap_external>", line 976, in get_code
  File "<frozen importlib._bootstrap_external>", line 906, in source_to_code
  File "<frozen importlib._bootstrap>", line 219, in _call_with_frames_removed
  File "/opt/airflow/dags/dag.py", line 23
    )as dag
          ^
SyntaxError: invalid syntax
[2026-08-11T23:58:22.475+0000] {processor.py:841} WARNING - No viable dags retrieved from /opt/airflow/dags/dag.py
[2026-08-11T23:58:22.484+0000] {processor.py:179} INFO - Processing /opt/airflow/dags/dag.py took 0.015 seconds
[2026-08-11T23:58:52.700+0000] {processor.py:157} INFO - Started process (PID=5048) to work on /opt/airflow/dags/dag.py
[2026-08-11T23:58:52.701+0000] {processor.py:829} INFO - Processing file /opt/airflow/dags/dag.py for tasks to queue
[2026-08-11T23:58:52.703+0000] {logging_mixin.py:151} INFO - [2026-08-11T23:58:52.703+0000] {dagbag.py:536} INFO - Filling up the DagBag from /opt/airflow/dags/dag.py
[2026-08-11T23:58:52.707+0000] {logging_mixin.py:151} INFO - [2026-08-11T23:58:52.706+0000] {dagbag.py:346} ERROR - Failed to import: /opt/airflow/dags/dag.py
Traceback (most recent call last):
  File "/home/airflow/.local/lib/python3.8/site-packages/airflow/models/dagbag.py", line 342, in parse
    loader.exec_module(new_module)
  File "<frozen importlib._bootstrap_external>", line 839, in exec_module
  File "<frozen importlib._bootstrap_external>", line 976, in get_code
  File "<frozen importlib._bootstrap_external>", line 906, in source_to_code
  File "<frozen importlib._bootstrap>", line 219, in _call_with_frames_removed
  File "/opt/airflow/dags/dag.py", line 23
    )as dag
          ^
SyntaxError: invalid syntax
[2026-08-11T23:58:52.707+0000] {processor.py:841} WARNING - No viable dags retrieved from /opt/airflow/dags/dag.py
[2026-08-11T23:58:52.723+0000] {processor.py:179} INFO - Processing /opt/airflow/dags/dag.py took 0.026 seconds
[2026-08-11T23:59:22.987+0000] {processor.py:157} INFO - Started process (PID=5056) to work on /opt/airflow/dags/dag.py
[2026-08-11T23:59:22.987+0000] {processor.py:829} INFO - Processing file /opt/airflow/dags/dag.py for tasks to queue
[2026-08-11T23:59:22.990+0000] {logging_mixin.py:151} INFO - [2026-08-11T23:59:22.989+0000] {dagbag.py:536} INFO - Filling up the DagBag from /opt/airflow/dags/dag.py
[2026-08-11T23:59:22.993+0000] {logging_mixin.py:151} INFO - [2026-08-11T23:59:22.993+0000] {dagbag.py:346} ERROR - Failed to import: /opt/airflow/dags/dag.py
Traceback (most recent call last):
  File "/home/airflow/.local/lib/python3.8/site-packages/airflow/models/dagbag.py", line 342, in parse
    loader.exec_module(new_module)
  File "<frozen importlib._bootstrap_external>", line 839, in exec_module
  File "<frozen importlib._bootstrap_external>", line 976, in get_code
  File "<frozen importlib._bootstrap_external>", line 906, in source_to_code
  File "<frozen importlib._bootstrap>", line 219, in _call_with_frames_removed
  File "/opt/airflow/dags/dag.py", line 23
    )as dag
          ^
SyntaxError: invalid syntax
[2026-08-11T23:59:22.994+0000] {processor.py:841} WARNING - No viable dags retrieved from /opt/airflow/dags/dag.py
[2026-08-11T23:59:23.010+0000] {processor.py:179} INFO - Processing /opt/airflow/dags/dag.py took 0.028 seconds
[2026-08-11T23:59:53.213+0000] {processor.py:157} INFO - Started process (PID=5064) to work on /opt/airflow/dags/dag.py
[2026-08-11T23:59:53.213+0000] {processor.py:829} INFO - Processing file /opt/airflow/dags/dag.py for tasks to queue
[2026-08-11T23:59:53.214+0000] {logging_mixin.py:151} INFO - [2026-08-11T23:59:53.214+0000] {dagbag.py:536} INFO - Filling up the DagBag from /opt/airflow/dags/dag.py
[2026-08-11T23:59:53.217+0000] {logging_mixin.py:151} INFO - [2026-08-11T23:59:53.216+0000] {dagbag.py:346} ERROR - Failed to import: /opt/airflow/dags/dag.py
Traceback (most recent call last):
  File "/home/airflow/.local/lib/python3.8/site-packages/airflow/models/dagbag.py", line 342, in parse
    loader.exec_module(new_module)
  File "<frozen importlib._bootstrap_external>", line 839, in exec_module
  File "<frozen importlib._bootstrap_external>", line 976, in get_code
  File "<frozen importlib._bootstrap_external>", line 906, in source_to_code
  File "<frozen importlib._bootstrap>", line 219, in _call_with_frames_removed
  File "/opt/airflow/dags/dag.py", line 23
    )as dag
          ^
SyntaxError: invalid syntax
[2026-08-11T23:59:53.217+0000] {processor.py:841} WARNING - No viable dags retrieved from /opt/airflow/dags/dag.py
[2026-08-11T23:59:53.227+0000] {processor.py:179} INFO - Processing /opt/airflow/dags/dag.py took 0.017 seconds
